name,time,value,timeout,delta_time
angle,1780512713042959242,0.006683782208710909,1,0.97771817445755
angle,1780512713071138326,0.006037568673491478,0,1.0990400314331055
angle,1780512713192314250,0.005442454945296049,1,0.009999132715165615
angle,1780512713313480001,0.004888290539383888,1,0.13117468357086182
angle,1780512713434324421,0.004372157622128725,1,0.25234153866767883
angle,1780512713470552080,0.003891360014677048,0,0.3731847107410431
angle,1780512713591258060,0.003445494687184691,1,0.009999441914260387
angle,1780512713671349071,0.00303434394299984,0,0.13070446252822876
angle,1780512713792146048,0.002661907579749823,1,0.009998868219554424
angle,1780512713913391009,0.002332384465262294,1,0.130795419216156
angle,1780512714034196531,0.002044049324467778,1,0.25204023718833923
angle,1780512714055167860,0.001795390271581709,0,0.37284591794013977
angle,1780512714176360919,0.001573364599607885,1,0.009999342262744904
angle,1780512714297182385,0.001365062082186341,1,0.1311943084001541
angle,1780512714419165477,0.001169395400211215,1,0.2520141303539276
angle,1780512714540360537,0.00098533951677382,1,0.37399718165397644
angle,1780512714661331045,0.00081192550715059,1,0.49519258737564087
angle,1780512714705981154,0.000648246554192156,0,0.6161632537841797
angle,1780512714826635074,0.000491900776978582,1,0.009999419562518597
angle,1780512714947518188,0.000340525293722749,1,0.13065427541732788
angle,1780512715068161797,0.00019332321244292,1,0.25153648853302
angle,1780512715120775172,0.000049526712246006,0,0.3721802830696106
angle,1780512715241955913,-0.000090637389803305,1,0.009999720379710197
angle,1780512715261683074,-0.000226914708036929,0,0.13117839395999908
angle,1780512715382458761,-0.000351569033227861,1,0.009998772293329239
angle,1780512715503522434,-0.000456801004474983,1,0.13077503442764282
angle,1780512715624929796,-0.000543162866961211,1,0.25184208154678345
angle,1780512715648692679,-0.000611107563599944,0,0.37324628233909607
angle,1780512715769443333,-0.000667394371703267,1,0.009998955763876438
angle,1780512715799038084,-0.000718981842510402,0,0.13080084323883057
angle,1780512715920007749,-0.000757810368668288,1,0.009999104775488377
angle,1780512715950734847,-0.000776574946939945,0,0.1309680938720703
angle,1780512716071957710,-0.000771814724430442,1,0.009998616762459278
angle,1780512716095226135,-0.000739944924134761,0,0.13122093677520752
angle,1780512716215879877,-0.000682822545059025,1,0.009999364614486694
angle,1780512716226817263,-0.000601635430939496,0,0.13071079552173615
angle,1780512716347503759,-0.000505575793795288,1,0.009999245405197144
angle,1780512716468246730,-0.000402428471716121,1,0.13068410754203796
angle,1780512716507347198,-0.000291653064778075,0,0.2514270544052124
angle,1780512716628082477,-0.00018323547556065,1,0.009999261237680912
angle,1780512716749308263,-0.000087167289166246,1,0.13073541224002838
angle,1780512716870547933,-0.000002946943595816,1,0.25196099281311035
angle,1780512716991683046,0.000069867222919129,1,0.3732006251811981
angle,1780512717112833539,0.000131658409372903,1,0.4943365156650543
angle,1780512717142145326,0.000182748277438805,0,0.6154860854148865
angle,1780512717263385871,0.000222532195039093,1,0.00999914389103651
angle,1780512717384575898,0.00025034585269168,1,0.13123966753482819
angle,1780512717505765138,0.000266334158368409,1,0.2524292767047882
angle,1780512717626590741,0.000270581163931638,1,0.373619019985199
angle,1780512717747162442,0.000263109104707837,1,0.49444442987442017
angle,1780512717867880811,0.000243879185291007,1,0.615017831325531
angle,1780512717988655418,0.000212789687793702,1,0.7357347011566162
angle,1780512718109328646,0.000169678954989649,1,0.856509268283844
angle,1780512718230024081,0.000114320326247253,1,0.9771826863288879
angle,1780512718351121003,0.0000464236291009,1,1.097877860069275
angle,1780512718471733212,-0.000034367742046015,1,1.2189750671386719
angle,1780512718592849190,-0.00012847532343585,1,1.339587926864624
angle,1780512718713525991,-0.00023639494611416,1,1.460700273513794
angle,1780512718731523091,-0.000358691177098081,0,1.5813798904418945
angle,1780512718852489781,-0.000491694023367018,1,0.009998902678489685
angle,1780512718973573123,-0.000631787988822907,1,0.13096500933170319
angle,1780512719094252111,-0.000779709487687796,1,0.25204938650131226
angle,1780512719140373853,-0.000936234544496983,0,0.372728168964386
angle,1780512719260965763,-0.001095926272682846,1,0.009998303838074207
angle,1780512719381933968,-0.001253368216566741,1,0.13059352338314056
angle,1780512719503460697,-0.00140938872937113,1,0.2515592575073242
angle,1780512719624670090,-0.001564802834764123,1,0.3730868101119995
angle,1780512719745772264,-0.001720422296784818,1,0.494294673204422
angle,1780512719866970318,-0.001877067028544843,1,0.615397036075592
angle,1780512719987656114,-0.002035557525232434,1,0.7365954518318176
angle,1780512720108525483,-0.002196720568463206,1,0.8572807312011719
angle,1780512720229172544,-0.002361406572163105,1,0.9781502485275269
angle,1780512720349829818,-0.002530476311221719,1,1.0987974405288696
angle,1780512720470491857,-0.002704816404730082,1,1.2194558382034302
angle,1780512720591117563,-0.002885336522012949,1,1.3401168584823608
angle,1780512720711744875,-0.003072990570217371,1,1.4607434272766113
angle,1780512720738212096,-0.003268756670877337,0,1.5813697576522827
angle,1780512720858879001,-0.003467722563073039,1,0.009999444708228111
angle,1780512720979835199,-0.003664997406303883,1,0.13066905736923218
angle,1780512721100566687,-0.003861613571643829,1,0.2516253590583801
angle,1780512721135336841,-0.004058598075062037,0,0.37235647439956665
angle,1780512721255758299,-0.004250751342624426,1,0.009999322704970837
angle,1780512721376205357,-0.00443284260109067,1,0.1304234117269516
angle,1780512721497222867,-0.004605828784406185,1,0.25086742639541626
angle,1780512721618461209,-0.004770616535097361,1,0.3718845248222351
angle,1780512721739773291,-0.004928070120513439,1,0.4931231439113617
angle,1780512721778010471,-0.005079012829810381,0,0.6144351959228516
angle,1780512721899182131,-0.005222850479185581,1,0.009999225847423077
angle,1780512721921851930,-0.005358954891562462,0,0.13116958737373352
angle,1780512722042584835,-0.005468111485242844,1,0.009998892433941364
angle,1780512722163793444,-0.005530969705432653,1,0.13073287904262543
angle,1780512722284534152,-0.005547859705984592,1,0.2519402801990509
angle,1780512722321338898,-0.0055188680998981,0,0.3726806640625
angle,1780512722442358466,-0.005461725406348705,1,0.009999226778745651
angle,1780512722472152968,-0.005394013598561287,0,0.13101795315742493
angle,1780512722592841733,-0.00532064400613308,1,0.009999382309615612
angle,1780512722714001739,-0.005246500950306654,1,0.13068829476833344
angle,1780512722835481200,-0.005171194672584534,1,0.2518477141857147
angle,1780512722956799919,-0.005094330292195082,1,0.3733275234699249
angle,1780512723084819189,-0.004956788849085569,1,0.501875638961792
angle,1780512723106477329,-0.004873600322753191,0,0.6226653456687927
angle,1780512723227517093,-0.004792113322764635,1,0.009997980669140816
angle,1780512723243448574,-0.004716719035059214,0,0.13103999197483063
angle,1780512723364073077,-0.004657160956412554,1,0.009999105706810951
angle,1780512723484792054,-0.004623263608664274,1,0.13066436350345612
angle,1780512723605608297,-0.004614849574863911,1,0.2513832449913025
angle,1780512723630079283,-0.004631875548511744,0,0.3721991777420044
angle,1780512723751315400,-0.0046658287756145,1,0.009998926892876625
angle,1780512723872034941,-0.004708285443484783,1,0.13123661279678345
angle,1780512723992699710,-0.004759467206895351,1,0.25195568799972534
angle,1780512724113496463,-0.004819642752408981,1,0.3726218342781067
angle,1780512724234232750,-0.004889126867055893,1,0.49341723322868347
angle,1780512724355393466,-0.004968286491930485,1,0.6141538023948669
angle,1780512724476088556,-0.005057534668594599,1,0.7353139519691467
angle,1780512724509988475,-0.00515733752399683,0,0.8560092449188232
angle,1780512724631534303,-0.005262306891381741,1,0.00999927893280983
angle,1780512724752719614,-0.005367081146687269,1,0.13154418766498566
angle,1780512724873907836,-0.005472205579280853,1,0.2527293562889099
angle,1780512724889641958,-0.005578233394771814,0,0.37391796708106995
angle,1780512725010500329,-0.005681697744876146,1,0.009999599307775497
angle,1780512725040239891,-0.0057791150175035,0,0.13085733354091644
angle,1780512725161463968,-0.005856681615114212,1,0.009999259375035763
angle,1780512725282189019,-0.005900490563362837,1,0.1312250941991806
angle,1780512725402899460,-0.00591077096760273,1,0.25194963812828064
angle,1780512725442038470,-0.005887576378881931,0,0.3726591467857361
angle,1780512725563152234,-0.005843521561473608,1,0.009999418631196022
angle,1780512725593796396,-0.005791112780570984,0,0.13111244142055511
angle,1780512725714525032,-0.005733929574489594,1,0.009999296627938747
angle,1780512725747749668,-0.005675527267158031,0,0.1307269185781479
angle,1780512725868405947,-0.005622624419629574,1,0.00999950710684061
angle,1780512725894626515,-0.005581969395279884,0,0.13065491616725922
angle,1780512726015258297,-0.005559456069022417,1,0.009998822584748268
angle,1780512726137333026,-0.005561072379350662,1,0.1306324303150177
angle,1780512726258473150,-0.005586827173829079,1,0.2527061700820923
angle,1780512726285955502,-0.00563685642555356,0,0.3738463521003723
angle,1780512726406522834,-0.005701395217329264,1,0.009999522008001804
angle,1780512726527161968,-0.005770757328718901,1,0.13056440651416779
angle,1780512726647845666,-0.005845306441187859,1,0.2512028217315674
angle,1780512726769317764,-0.005925430450588465,1,0.3718864917755127
angle,1780512726890818098,-0.006011552177369595,1,0.49335813522338867
angle,1780512727011857484,-0.006104122847318649,1,0.6148587465286255
angle,1780512727132945663,-0.006203625816851854,1,0.7358980178833008
angle,1780512727253835654,-0.006310583557933569,1,0.8569861650466919
angle,1780512727374498483,-0.006425558123737574,1,0.9778763651847839
angle,1780512727403846655,-0.006549150217324495,0,1.0985394716262817
angle,1780512727524818530,-0.006675218231976032,1,0.009999318979680538
angle,1780512727553620261,-0.00679763313382864,0,0.13097117841243744
angle,1780512727674600729,-0.006899577099829912,1,0.009999468922615051
angle,1780512727690110100,-0.006964121479541063,0,0.1309795081615448
angle,1780512727810602201,-0.006978935562074184,1,0.009999087080359459
angle,1780512727856968878,-0.006931429263204336,0,0.1304938644170761
angle,1780512727977682706,-0.006820404436439276,1,0.009999643079936504
angle,1780512728098447680,-0.006644326727837324,1,0.1307101547718048
angle,1780512728219588052,-0.006402269005775452,1,0.2514752745628357
angle,1780512728340470353,-0.006092963274568319,1,0.3726159632205963
angle,1780512728461496741,-0.005714795552194118,1,0.49349769949913025
angle,1780512728486965806,-0.005265774205327034,0,0.6145246624946594
angle,1780512728607794722,-0.00478310463950038,1,0.009999183937907219
angle,1780512728728942458,-0.004303818102926016,1,0.1308266520500183
angle,1780512728849998975,-0.003825404914095998,1,0.25197502970695496
angle,1780512728970668415,-0.003345353063195944,1,0.3730318248271942
angle,1780512729091636301,-0.002861155197024345,1,0.49370285868644714
angle,1780512729112146430,-0.002370266942307353,0,0.6146686673164368
angle,1780512729232782262,-0.001888752914965153,1,0.009999279864132404
angle,1780512729270903218,-0.00143272359855473,0,0.13063691556453705
angle,1780512729391525989,-0.001063363393768668,1,0.009999358095228672
angle,1780512729512706273,-0.000842290464788675,1,0.13062350451946259
angle,1780512729633807160,-0.000768343976233155,1,0.2518015205860138
angle,1780512729665512661,-0.000841138244140893,0,0.3729017972946167
angle,1780512729786798607,-0.00100865145213902,1,0.009999270550906658
angle,1780512729907480622,-0.001219359808601439,1,0.13128548860549927
angle,1780512730028593596,-0.001474370365031064,1,0.25196748971939087
angle,1780512730059350776,-0.001775019452907145,0,0.3730800449848175
angle,1780512730180380079,-0.002097352873533964,1,0.00999935157597065
angle,1780512730218292103,-0.002417544135823846,0,0.13102813065052032
angle,1780512730339375950,-0.002696144161745906,1,0.00999915599822998
angle,1780512730367465492,-0.00289349933154881,0,0.1310802847146988
angle,1780512730488143494,-0.002977428724989295,1,0.009999164380133152
angle,1780512730609324801,-0.00291516026481986,1,0.13067848980426788
angle,1780512730730064670,-0.002706365659832954,1,0.25185883045196533
angle,1780512730765859252,-0.002349948044866323,0,0.37259820103645325
angle,1780512730886521967,-0.001909921993501484,1,0.009999658912420273
angle,1780512731007911059,-0.00144986470695585,1,0.13066253066062927
angle,1780512731129479456,-0.00096736871637404,1,0.2520498037338257
angle,1780512731250103759,-0.000459904375020415,1,0.3736185133457184
angle,1780512731370897327,0.000075191739597358,1,0.4942430853843689
angle,1780512731492629603,0.000640739279333502,1,0.6150379180908203
angle,1780512731613714918,0.001239673933014274,1,0.7367687821388245
angle,1780512731734403595,0.001875156536698341,1,0.8578539490699768
angle,1780512731855906715,0.002550517674535513,1,0.9785429835319519
angle,1780512731892600126,0.003269287524744868,0,1.1000460386276245
angle,1780512732013654557,0.003997049760073423,1,0.009998966939747334
angle,1780512732044267032,0.004699451383203268,0,0.1310541033744812
angle,1780512732165449921,0.005283814389258623,1,0.009998216293752193
angle,1780512732286273237,0.005656875669956207,1,0.13118240237236023
angle,1780512732406858662,0.005820574704557657,1,0.2520063519477844
angle,1780512732447646678,0.005775769706815481,0,0.37259116768836975
angle,1780512732568606220,0.005592338275164366,1,0.009998965077102184
angle,1780512732689330655,0.005339429248124361,1,0.1309603452682495
angle,1780512732810476706,0.005015719216316938,1,0.2516830265522003
angle,1780512732835967184,0.004619508981704712,0,0.3728291392326355
angle,1780512732957168091,0.004184174351394176,1,0.009999431669712067
angle,1780512732993112605,0.003742895554751158,0,0.13120046257972717
angle,1780512733114386659,0.003347244113683701,1,0.009999177418649197
angle,1780512733154012423,0.0030490318313241,0,0.13127315044403076
angle,1780512733274778566,0.002893135882914066,1,0.009999405592679977
angle,1780512733315976802,0.002925180131569505,0,0.13076461851596832
angle,1780512733442374853,0.003391258884221315,1,0.015736712142825127
angle,1780512733481672117,0.005441584158688784,0,0.15324658155441284
angle,1780512733602470351,0.006563062779605389,1,0.009997819550335407
angle,1780512733640269114,0.007801251020282507,0,0.1308002471923828
angle,1780512733761842581,0.008947956375777721,1,0.010024009272456169
angle,1780512733882810448,0.00978648941963911,1,0.1315729022026062
angle,1780512734003582973,0.010324445553123951,1,0.2525409460067749
angle,1780512734031869815,0.010564631782472134,0,0.3733135461807251
angle,1780512734153108434,0.010594779625535011,1,0.009998293593525887
angle,1780512734274265496,0.010501518845558167,1,0.1312379688024521
angle,1780512734394928724,0.01028436329215765,1,0.25239482522010803
angle,1780512734439174812,0.009942172095179558,0,0.3730577528476715
angle,1780512734561060720,0.009521671570837498,1,0.009999268688261509
angle,1780512734591871866,0.009067387320101261,0,0.13192306458950043
angle,1780512734712520775,0.008629461750388145,1,0.009998754598200321
angle,1780512734833805375,0.008253025822341442,1,0.13064904510974884
angle,1780512734954571960,0.007936110720038414,1,0.25193458795547485
angle,1780512734981310551,0.007677044719457626,0,0.3727015554904938
angle,1780512735101942421,0.00745885306969285,1,0.00999896228313446
angle,1780512735137901129,0.00726476963609457,0,0.13063140213489532
angle,1780512735258737403,0.007122858893126249,1,0.009999214671552181
angle,1780512735290980467,0.007061463315039873,0,0.13083501160144806
angle,1780512735412171052,0.007093161344528198,1,0.009999248199164867
angle,1780512735533350128,0.007231020834296942,1,0.13119004666805267
angle,1780512735655124714,0.007475764956325293,1,0.2523685097694397
angle,1780512735776510441,0.007828674279153347,1,0.374143123626709
angle,1780512735897196053,0.008291610516607761,1,0.4955277442932129
angle,1780512736018196287,0.008866987191140652,1,0.6162146925926208
angle,1780512736139142188,0.009557820856571198,1,0.7372145652770996
angle,1780512736179301514,0.010367734357714653,0,0.8581604361534119
angle,1780512736300153448,0.011228233575820923,1,0.009999120607972145
angle,1780512736421123056,0.012071085162460804,1,0.1308508962392807
angle,1780512736542230556,0.012900711968541145,1,0.25182315707206726
angle,1780512736571269726,0.013721481896936893,0,0.37292811274528503
angle,1780512736692321171,0.01450116466730833,1,0.009999463334679604
angle,1780512736814365325,0.01520733442157507,1,0.13105179369449615
angle,1780512736935120653,0.015843693166971207,1,0.25309425592422485
angle,1780512737056272359,0.016413584351539612,1,0.373850554227829
angle,1780512737177396992,0.01691998355090618,1,0.4950006902217865
angle,1780512737298136371,0.017365550622344017,1,0.6161270141601562
angle,1780512737419021558,0.017752623185515404,1,0.7368650436401367
angle,1780512737447210738,0.0180832389742136,0,0.8577509522438049
angle,1780512737568183676,0.018357081338763237,1,0.009999064728617668
angle,1780512737690160949,0.018573572859168053,1,0.13097164034843445
angle,1780512737810862505,0.01873384788632393,1,0.2529489994049072
angle,1780512737836676742,0.01883874647319317,0,0.37365058064460754
angle,1780512737957716734,0.018892038613557816,1,0.009999210014939308
angle,1780512737998193073,0.018897222355008125,0,0.13103808462619781
angle,1780512738119453941,0.018841184675693512,1,0.009998500347137451
angle,1780512738240265690,0.018710490316152573,1,0.13122069835662842
angle,1780512738361374554,0.01850445568561554,1,0.2520730197429657
angle,1780512738387743721,0.01822200044989586,0,0.37318164110183716
angle,1780512738508514780,0.017887592315673828,1,0.009999592788517475
angle,1780512738523187081,0.017525440081954002,0,0.13077031075954437
angle,1780512738644563630,0.017170945182442665,1,0.009999360889196396
angle,1780512738765775154,0.016859566792845726,1,0.13137634098529816
angle,1780512738886568613,0.016589675098657608,1,0.25258758664131165
angle,1780512739007179739,0.016359850764274597,1,0.3733810782432556
angle,1780512739128684444,0.01616889424622059,1,0.49399203062057495
angle,1780512739172691533,0.016015799716114998,0,0.6154980063438416
angle,1780512739293969600,0.015879176557064056,1,0.009999534115195274
angle,1780512739415321469,0.015737704932689667,1,0.13127729296684265
angle,1780512739536946143,0.015590660274028778,1,0.25262904167175293
angle,1780512739657659989,0.015437262132763863,1,0.3742533028125763
angle,1780512739778364262,0.015276709571480751,1,0.49496695399284363
angle,1780512739825539054,0.015108158811926842,0,0.6156714558601379
angle,1780512739946486578,0.01492689922451973,1,0.009999364614486694
angle,1780512739977492820,0.014728152193129063,0,0.13094758987426758
angle,1780512740098764118,0.014530990272760391,1,0.009999668225646019
angle,1780512740124938977,0.014354497194290161,0,0.1312684416770935
angle,1780512740245706244,0.014217542484402657,1,0.009999549947679043
angle,1780512740366388472,0.014139206148684025,1,0.13076791167259216
angle,1780512740487867230,0.014119082130491734,1,0.2514505386352539
angle,1780512740608606684,0.014157061465084553,1,0.3729293942451477
angle,1780512740729311392,0.01425334345549345,1,0.4936671555042267
angle,1780512740745227506,0.014408435672521591,0,0.6143725514411926
angle,1780512740865954050,0.014585119672119617,1,0.009999622590839863
angle,1780512740906565784,0.014746286906301975,0,0.13072724640369415
angle,1780512741027701945,0.014868000522255898,1,0.009999340400099754
angle,1780512741148796677,0.014926123432815075,1,0.13140356540679932
angle,1780512741269990951,0.014920957386493683,1,0.25249817967414856
angle,1780512741391180841,0.014852476306259632,1,0.3736925721168518
angle,1780512741512130848,0.01472032256424427,1,0.49488282203674316
angle,1780512741632915025,0.014523803256452084,1,0.615833580493927
angle,1780512741753572156,0.014261884614825249,1,0.7366164922714233
angle,1780512741874333519,0.013933194801211357,1,0.8572758436203003
angle,1780512741996458451,0.013536007143557072,1,0.9780355095863342
angle,1780512742117126493,0.013068253174424171,1,1.1001628637313843
angle,1780512742237842360,0.012527471408247948,1,1.2208281755447388
angle,1780512742264791397,0.011910825967788696,0,1.3415436744689941
angle,1780512742385378232,0.01124305184930563,1,0.009999442845582962
angle,1780512742407329572,0.010548616759479046,0,0.13058441877365112
angle,1780512742528475025,0.009907189756631851,1,0.009999104775488377
angle,1780512742544170434,0.009398692287504673,0,0.1311439424753189
angle,1780512742664835268,0.009093917906284332,1,0.009999487549066544
angle,1780512742697966514,0.009064723737537861,0,0.13066466152668
angle,1780512742819163428,0.009338810108602047,1,0.009999535977840424
angle,1780512742851264312,0.009945451281964779,0,0.1311972439289093
angle,1780512742972501559,0.010840063914656639,1,0.009999101981520653
angle,1780512743093079720,0.011979578994214535,1,0.13123561441898346
angle,1780512743214064935,0.013369950465857983,1,0.2518141567707062
angle,1780512743335300824,0.015018475241959095,1,0.3728003203868866
angle,1780512743455995991,0.01693378947675228,1,0.49403536319732666
angle,1780512743480996914,0.019125889986753464,0,0.6147307753562927
angle,1780512743601888588,0.021426010876893997,1,0.010017438791692257
angle,1780512743625930940,0.0236534271389246,0,0.13089029490947723
angle,1780512743747097811,0.025525599718093872,1,0.010003305971622467
angle,1780512743868186953,0.026764750480651855,1,0.1313079297542572
angle,1780512743988871397,0.027343472465872765,1,0.252254843711853
angle,1780512744109669939,0.027286754921078682,1,0.37294042110443115
angle,1780512744230368057,0.02659430168569088,1,0.4937368929386139
angle,1780512744259200142,0.025262441486120224,0,0.6144363284111023
angle,1780512744380302006,0.023536009714007378,1,0.009998880326747894
angle,1780512744424850302,0.021654903888702393,0,0.13111546635627747
angle,1780512744545868776,0.019813258200883865,1,0.009999074041843414
angle,1780512744571137971,0.01819719932973385,0,0.13101786375045776
angle,1780512744693165241,0.01702266000211239,1,0.009999580681324005
angle,1780512744720651232,0.01650788076221943,0,0.1320253610610962
angle,1780512744841774331,0.016778072342276573,1,0.009999065659940243
angle,1780512744867882511,0.017962532117962837,0,0.1311214119195938
angle,1780512744989019102,0.02000415325164795,1,0.009999347850680351
angle,1780512745109764459,0.02285039983689785,1,0.1311376988887787
angle,1780512745230548578,0.026515910401940346,1,0.251881867647171
angle,1780512745351817138,0.03101985715329647,1,0.3726658821105957
angle,1780512745472822076,0.03638571873307228,1,0.49393439292907715
angle,1780512745594027959,0.04264123737812042,1,0.614939272403717
angle,1780512745714917428,0.04981869459152222,1,0.736145555973053
angle,1780512745836882636,0.05795522779226303,1,0.8570355176925659
angle,1780512745957912385,0.06709261983633041,1,0.9790005087852478
angle,1780512745973343054,0.07727757096290588,0,1.1000299453735352
angle,1780512746094024890,0.08788202702999115,1,0.009999425150454044
angle,1780512746215284364,0.09828117489814758,1,0.13068027794361115
angle,1780512746336077476,0.10852918773889542,1,0.25193917751312256
angle,1780512746457173712,0.11867939680814743,1,0.3727331757545471
angle,1780512746577815446,0.12878435850143433,1,0.49383121728897095
angle,1780512746607560665,0.13889645040035248,0,0.6144697666168213
angle,1780512746729035519,0.14867958426475525,1,0.009999547153711319
angle,1780512746773614578,0.15779675543308258,0,0.13147325813770294
angle,1780512746894220749,0.16498258709907532,1,0.009999536909162998
angle,1780512746932167145,0.16896429657936096,0,0.1306045800447464
angle,1780512747052836407,0.1689300686120987,1,0.009999199770390987
angle,1780512747173967497,0.1640440821647644,1,0.13066810369491577
angle,1780512747294723834,0.15427541732788086,1,0.251799076795578
angle,1780512747332363260,0.13956306874752045,0,0.3725556433200836
angle,1780512747453533516,0.1220349594950676,1,0.009999153204262257
angle,1780512747574709151,0.10381300002336502,1,0.13116872310638428
angle,1780512747695858696,0.08480232954025269,1,0.2523440718650818
angle,1780512747817316769,0.06490322202444077,1,0.37349385023117065
angle,1780512747937781582,0.04401198402047157,1,0.49495190382003784
angle,1780512747965799696,0.02201995626091957,0,0.6154190301895142
angle,1780512748086583796,-0.000144736666698009,1,0.009999345056712627
angle,1780512748207670956,-0.02155398577451706,1,0.1307852864265442
angle,1780512748328752028,-0.04231753945350647,1,0.2518717050552368
angle,1780512748449822110,-0.06254255771636963,1,0.37295255064964294
angle,1780512748571344896,-0.08233288675546646,1,0.4940229058265686
angle,1780512748692202221,-0.10179043561220169,1,0.6155455708503723
angle,1780512748812984898,-0.12101541459560394,1,0.7364031076431274
angle,1780512748934196576,-0.1401064097881317,1,0.8571850061416626
angle,1780512749056293634,-0.15916116535663605,1,0.9783973693847656
angle,1780512749177400299,-0.17827633023262024,1,1.1004940271377563
angle,1780512749298166497,-0.19754798710346222,1,1.2216010093688965
angle,1780512749339514194,-0.2170727401971817,0,1.34236741065979
angle,1780512749460856558,-0.2362731546163559,1,0.010018637403845787
angle,1780512749497117607,-0.25446397066116333,0,0.13134166598320007
angle,1780512749618051972,-0.2692677080631256,1,0.009999413043260574
angle,1780512749643930588,-0.27826735377311707,0,0.1309327334165573
angle,1780512749764611236,-0.27985090017318726,1,0.009998871013522148
angle,1780512749793303654,-0.2723523676395416,0,0.13068024814128876
angle,1780512749914550117,-0.2557434141635895,1,0.009999249130487442
angle,1780512750035561692,-0.22992126643657684,1,0.13124515116214752
angle,1780512750156273450,-0.19467777013778687,1,0.2522575557231903
angle,1780512750276990476,-0.14974482357501984,1,0.37296950817108154
angle,1780512750398235396,-0.09480812400579453,1,0.4936857223510742
angle,1780512750423370077,-0.029534917324781418,0,0.6149299740791321
angle,1780512750544202568,0.04064195230603218,1,0.0099992910400033
angle,1780512750665364316,0.1102510541677475,1,0.1308322548866272
angle,1780512750786919266,0.17955727875232697,1,0.25199341773986816
angle,1780512750908344531,0.24883116781711578,1,0.3735485374927521
angle,1780512751029796937,0.3183368742465973,1,0.49497395753860474
angle,1780512751151382012,0.3883312940597534,1,0.6164265871047974
angle,1780512751271997600,0.45906177163124084,1,0.7380124926567078
angle,1780512751307333311,0.5307669043540955,0,0.858627438545227
angle,1780512751428456854,0.6010661721229553,1,0.009999117814004421
angle,1780512751453935930,0.6678044199943542,0,0.1311350166797638
angle,1780512751574485214,0.7233529686927795,1,0.010001277551054955
angle,1780512751695542940,0.7606109380722046,1,0.13055188953876495
angle,1780512751816680742,0.7802284955978394,1,0.2516060173511505
angle,1780512751937891726,0.7825371623039246,1,0.37274369597435
angle,1780512752059169655,0.7675759196281433,1,0.4939541220664978
angle,1780512752094370425,0.7350921630859375,0,0.6152324080467224
angle,1780512752215229029,0.6918815970420837,1,0.009999512694776058
angle,1780512752257325241,0.6448606848716736,0,0.13085801899433136
angle,1780512752377977333,0.5979477167129517,1,0.009999136440455914
angle,1780512752498784566,0.5552304983139038,1,0.13065026700496674
angle,1780512752619456197,0.5166462063789368,1,0.2514590919017792
angle,1780512752741576682,0.48212727904319763,1,0.37212949991226196
angle,1780512752862836487,0.4516044855117798,1,0.4942494332790375
angle,1780512752983827729,0.425008624792099,1,0.6155098676681519
angle,1780512753104984363,0.402275025844574,1,0.7365007996559143
angle,1780512753225777228,0.38334202766418457,1,0.8576573729515076
angle,1780512753346496666,0.36815568804740906,1,0.9784508943557739
angle,1780512753381218462,0.35667043924331665,0,1.0991697311401367
angle,1780512753501847607,0.3476666808128357,1,0.00999864935874939
angle,1780512753525224740,0.33992525935173035,0,0.13062794506549835
angle,1780512753646781492,0.334604412317276,1,0.009999077767133713
angle,1780512753768107453,0.33287572860717773,1,0.13155511021614075
angle,1780512753888884329,0.3347335159778595,1,0.2528817057609558
angle,1780512754010032350,0.3401840031147003,1,0.3736589550971985
angle,1780512754131096206,0.3492451608181,1,0.4948083460330963
angle,1780512754252332206,0.36194637417793274,1,0.6158706545829773
angle,1780512754373061619,0.3783281445503235,1,0.7371067404747009
angle,1780512754493729566,0.3984394073486328,1,0.8578358292579651
angle,1780512754614447134,0.4223381280899048,1,0.9785037040710449
angle,1780512754735480401,0.45008862018585205,1,1.0992212295532227
angle,1780512754856630633,0.4817601144313812,1,1.2202527523040771
angle,1780512754884165335,0.5174229741096497,0,1.341404914855957
angle,1780512755004872832,0.5546556115150452,1,0.009999316185712814
angle,1780512755023580856,0.5911098122596741,0,0.13070645928382874
angle,1780512755144649735,0.6226635575294495,1,0.009999354369938374
angle,1780512755159693571,0.6452829241752625,0,0.13106785714626312
angle,1780512755280456213,0.655983030796051,1,0.00999964028596878
angle,1780512755401054369,0.6516749858856201,1,0.13076111674308777
angle,1780512755522228055,0.6322948932647705,1,0.25136011838912964
angle,1780512755556777776,0.5975543260574341,0,0.3725323975086212
angle,1780512755677720357,0.5534632205963135,1,0.009999354369938374
angle,1780512755710173093,0.5061489343643188,0,0.1309438794851303
angle,1780512755830834229,0.45999255776405334,1,0.009999364614486694
angle,1780512755951751481,0.419540673494339,1,0.13065966963768005
angle,1780512756072888759,0.38474124670028687,1,0.2515770494937897
angle,1780512756112675121,0.35553744435310364,0,0.37271416187286377
angle,1780512756233711158,0.3306635022163391,1,0.009999698959290981
angle,1780512756273166099,0.30883944034576416,0,0.1310345083475113
angle,1780512756393766173,0.29324957728385925,1,0.009999431669712067
angle,1780512756411526423,0.287121057510376,0,0.13059978187084198
angle,1780512756532175071,0.2919085919857025,1,0.009999275207519531
angle,1780512756556691030,0.3090741038322449,0,0.1306474357843399
angle,1780512756677356647,0.33755287528038025,1,0.009963900782167912
angle,1780512756695013325,0.37628424167633057,0,0.13066455721855164
angle,1780512756816314847,0.4214007258415222,1,0.009998895227909088
angle,1780512756851318704,0.46913111209869385,0,0.13130058348178864
angle,1780512756972798822,0.5140888094902039,1,0.009999238885939121
angle,1780512757094025233,0.5510631799697876,1,0.1314791440963745
angle,1780512757214829400,0.5803984999656677,1,0.25270575284957886
angle,1780512757335538237,0.6023678779602051,1,0.3735102117061615
angle,1780512757456303072,0.6171739101409912,1,0.49421873688697815
angle,1780512757577945308,0.6249537467956543,1,0.6149852275848389
angle,1780512757699613949,0.6257781982421875,1,0.736626148223877
angle,1780512757827504461,0.6117720007896423,1,0.8649026155471802
angle,1780512757948124345,0.5939549207687378,1,0.9861848950386047
angle,1780512757981712412,0.5688974261283875,0,1.1068065166473389
angle,1780512758102462103,0.5390737652778625,1,0.009998749010264874
angle,1780512758223848954,0.506983757019043,1,0.13074563443660736
angle,1780512758344992587,0.47243744134902954,1,0.25213438272476196
angle,1780512758465928233,0.43522757291793823,1,0.3732782006263733
angle,1780512758586823683,0.39512720704078674,1,0.49421411752700806
angle,1780512758627334577,0.3518925905227661,0,0.6151087880134583
angle,1780512758748222053,0.30733031034469604,1,0.009999340400099754
angle,1780512758781150799,0.26329368352890015,0,0.13088558614253998
angle,1780512758901868991,0.22513625025749207,1,0.00999936182051897
angle,1780512759023557048,0.19831325113773346,1,0.13071708381175995
angle,1780512759144180241,0.18278586864471436,1,0.252405047416687
angle,1780512759184953200,0.1785234957933426,0,0.37302908301353455
angle,1780512759305811323,0.1814979612827301,1,0.00999943632632494
angle,1780512759338253182,0.18770192563533783,0,0.13085711002349854
angle,1780512759459594587,0.1971193253993988,1,0.00999895203858614
angle,1780512759581185775,0.20830577611923218,1,0.13134053349494934
angle,1780512759702378484,0.21987296640872955,1,0.2529321014881134
angle,1780512759823519811,0.23187795281410217,1,0.3741244673728943
angle,1780512759856787238,0.2443801462650299,0,0.4952658712863922
angle,1780512759977354997,0.2566984295845032,1,0.009999151341617107
angle,1780512760013305405,0.268155038356781,0,0.1305660456418991
angle,1780512760134345554,0.2771652638912201,1,0.009999320842325687
angle,1780512760151205315,0.2821381092071533,0,0.13103871047496796
angle,1780512760271901634,0.28203442692756653,1,0.009998832829296589
angle,1780512760308748327,0.2757810652256012,0,0.13069656491279602
angle,1780512760430329885,0.2634410262107849,1,0.009998299181461334
angle,1780512760551312747,0.24503405392169952,1,0.13158133625984192
angle,1780512760672482018,0.2204282283782959,1,0.2525647282600403
angle,1780512760704553692,0.1894516497850418,0,0.37373366951942444
angle,1780512760825805218,0.15507736802101135,1,0.00999926496297121
angle,1780512760859889366,0.12029767036437988,0,0.13125109672546387
angle,1780512760980599439,0.08916589617729187,1,0.009999015368521214
angle,1780512761102630827,0.06577454507350922,1,0.13070952892303467
angle,1780512761223317470,0.05002652853727341,1,0.2527411878108978
angle,1780512761262064452,0.04185080528259277,0,0.37342873215675354
angle,1780512761382847453,0.03870774805545807,1,0.009999035857617855
angle,1780512761418924096,0.038080133497714996,0,0.13078393042087555
angle,1780512761539518821,0.0406230129301548,1,0.009998967871069908
angle,1780512761660212528,0.04700751230120659,1,0.13059693574905396
angle,1780512761780749830,0.057265132665634155,1,0.2512921392917633
angle,1780512761901918772,0.07144632190465927,1,0.3718266189098358
angle,1780512762022749543,0.0896189883351326,1,0.4929952025413513
angle,1780512762067308675,0.11186738312244415,0,0.6138272881507874
angle,1780512762188602514,0.13590270280838013,1,0.00999938789755106
angle,1780512762309963778,0.15945366024971008,1,0.13129322230815887
angle,1780512762431122159,0.18264140188694,1,0.2526549994945526
angle,1780512762551737142,0.20558327436447144,1,0.3738130033016205
angle,1780512762672833117,0.2283955216407776,1,0.4944278299808502
angle,1780512762793596445,0.25119248032569885,1,0.6155238151550293
angle,1780512762914286251,0.27408677339553833,1,0.7362874746322632
angle,1780512762941035464,0.29718974232673645,0,0.8569767475128174
angle,1780512763061815835,0.3195851743221283,1,0.009999400936067104
angle,1780512763089034454,0.3403642773628235,0,0.1307791918516159
angle,1780512763209831225,0.3567402958869934,1,0.009998832829296589
angle,1780512763248113782,0.3659278452396393,0,0.1307966411113739
angle,1780512763369109863,0.3661702573299408,1,0.009999258443713188
angle,1780512763387015500,0.3556334376335144,0,0.1309942901134491
angle,1780512763507655346,0.33442890644073486,1,0.009999490343034267
angle,1780512763628977088,0.30256760120391846,1,0.1306380182504654
angle,1780512763749807890,0.25975146889686584,1,0.2519586682319641
angle,1780512763871117174,0.2056003212928772,1,0.37278929352760315
angle,1780512763991730475,0.13968124985694885,1,0.494098961353302
angle,1780512764036013915,0.06154191866517067,0,0.6147149205207825
angle,1780512764157071869,-0.022596066817641258,1,0.009999232366681099
angle,1780512764278249942,-0.10640491545200348,1,0.1310582458972931
angle,1780512764398943352,-0.19015075266361237,1,0.2522349953651428
angle,1780512764519816324,-0.27410557866096497,1,0.3729284107685089
angle,1780512764640905183,-0.358530730009079,1,0.4938012659549713
angle,1780512764653475163,-0.44368237257003784,0,0.6148900985717773
angle,1780512764774085188,-0.5268734097480774,1,0.009998978115618229
angle,1780512764894763197,-0.6055971384048462,1,0.130609393119812
angle,1780512765016146357,-0.6803569197654724,1,0.2512873113155365
angle,1780512765047198362,-0.7516292929649353,0,0.3726692199707031
angle,1780512765168396766,-0.8184458613395691,1,0.009999456815421581
angle,1780512765178394419,-2.0299999713897705,0,0.1311996579170227
angle,1780512765188394992,-2.0299999713897705,0,0.009999806992709637
angle,1780512765198396420,-2.0299999713897705,0,0.009999888949096203
angle,1780512765208396938,-2.0299999713897705,0,0.009999885223805904
angle,1780512765218397540,-2.0299999713897705,0,0.009999946691095829
angle,1780512765228397769,-2.0299999713897705,0,0.009999837726354599
angle,1780512765238398009,-2.0299999713897705,0,0.009999871253967285
angle,1780512765248398127,-2.0299999713897705,0,0.009999832138419151
angle,1780512765258398682,-2.0299999713897705,0,0.009999838657677174
angle,1780512765268397895,-2.0299999713897705,0,0.009999921545386314
angle,1780512765278397987,-2.0299999713897705,0,0.009999915957450867
angle,1780512765288398467,-2.0299999713897705,0,0.009999947622418404
angle,1780512765298399025,-2.0299999713897705,0,0.009999919682741165
angle,1780512765308399097,-2.0299999713897705,0,0.00999998115003109
angle,1780512765318398845,-2.0299999713897705,0,0.009999921545386314
angle,1780512765328399084,-2.0299999713897705,0,0.009999999776482582
angle,1780512765338399665,-2.0299999713897705,0,0.010000009089708328
angle,1780512765348399714,-2.0299999713897705,0,0.009999934583902359
angle,1780512765358399777,-2.0299999713897705,0,0.009999939240515232
angle,1780512765368400226,-2.0299999713897705,0,0.010000004433095455
angle,1780512765378400689,-2.0299999713897705,0,0.009999939240515232
angle,1780512765388400704,-2.0299999713897705,0,0.009999947622418404
angle,1780512765398400979,-2.0299999713897705,0,0.009999996051192284
angle,1780512765408401347,-2.0299999713897705,0,0.009999996982514858
angle,1780512765418402334,-2.0299999713897705,0,0.00999999325722456
angle,1780512765428402290,-2.0299999713897705,0,0.009999866597354412
angle,1780512765438402167,-2.0299999713897705,0,0.00999999325722456
angle,1780512765448402238,-2.0299999713897705,0,0.009999968111515045
angle,1780512765458403101,-2.0299999713897705,0,0.009999943897128105
angle,1780512765468402781,-2.0299999713897705,0,0.009999905712902546
angle,1780512765478403981,-2.0299999713897705,0,0.009999961592257023
angle,1780512765488403624,-2.0299999713897705,0,0.009999910369515419
angle,1780512765498404874,-2.0299999713897705,0,0.009999972768127918
angle,1780512765508404157,-2.0299999713897705,0,0.009999952279031277
angle,1780512765518404033,-2.0299999713897705,0,0.009999886155128479
angle,1780512765528404285,-2.0299999713897705,0,0.009999933652579784
angle,1780512765538404790,-2.0299999713897705,0,0.009999942034482956
angle,1780512765548406387,-2.0299999713897705,0,0.009999988600611687
angle,1780512765558405208,-2.0299999713897705,0,0.009999909438192844
angle,1780512765568405403,-2.0299999713897705,0,0.009999994188547134
angle,1780512765578405543,-2.0299999713897705,0,0.009999937377870083
angle,1780512765588405892,-2.0299999713897705,0,0.009999984875321388
angle,1780512765598406722,-2.0299999713897705,0,0.010000008158385754
angle,1780512765608406504,-2.0299999713897705,0,0.009999998845160007
angle,1780512765618406649,-2.0299999713897705,0,0.010000004433095455
angle,1780512765628406803,-2.0299999713897705,0,0.009999940171837807
angle,1780512765638410115,-2.0299999713897705,0,0.010000008158385754
angle,1780512765648410326,-2.0299999713897705,0,0.009999941103160381
angle,1780512765658411011,-2.0299999713897705,0,0.009999934583902359
angle,1780512765668410951,-2.0299999713897705,0,0.009999995119869709
angle,1780512765678410946,-2.0299999713897705,0,0.009999669156968594
angle,1780512765688411617,-2.0299999713897705,0,0.009999995119869709
angle,1780512765698411827,-2.0299999713897705,0,0.009999943897128105
angle,1780512765708411726,-2.0299999713897705,0,0.009999983943998814
angle,1780512765718412181,-2.0299999713897705,0,0.009999975562095642
angle,1780512765728412245,-2.0299999713897705,0,0.009999938309192657
angle,1780512765738412453,-2.0299999713897705,0,0.009999971836805344
angle,1780512765748413504,-2.0299999713897705,0,0.009999945759773254
angle,1780512765758413062,-2.0299999713897705,0,0.009999947622418404
angle,1780512765768413373,-2.0299999713897705,0,0.009999947622418404
angle,1780512765778413350,-2.0299999713897705,0,0.009999946691095829
angle,1780512765788413853,-2.0299999713897705,0,0.009999999776482582
angle,1780512765798416066,-2.0299999713897705,0,0.01000003982335329
angle,1780512765808425712,-2.0299999713897705,0,0.010010755620896816
angle,1780512765818426504,-2.0299999713897705,0,0.009999941103160381
angle,1780512765828426369,-2.0299999713897705,0,0.00999995693564415
angle,1780512765838426459,-2.0299999713897705,0,0.009999983943998814
angle,1780512765848427412,-2.0299999713897705,0,0.009999990463256836
angle,1780512765858426907,-2.0299999713897705,0,0.009999899193644524
angle,1780512765868427303,-2.0299999713897705,0,0.00999995693564415
angle,1780512765878427604,-2.0299999713897705,0,0.009999972768127918
angle,1780512765888427564,-2.0299999713897705,0,0.009999973699450493
angle,1780512765898427841,-2.0299999713897705,0,0.009999968111515045
angle,1780512765908428306,-2.0299999713897705,0,0.009999971836805344
angle,1780512765918428770,-2.0299999713897705,0,0.009999998845160007
angle,1780512765928428605,-2.0299999713897705,0,0.009999941103160381
angle,1780512765938429111,-2.0299999713897705,0,0.009999943897128105
angle,1780512765948429071,-2.0299999713897705,0,0.009999940171837807
angle,1780512765958429422,-2.0299999713897705,0,0.009999992325901985
angle,1780512765968429871,-2.0299999713897705,0,0.009999950416386127
angle,1780512765978431327,-2.0299999713897705,0,0.009999891743063927
angle,1780512765988430451,-2.0299999713897705,0,0.009999933652579784
angle,1780512765998430472,-2.0299999713897705,0,0.009999980218708515
angle,1780512766008430914,-2.0299999713897705,0,0.009999928064644337
angle,1780512766018431271,-2.0299999713897705,0,0.009999946691095829
angle,1780512766028431526,-2.0299999713897705,0,0.009999971836805344
angle,1780512766038431806,-2.0299999713897705,0,0.009999940171837807
angle,1780512766048432014,-2.0299999713897705,0,0.009999951347708702
angle,1780512766058432319,-2.0299999713897705,0,0.009999961592257023
angle,1780512766068432506,-2.0299999713897705,0,0.009999941103160381
angle,1780512766078433099,-2.0299999713897705,0,0.009999946691095829
angle,1780512766088433104,-2.0299999713897705,0,0.009999968111515045
angle,1780512766098433500,-2.0299999713897705,0,0.009999938309192657
angle,1780512766108433499,-2.0299999713897705,0,0.00999997928738594
angle,1780512766118434119,-2.0299999713897705,0,0.009999958798289299
angle,1780512766128438600,-2.0299999713897705,0,0.01000434160232544
angle,1780512766138438857,-2.0299999713897705,0,0.010000006295740604
angle,1780512766148439478,-2.0299999713897705,0,0.009999968111515045
angle,1780512766158439352,-2.0299999713897705,0,0.009999966248869896
angle,1780512766168439546,-2.0299999713897705,0,0.01000000536441803
angle,1780512766178439941,-2.0299999713897705,0,0.009999983943998814
angle,1780512766188440150,-2.0299999713897705,0,0.009999953210353851
angle,1780512766198440655,-2.0299999713897705,0,0.009999963454902172
angle,1780512766208440781,-2.0299999713897705,0,0.009999971836805344
angle,1780512766218441750,-2.0299999713897705,0,0.010000011883676052
angle,1780512766228443033,-2.0299999713897705,0,0.009999916888773441
angle,1780512766238442240,-2.0299999713897705,0,0.009999959729611874
angle,1780512766248442134,-2.0299999713897705,0,0.00999996904283762
angle,1780512766258443793,-2.0299999713897705,0,0.009999939240515232
angle,1780512766268442462,-2.0299999713897705,0,0.00999988429248333
angle,1780512766278442737,-2.0299999713897705,0,0.009999975562095642
angle,1780512766288443014,-2.0299999713897705,0,0.009999997913837433
angle,1780512766298443541,-2.0299999713897705,0,0.00999995693564415
angle,1780512766308443501,-2.0299999713897705,0,0.009999977424740791
angle,1780512766318443840,-2.0299999713897705,0,0.00999998115003109
angle,1780512766328443891,-2.0299999713897705,0,0.009999921545386314
angle,1780512766338444649,-2.0299999713897705,0,0.009999947622418404
angle,1780512766348444367,-2.0299999713897705,0,0.009999964386224747
angle,1780512766358444675,-2.0299999713897705,0,0.010000006295740604
angle,1780512766368445021,-2.0299999713897705,0,0.009999972768127918
angle,1780512766378445659,-2.0299999713897705,0,0.009999986737966537
angle,1780512766388445483,-2.0299999713897705,0,0.009999931789934635
angle,1780512766398446914,-2.0299999713897705,0,0.009999995119869709
angle,1780512766408445855,-2.0299999713897705,0,0.009999899193644524
angle,1780512766418446175,-2.0299999713897705,0,0.009999966248869896
angle,1780512766428446620,-2.0299999713897705,0,0.009999951347708702
angle,1780512766438446558,-2.0299999713897705,0,0.009999964386224747
angle,1780512766448446950,-2.0299999713897705,0,0.009999980218708515
angle,1780512766458447233,-2.0299999713897705,0,0.009999997913837433
angle,1780512766468447519,-2.0299999713897705,0,0.009999917820096016
angle,1780512766478447961,-2.0299999713897705,0,0.009999996051192284
angle,1780512766488448443,-2.0299999713897705,0,0.009999950416386127
angle,1780512766498448542,-2.0299999713897705,0,0.009999970905482769
angle,1780512766508448789,-2.0299999713897705,0,0.009999951347708702
angle,1780512766518449185,-2.0299999713897705,0,0.009999968111515045
angle,1780512766528449237,-2.0299999713897705,0,0.010000000707805157
angle,1780512766538450300,-2.0299999713897705,0,0.009999951347708702
angle,1780512766548451612,-2.0299999713897705,0,0.009999983943998814
angle,1780512766558450009,-2.0299999713897705,0,0.009999933652579784
angle,1780512766568450270,-2.0299999713897705,0,0.009999957866966724
angle,1780512766578450905,-2.0299999713897705,0,0.00999995693564415
angle,1780512766588450927,-2.0299999713897705,0,0.010000002570450306
angle,1780512766598451290,-2.0299999713897705,0,0.00999996904283762
angle,1780512766608451937,-2.0299999713897705,0,0.010000002570450306
angle,1780512766618451643,-2.0299999713897705,0,0.009999968111515045
angle,1780512766628451959,-2.0299999713897705,0,0.009999966248869896
angle,1780512766638452158,-2.0299999713897705,0,0.009999971836805344
angle,1780512766648455710,-2.0299999713897705,0,0.009999953210353851
angle,1780512766658454436,-2.0299999713897705,0,0.009999803267419338
angle,1780512766668455024,-2.0299999713897705,0,0.009999901056289673
angle,1780512766678453861,-2.0299999713897705,0,0.009999966248869896
angle,1780512766688453933,-2.0299999713897705,0,0.00999995693564415
angle,1780512766698453917,-2.0299999713897705,0,0.009999938309192657
angle,1780512766708454007,-2.0299999713897705,0,0.009999975562095642
angle,1780512766718454473,-2.0299999713897705,0,0.00999995693564415
angle,1780512766728454492,-2.0299999713897705,0,0.009999939240515232
angle,1780512766738454704,-2.0299999713897705,0,0.009999980218708515
angle,1780512766748455035,-2.0299999713897705,0,0.009999947622418404
angle,1780512766758455210,-2.0299999713897705,0,0.009999987669289112
angle,1780512766768455481,-2.0299999713897705,0,0.009999959729611874
angle,1780512766778455966,-2.0299999713897705,0,0.00999995693564415
angle,1780512766788455840,-2.0299999713897705,0,0.009999936446547508
angle,1780512766798457229,-2.0299999713897705,0,0.009999998845160007
angle,1780512766808456550,-2.0299999713897705,0,0.009999901987612247
angle,1780512766818456821,-2.0299999713897705,0,0.009999938309192657
angle,1780512766828457301,-2.0299999713897705,0,0.009999942034482956
angle,1780512766838457225,-2.0299999713897705,0,0.009999947622418404
angle,1780512766848457342,-2.0299999713897705,0,0.009999994188547134
angle,1780512766858457758,-2.0299999713897705,0,0.009999968111515045
angle,1780512766868458128,-2.0299999713897705,0,0.00999995693564415
angle,1780512766878458700,-2.0299999713897705,0,0.009999973699450493
angle,1780512766888458619,-2.0299999713897705,0,0.00999995693564415
angle,1780512766898458752,-2.0299999713897705,0,0.009999953210353851
angle,1780512766908459106,-2.0299999713897705,0,0.009999969974160194
angle,1780512766918459644,-2.0299999713897705,0,0.009999972768127918
angle,1780512766928459621,-2.0299999713897705,0,0.00999994482845068
angle,1780512766938459833,-2.0299999713897705,0,0.009999942034482956
angle,1780512766948460043,-2.0299999713897705,0,0.009999996051192284
angle,1780512766958460641,-2.0299999713897705,0,0.00999998115003109
angle,1780512766968461606,-2.0299999713897705,0,0.00999997928738594
angle,1780512766978460925,-2.0299999713897705,0,0.009999877773225307
angle,1780512766988461151,-2.0299999713897705,0,0.009999988600611687
angle,1780512766998461486,-2.0299999713897705,0,0.009999996051192284
angle,1780512767008461922,-2.0299999713897705,0,0.009999983943998814
angle,1780512767018462284,-2.0299999713897705,0,0.009999951347708702
angle,1780512767028462170,-2.0299999713897705,0,0.009999992325901985
angle,1780512767038462923,-2.0299999713897705,0,0.009999955072999
angle,1780512767048462959,-2.0299999713897705,0,0.009999963454902172
angle,1780512767058463041,-2.0299999713897705,0,0.009999982081353664
angle,1780512767068463498,-2.0299999713897705,0,0.009999937377870083
angle,1780512767078463384,-2.0299999713897705,0,0.00999996904283762
angle,1780512767088463755,-2.0299999713897705,0,0.009999952279031277
angle,1780512767098464390,-2.0299999713897705,0,0.009999948553740978
angle,1780512767108464128,-2.0299999713897705,0,0.009999945759773254
angle,1780512767118464842,-2.0299999713897705,0,0.009999940171837807
angle,1780512767128464709,-2.0299999713897705,0,0.009999969974160194
angle,1780512767138465491,-2.0299999713897705,0,0.009999876841902733
angle,1780512767148465224,-2.0299999713897705,0,0.009999887086451054
angle,1780512767158465763,-2.0299999713897705,0,0.009999964386224747
angle,1780512767168465717,-2.0299999713897705,0,0.009999987669289112
angle,1780512767178465842,-2.0299999713897705,0,0.009999942034482956
angle,1780512767188465968,-2.0299999713897705,0,0.00999995693564415
angle,1780512767198466436,-2.0299999713897705,0,0.009999956004321575
angle,1780512767208466836,-2.0299999713897705,0,0.010000001639127731
angle,1780512767218467266,-2.0299999713897705,0,0.009999880567193031
angle,1780512767228467168,-2.0299999713897705,0,0.00999994296580553
angle,1780512767238467526,-2.0299999713897705,0,0.009999928064644337
angle,1780512767248468040,-2.0299999713897705,0,0.010000008158385754
angle,1780512767258467882,-2.0299999713897705,0,0.009999995119869709
angle,1780512767268468660,-2.0299999713897705,0,0.01000000536441803
angle,1780512767278468759,-2.0299999713897705,0,0.009999996051192284
angle,1780512767288468991,-2.0299999713897705,0,0.009999974630773067
angle,1780512767298469540,-2.0299999713897705,0,0.009999943897128105
angle,1780512767308469388,-2.0299999713897705,0,0.009999964386224747
angle,1780512767318469410,-2.0299999713897705,0,0.009999977424740791
angle,1780512767328469755,-2.0299999713897705,0,0.00999996718019247
angle,1780512767338469860,-2.0299999713897705,0,0.009999945759773254
angle,1780512767348470194,-2.0299999713897705,0,0.009999933652579784
angle,1780512767358470563,-2.0299999713897705,0,0.010000010021030903
angle,1780512767368470934,-2.0299999713897705,0,0.00999996718019247
angle,1780512767378471052,-2.0299999713897705,0,0.009999966248869896
angle,1780512767388471697,-2.0299999713897705,0,0.009999957866966724
angle,1780512767398471522,-2.0299999713897705,0,0.009999970905482769
angle,1780512767408471895,-2.0299999713897705,0,0.009999995119869709
angle,1780512767418472126,-2.0299999713897705,0,0.009999963454902172
angle,1780512767428472540,-2.0299999713897705,0,0.009999972768127918
angle,1780512767438472519,-2.0299999713897705,0,0.009999942034482956
angle,1780512767448472628,-2.0299999713897705,0,0.00999994482845068
angle,1780512767458473031,-2.0299999713897705,0,0.009999937377870083
angle,1780512767468473218,-2.0299999713897705,0,0.009999937377870083
angle,1780512767478473783,-2.0299999713897705,0,0.009999956004321575
angle,1780512767488474124,-2.0299999713897705,0,0.009999966248869896
angle,1780512767498474106,-2.0299999713897705,0,0.009999957866966724
angle,1780512767508474532,-2.0299999713897705,0,0.009999992325901985
angle,1780512767518474554,-2.0299999713897705,0,0.009999961592257023
angle,1780512767528474907,-2.0299999713897705,0,0.00999994296580553
angle,1780512767538474988,-2.0299999713897705,0,0.00999994296580553
angle,1780512767548477276,-2.0299999713897705,0,0.010000008158385754
angle,1780512767558476028,-2.0299999713897705,0,0.009999937377870083
angle,1780512767568475977,-2.0299999713897705,0,0.009999951347708702
angle,1780512767578476635,-2.0299999713897705,0,0.010000004433095455
angle,1780512767588476833,-2.0299999713897705,0,0.009999954141676426
angle,1780512767598477010,-2.0299999713897705,0,0.00999996904283762
angle,1780512767608477128,-2.0299999713897705,0,0.009999960660934448
angle,1780512767618477387,-2.0299999713897705,0,0.009999952279031277
angle,1780512767628477546,-2.0299999713897705,0,0.009999968111515045
angle,1780512767638477661,-2.0299999713897705,0,0.009999900124967098
angle,1780512767648477858,-2.0299999713897705,0,0.009999946691095829
angle,1780512767658478115,-2.0299999713897705,0,0.009999990463256836
angle,1780512767668478497,-2.0299999713897705,0,0.009999945759773254
angle,1780512767678478506,-2.0299999713897705,0,0.009999964386224747
angle,1780512767688478813,-2.0299999713897705,0,0.009999995119869709
angle,1780512767698479091,-2.0299999713897705,0,0.00999994296580553
angle,1780512767708479822,-2.0299999713897705,0,0.009999996982514858
angle,1780512767718479580,-2.0299999713897705,0,0.009999995119869709
angle,1780512767728479975,-2.0299999713897705,0,0.01000000536441803
angle,1780512767738480239,-2.0299999713897705,0,0.009999972768127918
angle,1780512767748480616,-2.0299999713897705,0,0.009999997913837433
angle,1780512767758480794,-2.0299999713897705,0,0.009999986737966537
angle,1780512767768481087,-2.0299999713897705,0,0.010000001639127731
angle,1780512767778481149,-2.0299999713897705,0,0.009999956004321575
angle,1780512767788481326,-2.0299999713897705,0,0.009999988600611687
angle,1780512767798482910,-2.0299999713897705,0,0.009999948553740978
angle,1780512767808481960,-2.0299999713897705,0,0.009999982081353664
angle,1780512767818482256,-2.0299999713897705,0,0.009999958798289299
angle,1780512767828482643,-2.0299999713897705,0,0.009999973699450493
angle,1780512767838482770,-2.0299999713897705,0,0.009999982081353664
angle,1780512767848482822,-2.0299999713897705,0,0.009999961592257023
angle,1780512767858483184,-2.0299999713897705,0,0.009999977424740791
angle,1780512767868483457,-2.0299999713897705,0,0.009999972768127918
angle,1780512767878483692,-2.0299999713897705,0,0.009999943897128105
angle,1780512767888484028,-2.0299999713897705,0,0.009999959729611874
angle,1780512767898484269,-2.0299999713897705,0,0.009999982081353664
angle,1780512767908484433,-2.0299999713897705,0,0.009999973699450493
angle,1780512767918484938,-2.0299999713897705,0,0.010000002570450306
angle,1780512767928485175,-2.0299999713897705,0,0.009999992325901985
angle,1780512767938485373,-2.0299999713897705,0,0.010000002570450306
angle,1780512767948485560,-2.0299999713897705,0,0.00999998115003109
angle,1780512767958488091,-2.0299999713897705,0,0.010000052861869335
angle,1780512767968488079,-2.0299999713897705,0,0.009999907575547695
angle,1780512767978488454,-2.0299999713897705,0,0.00999987218528986
angle,1780512767988486959,-2.0299999713897705,0,0.0099998963996768
angle,1780512767998487117,-2.0299999713897705,0,0.009999988600611687
angle,1780512768008487628,-2.0299999713897705,0,0.010000001639127731
angle,1780512768018489152,-2.0299999713897705,0,0.009999968111515045
angle,1780512768028487818,-2.0299999713897705,0,0.009999939240515232
angle,1780512768038488070,-2.0299999713897705,0,0.009999963454902172
angle,1780512768048488285,-2.0299999713897705,0,0.010000007227063179
angle,1780512768058488676,-2.0299999713897705,0,0.009999986737966537
angle,1780512768068488904,-2.0299999713897705,0,0.009999968111515045
angle,1780512768078489053,-2.0299999713897705,0,0.00999997928738594
angle,1780512768088489270,-2.0299999713897705,0,0.009999959729611874
angle,1780512768098489695,-2.0299999713897705,0,0.009999998845160007
angle,1780512768108490387,-2.0299999713897705,0,0.010000004433095455
angle,1780512768118490239,-2.0299999713897705,0,0.009999937377870083
angle,1780512768128490426,-2.0299999713897705,0,0.009999939240515232
angle,1780512768138490627,-2.0299999713897705,0,0.009999974630773067
angle,1780512768148490768,-2.0299999713897705,0,0.009999978356063366
angle,1780512768158491216,-2.0299999713897705,0,0.010000007227063179
angle,1780512768168491512,-2.0299999713897705,0,0.009999958798289299
angle,1780512768178491984,-2.0299999713897705,0,0.010000002570450306
angle,1780512768188492041,-2.0299999713897705,0,0.00999996718019247
angle,1780512768198492364,-2.0299999713897705,0,0.009999969974160194
angle,1780512768208492659,-2.0299999713897705,0,0.009999978356063366
angle,1780512768218493009,-2.0299999713897705,0,0.00999996904283762
angle,1780512768228493698,-2.0299999713897705,0,0.009999951347708702
angle,1780512768238493400,-2.0299999713897705,0,0.00999989453703165
angle,1780512768248493659,-2.0299999713897705,0,0.00999995693564415
angle,1780512768258493744,-2.0299999713897705,0,0.009999957866966724
angle,1780512768268493924,-2.0299999713897705,0,0.009999937377870083
angle,1780512768278494313,-2.0299999713897705,0,0.009999969974160194
angle,1780512768288494878,-2.0299999713897705,0,0.009999971836805344
angle,1780512768298494683,-2.0299999713897705,0,0.009999977424740791
angle,1780512768308495120,-2.0299999713897705,0,0.009999992325901985
angle,1780512768318495097,-2.0299999713897705,0,0.009999941103160381
angle,1780512768328495647,-2.0299999713897705,0,0.009999998845160007
angle,1780512768338495796,-2.0299999713897705,0,0.009999964386224747
angle,1780512768348496261,-2.0299999713897705,0,0.010000004433095455
angle,1780512768358496486,-2.0299999713897705,0,0.009999985806643963
angle,1780512768368496844,-2.0299999713897705,0,0.009999940171837807
angle,1780512768378497175,-2.0299999713897705,0,0.009999972768127918
angle,1780512768388497138,-2.0299999713897705,0,0.009999942034482956
angle,1780512768398497519,-2.0299999713897705,0,0.010000004433095455
angle,1780512768408499374,-2.0299999713897705,0,0.00999999139457941
angle,1780512768418497962,-2.0299999713897705,0,0.009999929927289486
angle,1780512768428498280,-2.0299999713897705,0,0.009999947622418404
angle,1780512768438498500,-2.0299999713897705,0,0.009999977424740791
angle,1780512768448498745,-2.0299999713897705,0,0.009999983943998814
angle,1780512768458498888,-2.0299999713897705,0,0.00999995693564415
angle,1780512768468499080,-2.0299999713897705,0,0.010000000707805157
angle,1780512768478499512,-2.0299999713897705,0,0.009999985806643963
angle,1780512768488499639,-2.0299999713897705,0,0.009999960660934448
angle,1780512768498499874,-2.0299999713897705,0,0.009999958798289299
angle,1780512768508500506,-2.0299999713897705,0,0.010000004433095455
angle,1780512768518500591,-2.0299999713897705,0,0.01000000536441803
angle,1780512768528501095,-2.0299999713897705,0,0.009999992325901985
angle,1780512768538500998,-2.0299999713897705,0,0.009999995119869709
angle,1780512768548503712,-2.0299999713897705,0,0.010000007227063179
angle,1780512768558504903,-2.0299999713897705,0,0.009999855421483517
angle,1780512768568502531,-2.0299999713897705,0,0.009999921545386314
angle,1780512768578502628,-2.0299999713897705,0,0.009999961592257023
angle,1780512768588502715,-2.0299999713897705,0,0.009999943897128105
angle,1780512768598503151,-2.0299999713897705,0,0.009999950416386127
angle,1780512768608503640,-2.0299999713897705,0,0.009999948553740978
angle,1780512768618503900,-2.0299999713897705,0,0.00999999325722456
angle,1780512768628504012,-2.0299999713897705,0,0.009999959729611874
angle,1780512768638504361,-2.0299999713897705,0,0.009999984875321388
angle,1780512768648504721,-2.0299999713897705,0,0.010000001639127731
angle,1780512768658505452,-2.0299999713897705,0,0.009999936446547508
angle,1780512768668505249,-2.0299999713897705,0,0.010000002570450306
angle,1780512768678505293,-2.0299999713897705,0,0.009999968111515045
angle,1780512768688505570,-2.0299999713897705,0,0.009999974630773067
angle,1780512768698505802,-2.0299999713897705,0,0.009999953210353851
angle,1780512768709966276,-2.0299999713897705,0,0.01145950984209776
angle,1780512768719966228,-2.0299999713897705,0,0.009999874047935009
angle,1780512768729966737,-2.0299999713897705,0,0.009999975562095642
angle,1780512768739967198,-2.0299999713897705,0,0.009999975562095642
angle,1780512768749967428,-2.0299999713897705,0,0.009999947622418404
angle,1780512768759967276,-2.0299999713897705,0,0.009999964386224747
angle,1780512768769967572,-2.0299999713897705,0,0.009999927133321762
angle,1780512768779967690,-2.0299999713897705,0,0.009999958798289299
angle,1780512768789968042,-2.0299999713897705,0,0.009999978356063366
angle,1780512768799969372,-2.0299999713897705,0,0.009999971836805344
angle,1780512768809968721,-2.0299999713897705,0,0.00999994482845068
angle,1780512768819968899,-2.0299999713897705,0,0.009999942034482956
angle,1780512768829969618,-2.0299999713897705,0,0.009999946691095829
angle,1780512768839969368,-2.0299999713897705,0,0.009999950416386127
angle,1780512768849969570,-2.0299999713897705,0,0.009999950416386127
angle,1780512768859969897,-2.0299999713897705,0,0.009999939240515232
angle,1780512768869970201,-2.0299999713897705,0,0.009999982081353664
angle,1780512768879970938,-2.0299999713897705,0,0.009999953210353851
angle,1780512768889970678,-2.0299999713897705,0,0.00999995693564415
angle,1780512768899971139,-2.0299999713897705,0,0.009999997913837433
angle,1780512768909972966,-2.0299999713897705,0,0.009999947622418404
angle,1780512768919972387,-2.0299999713897705,0,0.009999936446547508
angle,1780512768929973231,-2.0299999713897705,0,0.010000024922192097
angle,1780512768939973997,-2.0299999713897705,0,0.009999839588999748
angle,1780512768949972981,-2.0299999713897705,0,0.009999911300837994
angle,1780512768959972836,-2.0299999713897705,0,0.009999990463256836
angle,1780512768969973458,-2.0299999713897705,0,0.009999941103160381
angle,1780512768979973098,-2.0299999713897705,0,0.009999937377870083
angle,1780512768989973362,-2.0299999713897705,0,0.009999988600611687
angle,1780512768999973624,-2.0299999713897705,0,0.00999998115003109
angle,1780512769009974180,-2.0299999713897705,0,0.00999995693564415
angle,1780512769019974146,-2.0299999713897705,0,0.009999953210353851
angle,1780512769029974282,-2.0299999713897705,0,0.009999940171837807
angle,1780512769039974526,-2.0299999713897705,0,0.010000002570450306
angle,1780512769049975214,-2.0299999713897705,0,0.009999973699450493
angle,1780512769059975187,-2.0299999713897705,0,0.00999999325722456
angle,1780512769069975399,-2.0299999713897705,0,0.009999961592257023
angle,1780512769079975706,-2.0299999713897705,0,0.009999977424740791
angle,1780512769089976178,-2.0299999713897705,0,0.009999987669289112
angle,1780512769099976310,-2.0299999713897705,0,0.010000001639127731
angle,1780512769109976407,-2.0299999713897705,0,0.009999983012676239
angle,1780512769119976739,-2.0299999713897705,0,0.009999984875321388
angle,1780512769129976805,-2.0299999713897705,0,0.00999993085861206
angle,1780512769139977077,-2.0299999713897705,0,0.010000007227063179
angle,1780512769149977406,-2.0299999713897705,0,0.00999997928738594
angle,1780512769159977657,-2.0299999713897705,0,0.009999957866966724
angle,1780512769169978107,-2.0299999713897705,0,0.010000002570450306
angle,1780512769179978570,-2.0299999713897705,0,0.009999969974160194
angle,1780512769189979300,-2.0299999713897705,0,0.010000075213611126
angle,1780512769199979088,-2.0299999713897705,0,0.009999836795032024
angle,1780512769209979429,-2.0299999713897705,0,0.009999994188547134
angle,1780512769219980119,-2.0299999713897705,0,0.009999998845160007
angle,1780512769229980170,-2.0299999713897705,0,0.009999957866966724
angle,1780512769239982244,-2.0299999713897705,0,0.009999954141676426
angle,1780512769249980925,-2.0299999713897705,0,0.009999868459999561
angle,1780512769259981210,-2.0299999713897705,0,0.010000000707805157
angle,1780512769269981328,-2.0299999713897705,0,0.009999948553740978
angle,1780512769279981486,-2.0299999713897705,0,0.00999996718019247
angle,1780512769289981539,-2.0299999713897705,0,0.009999953210353851
angle,1780512769299981764,-2.0299999713897705,0,0.009999937377870083
angle,1780512769309982118,-2.0299999713897705,0,0.010000008158385754
angle,1780512769319982498,-2.0299999713897705,0,0.00999996718019247
angle,1780512769329982848,-2.0299999713897705,0,0.009999937377870083
angle,1780512769339982811,-2.0299999713897705,0,0.009999940171837807
angle,1780512769349983367,-2.0299999713897705,0,0.009999972768127918
angle,1780512769359983228,-2.0299999713897705,0,0.009999975562095642
angle,1780512769369983565,-2.0299999713897705,0,0.009999937377870083
angle,1780512769379983576,-2.0299999713897705,0,0.00999994482845068
angle,1780512769389984191,-2.0299999713897705,0,0.009999941103160381
angle,1780512769399984039,-2.0299999713897705,0,0.009999946691095829
angle,1780512769409984304,-2.0299999713897705,0,0.009999973699450493
angle,1780512769419984604,-2.0299999713897705,0,0.00999997928738594
angle,1780512769429984675,-2.0299999713897705,0,0.009999961592257023
angle,1780512769439985774,-2.0299999713897705,0,0.009999995119869709
angle,1780512769449985254,-2.0299999713897705,0,0.009999915026128292
angle,1780512769459985756,-2.0299999713897705,0,0.009999987669289112
angle,1780512769469985737,-2.0299999713897705,0,0.010000004433095455
angle,1780512769479986451,-2.0299999713897705,0,0.009999996051192284
angle,1780512769489986240,-2.0299999713897705,0,0.009999937377870083
angle,1780512769499986379,-2.0299999713897705,0,0.009999992325901985
angle,1780512769509986528,-2.0299999713897705,0,0.009999983012676239
angle,1780512769519986893,-2.0299999713897705,0,0.010000008158385754
angle,1780512769529986960,-2.0299999713897705,0,0.009999957866966724
angle,1780512769539987984,-2.0299999713897705,0,0.009999975562095642
angle,1780512769549988925,-2.0299999713897705,0,0.009999891743063927
angle,1780512769559987985,-2.0299999713897705,0,0.009999903850257397
angle,1780512769569988145,-2.0299999713897705,0,0.009999936446547508
angle,1780512769579988559,-2.0299999713897705,0,0.009999990463256836
angle,1780512769589988959,-2.0299999713897705,0,0.009999950416386127
angle,1780512769599989558,-2.0299999713897705,0,0.009999990463256836
angle,1780512769609988960,-2.0299999713897705,0,0.009999957866966724
angle,1780512769619989462,-2.0299999713897705,0,0.010000004433095455
angle,1780512769629989552,-2.0299999713897705,0,0.009999943897128105
angle,1780512769639990502,-2.0299999713897705,0,0.010000058449804783
angle,1780512769649990306,-2.0299999713897705,0,0.009999955072999
angle,1780512769659990385,-2.0299999713897705,0,0.009999998845160007
angle,1780512769669990747,-2.0299999713897705,0,0.009999977424740791
angle,1780512769679990989,-2.0299999713897705,0,0.009999964386224747
angle,1780512769689991187,-2.0299999713897705,0,0.009999938309192657
angle,1780512769699991309,-2.0299999713897705,0,0.009999968111515045
angle,1780512769709991749,-2.0299999713897705,0,0.009999942034482956
angle,1780512769719992370,-2.0299999713897705,0,0.009999969974160194
angle,1780512769729992581,-2.0299999713897705,0,0.009999939240515232
angle,1780512769739993321,-2.0299999713897705,0,0.009999978356063366
angle,1780512769749993415,-2.0299999713897705,0,0.009999947622418404
angle,1780512769759994079,-2.0299999713897705,0,0.009999928995966911
angle,1780512769769993327,-2.0299999713897705,0,0.009999938309192657
angle,1780512769779993586,-2.0299999713897705,0,0.00999999325722456
angle,1780512769789994023,-2.0299999713897705,0,0.009999970905482769
angle,1780512769799994863,-2.0299999713897705,0,0.009999980218708515
angle,1780512769809994494,-2.0299999713897705,0,0.009999927133321762
angle,1780512769819995247,-2.0299999713897705,0,0.00999995693564415
angle,1780512769829995893,-2.0299999713897705,0,0.009999969974160194
angle,1780512769839996021,-2.0299999713897705,0,0.009999957866966724
angle,1780512769849995577,-2.0299999713897705,0,0.009999901987612247
angle,1780512769859995847,-2.0299999713897705,0,0.009999968111515045
angle,1780512769869996480,-2.0299999713897705,0,0.009999956004321575
angle,1780512769879996421,-2.0299999713897705,0,0.009999982081353664
angle,1780512769889996993,-2.0299999713897705,0,0.009999952279031277
angle,1780512769899997003,-2.0299999713897705,0,0.009999928995966911
angle,1780512769909997372,-2.0299999713897705,0,0.009999946691095829
angle,1780512769919998190,-2.0299999713897705,0,0.009999970905482769
angle,1780512769929998016,-2.0299999713897705,0,0.009999888017773628
angle,1780512769939998466,-2.0299999713897705,0,0.009999994188547134
angle,1780512769949998396,-2.0299999713897705,0,0.009999984875321388
angle,1780512769959999065,-2.0299999713897705,0,0.009999999776482582
angle,1780512769970000280,-2.0299999713897705,0,0.009999937377870083
angle,1780512769979999978,-2.0299999713897705,0,0.009999943897128105
angle,1780512769989999863,-2.0299999713897705,0,0.009999934583902359
angle,1780512770000000103,-2.0299999713897705,0,0.009999999776482582
angle,1780512770010001494,-2.0299999713897705,0,0.009999941103160381
angle,1780512770020001135,-2.0299999713897705,0,0.009999950416386127
angle,1780512770030000864,-2.0299999713897705,0,0.009999948553740978
angle,1780512770040001127,-2.0299999713897705,0,0.010000006295740604
angle,1780512770050001465,-2.0299999713897705,0,0.01000000536441803
angle,1780512770060001631,-2.0299999713897705,0,0.009999938309192657
angle,1780512770070001948,-2.0299999713897705,0,0.009999955072999
angle,1780512770080002296,-2.0299999713897705,0,0.009999988600611687
angle,1780512770090002439,-2.0299999713897705,0,0.009999890811741352
angle,1780512770100002746,-2.0299999713897705,0,0.009999969974160194
angle,1780512770110003240,-2.0299999713897705,0,0.009999956004321575
angle,1780512770120003439,-2.0299999713897705,0,0.010000006295740604
angle,1780512770130004072,-2.0299999713897705,0,0.009999942034482956
angle,1780512770140004044,-2.0299999713897705,0,0.009999915957450867
angle,1780512770150004245,-2.0299999713897705,0,0.009999983943998814
angle,1780512770160004684,-2.0299999713897705,0,0.009999948553740978
angle,1780512770170004642,-2.0299999713897705,0,0.009999959729611874
angle,1780512770180005310,-2.0299999713897705,0,0.009999996051192284
angle,1780512770190005367,-2.0299999713897705,0,0.009999984875321388
angle,1780512770200005923,-2.0299999713897705,0,0.009999996982514858
angle,1780512770210006394,-2.0299999713897705,0,0.009999959729611874
angle,1780512770220006830,-2.0299999713897705,0,0.010000004433095455
angle,1780512770230006810,-2.0299999713897705,0,0.009999996982514858
angle,1780512770240007193,-2.0299999713897705,0,0.009999941103160381
angle,1780512770250007676,-2.0299999713897705,0,0.009999952279031277
angle,1780512770261924982,-2.0299999713897705,0,0.011916524730622768
angle,1780512770271925297,-2.0299999713897705,0,0.009999832138419151
angle,1780512770281925179,-2.0299999713897705,0,0.009999956004321575
angle,1780512770291925559,-2.0299999713897705,0,0.009999995119869709
angle,1780512770301925950,-2.0299999713897705,0,0.009999966248869896
angle,1780512770311926347,-2.0299999713897705,0,0.009999948553740978
angle,1780512770321926489,-2.0299999713897705,0,0.009999983943998814
angle,1780512770331927126,-2.0299999713897705,0,0.009999941103160381
angle,1780512770341927225,-2.0299999713897705,0,0.009999978356063366
angle,1780512770351928731,-2.0299999713897705,0,0.00999996904283762
angle,1780512770361928314,-2.0299999713897705,0,0.009999875910580158
angle,1780512770371927652,-2.0299999713897705,0,0.009999905712902546
angle,1780512770381927676,-2.0299999713897705,0,0.009999941103160381
angle,1780512770391928447,-2.0299999713897705,0,0.009999982081353664
angle,1780512770401928075,-2.0299999713897705,0,0.00999999325722456
angle,1780512770411928429,-2.0299999713897705,0,0.00999995693564415
angle,1780512770421928984,-2.0299999713897705,0,0.009999946691095829
angle,1780512770431929015,-2.0299999713897705,0,0.00999999139457941
angle,1780512770441929744,-2.0299999713897705,0,0.00999996904283762
angle,1780512770451929546,-2.0299999713897705,0,0.009999975562095642
angle,1780512770461929929,-2.0299999713897705,0,0.009999964386224747
angle,1780512770471929927,-2.0299999713897705,0,0.010000001639127731
angle,1780512770481930694,-2.0299999713897705,0,0.009999963454902172
angle,1780512770491930454,-2.0299999713897705,0,0.010000001639127731
angle,1780512770501930738,-2.0299999713897705,0,0.009999939240515232
angle,1780512770511930990,-2.0299999713897705,0,0.009999963454902172
angle,1780512770521931433,-2.0299999713897705,0,0.009999969974160194
angle,1780512770531931489,-2.0299999713897705,0,0.00999994482845068
angle,1780512770541932019,-2.0299999713897705,0,0.009999969974160194
angle,1780512770551932742,-2.0299999713897705,0,0.009999939240515232
angle,1780512770561932381,-2.0299999713897705,0,0.009999926201999187
angle,1780512770571932630,-2.0299999713897705,0,0.009999982081353664
angle,1780512770581932849,-2.0299999713897705,0,0.00999994296580553
angle,1780512770591933484,-2.0299999713897705,0,0.009999988600611687
angle,1780512770601933227,-2.0299999713897705,0,0.009999940171837807
angle,1780512770611933499,-2.0299999713897705,0,0.009999982081353664
angle,1780512770621933995,-2.0299999713897705,0,0.009999965317547321
angle,1780512770631934029,-2.0299999713897705,0,0.009999936446547508
angle,1780512770641934252,-2.0299999713897705,0,0.009999968111515045
angle,1780512770651935262,-2.0299999713897705,0,0.009999983012676239
angle,1780512770661934877,-2.0299999713897705,0,0.009999924339354038
angle,1780512770671935104,-2.0299999713897705,0,0.010000006295740604
angle,1780512770681936072,-2.0299999713897705,0,0.009999974630773067
angle,1780512770691935618,-2.0299999713897705,0,0.009999947622418404
angle,1780512770701935827,-2.0299999713897705,0,0.009999947622418404
angle,1780512770711936121,-2.0299999713897705,0,0.009999996051192284
angle,1780512770721936638,-2.0299999713897705,0,0.009999987669289112
angle,1780512770731936761,-2.0299999713897705,0,0.009999942034482956
angle,1780512770741936801,-2.0299999713897705,0,0.009999938309192657
angle,1780512770751937072,-2.0299999713897705,0,0.009999954141676426
angle,1780512770761937143,-2.0299999713897705,0,0.009999992325901985
angle,1780512770771937525,-2.0299999713897705,0,0.009999983012676239
angle,1780512770781937716,-2.0299999713897705,0,0.009999994188547134
angle,1780512770791938229,-2.0299999713897705,0,0.009999975562095642
angle,1780512770801939673,-2.0299999713897705,0,0.00999994296580553
angle,1780512770811938804,-2.0299999713897705,0,0.009999891743063927
angle,1780512770821938955,-2.0299999713897705,0,0.009999937377870083
angle,1780512770831939284,-2.0299999713897705,0,0.009999996051192284
angle,1780512770841939785,-2.0299999713897705,0,0.00999995693564415
angle,1780512770851940095,-2.0299999713897705,0,0.009999956004321575
angle,1780512770861939860,-2.0299999713897705,0,0.009999974630773067
angle,1780512770871940187,-2.0299999713897705,0,0.009999963454902172
angle,1780512770881940451,-2.0299999713897705,0,0.009999964386224747
angle,1780512770891940595,-2.0299999713897705,0,0.009999971836805344
angle,1780512770901941225,-2.0299999713897705,0,0.009999997913837433
angle,1780512770911941061,-2.0299999713897705,0,0.009999943897128105
angle,1780512770921941565,-2.0299999713897705,0,0.00999997928738594
angle,1780512770931941643,-2.0299999713897705,0,0.009999960660934448
angle,1780512770941942041,-2.0299999713897705,0,0.009999969974160194
angle,1780512770951942129,-2.0299999713897705,0,0.009999965317547321
angle,1780512770961942264,-2.0299999713897705,0,0.00999996718019247
angle,1780512770971942875,-2.0299999713897705,0,0.009999953210353851
angle,1780512770981942857,-2.0299999713897705,0,0.009999983943998814
angle,1780512770991942915,-2.0299999713897705,0,0.009999934583902359
angle,1780512771001943300,-2.0299999713897705,0,0.00999998115003109
angle,1780512771011943624,-2.0299999713897705,0,0.009999985806643963
angle,1780512771021943794,-2.0299999713897705,0,0.009999996051192284
angle,1780512771031944446,-2.0299999713897705,0,0.009999996982514858
angle,1780512771041944757,-2.0299999713897705,0,0.009999936446547508
angle,1780512771051944609,-2.0299999713897705,0,0.009999941103160381
angle,1780512771061944713,-2.0299999713897705,0,0.009999939240515232
angle,1780512771071945111,-2.0299999713897705,0,0.009999978356063366
angle,1780512771081945672,-2.0299999713897705,0,0.009999985806643963
angle,1780512771091945919,-2.0299999713897705,0,0.009999953210353851
angle,1780512771101946125,-2.0299999713897705,0,0.01000000536441803
angle,1780512771111946401,-2.0299999713897705,0,0.010000004433095455
angle,1780512771121947046,-2.0299999713897705,0,0.009999972768127918
angle,1780512771131947047,-2.0299999713897705,0,0.009999959729611874
angle,1780512771141947191,-2.0299999713897705,0,0.009999996051192284
angle,1780512771151947633,-2.0299999713897705,0,0.009999952279031277
angle,1780512771161947593,-2.0299999713897705,0,0.009999973699450493
angle,1780512771171947857,-2.0299999713897705,0,0.009999968111515045
angle,1780512771181948247,-2.0299999713897705,0,0.009999954141676426
angle,1780512771191948437,-2.0299999713897705,0,0.010000009089708328
angle,1780512771201948683,-2.0299999713897705,0,0.009999980218708515
angle,1780512771211949552,-2.0299999713897705,0,0.009999963454902172
angle,1780512771221949505,-2.0299999713897705,0,0.009999958798289299
angle,1780512771231952305,-2.0299999713897705,0,0.010000009089708328
angle,1780512771241951790,-2.0299999713897705,0,0.009999898262321949
angle,1780512771251950827,-2.0299999713897705,0,0.009999946691095829
angle,1780512771261950788,-2.0299999713897705,0,0.009999942034482956
angle,1780512771271951126,-2.0299999713897705,0,0.00999999139457941
angle,1780512771281951661,-2.0299999713897705,0,0.010000001639127731
angle,1780512771291951777,-2.0299999713897705,0,0.009999965317547321
angle,1780512771301952356,-2.0299999713897705,0,0.009999940171837807
angle,1780512771311953421,-2.0299999713897705,0,0.009999957866966724
angle,1780512771321952437,-2.0299999713897705,0,0.009999901056289673
angle,1780512771331952933,-2.0299999713897705,0,0.010000008158385754
angle,1780512771341953788,-2.0299999713897705,0,0.00999996718019247
angle,1780512771351953365,-2.0299999713897705,0,0.009999955072999
angle,1780512771361954122,-2.0299999713897705,0,0.009999941103160381
angle,1780512771371953695,-2.0299999713897705,0,0.009999937377870083
angle,1780512771381953930,-2.0299999713897705,0,0.009999946691095829
angle,1780512771391954085,-2.0299999713897705,0,0.009999946691095829
angle,1780512771401955862,-2.0299999713897705,0,0.009999986737966537
angle,1780512771411954689,-2.0299999713897705,0,0.0099998963996768
angle,1780512771421955070,-2.0299999713897705,0,0.009999969974160194
angle,1780512771431955550,-2.0299999713897705,0,0.009999937377870083
angle,1780512771441955666,-2.0299999713897705,0,0.01000000536441803
angle,1780512771451956239,-2.0299999713897705,0,0.009999983012676239
angle,1780512771461956223,-2.0299999713897705,0,0.009999970905482769
angle,1780512771471956449,-2.0299999713897705,0,0.009999996982514858
angle,1780512771481956663,-2.0299999713897705,0,0.010000006295740604
angle,1780512771491957068,-2.0299999713897705,0,0.009999942034482956
angle,1780512771501957052,-2.0299999713897705,0,0.01000000536441803
angle,1780512771511957430,-2.0299999713897705,0,0.009999948553740978
angle,1780512771521957718,-2.0299999713897705,0,0.009999972768127918
angle,1780512771531958051,-2.0299999713897705,0,0.009999990463256836
angle,1780512771541958989,-2.0299999713897705,0,0.009999984875321388
angle,1780512771551958562,-2.0299999713897705,0,0.009999946691095829
angle,1780512771561960005,-2.0299999713897705,0,0.009999910369515419
angle,1780512771571959338,-2.0299999713897705,0,0.009999891743063927
angle,1780512771581959338,-2.0299999713897705,0,0.009999998845160007
angle,1780512771591959295,-2.0299999713897705,0,0.010000009089708328
angle,1780512771603538610,-2.0299999713897705,0,0.011578703299164772
angle,1780512771613539300,-2.0299999713897705,0,0.00999996904283762
angle,1780512771623539565,-2.0299999713897705,0,0.00999996718019247
angle,1780512771633539844,-2.0299999713897705,0,0.009999958798289299
angle,1780512771643539839,-2.0299999713897705,0,0.00999995693564415
angle,1780512771653540172,-2.0299999713897705,0,0.009999952279031277
angle,1780512771663540548,-2.0299999713897705,0,0.009999951347708702
angle,1780512771673550902,-2.0299999713897705,0,0.009999941103160381
angle,1780512771683542532,-2.0299999713897705,0,0.009999838657677174
angle,1780512771693542678,-2.0299999713897705,0,0.009999878704547882
angle,1780512771703541592,-2.0299999713897705,0,0.009999911300837994
angle,1780512771713541797,-2.0299999713897705,0,0.009999966248869896
angle,1780512771723542844,-2.0299999713897705,0,0.00999994482845068
angle,1780512771733542486,-2.0299999713897705,0,0.009999975562095642
angle,1780512771743542583,-2.0299999713897705,0,0.009999971836805344
angle,1780512771753543214,-2.0299999713897705,0,0.00999997928738594
angle,1780512771763542977,-2.0299999713897705,0,0.00999996718019247
angle,1780512771773543440,-2.0299999713897705,0,0.009999934583902359
angle,1780512771783543428,-2.0299999713897705,0,0.009999966248869896
angle,1780512771793544094,-2.0299999713897705,0,0.009999942034482956
angle,1780512771803544822,-2.0299999713897705,0,0.009999931789934635
angle,1780512771813544144,-2.0299999713897705,0,0.009999960660934448
angle,1780512771823544479,-2.0299999713897705,0,0.009999934583902359
angle,1780512771833544825,-2.0299999713897705,0,0.009999958798289299
angle,1780512771843544907,-2.0299999713897705,0,0.010000001639127731
angle,1780512771855006272,-2.0299999713897705,0,0.011460320092737675
angle,1780512771865006712,-2.0299999713897705,0,0.009999941103160381
angle,1780512771875006311,-2.0299999713897705,0,0.009999942034482956
angle,1780512771885008187,-2.0299999713897705,0,0.009999951347708702
angle,1780512771895007053,-2.0299999713897705,0,0.00999993272125721
angle,1780512771905007239,-2.0299999713897705,0,0.00999996904283762
angle,1780512771915007782,-2.0299999713897705,0,0.00999997928738594
angle,1780512771925007768,-2.0299999713897705,0,0.009999934583902359
angle,1780512771935007999,-2.0299999713897705,0,0.009999934583902359
angle,1780512771945008123,-2.0299999713897705,0,0.009999974630773067
angle,1780512771955008651,-2.0299999713897705,0,0.009999943897128105
angle,1780512771965008605,-2.0299999713897705,0,0.009999978356063366
angle,1780512771975010458,-2.0299999713897705,0,0.009999968111515045
angle,1780512771985009074,-2.0299999713897705,0,0.0099998963996768
angle,1780512771995009712,-2.0299999713897705,0,0.009999960660934448
angle,1780512772005009709,-2.0299999713897705,0,0.009999952279031277
angle,1780512772015009717,-2.0299999713897705,0,0.009999947622418404
angle,1780512772025009954,-2.0299999713897705,0,0.009999947622418404
angle,1780512772035010588,-2.0299999713897705,0,0.009999942034482956
angle,1780512772045010517,-2.0299999713897705,0,0.00999999325722456
angle,1780512772055010873,-2.0299999713897705,0,0.009999950416386127
angle,1780512772065011804,-2.0299999713897705,0,0.009999953210353851
angle,1780512772075011339,-2.0299999713897705,0,0.009999901056289673
angle,1780512772085011516,-2.0299999713897705,0,0.009999983012676239
angle,1780512772095012254,-2.0299999713897705,0,0.00999996718019247
angle,1780512772105012209,-2.0299999713897705,0,0.010000008158385754
angle,1780512772115012255,-2.0299999713897705,0,0.009999940171837807
angle,1780512772125013014,-2.0299999713897705,0,0.009999996051192284
angle,1780512772135012931,-2.0299999713897705,0,0.009999994188547134
angle,1780512772145013041,-2.0299999713897705,0,0.00999988242983818
angle,1780512772155013845,-2.0299999713897705,0,0.009999985806643963
angle,1780512772165013676,-2.0299999713897705,0,0.009999983012676239
angle,1780512772175013843,-2.0299999713897705,0,0.009999992325901985
angle,1780512772185013969,-2.0299999713897705,0,0.00999996718019247
angle,1780512772195014284,-2.0299999713897705,0,0.010000004433095455
angle,1780512772205014570,-2.0299999713897705,0,0.009999946691095829
angle,1780512772215014816,-2.0299999713897705,0,0.009999971836805344
angle,1780512772225014923,-2.0299999713897705,0,0.009999951347708702
angle,1780512772235015266,-2.0299999713897705,0,0.009999996051192284
angle,1780512772245015376,-2.0299999713897705,0,0.009999969974160194
angle,1780512772255015604,-2.0299999713897705,0,0.009999938309192657
angle,1780512772265016475,-2.0299999713897705,0,0.009999997913837433
angle,1780512772275016396,-2.0299999713897705,0,0.009999947622418404
angle,1780512772285016555,-2.0299999713897705,0,0.009999985806643963
angle,1780512772295016821,-2.0299999713897705,0,0.009999928995966911
angle,1780512772305016886,-2.0299999713897705,0,0.009999939240515232
angle,1780512772315017170,-2.0299999713897705,0,0.009999933652579784
angle,1780512772325017489,-2.0299999713897705,0,0.009999939240515232
angle,1780512772335017802,-2.0299999713897705,0,0.009999939240515232
angle,1780512772345018021,-2.0299999713897705,0,0.009999919682741165
angle,1780512772355018478,-2.0299999713897705,0,0.009999958798289299
angle,1780512772365018738,-2.0299999713897705,0,0.009999940171837807
angle,1780512772375018854,-2.0299999713897705,0,0.009999997913837433
angle,1780512772385019375,-2.0299999713897705,0,0.009999990463256836
angle,1780512772395019373,-2.0299999713897705,0,0.009999998845160007
angle,1780512772405019587,-2.0299999713897705,0,0.00999996718019247
angle,1780512772415019786,-2.0299999713897705,0,0.009999988600611687
angle,1780512772425020269,-2.0299999713897705,0,0.010000001639127731
angle,1780512772435020778,-2.0299999713897705,0,0.009999964386224747
angle,1780512772445020794,-2.0299999713897705,0,0.009999959729611874
angle,1780512772455021462,-2.0299999713897705,0,0.009999994188547134
angle,1780512772465021589,-2.0299999713897705,0,0.009999984875321388
angle,1780512772475021961,-2.0299999713897705,0,0.009999937377870083
angle,1780512772485022016,-2.0299999713897705,0,0.010000004433095455
angle,1780512772495022275,-2.0299999713897705,0,0.009999987669289112
angle,1780512772505022641,-2.0299999713897705,0,0.009999925270676613
angle,1780512772515022570,-2.0299999713897705,0,0.00999999325722456
angle,1780512772525022912,-2.0299999713897705,0,0.009999945759773254
angle,1780512772535023265,-2.0299999713897705,0,0.009999941103160381
angle,1780512772545023293,-2.0299999713897705,0,0.009999943897128105
angle,1780512772555024112,-2.0299999713897705,0,0.010000004433095455
angle,1780512772565024027,-2.0299999713897705,0,0.009999978356063366
angle,1780512772575024406,-2.0299999713897705,0,0.009999963454902172
angle,1780512772585024511,-2.0299999713897705,0,0.009999985806643963
angle,1780512772595024520,-2.0299999713897705,0,0.009999942034482956
angle,1780512772605024605,-2.0299999713897705,0,0.009999982081353664
angle,1780512772615025019,-2.0299999713897705,0,0.00999996904283762
angle,1780512772625025633,-2.0299999713897705,0,0.009999998845160007
angle,1780512772635025675,-2.0299999713897705,0,0.009999952279031277
angle,1780512772645025879,-2.0299999713897705,0,0.010000002570450306
angle,1780512772655026092,-2.0299999713897705,0,0.009999955072999
angle,1780512772665026638,-2.0299999713897705,0,0.009999970905482769
angle,1780512772675026774,-2.0299999713897705,0,0.010000002570450306
angle,1780512772685026901,-2.0299999713897705,0,0.009999985806643963
angle,1780512772695027129,-2.0299999713897705,0,0.009999942034482956
angle,1780512772705027274,-2.0299999713897705,0,0.00999996718019247
angle,1780512772715027863,-2.0299999713897705,0,0.009999994188547134
angle,1780512772725028198,-2.0299999713897705,0,0.009999942034482956
angle,1780512772735028222,-2.0299999713897705,0,0.009999970905482769
angle,1780512772745028495,-2.0299999713897705,0,0.009999953210353851
angle,1780512772755029292,-2.0299999713897705,0,0.010000033304095268
angle,1780512772765029316,-2.0299999713897705,0,0.009999915957450867
angle,1780512772775029314,-2.0299999713897705,0,0.009999916888773441
angle,1780512772785029493,-2.0299999713897705,0,0.009999966248869896
angle,1780512772795029882,-2.0299999713897705,0,0.009999983943998814
angle,1780512772805031289,-2.0299999713897705,0,0.009999958798289299
angle,1780512772815030716,-2.0299999713897705,0,0.009999956004321575
angle,1780512772825030569,-2.0299999713897705,0,0.00999993272125721
angle,1780512772835031007,-2.0299999713897705,0,0.009999951347708702
angle,1780512772845031340,-2.0299999713897705,0,0.009999885223805904
angle,1780512772855031307,-2.0299999713897705,0,0.009999990463256836
angle,1780512772865031658,-2.0299999713897705,0,0.010000004433095455
angle,1780512772875031794,-2.0299999713897705,0,0.009999948553740978
angle,1780512772885032159,-2.0299999713897705,0,0.009999971836805344
angle,1780512772895032821,-2.0299999713897705,0,0.009999978356063366
angle,1780512772905032950,-2.0299999713897705,0,0.009999990463256836
angle,1780512772915032988,-2.0299999713897705,0,0.009999978356063366
angle,1780512772925033525,-2.0299999713897705,0,0.010000010021030903
angle,1780512772935033737,-2.0299999713897705,0,0.00999994482845068
angle,1780512772945033836,-2.0299999713897705,0,0.009999909438192844
angle,1780512772955034384,-2.0299999713897705,0,0.01000000536441803
angle,1780512772965034477,-2.0299999713897705,0,0.00999994296580553
angle,1780512772975035302,-2.0299999713897705,0,0.009999969974160194
angle,1780512772985035184,-2.0299999713897705,0,0.009999924339354038
angle,1780512772995035200,-2.0299999713897705,0,0.009999936446547508
angle,1780512773005035744,-2.0299999713897705,0,0.009999992325901985
angle,1780512773015035751,-2.0299999713897705,0,0.010000007227063179
angle,1780512773025036614,-2.0299999713897705,0,0.009999938309192657
angle,1780512773035036874,-2.0299999713897705,0,0.009999924339354038
angle,1780512773045037064,-2.0299999713897705,0,0.009999973699450493
angle,1780512773056617233,-2.0299999713897705,0,0.011579805985093117
angle,1780512773066617083,-2.0299999713897705,0,0.009999911300837994
angle,1780512773076617438,-2.0299999713897705,0,0.009999956004321575
angle,1780512773086617952,-2.0299999713897705,0,0.00999995693564415
angle,1780512773096618226,-2.0299999713897705,0,0.00999994482845068
angle,1780512773106618149,-2.0299999713897705,0,0.009999959729611874
angle,1780512773116618381,-2.0299999713897705,0,0.009999946691095829
angle,1780512773126618627,-2.0299999713897705,0,0.009999992325901985
angle,1780512773136619712,-2.0299999713897705,0,0.009999971836805344
angle,1780512773146619300,-2.0299999713897705,0,0.009999898262321949
angle,1780512773158020653,-2.0299999713897705,0,0.011400816030800343
angle,1780512773168020987,-2.0299999713897705,0,0.00999996718019247
angle,1780512773178021251,-2.0299999713897705,0,0.009999924339354038
angle,1780512773188021483,-2.0299999713897705,0,0.009999963454902172
angle,1780512773198021613,-2.0299999713897705,0,0.009999950416386127
angle,1780512773208021871,-2.0299999713897705,0,0.010000002570450306
angle,1780512773218022782,-2.0299999713897705,0,0.009999950416386127
angle,1780512773229708684,-2.0299999713897705,0,0.011685919016599655
angle,1780512773239709522,-2.0299999713897705,0,0.009999931789934635
angle,1780512773249710329,-2.0299999713897705,0,0.010000004433095455
angle,1780512773259709974,-2.0299999713897705,0,0.009999892674386501
angle,1780512773269710200,-2.0299999713897705,0,0.009999968111515045
angle,1780512773279710337,-2.0299999713897705,0,0.009999988600611687
angle,1780512773289711063,-2.0299999713897705,0,0.009999938309192657
angle,1780512773299710833,-2.0299999713897705,0,0.009999952279031277
angle,1780512773309711059,-2.0299999713897705,0,0.009999996982514858
angle,1780512773319711376,-2.0299999713897705,0,0.009999954141676426
angle,1780512773329711435,-2.0299999713897705,0,0.009999998845160007
angle,1780512773339711806,-2.0299999713897705,0,0.009999956004321575
angle,1780512773349712216,-2.0299999713897705,0,0.009999938309192657
angle,1780512773359712309,-2.0299999713897705,0,0.009999951347708702
angle,1780512773369712573,-2.0299999713897705,0,0.009999998845160007
angle,1780512773379712859,-2.0299999713897705,0,0.009999975562095642
angle,1780512773389713217,-2.0299999713897705,0,0.010000001639127731
angle,1780512773399713366,-2.0299999713897705,0,0.009999943897128105
angle,1780512773409713525,-2.0299999713897705,0,0.010000010952353477
angle,1780512773419713864,-2.0299999713897705,0,0.009999947622418404
angle,1780512773429714246,-2.0299999713897705,0,0.009999983012676239
angle,1780512773439714511,-2.0299999713897705,0,0.009999945759773254
angle,1780512773449714582,-2.0299999713897705,0,0.010000001639127731
angle,1780512773459714922,-2.0299999713897705,0,0.010000002570450306
angle,1780512773469715475,-2.0299999713897705,0,0.009999960660934448
angle,1780512773479715351,-2.0299999713897705,0,0.009999951347708702
angle,1780512773489715715,-2.0299999713897705,0,0.009999956004321575
angle,1780512773499716837,-2.0299999713897705,0,0.009999937377870083
angle,1780512773509716194,-2.0299999713897705,0,0.009999887086451054
angle,1780512773519716304,-2.0299999713897705,0,0.009999982081353664
angle,1780512773529716787,-2.0299999713897705,0,0.009999973699450493
angle,1780512773539717082,-2.0299999713897705,0,0.009999959729611874
angle,1780512773549717295,-2.0299999713897705,0,0.009999999776482582
angle,1780512773559719495,-2.0299999713897705,0,0.009999934583902359
angle,1780512773569717679,-2.0299999713897705,0,0.009999845176935196
angle,1780512773579717778,-2.0299999713897705,0,0.009999983943998814
angle,1780512773589718046,-2.0299999713897705,0,0.009999955072999
angle,1780512773599718546,-2.0299999713897705,0,0.009999988600611687
angle,1780512773609718554,-2.0299999713897705,0,0.00999999325722456
angle,1780512773619718917,-2.0299999713897705,0,0.009999957866966724
angle,1780512773629718982,-2.0299999713897705,0,0.009999978356063366
angle,1780512773639719539,-2.0299999713897705,0,0.009999969974160194
angle,1780512773649719791,-2.0299999713897705,0,0.009999974630773067
angle,1780512773659719912,-2.0299999713897705,0,0.009999945759773254
angle,1780512773669720635,-2.0299999713897705,0,0.009999940171837807
angle,1780512773679720786,-2.0299999713897705,0,0.009999948553740978
angle,1780512773689720963,-2.0299999713897705,0,0.00999996904283762
angle,1780512773699721165,-2.0299999713897705,0,0.009999950416386127
angle,1780512773709721577,-2.0299999713897705,0,0.009999980218708515
angle,1780512773723920151,-2.0299999713897705,0,0.014198104850947857
angle,1780512773733920624,-2.0299999713897705,0,0.009999945759773254
angle,1780512773743921038,-2.0299999713897705,0,0.00999994296580553
angle,1780512773753921517,-2.0299999713897705,0,0.009999968111515045
angle,1780512773763921506,-2.0299999713897705,0,0.009999970905482769
angle,1780512773773921533,-2.0299999713897705,0,0.00999999139457941
angle,1780512773783921865,-2.0299999713897705,0,0.009999972768127918
angle,1780512773793922617,-2.0299999713897705,0,0.009999964386224747
angle,1780512773803923618,-2.0299999713897705,0,0.009999988600611687
angle,1780512773813922813,-2.0299999713897705,0,0.010000004433095455
angle,1780512773823923075,-2.0299999713897705,0,0.009999990463256836
angle,1780512773833923166,-2.0299999713897705,0,0.00999995693564415
angle,1780512773843924134,-2.0299999713897705,0,0.009999997913837433
angle,1780512773853923697,-2.0299999713897705,0,0.009999956004321575
angle,1780512773863924089,-2.0299999713897705,0,0.009999966248869896
angle,1780512773873924445,-2.0299999713897705,0,0.00999994482845068
angle,1780512773883924391,-2.0299999713897705,0,0.00999996904283762
angle,1780512773893924540,-2.0299999713897705,0,0.009999947622418404
angle,1780512773903924939,-2.0299999713897705,0,0.01000000536441803
angle,1780512773913925319,-2.0299999713897705,0,0.00999996718019247
angle,1780512773923925585,-2.0299999713897705,0,0.009999995119869709
angle,1780512773933926983,-2.0299999713897705,0,0.010000004433095455
angle,1780512773943926361,-2.0299999713897705,0,0.009999878704547882
angle,1780512773953926713,-2.0299999713897705,0,0.00999997928738594
angle,1780512773963926999,-2.0299999713897705,0,0.009999954141676426
angle,1780512773973928902,-2.0299999713897705,0,0.009999938309192657
angle,1780512773983927651,-2.0299999713897705,0,0.0099998963996768
angle,1780512773993927932,-2.0299999713897705,0,0.009999940171837807
angle,1780512774003928080,-2.0299999713897705,0,0.009999997913837433
angle,1780512774013928109,-2.0299999713897705,0,0.009999971836805344
angle,1780512774023928474,-2.0299999713897705,0,0.009999980218708515
angle,1780512774033928601,-2.0299999713897705,0,0.009999941103160381
angle,1780512774043929310,-2.0299999713897705,0,0.009999973699450493
angle,1780512774053929316,-2.0299999713897705,0,0.009999987669289112
angle,1780512774063929506,-2.0299999713897705,0,0.009999980218708515
angle,1780512774073929624,-2.0299999713897705,0,0.009999982081353664
angle,1780512774083930092,-2.0299999713897705,0,0.010000001639127731
angle,1780512774093930604,-2.0299999713897705,0,0.009999998845160007
angle,1780512774103930669,-2.0299999713897705,0,0.00999999139457941
angle,1780512774113931071,-2.0299999713897705,0,0.009999990463256836
angle,1780512774123931199,-2.0299999713897705,0,0.009999958798289299
angle,1780512774133932063,-2.0299999713897705,0,0.009999997913837433
angle,1780512774143931896,-2.0299999713897705,0,0.009999997913837433
angle,1780512774153931881,-2.0299999713897705,0,0.009999996982514858
angle,1780512774163932322,-2.0299999713897705,0,0.009999983012676239
angle,1780512774173932411,-2.0299999713897705,0,0.009999954141676426
angle,1780512774183932629,-2.0299999713897705,0,0.009999965317547321
angle,1780512774193933409,-2.0299999713897705,0,0.010000000707805157
angle,1780512774203933142,-2.0299999713897705,0,0.009999951347708702
angle,1780512774213933464,-2.0299999713897705,0,0.009999966248869896
angle,1780512774223933660,-2.0299999713897705,0,0.009999969974160194
angle,1780512774233933899,-2.0299999713897705,0,0.009999940171837807
angle,1780512774243934327,-2.0299999713897705,0,0.00999998115003109
angle,1780512774253934403,-2.0299999713897705,0,0.00999994296580553
angle,1780512774263934689,-2.0299999713897705,0,0.009999941103160381
angle,1780512774273935186,-2.0299999713897705,0,0.009999955072999
angle,1780512774283935484,-2.0299999713897705,0,0.00999992061406374
angle,1780512774293935364,-2.0299999713897705,0,0.009999899193644524
angle,1780512774303935636,-2.0299999713897705,0,0.009999996982514858
angle,1780512774313936012,-2.0299999713897705,0,0.010000008158385754
angle,1780512774323936504,-2.0299999713897705,0,0.010000007227063179
angle,1780512774333936696,-2.0299999713897705,0,0.009999933652579784
angle,1780512774343937007,-2.0299999713897705,0,0.009999948553740978
angle,1780512774353937086,-2.0299999713897705,0,0.009999960660934448
angle,1780512774363937269,-2.0299999713897705,0,0.009999942034482956
angle,1780512774373937678,-2.0299999713897705,0,0.009999956004321575
angle,1780512774383937915,-2.0299999713897705,0,0.01000000536441803
angle,1780512774393937875,-2.0299999713897705,0,0.009999945759773254
angle,1780512774403938234,-2.0299999713897705,0,0.009999955072999
angle,1780512774413938316,-2.0299999713897705,0,0.009999978356063366
angle,1780512774423938574,-2.0299999713897705,0,0.00999995693564415
angle,1780512774433938865,-2.0299999713897705,0,0.009999943897128105
angle,1780512774443939182,-2.0299999713897705,0,0.009999990463256836
angle,1780512774453939337,-2.0299999713897705,0,0.009999963454902172
angle,1780512774463939910,-2.0299999713897705,0,0.009999986737966537
angle,1780512774473940053,-2.0299999713897705,0,0.009999969974160194
angle,1780512774483940254,-2.0299999713897705,0,0.009999971836805344
angle,1780512774493940612,-2.0299999713897705,0,0.009999983943998814
angle,1780512774503941116,-2.0299999713897705,0,0.009999999776482582
angle,1780512774513941136,-2.0299999713897705,0,0.00999994482845068
angle,1780512774523941431,-2.0299999713897705,0,0.00999996718019247
angle,1780512774533941743,-2.0299999713897705,0,0.009999939240515232
angle,1780512774543942008,-2.0299999713897705,0,0.010000004433095455
angle,1780512774553942311,-2.0299999713897705,0,0.009999947622418404
angle,1780512774563944921,-2.0299999713897705,0,0.009999953210353851
angle,1780512774573944916,-2.0299999713897705,0,0.00999997928738594
angle,1780512774583943202,-2.0299999713897705,0,0.009999841451644897
angle,1780512774593943719,-2.0299999713897705,0,0.00999999325722456
angle,1780512774603943596,-2.0299999713897705,0,0.009999958798289299
angle,1780512774613943816,-2.0299999713897705,0,0.009999999776482582
angle,1780512774623944113,-2.0299999713897705,0,0.00999994296580553
angle,1780512774633944647,-2.0299999713897705,0,0.009999970905482769
angle,1780512774643944509,-2.0299999713897705,0,0.009999951347708702
angle,1780512774653944769,-2.0299999713897705,0,0.009999959729611874
angle,1780512774663944874,-2.0299999713897705,0,0.009999982081353664
angle,1780512774673945304,-2.0299999713897705,0,0.009999966248869896
angle,1780512774683945432,-2.0299999713897705,0,0.009999971836805344
angle,1780512774693945965,-2.0299999713897705,0,0.009999956004321575
angle,1780512774703946204,-2.0299999713897705,0,0.009999891743063927
angle,1780512774713946232,-2.0299999713897705,0,0.010000002570450306
angle,1780512774723946788,-2.0299999713897705,0,0.009999934583902359
angle,1780512774733946751,-2.0299999713897705,0,0.00999999139457941
angle,1780512774743947151,-2.0299999713897705,0,0.009999983943998814
angle,1780512774753948046,-2.0299999713897705,0,0.00999994296580553
angle,1780512774763948253,-2.0299999713897705,0,0.009999975562095642
angle,1780512774773948555,-2.0299999713897705,0,0.009999973699450493
angle,1780512774783948221,-2.0299999713897705,0,0.009999955072999
angle,1780512774793948372,-2.0299999713897705,0,0.010000001639127731
angle,1780512774803949622,-2.0299999713897705,0,0.00999998115003109
angle,1780512774813948896,-2.0299999713897705,0,0.009999940171837807
angle,1780512774823949373,-2.0299999713897705,0,0.009999939240515232
angle,1780512774833949597,-2.0299999713897705,0,0.009999946691095829
angle,1780512774843949507,-2.0299999713897705,0,0.009999965317547321
angle,1780512774853949816,-2.0299999713897705,0,0.009999984875321388
angle,1780512774863950102,-2.0299999713897705,0,0.009999951347708702
angle,1780512774873950191,-2.0299999713897705,0,0.009999939240515232
angle,1780512774883950778,-2.0299999713897705,0,0.009999994188547134
angle,1780512774893950775,-2.0299999713897705,0,0.009999983012676239
angle,1780512774903950941,-2.0299999713897705,0,0.009999946691095829
angle,1780512774913951207,-2.0299999713897705,0,0.009999958798289299
angle,1780512774923951390,-2.0299999713897705,0,0.009999940171837807
angle,1780512774933951711,-2.0299999713897705,0,0.009999961592257023
angle,1780512774943952733,-2.0299999713897705,0,0.00999998115003109
angle,1780512774953952258,-2.0299999713897705,0,0.009999849833548069
angle,1780512774963952567,-2.0299999713897705,0,0.009999966248869896
angle,1780512774973952806,-2.0299999713897705,0,0.009999938309192657
angle,1780512774983952835,-2.0299999713897705,0,0.00999995693564415
angle,1780512774993953077,-2.0299999713897705,0,0.009999941103160381
angle,1780512775003953352,-2.0299999713897705,0,0.009999969974160194
angle,1780512775013953842,-2.0299999713897705,0,0.009999980218708515
angle,1780512775023953835,-2.0299999713897705,0,0.009999959729611874
angle,1780512775033954100,-2.0299999713897705,0,0.009999964386224747
angle,1780512775045638303,-2.0299999713897705,0,0.01168354693800211
angle,1780512775055639152,-2.0299999713897705,0,0.01000002771615982
angle,1780512775065639113,-2.0299999713897705,0,0.009999891743063927
angle,1780512775075639854,-2.0299999713897705,0,0.009999969974160194
angle,1780512775085639524,-2.0299999713897705,0,0.009999988600611687
angle,1780512775095639951,-2.0299999713897705,0,0.009999994188547134
angle,1780512775105640036,-2.0299999713897705,0,0.009999938309192657
angle,1780512775115640492,-2.0299999713897705,0,0.00999998115003109
angle,1780512775125640524,-2.0299999713897705,0,0.009999947622418404
angle,1780512775135640673,-2.0299999713897705,0,0.009999951347708702
angle,1780512775145641155,-2.0299999713897705,0,0.009999996982514858
angle,1780512775155641328,-2.0299999713897705,0,0.00999990664422512
angle,1780512775165641966,-2.0299999713897705,0,0.009999947622418404
angle,1780512775175641876,-2.0299999713897705,0,0.00999998115003109
angle,1780512775185641940,-2.0299999713897705,0,0.009999940171837807
angle,1780512775195642119,-2.0299999713897705,0,0.009999978356063366
angle,1780512775205642628,-2.0299999713897705,0,0.009999996982514858
angle,1780512775215642588,-2.0299999713897705,0,0.009999984875321388
angle,1780512775225642920,-2.0299999713897705,0,0.009999954141676426
angle,1780512775235642966,-2.0299999713897705,0,0.009999999776482582
angle,1780512775245643279,-2.0299999713897705,0,0.009999964386224747
angle,1780512775255643470,-2.0299999713897705,0,0.009999996982514858
angle,1780512775265643686,-2.0299999713897705,0,0.009999984875321388
angle,1780512775275643982,-2.0299999713897705,0,0.009999955072999
angle,1780512775285644409,-2.0299999713897705,0,0.009999988600611687
angle,1780512775295644578,-2.0299999713897705,0,0.009999950416386127
angle,1780512775305644732,-2.0299999713897705,0,0.00999998115003109
angle,1780512775315644835,-2.0299999713897705,0,0.009999975562095642
angle,1780512775325645115,-2.0299999713897705,0,0.009999978356063366
angle,1780512775335645699,-2.0299999713897705,0,0.009999977424740791
angle,1780512775345645925,-2.0299999713897705,0,0.009999937377870083
angle,1780512775355645993,-2.0299999713897705,0,0.00999996718019247
angle,1780512775365646066,-2.0299999713897705,0,0.009999952279031277
angle,1780512775375646525,-2.0299999713897705,0,0.009999953210353851
angle,1780512775385646898,-2.0299999713897705,0,0.00999994296580553
angle,1780512775395646601,-2.0299999713897705,0,0.009999938309192657
angle,1780512775405646754,-2.0299999713897705,0,0.009999934583902359
angle,1780512775415647159,-2.0299999713897705,0,0.009999969974160194
angle,1780512775425647653,-2.0299999713897705,0,0.010000001639127731
angle,1780512775435647615,-2.0299999713897705,0,0.009999995119869709
angle,1780512775445647818,-2.0299999713897705,0,0.009999951347708702
angle,1780512775455648197,-2.0299999713897705,0,0.009999996982514858
angle,1780512775465648407,-2.0299999713897705,0,0.00999999325722456
angle,1780512775475648988,-2.0299999713897705,0,0.009999933652579784
angle,1780512775485648796,-2.0299999713897705,0,0.009999904781579971
angle,1780512775495651671,-2.0299999713897705,0,0.009999964386224747
angle,1780512775505649265,-2.0299999713897705,0,0.009999942034482956
angle,1780512775515649562,-2.0299999713897705,0,0.009999992325901985
angle,1780512775525649830,-2.0299999713897705,0,0.009999992325901985
angle,1780512775535649989,-2.0299999713897705,0,0.009999951347708702
angle,1780512775545650798,-2.0299999713897705,0,0.009999964386224747
angle,1780512775555650997,-2.0299999713897705,0,0.009999996051192284
angle,1780512775565652860,-2.0299999713897705,0,0.009999938309192657
angle,1780512775575651634,-2.0299999713897705,0,0.009999931789934635
angle,1780512775585651677,-2.0299999713897705,0,0.009999990463256836
angle,1780512775595651915,-2.0299999713897705,0,0.009999975562095642
angle,1780512775605652313,-2.0299999713897705,0,0.009999969974160194
angle,1780512775615652636,-2.0299999713897705,0,0.00999995693564415
angle,1780512775625652832,-2.0299999713897705,0,0.009999934583902359
angle,1780512775635653085,-2.0299999713897705,0,0.009999984875321388
angle,1780512775645653316,-2.0299999713897705,0,0.009999978356063366
angle,1780512775655653543,-2.0299999713897705,0,0.009999972768127918
angle,1780512775665653770,-2.0299999713897705,0,0.009999994188547134
angle,1780512775675654270,-2.0299999713897705,0,0.009999984875321388
angle,1780512775685654891,-2.0299999713897705,0,0.009999961592257023
angle,1780512775695654578,-2.0299999713897705,0,0.00999991875141859
angle,1780512775705655188,-2.0299999713897705,0,0.009999973699450493
angle,1780512775715655042,-2.0299999713897705,0,0.009999933652579784
angle,1780512775725655414,-2.0299999713897705,0,0.009999995119869709
angle,1780512775735655496,-2.0299999713897705,0,0.010000000707805157
angle,1780512775745656035,-2.0299999713897705,0,0.009999977424740791
angle,1780512775755656958,-2.0299999713897705,0,0.00999994482845068
angle,1780512775765656567,-2.0299999713897705,0,0.010000006295740604
angle,1780512775775657002,-2.0299999713897705,0,0.009999957866966724
angle,1780512775785657021,-2.0299999713897705,0,0.009999946691095829
angle,1780512775795658363,-2.0299999713897705,0,0.009999983012676239
angle,1780512775805659919,-2.0299999713897705,0,0.010000002570450306
angle,1780512775815658216,-2.0299999713897705,0,0.00999988429248333
angle,1780512775825658452,-2.0299999713897705,0,0.009999965317547321
angle,1780512775835658538,-2.0299999713897705,0,0.009999938309192657
angle,1780512775845659338,-2.0299999713897705,0,0.009999985806643963
angle,1780512775855659232,-2.0299999713897705,0,0.009999950416386127
angle,1780512775865659576,-2.0299999713897705,0,0.00999995693564415
angle,1780512775875659758,-2.0299999713897705,0,0.010000002570450306
angle,1780512775885660447,-2.0299999713897705,0,0.010000001639127731
angle,1780512775895660301,-2.0299999713897705,0,0.009999552741646767
angle,1780512775905661112,-2.0299999713897705,0,0.009999995119869709
angle,1780512775915661022,-2.0299999713897705,0,0.009999905712902546
angle,1780512775925661231,-2.0299999713897705,0,0.009999941103160381
angle,1780512775935661674,-2.0299999713897705,0,0.009999961592257023
angle,1780512775945661337,-2.0299999713897705,0,0.009999957866966724
angle,1780512775955661726,-2.0299999713897705,0,0.00999994482845068
angle,1780512775965661957,-2.0299999713897705,0,0.009999952279031277
angle,1780512775975664369,-2.0299999713897705,0,0.009999996982514858
angle,1780512775985662549,-2.0299999713897705,0,0.009999928064644337
angle,1780512775995662620,-2.0299999713897705,0,0.009999964386224747
angle,1780512776005663525,-2.0299999713897705,0,0.009999994188547134
angle,1780512776015663475,-2.0299999713897705,0,0.009999902918934822
angle,1780512776025663851,-2.0299999713897705,0,0.00999994482845068
angle,1780512776035664078,-2.0299999713897705,0,0.010000011883676052
angle,1780512776045664228,-2.0299999713897705,0,0.009999928995966911
angle,1780512776055665288,-2.0299999713897705,0,0.009999939240515232
angle,1780512776065664878,-2.0299999713897705,0,0.009999938309192657
angle,1780512776075665403,-2.0299999713897705,0,0.009999996051192284
angle,1780512776085665743,-2.0299999713897705,0,0.009999893605709076
angle,1780512776095665662,-2.0299999713897705,0,0.00999988242983818
angle,1780512776105665912,-2.0299999713897705,0,0.00999999325722456
angle,1780512776115666295,-2.0299999713897705,0,0.010000004433095455
angle,1780512776125666374,-2.0299999713897705,0,0.009999948553740978
angle,1780512776135666755,-2.0299999713897705,0,0.009999937377870083
angle,1780512776145667102,-2.0299999713897705,0,0.009999876841902733
angle,1780512776155667036,-2.0299999713897705,0,0.009999970905482769
angle,1780512776165667320,-2.0299999713897705,0,0.009999919682741165
angle,1780512776175667948,-2.0299999713897705,0,0.010000028647482395
angle,1780512776185667954,-2.0299999713897705,0,0.009999947622418404
angle,1780512776195668189,-2.0299999713897705,0,0.009999938309192657
angle,1780512776205668445,-2.0299999713897705,0,0.009999969974160194
angle,1780512776215669444,-2.0299999713897705,0,0.009999999776482582
angle,1780512776225669172,-2.0299999713897705,0,0.009999873116612434
angle,1780512776235669535,-2.0299999713897705,0,0.009999963454902172
angle,1780512776245672030,-2.0299999713897705,0,0.009999968111515045
angle,1780512776255671558,-2.0299999713897705,0,0.00999988429248333
angle,1780512776265670170,-2.0299999713897705,0,0.009999929927289486
angle,1780512776275670332,-2.0299999713897705,0,0.010000000707805157
angle,1780512776285670704,-2.0299999713897705,0,0.009999977424740791
angle,1780512776295670775,-2.0299999713897705,0,0.009999995119869709
angle,1780512776305671265,-2.0299999713897705,0,0.009999996982514858
angle,1780512776315671755,-2.0299999713897705,0,0.009999947622418404
angle,1780512776325671538,-2.0299999713897705,0,0.010000007227063179
angle,1780512776335671819,-2.0299999713897705,0,0.009999956004321575
angle,1780512776345672696,-2.0299999713897705,0,0.010000006295740604
angle,1780512776355672561,-2.0299999713897705,0,0.009999925270676613
angle,1780512776365672933,-2.0299999713897705,0,0.009999996982514858
angle,1780512776375673007,-2.0299999713897705,0,0.009999973699450493
angle,1780512776385673351,-2.0299999713897705,0,0.009999988600611687
angle,1780512776395673809,-2.0299999713897705,0,0.009999963454902172
angle,1780512776405674846,-2.0299999713897705,0,0.010000006295740604
angle,1780512776415673719,-2.0299999713897705,0,0.00999992061406374
angle,1780512776425674092,-2.0299999713897705,0,0.009999946691095829
angle,1780512776435674242,-2.0299999713897705,0,0.009999945759773254
angle,1780512776445674639,-2.0299999713897705,0,0.009999992325901985
angle,1780512776455674998,-2.0299999713897705,0,0.009999999776482582
angle,1780512776465675677,-2.0299999713897705,0,0.009999960660934448
angle,1780512776475675411,-2.0299999713897705,0,0.01000000536441803
angle,1780512776485675817,-2.0299999713897705,0,0.009999957866966724
angle,1780512776495675887,-2.0299999713897705,0,0.009999968111515045
angle,1780512776505676292,-2.0299999713897705,0,0.009999968111515045
angle,1780512776515676183,-2.0299999713897705,0,0.009999965317547321
angle,1780512776525676459,-2.0299999713897705,0,0.009999954141676426
angle,1780512776535676855,-2.0299999713897705,0,0.009999997913837433
angle,1780512776545677550,-2.0299999713897705,0,0.009999972768127918
angle,1780512776555677402,-2.0299999713897705,0,0.01000000536441803
angle,1780512776565679960,-2.0299999713897705,0,0.009999966248869896
angle,1780512776575678085,-2.0299999713897705,0,0.009999806061387062
angle,1780512776585678422,-2.0299999713897705,0,0.00999998115003109
angle,1780512776595678586,-2.0299999713897705,0,0.009999953210353851
angle,1780512776605678546,-2.0299999713897705,0,0.009999992325901985
angle,1780512776615679189,-2.0299999713897705,0,0.009999966248869896
angle,1780512776625679111,-2.0299999713897705,0,0.009999983012676239
angle,1780512776635679244,-2.0299999713897705,0,0.009999936446547508
angle,1780512776645679423,-2.0299999713897705,0,0.009999923408031464
angle,1780512776655679891,-2.0299999713897705,0,0.010000000707805157
angle,1780512776665680860,-2.0299999713897705,0,0.009999950416386127
angle,1780512776675680380,-2.0299999713897705,0,0.009999934583902359
angle,1780512776685680773,-2.0299999713897705,0,0.010000007227063179
angle,1780512776695683447,-2.0299999713897705,0,0.009999952279031277
angle,1780512776705683338,-2.0299999713897705,0,0.009999877773225307
angle,1780512776715682893,-2.0299999713897705,0,0.009999889880418777
angle,1780512776725681631,-2.0299999713897705,0,0.009999912232160568
angle,1780512776735682089,-2.0299999713897705,0,0.009999999776482582
angle,1780512776745682322,-2.0299999713897705,0,0.009999950416386127
angle,1780512776755682681,-2.0299999713897705,0,0.009999971836805344
angle,1780512776765683217,-2.0299999713897705,0,0.009999940171837807
angle,1780512776775682812,-2.0299999713897705,0,0.009999948553740978
angle,1780512776785683401,-2.0299999713897705,0,0.010000013746321201
angle,1780512776795683415,-2.0299999713897705,0,0.009999963454902172
angle,1780512776805684490,-2.0299999713897705,0,0.009999961592257023
angle,1780512776815684618,-2.0299999713897705,0,0.009999913163483143
angle,1780512776825684433,-2.0299999713897705,0,0.009999974630773067
angle,1780512776835684576,-2.0299999713897705,0,0.00999996904283762
angle,1780512776845684816,-2.0299999713897705,0,0.009999958798289299
angle,1780512776855684976,-2.0299999713897705,0,0.009999923408031464
angle,1780512776865685436,-2.0299999713897705,0,0.009999946691095829
angle,1780512776875685957,-2.0299999713897705,0,0.009999984875321388
angle,1780512776885685995,-2.0299999713897705,0,0.009999961592257023
angle,1780512776895686027,-2.0299999713897705,0,0.00999994296580553
angle,1780512776905686214,-2.0299999713897705,0,0.009999990463256836
angle,1780512776915686798,-2.0299999713897705,0,0.009999992325901985
angle,1780512776925686869,-2.0299999713897705,0,0.009999956004321575
angle,1780512776935686921,-2.0299999713897705,0,0.009999947622418404
angle,1780512776945687347,-2.0299999713897705,0,0.009999943897128105
angle,1780512776955687451,-2.0299999713897705,0,0.00999991875141859
angle,1780512776965688256,-2.0299999713897705,0,0.009999983943998814
angle,1780512776975687981,-2.0299999713897705,0,0.00999994296580553
angle,1780512776985688303,-2.0299999713897705,0,0.009999987669289112
angle,1780512776995688468,-2.0299999713897705,0,0.01000000536441803
angle,1780512777005689208,-2.0299999713897705,0,0.01000000536441803
angle,1780512777015689054,-2.0299999713897705,0,0.009999997913837433
angle,1780512777025689393,-2.0299999713897705,0,0.009999966248869896
angle,1780512777035689629,-2.0299999713897705,0,0.009999947622418404
angle,1780512777045689943,-2.0299999713897705,0,0.009999938309192657
angle,1780512777055689981,-2.0299999713897705,0,0.009999969974160194
angle,1780512777065690383,-2.0299999713897705,0,0.009999972768127918
angle,1780512777075690540,-2.0299999713897705,0,0.009999883361160755
angle,1780512777085690941,-2.0299999713897705,0,0.009999960660934448
angle,1780512777095691859,-2.0299999713897705,0,0.010000006295740604
angle,1780512777105691177,-2.0299999713897705,0,0.009999929927289486
angle,1780512777115691527,-2.0299999713897705,0,0.009999966248869896
angle,1780512777125691514,-2.0299999713897705,0,0.009999952279031277
angle,1780512777135691938,-2.0299999713897705,0,0.009999959729611874
angle,1780512777145692399,-2.0299999713897705,0,0.009999951347708702
angle,1780512777155692516,-2.0299999713897705,0,0.009999889880418777
angle,1780512777167376001,-2.0299999713897705,0,0.011682608164846897
angle,1780512777177376455,-2.0299999713897705,0,0.009999915957450867
angle,1780512777187376374,-2.0299999713897705,0,0.009999983012676239
angle,1780512777197376473,-2.0299999713897705,0,0.009999983012676239
angle,1780512777207377375,-2.0299999713897705,0,0.009999972768127918
angle,1780512777217377064,-2.0299999713897705,0,0.009999996051192284
angle,1780512777227377123,-2.0299999713897705,0,0.009999947622418404
angle,1780512777237377429,-2.0299999713897705,0,0.009999945759773254
angle,1780512777247377804,-2.0299999713897705,0,0.009999984875321388
angle,1780512777257378159,-2.0299999713897705,0,0.00999999325722456
angle,1780512777267378886,-2.0299999713897705,0,0.009999992325901985
angle,1780512777277378724,-2.0299999713897705,0,0.00999997928738594
angle,1780512777287378965,-2.0299999713897705,0,0.009999995119869709
angle,1780512777297381253,-2.0299999713897705,0,0.01000001560896635
angle,1780512777307379313,-2.0299999713897705,0,0.00999987218528986
angle,1780512777317379806,-2.0299999713897705,0,0.009999968111515045
angle,1780512777327379920,-2.0299999713897705,0,0.009999954141676426
angle,1780512777337380086,-2.0299999713897705,0,0.00999999325722456
angle,1780512777347380508,-2.0299999713897705,0,0.009999970905482769
angle,1780512777357380826,-2.0299999713897705,0,0.009999983943998814
angle,1780512777367380985,-2.0299999713897705,0,0.00999994482845068
angle,1780512777377381168,-2.0299999713897705,0,0.00999996904283762
angle,1780512777387381668,-2.0299999713897705,0,0.009999963454902172
angle,1780512777397381815,-2.0299999713897705,0,0.009999957866966724
angle,1780512777407382119,-2.0299999713897705,0,0.009999937377870083
angle,1780512777417382084,-2.0299999713897705,0,0.009999971836805344
angle,1780512777427382593,-2.0299999713897705,0,0.009999948553740978
angle,1780512777437382653,-2.0299999713897705,0,0.009999929927289486
angle,1780512777447382813,-2.0299999713897705,0,0.00999991875141859
angle,1780512777457383113,-2.0299999713897705,0,0.009999928995966911
angle,1780512777467383570,-2.0299999713897705,0,0.009999971836805344
angle,1780512777477383706,-2.0299999713897705,0,0.009999953210353851
angle,1780512777487383714,-2.0299999713897705,0,0.009999941103160381
angle,1780512777497384269,-2.0299999713897705,0,0.009999960660934448
angle,1780512777507384302,-2.0299999713897705,0,0.009999963454902172
angle,1780512777517384611,-2.0299999713897705,0,0.009999942034482956
angle,1780512777527384653,-2.0299999713897705,0,0.009999978356063366
angle,1780512777537385488,-2.0299999713897705,0,0.009999996051192284
angle,1780512777547385275,-2.0299999713897705,0,0.00999999325722456
angle,1780512777557385433,-2.0299999713897705,0,0.009999997913837433
angle,1780512777567388082,-2.0299999713897705,0,0.00999996718019247
angle,1780512777577385918,-2.0299999713897705,0,0.009999849833548069
angle,1780512777587386576,-2.0299999713897705,0,0.00999995693564415
angle,1780512777597386482,-2.0299999713897705,0,0.009999942034482956
angle,1780512777607386801,-2.0299999713897705,0,0.009999942034482956
angle,1780512777617387084,-2.0299999713897705,0,0.009999983943998814
angle,1780512777627387495,-2.0299999713897705,0,0.009999950416386127
angle,1780512777637387623,-2.0299999713897705,0,0.009999928995966911
angle,1780512777647387814,-2.0299999713897705,0,0.009999971836805344
angle,1780512777657388392,-2.0299999713897705,0,0.009999941103160381
angle,1780512777667388532,-2.0299999713897705,0,0.009999940171837807
angle,1780512777677388659,-2.0299999713897705,0,0.009999957866966724
angle,1780512777687389112,-2.0299999713897705,0,0.00999999139457941
angle,1780512777697389279,-2.0299999713897705,0,0.009999950416386127
angle,1780512777707389607,-2.0299999713897705,0,0.009999973699450493
angle,1780512777717389761,-2.0299999713897705,0,0.009999952279031277
angle,1780512777727390004,-2.0299999713897705,0,0.009999988600611687
angle,1780512777737390400,-2.0299999713897705,0,0.009999996051192284
angle,1780512777747390781,-2.0299999713897705,0,0.009999953210353851
angle,1780512777757390948,-2.0299999713897705,0,0.009999970905482769
angle,1780512777767391134,-2.0299999713897705,0,0.00999998115003109
angle,1780512777777391538,-2.0299999713897705,0,0.009999960660934448
angle,1780512777787391680,-2.0299999713897705,0,0.009999971836805344
angle,1780512777797391892,-2.0299999713897705,0,0.009999978356063366
angle,1780512777807393209,-2.0299999713897705,0,0.009999996051192284
angle,1780512777817392426,-2.0299999713897705,0,0.009999936446547508
angle,1780512777827392723,-2.0299999713897705,0,0.009999942034482956
angle,1780512777837392891,-2.0299999713897705,0,0.009999971836805344
angle,1780512777847393217,-2.0299999713897705,0,0.009999996051192284
angle,1780512777857393538,-2.0299999713897705,0,0.009999978356063366
angle,1780512777867393934,-2.0299999713897705,0,0.01000000536441803
angle,1780512777877393972,-2.0299999713897705,0,0.009999929927289486
angle,1780512777887394810,-2.0299999713897705,0,0.009999996982514858
angle,1780512777897394429,-2.0299999713897705,0,0.009999966248869896
angle,1780512777907395137,-2.0299999713897705,0,0.009999966248869896
angle,1780512777917395045,-2.0299999713897705,0,0.009999960660934448
angle,1780512777927395360,-2.0299999713897705,0,0.010000004433095455
angle,1780512777937395587,-2.0299999713897705,0,0.00999999139457941
angle,1780512777947395693,-2.0299999713897705,0,0.009999947622418404
angle,1780512777957395980,-2.0299999713897705,0,0.00999998115003109
angle,1780512777967396235,-2.0299999713897705,0,0.009999960660934448
angle,1780512777977399287,-2.0299999713897705,0,0.009999939240515232
angle,1780512777987398684,-2.0299999713897705,0,0.009999404661357403
angle,1780512777997397830,-2.0299999713897705,0,0.009999857284128666
angle,1780512778007397575,-2.0299999713897705,0,0.010000000707805157
angle,1780512778017399238,-2.0299999713897705,0,0.009999940171837807
angle,1780512778027397893,-2.0299999713897705,0,0.009999901056289673
angle,1780512778037398193,-2.0299999713897705,0,0.009999937377870083
angle,1780512778047398375,-2.0299999713897705,0,0.009999955072999
angle,1780512778057398952,-2.0299999713897705,0,0.009999992325901985
angle,1780512778067399114,-2.0299999713897705,0,0.009999963454902172
angle,1780512778077399156,-2.0299999713897705,0,0.009999939240515232
angle,1780512778087399537,-2.0299999713897705,0,0.009999958798289299
angle,1780512778097400854,-2.0299999713897705,0,0.009999937377870083
angle,1780512778107399903,-2.0299999713897705,0,0.009999974630773067
angle,1780512778117400166,-2.0299999713897705,0,0.009999941103160381
angle,1780512778127400440,-2.0299999713897705,0,0.009999972768127918
angle,1780512778137401095,-2.0299999713897705,0,0.010000000707805157
angle,1780512778147401381,-2.0299999713897705,0,0.009999925270676613
angle,1780512778157401252,-2.0299999713897705,0,0.009999970905482769
angle,1780512778167401964,-2.0299999713897705,0,0.010000007227063179
angle,1780512778177401801,-2.0299999713897705,0,0.009999995119869709
angle,1780512778187402612,-2.0299999713897705,0,0.009999938309192657
angle,1780512778197402402,-2.0299999713897705,0,0.009999986737966537
angle,1780512778207402520,-2.0299999713897705,0,0.009999984875321388
angle,1780512778217402893,-2.0299999713897705,0,0.009999975562095642
angle,1780512778227403137,-2.0299999713897705,0,0.009999992325901985
angle,1780512778237403854,-2.0299999713897705,0,0.009999977424740791
angle,1780512778247403593,-2.0299999713897705,0,0.00999996718019247
angle,1780512778257403959,-2.0299999713897705,0,0.010000002570450306
angle,1780512778267404308,-2.0299999713897705,0,0.009999950416386127
angle,1780512778277404837,-2.0299999713897705,0,0.00999996718019247
angle,1780512778287404955,-2.0299999713897705,0,0.009999940171837807
angle,1780512778297404863,-2.0299999713897705,0,0.00999994296580553
angle,1780512778307405042,-2.0299999713897705,0,0.009999988600611687
angle,1780512778317405487,-2.0299999713897705,0,0.00999996718019247
angle,1780512778327405774,-2.0299999713897705,0,0.009999961592257023
angle,1780512778337405839,-2.0299999713897705,0,0.009999946691095829
angle,1780512778347406582,-2.0299999713897705,0,0.009999972768127918
angle,1780512778357406389,-2.0299999713897705,0,0.009999963454902172
angle,1780512778367410041,-2.0299999713897705,0,0.009999940171837807
angle,1780512778377406882,-2.0299999713897705,0,0.009999955072999
angle,1780512778387410707,-2.0299999713897705,0,0.009999982081353664
angle,1780512778397411827,-2.0299999713897705,0,0.00999994296580553
angle,1780512778407415207,-2.0299999713897705,0,0.009999999776482582
angle,1780512778417410986,-2.0299999713897705,0,0.009999877773225307
angle,1780512778427411011,-2.0299999713897705,0,0.009999938309192657
angle,1780512778437411375,-2.0299999713897705,0,0.009999978356063366
angle,1780512778447413536,-2.0299999713897705,0,0.01000185962766409
angle,1780512778457413860,-2.0299999713897705,0,0.009999998845160007
angle,1780512778467415168,-2.0299999713897705,0,0.010000023990869522
angle,1780512778477415013,-2.0299999713897705,0,0.009999931789934635
angle,1780512778487414865,-2.0299999713897705,0,0.009999883361160755
angle,1780512778497415158,-2.0299999713897705,0,0.00999999325722456
angle,1780512778507415463,-2.0299999713897705,0,0.010000006295740604
angle,1780512778517415523,-2.0299999713897705,0,0.009999986737966537
angle,1780512778527416001,-2.0299999713897705,0,0.009999977424740791
angle,1780512778537416231,-2.0299999713897705,0,0.00999994482845068
angle,1780512778547416686,-2.0299999713897705,0,0.009999952279031277
angle,1780512778557417416,-2.0299999713897705,0,0.00999998115003109
angle,1780512778567419423,-2.0299999713897705,0,0.009999958798289299
angle,1780512778577419377,-2.0299999713897705,0,0.009999793954193592
angle,1780512778587418977,-2.0299999713897705,0,0.009999907575547695
angle,1780512778597419582,-2.0299999713897705,0,0.009999941103160381
angle,1780512778607420398,-2.0299999713897705,0,0.009999874979257584
angle,1780512778617418753,-2.0299999713897705,0,0.009999928995966911
angle,1780512778627419016,-2.0299999713897705,0,0.009999936446547508
angle,1780512778637419423,-2.0299999713897705,0,0.009999925270676613
angle,1780512778647419566,-2.0299999713897705,0,0.010000006295740604
angle,1780512778657419786,-2.0299999713897705,0,0.009999966248869896
angle,1780512778667420098,-2.0299999713897705,0,0.009999996051192284
angle,1780512778677420505,-2.0299999713897705,0,0.009999934583902359
angle,1780512778687420666,-2.0299999713897705,0,0.009999956004321575
angle,1780512778697421457,-2.0299999713897705,0,0.009999987669289112
angle,1780512778707421116,-2.0299999713897705,0,0.010000000707805157
angle,1780512778717421469,-2.0299999713897705,0,0.00999996718019247
angle,1780512778727421678,-2.0299999713897705,0,0.009999951347708702
angle,1780512778737421976,-2.0299999713897705,0,0.009999990463256836
angle,1780512778747422681,-2.0299999713897705,0,0.009999958798289299
angle,1780512778757422541,-2.0299999713897705,0,0.009999943897128105
angle,1780512778767422619,-2.0299999713897705,0,0.00999994296580553
angle,1780512778777422733,-2.0299999713897705,0,0.009999942034482956
angle,1780512778787423302,-2.0299999713897705,0,0.009999934583902359
angle,1780512778797423344,-2.0299999713897705,0,0.009999948553740978
angle,1780512778807424345,-2.0299999713897705,0,0.009999938309192657
angle,1780512778817423535,-2.0299999713897705,0,0.009999968111515045
angle,1780512778827423987,-2.0299999713897705,0,0.009999999776482582
angle,1780512778837425077,-2.0299999713897705,0,0.00999994296580553
angle,1780512778847424725,-2.0299999713897705,0,0.010000002570450306
angle,1780512778857424835,-2.0299999713897705,0,0.00999999139457941
angle,1780512778867425466,-2.0299999713897705,0,0.010000023990869522
angle,1780512778877426009,-2.0299999713897705,0,0.00999991875141859
angle,1780512778887425601,-2.0299999713897705,0,0.009999983943998814
angle,1780512778897425949,-2.0299999713897705,0,0.009999983012676239
angle,1780512778907426110,-2.0299999713897705,0,0.009999934583902359
angle,1780512778917426708,-2.0299999713897705,0,0.010000008158385754
angle,1780512778927426725,-2.0299999713897705,0,0.009999963454902172
angle,1780512778937427140,-2.0299999713897705,0,0.009999959729611874
angle,1780512778947427275,-2.0299999713897705,0,0.010000000707805157
angle,1780512778957427539,-2.0299999713897705,0,0.009999942034482956
angle,1780512778967427671,-2.0299999713897705,0,0.010000010952353477
angle,1780512778977427987,-2.0299999713897705,0,0.009999966248869896
angle,1780512778987428122,-2.0299999713897705,0,0.009999960660934448
angle,1780512778997428584,-2.0299999713897705,0,0.009999939240515232
angle,1780512779007428919,-2.0299999713897705,0,0.009999958798289299
angle,1780512779017428810,-2.0299999713897705,0,0.010000001639127731
angle,1780512779027428885,-2.0299999713897705,0,0.009999955072999
angle,1780512779037429232,-2.0299999713897705,0,0.009999951347708702
angle,1780512779047429510,-2.0299999713897705,0,0.009999972768127918
angle,1780512779057429908,-2.0299999713897705,0,0.009999987669289112
angle,1780512779067430064,-2.0299999713897705,0,0.00999996718019247
angle,1780512779077430766,-2.0299999713897705,0,0.009999987669289112
angle,1780512779087430605,-2.0299999713897705,0,0.009999946691095829
angle,1780512779097431589,-2.0299999713897705,0,0.010000011883676052
angle,1780512779107431139,-2.0299999713897705,0,0.010000004433095455
angle,1780512779117431335,-2.0299999713897705,0,0.009999983012676239
angle,1780512779127431860,-2.0299999713897705,0,0.009999994188547134
angle,1780512779137431906,-2.0299999713897705,0,0.00999994482845068
angle,1780512779147432187,-2.0299999713897705,0,0.009999946691095829
angle,1780512779157432536,-2.0299999713897705,0,0.009999987669289112
angle,1780512779167432612,-2.0299999713897705,0,0.009999956004321575
angle,1780512779177433105,-2.0299999713897705,0,0.009999996051192284
angle,1780512779187433813,-2.0299999713897705,0,0.009999968111515045
angle,1780512779197433662,-2.0299999713897705,0,0.009999973699450493
angle,1780512779207433785,-2.0299999713897705,0,0.00999998115003109
angle,1780512779217434083,-2.0299999713897705,0,0.009999941103160381
angle,1780512779227434152,-2.0299999713897705,0,0.009999939240515232
angle,1780512779237436419,-2.0299999713897705,0,0.009999990463256836
angle,1780512779247434800,-2.0299999713897705,0,0.009999942034482956
angle,1780512779257435038,-2.0299999713897705,0,0.009999960660934448
angle,1780512779267435319,-2.0299999713897705,0,0.009999941103160381
angle,1780512779277435713,-2.0299999713897705,0,0.009999998845160007
angle,1780512779287436386,-2.0299999713897705,0,0.010000004433095455
angle,1780512779297436415,-2.0299999713897705,0,0.010000007227063179
angle,1780512779307436489,-2.0299999713897705,0,0.009999997913837433
angle,1780512779317436820,-2.0299999713897705,0,0.009999985806643963
angle,1780512779327437361,-2.0299999713897705,0,0.009999995119869709
angle,1780512779337437245,-2.0299999713897705,0,0.009999994188547134
angle,1780512779347437577,-2.0299999713897705,0,0.00999996718019247
angle,1780512779357437856,-2.0299999713897705,0,0.009999988600611687
angle,1780512779367438089,-2.0299999713897705,0,0.009999992325901985
angle,1780512779377438811,-2.0299999713897705,0,0.010000000707805157
angle,1780512779387438536,-2.0299999713897705,0,0.009999939240515232
angle,1780512779397438919,-2.0299999713897705,0,0.009999961592257023
angle,1780512779407439021,-2.0299999713897705,0,0.009999952279031277
angle,1780512779417439562,-2.0299999713897705,0,0.00999998115003109
angle,1780512779427439528,-2.0299999713897705,0,0.009999968111515045
angle,1780512779437439876,-2.0299999713897705,0,0.009999957866966724
angle,1780512779447440091,-2.0299999713897705,0,0.009999983012676239
angle,1780512779457440621,-2.0299999713897705,0,0.009999952279031277
angle,1780512779467440924,-2.0299999713897705,0,0.00999988429248333
angle,1780512779477441041,-2.0299999713897705,0,0.009999968111515045
angle,1780512779487440839,-2.0299999713897705,0,0.009999937377870083
angle,1780512779497441370,-2.0299999713897705,0,0.009999950416386127
angle,1780512779507441770,-2.0299999713897705,0,0.009999937377870083
angle,1780512779517441648,-2.0299999713897705,0,0.009999954141676426
angle,1780512779527441985,-2.0299999713897705,0,0.009999988600611687
angle,1780512779537442173,-2.0299999713897705,0,0.009999945759773254
angle,1780512779547442497,-2.0299999713897705,0,0.009999983012676239
angle,1780512779557442753,-2.0299999713897705,0,0.009999955072999
angle,1780512779567442939,-2.0299999713897705,0,0.009999951347708702
angle,1780512779577444587,-2.0299999713897705,0,0.009999938309192657
angle,1780512779587443744,-2.0299999713897705,0,0.009999893605709076
angle,1780512779597444142,-2.0299999713897705,0,0.009999950416386127
angle,1780512779607443657,-2.0299999713897705,0,0.009999955072999
angle,1780512779617444070,-2.0299999713897705,0,0.009999950416386127
angle,1780512779627444139,-2.0299999713897705,0,0.009999955072999
angle,1780512779637444473,-2.0299999713897705,0,0.009999958798289299
angle,1780512779647444594,-2.0299999713897705,0,0.009999983012676239
angle,1780512779657444856,-2.0299999713897705,0,0.009999954141676426
angle,1780512779667445410,-2.0299999713897705,0,0.009999957866966724
angle,1780512779677445568,-2.0299999713897705,0,0.010000006295740604
angle,1780512779687445990,-2.0299999713897705,0,0.010000002570450306
angle,1780512779697446388,-2.0299999713897705,0,0.009999958798289299
angle,1780512779707446191,-2.0299999713897705,0,0.009999992325901985
angle,1780512779717446578,-2.0299999713897705,0,0.009999969974160194
angle,1780512779727446741,-2.0299999713897705,0,0.009999965317547321
angle,1780512779737447189,-2.0299999713897705,0,0.010000007227063179
angle,1780512779747447460,-2.0299999713897705,0,0.009999936446547508
angle,1780512779757448309,-2.0299999713897705,0,0.009999977424740791
angle,1780512779767448052,-2.0299999713897705,0,0.009999994188547134
angle,1780512779777448750,-2.0299999713897705,0,0.00999999139457941
angle,1780512779787449555,-2.0299999713897705,0,0.009999951347708702
angle,1780512779797448645,-2.0299999713897705,0,0.009999965317547321
angle,1780512779807449447,-2.0299999713897705,0,0.00999994296580553
angle,1780512779817449159,-2.0299999713897705,0,0.009999940171837807
angle,1780512779827449666,-2.0299999713897705,0,0.009999985806643963
angle,1780512779837449669,-2.0299999713897705,0,0.009999978356063366
angle,1780512779847449917,-2.0299999713897705,0,0.00999996904283762
angle,1780512779857450354,-2.0299999713897705,0,0.009999970905482769
angle,1780512779867451104,-2.0299999713897705,0,0.010000001639127731
angle,1780512779877451119,-2.0299999713897705,0,0.009999996051192284
angle,1780512779887627779,-2.0299999713897705,0,0.010176106356084347
angle,1780512779897627553,-2.0299999713897705,0,0.009999891743063927
angle,1780512779907628206,-2.0299999713897705,0,0.009999986737966537
angle,1780512779917628196,-2.0299999713897705,0,0.00999996904283762
angle,1780512779927628936,-2.0299999713897705,0,0.009999984875321388
angle,1780512779937629709,-2.0299999713897705,0,0.009999968111515045
angle,1780512779947629093,-2.0299999713897705,0,0.009999886155128479
angle,1780512779957629380,-2.0299999713897705,0,0.009999955072999
angle,1780512779967629956,-2.0299999713897705,0,0.010000001639127731
angle,1780512779977632744,-2.0299999713897705,0,0.009999945759773254
angle,1780512779987631092,-2.0299999713897705,0,0.009999873116612434
angle,1780512779997630759,-2.0299999713897705,0,0.009999959729611874
angle,1780512780007633533,-2.0299999713897705,0,0.009999983012676239
angle,1780512780017631468,-2.0299999713897705,0,0.009999909438192844
angle,1780512780027631805,-2.0299999713897705,0,0.009999999776482582
angle,1780512780037631893,-2.0299999713897705,0,0.009999945759773254
angle,1780512780047632227,-2.0299999713897705,0,0.009999958798289299
angle,1780512780057632255,-2.0299999713897705,0,0.009999946691095829
angle,1780512780067632507,-2.0299999713897705,0,0.009999936446547508
angle,1780512780077633134,-2.0299999713897705,0,0.009999982081353664
angle,1780512780087633357,-2.0299999713897705,0,0.009999969974160194
angle,1780512780097633689,-2.0299999713897705,0,0.009999915957450867
angle,1780512780107633932,-2.0299999713897705,0,0.009999952279031277
angle,1780512780117633981,-2.0299999713897705,0,0.009999970905482769
angle,1780512780127634157,-2.0299999713897705,0,0.009999938309192657
angle,1780512780137634413,-2.0299999713897705,0,0.009999966248869896
angle,1780512780147634595,-2.0299999713897705,0,0.009999878704547882
angle,1780512780157634901,-2.0299999713897705,0,0.009999983943998814
angle,1780512780167635318,-2.0299999713897705,0,0.009999983943998814
angle,1780512780177635396,-2.0299999713897705,0,0.009999941103160381
angle,1780512780187635671,-2.0299999713897705,0,0.010000002570450306
angle,1780512780197636305,-2.0299999713897705,0,0.009999957866966724
angle,1780512780207636187,-2.0299999713897705,0,0.009999953210353851
angle,1780512780217636669,-2.0299999713897705,0,0.010000008158385754
angle,1780512780227636742,-2.0299999713897705,0,0.009999980218708515
angle,1780512780237637146,-2.0299999713897705,0,0.009999945759773254
angle,1780512780247637291,-2.0299999713897705,0,0.009999968111515045
angle,1780512780257637571,-2.0299999713897705,0,0.009999939240515232
angle,1780512780267638497,-2.0299999713897705,0,0.009999978356063366
angle,1780512780277638133,-2.0299999713897705,0,0.009999968111515045
angle,1780512780287638860,-2.0299999713897705,0,0.009999973699450493
angle,1780512780297638766,-2.0299999713897705,0,0.00999996718019247
angle,1780512780307639154,-2.0299999713897705,0,0.010000001639127731
angle,1780512780317639304,-2.0299999713897705,0,0.009999994188547134
angle,1780512780327639240,-2.0299999713897705,0,0.009999952279031277
angle,1780512780337639546,-2.0299999713897705,0,0.009999970905482769
angle,1780512780347639918,-2.0299999713897705,0,0.009999972768127918
angle,1780512780357640052,-2.0299999713897705,0,0.009999997913837433
angle,1780512780367640509,-2.0299999713897705,0,0.009999972768127918
angle,1780512780377641222,-2.0299999713897705,0,0.009999988600611687
angle,1780512780387641337,-2.0299999713897705,0,0.00999994296580553
angle,1780512780397641360,-2.0299999713897705,0,0.010000001639127731
angle,1780512780407641759,-2.0299999713897705,0,0.009999996982514858
angle,1780512780417641899,-2.0299999713897705,0,0.00999998115003109
angle,1780512780427642109,-2.0299999713897705,0,0.009999938309192657
angle,1780512780437642349,-2.0299999713897705,0,0.009999992325901985
angle,1780512780447642795,-2.0299999713897705,0,0.009999938309192657
angle,1780512780457642785,-2.0299999713897705,0,0.01000000536441803
angle,1780512780467643579,-2.0299999713897705,0,0.009999986737966537
angle,1780512780477643385,-2.0299999713897705,0,0.009999970905482769
angle,1780512780487643616,-2.0299999713897705,0,0.00999996904283762
angle,1780512780497643835,-2.0299999713897705,0,0.009999961592257023
angle,1780512780507644167,-2.0299999713897705,0,0.009999954141676426
angle,1780512780517644417,-2.0299999713897705,0,0.009999942034482956
angle,1780512780527644633,-2.0299999713897705,0,0.009999960660934448
angle,1780512780537644849,-2.0299999713897705,0,0.009999992325901985
angle,1780512780547645050,-2.0299999713897705,0,0.009999945759773254
angle,1780512780557645759,-2.0299999713897705,0,0.010000002570450306
angle,1780512780567645599,-2.0299999713897705,0,0.009999951347708702
angle,1780512780577647387,-2.0299999713897705,0,0.009999973699450493
angle,1780512780587646216,-2.0299999713897705,0,0.009999910369515419
angle,1780512780597646433,-2.0299999713897705,0,0.009999956004321575
angle,1780512780607646629,-2.0299999713897705,0,0.009999951347708702
angle,1780512780617646816,-2.0299999713897705,0,0.009999999776482582
angle,1780512780627647151,-2.0299999713897705,0,0.009999937377870083
angle,1780512780637647780,-2.0299999713897705,0,0.00999998115003109
angle,1780512780647647705,-2.0299999713897705,0,0.009999893605709076
angle,1780512780657648356,-2.0299999713897705,0,0.010000002570450306
angle,1780512780667648147,-2.0299999713897705,0,0.009999966248869896
angle,1780512780677648452,-2.0299999713897705,0,0.009999974630773067
angle,1780512780687648709,-2.0299999713897705,0,0.010000010021030903
angle,1780512780697649022,-2.0299999713897705,0,0.009999973699450493
angle,1780512780707649238,-2.0299999713897705,0,0.009999946691095829
angle,1780512780717649653,-2.0299999713897705,0,0.009999985806643963
angle,1780512780727649649,-2.0299999713897705,0,0.009999931789934635
angle,1780512780737650140,-2.0299999713897705,0,0.009999974630773067
angle,1780512780747650524,-2.0299999713897705,0,0.009999936446547508
angle,1780512780757650668,-2.0299999713897705,0,0.009999942034482956
angle,1780512780767650881,-2.0299999713897705,0,0.010000002570450306
angle,1780512780777650912,-2.0299999713897705,0,0.00999994296580553
angle,1780512780787651212,-2.0299999713897705,0,0.009999987669289112
angle,1780512780797651358,-2.0299999713897705,0,0.009999950416386127
angle,1780512780807651996,-2.0299999713897705,0,0.009999956004321575
angle,1780512780817652073,-2.0299999713897705,0,0.009999956004321575
angle,1780512780827652256,-2.0299999713897705,0,0.010000000707805157
angle,1780512780837652610,-2.0299999713897705,0,0.010000002570450306
angle,1780512780847653708,-2.0299999713897705,0,0.009999983943998814
angle,1780512780857653223,-2.0299999713897705,0,0.00999994482845068
angle,1780512780867653503,-2.0299999713897705,0,0.009999987669289112
angle,1780512780877653591,-2.0299999713897705,0,0.009999969974160194
angle,1780512780887654115,-2.0299999713897705,0,0.009999996982514858
angle,1780512780897654074,-2.0299999713897705,0,0.009999955072999
angle,1780512780907654482,-2.0299999713897705,0,0.009999996982514858
angle,1780512780917654616,-2.0299999713897705,0,0.00999994296580553
angle,1780512780927654927,-2.0299999713897705,0,0.009999996051192284
angle,1780512780937654881,-2.0299999713897705,0,0.009999987669289112
angle,1780512780947655185,-2.0299999713897705,0,0.00999998115003109
angle,1780512780957655460,-2.0299999713897705,0,0.009999937377870083
angle,1780512780967656010,-2.0299999713897705,0,0.010000002570450306
angle,1780512780977656266,-2.0299999713897705,0,0.009999878704547882
angle,1780512780987656298,-2.0299999713897705,0,0.00999996904283762
angle,1780512780997656914,-2.0299999713897705,0,0.009999999776482582
angle,1780512781007657016,-2.0299999713897705,0,0.009999957866966724
angle,1780512781017657231,-2.0299999713897705,0,0.009999957866966724
angle,1780512781027657580,-2.0299999713897705,0,0.009999992325901985
angle,1780512781037657928,-2.0299999713897705,0,0.009999972768127918
angle,1780512781047658411,-2.0299999713897705,0,0.009999956004321575
angle,1780512781057658279,-2.0299999713897705,0,0.009999996982514858
angle,1780512781067658889,-2.0299999713897705,0,0.009999955072999
angle,1780512781077658877,-2.0299999713897705,0,0.010000011883676052
angle,1780512781087659255,-2.0299999713897705,0,0.010000023059546947
angle,1780512781097659618,-2.0299999713897705,0,0.009999964386224747
angle,1780512781107659828,-2.0299999713897705,0,0.009999945759773254
angle,1780512781117659980,-2.0299999713897705,0,0.00999995693564415
angle,1780512781127659979,-2.0299999713897705,0,0.009999996051192284
angle,1780512781137660294,-2.0299999713897705,0,0.009999954141676426
angle,1780512781147660395,-2.0299999713897705,0,0.009999947622418404
angle,1780512781157661058,-2.0299999713897705,0,0.009999951347708702
angle,1780512781167661221,-2.0299999713897705,0,0.009999986737966537
angle,1780512781177661398,-2.0299999713897705,0,0.00999998115003109
angle,1780512781187661692,-2.0299999713897705,0,0.009999986737966537
angle,1780512781197662088,-2.0299999713897705,0,0.009999934583902359
angle,1780512781207662642,-2.0299999713897705,0,0.010000009089708328
angle,1780512781217663018,-2.0299999713897705,0,0.009999977424740791
angle,1780512781227662759,-2.0299999713897705,0,0.009999996982514858
angle,1780512781237663279,-2.0299999713897705,0,0.009999971836805344
angle,1780512781247663898,-2.0299999713897705,0,0.010000024922192097
angle,1780512781257665793,-2.0299999713897705,0,0.009999992325901985
angle,1780512781267665789,-2.0299999713897705,0,0.009999937377870083
angle,1780512781277664590,-2.0299999713897705,0,0.00999993272125721
angle,1780512781287664683,-2.0299999713897705,0,0.009999973699450493
angle,1780512781297665105,-2.0299999713897705,0,0.009999977424740791
angle,1780512781307665600,-2.0299999713897705,0,0.009999938309192657
angle,1780512781317665399,-2.0299999713897705,0,0.00999988242983818
angle,1780512781327665924,-2.0299999713897705,0,0.009999945759773254
angle,1780512781337666028,-2.0299999713897705,0,0.00999999325722456
angle,1780512781347666083,-2.0299999713897705,0,0.009999969974160194
angle,1780512781357666271,-2.0299999713897705,0,0.00999995693564415
angle,1780512781367666853,-2.0299999713897705,0,0.009999964386224747
angle,1780512781377666717,-2.0299999713897705,0,0.00999995693564415
angle,1780512781387667046,-2.0299999713897705,0,0.009999987669289112
angle,1780512781397667425,-2.0299999713897705,0,0.009999969974160194
angle,1780512781409537399,-2.0299999713897705,0,0.011868849396705627
angle,1780512781419537888,-2.0299999713897705,0,0.009999900124967098
angle,1780512781429538028,-2.0299999713897705,0,0.009999998845160007
angle,1780512781439538391,-2.0299999713897705,0,0.009999969974160194
angle,1780512781449538305,-2.0299999713897705,0,0.009999960660934448
angle,1780512781461741405,-2.0299999713897705,0,0.012199846096336842
angle,1780512781471743706,-2.0299999713897705,0,0.009999893605709076
angle,1780512781481744573,-2.0299999713897705,0,0.00999990664422512
angle,1780512781491745864,-2.0299999713897705,0,0.009999889880418777
angle,1780512781501748722,-2.0299999713897705,0,0.00999994296580553
angle,1780512781511747613,-2.0299999713897705,0,0.009999868459999561
angle,1780512781521748696,-2.0299999713897705,0,0.009999744594097137
angle,1780512781531748007,-2.0299999713897705,0,0.009999964386224747
angle,1780512781541747661,-2.0299999713897705,0,0.009999806992709637
angle,1780512781551748264,-2.0299999713897705,0,0.00999994482845068
angle,1780512781561747631,-2.0299999713897705,0,0.009999957866966724
angle,1780512781571747863,-2.0299999713897705,0,0.00999999139457941
angle,1780512781581747911,-2.0299999713897705,0,0.009999973699450493
angle,1780512781591748392,-2.0299999713897705,0,0.00999994482845068
angle,1780512781601748669,-2.0299999713897705,0,0.010000006295740604
angle,1780512781611748564,-2.0299999713897705,0,0.00999994482845068
angle,1780512781621748740,-2.0299999713897705,0,0.009999952279031277
angle,1780512781631748944,-2.0299999713897705,0,0.009999952279031277
angle,1780512781641749391,-2.0299999713897705,0,0.010000010021030903
angle,1780512781651749450,-2.0299999713897705,0,0.009999937377870083
angle,1780512781661749538,-2.0299999713897705,0,0.009999937377870083
angle,1780512781671749940,-2.0299999713897705,0,0.010000002570450306
angle,1780512781681750053,-2.0299999713897705,0,0.009999959729611874
angle,1780512781691750874,-2.0299999713897705,0,0.009999984875321388
angle,1780512781701750613,-2.0299999713897705,0,0.00999999139457941
angle,1780512781711752968,-2.0299999713897705,0,0.009999972768127918
angle,1780512781721752752,-2.0299999713897705,0,0.009999924339354038
angle,1780512781731753450,-2.0299999713897705,0,0.009999909438192844
angle,1780512781741751568,-2.0299999713897705,0,0.00999992061406374
angle,1780512781751751765,-2.0299999713897705,0,0.009999994188547134
angle,1780512781761752377,-2.0299999713897705,0,0.009999987669289112
angle,1780512781771752202,-2.0299999713897705,0,0.009999948553740978
angle,1780512781781752566,-2.0299999713897705,0,0.00999995693564415
angle,1780512781791753305,-2.0299999713897705,0,0.00999998115003109
angle,1780512781801753145,-2.0299999713897705,0,0.009999917820096016
angle,1780512781811754428,-2.0299999713897705,0,0.009999971836805344
angle,1780512781821753631,-2.0299999713897705,0,0.009999901056289673
angle,1780512781831754164,-2.0299999713897705,0,0.009999953210353851
angle,1780512781841754069,-2.0299999713897705,0,0.01000000536441803
angle,1780512781851754583,-2.0299999713897705,0,0.009999943897128105
angle,1780512781861754682,-2.0299999713897705,0,0.009999997913837433
angle,1780512781871755438,-2.0299999713897705,0,0.009999970905482769
angle,1780512781881757272,-2.0299999713897705,0,0.010000006295740604
angle,1780512781891756043,-2.0299999713897705,0,0.009999966248869896
angle,1780512781901756252,-2.0299999713897705,0,0.009999948553740978
angle,1780512781911756536,-2.0299999713897705,0,0.009999978356063366
angle,1780512781921756789,-2.0299999713897705,0,0.01000000536441803
angle,1780512781931756953,-2.0299999713897705,0,0.009999998845160007
angle,1780512781941757399,-2.0299999713897705,0,0.009999961592257023
angle,1780512781951757995,-2.0299999713897705,0,0.009999982081353664
angle,1780512781961757767,-2.0299999713897705,0,0.009999960660934448
angle,1780512781971759389,-2.0299999713897705,0,0.009999936446547508
angle,1780512781981758273,-2.0299999713897705,0,0.009999960660934448
angle,1780512781991758553,-2.0299999713897705,0,0.009999939240515232
angle,1780512782001758660,-2.0299999713897705,0,0.009999958798289299
angle,1780512782011758984,-2.0299999713897705,0,0.010000001639127731
angle,1780512782021759706,-2.0299999713897705,0,0.009999984875321388
angle,1780512782031759424,-2.0299999713897705,0,0.009999997913837433
angle,1780512782041759851,-2.0299999713897705,0,0.009999986737966537
angle,1780512782051760064,-2.0299999713897705,0,0.010000001639127731
angle,1780512782061760189,-2.0299999713897705,0,0.009999947622418404
angle,1780512782071760683,-2.0299999713897705,0,0.00999997928738594
angle,1780512782081760738,-2.0299999713897705,0,0.00999996718019247
angle,1780512782091761079,-2.0299999713897705,0,0.009999956004321575
angle,1780512782101761132,-2.0299999713897705,0,0.00999995693564415
angle,1780512782111761515,-2.0299999713897705,0,0.009999998845160007
angle,1780512782121761989,-2.0299999713897705,0,0.010000001639127731
angle,1780512782131762018,-2.0299999713897705,0,0.009999983012676239
angle,1780512782141762508,-2.0299999713897705,0,0.009999975562095642
angle,1780512782151762721,-2.0299999713897705,0,0.009999961592257023
angle,1780512782161762862,-2.0299999713897705,0,0.00999998115003109
angle,1780512782171763085,-2.0299999713897705,0,0.009999977424740791
angle,1780512782181763507,-2.0299999713897705,0,0.009999955072999
angle,1780512782191763881,-2.0299999713897705,0,0.009999982081353664
angle,1780512782201763925,-2.0299999713897705,0,0.009999968111515045
angle,1780512782211764201,-2.0299999713897705,0,0.01000000536441803
angle,1780512782221764811,-2.0299999713897705,0,0.009999968111515045
angle,1780512782231765232,-2.0299999713897705,0,0.01000003982335329
angle,1780512782241765072,-2.0299999713897705,0,0.009999897330999374
angle,1780512782251765388,-2.0299999713897705,0,0.009999997913837433
angle,1780512782261765867,-2.0299999713897705,0,0.009999982081353664
angle,1780512782271766709,-2.0299999713897705,0,0.010000002570450306
angle,1780512782281766885,-2.0299999713897705,0,0.009999909438192844
angle,1780512782291766764,-2.0299999713897705,0,0.009999982081353664
angle,1780512782301766859,-2.0299999713897705,0,0.009999934583902359
angle,1780512782311767222,-2.0299999713897705,0,0.010000004433095455
angle,1780512782321767483,-2.0299999713897705,0,0.009999983943998814
angle,1780512782331767608,-2.0299999713897705,0,0.009999998845160007
angle,1780512782341767800,-2.0299999713897705,0,0.009999939240515232
angle,1780512782351768034,-2.0299999713897705,0,0.00999995693564415
angle,1780512782361768501,-2.0299999713897705,0,0.01000000536441803
angle,1780512782371769063,-2.0299999713897705,0,0.009999948553740978
angle,1780512782381768877,-2.0299999713897705,0,0.009999977424740791
angle,1780512782391769335,-2.0299999713897705,0,0.009999983012676239
angle,1780512782401769588,-2.0299999713897705,0,0.009999955072999
angle,1780512782411769848,-2.0299999713897705,0,0.009999957866966724
angle,1780512782421770080,-2.0299999713897705,0,0.009999921545386314
angle,1780512782431770220,-2.0299999713897705,0,0.009999958798289299
angle,1780512782441770553,-2.0299999713897705,0,0.009999983012676239
angle,1780512782451770562,-2.0299999713897705,0,0.010000001639127731
angle,1780512782461771159,-2.0299999713897705,0,0.00999996904283762
angle,1780512782471771147,-2.0299999713897705,0,0.00999998115003109
angle,1780512782481771627,-2.0299999713897705,0,0.010000001639127731
angle,1780512782491771850,-2.0299999713897705,0,0.010000006295740604
angle,1780512782501772035,-2.0299999713897705,0,0.009999983012676239
angle,1780512782511772266,-2.0299999713897705,0,0.009999970905482769
angle,1780512782521772831,-2.0299999713897705,0,0.009999987669289112
angle,1780512782531772936,-2.0299999713897705,0,0.009999946691095829
angle,1780512782541772961,-2.0299999713897705,0,0.009999950416386127
angle,1780512782551773709,-2.0299999713897705,0,0.010000000707805157
angle,1780512782561773902,-2.0299999713897705,0,0.009999973699450493
angle,1780512782571773858,-2.0299999713897705,0,0.009999963454902172
angle,1780512782581776185,-2.0299999713897705,0,0.010000009089708328
angle,1780512782591774584,-2.0299999713897705,0,0.009999915957450867
angle,1780512782601774941,-2.0299999713897705,0,0.009999978356063366
angle,1780512782611774979,-2.0299999713897705,0,0.00999999325722456
angle,1780512782621775637,-2.0299999713897705,0,0.009999995119869709
angle,1780512782631775686,-2.0299999713897705,0,0.009999978356063366
angle,1780512782641776115,-2.0299999713897705,0,0.010000008158385754
angle,1780512782651776169,-2.0299999713897705,0,0.009999974630773067
angle,1780512782661776322,-2.0299999713897705,0,0.009999939240515232
angle,1780512782671776496,-2.0299999713897705,0,0.009999972768127918
angle,1780512782681777575,-2.0299999713897705,0,0.009999987669289112
angle,1780512782691777183,-2.0299999713897705,0,0.009999915026128292
angle,1780512782701777350,-2.0299999713897705,0,0.009999947622418404
angle,1780512782711777638,-2.0299999713897705,0,0.009999953210353851
angle,1780512782721778220,-2.0299999713897705,0,0.009999968111515045
angle,1780512782731778413,-2.0299999713897705,0,0.009999988600611687
angle,1780512782741778402,-2.0299999713897705,0,0.009999986737966537
angle,1780512782751778720,-2.0299999713897705,0,0.009999987669289112
angle,1780512782761779065,-2.0299999713897705,0,0.009999972768127918
angle,1780512782771779210,-2.0299999713897705,0,0.009999955072999
angle,1780512782781779520,-2.0299999713897705,0,0.009999994188547134
angle,1780512782791779786,-2.0299999713897705,0,0.009999994188547134
angle,1780512782801780325,-2.0299999713897705,0,0.009999977424740791
angle,1780512782811780838,-2.0299999713897705,0,0.009999996982514858
angle,1780512782821781385,-2.0299999713897705,0,0.010000010021030903
angle,1780512782831781159,-2.0299999713897705,0,0.00999992061406374
angle,1780512782841781174,-2.0299999713897705,0,0.009999939240515232
angle,1780512782851781418,-2.0299999713897705,0,0.009999955072999
angle,1780512782861781790,-2.0299999713897705,0,0.009999961592257023
angle,1780512782871782157,-2.0299999713897705,0,0.009999947622418404
angle,1780512782881782282,-2.0299999713897705,0,0.00999994296580553
angle,1780512782891782559,-2.0299999713897705,0,0.009999970905482769
angle,1780512782901782947,-2.0299999713897705,0,0.009999983012676239
angle,1780512782911783489,-2.0299999713897705,0,0.010000002570450306
angle,1780512782921783556,-2.0299999713897705,0,0.009999987669289112
angle,1780512782931783571,-2.0299999713897705,0,0.009999947622418404
angle,1780512782941783878,-2.0299999713897705,0,0.009999946691095829
angle,1780512782951784002,-2.0299999713897705,0,0.009999936446547508
angle,1780512782961784471,-2.0299999713897705,0,0.009999971836805344
angle,1780512782971784553,-2.0299999713897705,0,0.010000004433095455
angle,1780512782981784867,-2.0299999713897705,0,0.009999943897128105
angle,1780512782991784982,-2.0299999713897705,0,0.009999953210353851
angle,1780512783001785534,-2.0299999713897705,0,0.009999938309192657
angle,1780512783011785144,-2.0299999713897705,0,0.009999937377870083
angle,1780512783021785474,-2.0299999713897705,0,0.009999969974160194
angle,1780512783031785698,-2.0299999713897705,0,0.009999994188547134
angle,1780512783041786234,-2.0299999713897705,0,0.009999958798289299
angle,1780512783051786217,-2.0299999713897705,0,0.009999971836805344
angle,1780512783061786359,-2.0299999713897705,0,0.009999940171837807
angle,1780512783071786651,-2.0299999713897705,0,0.009999994188547134
angle,1780512783081787046,-2.0299999713897705,0,0.009999980218708515
angle,1780512783091787207,-2.0299999713897705,0,0.009999956004321575
angle,1780512783101787524,-2.0299999713897705,0,0.009999943897128105
angle,1780512783111787636,-2.0299999713897705,0,0.009999948553740978
angle,1780512783121788091,-2.0299999713897705,0,0.009999986737966537
angle,1780512783131788660,-2.0299999713897705,0,0.009999996982514858
angle,1780512783141788416,-2.0299999713897705,0,0.009999951347708702
angle,1780512783151788591,-2.0299999713897705,0,0.009999973699450493
angle,1780512783161788659,-2.0299999713897705,0,0.009999957866966724
angle,1780512783171789044,-2.0299999713897705,0,0.009999970905482769
angle,1780512783181789198,-2.0299999713897705,0,0.009999942034482956
angle,1780512783191789509,-2.0299999713897705,0,0.009999966248869896
angle,1780512783201789736,-2.0299999713897705,0,0.009999940171837807
angle,1780512783211789871,-2.0299999713897705,0,0.009999963454902172
angle,1780512783221790712,-2.0299999713897705,0,0.00999993272125721
angle,1780512783231790302,-2.0299999713897705,0,0.009999945759773254
angle,1780512783241790662,-2.0299999713897705,0,0.009999983943998814
angle,1780512783251790795,-2.0299999713897705,0,0.00999994482845068
angle,1780512783261791265,-2.0299999713897705,0,0.009999994188547134
angle,1780512783271791580,-2.0299999713897705,0,0.010000002570450306
angle,1780512783281791974,-2.0299999713897705,0,0.009999961592257023
angle,1780512783291792095,-2.0299999713897705,0,0.009999986737966537
angle,1780512783301792428,-2.0299999713897705,0,0.010000006295740604
angle,1780512783311792914,-2.0299999713897705,0,0.009999973699450493
angle,1780512783321793083,-2.0299999713897705,0,0.009999982081353664
angle,1780512783331793207,-2.0299999713897705,0,0.009999946691095829
angle,1780512783341793435,-2.0299999713897705,0,0.00999996904283762
angle,1780512783351793811,-2.0299999713897705,0,0.010000004433095455
angle,1780512783361794922,-2.0299999713897705,0,0.01000005193054676
angle,1780512783371794504,-2.0299999713897705,0,0.009999926201999187
angle,1780512783381794926,-2.0299999713897705,0,0.00999995693564415
angle,1780512783391795089,-2.0299999713897705,0,0.00999998115003109
angle,1780512783401795701,-2.0299999713897705,0,0.009999957866966724
angle,1780512783411795582,-2.0299999713897705,0,0.010000001639127731
angle,1780512783421795882,-2.0299999713897705,0,0.009999968111515045
angle,1780512783431795937,-2.0299999713897705,0,0.009999951347708702
angle,1780512783441796466,-2.0299999713897705,0,0.009999951347708702
angle,1780512783451796540,-2.0299999713897705,0,0.009999939240515232
angle,1780512783461796821,-2.0299999713897705,0,0.009999987669289112
angle,1780512783471797227,-2.0299999713897705,0,0.010000000707805157
angle,1780512783481797517,-2.0299999713897705,0,0.009999999776482582
angle,1780512783491799706,-2.0299999713897705,0,0.01000003982335329
angle,1780512783501798319,-2.0299999713897705,0,0.009999481029808521
angle,1780512783511798233,-2.0299999713897705,0,0.009999940171837807
angle,1780512783521799186,-2.0299999713897705,0,0.009999961592257023
angle,1780512783531799086,-2.0299999713897705,0,0.009999936446547508
angle,1780512783541799140,-2.0299999713897705,0,0.009999954141676426
angle,1780512783551799365,-2.0299999713897705,0,0.009999961592257023
angle,1780512783561799580,-2.0299999713897705,0,0.009999953210353851
angle,1780512783571799827,-2.0299999713897705,0,0.009999984875321388
angle,1780512783581801537,-2.0299999713897705,0,0.009999940171837807
angle,1780512783591800363,-2.0299999713897705,0,0.009999941103160381
angle,1780512783601800894,-2.0299999713897705,0,0.009999938309192657
angle,1780512783611800859,-2.0299999713897705,0,0.009999971836805344
angle,1780512783621801530,-2.0299999713897705,0,0.009999975562095642
angle,1780512783631801448,-2.0299999713897705,0,0.009999977424740791
angle,1780512783641801818,-2.0299999713897705,0,0.009999984875321388
angle,1780512783651802092,-2.0299999713897705,0,0.009999959729611874
angle,1780512783661802334,-2.0299999713897705,0,0.009999984875321388
angle,1780512783671802492,-2.0299999713897705,0,0.009999984875321388
angle,1780512783681802775,-2.0299999713897705,0,0.009999945759773254
angle,1780512783691803066,-2.0299999713897705,0,0.009999986737966537
angle,1780512783701803334,-2.0299999713897705,0,0.010000010021030903
angle,1780512783711803836,-2.0299999713897705,0,0.009999957866966724
angle,1780512783721803809,-2.0299999713897705,0,0.009999969974160194
angle,1780512783731804215,-2.0299999713897705,0,0.009999996051192284
angle,1780512783741804345,-2.0299999713897705,0,0.009999963454902172
angle,1780512783751804594,-2.0299999713897705,0,0.010000002570450306
angle,1780512783761805500,-2.0299999713897705,0,0.009999980218708515
angle,1780512783771805161,-2.0299999713897705,0,0.00999999325722456
angle,1780512783781805323,-2.0299999713897705,0,0.009999948553740978
angle,1780512783791805712,-2.0299999713897705,0,0.009999992325901985
angle,1780512783801806388,-2.0299999713897705,0,0.009999940171837807
angle,1780512783811807043,-2.0299999713897705,0,0.009999939240515232
angle,1780512783821806411,-2.0299999713897705,0,0.009999904781579971
angle,1780512783831806599,-2.0299999713897705,0,0.009999943897128105
angle,1780512783841806940,-2.0299999713897705,0,0.009999985806643963
angle,1780512783851807509,-2.0299999713897705,0,0.009999973699450493
angle,1780512783861807661,-2.0299999713897705,0,0.009999952279031277
angle,1780512783871807502,-2.0299999713897705,0,0.009999951347708702
angle,1780512783881807794,-2.0299999713897705,0,0.009999992325901985
angle,1780512783891808437,-2.0299999713897705,0,0.009999984875321388
angle,1780512783901808310,-2.0299999713897705,0,0.009999947622418404
angle,1780512783911808498,-2.0299999713897705,0,0.00999994296580553
angle,1780512783921808690,-2.0299999713897705,0,0.01000000536441803
angle,1780512783931809140,-2.0299999713897705,0,0.009999958798289299
angle,1780512783941810027,-2.0299999713897705,0,0.010000022128224373
angle,1780512783951809376,-2.0299999713897705,0,0.009999945759773254
angle,1780512783961809668,-2.0299999713897705,0,0.009999959729611874
angle,1780512783971811642,-2.0299999713897705,0,0.010000010021030903
angle,1780512783981810302,-2.0299999713897705,0,0.009999886155128479
angle,1780512783991810709,-2.0299999713897705,0,0.010000000707805157
angle,1780512784001811054,-2.0299999713897705,0,0.009999978356063366
angle,1780512784011811201,-2.0299999713897705,0,0.009999901056289673
angle,1780512784021811679,-2.0299999713897705,0,0.009999936446547508
angle,1780512784031812162,-2.0299999713897705,0,0.009999941103160381
angle,1780512784041812562,-2.0299999713897705,0,0.010000032372772694
angle,1780512784051812321,-2.0299999713897705,0,0.009999826550483704
angle,1780512784061812758,-2.0299999713897705,0,0.009999996982514858
angle,1780512784071814385,-2.0299999713897705,0,0.009999941103160381
angle,1780512784081813599,-2.0299999713897705,0,0.009999941103160381
angle,1780512784091813877,-2.0299999713897705,0,0.010000000707805157
angle,1780512784101814177,-2.0299999713897705,0,0.009999975562095642
angle,1780512784111814681,-2.0299999713897705,0,0.009999998845160007
angle,1780512784121814638,-2.0299999713897705,0,0.009999975562095642
angle,1780512784131815128,-2.0299999713897705,0,0.009999973699450493
angle,1780512784141815642,-2.0299999713897705,0,0.009999947622418404
angle,1780512784151815428,-2.0299999713897705,0,0.009999992325901985
angle,1780512784161815581,-2.0299999713897705,0,0.009999956004321575
angle,1780512784171815661,-2.0299999713897705,0,0.009999950416386127
angle,1780512784181815932,-2.0299999713897705,0,0.009999951347708702
angle,1780512784191816391,-2.0299999713897705,0,0.009999992325901985
angle,1780512784201816717,-2.0299999713897705,0,0.009999972768127918
angle,1780512784211817115,-2.0299999713897705,0,0.009999934583902359
angle,1780512784221817473,-2.0299999713897705,0,0.009999941103160381
angle,1780512784231818166,-2.0299999713897705,0,0.009999955072999
angle,1780512784241817923,-2.0299999713897705,0,0.00999996904283762
angle,1780512784251818109,-2.0299999713897705,0,0.009999988600611687
angle,1780512784261818352,-2.0299999713897705,0,0.009999940171837807
angle,1780512784271818592,-2.0299999713897705,0,0.009999950416386127
angle,1780512784281819299,-2.0299999713897705,0,0.009999999776482582
angle,1780512784291819426,-2.0299999713897705,0,0.009999996051192284
angle,1780512784301819453,-2.0299999713897705,0,0.009999940171837807
angle,1780512784311819833,-2.0299999713897705,0,0.010000006295740604
angle,1780512784321820247,-2.0299999713897705,0,0.010000000707805157
angle,1780512784331820167,-2.0299999713897705,0,0.009999985806643963
angle,1780512784341820467,-2.0299999713897705,0,0.009999963454902172
angle,1780512784351820602,-2.0299999713897705,0,0.009999963454902172
angle,1780512784361820926,-2.0299999713897705,0,0.009999971836805344
angle,1780512784371821097,-2.0299999713897705,0,0.010000009089708328
angle,1780512784381821463,-2.0299999713897705,0,0.00999999325722456
angle,1780512784391821688,-2.0299999713897705,0,0.009999943897128105
angle,1780512784401821871,-2.0299999713897705,0,0.00999999325722456
angle,1780512784411822457,-2.0299999713897705,0,0.009999933652579784
angle,1780512784421822235,-2.0299999713897705,0,0.00999995693564415
angle,1780512784431822768,-2.0299999713897705,0,0.009999965317547321
angle,1780512784441822923,-2.0299999713897705,0,0.009999960660934448
angle,1780512784451823206,-2.0299999713897705,0,0.009999948553740978
angle,1780512784461823434,-2.0299999713897705,0,0.009999984875321388
angle,1780512784471823664,-2.0299999713897705,0,0.010000007227063179
angle,1780512784481824079,-2.0299999713897705,0,0.009999952279031277
angle,1780512784491824451,-2.0299999713897705,0,0.010000002570450306
angle,1780512784501825039,-2.0299999713897705,0,0.009999978356063366
angle,1780512784511824826,-2.0299999713897705,0,0.00999994482845068
angle,1780512784521824998,-2.0299999713897705,0,0.009999987669289112
angle,1780512784531825348,-2.0299999713897705,0,0.009999997913837433
angle,1780512784541825543,-2.0299999713897705,0,0.009999933652579784
angle,1780512784551825675,-2.0299999713897705,0,0.009999980218708515
angle,1780512784561826451,-2.0299999713897705,0,0.009999980218708515
angle,1780512784571828799,-2.0299999713897705,0,0.00999995693564415
angle,1780512784581828032,-2.0299999713897705,0,0.009999901056289673
angle,1780512784591826896,-2.0299999713897705,0,0.00999993272125721
angle,1780512784601827014,-2.0299999713897705,0,0.009999950416386127
angle,1780512784611827253,-2.0299999713897705,0,0.009999972768127918
angle,1780512784621827429,-2.0299999713897705,0,0.009999941103160381
angle,1780512784631827996,-2.0299999713897705,0,0.009999934583902359
angle,1780512784641827963,-2.0299999713897705,0,0.00999999139457941
angle,1780512784651828219,-2.0299999713897705,0,0.009999958798289299
angle,1780512784661828335,-2.0299999713897705,0,0.010000002570450306
angle,1780512784671828588,-2.0299999713897705,0,0.00999999325722456
angle,1780512784681828907,-2.0299999713897705,0,0.009999972768127918
angle,1780512784691829186,-2.0299999713897705,0,0.009999941103160381
angle,1780512784701829325,-2.0299999713897705,0,0.009999954141676426
angle,1780512784711829919,-2.0299999713897705,0,0.010000002570450306
angle,1780512784721830215,-2.0299999713897705,0,0.009999900124967098
angle,1780512784731830345,-2.0299999713897705,0,0.010000002570450306
angle,1780512784741830304,-2.0299999713897705,0,0.009999958798289299
angle,1780512784751831070,-2.0299999713897705,0,0.009999936446547508
angle,1780512784761831801,-2.0299999713897705,0,0.00999995693564415
angle,1780512784771831356,-2.0299999713897705,0,0.009999966248869896
angle,1780512784781832081,-2.0299999713897705,0,0.009999980218708515
angle,1780512784791831851,-2.0299999713897705,0,0.009999987669289112
angle,1780512784801832166,-2.0299999713897705,0,0.009999978356063366
angle,1780512784811833584,-2.0299999713897705,0,0.00999996718019247
angle,1780512784821832947,-2.0299999713897705,0,0.009999973699450493
angle,1780512784831833225,-2.0299999713897705,0,0.009999995119869709
angle,1780512784841833159,-2.0299999713897705,0,0.009999948553740978
angle,1780512784851833293,-2.0299999713897705,0,0.009999942034482956
angle,1780512784861833940,-2.0299999713897705,0,0.009999960660934448
angle,1780512784871833907,-2.0299999713897705,0,0.009999956004321575
angle,1780512784881834169,-2.0299999713897705,0,0.009999985806643963
angle,1780512784891834585,-2.0299999713897705,0,0.009999968111515045
angle,1780512784901835029,-2.0299999713897705,0,0.010000004433095455
angle,1780512784911835097,-2.0299999713897705,0,0.009999987669289112
angle,1780512784921835219,-2.0299999713897705,0,0.010000007227063179
angle,1780512784931835741,-2.0299999713897705,0,0.009999951347708702
angle,1780512784941835834,-2.0299999713897705,0,0.009999987669289112
angle,1780512784951836038,-2.0299999713897705,0,0.009999941103160381
angle,1780512784961836378,-2.0299999713897705,0,0.009999957866966724
angle,1780512784971836567,-2.0299999713897705,0,0.009999953210353851
angle,1780512784981836681,-2.0299999713897705,0,0.00999994482845068
angle,1780512784991837411,-2.0299999713897705,0,0.009999995119869709
angle,1780512785001837382,-2.0299999713897705,0,0.009999963454902172
angle,1780512785011838000,-2.0299999713897705,0,0.00999994482845068
angle,1780512785021837762,-2.0299999713897705,0,0.00999988429248333
angle,1780512785031838295,-2.0299999713897705,0,0.00999999325722456
angle,1780512785041839026,-2.0299999713897705,0,0.009999936446547508
angle,1780512785051838664,-2.0299999713897705,0,0.009999986737966537
angle,1780512785061838812,-2.0299999713897705,0,0.009999939240515232
angle,1780512785071839254,-2.0299999713897705,0,0.00999997928738594
angle,1780512785081839845,-2.0299999713897705,0,0.009999980218708515
angle,1780512785091839693,-2.0299999713897705,0,0.009999936446547508
angle,1780512785101840000,-2.0299999713897705,0,0.00999999325722456
angle,1780512785111840441,-2.0299999713897705,0,0.009999948553740978
angle,1780512785121840700,-2.0299999713897705,0,0.009999971836805344
angle,1780512785131840891,-2.0299999713897705,0,0.009999934583902359
angle,1780512785141840970,-2.0299999713897705,0,0.009999964386224747
angle,1780512785151841184,-2.0299999713897705,0,0.00999995693564415
angle,1780512785161841523,-2.0299999713897705,0,0.009999945759773254
angle,1780512785171842124,-2.0299999713897705,0,0.00999999139457941
angle,1780512785181842021,-2.0299999713897705,0,0.009999985806643963
angle,1780512785191842292,-2.0299999713897705,0,0.00999995693564415
angle,1780512785201842566,-2.0299999713897705,0,0.009999959729611874
angle,1780512785211843543,-2.0299999713897705,0,0.009999941103160381
angle,1780512785221843253,-2.0299999713897705,0,0.009999875910580158
angle,1780512785231843880,-2.0299999713897705,0,0.00999999139457941
angle,1780512785241843539,-2.0299999713897705,0,0.009999910369515419
angle,1780512785251843819,-2.0299999713897705,0,0.00999992061406374
angle,1780512785261844115,-2.0299999713897705,0,0.009999961592257023
angle,1780512785271844646,-2.0299999713897705,0,0.010000008158385754
angle,1780512785281845151,-2.0299999713897705,0,0.009999942034482956
angle,1780512785291844825,-2.0299999713897705,0,0.009999948553740978
angle,1780512785301845253,-2.0299999713897705,0,0.010000004433095455
angle,1780512785311845460,-2.0299999713897705,0,0.009999937377870083
angle,1780512785321845745,-2.0299999713897705,0,0.009999986737966537
angle,1780512785331845917,-2.0299999713897705,0,0.009999943897128105
angle,1780512785341846087,-2.0299999713897705,0,0.00999996904283762
angle,1780512785351846320,-2.0299999713897705,0,0.009999937377870083
angle,1780512785361846612,-2.0299999713897705,0,0.009999955072999
angle,1780512785371846962,-2.0299999713897705,0,0.009999966248869896
angle,1780512785381847125,-2.0299999713897705,0,0.010000007227063179
angle,1780512785391847397,-2.0299999713897705,0,0.010000004433095455
angle,1780512785401848557,-2.0299999713897705,0,0.009999969974160194
angle,1780512785411848383,-2.0299999713897705,0,0.009999883361160755
angle,1780512785421848086,-2.0299999713897705,0,0.009999988600611687
angle,1780512785431848292,-2.0299999713897705,0,0.009999977424740791
angle,1780512785441848581,-2.0299999713897705,0,0.010000009089708328
angle,1780512785451849206,-2.0299999713897705,0,0.009999936446547508
angle,1780512785461849128,-2.0299999713897705,0,0.009999907575547695
angle,1780512785471849381,-2.0299999713897705,0,0.009999957866966724
angle,1780512785481849576,-2.0299999713897705,0,0.009999980218708515
angle,1780512785491851963,-2.0299999713897705,0,0.009999999776482582
angle,1780512785501851919,-2.0299999713897705,0,0.009999857284128666
angle,1780512785511850388,-2.0299999713897705,0,0.009999977424740791
angle,1780512785521850701,-2.0299999713897705,0,0.009999983012676239
angle,1780512785531850996,-2.0299999713897705,0,0.009999941103160381
angle,1780512785541851442,-2.0299999713897705,0,0.009999966248869896
angle,1780512785551851137,-2.0299999713897705,0,0.00999988242983818
angle,1780512785561851376,-2.0299999713897705,0,0.009999938309192657
angle,1780512785571852432,-2.0299999713897705,0,0.01000000536441803
angle,1780512785581853217,-2.0299999713897705,0,0.00999989453703165
angle,1780512785591852259,-2.0299999713897705,0,0.009999879635870457
angle,1780512785601852506,-2.0299999713897705,0,0.009999970905482769
angle,1780512785611852970,-2.0299999713897705,0,0.009999940171837807
angle,1780512785621852794,-2.0299999713897705,0,0.009999937377870083
angle,1780512785631853295,-2.0299999713897705,0,0.009999956004321575
angle,1780512785641853363,-2.0299999713897705,0,0.00999994296580553
angle,1780512785651853928,-2.0299999713897705,0,0.009999862872064114
angle,1780512785661853894,-2.0299999713897705,0,0.009999941103160381
angle,1780512785671854173,-2.0299999713897705,0,0.009999956004321575
angle,1780512785681854484,-2.0299999713897705,0,0.009999997913837433
angle,1780512785691854927,-2.0299999713897705,0,0.009999968111515045
angle,1780512785701854824,-2.0299999713897705,0,0.00999992061406374
angle,1780512785711855118,-2.0299999713897705,0,0.00999999325722456
angle,1780512785721855389,-2.0299999713897705,0,0.009999957866966724
angle,1780512785731855669,-2.0299999713897705,0,0.00999999325722456
angle,1780512785741856389,-2.0299999713897705,0,0.009999994188547134
angle,1780512785751856078,-2.0299999713897705,0,0.009999877773225307
angle,1780512785761856474,-2.0299999713897705,0,0.009999980218708515
angle,1780512785771856800,-2.0299999713897705,0,0.010000007227063179
angle,1780512785781856928,-2.0299999713897705,0,0.00999999325722456
angle,1780512785791857172,-2.0299999713897705,0,0.009999966248869896
angle,1780512785801857236,-2.0299999713897705,0,0.010000009089708328
angle,1780512785811858303,-2.0299999713897705,0,0.009999970905482769
angle,1780512785821857793,-2.0299999713897705,0,0.009999940171837807
angle,1780512785831858109,-2.0299999713897705,0,0.009999985806643963
angle,1780512785841858950,-2.0299999713897705,0,0.009999998845160007
angle,1780512785851858575,-2.0299999713897705,0,0.009999903850257397
angle,1780512785861859127,-2.0299999713897705,0,0.010000009089708328
angle,1780512785871859164,-2.0299999713897705,0,0.009999992325901985
angle,1780512785881859509,-2.0299999713897705,0,0.009999937377870083
angle,1780512785891859539,-2.0299999713897705,0,0.009999980218708515
angle,1780512785901860115,-2.0299999713897705,0,0.009999985806643963
angle,1780512785911861348,-2.0299999713897705,0,0.009999982081353664
angle,1780512785921861122,-2.0299999713897705,0,0.009999925270676613
angle,1780512785931861194,-2.0299999713897705,0,0.009999983943998814
angle,1780512785941861402,-2.0299999713897705,0,0.009999948553740978
angle,1780512785951861984,-2.0299999713897705,0,0.009999936446547508
angle,1780512785961861709,-2.0299999713897705,0,0.009999964386224747
angle,1780512785971863918,-2.0299999713897705,0,0.009999982081353664
angle,1780512785981862316,-2.0299999713897705,0,0.009999911300837994
angle,1780512785991862476,-2.0299999713897705,0,0.009999931789934635
angle,1780512786001862675,-2.0299999713897705,0,0.009999990463256836
angle,1780512786011862896,-2.0299999713897705,0,0.009999943897128105
angle,1780512786021863771,-2.0299999713897705,0,0.010000002570450306
angle,1780512786031863904,-2.0299999713897705,0,0.00999987218528986
angle,1780512786041864608,-2.0299999713897705,0,0.00999997928738594
angle,1780512786051864104,-2.0299999713897705,0,0.009999939240515232
angle,1780512786061864381,-2.0299999713897705,0,0.009999947622418404
angle,1780512786071864551,-2.0299999713897705,0,0.009999959729611874
angle,1780512786081864826,-2.0299999713897705,0,0.009999961592257023
angle,1780512786091865147,-2.0299999713897705,0,0.010000004433095455
angle,1780512786101865423,-2.0299999713897705,0,0.00999996718019247
angle,1780512786111865598,-2.0299999713897705,0,0.009999954141676426
angle,1780512786121865865,-2.0299999713897705,0,0.009999986737966537
angle,1780512786131865951,-2.0299999713897705,0,0.009999974630773067
angle,1780512786141866708,-2.0299999713897705,0,0.009999982081353664
angle,1780512786151866547,-2.0299999713897705,0,0.01000000536441803
angle,1780512786161866927,-2.0299999713897705,0,0.00999992061406374
angle,1780512786171867086,-2.0299999713897705,0,0.010000006295740604
angle,1780512786181867331,-2.0299999713897705,0,0.009999942034482956
angle,1780512786191867774,-2.0299999713897705,0,0.009999965317547321
angle,1780512786201868091,-2.0299999713897705,0,0.009999995119869709
angle,1780512786211868150,-2.0299999713897705,0,0.009999966248869896
angle,1780512786221868614,-2.0299999713897705,0,0.009999996051192284
angle,1780512786231869080,-2.0299999713897705,0,0.009999992325901985
angle,1780512786241869020,-2.0299999713897705,0,0.00999995693564415
angle,1780512786251869219,-2.0299999713897705,0,0.009999972768127918
angle,1780512786261869329,-2.0299999713897705,0,0.00999997928738594
angle,1780512786271872404,-2.0299999713897705,0,0.00999997928738594
angle,1780512786281871065,-2.0299999713897705,0,0.009999915026128292
angle,1780512786291870264,-2.0299999713897705,0,0.009999953210353851
angle,1780512786301870927,-2.0299999713897705,0,0.009999948553740978
angle,1780512786311871135,-2.0299999713897705,0,0.009999997913837433
angle,1780512786321871411,-2.0299999713897705,0,0.009999997913837433
angle,1780512786331871738,-2.0299999713897705,0,0.009999937377870083
angle,1780512786341872127,-2.0299999713897705,0,0.010000009089708328
angle,1780512786351872576,-2.0299999713897705,0,0.009999965317547321
angle,1780512786361872399,-2.0299999713897705,0,0.009999999776482582
angle,1780512786371872795,-2.0299999713897705,0,0.00999999139457941
angle,1780512786381873483,-2.0299999713897705,0,0.010000001639127731
angle,1780512786391873229,-2.0299999713897705,0,0.01000000536441803
angle,1780512786401874759,-2.0299999713897705,0,0.009999975562095642
angle,1780512786411873657,-2.0299999713897705,0,0.009999863803386688
angle,1780512786421874411,-2.0299999713897705,0,0.009999999776482582
angle,1780512786431874351,-2.0299999713897705,0,0.00999996904283762
angle,1780512786441874575,-2.0299999713897705,0,0.009999955072999
angle,1780512786451874670,-2.0299999713897705,0,0.009999980218708515
angle,1780512786461874972,-2.0299999713897705,0,0.009999990463256836
angle,1780512786471875354,-2.0299999713897705,0,0.009999994188547134
angle,1780512786481875657,-2.0299999713897705,0,0.009999951347708702
angle,1780512786491875745,-2.0299999713897705,0,0.009999968111515045
angle,1780512786501876093,-2.0299999713897705,0,0.00999996718019247
angle,1780512786511876718,-2.0299999713897705,0,0.010000001639127731
angle,1780512786521876795,-2.0299999713897705,0,0.009999987669289112
angle,1780512786531876857,-2.0299999713897705,0,0.009999946691095829
angle,1780512786541877313,-2.0299999713897705,0,0.009999998845160007
angle,1780512786551878389,-2.0299999713897705,0,0.009999950416386127
angle,1780512786561878076,-2.0299999713897705,0,0.009999915957450867
angle,1780512786571877976,-2.0299999713897705,0,0.00999997928738594
angle,1780512786581879627,-2.0299999713897705,0,0.010000023990869522
angle,1780512786591878548,-2.0299999713897705,0,0.009999844245612621
angle,1780512786601878964,-2.0299999713897705,0,0.009999977424740791
angle,1780512786611879219,-2.0299999713897705,0,0.009999985806643963
angle,1780512786621879801,-2.0299999713897705,0,0.009999938309192657
angle,1780512786631879567,-2.0299999713897705,0,0.009999984875321388
angle,1780512786641880425,-2.0299999713897705,0,0.009999999776482582
angle,1780512786651880151,-2.0299999713897705,0,0.009999933652579784
angle,1780512786661880423,-2.0299999713897705,0,0.009999977424740791
angle,1780512786671880596,-2.0299999713897705,0,0.009999975562095642
angle,1780512786681881292,-2.0299999713897705,0,0.010000018402934074
angle,1780512786691881266,-2.0299999713897705,0,0.009999983943998814
angle,1780512786701881597,-2.0299999713897705,0,0.00999996904283762
angle,1780512786711882308,-2.0299999713897705,0,0.010000002570450306
angle,1780512786721882366,-2.0299999713897705,0,0.009999964386224747
angle,1780512786731883145,-2.0299999713897705,0,0.009999992325901985
angle,1780512786741884692,-2.0299999713897705,0,0.00999991875141859
angle,1780512786751885482,-2.0299999713897705,0,0.009999852627515793
angle,1780512786761883556,-2.0299999713897705,0,0.009999899193644524
angle,1780512786771883555,-2.0299999713897705,0,0.009999995119869709
angle,1780512786781883858,-2.0299999713897705,0,0.009999964386224747
angle,1780512786791884028,-2.0299999713897705,0,0.009999965317547321
angle,1780512786801884258,-2.0299999713897705,0,0.009999992325901985
angle,1780512786811885851,-2.0299999713897705,0,0.010000010952353477
angle,1780512786821885180,-2.0299999713897705,0,0.009999936446547508
angle,1780512786831885544,-2.0299999713897705,0,0.009999984875321388
angle,1780512786841885632,-2.0299999713897705,0,0.010000002570450306
angle,1780512786851886425,-2.0299999713897705,0,0.009999987669289112
angle,1780512786861886163,-2.0299999713897705,0,0.009999986737966537
angle,1780512786871886448,-2.0299999713897705,0,0.009999988600611687
angle,1780512786881886727,-2.0299999713897705,0,0.010000009089708328
angle,1780512786891887079,-2.0299999713897705,0,0.009999972768127918
angle,1780512786901887143,-2.0299999713897705,0,0.00999993272125721
angle,1780512786911887518,-2.0299999713897705,0,0.009999938309192657
angle,1780512786921887860,-2.0299999713897705,0,0.009999972768127918
angle,1780512786931888255,-2.0299999713897705,0,0.009999984875321388
angle,1780512786941888184,-2.0299999713897705,0,0.009999938309192657
angle,1780512786951888523,-2.0299999713897705,0,0.009999977424740791
angle,1780512786961888738,-2.0299999713897705,0,0.009999947622418404
angle,1780512786971889238,-2.0299999713897705,0,0.010000006295740604
angle,1780512786981889297,-2.0299999713897705,0,0.009999977424740791
angle,1780512786991889649,-2.0299999713897705,0,0.010000008158385754
angle,1780512787001890095,-2.0299999713897705,0,0.009999945759773254
angle,1780512787011890121,-2.0299999713897705,0,0.009999999776482582
angle,1780512787021890532,-2.0299999713897705,0,0.00999997928738594
angle,1780512787031890850,-2.0299999713897705,0,0.00999996904283762
angle,1780512787041890742,-2.0299999713897705,0,0.009999939240515232
angle,1780512787051891412,-2.0299999713897705,0,0.009999948553740978
angle,1780512787061891376,-2.0299999713897705,0,0.010000007227063179
angle,1780512787071891522,-2.0299999713897705,0,0.009999978356063366
angle,1780512787081892203,-2.0299999713897705,0,0.009999963454902172
angle,1780512787091892663,-2.0299999713897705,0,0.009999983943998814
angle,1780512787101892353,-2.0299999713897705,0,0.009999950416386127
angle,1780512787111892940,-2.0299999713897705,0,0.01000003982335329
angle,1780512787121892950,-2.0299999713897705,0,0.009999926201999187
angle,1780512787131893704,-2.0299999713897705,0,0.010000006295740604
angle,1780512787141893307,-2.0299999713897705,0,0.009999950416386127
angle,1780512787151893799,-2.0299999713897705,0,0.009999941103160381
angle,1780512787161893882,-2.0299999713897705,0,0.009999977424740791
angle,1780512787171894396,-2.0299999713897705,0,0.009999974630773067
angle,1780512787181894264,-2.0299999713897705,0,0.009999990463256836
angle,1780512787191894752,-2.0299999713897705,0,0.010000009089708328
angle,1780512787201894980,-2.0299999713897705,0,0.009999951347708702
angle,1780512787213608323,-2.0299999713897705,0,0.011712687090039253
angle,1780512787223609193,-2.0299999713897705,0,0.00999994482845068
angle,1780512787233608796,-2.0299999713897705,0,0.009999950416386127
angle,1780512787243608875,-2.0299999713897705,0,0.009999948553740978
angle,1780512787253609572,-2.0299999713897705,0,0.009999966248869896
angle,1780512787263609744,-2.0299999713897705,0,0.009999977424740791
angle,1780512787273610151,-2.0299999713897705,0,0.009999948553740978
angle,1780512787283610103,-2.0299999713897705,0,0.009999938309192657
angle,1780512787293610155,-2.0299999713897705,0,0.009999969974160194
angle,1780512787303610850,-2.0299999713897705,0,0.009999996051192284
angle,1780512787313611009,-2.0299999713897705,0,0.009999999776482582
angle,1780512787323611179,-2.0299999713897705,0,0.009999939240515232
angle,1780512787333611409,-2.0299999713897705,0,0.009999963454902172
angle,1780512787343611729,-2.0299999713897705,0,0.00999996904283762
angle,1780512787353612531,-2.0299999713897705,0,0.009999961592257023
angle,1780512787363612228,-2.0299999713897705,0,0.010000011883676052
angle,1780512787373612496,-2.0299999713897705,0,0.009999953210353851
angle,1780512787383612803,-2.0299999713897705,0,0.009999987669289112
angle,1780512787393613056,-2.0299999713897705,0,0.009999946691095829
angle,1780512787403614191,-2.0299999713897705,0,0.009999977424740791
angle,1780512787413614020,-2.0299999713897705,0,0.009999956004321575
angle,1780512787423614173,-2.0299999713897705,0,0.009999844245612621
angle,1780512787433614225,-2.0299999713897705,0,0.009999983943998814
angle,1780512787443614514,-2.0299999713897705,0,0.009999972768127918
angle,1780512787453615106,-2.0299999713897705,0,0.009999946691095829
angle,1780512787463615291,-2.0299999713897705,0,0.009999941103160381
angle,1780512787473615138,-2.0299999713897705,0,0.009999939240515232
angle,1780512787483615665,-2.0299999713897705,0,0.009999998845160007
angle,1780512787493615774,-2.0299999713897705,0,0.009999968111515045
angle,1780512787503616273,-2.0299999713897705,0,0.009999982081353664
angle,1780512787513616166,-2.0299999713897705,0,0.010000001639127731
angle,1780512787523616533,-2.0299999713897705,0,0.009999968111515045
angle,1780512787533616707,-2.0299999713897705,0,0.010000000707805157
angle,1780512787543617187,-2.0299999713897705,0,0.009999947622418404
angle,1780512787553617513,-2.0299999713897705,0,0.009999934583902359
angle,1780512787563617322,-2.0299999713897705,0,0.009999961592257023
angle,1780512787573617781,-2.0299999713897705,0,0.009999983943998814
angle,1780512787583619516,-2.0299999713897705,0,0.009999997913837433
angle,1780512787593618376,-2.0299999713897705,0,0.009999914094805717
angle,1780512787603618488,-2.0299999713897705,0,0.010000008158385754
angle,1780512787613618483,-2.0299999713897705,0,0.009999977424740791
angle,1780512787623619151,-2.0299999713897705,0,0.010000033304095268
angle,1780512787633619531,-2.0299999713897705,0,0.009999950416386127
angle,1780512787643620980,-2.0299999713897705,0,0.010000037029385567
angle,1780512787653619926,-2.0299999713897705,0,0.009999898262321949
angle,1780512787663620316,-2.0299999713897705,0,0.009999975562095642
angle,1780512787673620224,-2.0299999713897705,0,0.009999941103160381
angle,1780512787683621039,-2.0299999713897705,0,0.009999947622418404
angle,1780512787693620665,-2.0299999713897705,0,0.00999994296580553
angle,1780512787703621130,-2.0299999713897705,0,0.009999975562095642
angle,1780512787713621330,-2.0299999713897705,0,0.009999974630773067
angle,1780512787723621802,-2.0299999713897705,0,0.009999954141676426
angle,1780512787733621842,-2.0299999713897705,0,0.009999940171837807
angle,1780512787743622005,-2.0299999713897705,0,0.009999975562095642
angle,1780512787753622345,-2.0299999713897705,0,0.009999938309192657
angle,1780512787763622875,-2.0299999713897705,0,0.009999998845160007
angle,1780512787773622905,-2.0299999713897705,0,0.009999952279031277
angle,1780512787783623294,-2.0299999713897705,0,0.009999985806643963
angle,1780512787793623352,-2.0299999713897705,0,0.009999963454902172
angle,1780512787803623612,-2.0299999713897705,0,0.009999942034482956
angle,1780512787813625180,-2.0299999713897705,0,0.010000004433095455
angle,1780512787823624279,-2.0299999713897705,0,0.010000000707805157
angle,1780512787833624572,-2.0299999713897705,0,0.009999957866966724
angle,1780512787843624728,-2.0299999713897705,0,0.009999941103160381
angle,1780512787853625081,-2.0299999713897705,0,0.009999983943998814
angle,1780512787863625338,-2.0299999713897705,0,0.009999987669289112
angle,1780512787873625646,-2.0299999713897705,0,0.009999984875321388
angle,1780512787883625897,-2.0299999713897705,0,0.009999966248869896
angle,1780512787893626741,-2.0299999713897705,0,0.00999994482845068
angle,1780512787903626143,-2.0299999713897705,0,0.009999951347708702
angle,1780512787913626611,-2.0299999713897705,0,0.009999941103160381
angle,1780512787923626728,-2.0299999713897705,0,0.009999996982514858
angle,1780512787933627601,-2.0299999713897705,0,0.009999984875321388
angle,1780512787943627378,-2.0299999713897705,0,0.009999969974160194
angle,1780512787953627988,-2.0299999713897705,0,0.009999950416386127
angle,1780512787963627857,-2.0299999713897705,0,0.009999942034482956
angle,1780512787973629683,-2.0299999713897705,0,0.01000004168599844
angle,1780512787983628321,-2.0299999713897705,0,0.00999989453703165
angle,1780512787993631053,-2.0299999713897705,0,0.00999996718019247
angle,1780512788003631352,-2.0299999713897705,0,0.009999889880418777
angle,1780512788013630866,-2.0299999713897705,0,0.009999886155128479
angle,1780512788023629464,-2.0299999713897705,0,0.00999988242983818
angle,1780512788033629781,-2.0299999713897705,0,0.009999995119869709
angle,1780512788043630107,-2.0299999713897705,0,0.009999948553740978
angle,1780512788056070939,-2.0299999713897705,0,0.012440305203199387
angle,1780512788066071743,-2.0299999713897705,0,0.009999931789934635
angle,1780512788076071516,-2.0299999713897705,0,0.009999997913837433
angle,1780512788086072006,-2.0299999713897705,0,0.009999961592257023
angle,1780512788096072651,-2.0299999713897705,0,0.010000002570450306
angle,1780512788106072491,-2.0299999713897705,0,0.009999966248869896
angle,1780512788116073554,-2.0299999713897705,0,0.010000006295740604
angle,1780512788126073051,-2.0299999713897705,0,0.00999988242983818
angle,1780512788136073420,-2.0299999713897705,0,0.009999984875321388
angle,1780512788146073575,-2.0299999713897705,0,0.009999973699450493
angle,1780512788156073937,-2.0299999713897705,0,0.010000007227063179
angle,1780512788166074026,-2.0299999713897705,0,0.009999966248869896
angle,1780512788176074200,-2.0299999713897705,0,0.009999971836805344
angle,1780512788186074860,-2.0299999713897705,0,0.010000008158385754
angle,1780512788196075046,-2.0299999713897705,0,0.009999966248869896
angle,1780512788206075133,-2.0299999713897705,0,0.00999994296580553
angle,1780512788216075140,-2.0299999713897705,0,0.010000004433095455
angle,1780512788226075869,-2.0299999713897705,0,0.010000000707805157
angle,1780512788236076091,-2.0299999713897705,0,0.009999940171837807
angle,1780512788246076641,-2.0299999713897705,0,0.009999998845160007
angle,1780512788256076576,-2.0299999713897705,0,0.010000008158385754
angle,1780512788266076975,-2.0299999713897705,0,0.010000010021030903
angle,1780512788276077489,-2.0299999713897705,0,0.009999984875321388
angle,1780512788286077477,-2.0299999713897705,0,0.009999968111515045
angle,1780512788296077875,-2.0299999713897705,0,0.009999996982514858
angle,1780512788306078095,-2.0299999713897705,0,0.009999969974160194
angle,1780512788316078146,-2.0299999713897705,0,0.00999994482845068
angle,1780512788326078409,-2.0299999713897705,0,0.009999996051192284
angle,1780512788336078948,-2.0299999713897705,0,0.009999958798289299
angle,1780512788346078986,-2.0299999713897705,0,0.009999961592257023
angle,1780512788356079240,-2.0299999713897705,0,0.009999988600611687
angle,1780512788366079963,-2.0299999713897705,0,0.009999959729611874
angle,1780512788376079833,-2.0299999713897705,0,0.009999996051192284
angle,1780512788386080889,-2.0299999713897705,0,0.009999973699450493
angle,1780512788396080677,-2.0299999713897705,0,0.009999965317547321
angle,1780512788406081598,-2.0299999713897705,0,0.009999992325901985
angle,1780512788416080966,-2.0299999713897705,0,0.009999950416386127
angle,1780512788426081562,-2.0299999713897705,0,0.009999952279031277
angle,1780512788436082298,-2.0299999713897705,0,0.009999969974160194
angle,1780512788446082182,-2.0299999713897705,0,0.009999966248869896
angle,1780512788456082745,-2.0299999713897705,0,0.010000007227063179
angle,1780512788466082830,-2.0299999713897705,0,0.009999937377870083
angle,1780512788476083044,-2.0299999713897705,0,0.009999936446547508
angle,1780512788486083147,-2.0299999713897705,0,0.009999959729611874
angle,1780512788496083360,-2.0299999713897705,0,0.009999987669289112
angle,1780512788506083744,-2.0299999713897705,0,0.009999986737966537
angle,1780512788516083903,-2.0299999713897705,0,0.009999929927289486
angle,1780512788526084292,-2.0299999713897705,0,0.009999974630773067
angle,1780512788536084454,-2.0299999713897705,0,0.009999961592257023
angle,1780512788546084660,-2.0299999713897705,0,0.009999960660934448
angle,1780512788556084821,-2.0299999713897705,0,0.009999938309192657
angle,1780512788566085645,-2.0299999713897705,0,0.010000008158385754
angle,1780512788576085364,-2.0299999713897705,0,0.009999938309192657
angle,1780512788586087145,-2.0299999713897705,0,0.00999997928738594
angle,1780512788596086287,-2.0299999713897705,0,0.009999873116612434
angle,1780512788606086231,-2.0299999713897705,0,0.009999885223805904
angle,1780512788616086791,-2.0299999713897705,0,0.009999984875321388
angle,1780512788626086704,-2.0299999713897705,0,0.009999983012676239
angle,1780512788636087170,-2.0299999713897705,0,0.009999966248869896
angle,1780512788646087255,-2.0299999713897705,0,0.009999985806643963
angle,1780512788656087858,-2.0299999713897705,0,0.009999946691095829
angle,1780512788666087632,-2.0299999713897705,0,0.009999987669289112
angle,1780512788676087867,-2.0299999713897705,0,0.009999982081353664
angle,1780512788686088068,-2.0299999713897705,0,0.009999958798289299
angle,1780512788696088382,-2.0299999713897705,0,0.00999994296580553
angle,1780512788706088782,-2.0299999713897705,0,0.010000010952353477
angle,1780512788716088955,-2.0299999713897705,0,0.00999996904283762
angle,1780512788726089347,-2.0299999713897705,0,0.00999996904283762
angle,1780512788736089631,-2.0299999713897705,0,0.009999988600611687
angle,1780512788746090088,-2.0299999713897705,0,0.009999964386224747
angle,1780512788756090187,-2.0299999713897705,0,0.00999994296580553
angle,1780512788766090557,-2.0299999713897705,0,0.00999999139457941
angle,1780512788776090360,-2.0299999713897705,0,0.009999994188547134
angle,1780512788786090726,-2.0299999713897705,0,0.009999975562095642
angle,1780512788796091024,-2.0299999713897705,0,0.009999998845160007
angle,1780512788806091166,-2.0299999713897705,0,0.009999986737966537
angle,1780512788816092381,-2.0299999713897705,0,0.00999999139457941
angle,1780512788826091853,-2.0299999713897705,0,0.009999987669289112
angle,1780512788836092686,-2.0299999713897705,0,0.009999926201999187
angle,1780512788846092404,-2.0299999713897705,0,0.009999961592257023
angle,1780512788856092659,-2.0299999713897705,0,0.009999941103160381
angle,1780512788866092805,-2.0299999713897705,0,0.009999892674386501
angle,1780512788876093159,-2.0299999713897705,0,0.00999997928738594
angle,1780512788886093327,-2.0299999713897705,0,0.009999955072999
angle,1780512788896093730,-2.0299999713897705,0,0.009999985806643963
angle,1780512788906093935,-2.0299999713897705,0,0.009999972768127918
angle,1780512788916094573,-2.0299999713897705,0,0.009999992325901985
angle,1780512788926094848,-2.0299999713897705,0,0.009999956004321575
angle,1780512788936094850,-2.0299999713897705,0,0.009999968111515045
angle,1780512788946095100,-2.0299999713897705,0,0.009999996051192284
angle,1780512788956095246,-2.0299999713897705,0,0.009999977424740791
angle,1780512788966095473,-2.0299999713897705,0,0.010000006295740604
angle,1780512788976095737,-2.0299999713897705,0,0.009999964386224747
angle,1780512788986095926,-2.0299999713897705,0,0.009999999776482582
angle,1780512788996096374,-2.0299999713897705,0,0.009999942034482956
angle,1780512789006096702,-2.0299999713897705,0,0.009999958798289299
angle,1780512789016097013,-2.0299999713897705,0,0.00999999139457941
angle,1780512789026096966,-2.0299999713897705,0,0.009999945759773254
angle,1780512789036097309,-2.0299999713897705,0,0.010000000707805157
angle,1780512789046097513,-2.0299999713897705,0,0.010000006295740604
angle,1780512789056097886,-2.0299999713897705,0,0.010000000707805157
angle,1780512789066098238,-2.0299999713897705,0,0.009999940171837807
angle,1780512789076098235,-2.0299999713897705,0,0.009999973699450493
angle,1780512789086098783,-2.0299999713897705,0,0.009999972768127918
angle,1780512789096098966,-2.0299999713897705,0,0.009999988600611687
angle,1780512789106099495,-2.0299999713897705,0,0.00999996904283762
angle,1780512789116099386,-2.0299999713897705,0,0.009999960660934448
angle,1780512789126099756,-2.0299999713897705,0,0.009999975562095642
angle,1780512789136100210,-2.0299999713897705,0,0.009999955072999
angle,1780512789146100218,-2.0299999713897705,0,0.009999988600611687
angle,1780512789156100550,-2.0299999713897705,0,0.009999964386224747
angle,1780512789166100867,-2.0299999713897705,0,0.009999982081353664
angle,1780512789176101028,-2.0299999713897705,0,0.009999974630773067
angle,1780512789186101217,-2.0299999713897705,0,0.009999950416386127
angle,1780512789196101650,-2.0299999713897705,0,0.009999992325901985
angle,1780512789206102244,-2.0299999713897705,0,0.009999938309192657
angle,1780512789216102097,-2.0299999713897705,0,0.009999938309192657
angle,1780512789226102125,-2.0299999713897705,0,0.009999928064644337
angle,1780512789236104333,-2.0299999713897705,0,0.00999998115003109
angle,1780512789246104618,-2.0299999713897705,0,0.009999892674386501
angle,1780512789256102990,-2.0299999713897705,0,0.009999900124967098
angle,1780512789267995657,-2.0299999713897705,0,0.011891924776136875
angle,1780512789277996131,-2.0299999713897705,0,0.009999977424740791
angle,1780512789287996497,-2.0299999713897705,0,0.009999938309192657
angle,1780512789297996642,-2.0299999713897705,0,0.009999917820096016
angle,1780512789307996726,-2.0299999713897705,0,0.009999958798289299
angle,1780512789317997225,-2.0299999713897705,0,0.009999985806643963
angle,1780512789327997658,-2.0299999713897705,0,0.009999968111515045
angle,1780512789337997656,-2.0299999713897705,0,0.00999993272125721
angle,1780512789347997664,-2.0299999713897705,0,0.009999998845160007
angle,1780512789357998040,-2.0299999713897705,0,0.009999934583902359
angle,1780512789367998116,-2.0299999713897705,0,0.009999954141676426
angle,1780512789377998314,-2.0299999713897705,0,0.009999950416386127
angle,1780512789387998580,-2.0299999713897705,0,0.009999937377870083
angle,1780512789397998820,-2.0299999713897705,0,0.00999994482845068
angle,1780512789407998889,-2.0299999713897705,0,0.009999937377870083
angle,1780512789417999083,-2.0299999713897705,0,0.00999998115003109
angle,1780512789427999680,-2.0299999713897705,0,0.009999963454902172
angle,1780512789437999857,-2.0299999713897705,0,0.010000004433095455
angle,1780512789447999971,-2.0299999713897705,0,0.009999987669289112
angle,1780512789458000171,-2.0299999713897705,0,0.009999945759773254
angle,1780512789468000693,-2.0299999713897705,0,0.009999950416386127
angle,1780512789478000633,-2.0299999713897705,0,0.009999966248869896
angle,1780512789488001121,-2.0299999713897705,0,0.009999961592257023
angle,1780512789498001343,-2.0299999713897705,0,0.009999955072999
angle,1780512789508001504,-2.0299999713897705,0,0.009999999776482582
angle,1780512789518001956,-2.0299999713897705,0,0.009999983943998814
angle,1780512789528001960,-2.0299999713897705,0,0.00999998115003109
angle,1780512789538002224,-2.0299999713897705,0,0.009999983943998814
angle,1780512789548002520,-2.0299999713897705,0,0.009999938309192657
angle,1780512789558002716,-2.0299999713897705,0,0.009999983943998814
angle,1780512789568003079,-2.0299999713897705,0,0.00999997928738594
angle,1780512789578003324,-2.0299999713897705,0,0.009999956004321575
angle,1780512789588005647,-2.0299999713897705,0,0.010000054724514484
angle,1780512789598004107,-2.0299999713897705,0,0.00999983586370945
angle,1780512789608004299,-2.0299999713897705,0,0.009999954141676426
angle,1780512789618004392,-2.0299999713897705,0,0.010000002570450306
angle,1780512789628004676,-2.0299999713897705,0,0.00999996904283762
angle,1780512789638004954,-2.0299999713897705,0,0.009999984875321388
angle,1780512789648005082,-2.0299999713897705,0,0.00999993272125721
angle,1780512789658005266,-2.0299999713897705,0,0.010000001639127731
angle,1780512789668005706,-2.0299999713897705,0,0.009999961592257023
angle,1780512789678005639,-2.0299999713897705,0,0.009999919682741165
angle,1780512789688005985,-2.0299999713897705,0,0.009999951347708702
angle,1780512789698006413,-2.0299999713897705,0,0.009999939240515232
angle,1780512789708006498,-2.0299999713897705,0,0.009999970905482769
angle,1780512789718006602,-2.0299999713897705,0,0.009999966248869896
angle,1780512789728007301,-2.0299999713897705,0,0.009999994188547134
angle,1780512789738007361,-2.0299999713897705,0,0.009999958798289299
angle,1780512789748007351,-2.0299999713897705,0,0.010000002570450306
angle,1780512789758008368,-2.0299999713897705,0,0.009999972768127918
angle,1780512789768008291,-2.0299999713897705,0,0.00999997928738594
angle,1780512789778008422,-2.0299999713897705,0,0.00999997928738594
angle,1780512789788008503,-2.0299999713897705,0,0.009999992325901985
angle,1780512789798008697,-2.0299999713897705,0,0.009999956004321575
angle,1780512789808008975,-2.0299999713897705,0,0.009999986737966537
angle,1780512789818010435,-2.0299999713897705,0,0.009999969974160194
angle,1780512789828009536,-2.0299999713897705,0,0.009999978356063366
angle,1780512789838009967,-2.0299999713897705,0,0.009999978356063366
angle,1780512789848010226,-2.0299999713897705,0,0.009999963454902172
angle,1780512789858010302,-2.0299999713897705,0,0.009999996982514858
angle,1780512789868010884,-2.0299999713897705,0,0.00999993085861206
angle,1780512789878010934,-2.0299999713897705,0,0.009999945759773254
angle,1780512789888011214,-2.0299999713897705,0,0.009999965317547321
angle,1780512789898011334,-2.0299999713897705,0,0.009999946691095829
angle,1780512789908011981,-2.0299999713897705,0,0.009999964386224747
angle,1780512789918011898,-2.0299999713897705,0,0.009999946691095829
angle,1780512789928012384,-2.0299999713897705,0,0.009999974630773067
angle,1780512789938012469,-2.0299999713897705,0,0.009999901056289673
angle,1780512789948012645,-2.0299999713897705,0,0.009999983012676239
angle,1780512789959939632,-2.0299999713897705,0,0.011926260776817799
angle,1780512789969940426,-2.0299999713897705,0,0.009999901987612247
angle,1780512789979940332,-2.0299999713897705,0,0.009999936446547508
angle,1780512789989940456,-2.0299999713897705,0,0.00999997928738594
angle,1780512789999940672,-2.0299999713897705,0,0.009999945759773254
angle,1780512790009942118,-2.0299999713897705,0,0.009999959729611874
angle,1780512790019941638,-2.0299999713897705,0,0.00999992061406374
angle,1780512790029941432,-2.0299999713897705,0,0.009999986737966537
angle,1780512790039941915,-2.0299999713897705,0,0.009999969974160194
angle,1780512790049941863,-2.0299999713897705,0,0.009999956004321575
angle,1780512790059942273,-2.0299999713897705,0,0.009999933652579784
angle,1780512790069942566,-2.0299999713897705,0,0.009999986737966537
angle,1780512790079943010,-2.0299999713897705,0,0.009999987669289112
angle,1780512790089943020,-2.0299999713897705,0,0.00999996718019247
angle,1780512790099943367,-2.0299999713897705,0,0.009999980218708515
angle,1780512790109943827,-2.0299999713897705,0,0.010000001639127731
angle,1780512790119943726,-2.0299999713897705,0,0.009999937377870083
angle,1780512790129944004,-2.0299999713897705,0,0.009999946691095829
angle,1780512790139944207,-2.0299999713897705,0,0.009999937377870083
angle,1780512790149944570,-2.0299999713897705,0,0.010000004433095455
angle,1780512790159944672,-2.0299999713897705,0,0.009999943897128105
angle,1780512790169945042,-2.0299999713897705,0,0.009999998845160007
angle,1780512790179945405,-2.0299999713897705,0,0.009999963454902172
angle,1780512790189945348,-2.0299999713897705,0,0.009999974630773067
angle,1780512790199946407,-2.0299999713897705,0,0.009999996051192284
angle,1780512790209945899,-2.0299999713897705,0,0.009999966248869896
angle,1780512790219947112,-2.0299999713897705,0,0.009999960660934448
angle,1780512790229948834,-2.0299999713897705,0,0.010000010952353477
angle,1780512790239948323,-2.0299999713897705,0,0.009999861940741539
angle,1780512790249947126,-2.0299999713897705,0,0.009999898262321949
angle,1780512790259947278,-2.0299999713897705,0,0.009999971836805344
angle,1780512790269948341,-2.0299999713897705,0,0.009999977424740791
angle,1780512790279948391,-2.0299999713897705,0,0.009999955072999
angle,1780512790289948054,-2.0299999713897705,0,0.009999936446547508
angle,1780512790299948688,-2.0299999713897705,0,0.009999954141676426
angle,1780512790309948883,-2.0299999713897705,0,0.009999912232160568
angle,1780512790319948625,-2.0299999713897705,0,0.009999990463256836
angle,1780512790329949457,-2.0299999713897705,0,0.009999955072999
angle,1780512790339949801,-2.0299999713897705,0,0.009999988600611687
angle,1780512790349949678,-2.0299999713897705,0,0.009999928064644337
angle,1780512790359949976,-2.0299999713897705,0,0.009999984875321388
angle,1780512790369950871,-2.0299999713897705,0,0.009999947622418404
angle,1780512790379950499,-2.0299999713897705,0,0.009999996051192284
angle,1780512790389950797,-2.0299999713897705,0,0.009999997913837433
angle,1780512790399950973,-2.0299999713897705,0,0.00999994482845068
angle,1780512790409951491,-2.0299999713897705,0,0.00999994482845068
angle,1780512790419951393,-2.0299999713897705,0,0.009999959729611874
angle,1780512790429951565,-2.0299999713897705,0,0.009999936446547508
angle,1780512790439951958,-2.0299999713897705,0,0.009999992325901985
angle,1780512790449952168,-2.0299999713897705,0,0.010000006295740604
angle,1780512790459952706,-2.0299999713897705,0,0.009999954141676426
angle,1780512790469953064,-2.0299999713897705,0,0.00999996718019247
angle,1780512790479952965,-2.0299999713897705,0,0.009999958798289299
angle,1780512790489953484,-2.0299999713897705,0,0.010000004433095455
angle,1780512790499953656,-2.0299999713897705,0,0.009999888017773628
angle,1780512790509953868,-2.0299999713897705,0,0.009999958798289299
angle,1780512790519954148,-2.0299999713897705,0,0.009999961592257023
angle,1780512790529954369,-2.0299999713897705,0,0.009999964386224747
angle,1780512790539954819,-2.0299999713897705,0,0.00999999325722456
angle,1780512790549955953,-2.0299999713897705,0,0.009999996982514858
angle,1780512790559955330,-2.0299999713897705,0,0.009999859146773815
angle,1780512790569955682,-2.0299999713897705,0,0.009999968111515045
angle,1780512790579955762,-2.0299999713897705,0,0.009999963454902172
angle,1780512790589957209,-2.0299999713897705,0,0.009999942034482956
angle,1780512790599956447,-2.0299999713897705,0,0.009999843314290047
angle,1780512790609956464,-2.0299999713897705,0,0.009999941103160381
angle,1780512790619956671,-2.0299999713897705,0,0.010000006295740604
angle,1780512790629957233,-2.0299999713897705,0,0.009999943897128105
angle,1780512790639957902,-2.0299999713897705,0,0.009999971836805344
angle,1780512790649957530,-2.0299999713897705,0,0.010000008158385754
angle,1780512790659957756,-2.0299999713897705,0,0.00999996904283762
angle,1780512790669958562,-2.0299999713897705,0,0.009999940171837807
angle,1780512790679958149,-2.0299999713897705,0,0.009999992325901985
angle,1780512790689958312,-2.0299999713897705,0,0.009999915957450867
angle,1780512790699958698,-2.0299999713897705,0,0.009999973699450493
angle,1780512790709959234,-2.0299999713897705,0,0.00999999139457941
angle,1780512790719960062,-2.0299999713897705,0,0.009999972768127918
angle,1780512790729959450,-2.0299999713897705,0,0.009999929927289486
angle,1780512790739959885,-2.0299999713897705,0,0.00999996904283762
angle,1780512790749959856,-2.0299999713897705,0,0.009999953210353851
angle,1780512790759960785,-2.0299999713897705,0,0.009999939240515232
angle,1780512790769961104,-2.0299999713897705,0,0.009999916888773441
angle,1780512790779960720,-2.0299999713897705,0,0.009999941103160381
angle,1780512790789961122,-2.0299999713897705,0,0.009999964386224747
angle,1780512790799961302,-2.0299999713897705,0,0.009999977424740791
angle,1780512790809961431,-2.0299999713897705,0,0.009999946691095829
angle,1780512790819962679,-2.0299999713897705,0,0.009999974630773067
angle,1780512790829962214,-2.0299999713897705,0,0.00999986007809639
angle,1780512790839962295,-2.0299999713897705,0,0.009999968111515045
angle,1780512790849963258,-2.0299999713897705,0,0.009999948553740978
angle,1780512790859962913,-2.0299999713897705,0,0.00999999325722456
angle,1780512790869963275,-2.0299999713897705,0,0.009999983012676239
angle,1780512790879963559,-2.0299999713897705,0,0.009999986737966537
angle,1780512790889963765,-2.0299999713897705,0,0.009999955072999
angle,1780512790899964150,-2.0299999713897705,0,0.009999980218708515
angle,1780512790909964230,-2.0299999713897705,0,0.009999982081353664
angle,1780512790919964458,-2.0299999713897705,0,0.010000001639127731
angle,1780512790929964648,-2.0299999713897705,0,0.00999996718019247
angle,1780512790939965104,-2.0299999713897705,0,0.009999948553740978
angle,1780512790949965322,-2.0299999713897705,0,0.009999934583902359
angle,1780512790959965319,-2.0299999713897705,0,0.009999986737966537
angle,1780512790969965817,-2.0299999713897705,0,0.009999978356063366
angle,1780512790979965921,-2.0299999713897705,0,0.009999955072999
angle,1780512790989966397,-2.0299999713897705,0,0.009999970905482769
angle,1780512790999966598,-2.0299999713897705,0,0.00999999325722456
angle,1780512791009966864,-2.0299999713897705,0,0.010000000707805157
angle,1780512791019967131,-2.0299999713897705,0,0.00999996904283762
angle,1780512791029967412,-2.0299999713897705,0,0.009999971836805344
angle,1780512791039967629,-2.0299999713897705,0,0.009999984875321388
angle,1780512791049967933,-2.0299999713897705,0,0.009999941103160381
angle,1780512791059968047,-2.0299999713897705,0,0.009999937377870083
angle,1780512791069968169,-2.0299999713897705,0,0.009999953210353851
angle,1780512791079968481,-2.0299999713897705,0,0.009999983943998814
angle,1780512791089968763,-2.0299999713897705,0,0.009999965317547321
angle,1780512791099968952,-2.0299999713897705,0,0.009999988600611687
angle,1780512791109969211,-2.0299999713897705,0,0.009999940171837807
angle,1780512791119969694,-2.0299999713897705,0,0.010000006295740604
angle,1780512791129969634,-2.0299999713897705,0,0.009999968111515045
angle,1780512791139969963,-2.0299999713897705,0,0.009999992325901985
angle,1780512791149970187,-2.0299999713897705,0,0.00999989453703165
angle,1780512791159970566,-2.0299999713897705,0,0.009999970905482769
angle,1780512791169970651,-2.0299999713897705,0,0.009999997913837433
angle,1780512791179971037,-2.0299999713897705,0,0.009999982081353664
angle,1780512791189971109,-2.0299999713897705,0,0.009999921545386314
angle,1780512791199971289,-2.0299999713897705,0,0.009999972768127918
angle,1780512791209971950,-2.0299999713897705,0,0.009999937377870083
angle,1780512791219972192,-2.0299999713897705,0,0.009999938309192657
angle,1780512791229972072,-2.0299999713897705,0,0.010000010021030903
angle,1780512791239972259,-2.0299999713897705,0,0.009999939240515232
angle,1780512791249973022,-2.0299999713897705,0,0.009999940171837807
angle,1780512791259973169,-2.0299999713897705,0,0.009999975562095642
angle,1780512791269973080,-2.0299999713897705,0,0.009999990463256836
angle,1780512791279995988,-2.0299999713897705,0,0.010000011883676052
angle,1780512791289976760,-2.0299999713897705,0,0.009998965077102184
angle,1780512791299975314,-2.0299999713897705,0,0.009999929927289486
angle,1780512791309975409,-2.0299999713897705,0,0.009999945759773254
angle,1780512791319975647,-2.0299999713897705,0,0.009999937377870083
angle,1780512791329976693,-2.0299999713897705,0,0.009999938309192657
angle,1780512791339975946,-2.0299999713897705,0,0.009999983943998814
angle,1780512791349976366,-2.0299999713897705,0,0.009999938309192657
angle,1780512791359976482,-2.0299999713897705,0,0.009999963454902172
angle,1780512791369977085,-2.0299999713897705,0,0.009999969974160194
angle,1780512791379977211,-2.0299999713897705,0,0.009999921545386314
angle,1780512791389977084,-2.0299999713897705,0,0.009999900124967098
angle,1780512791399977690,-2.0299999713897705,0,0.009999948553740978
angle,1780512791409977533,-2.0299999713897705,0,0.009999938309192657
angle,1780512791419977731,-2.0299999713897705,0,0.010000002570450306
angle,1780512791429977885,-2.0299999713897705,0,0.009999938309192657
angle,1780512791439978179,-2.0299999713897705,0,0.009999942034482956
angle,1780512791449978505,-2.0299999713897705,0,0.009999938309192657
angle,1780512791459978865,-2.0299999713897705,0,0.010000008158385754
angle,1780512791469979035,-2.0299999713897705,0,0.009999941103160381
angle,1780512791479979707,-2.0299999713897705,0,0.010000009089708328
angle,1780512791489979531,-2.0299999713897705,0,0.009999948553740978
angle,1780512791499979901,-2.0299999713897705,0,0.009999917820096016
angle,1780512791509980224,-2.0299999713897705,0,0.009999952279031277
angle,1780512791519980412,-2.0299999713897705,0,0.00999994482845068
angle,1780512791529980532,-2.0299999713897705,0,0.009999990463256836
angle,1780512791539980829,-2.0299999713897705,0,0.009999945759773254
angle,1780512791549982338,-2.0299999713897705,0,0.009999988600611687
angle,1780512791559981389,-2.0299999713897705,0,0.009999940171837807
angle,1780512791569981588,-2.0299999713897705,0,0.010000002570450306
angle,1780512791579982174,-2.0299999713897705,0,0.009999996051192284
angle,1780512791589982494,-2.0299999713897705,0,0.009999971836805344
angle,1780512791599983482,-2.0299999713897705,0,0.009999948553740978
angle,1780512791609982698,-2.0299999713897705,0,0.009999924339354038
angle,1780512791619982858,-2.0299999713897705,0,0.009999919682741165
angle,1780512791629983088,-2.0299999713897705,0,0.009999988600611687
angle,1780512791639983387,-2.0299999713897705,0,0.00999999139457941
angle,1780512791649983818,-2.0299999713897705,0,0.009999994188547134
angle,1780512791659984450,-2.0299999713897705,0,0.00999996904283762
angle,1780512791669984316,-2.0299999713897705,0,0.009999978356063366
angle,1780512791681779487,-2.0299999713897705,0,0.011794454418122768
angle,1780512791691779848,-2.0299999713897705,0,0.009999927133321762
angle,1780512791701780305,-2.0299999713897705,0,0.01000000536441803
angle,1780512791711780265,-2.0299999713897705,0,0.009999973699450493
angle,1780512791721780555,-2.0299999713897705,0,0.00999997928738594
angle,1780512791731781060,-2.0299999713897705,0,0.009999961592257023
angle,1780512791743332005,-2.0299999713897705,0,0.011550260707736015
angle,1780512791753333020,-2.0299999713897705,0,0.00999987218528986
angle,1780512791763334787,-2.0299999713897705,0,0.009999973699450493
angle,1780512791773334729,-2.0299999713897705,0,0.009999843314290047
angle,1780512791783333719,-2.0299999713897705,0,0.009999887086451054
angle,1780512791793333602,-2.0299999713897705,0,0.009999928064644337
angle,1780512791803333748,-2.0299999713897705,0,0.009999987669289112
angle,1780512791813333889,-2.0299999713897705,0,0.009999977424740791
angle,1780512791823335464,-2.0299999713897705,0,0.010000006295740604
angle,1780512791833334424,-2.0299999713897705,0,0.010000004433095455
angle,1780512791843334793,-2.0299999713897705,0,0.00999997928738594
angle,1780512791853335131,-2.0299999713897705,0,0.009999959729611874
angle,1780512791863335299,-2.0299999713897705,0,0.009999988600611687
angle,1780512791873335964,-2.0299999713897705,0,0.009999938309192657
angle,1780512791883337745,-2.0299999713897705,0,0.009999994188547134
angle,1780512791893336011,-2.0299999713897705,0,0.009999925270676613
angle,1780512791903336449,-2.0299999713897705,0,0.009999983943998814
angle,1780512791913336685,-2.0299999713897705,0,0.009999960660934448
angle,1780512791923337129,-2.0299999713897705,0,0.009999983012676239
angle,1780512791933337105,-2.0299999713897705,0,0.009999948553740978
angle,1780512791943337395,-2.0299999713897705,0,0.010000000707805157
angle,1780512791953337638,-2.0299999713897705,0,0.009999985806643963
angle,1780512791963338004,-2.0299999713897705,0,0.00999997928738594
angle,1780512791973340656,-2.0299999713897705,0,0.009999996051192284
angle,1780512791983338749,-2.0299999713897705,0,0.009999833069741726
angle,1780512791993338918,-2.0299999713897705,0,0.009999996051192284
angle,1780512792003339380,-2.0299999713897705,0,0.009999982081353664
angle,1780512792013340142,-2.0299999713897705,0,0.009999937377870083
angle,1780512792023339989,-2.0299999713897705,0,0.009999910369515419
angle,1780512792033340216,-2.0299999713897705,0,0.009999974630773067
angle,1780512792043340321,-2.0299999713897705,0,0.009999992325901985
angle,1780512792053340890,-2.0299999713897705,0,0.009999958798289299
angle,1780512792063340744,-2.0299999713897705,0,0.009999977424740791
angle,1780512792073341176,-2.0299999713897705,0,0.009999957866966724
angle,1780512792083341581,-2.0299999713897705,0,0.009999947622418404
angle,1780512792093341964,-2.0299999713897705,0,0.009999940171837807
angle,1780512792103341900,-2.0299999713897705,0,0.009999983943998814
angle,1780512792113342443,-2.0299999713897705,0,0.010000006295740604
angle,1780512792123342949,-2.0299999713897705,0,0.009999939240515232
angle,1780512792133342608,-2.0299999713897705,0,0.009999996051192284
angle,1780512792143342854,-2.0299999713897705,0,0.009999933652579784
angle,1780512792153343282,-2.0299999713897705,0,0.00999999325722456
angle,1780512792163343684,-2.0299999713897705,0,0.009999969974160194
angle,1780512792173343789,-2.0299999713897705,0,0.010000007227063179
angle,1780512792183344555,-2.0299999713897705,0,0.009999992325901985
angle,1780512792193344303,-2.0299999713897705,0,0.00999996904283762
angle,1780512792203344556,-2.0299999713897705,0,0.009999963454902172
angle,1780512792213345273,-2.0299999713897705,0,0.010000001639127731
angle,1780512792223345231,-2.0299999713897705,0,0.009999985806643963
angle,1780512792233345703,-2.0299999713897705,0,0.009999958798289299
angle,1780512792243345764,-2.0299999713897705,0,0.009999940171837807
angle,1780512792253346058,-2.0299999713897705,0,0.00999998115003109
angle,1780512792263346376,-2.0299999713897705,0,0.010000009089708328
angle,1780512792273346864,-2.0299999713897705,0,0.009999951347708702
angle,1780512792283347083,-2.0299999713897705,0,0.00999997928738594
angle,1780512792293347119,-2.0299999713897705,0,0.00999996904283762
angle,1780512792303347548,-2.0299999713897705,0,0.009999996051192284
angle,1780512792313347585,-2.0299999713897705,0,0.009999934583902359
angle,1780512792323347874,-2.0299999713897705,0,0.009999980218708515
angle,1780512792333347884,-2.0299999713897705,0,0.00999996904283762
angle,1780512792343348306,-2.0299999713897705,0,0.009999985806643963
angle,1780512792353349176,-2.0299999713897705,0,0.009999998845160007
angle,1780512792363349673,-2.0299999713897705,0,0.009999955072999
angle,1780512792373349225,-2.0299999713897705,0,0.00999989453703165
angle,1780512792383349406,-2.0299999713897705,0,0.009999972768127918
angle,1780512792393349813,-2.0299999713897705,0,0.00999994296580553
angle,1780512792403350186,-2.0299999713897705,0,0.010000004433095455
angle,1780512792413350351,-2.0299999713897705,0,0.009999975562095642
angle,1780512792423350569,-2.0299999713897705,0,0.009999985806643963
angle,1780512792433351020,-2.0299999713897705,0,0.00999999325722456
angle,1780512792443351184,-2.0299999713897705,0,0.009999951347708702
angle,1780512792453351486,-2.0299999713897705,0,0.009999919682741165
angle,1780512792463351997,-2.0299999713897705,0,0.009999970905482769
angle,1780512792473351822,-2.0299999713897705,0,0.009999907575547695
angle,1780512792483352250,-2.0299999713897705,0,0.009999963454902172
angle,1780512792493352589,-2.0299999713897705,0,0.009999992325901985
angle,1780512792503352646,-2.0299999713897705,0,0.009999973699450493
angle,1780512792513353014,-2.0299999713897705,0,0.009999974630773067
angle,1780512792523353086,-2.0299999713897705,0,0.009999975562095642
angle,1780512792533353480,-2.0299999713897705,0,0.009999983943998814
angle,1780512792543353634,-2.0299999713897705,0,0.00999995693564415
angle,1780512792553354109,-2.0299999713897705,0,0.009999999776482582
angle,1780512792563354307,-2.0299999713897705,0,0.009999954141676426
angle,1780512792573354451,-2.0299999713897705,0,0.009999946691095829
angle,1780512792583354989,-2.0299999713897705,0,0.010000004433095455
angle,1780512792593356805,-2.0299999713897705,0,0.009999941103160381
angle,1780512792603355212,-2.0299999713897705,0,0.009999891743063927
angle,1780512792613355452,-2.0299999713897705,0,0.00999999139457941
angle,1780512792623355684,-2.0299999713897705,0,0.009999983012676239
angle,1780512792633356097,-2.0299999713897705,0,0.009999994188547134
angle,1780512792643356265,-2.0299999713897705,0,0.010000008158385754
angle,1780512792653357031,-2.0299999713897705,0,0.00999999139457941
angle,1780512792663356822,-2.0299999713897705,0,0.009999998845160007
angle,1780512792673357158,-2.0299999713897705,0,0.00999999325722456
angle,1780512792683357600,-2.0299999713897705,0,0.009999968111515045
angle,1780512792693357662,-2.0299999713897705,0,0.009999961592257023
angle,1780512792703358055,-2.0299999713897705,0,0.009999958798289299
angle,1780512792713358094,-2.0299999713897705,0,0.009999975562095642
angle,1780512792723358430,-2.0299999713897705,0,0.009999974630773067
angle,1780512792733358758,-2.0299999713897705,0,0.00999994482845068
angle,1780512792743359244,-2.0299999713897705,0,0.009999984875321388
angle,1780512792753359303,-2.0299999713897705,0,0.010000000707805157
angle,1780512792763359861,-2.0299999713897705,0,0.010000054724514484
angle,1780512792773359804,-2.0299999713897705,0,0.009999955072999
angle,1780512792783360188,-2.0299999713897705,0,0.00999994296580553
angle,1780512792793360427,-2.0299999713897705,0,0.009999980218708515
angle,1780512792803360633,-2.0299999713897705,0,0.009999936446547508
angle,1780512792813361633,-2.0299999713897705,0,0.009999942034482956
angle,1780512792823361443,-2.0299999713897705,0,0.009999915957450867
angle,1780512792833361294,-2.0299999713897705,0,0.009999959729611874
angle,1780512792843361672,-2.0299999713897705,0,0.009999983943998814
angle,1780512792853361883,-2.0299999713897705,0,0.009999957866966724
angle,1780512792863362190,-2.0299999713897705,0,0.009999943897128105
angle,1780512792873362322,-2.0299999713897705,0,0.009999961592257023
angle,1780512792883362603,-2.0299999713897705,0,0.009999971836805344
angle,1780512792893362915,-2.0299999713897705,0,0.009999995119869709
angle,1780512792903363028,-2.0299999713897705,0,0.009999999776482582
angle,1780512792913363175,-2.0299999713897705,0,0.00999996904283762
angle,1780512792923363785,-2.0299999713897705,0,0.009999975562095642
angle,1780512792933363686,-2.0299999713897705,0,0.009999970905482769
angle,1780512792943363959,-2.0299999713897705,0,0.009999924339354038
angle,1780512792953364222,-2.0299999713897705,0,0.00999993272125721
angle,1780512792963364703,-2.0299999713897705,0,0.009999972768127918
angle,1780512792973364811,-2.0299999713897705,0,0.009999957866966724
angle,1780512792983365079,-2.0299999713897705,0,0.009999998845160007
angle,1780512792993365068,-2.0299999713897705,0,0.00999998115003109
angle,1780512793003365686,-2.0299999713897705,0,0.009999942034482956
angle,1780512793013366460,-2.0299999713897705,0,0.010000055655837059
angle,1780512793023366057,-2.0299999713897705,0,0.009999926201999187
angle,1780512793033366232,-2.0299999713897705,0,0.009999958798289299
angle,1780512793043366756,-2.0299999713897705,0,0.009999948553740978
angle,1780512793053367201,-2.0299999713897705,0,0.009999983943998814
angle,1780512793063367050,-2.0299999713897705,0,0.00999993085861206
angle,1780512793073367216,-2.0299999713897705,0,0.009999998845160007
angle,1780512793083367753,-2.0299999713897705,0,0.009999972768127918
angle,1780512793093368173,-2.0299999713897705,0,0.009999988600611687
angle,1780512793103367975,-2.0299999713897705,0,0.009999952279031277
angle,1780512793113368342,-2.0299999713897705,0,0.009999957866966724
angle,1780512793123368606,-2.0299999713897705,0,0.01000000536441803
angle,1780512793133368888,-2.0299999713897705,0,0.009999969974160194
angle,1780512793143369471,-2.0299999713897705,0,0.009999986737966537
angle,1780512793153369503,-2.0299999713897705,0,0.009999927133321762
angle,1780512793163369696,-2.0299999713897705,0,0.009999990463256836
angle,1780512793173369847,-2.0299999713897705,0,0.009999984875321388
angle,1780512793183370241,-2.0299999713897705,0,0.009999964386224747
angle,1780512793193370717,-2.0299999713897705,0,0.009999950416386127
angle,1780512793203371029,-2.0299999713897705,0,0.009999945759773254
angle,1780512793213370967,-2.0299999713897705,0,0.009999977424740791
angle,1780512793223371340,-2.0299999713897705,0,0.009999957866966724
angle,1780512793233371883,-2.0299999713897705,0,0.010000000707805157
angle,1780512793243371675,-2.0299999713897705,0,0.00999995693564415
angle,1780512793253372158,-2.0299999713897705,0,0.009999950416386127
angle,1780512793263372284,-2.0299999713897705,0,0.009999934583902359
angle,1780512793273372716,-2.0299999713897705,0,0.009999970905482769
angle,1780512793283373651,-2.0299999713897705,0,0.009999992325901985
angle,1780512793293373145,-2.0299999713897705,0,0.009999974630773067
angle,1780512793303373388,-2.0299999713897705,0,0.010000002570450306
angle,1780512793313373609,-2.0299999713897705,0,0.009999934583902359
angle,1780512793323374237,-2.0299999713897705,0,0.009999978356063366
angle,1780512793333374237,-2.0299999713897705,0,0.009999959729611874
angle,1780512793343374557,-2.0299999713897705,0,0.010000004433095455
angle,1780512793353374769,-2.0299999713897705,0,0.010000004433095455
angle,1780512793363375049,-2.0299999713897705,0,0.009999969974160194
angle,1780512793373375564,-2.0299999713897705,0,0.009999998845160007
angle,1780512793383375684,-2.0299999713897705,0,0.009999983012676239
angle,1780512793393375718,-2.0299999713897705,0,0.009999964386224747
angle,1780512793403375971,-2.0299999713897705,0,0.009999939240515232
angle,1780512793413376786,-2.0299999713897705,0,0.009999947622418404
angle,1780512793423376295,-2.0299999713897705,0,0.009999974630773067
angle,1780512793433376567,-2.0299999713897705,0,0.009999966248869896
angle,1780512793443376703,-2.0299999713897705,0,0.009999985806643963
angle,1780512793453377028,-2.0299999713897705,0,0.009999943897128105
angle,1780512793463377376,-2.0299999713897705,0,0.009999998845160007
angle,1780512793473377643,-2.0299999713897705,0,0.009999970905482769
angle,1780512793483377729,-2.0299999713897705,0,0.009999974630773067
angle,1780512793493379265,-2.0299999713897705,0,0.010000007227063179
angle,1780512793503378248,-2.0299999713897705,0,0.00999995693564415
angle,1780512793513378773,-2.0299999713897705,0,0.009999937377870083
angle,1780512793523378814,-2.0299999713897705,0,0.009999911300837994
angle,1780512793533379134,-2.0299999713897705,0,0.009999982081353664
angle,1780512793543379137,-2.0299999713897705,0,0.009999945759773254
angle,1780512793553379460,-2.0299999713897705,0,0.009999975562095642
angle,1780512793563379933,-2.0299999713897705,0,0.009999972768127918
angle,1780512793573380392,-2.0299999713897705,0,0.00999990664422512
angle,1780512793583380264,-2.0299999713897705,0,0.009999945759773254
angle,1780512793593380786,-2.0299999713897705,0,0.009999984875321388
angle,1780512793603380797,-2.0299999713897705,0,0.009999977424740791
angle,1780512793613381062,-2.0299999713897705,0,0.00999996904283762
angle,1780512793623381119,-2.0299999713897705,0,0.009999940171837807
angle,1780512793633381878,-2.0299999713897705,0,0.009999990463256836
angle,1780512793643381740,-2.0299999713897705,0,0.009999996051192284
angle,1780512793653382258,-2.0299999713897705,0,0.009999971836805344
angle,1780512793663382439,-2.0299999713897705,0,0.009999983012676239
angle,1780512793673382832,-2.0299999713897705,0,0.009999997913837433
angle,1780512793683382705,-2.0299999713897705,0,0.009999977424740791
angle,1780512793693383880,-2.0299999713897705,0,0.009999992325901985
angle,1780512793703383027,-2.0299999713897705,0,0.009999898262321949
angle,1780512793713383836,-2.0299999713897705,0,0.009999983943998814
angle,1780512793723383977,-2.0299999713897705,0,0.009999953210353851
angle,1780512793733384179,-2.0299999713897705,0,0.009999998845160007
angle,1780512793743384504,-2.0299999713897705,0,0.009999955072999
angle,1780512793753384971,-2.0299999713897705,0,0.010000002570450306
angle,1780512793763385311,-2.0299999713897705,0,0.009999973699450493
angle,1780512793773384967,-2.0299999713897705,0,0.00999995693564415
angle,1780512793783385442,-2.0299999713897705,0,0.01000000536441803
angle,1780512793793385684,-2.0299999713897705,0,0.009999978356063366
angle,1780512793803385928,-2.0299999713897705,0,0.00999994296580553
angle,1780512793813386214,-2.0299999713897705,0,0.009999953210353851
angle,1780512793823387086,-2.0299999713897705,0,0.010000004433095455
angle,1780512793833386574,-2.0299999713897705,0,0.009999939240515232
angle,1780512793843387062,-2.0299999713897705,0,0.010000006295740604
angle,1780512793853387297,-2.0299999713897705,0,0.009999936446547508
angle,1780512793863387504,-2.0299999713897705,0,0.00999996904283762
angle,1780512793873387625,-2.0299999713897705,0,0.009999946691095829
angle,1780512793883387850,-2.0299999713897705,0,0.009999975562095642
angle,1780512793893388582,-2.0299999713897705,0,0.009999961592257023
angle,1780512793903388685,-2.0299999713897705,0,0.009999966248869896
angle,1780512793913388927,-2.0299999713897705,0,0.009999937377870083
angle,1780512793923389310,-2.0299999713897705,0,0.009999983012676239
angle,1780512793933389497,-2.0299999713897705,0,0.009999977424740791
angle,1780512793943389799,-2.0299999713897705,0,0.009999987669289112
angle,1780512793953390082,-2.0299999713897705,0,0.010000016540288925
angle,1780512793963390567,-2.0299999713897705,0,0.009999966248869896
angle,1780512793973392072,-2.0299999713897705,0,0.009999958798289299
angle,1780512793983390783,-2.0299999713897705,0,0.009999924339354038
angle,1780512793993391092,-2.0299999713897705,0,0.010000007227063179
angle,1780512794003391397,-2.0299999713897705,0,0.010000010952353477
angle,1780512794013391628,-2.0299999713897705,0,0.009999990463256836
angle,1780512794023391994,-2.0299999713897705,0,0.01000000536441803
angle,1780512794033392360,-2.0299999713897705,0,0.009999995119869709
angle,1780512794043392597,-2.0299999713897705,0,0.009999937377870083
angle,1780512794053392867,-2.0299999713897705,0,0.009999998845160007
angle,1780512794063393265,-2.0299999713897705,0,0.009999994188547134
angle,1780512794073393679,-2.0299999713897705,0,0.009999983012676239
angle,1780512794083393599,-2.0299999713897705,0,0.009999988600611687
angle,1780512794093394203,-2.0299999713897705,0,0.009999939240515232
angle,1780512794103394264,-2.0299999713897705,0,0.009999960660934448
angle,1780512794113394393,-2.0299999713897705,0,0.009999957866966724
angle,1780512794123394636,-2.0299999713897705,0,0.009999983943998814
angle,1780512794133394861,-2.0299999713897705,0,0.009999973699450493
angle,1780512794143395243,-2.0299999713897705,0,0.009999988600611687
angle,1780512794153395423,-2.0299999713897705,0,0.009999945759773254
angle,1780512794163396331,-2.0299999713897705,0,0.00999994296580553
angle,1780512794173395888,-2.0299999713897705,0,0.009999933652579784
angle,1780512794183396211,-2.0299999713897705,0,0.00999996904283762
angle,1780512794193396488,-2.0299999713897705,0,0.009999941103160381
angle,1780512794203396607,-2.0299999713897705,0,0.009999946691095829
angle,1780512794213396916,-2.0299999713897705,0,0.009999990463256836
angle,1780512794223397280,-2.0299999713897705,0,0.009999942034482956
angle,1780512794233397460,-2.0299999713897705,0,0.00999994482845068
angle,1780512794243397694,-2.0299999713897705,0,0.009999996051192284
angle,1780512794253398214,-2.0299999713897705,0,0.009999936446547508
angle,1780512794263398282,-2.0299999713897705,0,0.009999953210353851
angle,1780512794273398287,-2.0299999713897705,0,0.009999945759773254
angle,1780512794283398782,-2.0299999713897705,0,0.009999996982514858
angle,1780512794293400313,-2.0299999713897705,0,0.009999940171837807
angle,1780512794303399061,-2.0299999713897705,0,0.00999992061406374
angle,1780512794313399336,-2.0299999713897705,0,0.010000000707805157
angle,1780512794323400035,-2.0299999713897705,0,0.00999999325722456
angle,1780512794333400465,-2.0299999713897705,0,0.010000011883676052
angle,1780512794343400216,-2.0299999713897705,0,0.010000007227063179
angle,1780512794353400917,-2.0299999713897705,0,0.00999994482845068
angle,1780512794363400919,-2.0299999713897705,0,0.009999951347708702
angle,1780512794375461252,-2.0299999713897705,0,0.012059696018695831
angle,1780512794385462133,-2.0299999713897705,0,0.009999956004321575
angle,1780512794395462121,-2.0299999713897705,0,0.009999914094805717
angle,1780512794405462129,-2.0299999713897705,0,0.00999994296580553
angle,1780512794415462367,-2.0299999713897705,0,0.009999939240515232
angle,1780512794425462571,-2.0299999713897705,0,0.009999987669289112
angle,1780512794435463072,-2.0299999713897705,0,0.010000010952353477
angle,1780512794445463434,-2.0299999713897705,0,0.010000001639127731
angle,1780512794455464209,-2.0299999713897705,0,0.009999994188547134
angle,1780512794465464129,-2.0299999713897705,0,0.009999996982514858
angle,1780512794475464298,-2.0299999713897705,0,0.009999953210353851
angle,1780512794485464711,-2.0299999713897705,0,0.009999975562095642
angle,1780512794495465165,-2.0299999713897705,0,0.00999996904283762
angle,1780512794505465305,-2.0299999713897705,0,0.009999992325901985
angle,1780512794515465182,-2.0299999713897705,0,0.009999970905482769
angle,1780512794525465519,-2.0299999713897705,0,0.010000011883676052
angle,1780512794535465756,-2.0299999713897705,0,0.00999994482845068
angle,1780512794545466358,-2.0299999713897705,0,0.009999948553740978
angle,1780512794555466034,-2.0299999713897705,0,0.009999942034482956
angle,1780512794565466436,-2.0299999713897705,0,0.009999969974160194
angle,1780512794575468969,-2.0299999713897705,0,0.010000037029385567
angle,1780512794585468742,-2.0299999713897705,0,0.009999907575547695
angle,1780512794595468559,-2.0299999713897705,0,0.01000002771615982
angle,1780512794605467434,-2.0299999713897705,0,0.009999915957450867
angle,1780512794615467757,-2.0299999713897705,0,0.009999990463256836
angle,1780512794625468023,-2.0299999713897705,0,0.00999997928738594
angle,1780512794635468522,-2.0299999713897705,0,0.00999994296580553
angle,1780512794645468503,-2.0299999713897705,0,0.009999964386224747
angle,1780512794655468902,-2.0299999713897705,0,0.010000009089708328
angle,1780512794665469155,-2.0299999713897705,0,0.009999968111515045
angle,1780512794675469336,-2.0299999713897705,0,0.009999968111515045
angle,1780512794685469376,-2.0299999713897705,0,0.009999947622418404
angle,1780512794695469933,-2.0299999713897705,0,0.009999983012676239
angle,1780512794705470225,-2.0299999713897705,0,0.010000009089708328
angle,1780512794715470280,-2.0299999713897705,0,0.009999940171837807
angle,1780512794725471074,-2.0299999713897705,0,0.00999995693564415
angle,1780512794735470985,-2.0299999713897705,0,0.009999953210353851
angle,1780512794745472363,-2.0299999713897705,0,0.009999938309192657
angle,1780512794755471630,-2.0299999713897705,0,0.009999861940741539
angle,1780512794765471798,-2.0299999713897705,0,0.009999958798289299
angle,1780512794775472223,-2.0299999713897705,0,0.009999973699450493
angle,1780512794785472764,-2.0299999713897705,0,0.009999965317547321
angle,1780512794795472607,-2.0299999713897705,0,0.009999886155128479
angle,1780512794805472980,-2.0299999713897705,0,0.009999960660934448
angle,1780512794815472700,-2.0299999713897705,0,0.009999988600611687
angle,1780512794825473831,-2.0299999713897705,0,0.00999998115003109
angle,1780512794835473488,-2.0299999713897705,0,0.009999898262321949
angle,1780512794845473471,-2.0299999713897705,0,0.009999955072999
angle,1780512794855473683,-2.0299999713897705,0,0.010000009089708328
angle,1780512794865474161,-2.0299999713897705,0,0.009999974630773067
angle,1780512794875474379,-2.0299999713897705,0,0.00999996904283762
angle,1780512794885474712,-2.0299999713897705,0,0.009999973699450493
angle,1780512794895475695,-2.0299999713897705,0,0.009999958798289299
angle,1780512794905475177,-2.0299999713897705,0,0.010000004433095455
angle,1780512794915475371,-2.0299999713897705,0,0.010000008158385754
angle,1780512794925475757,-2.0299999713897705,0,0.009999940171837807
angle,1780512794935476348,-2.0299999713897705,0,0.009999977424740791
angle,1780512794945476607,-2.0299999713897705,0,0.009999960660934448
angle,1780512794955476745,-2.0299999713897705,0,0.009999940171837807
angle,1780512794965477156,-2.0299999713897705,0,0.00999996718019247
angle,1780512794975477430,-2.0299999713897705,0,0.009999998845160007
angle,1780512794985477988,-2.0299999713897705,0,0.009999957866966724
angle,1780512794995478120,-2.0299999713897705,0,0.009999937377870083
angle,1780512795005478149,-2.0299999713897705,0,0.009999951347708702
angle,1780512795015478454,-2.0299999713897705,0,0.009999966248869896
angle,1780512795025478778,-2.0299999713897705,0,0.009999985806643963
angle,1780512795035479031,-2.0299999713897705,0,0.009999972768127918
angle,1780512795045479318,-2.0299999713897705,0,0.009999978356063366
angle,1780512795055479647,-2.0299999713897705,0,0.010000000707805157
angle,1780512795065479847,-2.0299999713897705,0,0.009999955072999
angle,1780512795075480874,-2.0299999713897705,0,0.009999968111515045
angle,1780512795085480570,-2.0299999713897705,0,0.00999993272125721
angle,1780512795095480804,-2.0299999713897705,0,0.009999955072999
angle,1780512795105480872,-2.0299999713897705,0,0.009999966248869896
angle,1780512795115481068,-2.0299999713897705,0,0.009999943897128105
angle,1780512795125481493,-2.0299999713897705,0,0.009999974630773067
angle,1780512795135481751,-2.0299999713897705,0,0.009999992325901985
angle,1780512795145482127,-2.0299999713897705,0,0.009999940171837807
angle,1780512795155482397,-2.0299999713897705,0,0.009999960660934448
angle,1780512795165483101,-2.0299999713897705,0,0.009999964386224747
angle,1780512795175483258,-2.0299999713897705,0,0.009999953210353851
angle,1780512795185483622,-2.0299999713897705,0,0.009999903850257397
angle,1780512795195483390,-2.0299999713897705,0,0.009999984875321388
angle,1780512795205483915,-2.0299999713897705,0,0.01000000536441803
angle,1780512795215484365,-2.0299999713897705,0,0.009999985806643963
angle,1780512795225484442,-2.0299999713897705,0,0.009999934583902359
angle,1780512795235484814,-2.0299999713897705,0,0.009999955072999
angle,1780512795245484617,-2.0299999713897705,0,0.009999946691095829
angle,1780512795255485315,-2.0299999713897705,0,0.009999966248869896
angle,1780512795265485197,-2.0299999713897705,0,0.009999955072999
angle,1780512795275485701,-2.0299999713897705,0,0.00999996718019247
angle,1780512795285485729,-2.0299999713897705,0,0.009999988600611687
angle,1780512795295485854,-2.0299999713897705,0,0.009999954141676426
angle,1780512795305486993,-2.0299999713897705,0,0.009999960660934448
angle,1780512795315486401,-2.0299999713897705,0,0.009999937377870083
angle,1780512795325486725,-2.0299999713897705,0,0.00999998115003109
angle,1780512795335486951,-2.0299999713897705,0,0.009999951347708702
angle,1780512795345487370,-2.0299999713897705,0,0.009999975562095642
angle,1780512795355487395,-2.0299999713897705,0,0.009999954141676426
angle,1780512795365487699,-2.0299999713897705,0,0.009999983943998814
angle,1780512795375487952,-2.0299999713897705,0,0.009999970905482769
angle,1780512795385488097,-2.0299999713897705,0,0.009999969974160194
angle,1780512795395488321,-2.0299999713897705,0,0.010000001639127731
angle,1780512795405488807,-2.0299999713897705,0,0.010000001639127731
angle,1780512795415488957,-2.0299999713897705,0,0.009999937377870083
angle,1780512795425489100,-2.0299999713897705,0,0.009999963454902172
angle,1780512795435492402,-2.0299999713897705,0,0.009999946691095829
angle,1780512795445489800,-2.0299999713897705,0,0.009999855421483517
angle,1780512795457238512,-2.0299999713897705,0,0.011748500168323517
angle,1780512795467239568,-2.0299999713897705,0,0.009999942034482956
angle,1780512795477240060,-2.0299999713897705,0,0.010000000707805157
angle,1780512795487239394,-2.0299999713897705,0,0.009999883361160755
angle,1780512795497242128,-2.0299999713897705,0,0.009999988600611687
angle,1780512795507240086,-2.0299999713897705,0,0.009999936446547508
angle,1780512795517240305,-2.0299999713897705,0,0.010000006295740604
angle,1780512795527240535,-2.0299999713897705,0,0.009999961592257023
angle,1780512795537240748,-2.0299999713897705,0,0.00999994482845068
angle,1780512795547241219,-2.0299999713897705,0,0.010000002570450306
angle,1780512795557241447,-2.0299999713897705,0,0.009999947622418404
angle,1780512795567241704,-2.0299999713897705,0,0.009999951347708702
angle,1780512795577242017,-2.0299999713897705,0,0.009999984875321388
angle,1780512795587242291,-2.0299999713897705,0,0.009999982081353664
angle,1780512795597242963,-2.0299999713897705,0,0.009999980218708515
angle,1780512795607242633,-2.0299999713897705,0,0.009999988600611687
angle,1780512795617243226,-2.0299999713897705,0,0.010000004433095455
angle,1780512795627243331,-2.0299999713897705,0,0.01000000536441803
angle,1780512795637243652,-2.0299999713897705,0,0.00999994296580553
angle,1780512795647243825,-2.0299999713897705,0,0.009999977424740791
angle,1780512795657244214,-2.0299999713897705,0,0.009999978356063366
angle,1780512795667244493,-2.0299999713897705,0,0.00999996904283762
angle,1780512795677244784,-2.0299999713897705,0,0.009999987669289112
angle,1780512795687245554,-2.0299999713897705,0,0.009999980218708515
angle,1780512795697245870,-2.0299999713897705,0,0.009999987669289112
angle,1780512795707245842,-2.0299999713897705,0,0.009999998845160007
angle,1780512795717245883,-2.0299999713897705,0,0.009999971836805344
angle,1780512795727246110,-2.0299999713897705,0,0.009999968111515045
angle,1780512795737246313,-2.0299999713897705,0,0.009999969974160194
angle,1780512795747246651,-2.0299999713897705,0,0.009999985806643963
angle,1780512795757247021,-2.0299999713897705,0,0.009999968111515045
angle,1780512795767247339,-2.0299999713897705,0,0.010000002570450306
angle,1780512795777247576,-2.0299999713897705,0,0.00999993272125721
angle,1780512795787247793,-2.0299999713897705,0,0.009999957866966724
angle,1780512795797247756,-2.0299999713897705,0,0.00999999325722456
angle,1780512795807248060,-2.0299999713897705,0,0.00999993272125721
angle,1780512795817248182,-2.0299999713897705,0,0.009999999776482582
angle,1780512795827248587,-2.0299999713897705,0,0.00999995693564415
angle,1780512795837248619,-2.0299999713897705,0,0.009999964386224747
angle,1780512795847249016,-2.0299999713897705,0,0.009999975562095642
angle,1780512795857249146,-2.0299999713897705,0,0.009999917820096016
angle,1780512795867249704,-2.0299999713897705,0,0.010000025853514671
angle,1780512795877249709,-2.0299999713897705,0,0.009999943897128105
angle,1780512795887249916,-2.0299999713897705,0,0.009999973699450493
angle,1780512795897250217,-2.0299999713897705,0,0.009999996982514858
angle,1780512795907250560,-2.0299999713897705,0,0.009999950416386127
angle,1780512795917250740,-2.0299999713897705,0,0.010000006295740604
angle,1780512795927251030,-2.0299999713897705,0,0.009999986737966537
angle,1780512795937251163,-2.0299999713897705,0,0.00999994482845068
angle,1780512795947251414,-2.0299999713897705,0,0.009999965317547321
angle,1780512795957251905,-2.0299999713897705,0,0.009999996982514858
angle,1780512795967252071,-2.0299999713897705,0,0.010000010021030903
angle,1780512795977254165,-2.0299999713897705,0,0.009999948553740978
angle,1780512795987252308,-2.0299999713897705,0,0.009999862872064114
angle,1780512795997252708,-2.0299999713897705,0,0.009999992325901985
angle,1780512796007253653,-2.0299999713897705,0,0.009999953210353851
angle,1780512796017253036,-2.0299999713897705,0,0.009999937377870083
angle,1780512796027253300,-2.0299999713897705,0,0.009999988600611687
angle,1780512796037253479,-2.0299999713897705,0,0.010000001639127731
angle,1780512796047253699,-2.0299999713897705,0,0.009999939240515232
angle,1780512796057253967,-2.0299999713897705,0,0.009999952279031277
angle,1780512796067254337,-2.0299999713897705,0,0.009999999776482582
angle,1780512796077254598,-2.0299999713897705,0,0.009999966248869896
angle,1780512796087255103,-2.0299999713897705,0,0.009999964386224747
angle,1780512796097255282,-2.0299999713897705,0,0.009999966248869896
angle,1780512796107255766,-2.0299999713897705,0,0.010000008158385754
angle,1780512796117255801,-2.0299999713897705,0,0.009999973699450493
angle,1780512796127255958,-2.0299999713897705,0,0.00999996904283762
angle,1780512796137256609,-2.0299999713897705,0,0.009999985806643963
angle,1780512796147256470,-2.0299999713897705,0,0.009999964386224747
angle,1780512796157256743,-2.0299999713897705,0,0.009999999776482582
angle,1780512796167257060,-2.0299999713897705,0,0.009999955072999
angle,1780512796177257390,-2.0299999713897705,0,0.00999998115003109
angle,1780512796187257684,-2.0299999713897705,0,0.009999961592257023
angle,1780512796197257852,-2.0299999713897705,0,0.00999998115003109
angle,1780512796207258330,-2.0299999713897705,0,0.00999996718019247
angle,1780512796217258559,-2.0299999713897705,0,0.010000000707805157
angle,1780512796227258999,-2.0299999713897705,0,0.009999950416386127
angle,1780512796237259055,-2.0299999713897705,0,0.009999960660934448
angle,1780512796247259170,-2.0299999713897705,0,0.009999956004321575
angle,1780512796257260800,-2.0299999713897705,0,0.009999996982514858
angle,1780512796267259868,-2.0299999713897705,0,0.009999939240515232
angle,1780512796277260291,-2.0299999713897705,0,0.009999972768127918
angle,1780512796287260441,-2.0299999713897705,0,0.009999974630773067
angle,1780512796297262615,-2.0299999713897705,0,0.009999957866966724
angle,1780512796307260912,-2.0299999713897705,0,0.00999993272125721
angle,1780512796317261106,-2.0299999713897705,0,0.009999951347708702
angle,1780512796327261312,-2.0299999713897705,0,0.009999950416386127
angle,1780512796337261870,-2.0299999713897705,0,0.009999915957450867
angle,1780512796347261682,-2.0299999713897705,0,0.009999933652579784
angle,1780512796357261913,-2.0299999713897705,0,0.009999940171837807
angle,1780512796367262749,-2.0299999713897705,0,0.009999939240515232
angle,1780512796377263938,-2.0299999713897705,0,0.009999902918934822
angle,1780512796387262807,-2.0299999713897705,0,0.009999886155128479
angle,1780512796397263136,-2.0299999713897705,0,0.009999970905482769
angle,1780512796407265654,-2.0299999713897705,0,0.009999992325901985
angle,1780512796417263848,-2.0299999713897705,0,0.009999888949096203
angle,1780512796427263960,-2.0299999713897705,0,0.009999939240515232
angle,1780512796437264103,-2.0299999713897705,0,0.009999956004321575
angle,1780512796447264583,-2.0299999713897705,0,0.009999996982514858
angle,1780512796457264505,-2.0299999713897705,0,0.009999968111515045
angle,1780512796467264961,-2.0299999713897705,0,0.009999974630773067
angle,1780512796477267884,-2.0299999713897705,0,0.009999996051192284
angle,1780512796487265427,-2.0299999713897705,0,0.009999977424740791
angle,1780512796497265500,-2.0299999713897705,0,0.00999994296580553
angle,1780512796507266059,-2.0299999713897705,0,0.009999939240515232
angle,1780512796517266021,-2.0299999713897705,0,0.009999985806643963
angle,1780512796527266177,-2.0299999713897705,0,0.009999995119869709
angle,1780512796537266438,-2.0299999713897705,0,0.009999957866966724
angle,1780512796547266716,-2.0299999713897705,0,0.009999948553740978
angle,1780512796557267516,-2.0299999713897705,0,0.00999996904283762
angle,1780512796567267243,-2.0299999713897705,0,0.009999941103160381
angle,1780512796577267654,-2.0299999713897705,0,0.010000000707805157
angle,1780512796587268542,-2.0299999713897705,0,0.009999964386224747
angle,1780512796597268306,-2.0299999713897705,0,0.009999915957450867
angle,1780512796607270153,-2.0299999713897705,0,0.009999973699450493
angle,1780512796617268613,-2.0299999713897705,0,0.009999905712902546
angle,1780512796627268857,-2.0299999713897705,0,0.009999929927289486
angle,1780512796637269010,-2.0299999713897705,0,0.00999994482845068
angle,1780512796647269521,-2.0299999713897705,0,0.009999946691095829
angle,1780512796657269553,-2.0299999713897705,0,0.009999891743063927
angle,1780512796667270005,-2.0299999713897705,0,0.009999994188547134
angle,1780512796677270111,-2.0299999713897705,0,0.009999970905482769
angle,1780512796687270310,-2.0299999713897705,0,0.009999899193644524
angle,1780512796697270579,-2.0299999713897705,0,0.00999999325722456
angle,1780512796707271024,-2.0299999713897705,0,0.00999996904283762
angle,1780512796717271231,-2.0299999713897705,0,0.009999983012676239
angle,1780512796727271574,-2.0299999713897705,0,0.009999925270676613
angle,1780512796737271668,-2.0299999713897705,0,0.009999974630773067
angle,1780512796747271983,-2.0299999713897705,0,0.009999947622418404
angle,1780512796757272934,-2.0299999713897705,0,0.009999965317547321
angle,1780512796767272762,-2.0299999713897705,0,0.009999905712902546
angle,1780512796777273828,-2.0299999713897705,0,0.009999963454902172
angle,1780512796787275103,-2.0299999713897705,0,0.009999863803386688
angle,1780512796797275378,-2.0299999713897705,0,0.009999954141676426
angle,1780512796807273771,-2.0299999713897705,0,0.009999856352806091
angle,1780512796817274083,-2.0299999713897705,0,0.009999974630773067
angle,1780512796827275020,-2.0299999713897705,0,0.009999983012676239
angle,1780512796837274528,-2.0299999713897705,0,0.009999936446547508
angle,1780512796847274860,-2.0299999713897705,0,0.009999984875321388
angle,1780512796857275118,-2.0299999713897705,0,0.009999985806643963
angle,1780512796867275434,-2.0299999713897705,0,0.009999937377870083
angle,1780512796877275475,-2.0299999713897705,0,0.009999925270676613
angle,1780512796887275810,-2.0299999713897705,0,0.009999939240515232
angle,1780512796897276197,-2.0299999713897705,0,0.009999953210353851
angle,1780512796907276401,-2.0299999713897705,0,0.009999937377870083
angle,1780512796917276513,-2.0299999713897705,0,0.00999993272125721
angle,1780512796927276676,-2.0299999713897705,0,0.009999945759773254
angle,1780512796937276973,-2.0299999713897705,0,0.010000007227063179
angle,1780512796947277086,-2.0299999713897705,0,0.009999936446547508
angle,1780512796957277375,-2.0299999713897705,0,0.009999956004321575
angle,1780512796967277534,-2.0299999713897705,0,0.009999978356063366
angle,1780512796977277820,-2.0299999713897705,0,0.009999968111515045
angle,1780512796987278677,-2.0299999713897705,0,0.009999936446547508
angle,1780512796997278309,-2.0299999713897705,0,0.009999988600611687
angle,1780512797007278766,-2.0299999713897705,0,0.009999972768127918
angle,1780512797017278874,-2.0299999713897705,0,0.009999965317547321
angle,1780512797027279257,-2.0299999713897705,0,0.00999995693564415
angle,1780512797037279445,-2.0299999713897705,0,0.010000010952353477
angle,1780512797047279783,-2.0299999713897705,0,0.00999994482845068
angle,1780512797057280649,-2.0299999713897705,0,0.009999980218708515
angle,1780512797067280177,-2.0299999713897705,0,0.009999961592257023
angle,1780512797077280964,-2.0299999713897705,0,0.009999996051192284
angle,1780512797087280819,-2.0299999713897705,0,0.009999945759773254
angle,1780512797097281446,-2.0299999713897705,0,0.009999987669289112
angle,1780512797107281198,-2.0299999713897705,0,0.009999943897128105
angle,1780512797117281843,-2.0299999713897705,0,0.009999994188547134
angle,1780512797127281825,-2.0299999713897705,0,0.009999940171837807
angle,1780512797137282123,-2.0299999713897705,0,0.009999969974160194
angle,1780512797147282320,-2.0299999713897705,0,0.009999961592257023
angle,1780512797157282498,-2.0299999713897705,0,0.009999936446547508
angle,1780512797167283013,-2.0299999713897705,0,0.009999969974160194
angle,1780512797177282953,-2.0299999713897705,0,0.009999992325901985
angle,1780512797187283369,-2.0299999713897705,0,0.009999939240515232
angle,1780512797197283424,-2.0299999713897705,0,0.009999960660934448
angle,1780512797207284026,-2.0299999713897705,0,0.009999988600611687
angle,1780512797217284638,-2.0299999713897705,0,0.009999977424740791
angle,1780512797227285120,-2.0299999713897705,0,0.00999995693564415
angle,1780512797237284978,-2.0299999713897705,0,0.009999936446547508
angle,1780512797247285136,-2.0299999713897705,0,0.009999966248869896
angle,1780512797257285283,-2.0299999713897705,0,0.010000007227063179
angle,1780512797267286734,-2.0299999713897705,0,0.010000042617321014
angle,1780512797277286368,-2.0299999713897705,0,0.009999880567193031
angle,1780512797287286415,-2.0299999713897705,0,0.009999975562095642
angle,1780512797297286455,-2.0299999713897705,0,0.009999992325901985
angle,1780512797307286631,-2.0299999713897705,0,0.009999953210353851
angle,1780512797317287253,-2.0299999713897705,0,0.009999955072999
angle,1780512797327287173,-2.0299999713897705,0,0.010000000707805157
angle,1780512797337287470,-2.0299999713897705,0,0.00999996718019247
angle,1780512797347287486,-2.0299999713897705,0,0.009999946691095829
angle,1780512797357287857,-2.0299999713897705,0,0.009999952279031277
angle,1780512797367288383,-2.0299999713897705,0,0.010000001639127731
angle,1780512797377288506,-2.0299999713897705,0,0.009999978356063366
angle,1780512797387288993,-2.0299999713897705,0,0.009999970905482769
angle,1780512797397289151,-2.0299999713897705,0,0.009999985806643963
angle,1780512797407289782,-2.0299999713897705,0,0.009999947622418404
angle,1780512797417289768,-2.0299999713897705,0,0.009999924339354038
angle,1780512797427290023,-2.0299999713897705,0,0.009999986737966537
angle,1780512797437290068,-2.0299999713897705,0,0.009999931789934635
angle,1780512797447290263,-2.0299999713897705,0,0.009999955072999
angle,1780512797457290780,-2.0299999713897705,0,0.00999996904283762
angle,1780512797467290876,-2.0299999713897705,0,0.009999964386224747
angle,1780512797477291173,-2.0299999713897705,0,0.009999988600611687
angle,1780512797487291476,-2.0299999713897705,0,0.009999936446547508
angle,1780512797497291963,-2.0299999713897705,0,0.009999959729611874
angle,1780512797507292132,-2.0299999713897705,0,0.009999964386224747
angle,1780512797517292337,-2.0299999713897705,0,0.009999951347708702
angle,1780512797527292652,-2.0299999713897705,0,0.009999977424740791
angle,1780512797537292714,-2.0299999713897705,0,0.010000008158385754
angle,1780512797547292968,-2.0299999713897705,0,0.009999957866966724
angle,1780512797557294201,-2.0299999713897705,0,0.009999951347708702
angle,1780512797567293652,-2.0299999713897705,0,0.009999983943998814
angle,1780512797577293842,-2.0299999713897705,0,0.009999987669289112
angle,1780512797587296163,-2.0299999713897705,0,0.01000005193054676
angle,1780512797597294605,-2.0299999713897705,0,0.00999987032264471
angle,1780512797607296067,-2.0299999713897705,0,0.009999968111515045
angle,1780512797617295017,-2.0299999713897705,0,0.009999899193644524
angle,1780512797627295157,-2.0299999713897705,0,0.009999960660934448
angle,1780512797637295470,-2.0299999713897705,0,0.009999988600611687
angle,1780512797647295739,-2.0299999713897705,0,0.00999999325722456
angle,1780512797657296200,-2.0299999713897705,0,0.009999965317547321
angle,1780512797667296205,-2.0299999713897705,0,0.009999987669289112
angle,1780512797677296330,-2.0299999713897705,0,0.009999940171837807
angle,1780512797687296680,-2.0299999713897705,0,0.009999965317547321
angle,1780512797697297137,-2.0299999713897705,0,0.009999980218708515
angle,1780512797707296972,-2.0299999713897705,0,0.010000010021030903
angle,1780512797717297407,-2.0299999713897705,0,0.00999996904283762
angle,1780512797727297450,-2.0299999713897705,0,0.009999942034482956
angle,1780512797737297954,-2.0299999713897705,0,0.009999986737966537
angle,1780512797747298351,-2.0299999713897705,0,0.009999936446547508
angle,1780512797757298371,-2.0299999713897705,0,0.009999997913837433
angle,1780512797767299003,-2.0299999713897705,0,0.009999939240515232
angle,1780512797777299247,-2.0299999713897705,0,0.009999915026128292
angle,1780512797787299774,-2.0299999713897705,0,0.009999953210353851
angle,1780512797797299849,-2.0299999713897705,0,0.009999978356063366
angle,1780512797807300132,-2.0299999713897705,0,0.009999980218708515
angle,1780512797817300490,-2.0299999713897705,0,0.009999943897128105
angle,1780512797827301347,-2.0299999713897705,0,0.00999994296580553
angle,1780512797837301047,-2.0299999713897705,0,0.009999984875321388
angle,1780512797847300921,-2.0299999713897705,0,0.009999983943998814
angle,1780512797857301180,-2.0299999713897705,0,0.009999959729611874
angle,1780512797867301492,-2.0299999713897705,0,0.009999954141676426
angle,1780512797877302190,-2.0299999713897705,0,0.009999948553740978
angle,1780512797887302356,-2.0299999713897705,0,0.009999961592257023
angle,1780512797897302351,-2.0299999713897705,0,0.009999953210353851
angle,1780512797907304577,-2.0299999713897705,0,0.009999980218708515
angle,1780512797917303154,-2.0299999713897705,0,0.009999851696193218
angle,1780512797927303555,-2.0299999713897705,0,0.009999950416386127
angle,1780512797937303416,-2.0299999713897705,0,0.009999941103160381
angle,1780512797947303763,-2.0299999713897705,0,0.009999931789934635
angle,1780512797957303901,-2.0299999713897705,0,0.009999982081353664
angle,1780512797967304302,-2.0299999713897705,0,0.00999993272125721
angle,1780512797977305733,-2.0299999713897705,0,0.00999997928738594
angle,1780512797987305194,-2.0299999713897705,0,0.00999995693564415
angle,1780512797997304920,-2.0299999713897705,0,0.009999977424740791
angle,1780512798007305394,-2.0299999713897705,0,0.009999972768127918
angle,1780512798017307570,-2.0299999713897705,0,0.009999996982514858
angle,1780512798027308331,-2.0299999713897705,0,0.010000132955610752
angle,1780512798037308456,-2.0299999713897705,0,0.009999939240515232
angle,1780512798047307240,-2.0299999713897705,0,0.009999825619161129
angle,1780512798057307092,-2.0299999713897705,0,0.009999945759773254
angle,1780512798067307474,-2.0299999713897705,0,0.009999939240515232
angle,1780512798077307307,-2.0299999713897705,0,0.009999961592257023
angle,1780512798087307731,-2.0299999713897705,0,0.009999950416386127
angle,1780512798097307961,-2.0299999713897705,0,0.009999970905482769
angle,1780512798107307941,-2.0299999713897705,0,0.009999942034482956
angle,1780512798117308396,-2.0299999713897705,0,0.009999968111515045
angle,1780512798127308393,-2.0299999713897705,0,0.009999957866966724
angle,1780512798137308668,-2.0299999713897705,0,0.009999942034482956
angle,1780512798147308926,-2.0299999713897705,0,0.009999938309192657
angle,1780512798157309535,-2.0299999713897705,0,0.009999952279031277
angle,1780512798167309423,-2.0299999713897705,0,0.009999965317547321
angle,1780512798177309895,-2.0299999713897705,0,0.009999985806643963
angle,1780512798187310366,-2.0299999713897705,0,0.00999994482845068
angle,1780512798197310233,-2.0299999713897705,0,0.009999996051192284
angle,1780512798207310345,-2.0299999713897705,0,0.009999951347708702
angle,1780512798217311418,-2.0299999713897705,0,0.010000025853514671
angle,1780512798227311046,-2.0299999713897705,0,0.0099998963996768
angle,1780512798237311363,-2.0299999713897705,0,0.009999947622418404
angle,1780512798247311788,-2.0299999713897705,0,0.00999999139457941
angle,1780512798257312004,-2.0299999713897705,0,0.00999998115003109
angle,1780512798267312110,-2.0299999713897705,0,0.009999997913837433
angle,1780512798277312458,-2.0299999713897705,0,0.00999997928738594
angle,1780512798287313358,-2.0299999713897705,0,0.009999959729611874
angle,1780512798297313001,-2.0299999713897705,0,0.009999984875321388
angle,1780512798307313363,-2.0299999713897705,0,0.009999953210353851
angle,1780512798317313813,-2.0299999713897705,0,0.00999998115003109
angle,1780512798327313837,-2.0299999713897705,0,0.00999991875141859
angle,1780512798337314392,-2.0299999713897705,0,0.009999958798289299
angle,1780512798347314508,-2.0299999713897705,0,0.009999966248869896
angle,1780512798357314631,-2.0299999713897705,0,0.009999941103160381
angle,1780512798367314930,-2.0299999713897705,0,0.010000025853514671
angle,1780512798377315076,-2.0299999713897705,0,0.00999996718019247
angle,1780512798387315447,-2.0299999713897705,0,0.00999996904283762
angle,1780512798397315612,-2.0299999713897705,0,0.00999999325722456
angle,1780512798407317587,-2.0299999713897705,0,0.010000011883676052
angle,1780512798417316549,-2.0299999713897705,0,0.009999861009418964
angle,1780512798427316584,-2.0299999713897705,0,0.009999940171837807
angle,1780512798437317212,-2.0299999713897705,0,0.009999938309192657
angle,1780512798447317117,-2.0299999713897705,0,0.009999965317547321
angle,1780512798457317416,-2.0299999713897705,0,0.00999999325722456
angle,1780512798467317718,-2.0299999713897705,0,0.009999959729611874
angle,1780512798477317946,-2.0299999713897705,0,0.009999941103160381
angle,1780512798487318146,-2.0299999713897705,0,0.00999990664422512
angle,1780512798497318373,-2.0299999713897705,0,0.009999982081353664
angle,1780512798507318570,-2.0299999713897705,0,0.009999974630773067
angle,1780512798517318953,-2.0299999713897705,0,0.009999966248869896
angle,1780512798527319108,-2.0299999713897705,0,0.00999996904283762
angle,1780512798537319323,-2.0299999713897705,0,0.009999998845160007
angle,1780512798547319637,-2.0299999713897705,0,0.009999934583902359
angle,1780512798557320009,-2.0299999713897705,0,0.009999975562095642
angle,1780512798567320428,-2.0299999713897705,0,0.009999974630773067
angle,1780512798577320520,-2.0299999713897705,0,0.009999988600611687
angle,1780512798587321293,-2.0299999713897705,0,0.009999972768127918
angle,1780512798597321459,-2.0299999713897705,0,0.009999943897128105
angle,1780512798607323074,-2.0299999713897705,0,0.01000000536441803
angle,1780512798617321654,-2.0299999713897705,0,0.009999901987612247
angle,1780512798627321934,-2.0299999713897705,0,0.009999956004321575
angle,1780512798637322397,-2.0299999713897705,0,0.009999987669289112
angle,1780512798647322578,-2.0299999713897705,0,0.009999957866966724
angle,1780512798657322805,-2.0299999713897705,0,0.009999963454902172
angle,1780512798667323121,-2.0299999713897705,0,0.010000010021030903
angle,1780512798677323506,-2.0299999713897705,0,0.009999955072999
angle,1780512798687323994,-2.0299999713897705,0,0.009999998845160007
angle,1780512798697323926,-2.0299999713897705,0,0.009999965317547321
angle,1780512798707324199,-2.0299999713897705,0,0.009999971836805344
angle,1780512798717324444,-2.0299999713897705,0,0.009999990463256836
angle,1780512798727324813,-2.0299999713897705,0,0.009999941103160381
angle,1780512798737325792,-2.0299999713897705,0,0.009999933652579784
angle,1780512798747325404,-2.0299999713897705,0,0.009999940171837807
angle,1780512798757325432,-2.0299999713897705,0,0.009999928064644337
angle,1780512798767325939,-2.0299999713897705,0,0.010000042617321014
angle,1780512798777326319,-2.0299999713897705,0,0.009999937377870083
angle,1780512798787326197,-2.0299999713897705,0,0.009999921545386314
angle,1780512798797326493,-2.0299999713897705,0,0.009999970905482769
angle,1780512798807326708,-2.0299999713897705,0,0.009999947622418404
angle,1780512798817327075,-2.0299999713897705,0,0.009999977424740791
angle,1780512798827328693,-2.0299999713897705,0,0.009999942034482956
angle,1780512798837327853,-2.0299999713897705,0,0.00999994482845068
angle,1780512798847327982,-2.0299999713897705,0,0.010000008158385754
angle,1780512798857328445,-2.0299999713897705,0,0.009999926201999187
angle,1780512798867328553,-2.0299999713897705,0,0.00999999325722456
angle,1780512798877328730,-2.0299999713897705,0,0.00999994296580553
angle,1780512798887329134,-2.0299999713897705,0,0.009999943897128105
angle,1780512798897329962,-2.0299999713897705,0,0.00999998115003109
angle,1780512798907329633,-2.0299999713897705,0,0.00999999325722456
angle,1780512798917329812,-2.0299999713897705,0,0.009999957866966724
angle,1780512798927330039,-2.0299999713897705,0,0.00999994296580553
angle,1780512798937330207,-2.0299999713897705,0,0.009999980218708515
angle,1780512798947330867,-2.0299999713897705,0,0.009999987669289112
angle,1780512798957330853,-2.0299999713897705,0,0.00999996718019247
angle,1780512798967330910,-2.0299999713897705,0,0.009999999776482582
angle,1780512798977331568,-2.0299999713897705,0,0.009999948553740978
angle,1780512798987331447,-2.0299999713897705,0,0.009999890811741352
angle,1780512798997332315,-2.0299999713897705,0,0.009999952279031277
angle,1780512799007332040,-2.0299999713897705,0,0.00999999325722456
angle,1780512799017332228,-2.0299999713897705,0,0.01000000536441803
angle,1780512799027333099,-2.0299999713897705,0,0.009999943897128105
angle,1780512799037332571,-2.0299999713897705,0,0.009999904781579971
angle,1780512799047332912,-2.0299999713897705,0,0.00999997928738594
angle,1780512799057333206,-2.0299999713897705,0,0.009999970905482769
angle,1780512799067333413,-2.0299999713897705,0,0.010000001639127731
angle,1780512799077334024,-2.0299999713897705,0,0.01000000536441803
angle,1780512799087334328,-2.0299999713897705,0,0.009999939240515232
angle,1780512799097334872,-2.0299999713897705,0,0.010000006295740604
angle,1780512799107334872,-2.0299999713897705,0,0.009999966248869896
angle,1780512799117335185,-2.0299999713897705,0,0.009999986737966537
angle,1780512799127336016,-2.0299999713897705,0,0.009999980218708515
angle,1780512799137335691,-2.0299999713897705,0,0.009999986737966537
angle,1780512799147335904,-2.0299999713897705,0,0.009999999776482582
angle,1780512799157336147,-2.0299999713897705,0,0.009999938309192657
angle,1780512799167336575,-2.0299999713897705,0,0.009999911300837994
angle,1780512799177336773,-2.0299999713897705,0,0.009999966248869896
angle,1780512799187337241,-2.0299999713897705,0,0.010000001639127731
angle,1780512799197337354,-2.0299999713897705,0,0.009999956004321575
angle,1780512799207337600,-2.0299999713897705,0,0.009999982081353664
angle,1780512799217338704,-2.0299999713897705,0,0.009999937377870083
angle,1780512799227338169,-2.0299999713897705,0,0.009999940171837807
angle,1780512799237340089,-2.0299999713897705,0,0.009999980218708515
angle,1780512799247338860,-2.0299999713897705,0,0.009999779984354973
angle,1780512799257338958,-2.0299999713897705,0,0.009999940171837807
angle,1780512799267339238,-2.0299999713897705,0,0.00999998115003109
angle,1780512799277339990,-2.0299999713897705,0,0.009999947622418404
angle,1780512799287340077,-2.0299999713897705,0,0.009999982081353664
angle,1780512799297340049,-2.0299999713897705,0,0.009999926201999187
angle,1780512799307340262,-2.0299999713897705,0,0.00999994482845068
angle,1780512799317340600,-2.0299999713897705,0,0.00999998115003109
angle,1780512799327341362,-2.0299999713897705,0,0.009999942034482956
angle,1780512799337341146,-2.0299999713897705,0,0.00999997928738594
angle,1780512799347341707,-2.0299999713897705,0,0.009999950416386127
angle,1780512799357341723,-2.0299999713897705,0,0.009999986737966537
angle,1780512799367342529,-2.0299999713897705,0,0.009999945759773254
angle,1780512799377342442,-2.0299999713897705,0,0.009999940171837807
angle,1780512799387342625,-2.0299999713897705,0,0.009999996051192284
angle,1780512799397342758,-2.0299999713897705,0,0.00999991875141859
angle,1780512799407343132,-2.0299999713897705,0,0.009999965317547321
angle,1780512799417343314,-2.0299999713897705,0,0.00999998115003109
angle,1780512799427343784,-2.0299999713897705,0,0.009999978356063366
angle,1780512799437343976,-2.0299999713897705,0,0.009999945759773254
angle,1780512799447344290,-2.0299999713897705,0,0.009999996982514858
angle,1780512799457344944,-2.0299999713897705,0,0.010000008158385754
angle,1780512799467344854,-2.0299999713897705,0,0.00999999139457941
angle,1780512799477345425,-2.0299999713897705,0,0.009999939240515232
angle,1780512799487345296,-2.0299999713897705,0,0.00999987032264471
angle,1780512799497345860,-2.0299999713897705,0,0.009999964386224747
angle,1780512799507345752,-2.0299999713897705,0,0.009999969974160194
angle,1780512799517345937,-2.0299999713897705,0,0.009999996051192284
angle,1780512799527346636,-2.0299999713897705,0,0.010000000707805157
angle,1780512799537346608,-2.0299999713897705,0,0.00999993085861206
angle,1780512799547347103,-2.0299999713897705,0,0.009999948553740978
angle,1780512799557347025,-2.0299999713897705,0,0.010000004433095455
angle,1780512799567347415,-2.0299999713897705,0,0.00999995693564415
angle,1780512799577347591,-2.0299999713897705,0,0.009999964386224747
angle,1780512799587347763,-2.0299999713897705,0,0.009999998845160007
angle,1780512799597348451,-2.0299999713897705,0,0.009999941103160381
angle,1780512799607349819,-2.0299999713897705,0,0.009999905712902546
angle,1780512799617348497,-2.0299999713897705,0,0.009999916888773441
angle,1780512799627348903,-2.0299999713897705,0,0.009999994188547134
angle,1780512799637349061,-2.0299999713897705,0,0.009999934583902359
angle,1780512799647349303,-2.0299999713897705,0,0.009999983943998814
angle,1780512799657350319,-2.0299999713897705,0,0.009999933652579784
angle,1780512799667349778,-2.0299999713897705,0,0.0099998963996768
angle,1780512799677350037,-2.0299999713897705,0,0.009999996051192284
angle,1780512799687350217,-2.0299999713897705,0,0.009999963454902172
angle,1780512799697351059,-2.0299999713897705,0,0.009999933652579784
angle,1780512799707350741,-2.0299999713897705,0,0.009999910369515419
angle,1780512799717350840,-2.0299999713897705,0,0.010000006295740604
angle,1780512799727351325,-2.0299999713897705,0,0.009999938309192657
angle,1780512799737351506,-2.0299999713897705,0,0.010000001639127731
angle,1780512799747352123,-2.0299999713897705,0,0.00999999325722456
angle,1780512799757352456,-2.0299999713897705,0,0.010000007227063179
angle,1780512799767353099,-2.0299999713897705,0,0.009999970905482769
angle,1780512799777352567,-2.0299999713897705,0,0.009999982081353664
angle,1780512799787352999,-2.0299999713897705,0,0.00999999139457941
angle,1780512799797353333,-2.0299999713897705,0,0.009999957866966724
angle,1780512799807353609,-2.0299999713897705,0,0.00999999325722456
angle,1780512799817354112,-2.0299999713897705,0,0.009999984875321388
angle,1780512799827355060,-2.0299999713897705,0,0.009999994188547134
angle,1780512799837354695,-2.0299999713897705,0,0.009999975562095642
angle,1780512799847355555,-2.0299999713897705,0,0.009999933652579784
angle,1780512799857355538,-2.0299999713897705,0,0.009999925270676613
angle,1780512799867355703,-2.0299999713897705,0,0.009999983943998814
angle,1780512799877356242,-2.0299999713897705,0,0.009999998845160007
angle,1780512799887356264,-2.0299999713897705,0,0.009999946691095829
angle,1780512799897356638,-2.0299999713897705,0,0.009999971836805344
angle,1780512799907356908,-2.0299999713897705,0,0.01000000536441803
angle,1780512799917357304,-2.0299999713897705,0,0.00999996904283762
angle,1780512799927357322,-2.0299999713897705,0,0.00999999139457941
angle,1780512799937357430,-2.0299999713897705,0,0.009999943897128105
angle,1780512799947357881,-2.0299999713897705,0,0.009999988600611687
angle,1780512799957358427,-2.0299999713897705,0,0.009999963454902172
angle,1780512799967358391,-2.0299999713897705,0,0.009999889880418777
angle,1780512799977359795,-2.0299999713897705,0,0.009999939240515232
angle,1780512799987358763,-2.0299999713897705,0,0.009999909438192844
angle,1780512799997359144,-2.0299999713897705,0,0.009999953210353851
angle,1780512800007361330,-2.0299999713897705,0,0.009999980218708515
angle,1780512800017359453,-2.0299999713897705,0,0.009999875910580158
angle,1780512800028971004,-2.0299999713897705,0,0.011610284447669983
angle,1780512800038971023,-2.0299999713897705,0,0.009999929927289486
angle,1780512800048971657,-2.0299999713897705,0,0.010000006295740604
angle,1780512800058971678,-2.0299999713897705,0,0.009999983943998814
angle,1780512800068971970,-2.0299999713897705,0,0.009999946691095829
angle,1780512800078972918,-2.0299999713897705,0,0.009999952279031277
angle,1780512800088972522,-2.0299999713897705,0,0.009999917820096016
angle,1780512800098973031,-2.0299999713897705,0,0.009999942034482956
angle,1780512800108972928,-2.0299999713897705,0,0.00999994296580553
angle,1780512800118973548,-2.0299999713897705,0,0.009999933652579784
angle,1780512800128973423,-2.0299999713897705,0,0.009999983012676239
angle,1780512800138973708,-2.0299999713897705,0,0.010000000707805157
angle,1780512800148974478,-2.0299999713897705,0,0.010000002570450306
angle,1780512800158974355,-2.0299999713897705,0,0.00999996718019247
angle,1780512800168975088,-2.0299999713897705,0,0.009999945759773254
angle,1780512800178974922,-2.0299999713897705,0,0.009999928995966911
angle,1780512800188976096,-2.0299999713897705,0,0.00999997928738594
angle,1780512800198975886,-2.0299999713897705,0,0.009999910369515419
angle,1780512800208975992,-2.0299999713897705,0,0.009999974630773067
angle,1780512800218976536,-2.0299999713897705,0,0.009999942034482956
angle,1780512800228976922,-2.0299999713897705,0,0.009999982081353664
angle,1780512800238976768,-2.0299999713897705,0,0.009999925270676613
angle,1780512800248976944,-2.0299999713897705,0,0.00999996718019247
angle,1780512800258977256,-2.0299999713897705,0,0.009999938309192657
angle,1780512800268978434,-2.0299999713897705,0,0.010000050999224186
angle,1780512800278977873,-2.0299999713897705,0,0.009999938309192657
angle,1780512800288978185,-2.0299999713897705,0,0.00999995693564415
angle,1780512800298978425,-2.0299999713897705,0,0.009999992325901985
angle,1780512800308978606,-2.0299999713897705,0,0.009999975562095642
angle,1780512800318978913,-2.0299999713897705,0,0.009999998845160007
angle,1780512800328980015,-2.0299999713897705,0,0.010000048205256462
angle,1780512800338979647,-2.0299999713897705,0,0.00999986007809639
angle,1780512800348981918,-2.0299999713897705,0,0.00999994482845068
angle,1780512800358980510,-2.0299999713897705,0,0.009999923408031464
angle,1780512800368980254,-2.0299999713897705,0,0.009999942034482956
angle,1780512800378980397,-2.0299999713897705,0,0.009999888017773628
angle,1780512800388980847,-2.0299999713897705,0,0.009999948553740978
angle,1780512800398981271,-2.0299999713897705,0,0.009999903850257397
angle,1780512800408981142,-2.0299999713897705,0,0.00999988429248333
angle,1780512800418981423,-2.0299999713897705,0,0.009999983943998814
angle,1780512800428981794,-2.0299999713897705,0,0.010000007227063179
angle,1780512800438982219,-2.0299999713897705,0,0.010000007227063179
angle,1780512800448982603,-2.0299999713897705,0,0.00999999325722456
angle,1780512800458982471,-2.0299999713897705,0,0.009999942034482956
angle,1780512800468982749,-2.0299999713897705,0,0.009999983943998814
angle,1780512800478982937,-2.0299999713897705,0,0.00999995693564415
angle,1780512800488983302,-2.0299999713897705,0,0.00999996718019247
angle,1780512800498983645,-2.0299999713897705,0,0.009999945759773254
angle,1780512800508983602,-2.0299999713897705,0,0.009999972768127918
angle,1780512800518983725,-2.0299999713897705,0,0.009999951347708702
angle,1780512800528984056,-2.0299999713897705,0,0.009999978356063366
angle,1780512800538984802,-2.0299999713897705,0,0.009999960660934448
angle,1780512800548984642,-2.0299999713897705,0,0.00999997928738594
angle,1780512800558984794,-2.0299999713897705,0,0.009999983012676239
angle,1780512800568985148,-2.0299999713897705,0,0.010000010952353477
angle,1780512800578985431,-2.0299999713897705,0,0.009999938309192657
angle,1780512800588985889,-2.0299999713897705,0,0.009999994188547134
angle,1780512800598986301,-2.0299999713897705,0,0.009999958798289299
angle,1780512800608988152,-2.0299999713897705,0,0.009999971836805344
angle,1780512800618986500,-2.0299999713897705,0,0.009999829344451427
angle,1780512800628986843,-2.0299999713897705,0,0.009999955072999
angle,1780512800638987653,-2.0299999713897705,0,0.009999996051192284
angle,1780512800648987625,-2.0299999713897705,0,0.009999919682741165
angle,1780512800658987859,-2.0299999713897705,0,0.00999987032264471
angle,1780512800668987901,-2.0299999713897705,0,0.009999934583902359
angle,1780512800678988371,-2.0299999713897705,0,0.00999996718019247
angle,1780512800688988547,-2.0299999713897705,0,0.009999940171837807
angle,1780512800698988915,-2.0299999713897705,0,0.009999973699450493
angle,1780512800708989409,-2.0299999713897705,0,0.009999965317547321
angle,1780512800718989285,-2.0299999713897705,0,0.00999997928738594
angle,1780512800728989954,-2.0299999713897705,0,0.009999958798289299
angle,1780512800738990293,-2.0299999713897705,0,0.00999996904283762
angle,1780512800748990778,-2.0299999713897705,0,0.00999995693564415
angle,1780512800758990552,-2.0299999713897705,0,0.009999849833548069
angle,1780512800768990797,-2.0299999713897705,0,0.009999984875321388
angle,1780512800778990877,-2.0299999713897705,0,0.009999965317547321
angle,1780512800788991653,-2.0299999713897705,0,0.009999971836805344
angle,1780512800798991905,-2.0299999713897705,0,0.009999883361160755
angle,1780512800808991545,-2.0299999713897705,0,0.009999954141676426
angle,1780512800818991832,-2.0299999713897705,0,0.009999982081353664
angle,1780512800828992805,-2.0299999713897705,0,0.009999941103160381
angle,1780512800838992683,-2.0299999713897705,0,0.009999973699450493
angle,1780512800848993654,-2.0299999713897705,0,0.009999986737966537
angle,1780512800858993260,-2.0299999713897705,0,0.009999986737966537
angle,1780512800868993519,-2.0299999713897705,0,0.010000006295740604
angle,1780512800878993614,-2.0299999713897705,0,0.009999955072999
angle,1780512800888994274,-2.0299999713897705,0,0.010000001639127731
angle,1780512800898994162,-2.0299999713897705,0,0.009999984875321388
angle,1780512800908994340,-2.0299999713897705,0,0.009999943897128105
angle,1780512800918994670,-2.0299999713897705,0,0.009999966248869896
angle,1780512800928994794,-2.0299999713897705,0,0.009999961592257023
angle,1780512800938995007,-2.0299999713897705,0,0.009999983943998814
angle,1780512800948995244,-2.0299999713897705,0,0.009999995119869709
angle,1780512800958995523,-2.0299999713897705,0,0.009999961592257023
angle,1780512800968995936,-2.0299999713897705,0,0.010000002570450306
angle,1780512800978996255,-2.0299999713897705,0,0.010000001639127731
angle,1780512800988996181,-2.0299999713897705,0,0.009999929927289486
angle,1780512800998996556,-2.0299999713897705,0,0.009999970905482769
angle,1780512801008997064,-2.0299999713897705,0,0.009999974630773067
angle,1780512801018997262,-2.0299999713897705,0,0.009999995119869709
angle,1780512801028997365,-2.0299999713897705,0,0.00999994296580553
angle,1780512801038997752,-2.0299999713897705,0,0.009999947622418404
angle,1780512801048998013,-2.0299999713897705,0,0.009999964386224747
angle,1780512801058998085,-2.0299999713897705,0,0.00999997928738594
angle,1780512801068998526,-2.0299999713897705,0,0.009999980218708515
angle,1780512801078998561,-2.0299999713897705,0,0.00999993085861206
angle,1780512801088998792,-2.0299999713897705,0,0.009999952279031277
angle,1780512801098999173,-2.0299999713897705,0,0.009999978356063366
angle,1780512801108999360,-2.0299999713897705,0,0.009999947622418404
angle,1780512801118999341,-2.0299999713897705,0,0.009999978356063366
angle,1780512801129000052,-2.0299999713897705,0,0.009999997913837433
angle,1780512801139000131,-2.0299999713897705,0,0.009999880567193031
angle,1780512801149000335,-2.0299999713897705,0,0.009999977424740791
angle,1780512801159001111,-2.0299999713897705,0,0.009999938309192657
angle,1780512801169000902,-2.0299999713897705,0,0.009999904781579971
angle,1780512801179001171,-2.0299999713897705,0,0.00999996904283762
angle,1780512801189001196,-2.0299999713897705,0,0.009999968111515045
angle,1780512801199001840,-2.0299999713897705,0,0.00999999139457941
angle,1780512801209001874,-2.0299999713897705,0,0.009999963454902172
angle,1780512801219002059,-2.0299999713897705,0,0.00999996718019247
angle,1780512801229002880,-2.0299999713897705,0,0.010000007227063179
angle,1780512801239002720,-2.0299999713897705,0,0.009999915957450867
angle,1780512801249003196,-2.0299999713897705,0,0.009999992325901985
angle,1780512801259003121,-2.0299999713897705,0,0.009999960660934448
angle,1780512801269003468,-2.0299999713897705,0,0.010000008158385754
angle,1780512801279003781,-2.0299999713897705,0,0.009999987669289112
angle,1780512801289004412,-2.0299999713897705,0,0.01000000536441803
angle,1780512801299007032,-2.0299999713897705,0,0.009999941103160381
angle,1780512801309005571,-2.0299999713897705,0,0.009999859146773815
angle,1780512801319005377,-2.0299999713897705,0,0.009999897330999374
angle,1780512801329005242,-2.0299999713897705,0,0.009999966248869896
angle,1780512801339007180,-2.0299999713897705,0,0.010000008158385754
angle,1780512801349005844,-2.0299999713897705,0,0.009999943897128105
angle,1780512801359006224,-2.0299999713897705,0,0.010000001639127731
angle,1780512801369006490,-2.0299999713897705,0,0.010000012814998627
angle,1780512801379006856,-2.0299999713897705,0,0.009999992325901985
angle,1780512801389007146,-2.0299999713897705,0,0.009999945759773254
angle,1780512801399008032,-2.0299999713897705,0,0.009999941103160381
angle,1780512801409008889,-2.0299999713897705,0,0.009999940171837807
angle,1780512801419007846,-2.0299999713897705,0,0.009999921545386314
angle,1780512801429008071,-2.0299999713897705,0,0.009999983943998814
angle,1780512801439008428,-2.0299999713897705,0,0.009999947622418404
angle,1780512801449008489,-2.0299999713897705,0,0.009999992325901985
angle,1780512801459009119,-2.0299999713897705,0,0.009999938309192657
angle,1780512801469009240,-2.0299999713897705,0,0.009999999776482582
angle,1780512801479009682,-2.0299999713897705,0,0.010000007227063179
angle,1780512801489009702,-2.0299999713897705,0,0.009999939240515232
angle,1780512801499010310,-2.0299999713897705,0,0.010000008158385754
angle,1780512801509010416,-2.0299999713897705,0,0.009999968111515045
angle,1780512801519010485,-2.0299999713897705,0,0.009999995119869709
angle,1780512801529010664,-2.0299999713897705,0,0.009999947622418404
angle,1780512801539011377,-2.0299999713897705,0,0.009999968111515045
angle,1780512801549011424,-2.0299999713897705,0,0.009999984875321388
angle,1780512801559012994,-2.0299999713897705,0,0.009999997913837433
angle,1780512801569011851,-2.0299999713897705,0,0.009999866597354412
angle,1780512801579012218,-2.0299999713897705,0,0.009999947622418404
angle,1780512801589012508,-2.0299999713897705,0,0.00999999325722456
angle,1780512801599012908,-2.0299999713897705,0,0.00999998115003109
angle,1780512801609012994,-2.0299999713897705,0,0.009999942034482956
angle,1780512801619013735,-2.0299999713897705,0,0.009999985806643963
angle,1780512801629013914,-2.0299999713897705,0,0.009999939240515232
angle,1780512801639013666,-2.0299999713897705,0,0.009999966248869896
angle,1780512801649014209,-2.0299999713897705,0,0.00999999325722456
angle,1780512801659014558,-2.0299999713897705,0,0.009999943897128105
angle,1780512801669014597,-2.0299999713897705,0,0.009999982081353664
angle,1780512801679014996,-2.0299999713897705,0,0.010000004433095455
angle,1780512801689015080,-2.0299999713897705,0,0.009999969974160194
angle,1780512801699015324,-2.0299999713897705,0,0.00999994482845068
angle,1780512801709015714,-2.0299999713897705,0,0.009999960660934448
angle,1780512801719015946,-2.0299999713897705,0,0.009999948553740978
angle,1780512801729016036,-2.0299999713897705,0,0.00999994296580553
angle,1780512801739016580,-2.0299999713897705,0,0.009999966248869896
angle,1780512801749016448,-2.0299999713897705,0,0.00999996718019247
angle,1780512801759016636,-2.0299999713897705,0,0.009999970905482769
angle,1780512801769017115,-2.0299999713897705,0,0.009999990463256836
angle,1780512801779017526,-2.0299999713897705,0,0.010000007227063179
angle,1780512801789017423,-2.0299999713897705,0,0.009999953210353851
angle,1780512801799018737,-2.0299999713897705,0,0.009999975562095642
angle,1780512801809019928,-2.0299999713897705,0,0.009999952279031277
angle,1780512801819020340,-2.0299999713897705,0,0.009999925270676613
angle,1780512801829019778,-2.0299999713897705,0,0.009999893605709076
angle,1780512801839018907,-2.0299999713897705,0,0.009999900124967098
angle,1780512801849019313,-2.0299999713897705,0,0.00999999325722456
angle,1780512801859019322,-2.0299999713897705,0,0.009999940171837807
angle,1780512801869019588,-2.0299999713897705,0,0.010000001639127731
angle,1780512801879021781,-2.0299999713897705,0,0.009999988600611687
angle,1780512801889020423,-2.0299999713897705,0,0.009999945759773254
angle,1780512801899020566,-2.0299999713897705,0,0.009999947622418404
angle,1780512801909020910,-2.0299999713897705,0,0.009999971836805344
angle,1780512801919021270,-2.0299999713897705,0,0.009999972768127918
angle,1780512801929021832,-2.0299999713897705,0,0.009999986737966537
angle,1780512801939021774,-2.0299999713897705,0,0.009999970905482769
angle,1780512801949022058,-2.0299999713897705,0,0.009999997913837433
angle,1780512801959022129,-2.0299999713897705,0,0.009999941103160381
angle,1780512801969023728,-2.0299999713897705,0,0.010000018402934074
angle,1780512801979024297,-2.0299999713897705,0,0.00999987218528986
angle,1780512801989023177,-2.0299999713897705,0,0.009999915026128292
angle,1780512801999023334,-2.0299999713897705,0,0.009999971836805344
angle,1780512802009023795,-2.0299999713897705,0,0.009999940171837807
angle,1780512802019023700,-2.0299999713897705,0,0.00999993085861206
angle,1780512802029023992,-2.0299999713897705,0,0.009999921545386314
angle,1780512802039024448,-2.0299999713897705,0,0.009999968111515045
angle,1780512802049024393,-2.0299999713897705,0,0.00999998115003109
angle,1780512802059024576,-2.0299999713897705,0,0.009999988600611687
angle,1780512802069025368,-2.0299999713897705,0,0.010000000707805157
angle,1780512802079025304,-2.0299999713897705,0,0.009999960660934448
angle,1780512802089025597,-2.0299999713897705,0,0.009999983943998814
angle,1780512802099026279,-2.0299999713897705,0,0.009999996982514858
angle,1780512802109026231,-2.0299999713897705,0,0.009999983012676239
angle,1780512802119026360,-2.0299999713897705,0,0.009999946691095829
angle,1780512802129027025,-2.0299999713897705,0,0.010000002570450306
angle,1780512802139027382,-2.0299999713897705,0,0.010000002570450306
angle,1780512802149027527,-2.0299999713897705,0,0.009999912232160568
angle,1780512802159027577,-2.0299999713897705,0,0.00999999139457941
angle,1780512802169027887,-2.0299999713897705,0,0.009999968111515045
angle,1780512802179028189,-2.0299999713897705,0,0.009999973699450493
angle,1780512802189028153,-2.0299999713897705,0,0.009999942034482956
angle,1780512802199028682,-2.0299999713897705,0,0.010000004433095455
angle,1780512802209029047,-2.0299999713897705,0,0.009999969974160194
angle,1780512802219029689,-2.0299999713897705,0,0.009999959729611874
angle,1780512802229029302,-2.0299999713897705,0,0.009999938309192657
angle,1780512802239029555,-2.0299999713897705,0,0.009999953210353851
angle,1780512802249029674,-2.0299999713897705,0,0.009999948553740978
angle,1780512802259029982,-2.0299999713897705,0,0.009999959729611874
angle,1780512802269030064,-2.0299999713897705,0,0.009999959729611874
angle,1780512802279030476,-2.0299999713897705,0,0.009999970905482769
angle,1780512802289031361,-2.0299999713897705,0,0.009999996982514858
angle,1780512802299031044,-2.0299999713897705,0,0.010000001639127731
angle,1780512802309031792,-2.0299999713897705,0,0.00999994296580553
angle,1780512802319031519,-2.0299999713897705,0,0.009999971836805344
angle,1780512802329031700,-2.0299999713897705,0,0.009999964386224747
angle,1780512802339032077,-2.0299999713897705,0,0.009999937377870083
angle,1780512802349032402,-2.0299999713897705,0,0.009999988600611687
angle,1780512802359032506,-2.0299999713897705,0,0.009999963454902172
angle,1780512802369032625,-2.0299999713897705,0,0.00999995693564415
angle,1780512802379032805,-2.0299999713897705,0,0.009999985806643963
angle,1780512802389033241,-2.0299999713897705,0,0.010000001639127731
angle,1780512802399033526,-2.0299999713897705,0,0.009999966248869896
angle,1780512802409033755,-2.0299999713897705,0,0.009999955072999
angle,1780512802419033890,-2.0299999713897705,0,0.009999999776482582
angle,1780512802429034247,-2.0299999713897705,0,0.009999983012676239
angle,1780512802439034592,-2.0299999713897705,0,0.009999948553740978
angle,1780512802449034673,-2.0299999713897705,0,0.009999957866966724
angle,1780512802459034699,-2.0299999713897705,0,0.009999971836805344
angle,1780512802469035102,-2.0299999713897705,0,0.009999994188547134
angle,1780512802479035338,-2.0299999713897705,0,0.00999996904283762
angle,1780512802489035889,-2.0299999713897705,0,0.010000007227063179
angle,1780512802499036008,-2.0299999713897705,0,0.00999994482845068
angle,1780512802509036104,-2.0299999713897705,0,0.009999936446547508
angle,1780512802519036107,-2.0299999713897705,0,0.009999921545386314
angle,1780512802529036634,-2.0299999713897705,0,0.009999970905482769
angle,1780512802539036554,-2.0299999713897705,0,0.009999983943998814
angle,1780512802549036947,-2.0299999713897705,0,0.00999998115003109
angle,1780512802559037047,-2.0299999713897705,0,0.009999929927289486
angle,1780512802569037340,-2.0299999713897705,0,0.010000007227063179
angle,1780512802579037696,-2.0299999713897705,0,0.009999977424740791
angle,1780512802589038120,-2.0299999713897705,0,0.010000007227063179
angle,1780512802599038352,-2.0299999713897705,0,0.009999938309192657
angle,1780512802609038593,-2.0299999713897705,0,0.009999946691095829
angle,1780512802619040684,-2.0299999713897705,0,0.009999983012676239
angle,1780512802629039263,-2.0299999713897705,0,0.009999929927289486
angle,1780512802639039365,-2.0299999713897705,0,0.009999947622418404
angle,1780512802649039784,-2.0299999713897705,0,0.00999997928738594
angle,1780512802659039669,-2.0299999713897705,0,0.009999968111515045
angle,1780512802669040401,-2.0299999713897705,0,0.009999985806643963
angle,1780512802679040323,-2.0299999713897705,0,0.009999996982514858
angle,1780512802689040641,-2.0299999713897705,0,0.009999972768127918
angle,1780512802699040739,-2.0299999713897705,0,0.009999997913837433
angle,1780512802709040980,-2.0299999713897705,0,0.00999995693564415
angle,1780512802719041653,-2.0299999713897705,0,0.009999940171837807
angle,1780512802729041584,-2.0299999713897705,0,0.010000006295740604
angle,1780512802739041810,-2.0299999713897705,0,0.009999959729611874
angle,1780512802749042235,-2.0299999713897705,0,0.009999968111515045
angle,1780512802759042652,-2.0299999713897705,0,0.009999983012676239
angle,1780512802769042672,-2.0299999713897705,0,0.00999999139457941
angle,1780512802779042919,-2.0299999713897705,0,0.010000010952353477
angle,1780512802789043445,-2.0299999713897705,0,0.009999984875321388
angle,1780512802799043375,-2.0299999713897705,0,0.009999958798289299
angle,1780512802809043566,-2.0299999713897705,0,0.009999947622418404
angle,1780512802819043775,-2.0299999713897705,0,0.00999994296580553
angle,1780512802829044898,-2.0299999713897705,0,0.009999954141676426
angle,1780512802839044452,-2.0299999713897705,0,0.009999876841902733
angle,1780512802849045792,-2.0299999713897705,0,0.00999998115003109
angle,1780512802859044981,-2.0299999713897705,0,0.009999982081353664
angle,1780512802869045210,-2.0299999713897705,0,0.009999971836805344
angle,1780512802879045445,-2.0299999713897705,0,0.009999970905482769
angle,1780512802889045855,-2.0299999713897705,0,0.009999953210353851
angle,1780512802899046831,-2.0299999713897705,0,0.009999952279031277
angle,1780512802909046170,-2.0299999713897705,0,0.009999945759773254
angle,1780512802919046460,-2.0299999713897705,0,0.009999984875321388
angle,1780512802929046625,-2.0299999713897705,0,0.009999964386224747
angle,1780512802939047247,-2.0299999713897705,0,0.009999942034482956
angle,1780512802949047133,-2.0299999713897705,0,0.009999951347708702
angle,1780512802959047459,-2.0299999713897705,0,0.009999995119869709
angle,1780512802969047773,-2.0299999713897705,0,0.010000000707805157
angle,1780512802979047962,-2.0299999713897705,0,0.009999995119869709
angle,1780512802989048278,-2.0299999713897705,0,0.010000004433095455
angle,1780512802999048529,-2.0299999713897705,0,0.009999947622418404
angle,1780512803009048771,-2.0299999713897705,0,0.009999953210353851
angle,1780512803019049238,-2.0299999713897705,0,0.009999975562095642
angle,1780512803030865351,-2.0299999713897705,0,0.011815307661890984
angle,1780512803040865504,-2.0299999713897705,0,0.009999948553740978
angle,1780512803050865709,-2.0299999713897705,0,0.009999946691095829
angle,1780512803060865876,-2.0299999713897705,0,0.009999988600611687
angle,1780512803070866219,-2.0299999713897705,0,0.009999947622418404
angle,1780512803080866318,-2.0299999713897705,0,0.009999987669289112
angle,1780512803090866791,-2.0299999713897705,0,0.009999996051192284
angle,1780512803100866823,-2.0299999713897705,0,0.009999980218708515
angle,1780512803110867018,-2.0299999713897705,0,0.009999988600611687
angle,1780512803120867317,-2.0299999713897705,0,0.009999961592257023
angle,1780512803130867447,-2.0299999713897705,0,0.009999955072999
angle,1780512803140868300,-2.0299999713897705,0,0.009999990463256836
angle,1780512803150868351,-2.0299999713897705,0,0.009999969974160194
angle,1780512803160868344,-2.0299999713897705,0,0.009999942034482956
angle,1780512803170868486,-2.0299999713897705,0,0.009999947622418404
angle,1780512803180869017,-2.0299999713897705,0,0.009999956004321575
angle,1780512803190869086,-2.0299999713897705,0,0.010000006295740604
angle,1780512803200869381,-2.0299999713897705,0,0.01000000536441803
angle,1780512803210869658,-2.0299999713897705,0,0.00999999325722456
angle,1780512803220870344,-2.0299999713897705,0,0.009999992325901985
angle,1780512803230870296,-2.0299999713897705,0,0.00999991875141859
angle,1780512803240870554,-2.0299999713897705,0,0.009999945759773254
angle,1780512803250871054,-2.0299999713897705,0,0.00999994482845068
angle,1780512803260871085,-2.0299999713897705,0,0.009999969974160194
angle,1780512803270871930,-2.0299999713897705,0,0.009999958798289299
angle,1780512803280871778,-2.0299999713897705,0,0.009999946691095829
angle,1780512803290871744,-2.0299999713897705,0,0.009999997913837433
angle,1780512803300872146,-2.0299999713897705,0,0.010000000707805157
angle,1780512803310872410,-2.0299999713897705,0,0.009999958798289299
angle,1780512803320872932,-2.0299999713897705,0,0.009999941103160381
angle,1780512803330872682,-2.0299999713897705,0,0.009999943897128105
angle,1780512803340873100,-2.0299999713897705,0,0.010000006295740604
angle,1780512803350873291,-2.0299999713897705,0,0.009999938309192657
angle,1780512803360873850,-2.0299999713897705,0,0.009999995119869709
angle,1780512803370874136,-2.0299999713897705,0,0.009999863803386688
angle,1780512803380874124,-2.0299999713897705,0,0.009999977424740791
angle,1780512803390874480,-2.0299999713897705,0,0.009999945759773254
angle,1780512803400874768,-2.0299999713897705,0,0.010000004433095455
angle,1780512803410875100,-2.0299999713897705,0,0.009999950416386127
angle,1780512803420875182,-2.0299999713897705,0,0.010000008158385754
angle,1780512803430875381,-2.0299999713897705,0,0.009999978356063366
angle,1780512803440876393,-2.0299999713897705,0,0.009999941103160381
angle,1780512803450875955,-2.0299999713897705,0,0.00999987218528986
angle,1780512803460876593,-2.0299999713897705,0,0.010000008158385754
angle,1780512803470876411,-2.0299999713897705,0,0.010000006295740604
angle,1780512803480876950,-2.0299999713897705,0,0.009999951347708702
angle,1780512803490877112,-2.0299999713897705,0,0.009999975562095642
angle,1780512803500877218,-2.0299999713897705,0,0.009999996982514858
angle,1780512803510877784,-2.0299999713897705,0,0.009999983943998814
angle,1780512803520878322,-2.0299999713897705,0,0.010000002570450306
angle,1780512803530878349,-2.0299999713897705,0,0.009999969974160194
angle,1780512803540878616,-2.0299999713897705,0,0.009999972768127918
angle,1780512803550878946,-2.0299999713897705,0,0.009999951347708702
angle,1780512803560879785,-2.0299999713897705,0,0.00999998115003109
angle,1780512803570879570,-2.0299999713897705,0,0.009999953210353851
angle,1780512803580879696,-2.0299999713897705,0,0.009999982081353664
angle,1780512803590879716,-2.0299999713897705,0,0.009999960660934448
angle,1780512803600880348,-2.0299999713897705,0,0.009999972768127918
angle,1780512803610880503,-2.0299999713897705,0,0.010000004433095455
angle,1780512803620882482,-2.0299999713897705,0,0.009999951347708702
angle,1780512803630880957,-2.0299999713897705,0,0.009999905712902546
angle,1780512803640881598,-2.0299999713897705,0,0.00999997928738594
angle,1780512803650881437,-2.0299999713897705,0,0.009999995119869709
angle,1780512803660881983,-2.0299999713897705,0,0.009999953210353851
angle,1780512803670882063,-2.0299999713897705,0,0.009999968111515045
angle,1780512803680882265,-2.0299999713897705,0,0.009999948553740978
angle,1780512803690882512,-2.0299999713897705,0,0.00999994296580553
angle,1780512803700882872,-2.0299999713897705,0,0.00999994482845068
angle,1780512803710883074,-2.0299999713897705,0,0.009999999776482582
angle,1780512803720883414,-2.0299999713897705,0,0.009999957866966724
angle,1780512803730883936,-2.0299999713897705,0,0.009999947622418404
angle,1780512803740883750,-2.0299999713897705,0,0.009999977424740791
angle,1780512803750884011,-2.0299999713897705,0,0.009999959729611874
angle,1780512803760884430,-2.0299999713897705,0,0.009999969974160194
angle,1780512803770884681,-2.0299999713897705,0,0.009999973699450493
angle,1780512803780884661,-2.0299999713897705,0,0.00999994482845068
angle,1780512803790885013,-2.0299999713897705,0,0.009999965317547321
angle,1780512803800885221,-2.0299999713897705,0,0.010000008158385754
angle,1780512803810885536,-2.0299999713897705,0,0.010000006295740604
angle,1780512803820886158,-2.0299999713897705,0,0.009999965317547321
angle,1780512803830886778,-2.0299999713897705,0,0.00999996718019247
angle,1780512803840886058,-2.0299999713897705,0,0.010000007227063179
angle,1780512803850886517,-2.0299999713897705,0,0.009999980218708515
angle,1780512803860886876,-2.0299999713897705,0,0.009999972768127918
angle,1780512803870887071,-2.0299999713897705,0,0.009999933652579784
angle,1780512803880887323,-2.0299999713897705,0,0.009999948553740978
angle,1780512803890887692,-2.0299999713897705,0,0.009999996982514858
angle,1780512803900887715,-2.0299999713897705,0,0.009999992325901985
angle,1780512803910888315,-2.0299999713897705,0,0.009999952279031277
angle,1780512803920888293,-2.0299999713897705,0,0.009999956004321575
angle,1780512803930888467,-2.0299999713897705,0,0.009999994188547134
angle,1780512803940890027,-2.0299999713897705,0,0.009999999776482582
angle,1780512803950889038,-2.0299999713897705,0,0.009999853558838367
angle,1780512803960889774,-2.0299999713897705,0,0.009999992325901985
angle,1780512803970890447,-2.0299999713897705,0,0.010000036098062992
angle,1780512803980889929,-2.0299999713897705,0,0.009999883361160755
angle,1780512803990890227,-2.0299999713897705,0,0.009999992325901985
angle,1780512804000890805,-2.0299999713897705,0,0.00999999325722456
angle,1780512804010891317,-2.0299999713897705,0,0.009999880567193031
angle,1780512804020891430,-2.0299999713897705,0,0.009999937377870083
angle,1780512804030891678,-2.0299999713897705,0,0.00999987218528986
angle,1780512804040891472,-2.0299999713897705,0,0.009999950416386127
angle,1780512804050891756,-2.0299999713897705,0,0.00999994482845068
angle,1780512804060892295,-2.0299999713897705,0,0.009999998845160007
angle,1780512804070892163,-2.0299999713897705,0,0.009999958798289299
angle,1780512804080892620,-2.0299999713897705,0,0.009999998845160007
angle,1780512804090892672,-2.0299999713897705,0,0.009999938309192657
angle,1780512804100893192,-2.0299999713897705,0,0.009999983943998814
angle,1780512804110893169,-2.0299999713897705,0,0.009999988600611687
angle,1780512804120893973,-2.0299999713897705,0,0.00999996904283762
angle,1780512804130893780,-2.0299999713897705,0,0.00999994296580553
angle,1780512804140894028,-2.0299999713897705,0,0.009999988600611687
angle,1780512804150894125,-2.0299999713897705,0,0.009999938309192657
angle,1780512804160894677,-2.0299999713897705,0,0.009999983943998814
angle,1780512804170894835,-2.0299999713897705,0,0.009999983012676239
angle,1780512804180895502,-2.0299999713897705,0,0.009999995119869709
angle,1780512804190895428,-2.0299999713897705,0,0.00999994296580553
angle,1780512804200895849,-2.0299999713897705,0,0.009999964386224747
angle,1780512804210896374,-2.0299999713897705,0,0.009999965317547321
angle,1780512804220896423,-2.0299999713897705,0,0.00999998115003109
angle,1780512804230897152,-2.0299999713897705,0,0.009999996982514858
angle,1780512804240896804,-2.0299999713897705,0,0.009999910369515419
angle,1780512804250897012,-2.0299999713897705,0,0.009999961592257023
angle,1780512804260897475,-2.0299999713897705,0,0.009999947622418404
angle,1780512804270897744,-2.0299999713897705,0,0.009999957866966724
angle,1780512804280898023,-2.0299999713897705,0,0.009999994188547134
angle,1780512804290898153,-2.0299999713897705,0,0.009999928995966911
angle,1780512804300898414,-2.0299999713897705,0,0.009999983943998814
angle,1780512804310898637,-2.0299999713897705,0,0.010000006295740604
angle,1780512804320899083,-2.0299999713897705,0,0.009999996051192284
angle,1780512804330899289,-2.0299999713897705,0,0.009999974630773067
angle,1780512804340899526,-2.0299999713897705,0,0.009999970905482769
angle,1780512804350899627,-2.0299999713897705,0,0.009999977424740791
angle,1780512804360900088,-2.0299999713897705,0,0.009999973699450493
angle,1780512804370900253,-2.0299999713897705,0,0.009999955072999
angle,1780512804380900419,-2.0299999713897705,0,0.009999965317547321
angle,1780512804390900631,-2.0299999713897705,0,0.009999943897128105
angle,1780512804400900922,-2.0299999713897705,0,0.009999973699450493
angle,1780512804410901371,-2.0299999713897705,0,0.009999934583902359
angle,1780512804420901598,-2.0299999713897705,0,0.009999975562095642
angle,1780512804430901796,-2.0299999713897705,0,0.00999997928738594
angle,1780512804440901908,-2.0299999713897705,0,0.009999925270676613
angle,1780512804450902324,-2.0299999713897705,0,0.009999997913837433
angle,1780512804460903447,-2.0299999713897705,0,0.009999960660934448
angle,1780512804470903182,-2.0299999713897705,0,0.009999951347708702
angle,1780512804480903227,-2.0299999713897705,0,0.00999995693564415
angle,1780512804490903445,-2.0299999713897705,0,0.009999958798289299
angle,1780512804500903857,-2.0299999713897705,0,0.009999983943998814
angle,1780512804510903940,-2.0299999713897705,0,0.009999996982514858
angle,1780512804520904158,-2.0299999713897705,0,0.009999938309192657
angle,1780512804530904417,-2.0299999713897705,0,0.009999988600611687
angle,1780512804540904720,-2.0299999713897705,0,0.009999964386224747
angle,1780512804550904763,-2.0299999713897705,0,0.00999996718019247
angle,1780512804560905211,-2.0299999713897705,0,0.009999999776482582
angle,1780512804570905333,-2.0299999713897705,0,0.009999966248869896
angle,1780512804580907713,-2.0299999713897705,0,0.009999953210353851
angle,1780512804590905716,-2.0299999713897705,0,0.009999919682741165
angle,1780512804600906111,-2.0299999713897705,0,0.009999985806643963
angle,1780512804610906609,-2.0299999713897705,0,0.009999938309192657
angle,1780512804620908336,-2.0299999713897705,0,0.009999942034482956
angle,1780512804630906735,-2.0299999713897705,0,0.009999838657677174
angle,1780512804640906984,-2.0299999713897705,0,0.009999977424740791
angle,1780512804650907311,-2.0299999713897705,0,0.009999997913837433
angle,1780512804660907753,-2.0299999713897705,0,0.00999994296580553
angle,1780512804670908000,-2.0299999713897705,0,0.009999957866966724
angle,1780512804680908454,-2.0299999713897705,0,0.00999994296580553
angle,1780512804690908402,-2.0299999713897705,0,0.010000000707805157
angle,1780512804700908595,-2.0299999713897705,0,0.009999938309192657
angle,1780512804710908773,-2.0299999713897705,0,0.009999959729611874
angle,1780512804720908975,-2.0299999713897705,0,0.00999996904283762
angle,1780512804730909226,-2.0299999713897705,0,0.00999995693564415
angle,1780512804740909346,-2.0299999713897705,0,0.009999940171837807
angle,1780512804750910066,-2.0299999713897705,0,0.009999978356063366
angle,1780512804760910867,-2.0299999713897705,0,0.009999951347708702
angle,1780512804770910170,-2.0299999713897705,0,0.00999993085861206
angle,1780512804780910337,-2.0299999713897705,0,0.00999994296580553
angle,1780512804790910562,-2.0299999713897705,0,0.00999998115003109
angle,1780512804800911162,-2.0299999713897705,0,0.009999972768127918
angle,1780512804810911601,-2.0299999713897705,0,0.009999980218708515
angle,1780512804820911522,-2.0299999713897705,0,0.00999994482845068
angle,1780512804830912838,-2.0299999713897705,0,0.009999961592257023
angle,1780512804840911945,-2.0299999713897705,0,0.00999996718019247
angle,1780512804850912642,-2.0299999713897705,0,0.009999984875321388
angle,1780512804860912516,-2.0299999713897705,0,0.009999937377870083
angle,1780512804870912738,-2.0299999713897705,0,0.009999939240515232
angle,1780512804880912756,-2.0299999713897705,0,0.009999936446547508
angle,1780512804890913017,-2.0299999713897705,0,0.009999945759773254
angle,1780512804900913197,-2.0299999713897705,0,0.009999957866966724
angle,1780512804910913421,-2.0299999713897705,0,0.009999987669289112
angle,1780512804920913838,-2.0299999713897705,0,0.00999999325722456
angle,1780512804930914230,-2.0299999713897705,0,0.009999961592257023
angle,1780512804940914698,-2.0299999713897705,0,0.009999957866966724
angle,1780512804950914647,-2.0299999713897705,0,0.00999999139457941
angle,1780512804960914914,-2.0299999713897705,0,0.009999958798289299
angle,1780512804970915290,-2.0299999713897705,0,0.009999983943998814
angle,1780512804980915649,-2.0299999713897705,0,0.009999945759773254
angle,1780512804990915780,-2.0299999713897705,0,0.009999943897128105
angle,1780512805000916093,-2.0299999713897705,0,0.009999961592257023
angle,1780512805010916229,-2.0299999713897705,0,0.009999938309192657
angle,1780512805020916530,-2.0299999713897705,0,0.009999965317547321
angle,1780512805030917159,-2.0299999713897705,0,0.00999996904283762
angle,1780512805040917085,-2.0299999713897705,0,0.009999899193644524
angle,1780512805050917123,-2.0299999713897705,0,0.009999939240515232
angle,1780512805060917421,-2.0299999713897705,0,0.009999971836805344
angle,1780512805070917907,-2.0299999713897705,0,0.009999988600611687
angle,1780512805080918643,-2.0299999713897705,0,0.010000009089708328
angle,1780512805090918275,-2.0299999713897705,0,0.009999938309192657
angle,1780512805100918665,-2.0299999713897705,0,0.009999956004321575
angle,1780512805110918752,-2.0299999713897705,0,0.009999965317547321
angle,1780512805120919312,-2.0299999713897705,0,0.009999953210353851
angle,1780512805130919598,-2.0299999713897705,0,0.009999965317547321
angle,1780512805140919613,-2.0299999713897705,0,0.00999997928738594
angle,1780512805150920325,-2.0299999713897705,0,0.009999987669289112
angle,1780512805160920142,-2.0299999713897705,0,0.009999940171837807
angle,1780512805170921341,-2.0299999713897705,0,0.009999992325901985
angle,1780512805180921077,-2.0299999713897705,0,0.009999941103160381
angle,1780512805190920979,-2.0299999713897705,0,0.009999941103160381
angle,1780512805200921282,-2.0299999713897705,0,0.010000001639127731
angle,1780512805210921811,-2.0299999713897705,0,0.009999963454902172
angle,1780512805220921912,-2.0299999713897705,0,0.009999952279031277
angle,1780512805230922189,-2.0299999713897705,0,0.009999995119869709
angle,1780512805240922127,-2.0299999713897705,0,0.009999938309192657
angle,1780512805250922434,-2.0299999713897705,0,0.009999925270676613
angle,1780512805260922928,-2.0299999713897705,0,0.009999956004321575
angle,1780512805270923297,-2.0299999713897705,0,0.009999961592257023
angle,1780512805280923656,-2.0299999713897705,0,0.00999999325722456
angle,1780512805290923576,-2.0299999713897705,0,0.009999988600611687
angle,1780512805300924173,-2.0299999713897705,0,0.009999947622418404
angle,1780512805310924204,-2.0299999713897705,0,0.009999954141676426
angle,1780512805320924547,-2.0299999713897705,0,0.00999999139457941
angle,1780512805330924637,-2.0299999713897705,0,0.010000002570450306
angle,1780512805340924867,-2.0299999713897705,0,0.01000000536441803
angle,1780512805350925203,-2.0299999713897705,0,0.010000006295740604
angle,1780512805360925480,-2.0299999713897705,0,0.009999982081353664
angle,1780512805370925961,-2.0299999713897705,0,0.00999999139457941
angle,1780512805380926190,-2.0299999713897705,0,0.010000001639127731
angle,1780512805390927025,-2.0299999713897705,0,0.009999952279031277
angle,1780512805400926649,-2.0299999713897705,0,0.009999992325901985
angle,1780512805410927079,-2.0299999713897705,0,0.009999963454902172
angle,1780512805420927208,-2.0299999713897705,0,0.009999916888773441
angle,1780512805430927771,-2.0299999713897705,0,0.009999983943998814
angle,1780512805440927794,-2.0299999713897705,0,0.009999964386224747
angle,1780512805450928736,-2.0299999713897705,0,0.00999996718019247
angle,1780512805460928640,-2.0299999713897705,0,0.00999984610825777
angle,1780512805470928847,-2.0299999713897705,0,0.009999928995966911
angle,1780512805480929229,-2.0299999713897705,0,0.00999999139457941
angle,1780512805490931288,-2.0299999713897705,0,0.010000001639127731
angle,1780512805500930947,-2.0299999713897705,0,0.009999891743063927
angle,1780512805510930025,-2.0299999713897705,0,0.009999893605709076
angle,1780512805520930151,-2.0299999713897705,0,0.009999953210353851
angle,1780512805530930738,-2.0299999713897705,0,0.009999996051192284
angle,1780512805540930875,-2.0299999713897705,0,0.009999934583902359
angle,1780512805550931070,-2.0299999713897705,0,0.009999966248869896
angle,1780512805560931217,-2.0299999713897705,0,0.009999960660934448
angle,1780512805570931594,-2.0299999713897705,0,0.009999960660934448
angle,1780512805580931765,-2.0299999713897705,0,0.009999990463256836
angle,1780512805590932332,-2.0299999713897705,0,0.009999987669289112
angle,1780512805600932491,-2.0299999713897705,0,0.01000000536441803
angle,1780512805610932639,-2.0299999713897705,0,0.009999988600611687
angle,1780512805620934525,-2.0299999713897705,0,0.010000000707805157
angle,1780512805630933164,-2.0299999713897705,0,0.009999928995966911
angle,1780512805640933456,-2.0299999713897705,0,0.00999995693564415
angle,1780512805650933534,-2.0299999713897705,0,0.009999952279031277
angle,1780512805660933878,-2.0299999713897705,0,0.009999937377870083
angle,1780512805670934112,-2.0299999713897705,0,0.010000014677643776
angle,1780512805680934551,-2.0299999713897705,0,0.009999945759773254
angle,1780512805690934845,-2.0299999713897705,0,0.009999984875321388
angle,1780512805700934707,-2.0299999713897705,0,0.009999994188547134
angle,1780512805710935087,-2.0299999713897705,0,0.009999951347708702
angle,1780512805720935634,-2.0299999713897705,0,0.009999998845160007
angle,1780512805730935695,-2.0299999713897705,0,0.009999902918934822
angle,1780512805740935909,-2.0299999713897705,0,0.009999963454902172
angle,1780512805750936159,-2.0299999713897705,0,0.009999934583902359
angle,1780512805760936514,-2.0299999713897705,0,0.009999998845160007
angle,1780512805770937017,-2.0299999713897705,0,0.009999982081353664
angle,1780512805780937040,-2.0299999713897705,0,0.009999973699450493
angle,1780512805790937182,-2.0299999713897705,0,0.009999987669289112
angle,1780512805800937281,-2.0299999713897705,0,0.009999971836805344
angle,1780512805810938029,-2.0299999713897705,0,0.009999971836805344
angle,1780512805820938011,-2.0299999713897705,0,0.009999937377870083
angle,1780512805830939395,-2.0299999713897705,0,0.009999960660934448
angle,1780512805840938764,-2.0299999713897705,0,0.009999971836805344
angle,1780512805850938793,-2.0299999713897705,0,0.009999938309192657
angle,1780512805860939532,-2.0299999713897705,0,0.009999939240515232
angle,1780512805870939560,-2.0299999713897705,0,0.009999977424740791
angle,1780512805880939622,-2.0299999713897705,0,0.009999937377870083
angle,1780512805890940055,-2.0299999713897705,0,0.009999986737966537
angle,1780512805900940295,-2.0299999713897705,0,0.009999954141676426
angle,1780512805910940497,-2.0299999713897705,0,0.00999996904283762
angle,1780512805920940929,-2.0299999713897705,0,0.009999999776482582
angle,1780512805930941149,-2.0299999713897705,0,0.009999958798289299
angle,1780512805940941426,-2.0299999713897705,0,0.009999995119869709
angle,1780512805950942151,-2.0299999713897705,0,0.009999975562095642
angle,1780512805960941910,-2.0299999713897705,0,0.009999960660934448
angle,1780512805970944588,-2.0299999713897705,0,0.010000046342611313
angle,1780512805980942819,-2.0299999713897705,0,0.009999861940741539
angle,1780512805990942870,-2.0299999713897705,0,0.009999943897128105
angle,1780512806000943052,-2.0299999713897705,0,0.009999947622418404
angle,1780512806010943522,-2.0299999713897705,0,0.009999960660934448
angle,1780512806020943642,-2.0299999713897705,0,0.009999951347708702
angle,1780512806030944317,-2.0299999713897705,0,0.009999942034482956
angle,1780512806040944166,-2.0299999713897705,0,0.00999996904283762
angle,1780512806050944401,-2.0299999713897705,0,0.010000011883676052
angle,1780512806060944819,-2.0299999713897705,0,0.009999974630773067
angle,1780512806070945566,-2.0299999713897705,0,0.00999995693564415
angle,1780512806080945330,-2.0299999713897705,0,0.009999933652579784
angle,1780512806090945433,-2.0299999713897705,0,0.010000002570450306
angle,1780512806100946161,-2.0299999713897705,0,0.009999936446547508
angle,1780512806110945816,-2.0299999713897705,0,0.009999994188547134
angle,1780512806120946156,-2.0299999713897705,0,0.009999934583902359
angle,1780512806130947392,-2.0299999713897705,0,0.010000004433095455
angle,1780512806140947189,-2.0299999713897705,0,0.009999934583902359
angle,1780512806150947527,-2.0299999713897705,0,0.010000001639127731
angle,1780512806160947806,-2.0299999713897705,0,0.009999955072999
angle,1780512806170948110,-2.0299999713897705,0,0.009999966248869896
angle,1780512806180948400,-2.0299999713897705,0,0.00999995693564415
angle,1780512806190948465,-2.0299999713897705,0,0.01000000536441803
angle,1780512806200948779,-2.0299999713897705,0,0.010000004433095455
angle,1780512806210948976,-2.0299999713897705,0,0.009999965317547321
angle,1780512806220949224,-2.0299999713897705,0,0.00999995693564415
angle,1780512806230949559,-2.0299999713897705,0,0.009999936446547508
angle,1780512806240949762,-2.0299999713897705,0,0.009999961592257023
angle,1780512806250949881,-2.0299999713897705,0,0.009999973699450493
angle,1780512806260950095,-2.0299999713897705,0,0.00999996904283762
angle,1780512806270950508,-2.0299999713897705,0,0.010000004433095455
angle,1780512806280950814,-2.0299999713897705,0,0.009999970905482769
angle,1780512806290950866,-2.0299999713897705,0,0.009999995119869709
angle,1780512806300951128,-2.0299999713897705,0,0.009999947622418404
angle,1780512806310952259,-2.0299999713897705,0,0.009999942034482956
angle,1780512806320953425,-2.0299999713897705,0,0.009999883361160755
angle,1780512806330951877,-2.0299999713897705,0,0.009999926201999187
angle,1780512806340952259,-2.0299999713897705,0,0.009999985806643963
angle,1780512806350953082,-2.0299999713897705,0,0.009999996982514858
angle,1780512806360952598,-2.0299999713897705,0,0.009999954141676426
angle,1780512806370952896,-2.0299999713897705,0,0.009999997913837433
angle,1780512806380953063,-2.0299999713897705,0,0.009999961592257023
angle,1780512806390953228,-2.0299999713897705,0,0.009999961592257023
angle,1780512806400953402,-2.0299999713897705,0,0.00999996904283762
angle,1780512806410955053,-2.0299999713897705,0,0.009999985806643963
angle,1780512806420953953,-2.0299999713897705,0,0.009999898262321949
angle,1780512806430954215,-2.0299999713897705,0,0.009999954141676426
angle,1780512806440954817,-2.0299999713897705,0,0.009999985806643963
angle,1780512806450954757,-2.0299999713897705,0,0.009999951347708702
angle,1780512806460954954,-2.0299999713897705,0,0.00999996718019247
angle,1780512806470955350,-2.0299999713897705,0,0.010000002570450306
angle,1780512806480955577,-2.0299999713897705,0,0.009999980218708515
angle,1780512806490955888,-2.0299999713897705,0,0.009999943897128105
angle,1780512806500956145,-2.0299999713897705,0,0.00999996904283762
angle,1780512806510956407,-2.0299999713897705,0,0.009999939240515232
angle,1780512806520956802,-2.0299999713897705,0,0.00999994296580553
angle,1780512806530957166,-2.0299999713897705,0,0.009999983943998814
angle,1780512806540957209,-2.0299999713897705,0,0.00999999139457941
angle,1780512806550957492,-2.0299999713897705,0,0.009999963454902172
angle,1780512806560958131,-2.0299999713897705,0,0.009999988600611687
angle,1780512806570958005,-2.0299999713897705,0,0.009999996051192284
angle,1780512806580958461,-2.0299999713897705,0,0.009999975562095642
angle,1780512806590958852,-2.0299999713897705,0,0.009999965317547321
angle,1780512806600958749,-2.0299999713897705,0,0.009999984875321388
angle,1780512806610959358,-2.0299999713897705,0,0.010000006295740604
angle,1780512806620961743,-2.0299999713897705,0,0.010000059381127357
angle,1780512806630959609,-2.0299999713897705,0,0.009999826550483704
angle,1780512806640959917,-2.0299999713897705,0,0.009999987669289112
angle,1780512806650960108,-2.0299999713897705,0,0.00999999139457941
angle,1780512806660960497,-2.0299999713897705,0,0.009999978356063366
angle,1780512806670960770,-2.0299999713897705,0,0.009999936446547508
angle,1780512806680960831,-2.0299999713897705,0,0.009999968111515045
angle,1780512806690960941,-2.0299999713897705,0,0.009999952279031277
angle,1780512806700961123,-2.0299999713897705,0,0.009999984875321388
angle,1780512806710961799,-2.0299999713897705,0,0.00999994296580553
angle,1780512806720961989,-2.0299999713897705,0,0.009999947622418404
angle,1780512806730962097,-2.0299999713897705,0,0.009999980218708515
angle,1780512806740962368,-2.0299999713897705,0,0.009999965317547321
angle,1780512806750962522,-2.0299999713897705,0,0.009999960660934448
angle,1780512806760963266,-2.0299999713897705,0,0.009999964386224747
angle,1780512806770963210,-2.0299999713897705,0,0.009999965317547321
angle,1780512806780963575,-2.0299999713897705,0,0.00999995693564415
angle,1780512806790963402,-2.0299999713897705,0,0.009999933652579784
angle,1780512806800964221,-2.0299999713897705,0,0.00999997928738594
angle,1780512806810964126,-2.0299999713897705,0,0.009999941103160381
angle,1780512806820965414,-2.0299999713897705,0,0.009999983012676239
angle,1780512806830967653,-2.0299999713897705,0,0.009999910369515419
angle,1780512806840966783,-2.0299999713897705,0,0.009999850764870644
angle,1780512806850965454,-2.0299999713897705,0,0.009999940171837807
angle,1780512806860965667,-2.0299999713897705,0,0.00999997928738594
angle,1780512806870966140,-2.0299999713897705,0,0.009999951347708702
angle,1780512806880966167,-2.0299999713897705,0,0.009999969974160194
angle,1780512806890966315,-2.0299999713897705,0,0.009999948553740978
angle,1780512806900966374,-2.0299999713897705,0,0.009999937377870083
angle,1780512806910966846,-2.0299999713897705,0,0.01000000536441803
angle,1780512806920967065,-2.0299999713897705,0,0.009999995119869709
angle,1780512806930967247,-2.0299999713897705,0,0.009999928995966911
angle,1780512806940967490,-2.0299999713897705,0,0.009999946691095829
angle,1780512806950967591,-2.0299999713897705,0,0.009999934583902359
angle,1780512806960968170,-2.0299999713897705,0,0.009999974630773067
angle,1780512806970968176,-2.0299999713897705,0,0.009999956004321575
angle,1780512806980968462,-2.0299999713897705,0,0.009999947622418404
angle,1780512806990968555,-2.0299999713897705,0,0.009999977424740791
angle,1780512807000968885,-2.0299999713897705,0,0.009999945759773254
angle,1780512807010969277,-2.0299999713897705,0,0.01000000536441803
angle,1780512807020969378,-2.0299999713897705,0,0.009999936446547508
angle,1780512807030969728,-2.0299999713897705,0,0.009999982081353664
angle,1780512807040970054,-2.0299999713897705,0,0.009999982081353664
angle,1780512807050970617,-2.0299999713897705,0,0.00999996904283762
angle,1780512807060970520,-2.0299999713897705,0,0.009999990463256836
angle,1780512807070970831,-2.0299999713897705,0,0.009999968111515045
angle,1780512807080971497,-2.0299999713897705,0,0.009999966248869896
angle,1780512807090971611,-2.0299999713897705,0,0.009999958798289299
angle,1780512807100971650,-2.0299999713897705,0,0.010000028647482395
angle,1780512807110971980,-2.0299999713897705,0,0.009999954141676426
angle,1780512807120972848,-2.0299999713897705,0,0.009999980218708515
angle,1780512807130972476,-2.0299999713897705,0,0.009999941103160381
angle,1780512807140973060,-2.0299999713897705,0,0.010000001639127731
angle,1780512807150973039,-2.0299999713897705,0,0.009999961592257023
angle,1780512807160973276,-2.0299999713897705,0,0.009999990463256836
angle,1780512807170973599,-2.0299999713897705,0,0.009999943897128105
angle,1780512807180974042,-2.0299999713897705,0,0.009999945759773254
angle,1780512807190974065,-2.0299999713897705,0,0.010000001639127731
angle,1780512807200974293,-2.0299999713897705,0,0.009999939240515232
angle,1780512807210974633,-2.0299999713897705,0,0.009999966248869896
angle,1780512807220974968,-2.0299999713897705,0,0.009999982081353664
angle,1780512807230975604,-2.0299999713897705,0,0.009999974630773067
angle,1780512807240975622,-2.0299999713897705,0,0.009999937377870083
angle,1780512807250975776,-2.0299999713897705,0,0.00999995693564415
angle,1780512807260975862,-2.0299999713897705,0,0.009999961592257023
angle,1780512807270976419,-2.0299999713897705,0,0.01000000536441803
angle,1780512807280976972,-2.0299999713897705,0,0.009999966248869896
angle,1780512807290976550,-2.0299999713897705,0,0.009999955072999
angle,1780512807300976706,-2.0299999713897705,0,0.009999957866966724
angle,1780512807310977032,-2.0299999713897705,0,0.009999996982514858
angle,1780512807320978195,-2.0299999713897705,0,0.009999977424740791
angle,1780512807330977684,-2.0299999713897705,0,0.009999883361160755
angle,1780512807340978024,-2.0299999713897705,0,0.00999999139457941
angle,1780512807350978149,-2.0299999713897705,0,0.009999965317547321
angle,1780512807360978513,-2.0299999713897705,0,0.009999937377870083
angle,1780512807370978759,-2.0299999713897705,0,0.009999986737966537
angle,1780512807380979223,-2.0299999713897705,0,0.00999996718019247
angle,1780512807390979380,-2.0299999713897705,0,0.00999999139457941
angle,1780512807400980131,-2.0299999713897705,0,0.009999992325901985
angle,1780512807410980314,-2.0299999713897705,0,0.009999925270676613
angle,1780512807420980093,-2.0299999713897705,0,0.009999928995966911
angle,1780512807430980469,-2.0299999713897705,0,0.00999992061406374
angle,1780512807440980754,-2.0299999713897705,0,0.009999960660934448
angle,1780512807450980862,-2.0299999713897705,0,0.009999934583902359
angle,1780512807460981357,-2.0299999713897705,0,0.009999987669289112
angle,1780512807470981371,-2.0299999713897705,0,0.01000000536441803
angle,1780512807480982046,-2.0299999713897705,0,0.009999987669289112
angle,1780512807490981998,-2.0299999713897705,0,0.009999982081353664
angle,1780512807500982492,-2.0299999713897705,0,0.009999995119869709
angle,1780512807510982669,-2.0299999713897705,0,0.009999983012676239
angle,1780512807520982854,-2.0299999713897705,0,0.009999995119869709
angle,1780512807530982999,-2.0299999713897705,0,0.010000000707805157
angle,1780512807540983473,-2.0299999713897705,0,0.009999977424740791
angle,1780512807550983584,-2.0299999713897705,0,0.010000007227063179
angle,1780512807560983930,-2.0299999713897705,0,0.00999999325722456
angle,1780512807570984128,-2.0299999713897705,0,0.010000004433095455
angle,1780512807580984405,-2.0299999713897705,0,0.009999985806643963
angle,1780512807590985174,-2.0299999713897705,0,0.009999983012676239
angle,1780512807600985326,-2.0299999713897705,0,0.010000009089708328
angle,1780512807610985113,-2.0299999713897705,0,0.010000010021030903
angle,1780512807620985674,-2.0299999713897705,0,0.00999995693564415
angle,1780512807630985810,-2.0299999713897705,0,0.010000009089708328
angle,1780512807640986266,-2.0299999713897705,0,0.009999999776482582
angle,1780512807650986518,-2.0299999713897705,0,0.009999963454902172
angle,1780512807660987163,-2.0299999713897705,0,0.00999996904283762
angle,1780512807670986843,-2.0299999713897705,0,0.009999970905482769
angle,1780512807680987309,-2.0299999713897705,0,0.009999995119869709
angle,1780512807690987407,-2.0299999713897705,0,0.00999996718019247
angle,1780512807700987892,-2.0299999713897705,0,0.009999983012676239
angle,1780512807710988197,-2.0299999713897705,0,0.009999972768127918
angle,1780512807720988507,-2.0299999713897705,0,0.009999985806643963
angle,1780512807730988913,-2.0299999713897705,0,0.009999945759773254
angle,1780512807740989151,-2.0299999713897705,0,0.009999977424740791
angle,1780512807750989541,-2.0299999713897705,0,0.009999937377870083
angle,1780512807760989371,-2.0299999713897705,0,0.009999996982514858
angle,1780512807770989718,-2.0299999713897705,0,0.009999933652579784
angle,1780512807780990322,-2.0299999713897705,0,0.009999928995966911
angle,1780512807790990213,-2.0299999713897705,0,0.009999937377870083
angle,1780512807800990466,-2.0299999713897705,0,0.009999999776482582
angle,1780512807810991136,-2.0299999713897705,0,0.009999951347708702
angle,1780512807820990992,-2.0299999713897705,0,0.009999990463256836
angle,1780512807830992092,-2.0299999713897705,0,0.009999958798289299
angle,1780512807840991690,-2.0299999713897705,0,0.009999974630773067
angle,1780512807850991827,-2.0299999713897705,0,0.009999971836805344
angle,1780512807860992508,-2.0299999713897705,0,0.010000010952353477
angle,1780512807870992435,-2.0299999713897705,0,0.009999946691095829
angle,1780512807880992833,-2.0299999713897705,0,0.009999939240515232
angle,1780512807890992807,-2.0299999713897705,0,0.009999940171837807
angle,1780512807900993177,-2.0299999713897705,0,0.009999992325901985
angle,1780512807910993573,-2.0299999713897705,0,0.009999974630773067
angle,1780512807920993973,-2.0299999713897705,0,0.009999941103160381
angle,1780512807930993989,-2.0299999713897705,0,0.009999946691095829
angle,1780512807940994352,-2.0299999713897705,0,0.00999997928738594
angle,1780512807950994836,-2.0299999713897705,0,0.009999990463256836
angle,1780512807960994928,-2.0299999713897705,0,0.009999956004321575
angle,1780512807970997239,-2.0299999713897705,0,0.009999957866966724
angle,1780512807980995980,-2.0299999713897705,0,0.009999891743063927
angle,1780512807990995785,-2.0299999713897705,0,0.009999940171837807
angle,1780512808000995896,-2.0299999713897705,0,0.009999938309192657
angle,1780512808010998086,-2.0299999713897705,0,0.010000004433095455
angle,1780512808020996566,-2.0299999713897705,0,0.009999901987612247
angle,1780512808030999079,-2.0299999713897705,0,0.010000009089708328
angle,1780512808040999301,-2.0299999713897705,0,0.009999825619161129
angle,1780512808050998243,-2.0299999713897705,0,0.009999861940741539
angle,1780512808060999271,-2.0299999713897705,0,0.009999925270676613
angle,1780512808070998283,-2.0299999713897705,0,0.009999897330999374
angle,1780512808080998299,-2.0299999713897705,0,0.009999983012676239
angle,1780512808090999028,-2.0299999713897705,0,0.009999996051192284
angle,1780512808100999040,-2.0299999713897705,0,0.00999997928738594
angle,1780512808110999401,-2.0299999713897705,0,0.009999995119869709
angle,1780512808120999522,-2.0299999713897705,0,0.009999952279031277
angle,1780512808131001909,-2.0299999713897705,0,0.009999956004321575
angle,1780512808141000052,-2.0299999713897705,0,0.009999796748161316
angle,1780512808151000489,-2.0299999713897705,0,0.009999897330999374
angle,1780512808161000413,-2.0299999713897705,0,0.009999945759773254
angle,1780512808171000848,-2.0299999713897705,0,0.009999983943998814
angle,1780512808181001063,-2.0299999713897705,0,0.00999994296580553
angle,1780512808191001334,-2.0299999713897705,0,0.010000004433095455
angle,1780512808201001601,-2.0299999713897705,0,0.009999942034482956
angle,1780512808211002147,-2.0299999713897705,0,0.00999995693564415
angle,1780512808221001997,-2.0299999713897705,0,0.009999956004321575
angle,1780512808231002209,-2.0299999713897705,0,0.009999984875321388
angle,1780512808241002520,-2.0299999713897705,0,0.009999999776482582
angle,1780512808251002945,-2.0299999713897705,0,0.009999961592257023
angle,1780512808261002951,-2.0299999713897705,0,0.009999959729611874
angle,1780512808271003132,-2.0299999713897705,0,0.009999941103160381
angle,1780512808281003401,-2.0299999713897705,0,0.00999999325722456
angle,1780512808291003747,-2.0299999713897705,0,0.009999998845160007
angle,1780512808301003890,-2.0299999713897705,0,0.009999945759773254
angle,1780512808311004421,-2.0299999713897705,0,0.009999999776482582
angle,1780512808321004545,-2.0299999713897705,0,0.009999984875321388
angle,1780512808331004947,-2.0299999713897705,0,0.009999980218708515
angle,1780512808341005020,-2.0299999713897705,0,0.009999985806643963
angle,1780512808351005175,-2.0299999713897705,0,0.009999957866966724
angle,1780512808361005776,-2.0299999713897705,0,0.010000033304095268
angle,1780512808371006043,-2.0299999713897705,0,0.009999904781579971
angle,1780512808381006094,-2.0299999713897705,0,0.00999995693564415
angle,1780512808391006501,-2.0299999713897705,0,0.009999961592257023
angle,1780512808401006437,-2.0299999713897705,0,0.009999986737966537
angle,1780512808411008060,-2.0299999713897705,0,0.009999960660934448
angle,1780512808421007379,-2.0299999713897705,0,0.009999901056289673
angle,1780512808431007697,-2.0299999713897705,0,0.009999952279031277
angle,1780512808441008171,-2.0299999713897705,0,0.009999961592257023
angle,1780512808451007977,-2.0299999713897705,0,0.010000000707805157
angle,1780512808461008244,-2.0299999713897705,0,0.009999995119869709
angle,1780512808471011596,-2.0299999713897705,0,0.009999978356063366
angle,1780512808481009195,-2.0299999713897705,0,0.00999999139457941
angle,1780512808491009800,-2.0299999713897705,0,0.009999943897128105
angle,1780512808501009648,-2.0299999713897705,0,0.009999969974160194
angle,1780512808511009998,-2.0299999713897705,0,0.009999948553740978
angle,1780512808521010197,-2.0299999713897705,0,0.009999950416386127
angle,1780512808531010337,-2.0299999713897705,0,0.009999950416386127
angle,1780512808541010695,-2.0299999713897705,0,0.00999996904283762
angle,1780512808551011053,-2.0299999713897705,0,0.009999957866966724
angle,1780512808561011461,-2.0299999713897705,0,0.009999937377870083
angle,1780512808571011555,-2.0299999713897705,0,0.009999992325901985
angle,1780512808581012212,-2.0299999713897705,0,0.009999951347708702
angle,1780512808591012063,-2.0299999713897705,0,0.009999966248869896
angle,1780512808601012284,-2.0299999713897705,0,0.009999952279031277
angle,1780512808611012491,-2.0299999713897705,0,0.01000000536441803
angle,1780512808621012694,-2.0299999713897705,0,0.010000004433095455
angle,1780512808631015044,-2.0299999713897705,0,0.009999983012676239
angle,1780512808641013223,-2.0299999713897705,0,0.009999937377870083
angle,1780512808651013609,-2.0299999713897705,0,0.009999937377870083
angle,1780512808661013686,-2.0299999713897705,0,0.009999954141676426
angle,1780512808671014139,-2.0299999713897705,0,0.00999994482845068
angle,1780512808681014097,-2.0299999713897705,0,0.009999978356063366
angle,1780512808691014380,-2.0299999713897705,0,0.009999938309192657
angle,1780512808701014517,-2.0299999713897705,0,0.00999994296580553
angle,1780512808711015211,-2.0299999713897705,0,0.009999985806643963
angle,1780512808721015544,-2.0299999713897705,0,0.009999950416386127
angle,1780512808731015767,-2.0299999713897705,0,0.009999974630773067
angle,1780512808741016239,-2.0299999713897705,0,0.009999980218708515
angle,1780512808751016686,-2.0299999713897705,0,0.009999972768127918
angle,1780512808761016780,-2.0299999713897705,0,0.009999988600611687
angle,1780512808771016802,-2.0299999713897705,0,0.00999994296580553
angle,1780512808781017283,-2.0299999713897705,0,0.009999972768127918
angle,1780512808791017289,-2.0299999713897705,0,0.009999941103160381
angle,1780512808801017577,-2.0299999713897705,0,0.009999983012676239
angle,1780512808811017673,-2.0299999713897705,0,0.009999937377870083
angle,1780512808821018092,-2.0299999713897705,0,0.009999990463256836
angle,1780512808831020618,-2.0299999713897705,0,0.010000021196901798
angle,1780512808841018566,-2.0299999713897705,0,0.009999873116612434
angle,1780512808851018989,-2.0299999713897705,0,0.009999970905482769
angle,1780512808861019168,-2.0299999713897705,0,0.009999972768127918
angle,1780512808871019425,-2.0299999713897705,0,0.009999963454902172
angle,1780512808881019779,-2.0299999713897705,0,0.009999998845160007
angle,1780512808891020268,-2.0299999713897705,0,0.009999978356063366
angle,1780512808901020366,-2.0299999713897705,0,0.010000006295740604
angle,1780512808911020555,-2.0299999713897705,0,0.009999986737966537
angle,1780512808921021010,-2.0299999713897705,0,0.009999958798289299
angle,1780512808931021426,-2.0299999713897705,0,0.009999974630773067
angle,1780512808941021489,-2.0299999713897705,0,0.010000002570450306
angle,1780512808951021896,-2.0299999713897705,0,0.009999940171837807
angle,1780512808961021911,-2.0299999713897705,0,0.009999947622418404
angle,1780512808971022227,-2.0299999713897705,0,0.009999936446547508
angle,1780512808981022652,-2.0299999713897705,0,0.00999998115003109
angle,1780512808991022873,-2.0299999713897705,0,0.009999968111515045
angle,1780512809001023007,-2.0299999713897705,0,0.009999969974160194
angle,1780512809011023210,-2.0299999713897705,0,0.00999994482845068
angle,1780512809021023590,-2.0299999713897705,0,0.00999996718019247
angle,1780512809031024463,-2.0299999713897705,0,0.00999999325722456
angle,1780512809041024019,-2.0299999713897705,0,0.009999927133321762
angle,1780512809051024394,-2.0299999713897705,0,0.00999998115003109
angle,1780512809061024626,-2.0299999713897705,0,0.009999983943998814
angle,1780512809071024838,-2.0299999713897705,0,0.009999980218708515
angle,1780512809081025238,-2.0299999713897705,0,0.00999996904283762
angle,1780512809091025464,-2.0299999713897705,0,0.009999996051192284
angle,1780512809101025695,-2.0299999713897705,0,0.009999877773225307
angle,1780512809111026259,-2.0299999713897705,0,0.009999954141676426
angle,1780512809121026092,-2.0299999713897705,0,0.00999994482845068
angle,1780512809131026504,-2.0299999713897705,0,0.009999978356063366
angle,1780512809141026549,-2.0299999713897705,0,0.009999972768127918
angle,1780512809151027173,-2.0299999713897705,0,0.009999999776482582
angle,1780512809161027430,-2.0299999713897705,0,0.009999974630773067
angle,1780512809171027398,-2.0299999713897705,0,0.009999943897128105
angle,1780512809181027595,-2.0299999713897705,0,0.010000002570450306
angle,1780512809191027904,-2.0299999713897705,0,0.009999963454902172
angle,1780512809201028746,-2.0299999713897705,0,0.009999961592257023
angle,1780512809211028257,-2.0299999713897705,0,0.009999983943998814
angle,1780512809221028649,-2.0299999713897705,0,0.009999982081353664
angle,1780512809231029322,-2.0299999713897705,0,0.010000001639127731
angle,1780512809241031107,-2.0299999713897705,0,0.009999913163483143
angle,1780512809251029594,-2.0299999713897705,0,0.009999874047935009
angle,1780512809261029958,-2.0299999713897705,0,0.009999975562095642
angle,1780512809271030469,-2.0299999713897705,0,0.009999982081353664
angle,1780512809281030177,-2.0299999713897705,0,0.009999982081353664
angle,1780512809291030659,-2.0299999713897705,0,0.009999971836805344
angle,1780512809301030713,-2.0299999713897705,0,0.009999978356063366
angle,1780512809311031150,-2.0299999713897705,0,0.00999997928738594
angle,1780512809321031908,-2.0299999713897705,0,0.009999986737966537
angle,1780512809331031782,-2.0299999713897705,0,0.009999942034482956
angle,1780512809341032019,-2.0299999713897705,0,0.00999998115003109
angle,1780512809351032695,-2.0299999713897705,0,0.009999994188547134
angle,1780512809361033116,-2.0299999713897705,0,0.009999875910580158
angle,1780512809371033173,-2.0299999713897705,0,0.009999938309192657
angle,1780512809381032948,-2.0299999713897705,0,0.009999940171837807
angle,1780512809391033510,-2.0299999713897705,0,0.009999987669289112
angle,1780512809401033433,-2.0299999713897705,0,0.009999941103160381
angle,1780512809411033603,-2.0299999713897705,0,0.009999946691095829
angle,1780512809421033844,-2.0299999713897705,0,0.009999927133321762
angle,1780512809431034227,-2.0299999713897705,0,0.009999947622418404
angle,1780512809441034594,-2.0299999713897705,0,0.010000008158385754
angle,1780512809451035098,-2.0299999713897705,0,0.010000002570450306
angle,1780512809461035083,-2.0299999713897705,0,0.009999937377870083
angle,1780512809471035267,-2.0299999713897705,0,0.009999947622418404
angle,1780512809481035429,-2.0299999713897705,0,0.009999963454902172
angle,1780512809491036063,-2.0299999713897705,0,0.009999946691095829
angle,1780512809501036261,-2.0299999713897705,0,0.009999936446547508
angle,1780512809511037089,-2.0299999713897705,0,0.009999915026128292
angle,1780512809521036833,-2.0299999713897705,0,0.009999911300837994
angle,1780512809531036905,-2.0299999713897705,0,0.009999973699450493
angle,1780512809541037495,-2.0299999713897705,0,0.00999998115003109
angle,1780512809551037642,-2.0299999713897705,0,0.009999998845160007
angle,1780512809561037705,-2.0299999713897705,0,0.009999950416386127
angle,1780512809571037900,-2.0299999713897705,0,0.009999984875321388
angle,1780512809581038221,-2.0299999713897705,0,0.00999997928738594
angle,1780512809591039214,-2.0299999713897705,0,0.009999992325901985
angle,1780512809601038858,-2.0299999713897705,0,0.009999990463256836
angle,1780512809611039446,-2.0299999713897705,0,0.009999952279031277
angle,1780512809621039394,-2.0299999713897705,0,0.009999939240515232
angle,1780512809631041283,-2.0299999713897705,0,0.010000000707805157
angle,1780512809641040287,-2.0299999713897705,0,0.009999923408031464
angle,1780512809651040518,-2.0299999713897705,0,0.010000004433095455
angle,1780512809661040746,-2.0299999713897705,0,0.009999961592257023
angle,1780512809671040791,-2.0299999713897705,0,0.009999960660934448
angle,1780512809681041222,-2.0299999713897705,0,0.009999973699450493
angle,1780512809691041555,-2.0299999713897705,0,0.009999942034482956
angle,1780512809701041702,-2.0299999713897705,0,0.009999970905482769
angle,1780512809711041926,-2.0299999713897705,0,0.009999994188547134
angle,1780512809721042104,-2.0299999713897705,0,0.00999998115003109
angle,1780512809731042635,-2.0299999713897705,0,0.009999941103160381
angle,1780512809741042770,-2.0299999713897705,0,0.009999965317547321
angle,1780512809751043448,-2.0299999713897705,0,0.009999959729611874
angle,1780512809761043357,-2.0299999713897705,0,0.009999961592257023
angle,1780512809771043644,-2.0299999713897705,0,0.009999915957450867
angle,1780512809781045289,-2.0299999713897705,0,0.009999994188547134
angle,1780512809791045187,-2.0299999713897705,0,0.00999993272125721
angle,1780512809801044417,-2.0299999713897705,0,0.00999995693564415
angle,1780512809811044652,-2.0299999713897705,0,0.009999983943998814
angle,1780512809821045194,-2.0299999713897705,0,0.009999964386224747
angle,1780512809831046072,-2.0299999713897705,0,0.010000001639127731
angle,1780512809841045864,-2.0299999713897705,0,0.009999959729611874
angle,1780512809851046015,-2.0299999713897705,0,0.009999958798289299
angle,1780512809861046158,-2.0299999713897705,0,0.009999975562095642
angle,1780512809871046370,-2.0299999713897705,0,0.009999934583902359
angle,1780512809881046690,-2.0299999713897705,0,0.009999958798289299
angle,1780512809891047421,-2.0299999713897705,0,0.009999956004321575
angle,1780512809901047275,-2.0299999713897705,0,0.009999975562095642
angle,1780512809911047623,-2.0299999713897705,0,0.00999994482845068
angle,1780512809921047610,-2.0299999713897705,0,0.009999970905482769
angle,1780512809931047943,-2.0299999713897705,0,0.009999983012676239
angle,1780512809941048065,-2.0299999713897705,0,0.009999999776482582
angle,1780512809951048915,-2.0299999713897705,0,0.00999999325722456
angle,1780512809961048894,-2.0299999713897705,0,0.00999994296580553
angle,1780512809971049807,-2.0299999713897705,0,0.010000021196901798
angle,1780512809981050484,-2.0299999713897705,0,0.009999905712902546
angle,1780512809991049705,-2.0299999713897705,0,0.009999866597354412
angle,1780512810001050157,-2.0299999713897705,0,0.00999999139457941
angle,1780512810011051602,-2.0299999713897705,0,0.00999999325722456
angle,1780512810021050523,-2.0299999713897705,0,0.009999945759773254
angle,1780512810031050691,-2.0299999713897705,0,0.009999947622418404
angle,1780512810041051542,-2.0299999713897705,0,0.009999973699450493
angle,1780512810051051563,-2.0299999713897705,0,0.009999982081353664
angle,1780512810061051686,-2.0299999713897705,0,0.010000000707805157
angle,1780512810071051845,-2.0299999713897705,0,0.010000001639127731
angle,1780512810081052439,-2.0299999713897705,0,0.009999951347708702
angle,1780512810091052506,-2.0299999713897705,0,0.009999937377870083
angle,1780512810101052827,-2.0299999713897705,0,0.009999973699450493
angle,1780512810111053031,-2.0299999713897705,0,0.009999978356063366
angle,1780512810121053144,-2.0299999713897705,0,0.009999947622418404
angle,1780512810131053633,-2.0299999713897705,0,0.009999994188547134
angle,1780512810141054006,-2.0299999713897705,0,0.009999970905482769
angle,1780512810151054090,-2.0299999713897705,0,0.009999966248869896
angle,1780512810161054495,-2.0299999713897705,0,0.009999995119869709
angle,1780512810171054607,-2.0299999713897705,0,0.009999933652579784
angle,1780512810181054830,-2.0299999713897705,0,0.009999951347708702
angle,1780512810191054839,-2.0299999713897705,0,0.009999958798289299
angle,1780512810203547679,-2.0299999713897705,0,0.0124890161678195
angle,1780512810213550366,-2.0299999713897705,0,0.009999710135161877
angle,1780512810223550779,-2.0299999713897705,0,0.009999762289226055
angle,1780512810233551290,-2.0299999713897705,0,0.009999752044677734
angle,1780512810243551159,-2.0299999713897705,0,0.00999983586370945
angle,1780512810253552747,-2.0299999713897705,0,0.009999754838645458
angle,1780512810263550939,-2.0299999713897705,0,0.009999892674386501
angle,1780512810273551090,-2.0299999713897705,0,0.009999889880418777
angle,1780512810283551228,-2.0299999713897705,0,0.00999991875141859
angle,1780512810293551147,-2.0299999713897705,0,0.009999954141676426
angle,1780512810303551856,-2.0299999713897705,0,0.009999947622418404
angle,1780512810313551490,-2.0299999713897705,0,0.00999998115003109
angle,1780512810323551575,-2.0299999713897705,0,0.009999952279031277
angle,1780512810333551903,-2.0299999713897705,0,0.010000001639127731
angle,1780512810343552415,-2.0299999713897705,0,0.009999992325901985
angle,1780512810353552438,-2.0299999713897705,0,0.009999978356063366
angle,1780512810363552658,-2.0299999713897705,0,0.009999958798289299
angle,1780512810373552942,-2.0299999713897705,0,0.009999980218708515
angle,1780512810383553647,-2.0299999713897705,0,0.010000048205256462
angle,1780512810393553554,-2.0299999713897705,0,0.00999993085861206
angle,1780512810403554053,-2.0299999713897705,0,0.009999975562095642
angle,1780512810413554131,-2.0299999713897705,0,0.009999961592257023
angle,1780512810423554279,-2.0299999713897705,0,0.009999964386224747
angle,1780512810433554689,-2.0299999713897705,0,0.009999987669289112
angle,1780512810443554767,-2.0299999713897705,0,0.009999952279031277
angle,1780512810453555510,-2.0299999713897705,0,0.009999988600611687
angle,1780512810463555379,-2.0299999713897705,0,0.009999928064644337
angle,1780512810473555674,-2.0299999713897705,0,0.009999956004321575
angle,1780512810483556162,-2.0299999713897705,0,0.00999999139457941
angle,1780512810493556474,-2.0299999713897705,0,0.00999996718019247
angle,1780512810503556707,-2.0299999713897705,0,0.00999997928738594
angle,1780512810513556899,-2.0299999713897705,0,0.009999959729611874
angle,1780512810523557478,-2.0299999713897705,0,0.009999955072999
angle,1780512810533557420,-2.0299999713897705,0,0.009999971836805344
angle,1780512810543557874,-2.0299999713897705,0,0.009999986737966537
angle,1780512810553558094,-2.0299999713897705,0,0.009999936446547508
angle,1780512810563558173,-2.0299999713897705,0,0.010000002570450306
angle,1780512810573558499,-2.0299999713897705,0,0.009999996982514858
angle,1780512810583558800,-2.0299999713897705,0,0.009999978356063366
angle,1780512810593559297,-2.0299999713897705,0,0.009999948553740978
angle,1780512810603559557,-2.0299999713897705,0,0.009999959729611874
angle,1780512810613560002,-2.0299999713897705,0,0.009999982081353664
angle,1780512810623559986,-2.0299999713897705,0,0.009999998845160007
angle,1780512810633561643,-2.0299999713897705,0,0.009999940171837807
angle,1780512810643560299,-2.0299999713897705,0,0.009999898262321949
angle,1780512810653560606,-2.0299999713897705,0,0.009999938309192657
angle,1780512810663560816,-2.0299999713897705,0,0.010000006295740604
angle,1780512810673561161,-2.0299999713897705,0,0.009999982081353664
angle,1780512810683561339,-2.0299999713897705,0,0.009999938309192657
angle,1780512810693561797,-2.0299999713897705,0,0.009999938309192657
angle,1780512810703561814,-2.0299999713897705,0,0.009999959729611874
angle,1780512810713561997,-2.0299999713897705,0,0.009999971836805344
angle,1780512810723562328,-2.0299999713897705,0,0.009999957866966724
angle,1780512810733562709,-2.0299999713897705,0,0.009999975562095642
angle,1780512810743562740,-2.0299999713897705,0,0.00999997928738594
angle,1780512810753563122,-2.0299999713897705,0,0.009999983943998814
angle,1780512810763563570,-2.0299999713897705,0,0.009999990463256836
angle,1780512810773563636,-2.0299999713897705,0,0.010000009089708328
angle,1780512810783564173,-2.0299999713897705,0,0.009999987669289112
angle,1780512810793564052,-2.0299999713897705,0,0.009999984875321388
angle,1780512810803564496,-2.0299999713897705,0,0.009999938309192657
angle,1780512810813564527,-2.0299999713897705,0,0.010000009089708328
angle,1780512810823565009,-2.0299999713897705,0,0.00999998115003109
angle,1780512810833566404,-2.0299999713897705,0,0.009999999776482582
angle,1780512810843565759,-2.0299999713897705,0,0.009999877773225307
angle,1780512810853565608,-2.0299999713897705,0,0.009999971836805344
angle,1780512810863566249,-2.0299999713897705,0,0.009999959729611874
angle,1780512810873566224,-2.0299999713897705,0,0.009999995119869709
angle,1780512810883567085,-2.0299999713897705,0,0.009999947622418404
angle,1780512810893566628,-2.0299999713897705,0,0.009999898262321949
angle,1780512810903567304,-2.0299999713897705,0,0.009999998845160007
angle,1780512810913567326,-2.0299999713897705,0,0.009999943897128105
angle,1780512810923567783,-2.0299999713897705,0,0.00999999325722456
angle,1780512810933567884,-2.0299999713897705,0,0.00999996904283762
angle,1780512810943568092,-2.0299999713897705,0,0.009999975562095642
angle,1780512810953568621,-2.0299999713897705,0,0.009999961592257023
angle,1780512810963568820,-2.0299999713897705,0,0.009999969974160194
angle,1780512810973568980,-2.0299999713897705,0,0.009999954141676426
angle,1780512810983569291,-2.0299999713897705,0,0.010000006295740604
angle,1780512810993569673,-2.0299999713897705,0,0.010000009089708328
angle,1780512811003570719,-2.0299999713897705,0,0.009999963454902172
angle,1780512811013570154,-2.0299999713897705,0,0.009999892674386501
angle,1780512811023570361,-2.0299999713897705,0,0.009999978356063366
angle,1780512811033570705,-2.0299999713897705,0,0.009999998845160007
angle,1780512811043571315,-2.0299999713897705,0,0.009999971836805344
angle,1780512811053571249,-2.0299999713897705,0,0.009999990463256836
angle,1780512811063571581,-2.0299999713897705,0,0.009999947622418404
angle,1780512811073574701,-2.0299999713897705,0,0.010000004433095455
angle,1780512811083574270,-2.0299999713897705,0,0.009999863803386688
angle,1780512811093575147,-2.0299999713897705,0,0.009999901987612247
angle,1780512811103574578,-2.0299999713897705,0,0.00999991875141859
angle,1780512811113574855,-2.0299999713897705,0,0.009999934583902359
angle,1780512811123574102,-2.0299999713897705,0,0.009999845176935196
angle,1780512811133574080,-2.0299999713897705,0,0.00999991875141859
angle,1780512811143573715,-2.0299999713897705,0,0.00999995693564415
angle,1780512811153574245,-2.0299999713897705,0,0.009999980218708515
angle,1780512811163574381,-2.0299999713897705,0,0.009999974630773067
angle,1780512811173574778,-2.0299999713897705,0,0.00999996718019247
angle,1780512811183574890,-2.0299999713897705,0,0.009999965317547321
angle,1780512811193576256,-2.0299999713897705,0,0.00999998115003109
angle,1780512811203576232,-2.0299999713897705,0,0.009999914094805717
angle,1780512811213575935,-2.0299999713897705,0,0.009999936446547508
angle,1780512811223576322,-2.0299999713897705,0,0.00999999325722456
angle,1780512811233576623,-2.0299999713897705,0,0.009999999776482582
angle,1780512811243577066,-2.0299999713897705,0,0.009999943897128105
angle,1780512811253576981,-2.0299999713897705,0,0.00999997928738594
angle,1780512811263577205,-2.0299999713897705,0,0.009999995119869709
angle,1780512811273577596,-2.0299999713897705,0,0.009999971836805344
angle,1780512811283578145,-2.0299999713897705,0,0.009999961592257023
angle,1780512811293578149,-2.0299999713897705,0,0.009999961592257023
angle,1780512811303578877,-2.0299999713897705,0,0.00999996904283762
angle,1780512811313579043,-2.0299999713897705,0,0.009999990463256836
angle,1780512811323581399,-2.0299999713897705,0,0.009999947622418404
angle,1780512811333580996,-2.0299999713897705,0,0.009999897330999374
angle,1780512811343580069,-2.0299999713897705,0,0.009999938309192657
angle,1780512811353580024,-2.0299999713897705,0,0.009999978356063366
angle,1780512811363580263,-2.0299999713897705,0,0.00999996718019247
angle,1780512811373580490,-2.0299999713897705,0,0.009999965317547321
angle,1780512811383580487,-2.0299999713897705,0,0.009999946691095829
angle,1780512811393580874,-2.0299999713897705,0,0.009999940171837807
angle,1780512811403581393,-2.0299999713897705,0,0.010000034235417843
angle,1780512811413581833,-2.0299999713897705,0,0.009999889880418777
angle,1780512811423581644,-2.0299999713897705,0,0.009999986737966537
angle,1780512811433581958,-2.0299999713897705,0,0.009999983012676239
angle,1780512811443582493,-2.0299999713897705,0,0.010000033304095268
angle,1780512811453582398,-2.0299999713897705,0,0.009999966248869896
angle,1780512811463582967,-2.0299999713897705,0,0.009999999776482582
angle,1780512811473583009,-2.0299999713897705,0,0.00999995693564415
angle,1780512811483583215,-2.0299999713897705,0,0.009999953210353851
angle,1780512811493583625,-2.0299999713897705,0,0.00999999139457941
angle,1780512811503584216,-2.0299999713897705,0,0.009999941103160381
angle,1780512811513583968,-2.0299999713897705,0,0.009999997913837433
angle,1780512811523584325,-2.0299999713897705,0,0.009999998845160007
angle,1780512811533584909,-2.0299999713897705,0,0.00999997928738594
angle,1780512811543584850,-2.0299999713897705,0,0.010000006295740604
angle,1780512811553585140,-2.0299999713897705,0,0.009999985806643963
angle,1780512811563586496,-2.0299999713897705,0,0.010000006295740604
angle,1780512811573585777,-2.0299999713897705,0,0.009999974630773067
angle,1780512811583585870,-2.0299999713897705,0,0.00999994482845068
angle,1780512811593586277,-2.0299999713897705,0,0.010000008158385754
angle,1780512811603586736,-2.0299999713897705,0,0.01000000536441803
angle,1780512811613586914,-2.0299999713897705,0,0.009999998845160007
angle,1780512811623587276,-2.0299999713897705,0,0.009999937377870083
angle,1780512811633589071,-2.0299999713897705,0,0.009999997913837433
angle,1780512811643587535,-2.0299999713897705,0,0.009999934583902359
angle,1780512811653587873,-2.0299999713897705,0,0.009999961592257023
angle,1780512811663588206,-2.0299999713897705,0,0.009999986737966537
angle,1780512811673588870,-2.0299999713897705,0,0.00999996904283762
angle,1780512811683589261,-2.0299999713897705,0,0.009999952279031277
angle,1780512811693588752,-2.0299999713897705,0,0.00999986007809639
angle,1780512811703589143,-2.0299999713897705,0,0.009999977424740791
angle,1780512811713589779,-2.0299999713897705,0,0.009999974630773067
angle,1780512811723589585,-2.0299999713897705,0,0.009999980218708515
angle,1780512811733590201,-2.0299999713897705,0,0.009999985806643963
angle,1780512811743590310,-2.0299999713897705,0,0.00999999139457941
angle,1780512811753590354,-2.0299999713897705,0,0.009999950416386127
angle,1780512811765366686,-2.0299999713897705,0,0.011775260791182518
angle,1780512811775366475,-2.0299999713897705,0,0.009999892674386501
angle,1780512811785366775,-2.0299999713897705,0,0.01000000536441803
angle,1780512811795367124,-2.0299999713897705,0,0.009999996982514858
angle,1780512811805367418,-2.0299999713897705,0,0.009999952279031277
angle,1780512811815367822,-2.0299999713897705,0,0.00999996904283762
angle,1780512811825368351,-2.0299999713897705,0,0.009999933652579784
angle,1780512811835370150,-2.0299999713897705,0,0.009999934583902359
angle,1780512811845369871,-2.0299999713897705,0,0.009999826550483704
angle,1780512811855371585,-2.0299999713897705,0,0.00999994296580553
angle,1780512811865371335,-2.0299999713897705,0,0.00999990664422512
angle,1780512811875369737,-2.0299999713897705,0,0.009999907575547695
angle,1780512811885371484,-2.0299999713897705,0,0.009999985806643963
angle,1780512811895370414,-2.0299999713897705,0,0.009999897330999374
angle,1780512811905370993,-2.0299999713897705,0,0.009999972768127918
angle,1780512811915370943,-2.0299999713897705,0,0.009999937377870083
angle,1780512811925371145,-2.0299999713897705,0,0.00999999325722456
angle,1780512811935371371,-2.0299999713897705,0,0.00999994482845068
angle,1780512811945371552,-2.0299999713897705,0,0.009999941103160381
angle,1780512811955371856,-2.0299999713897705,0,0.00999994296580553
angle,1780512811965372294,-2.0299999713897705,0,0.00999994296580553
angle,1780512811975374168,-2.0299999713897705,0,0.009999864734709263
angle,1780512811985372738,-2.0299999713897705,0,0.009999900124967098
angle,1780512811995373015,-2.0299999713897705,0,0.009999998845160007
angle,1780512812005373231,-2.0299999713897705,0,0.009999964386224747
angle,1780512812015373785,-2.0299999713897705,0,0.00999995693564415
angle,1780512812025373714,-2.0299999713897705,0,0.010000000707805157
angle,1780512812035374051,-2.0299999713897705,0,0.009999953210353851
angle,1780512812045374333,-2.0299999713897705,0,0.009999980218708515
angle,1780512812055374635,-2.0299999713897705,0,0.009999970905482769
angle,1780512812065376069,-2.0299999713897705,0,0.009999941103160381
angle,1780512812075375402,-2.0299999713897705,0,0.009999900124967098
angle,1780512812085375634,-2.0299999713897705,0,0.009999959729611874
angle,1780512812095376242,-2.0299999713897705,0,0.009999945759773254
angle,1780512812105376371,-2.0299999713897705,0,0.009999963454902172
angle,1780512812115376202,-2.0299999713897705,0,0.00999994482845068
angle,1780512812125376432,-2.0299999713897705,0,0.009999985806643963
angle,1780512812135376748,-2.0299999713897705,0,0.009999984875321388
angle,1780512812145377259,-2.0299999713897705,0,0.00999998115003109
angle,1780512812155377529,-2.0299999713897705,0,0.009999968111515045
angle,1780512812165377779,-2.0299999713897705,0,0.009999971836805344
angle,1780512812175377968,-2.0299999713897705,0,0.009999950416386127
angle,1780512812185378290,-2.0299999713897705,0,0.009999954141676426
angle,1780512812195378769,-2.0299999713897705,0,0.009999988600611687
angle,1780512812205378619,-2.0299999713897705,0,0.00999993272125721
angle,1780512812215379230,-2.0299999713897705,0,0.009999994188547134
angle,1780512812225379336,-2.0299999713897705,0,0.00999999139457941
angle,1780512812235379889,-2.0299999713897705,0,0.009999982081353664
angle,1780512812245379849,-2.0299999713897705,0,0.009999914094805717
angle,1780512812255380038,-2.0299999713897705,0,0.009999985806643963
angle,1780512812265380725,-2.0299999713897705,0,0.009999983943998814
angle,1780512812275381313,-2.0299999713897705,0,0.009999934583902359
angle,1780512812285381562,-2.0299999713897705,0,0.009999983012676239
angle,1780512812295381106,-2.0299999713897705,0,0.010000001639127731
angle,1780512812305381343,-2.0299999713897705,0,0.00999998115003109
angle,1780512812315381636,-2.0299999713897705,0,0.009999939240515232
angle,1780512812325381930,-2.0299999713897705,0,0.009999950416386127
angle,1780512812335382323,-2.0299999713897705,0,0.009999965317547321
angle,1780512812345382511,-2.0299999713897705,0,0.009999990463256836
angle,1780512812355382837,-2.0299999713897705,0,0.009999934583902359
angle,1780512812365383303,-2.0299999713897705,0,0.009999937377870083
angle,1780512812375383501,-2.0299999713897705,0,0.009999999776482582
angle,1780512812385383609,-2.0299999713897705,0,0.009999947622418404
angle,1780512812395383770,-2.0299999713897705,0,0.009999983012676239
angle,1780512812405384044,-2.0299999713897705,0,0.00999998115003109
angle,1780512812415384390,-2.0299999713897705,0,0.009999954141676426
angle,1780512812425384578,-2.0299999713897705,0,0.00999995693564415
angle,1780512812435384758,-2.0299999713897705,0,0.009999952279031277
angle,1780512812445385062,-2.0299999713897705,0,0.00999994482845068
angle,1780512812455385298,-2.0299999713897705,0,0.009999966248869896
angle,1780512812465386189,-2.0299999713897705,0,0.010000008158385754
angle,1780512812475385751,-2.0299999713897705,0,0.009999946691095829
angle,1780512812485385906,-2.0299999713897705,0,0.00999996718019247
angle,1780512812495386245,-2.0299999713897705,0,0.009999974630773067
angle,1780512812505386581,-2.0299999713897705,0,0.009999983012676239
angle,1780512812515387019,-2.0299999713897705,0,0.00999997928738594
angle,1780512812525387617,-2.0299999713897705,0,0.00999996718019247
angle,1780512812535387524,-2.0299999713897705,0,0.010000007227063179
angle,1780512812545387923,-2.0299999713897705,0,0.009999961592257023
angle,1780512812555388334,-2.0299999713897705,0,0.009999978356063366
angle,1780512812565388331,-2.0299999713897705,0,0.00999994296580553
angle,1780512812575388659,-2.0299999713897705,0,0.00999996904283762
angle,1780512812585388904,-2.0299999713897705,0,0.009999958798289299
angle,1780512812595389318,-2.0299999713897705,0,0.009999983012676239
angle,1780512812605389348,-2.0299999713897705,0,0.009999996982514858
angle,1780512812615389824,-2.0299999713897705,0,0.010000001639127731
angle,1780512812625389952,-2.0299999713897705,0,0.009999988600611687
angle,1780512812635391514,-2.0299999713897705,0,0.009999947622418404
angle,1780512812645390214,-2.0299999713897705,0,0.009999897330999374
angle,1780512812655390869,-2.0299999713897705,0,0.009999938309192657
angle,1780512812665391277,-2.0299999713897705,0,0.010000021196901798
angle,1780512812675391257,-2.0299999713897705,0,0.009999992325901985
angle,1780512812685391564,-2.0299999713897705,0,0.009999958798289299
angle,1780512812695391718,-2.0299999713897705,0,0.009999948553740978
angle,1780512812705391971,-2.0299999713897705,0,0.009999964386224747
angle,1780512812715392336,-2.0299999713897705,0,0.009999947622418404
angle,1780512812725392875,-2.0299999713897705,0,0.009999892674386501
angle,1780512812735392601,-2.0299999713897705,0,0.009999970905482769
angle,1780512812745392839,-2.0299999713897705,0,0.009999984875321388
angle,1780512812755393221,-2.0299999713897705,0,0.009999977424740791
angle,1780512812765393501,-2.0299999713897705,0,0.009999996982514858
angle,1780512812775394229,-2.0299999713897705,0,0.009999934583902359
angle,1780512812785394210,-2.0299999713897705,0,0.009999941103160381
angle,1780512812795394156,-2.0299999713897705,0,0.009999956004321575
angle,1780512812805394529,-2.0299999713897705,0,0.009999960660934448
angle,1780512812815395331,-2.0299999713897705,0,0.009999969974160194
angle,1780512812825394997,-2.0299999713897705,0,0.009999938309192657
angle,1780512812835416965,-2.0299999713897705,0,0.009999948553740978
angle,1780512812845395361,-2.0299999713897705,0,0.009999231435358524
angle,1780512812855395477,-2.0299999713897705,0,0.009999933652579784
angle,1780512812865396249,-2.0299999713897705,0,0.009999946691095829
angle,1780512812875396020,-2.0299999713897705,0,0.009999983012676239
angle,1780512812885396384,-2.0299999713897705,0,0.010000014677643776
angle,1780512812895396568,-2.0299999713897705,0,0.009999998845160007
angle,1780512812905397007,-2.0299999713897705,0,0.009999985806643963
angle,1780512812915397801,-2.0299999713897705,0,0.009999997913837433
angle,1780512812925397367,-2.0299999713897705,0,0.009999966248869896
angle,1780512812935397781,-2.0299999713897705,0,0.009999928995966911
angle,1780512812945397768,-2.0299999713897705,0,0.009999941103160381
angle,1780512812955398303,-2.0299999713897705,0,0.009999997913837433
angle,1780512812965398360,-2.0299999713897705,0,0.01000000536441803
angle,1780512812975398675,-2.0299999713897705,0,0.009999945759773254
angle,1780512812985398780,-2.0299999713897705,0,0.009999971836805344
angle,1780512812995399075,-2.0299999713897705,0,0.009999997913837433
angle,1780512813005399643,-2.0299999713897705,0,0.009999975562095642
angle,1780512813015399767,-2.0299999713897705,0,0.009999937377870083
angle,1780512813025399899,-2.0299999713897705,0,0.00999995693564415
angle,1780512813035400124,-2.0299999713897705,0,0.009999984875321388
angle,1780512813045400469,-2.0299999713897705,0,0.009999945759773254
angle,1780512813055400517,-2.0299999713897705,0,0.009999961592257023
angle,1780512813065400657,-2.0299999713897705,0,0.009999978356063366
angle,1780512813075400931,-2.0299999713897705,0,0.009999931789934635
angle,1780512813085401073,-2.0299999713897705,0,0.009999939240515232
angle,1780512813095402117,-2.0299999713897705,0,0.009999982081353664
angle,1780512813105401609,-2.0299999713897705,0,0.009999941103160381
angle,1780512813115401950,-2.0299999713897705,0,0.00999998115003109
angle,1780512813125401930,-2.0299999713897705,0,0.009999957866966724
angle,1780512813135402586,-2.0299999713897705,0,0.009999964386224747
angle,1780512813145402717,-2.0299999713897705,0,0.009999910369515419
angle,1780512813155402761,-2.0299999713897705,0,0.00999991875141859
angle,1780512813165402997,-2.0299999713897705,0,0.009999942034482956
angle,1780512813175403617,-2.0299999713897705,0,0.009999941103160381
angle,1780512813185403680,-2.0299999713897705,0,0.009999961592257023
angle,1780512813195403860,-2.0299999713897705,0,0.009999953210353851
angle,1780512813205404153,-2.0299999713897705,0,0.009999956004321575
angle,1780512813215404522,-2.0299999713897705,0,0.009999948553740978
angle,1780512813225404733,-2.0299999713897705,0,0.009999938309192657
angle,1780512813235404965,-2.0299999713897705,0,0.00999999325722456
angle,1780512813245404855,-2.0299999713897705,0,0.009999953210353851
angle,1780512813255405118,-2.0299999713897705,0,0.009999977424740791
angle,1780512813265405274,-2.0299999713897705,0,0.009999942034482956
angle,1780512813275406055,-2.0299999713897705,0,0.009999996051192284
angle,1780512813285406034,-2.0299999713897705,0,0.00999999139457941
angle,1780512813295406137,-2.0299999713897705,0,0.009999933652579784
angle,1780512813305406697,-2.0299999713897705,0,0.00999995693564415
angle,1780512813315406974,-2.0299999713897705,0,0.00999994482845068
angle,1780512813325406878,-2.0299999713897705,0,0.009999934583902359
angle,1780512813335409971,-2.0299999713897705,0,0.009999970905482769
angle,1780512813345410865,-2.0299999713897705,0,0.009999933652579784
angle,1780512813355412708,-2.0299999713897705,0,0.009999996982514858
angle,1780512813365412485,-2.0299999713897705,0,0.009999985806643963
angle,1780512813375412945,-2.0299999713897705,0,0.00999996718019247
angle,1780512813385412913,-2.0299999713897705,0,0.009999960660934448
angle,1780512813395413151,-2.0299999713897705,0,0.009999958798289299
angle,1780512813405413193,-2.0299999713897705,0,0.009999939240515232
angle,1780512813415413992,-2.0299999713897705,0,0.009999939240515232
angle,1780512813425413965,-2.0299999713897705,0,0.009999933652579784
angle,1780512813435414216,-2.0299999713897705,0,0.009999952279031277
angle,1780512813445414447,-2.0299999713897705,0,0.009999956004321575
angle,1780512813455414682,-2.0299999713897705,0,0.010000007227063179
angle,1780512813465415418,-2.0299999713897705,0,0.01000001560896635
angle,1780512813475415453,-2.0299999713897705,0,0.00999994296580553
angle,1780512813485415521,-2.0299999713897705,0,0.010000000707805157
angle,1780512813495417209,-2.0299999713897705,0,0.009999992325901985
angle,1780512813505416078,-2.0299999713897705,0,0.00999992061406374
angle,1780512813515416561,-2.0299999713897705,0,0.009999975562095642
angle,1780512813525416693,-2.0299999713897705,0,0.009999988600611687
angle,1780512813535416834,-2.0299999713897705,0,0.009999978356063366
angle,1780512813545417210,-2.0299999713897705,0,0.009999941103160381
angle,1780512813555417674,-2.0299999713897705,0,0.010000006295740604
angle,1780512813565417636,-2.0299999713897705,0,0.009999980218708515
angle,1780512813575418154,-2.0299999713897705,0,0.009999984875321388
angle,1780512813585418193,-2.0299999713897705,0,0.009999971836805344
angle,1780512813595418529,-2.0299999713897705,0,0.009999971836805344
angle,1780512813605418712,-2.0299999713897705,0,0.009999960660934448
angle,1780512813615419587,-2.0299999713897705,0,0.00999999325722456
angle,1780512813625419372,-2.0299999713897705,0,0.009999857284128666
angle,1780512813635420867,-2.0299999713897705,0,0.009999960660934448
angle,1780512813645419878,-2.0299999713897705,0,0.009999907575547695
angle,1780512813655419857,-2.0299999713897705,0,0.009999999776482582
angle,1780512813665420080,-2.0299999713897705,0,0.009999958798289299
angle,1780512813675420425,-2.0299999713897705,0,0.009999938309192657
angle,1780512813685420750,-2.0299999713897705,0,0.009999988600611687
angle,1780512813695421072,-2.0299999713897705,0,0.00999999325722456
angle,1780512813705421291,-2.0299999713897705,0,0.00999999139457941
angle,1780512813715421598,-2.0299999713897705,0,0.009999966248869896
angle,1780512813725421690,-2.0299999713897705,0,0.00999994296580553
angle,1780512813735422325,-2.0299999713897705,0,0.009999958798289299
angle,1780512813745422367,-2.0299999713897705,0,0.009999948553740978
angle,1780512813755422524,-2.0299999713897705,0,0.009999961592257023
angle,1780512813765422858,-2.0299999713897705,0,0.009999978356063366
angle,1780512813775423410,-2.0299999713897705,0,0.009999985806643963
angle,1780512813785424057,-2.0299999713897705,0,0.009999897330999374
angle,1780512813795423699,-2.0299999713897705,0,0.009999984875321388
angle,1780512813805424126,-2.0299999713897705,0,0.009999940171837807
angle,1780512813815424194,-2.0299999713897705,0,0.009999982081353664
angle,1780512813825424719,-2.0299999713897705,0,0.00999994296580553
angle,1780512813835425694,-2.0299999713897705,0,0.010000089183449745
angle,1780512813845424823,-2.0299999713897705,0,0.009999936446547508
angle,1780512813855425407,-2.0299999713897705,0,0.00999994482845068
angle,1780512813865425571,-2.0299999713897705,0,0.009999997913837433
angle,1780512813875425855,-2.0299999713897705,0,0.009999951347708702
angle,1780512813885426148,-2.0299999713897705,0,0.010000018402934074
angle,1780512813895426397,-2.0299999713897705,0,0.009999980218708515
angle,1780512813905426860,-2.0299999713897705,0,0.009999983012676239
angle,1780512813915426850,-2.0299999713897705,0,0.009999985806643963
angle,1780512813925427282,-2.0299999713897705,0,0.009999966248869896
angle,1780512813935428726,-2.0299999713897705,0,0.009999953210353851
angle,1780512813945427845,-2.0299999713897705,0,0.009999904781579971
angle,1780512813955428128,-2.0299999713897705,0,0.009999987669289112
angle,1780512813965428404,-2.0299999713897705,0,0.009999959729611874
angle,1780512813975431066,-2.0299999713897705,0,0.009999960660934448
angle,1780512813985429010,-2.0299999713897705,0,0.00999993085861206
angle,1780512813995429947,-2.0299999713897705,0,0.009999963454902172
angle,1780512814005429631,-2.0299999713897705,0,0.009999986737966537
angle,1780512814015429685,-2.0299999713897705,0,0.009999946691095829
angle,1780512814025430008,-2.0299999713897705,0,0.009999959729611874
angle,1780512814035430527,-2.0299999713897705,0,0.009999985806643963
angle,1780512814045430508,-2.0299999713897705,0,0.009999940171837807
angle,1780512814055430695,-2.0299999713897705,0,0.00999995693564415
angle,1780512814065430949,-2.0299999713897705,0,0.010000004433095455
angle,1780512814075431368,-2.0299999713897705,0,0.009999982081353664
angle,1780512814085431908,-2.0299999713897705,0,0.009999945759773254
angle,1780512814095431800,-2.0299999713897705,0,0.01000000536441803
angle,1780512814105431993,-2.0299999713897705,0,0.010000001639127731
angle,1780512814115432233,-2.0299999713897705,0,0.009999934583902359
angle,1780512814125433547,-2.0299999713897705,0,0.009999996982514858
angle,1780512814135433008,-2.0299999713897705,0,0.009999948553740978
angle,1780512814145433168,-2.0299999713897705,0,0.009999990463256836
angle,1780512814155433420,-2.0299999713897705,0,0.009999942034482956
angle,1780512814165434950,-2.0299999713897705,0,0.009999973699450493
angle,1780512814175433854,-2.0299999713897705,0,0.009999952279031277
angle,1780512814185434145,-2.0299999713897705,0,0.009999977424740791
angle,1780512814195434689,-2.0299999713897705,0,0.009999950416386127
angle,1780512814205434904,-2.0299999713897705,0,0.009999936446547508
angle,1780512814215435210,-2.0299999713897705,0,0.009999959729611874
angle,1780512814225435677,-2.0299999713897705,0,0.009999978356063366
angle,1780512814235435672,-2.0299999713897705,0,0.009999970905482769
angle,1780512814245435856,-2.0299999713897705,0,0.009999969974160194
angle,1780512814255441043,-2.0299999713897705,0,0.01000512856990099
angle,1780512814265441583,-2.0299999713897705,0,0.009999983943998814
angle,1780512814275441884,-2.0299999713897705,0,0.00999994296580553
angle,1780512814285442318,-2.0299999713897705,0,0.00999995693564415
angle,1780512814295442202,-2.0299999713897705,0,0.009999992325901985
angle,1780512814305442587,-2.0299999713897705,0,0.00999996904283762
angle,1780512814315442907,-2.0299999713897705,0,0.009999955072999
angle,1780512814325443477,-2.0299999713897705,0,0.009999994188547134
angle,1780512814335443524,-2.0299999713897705,0,0.00999998115003109
angle,1780512814345444005,-2.0299999713897705,0,0.009999954141676426
angle,1780512814355443878,-2.0299999713897705,0,0.009999955072999
angle,1780512814365444219,-2.0299999713897705,0,0.009999955072999
angle,1780512814375444883,-2.0299999713897705,0,0.009999988600611687
angle,1780512814385444764,-2.0299999713897705,0,0.009999968111515045
angle,1780512814395445002,-2.0299999713897705,0,0.009999974630773067
angle,1780512814405445163,-2.0299999713897705,0,0.009999980218708515
angle,1780512814415445561,-2.0299999713897705,0,0.009999936446547508
angle,1780512814425446020,-2.0299999713897705,0,0.009999996051192284
angle,1780512814435446245,-2.0299999713897705,0,0.00999999139457941
angle,1780512814445446437,-2.0299999713897705,0,0.009999970905482769
angle,1780512814455446644,-2.0299999713897705,0,0.010000007227063179
angle,1780512814465447292,-2.0299999713897705,0,0.009999997913837433
angle,1780512814475447342,-2.0299999713897705,0,0.009999994188547134
angle,1780512814485447392,-2.0299999713897705,0,0.009999964386224747
angle,1780512814495447886,-2.0299999713897705,0,0.009999971836805344
angle,1780512814505448009,-2.0299999713897705,0,0.009999983943998814
angle,1780512814515448328,-2.0299999713897705,0,0.009999988600611687
angle,1780512814525448685,-2.0299999713897705,0,0.009999977424740791
angle,1780512814535448855,-2.0299999713897705,0,0.009999983012676239
angle,1780512814545449010,-2.0299999713897705,0,0.010000002570450306
angle,1780512814555449681,-2.0299999713897705,0,0.009999940171837807
angle,1780512814565449513,-2.0299999713897705,0,0.009999992325901985
angle,1780512814575451876,-2.0299999713897705,0,0.010000033304095268
angle,1780512814585451987,-2.0299999713897705,0,0.009999847039580345
angle,1780512814595451045,-2.0299999713897705,0,0.00999985821545124
angle,1780512814605450716,-2.0299999713897705,0,0.009999975562095642
angle,1780512814615451358,-2.0299999713897705,0,0.009999941103160381
angle,1780512814625451411,-2.0299999713897705,0,0.009999941103160381
angle,1780512814635453083,-2.0299999713897705,0,0.00999997928738594
angle,1780512814645451488,-2.0299999713897705,0,0.009999936446547508
angle,1780512814655451916,-2.0299999713897705,0,0.00999996718019247
angle,1780512814665452525,-2.0299999713897705,0,0.009999966248869896
angle,1780512814675453233,-2.0299999713897705,0,0.010000023059546947
angle,1780512814685453064,-2.0299999713897705,0,0.009999909438192844
angle,1780512814695453112,-2.0299999713897705,0,0.009999974630773067
angle,1780512814705453397,-2.0299999713897705,0,0.009999950416386127
angle,1780512814715454016,-2.0299999713897705,0,0.009999969974160194
angle,1780512814725453979,-2.0299999713897705,0,0.009999982081353664
angle,1780512814735454303,-2.0299999713897705,0,0.009999964386224747
angle,1780512814745454202,-2.0299999713897705,0,0.009999941103160381
angle,1780512814755455025,-2.0299999713897705,0,0.00999993272125721
angle,1780512814765454811,-2.0299999713897705,0,0.009999969974160194
angle,1780512814775455515,-2.0299999713897705,0,0.010000024922192097
angle,1780512814785455400,-2.0299999713897705,0,0.009999913163483143
angle,1780512814795455444,-2.0299999713897705,0,0.009999915026128292
angle,1780512814805455640,-2.0299999713897705,0,0.00999994296580553
angle,1780512814815456306,-2.0299999713897705,0,0.009999947622418404
angle,1780512814825456546,-2.0299999713897705,0,0.010000031441450119
angle,1780512814835457918,-2.0299999713897705,0,0.00999992061406374
angle,1780512814845456745,-2.0299999713897705,0,0.009999913163483143
angle,1780512814855457105,-2.0299999713897705,0,0.00999994296580553
angle,1780512814865457254,-2.0299999713897705,0,0.009999953210353851
angle,1780512814875457970,-2.0299999713897705,0,0.009999983943998814
angle,1780512814885458494,-2.0299999713897705,0,0.0099998963996768
angle,1780512814895458205,-2.0299999713897705,0,0.009999988600611687
angle,1780512814905458360,-2.0299999713897705,0,0.00999995693564415
angle,1780512814915458752,-2.0299999713897705,0,0.009999984875321388
angle,1780512814925459040,-2.0299999713897705,0,0.009999966248869896
angle,1780512814935459185,-2.0299999713897705,0,0.010000002570450306
angle,1780512814945459218,-2.0299999713897705,0,0.009999942034482956
angle,1780512814955459524,-2.0299999713897705,0,0.009999945759773254
angle,1780512814965459746,-2.0299999713897705,0,0.009999951347708702
angle,1780512814975460430,-2.0299999713897705,0,0.009999960660934448
angle,1780512814985460283,-2.0299999713897705,0,0.009999891743063927
angle,1780512814995460621,-2.0299999713897705,0,0.010000001639127731
angle,1780512815005460998,-2.0299999713897705,0,0.009999943897128105
angle,1780512815015461327,-2.0299999713897705,0,0.0099998963996768
angle,1780512815025461139,-2.0299999713897705,0,0.010000006295740604
angle,1780512815035461454,-2.0299999713897705,0,0.009999936446547508
angle,1780512815045461625,-2.0299999713897705,0,0.009999999776482582
angle,1780512815055461943,-2.0299999713897705,0,0.009999933652579784
angle,1780512815065462133,-2.0299999713897705,0,0.009999977424740791
angle,1780512815075462594,-2.0299999713897705,0,0.009999951347708702
angle,1780512815085462692,-2.0299999713897705,0,0.009999960660934448
angle,1780512815095463012,-2.0299999713897705,0,0.009999955072999
angle,1780512815105463314,-2.0299999713897705,0,0.009999953210353851
angle,1780512815115463324,-2.0299999713897705,0,0.010000004433095455
angle,1780512815125463565,-2.0299999713897705,0,0.009999966248869896
angle,1780512815135463810,-2.0299999713897705,0,0.009999942034482956
angle,1780512815145464219,-2.0299999713897705,0,0.010000004433095455
angle,1780512815155465035,-2.0299999713897705,0,0.010000002570450306
angle,1780512815165465052,-2.0299999713897705,0,0.009999956004321575
angle,1780512815175464893,-2.0299999713897705,0,0.009999925270676613
angle,1780512815185465056,-2.0299999713897705,0,0.009999934583902359
angle,1780512815195465638,-2.0299999713897705,0,0.010000000707805157
angle,1780512815205465551,-2.0299999713897705,0,0.00999998115003109
angle,1780512815215465992,-2.0299999713897705,0,0.009999992325901985
angle,1780512815225466250,-2.0299999713897705,0,0.009999952279031277
angle,1780512815235466832,-2.0299999713897705,0,0.010000001639127731
angle,1780512815245467007,-2.0299999713897705,0,0.009999999776482582
angle,1780512815255467060,-2.0299999713897705,0,0.00999994482845068
angle,1780512815265467375,-2.0299999713897705,0,0.009999972768127918
angle,1780512815275467648,-2.0299999713897705,0,0.009999934583902359
angle,1780512815285468553,-2.0299999713897705,0,0.010000004433095455
angle,1780512815295468117,-2.0299999713897705,0,0.009999985806643963
angle,1780512815305468492,-2.0299999713897705,0,0.009999966248869896
angle,1780512815315468780,-2.0299999713897705,0,0.010000007227063179
angle,1780512815325468964,-2.0299999713897705,0,0.009999938309192657
angle,1780512815335469481,-2.0299999713897705,0,0.009999960660934448
angle,1780512815345469586,-2.0299999713897705,0,0.00999996904283762
angle,1780512815355469896,-2.0299999713897705,0,0.010000007227063179
angle,1780512815365470146,-2.0299999713897705,0,0.009999958798289299
angle,1780512815375470629,-2.0299999713897705,0,0.010000007227063179
angle,1780512815385470564,-2.0299999713897705,0,0.009999945759773254
angle,1780512815395470775,-2.0299999713897705,0,0.009999990463256836
angle,1780512815405471172,-2.0299999713897705,0,0.009999942034482956
angle,1780512815415471489,-2.0299999713897705,0,0.00999995693564415
angle,1780512815425471576,-2.0299999713897705,0,0.009999941103160381
angle,1780512815435472123,-2.0299999713897705,0,0.009999964386224747
angle,1780512815445471992,-2.0299999713897705,0,0.009999968111515045
angle,1780512815455472620,-2.0299999713897705,0,0.009999964386224747
angle,1780512815465472597,-2.0299999713897705,0,0.009999971836805344
angle,1780512815475473095,-2.0299999713897705,0,0.009999952279031277
angle,1780512815485473628,-2.0299999713897705,0,0.009999958798289299
angle,1780512815495475683,-2.0299999713897705,0,0.010000008158385754
angle,1780512815505473549,-2.0299999713897705,0,0.009999875910580158
angle,1780512815515473971,-2.0299999713897705,0,0.009999994188547134
angle,1780512815525474099,-2.0299999713897705,0,0.009999990463256836
angle,1780512815535474792,-2.0299999713897705,0,0.009999963454902172
angle,1780512815546955351,-2.0299999713897705,0,0.011480238288640976
angle,1780512815556955792,-2.0299999713897705,0,0.009999924339354038
angle,1780512815566956168,-2.0299999713897705,0,0.009999968111515045
angle,1780512815576956532,-2.0299999713897705,0,0.009999969974160194
angle,1780512815586956475,-2.0299999713897705,0,0.009999982081353664
angle,1780512815596956631,-2.0299999713897705,0,0.009999959729611874
angle,1780512815606956939,-2.0299999713897705,0,0.00999996904283762
angle,1780512815616957268,-2.0299999713897705,0,0.009999999776482582
angle,1780512815626957763,-2.0299999713897705,0,0.010000008158385754
angle,1780512815636959719,-2.0299999713897705,0,0.009999943897128105
angle,1780512815646958093,-2.0299999713897705,0,0.009999889880418777
angle,1780512815656958089,-2.0299999713897705,0,0.009999934583902359
angle,1780512815666958504,-2.0299999713897705,0,0.009999943897128105
angle,1780512815676958679,-2.0299999713897705,0,0.00999997928738594
angle,1780512815686959517,-2.0299999713897705,0,0.009999987669289112
angle,1780512815696959308,-2.0299999713897705,0,0.009999996051192284
angle,1780512815707913005,-2.0299999713897705,0,0.010952749289572239
angle,1780512815717913127,-2.0299999713897705,0,0.009999982081353664
angle,1780512815727913281,-2.0299999713897705,0,0.00999996904283762
angle,1780512815737913750,-2.0299999713897705,0,0.009999947622418404
angle,1780512815747913762,-2.0299999713897705,0,0.009999938309192657
angle,1780512815757914320,-2.0299999713897705,0,0.009999978356063366
angle,1780512815767914053,-2.0299999713897705,0,0.009999952279031277
angle,1780512815777914684,-2.0299999713897705,0,0.010000007227063179
angle,1780512815787915023,-2.0299999713897705,0,0.009999934583902359
angle,1780512815797915327,-2.0299999713897705,0,0.00999998115003109
angle,1780512815807915276,-2.0299999713897705,0,0.00999996718019247
angle,1780512815817915412,-2.0299999713897705,0,0.009999952279031277
angle,1780512815827915732,-2.0299999713897705,0,0.010000019334256649
angle,1780512815837917227,-2.0299999713897705,0,0.009999977424740791
angle,1780512815847916874,-2.0299999713897705,0,0.009999877773225307
angle,1780512815857916703,-2.0299999713897705,0,0.009999977424740791
angle,1780512815867916941,-2.0299999713897705,0,0.00999998115003109
angle,1780512815877917538,-2.0299999713897705,0,0.009999980218708515
angle,1780512815887917471,-2.0299999713897705,0,0.009999885223805904
angle,1780512815897917499,-2.0299999713897705,0,0.009999964386224747
angle,1780512815907917677,-2.0299999713897705,0,0.009999946691095829
angle,1780512815917918359,-2.0299999713897705,0,0.00999997928738594
angle,1780512815927918294,-2.0299999713897705,0,0.009999971836805344
angle,1780512815937918731,-2.0299999713897705,0,0.009999999776482582
angle,1780512815947918857,-2.0299999713897705,0,0.009999913163483143
angle,1780512815957919399,-2.0299999713897705,0,0.009999963454902172
angle,1780512815967919510,-2.0299999713897705,0,0.009999971836805344
angle,1780512815977922830,-2.0299999713897705,0,0.009999940171837807
angle,1780512815987921410,-2.0299999713897705,0,0.009999774396419525
angle,1780512815997920465,-2.0299999713897705,0,0.009999950416386127
angle,1780512816007920836,-2.0299999713897705,0,0.009999963454902172
angle,1780512816017921168,-2.0299999713897705,0,0.009999961592257023
angle,1780512816027921024,-2.0299999713897705,0,0.009999952279031277
angle,1780512816037922464,-2.0299999713897705,0,0.009999990463256836
angle,1780512816047921612,-2.0299999713897705,0,0.009999871253967285
angle,1780512816057921890,-2.0299999713897705,0,0.009999987669289112
angle,1780512816067922152,-2.0299999713897705,0,0.010000000707805157
angle,1780512816077922504,-2.0299999713897705,0,0.009999970905482769
angle,1780512816087923215,-2.0299999713897705,0,0.009999925270676613
angle,1780512816097924801,-2.0299999713897705,0,0.009999900124967098
angle,1780512816107925131,-2.0299999713897705,0,0.009999891743063927
angle,1780512816117925243,-2.0299999713897705,0,0.009999586269259453
angle,1780512816127923539,-2.0299999713897705,0,0.009999955072999
angle,1780512816137924016,-2.0299999713897705,0,0.009999987669289112
angle,1780512816147924211,-2.0299999713897705,0,0.009999964386224747
angle,1780512816157924480,-2.0299999713897705,0,0.009999947622418404
angle,1780512816167924536,-2.0299999713897705,0,0.009999939240515232
angle,1780512816177924969,-2.0299999713897705,0,0.009999938309192657
angle,1780512816187925250,-2.0299999713897705,0,0.00999998115003109
angle,1780512816197925496,-2.0299999713897705,0,0.009999961592257023
angle,1780512816207925898,-2.0299999713897705,0,0.009999965317547321
angle,1780512816217925958,-2.0299999713897705,0,0.009999978356063366
angle,1780512816227926058,-2.0299999713897705,0,0.00999996904283762
angle,1780512816237926582,-2.0299999713897705,0,0.00999998115003109
angle,1780512816247926842,-2.0299999713897705,0,0.009999956004321575
angle,1780512816257928195,-2.0299999713897705,0,0.009999951347708702
angle,1780512816267927486,-2.0299999713897705,0,0.009999900124967098
angle,1780512816277927676,-2.0299999713897705,0,0.00999997928738594
angle,1780512816287927956,-2.0299999713897705,0,0.00999999139457941
angle,1780512816297928262,-2.0299999713897705,0,0.010000006295740604
angle,1780512816307928831,-2.0299999713897705,0,0.009999999776482582
angle,1780512816317928839,-2.0299999713897705,0,0.009999958798289299
angle,1780512816327929214,-2.0299999713897705,0,0.009999968111515045
angle,1780512816337931399,-2.0299999713897705,0,0.009999934583902359
angle,1780512816347930154,-2.0299999713897705,0,0.009999897330999374
angle,1780512816357930131,-2.0299999713897705,0,0.00999992061406374
angle,1780512816367930170,-2.0299999713897705,0,0.010000000707805157
angle,1780512816377930675,-2.0299999713897705,0,0.009999961592257023
angle,1780512816387930797,-2.0299999713897705,0,0.009999997913837433
angle,1780512816397930909,-2.0299999713897705,0,0.01000000536441803
angle,1780512816407932533,-2.0299999713897705,0,0.009999953210353851
angle,1780512816417931466,-2.0299999713897705,0,0.009999822825193405
angle,1780512816427931655,-2.0299999713897705,0,0.00999999139457941
angle,1780512816437932167,-2.0299999713897705,0,0.009999933652579784
angle,1780512816447932359,-2.0299999713897705,0,0.010000000707805157
angle,1780512816457932612,-2.0299999713897705,0,0.009999965317547321
angle,1780512816467932820,-2.0299999713897705,0,0.009999973699450493
angle,1780512816477933283,-2.0299999713897705,0,0.009999970905482769
angle,1780512816487933488,-2.0299999713897705,0,0.009999990463256836
angle,1780512816497933717,-2.0299999713897705,0,0.009999940171837807
angle,1780512816507933848,-2.0299999713897705,0,0.009999994188547134
angle,1780512816517934158,-2.0299999713897705,0,0.00999996718019247
angle,1780512816527934484,-2.0299999713897705,0,0.01000000536441803
angle,1780512816537934851,-2.0299999713897705,0,0.009999990463256836
angle,1780512816547935051,-2.0299999713897705,0,0.009999986737966537
angle,1780512816557935444,-2.0299999713897705,0,0.009999959729611874
angle,1780512816567936660,-2.0299999713897705,0,0.00999996904283762
angle,1780512816577935684,-2.0299999713897705,0,0.00999994482845068
angle,1780512816587936236,-2.0299999713897705,0,0.009999985806643963
angle,1780512816597936391,-2.0299999713897705,0,0.009999940171837807
angle,1780512816607936732,-2.0299999713897705,0,0.00999999139457941
angle,1780512816617936884,-2.0299999713897705,0,0.00999996904283762
angle,1780512816627937390,-2.0299999713897705,0,0.009999973699450493
angle,1780512816637939184,-2.0299999713897705,0,0.009999972768127918
angle,1780512816647937883,-2.0299999713897705,0,0.00999988429248333
angle,1780512816657938084,-2.0299999713897705,0,0.009999954141676426
angle,1780512816667938514,-2.0299999713897705,0,0.009999923408031464
angle,1780512816677938548,-2.0299999713897705,0,0.009999945759773254
angle,1780512816687939153,-2.0299999713897705,0,0.009999977424740791
angle,1780512816697939489,-2.0299999713897705,0,0.00999998115003109
angle,1780512816707939401,-2.0299999713897705,0,0.010000021196901798
angle,1780512816717939608,-2.0299999713897705,0,0.00999998115003109
angle,1780512816727939846,-2.0299999713897705,0,0.009999955072999
angle,1780512816737940226,-2.0299999713897705,0,0.009999986737966537
angle,1780512816747940696,-2.0299999713897705,0,0.009999996982514858
angle,1780512816757941417,-2.0299999713897705,0,0.009999975562095642
angle,1780512816767941191,-2.0299999713897705,0,0.0099998963996768
angle,1780512816777941441,-2.0299999713897705,0,0.009999951347708702
angle,1780512816787941976,-2.0299999713897705,0,0.009999986737966537
angle,1780512816797941748,-2.0299999713897705,0,0.009999983012676239
angle,1780512816807941975,-2.0299999713897705,0,0.009999972768127918
angle,1780512816817942441,-2.0299999713897705,0,0.009999936446547508
angle,1780512816827942638,-2.0299999713897705,0,0.00999994482845068
angle,1780512816837944194,-2.0299999713897705,0,0.009999994188547134
angle,1780512816847943183,-2.0299999713897705,0,0.009999937377870083
angle,1780512816857943392,-2.0299999713897705,0,0.010000006295740604
angle,1780512816867945236,-2.0299999713897705,0,0.009999968111515045
angle,1780512816877946026,-2.0299999713897705,0,0.009999924339354038
angle,1780512816887945778,-2.0299999713897705,0,0.009999936446547508
angle,1780512816897944785,-2.0299999713897705,0,0.009999950416386127
angle,1780512816907945020,-2.0299999713897705,0,0.009999983943998814
angle,1780512816917945292,-2.0299999713897705,0,0.009999995119869709
angle,1780512816927945724,-2.0299999713897705,0,0.009999953210353851
angle,1780512816937946010,-2.0299999713897705,0,0.009999945759773254
angle,1780512816947946061,-2.0299999713897705,0,0.009999997913837433
angle,1780512816957946199,-2.0299999713897705,0,0.009999997913837433
angle,1780512816967946360,-2.0299999713897705,0,0.009999941103160381
angle,1780512816977946974,-2.0299999713897705,0,0.009999992325901985
angle,1780512816987947057,-2.0299999713897705,0,0.010000008158385754
angle,1780512816997947330,-2.0299999713897705,0,0.009999973699450493
angle,1780512817007947694,-2.0299999713897705,0,0.009999936446547508
angle,1780512817017947685,-2.0299999713897705,0,0.009999954141676426
angle,1780512817029848428,-2.0299999713897705,0,0.011900022625923157
angle,1780512817039848619,-2.0299999713897705,0,0.009999940171837807
angle,1780512817049849064,-2.0299999713897705,0,0.009999983943998814
angle,1780512817059849337,-2.0299999713897705,0,0.009999937377870083
angle,1780512817069849414,-2.0299999713897705,0,0.010000004433095455
angle,1780512817079849827,-2.0299999713897705,0,0.009999952279031277
angle,1780512817089850040,-2.0299999713897705,0,0.009999996051192284
angle,1780512817099853870,-2.0299999713897705,0,0.009999963454902172
angle,1780512817109850796,-2.0299999713897705,0,0.010000009089708328
angle,1780512817119851457,-2.0299999713897705,0,0.009999936446547508
angle,1780512817129851506,-2.0299999713897705,0,0.009999990463256836
angle,1780512817139851735,-2.0299999713897705,0,0.010000023990869522
angle,1780512817149852336,-2.0299999713897705,0,0.009999957866966724
angle,1780512817159852338,-2.0299999713897705,0,0.009999950416386127
angle,1780512817169852529,-2.0299999713897705,0,0.009999959729611874
angle,1780512817179852912,-2.0299999713897705,0,0.00999996904283762
angle,1780512817189853126,-2.0299999713897705,0,0.009999963454902172
angle,1780512817199853204,-2.0299999713897705,0,0.009999978356063366
angle,1780512817209853410,-2.0299999713897705,0,0.009999957866966724
angle,1780512817219853743,-2.0299999713897705,0,0.009999965317547321
angle,1780512817229853825,-2.0299999713897705,0,0.009999948553740978
angle,1780512817239854171,-2.0299999713897705,0,0.009999996051192284
angle,1780512817249854474,-2.0299999713897705,0,0.009999968111515045
angle,1780512817259854672,-2.0299999713897705,0,0.009999983012676239
angle,1780512817269855365,-2.0299999713897705,0,0.009999990463256836
angle,1780512817279855818,-2.0299999713897705,0,0.00999994482845068
angle,1780512817289856086,-2.0299999713897705,0,0.009999874047935009
angle,1780512817299855867,-2.0299999713897705,0,0.009999988600611687
angle,1780512817309857285,-2.0299999713897705,0,0.010000006295740604
angle,1780512817319856765,-2.0299999713897705,0,0.009999933652579784
angle,1780512817329857187,-2.0299999713897705,0,0.009999983943998814
angle,1780512817339857307,-2.0299999713897705,0,0.00999996718019247
angle,1780512817349857638,-2.0299999713897705,0,0.009999961592257023
angle,1780512817359858178,-2.0299999713897705,0,0.009999950416386127
angle,1780512817369858050,-2.0299999713897705,0,0.009999945759773254
angle,1780512817379858201,-2.0299999713897705,0,0.009999965317547321
angle,1780512817389858568,-2.0299999713897705,0,0.009999975562095642
angle,1780512817399859008,-2.0299999713897705,0,0.009999923408031464
angle,1780512817409859658,-2.0299999713897705,0,0.009999971836805344
angle,1780512817419859181,-2.0299999713897705,0,0.009999965317547321
angle,1780512817429859682,-2.0299999713897705,0,0.009999992325901985
angle,1780512817439859788,-2.0299999713897705,0,0.009999965317547321
angle,1780512817449860884,-2.0299999713897705,0,0.009999996051192284
angle,1780512817459860420,-2.0299999713897705,0,0.009999941103160381
angle,1780512817469860717,-2.0299999713897705,0,0.009999970905482769
angle,1780512817479860753,-2.0299999713897705,0,0.010000004433095455
angle,1780512817489861196,-2.0299999713897705,0,0.009999938309192657
angle,1780512817499861892,-2.0299999713897705,0,0.009999998845160007
angle,1780512817509861687,-2.0299999713897705,0,0.009999943897128105
angle,1780512817519862010,-2.0299999713897705,0,0.009999975562095642
angle,1780512817529862295,-2.0299999713897705,0,0.00999994296580553
angle,1780512817539862398,-2.0299999713897705,0,0.009999947622418404
angle,1780512817549863003,-2.0299999713897705,0,0.010000035166740417
angle,1780512817559863510,-2.0299999713897705,0,0.009999990463256836
angle,1780512817569863355,-2.0299999713897705,0,0.009999974630773067
angle,1780512817579863820,-2.0299999713897705,0,0.009999995119869709
angle,1780512817589864145,-2.0299999713897705,0,0.010000001639127731
angle,1780512817599864265,-2.0299999713897705,0,0.009999936446547508
angle,1780512817609864441,-2.0299999713897705,0,0.009999938309192657
angle,1780512817619864681,-2.0299999713897705,0,0.009999942034482956
angle,1780512817629864903,-2.0299999713897705,0,0.009999939240515232
angle,1780512817639866499,-2.0299999713897705,0,0.009999959729611874
angle,1780512817649865728,-2.0299999713897705,0,0.009999817237257957
angle,1780512817659865835,-2.0299999713897705,0,0.009999951347708702
angle,1780512817669866071,-2.0299999713897705,0,0.009999928995966911
angle,1780512817679866014,-2.0299999713897705,0,0.009999975562095642
angle,1780512817689866106,-2.0299999713897705,0,0.009999943897128105
angle,1780512817699866623,-2.0299999713897705,0,0.009999947622418404
angle,1780512817709866984,-2.0299999713897705,0,0.00999996718019247
angle,1780512817719867337,-2.0299999713897705,0,0.010000001639127731
angle,1780512817729867690,-2.0299999713897705,0,0.009999990463256836
angle,1780512817739867991,-2.0299999713897705,0,0.009999954141676426
angle,1780512817749868458,-2.0299999713897705,0,0.009999951347708702
angle,1780512817759868741,-2.0299999713897705,0,0.009999948553740978
angle,1780512817769868843,-2.0299999713897705,0,0.00999995693564415
angle,1780512817779869039,-2.0299999713897705,0,0.009999946691095829
angle,1780512817789869307,-2.0299999713897705,0,0.009999933652579784
angle,1780512817799869418,-2.0299999713897705,0,0.009999941103160381
angle,1780512817809869970,-2.0299999713897705,0,0.009999937377870083
angle,1780512817819869882,-2.0299999713897705,0,0.010000008158385754
angle,1780512817829870054,-2.0299999713897705,0,0.009999996051192284
angle,1780512817839871194,-2.0299999713897705,0,0.009999941103160381
angle,1780512817849871022,-2.0299999713897705,0,0.009999861009418964
angle,1780512817859870780,-2.0299999713897705,0,0.009999980218708515
angle,1780512817869871150,-2.0299999713897705,0,0.009999973699450493
angle,1780512817879871428,-2.0299999713897705,0,0.009999996982514858
angle,1780512817889871640,-2.0299999713897705,0,0.009999988600611687
angle,1780512817899872793,-2.0299999713897705,0,0.00999998115003109
angle,1780512817909872195,-2.0299999713897705,0,0.00999995693564415
angle,1780512817919872393,-2.0299999713897705,0,0.009999998845160007
angle,1780512817929872855,-2.0299999713897705,0,0.009999974630773067
angle,1780512817939872914,-2.0299999713897705,0,0.009999939240515232
angle,1780512817949873214,-2.0299999713897705,0,0.00999999139457941
angle,1780512817959873439,-2.0299999713897705,0,0.009999971836805344
angle,1780512817969874341,-2.0299999713897705,0,0.009999940171837807
angle,1780512817979874714,-2.0299999713897705,0,0.009999964386224747
angle,1780512817989874201,-2.0299999713897705,0,0.009999966248869896
angle,1780512817999874671,-2.0299999713897705,0,0.009999951347708702
angle,1780512818009874985,-2.0299999713897705,0,0.009999956004321575
angle,1780512818019875064,-2.0299999713897705,0,0.00999996904283762
angle,1780512818029875709,-2.0299999713897705,0,0.010000002570450306
angle,1780512818039876008,-2.0299999713897705,0,0.010000009089708328
angle,1780512818049878312,-2.0299999713897705,0,0.010000024922192097
angle,1780512818059878676,-2.0299999713897705,0,0.009999862872064114
angle,1780512818069878347,-2.0299999713897705,0,0.009999838657677174
angle,1780512818079877162,-2.0299999713897705,0,0.00999994296580553
angle,1780512818089877523,-2.0299999713897705,0,0.009999942034482956
angle,1780512818099877649,-2.0299999713897705,0,0.009999961592257023
angle,1780512818109877754,-2.0299999713897705,0,0.009999943897128105
angle,1780512818119878641,-2.0299999713897705,0,0.00999995693564415
angle,1780512818129878110,-2.0299999713897705,0,0.009999940171837807
angle,1780512818139878501,-2.0299999713897705,0,0.00999996904283762
angle,1780512818149878817,-2.0299999713897705,0,0.009999961592257023
angle,1780512818159879103,-2.0299999713897705,0,0.010000000707805157
angle,1780512818169879483,-2.0299999713897705,0,0.009999997913837433
angle,1780512818179879853,-2.0299999713897705,0,0.009999947622418404
angle,1780512818189879689,-2.0299999713897705,0,0.009999975562095642
angle,1780512818199880032,-2.0299999713897705,0,0.00999996718019247
angle,1780512818209880470,-2.0299999713897705,0,0.010000001639127731
angle,1780512818219880798,-2.0299999713897705,0,0.009999974630773067
angle,1780512818229880799,-2.0299999713897705,0,0.00999994482845068
angle,1780512818239881029,-2.0299999713897705,0,0.009999963454902172
angle,1780512818249881483,-2.0299999713897705,0,0.009999983012676239
angle,1780512818259881573,-2.0299999713897705,0,0.009999973699450493
angle,1780512818269882179,-2.0299999713897705,0,0.010000002570450306
angle,1780512818279882464,-2.0299999713897705,0,0.009999946691095829
angle,1780512818289882514,-2.0299999713897705,0,0.009999947622418404
angle,1780512818299882755,-2.0299999713897705,0,0.009999983012676239
angle,1780512818309882976,-2.0299999713897705,0,0.009999961592257023
angle,1780512818319883223,-2.0299999713897705,0,0.009999984875321388
angle,1780512818329883405,-2.0299999713897705,0,0.009999959729611874
angle,1780512818339883774,-2.0299999713897705,0,0.009999961592257023
angle,1780512818349884276,-2.0299999713897705,0,0.009999939240515232
angle,1780512818359884598,-2.0299999713897705,0,0.00999998115003109
angle,1780512818369884334,-2.0299999713897705,0,0.00999991875141859
angle,1780512818379884695,-2.0299999713897705,0,0.009999965317547321
angle,1780512818389886130,-2.0299999713897705,0,0.009999958798289299
angle,1780512818399885299,-2.0299999713897705,0,0.009999933652579784
angle,1780512818409886677,-2.0299999713897705,0,0.009999992325901985
angle,1780512818419885562,-2.0299999713897705,0,0.009999885223805904
angle,1780512818429886184,-2.0299999713897705,0,0.009999983012676239
angle,1780512818439886131,-2.0299999713897705,0,0.009999950416386127
angle,1780512818449886654,-2.0299999713897705,0,0.00999998115003109
angle,1780512818459886867,-2.0299999713897705,0,0.009999977424740791
angle,1780512818469887246,-2.0299999713897705,0,0.009999956004321575
angle,1780512818479887420,-2.0299999713897705,0,0.009999948553740978
angle,1780512818489887650,-2.0299999713897705,0,0.009999992325901985
angle,1780512818499888028,-2.0299999713897705,0,0.010000008158385754
angle,1780512818509888018,-2.0299999713897705,0,0.009999887086451054
angle,1780512818519888604,-2.0299999713897705,0,0.00999997928738594
angle,1780512818529888520,-2.0299999713897705,0,0.009999940171837807
angle,1780512818539888878,-2.0299999713897705,0,0.009999957866966724
angle,1780512818549889402,-2.0299999713897705,0,0.010000010952353477
angle,1780512818559889510,-2.0299999713897705,0,0.009999972768127918
angle,1780512818569889740,-2.0299999713897705,0,0.009999996982514858
angle,1780512818579889930,-2.0299999713897705,0,0.009999977424740791
angle,1780512818589890325,-2.0299999713897705,0,0.00999993272125721
angle,1780512818599890894,-2.0299999713897705,0,0.010000014677643776
angle,1780512818609891181,-2.0299999713897705,0,0.009999925270676613
angle,1780512818619890964,-2.0299999713897705,0,0.009999968111515045
angle,1780512818629891329,-2.0299999713897705,0,0.01000000536441803
angle,1780512818639891518,-2.0299999713897705,0,0.00999994296580553
angle,1780512818649892390,-2.0299999713897705,0,0.01000000536441803
angle,1780512818659892249,-2.0299999713897705,0,0.009999899193644524
angle,1780512818669892347,-2.0299999713897705,0,0.009999977424740791
angle,1780512818679892779,-2.0299999713897705,0,0.009999978356063366
angle,1780512818689892761,-2.0299999713897705,0,0.009999953210353851
angle,1780512818699893014,-2.0299999713897705,0,0.009999940171837807
angle,1780512818709893113,-2.0299999713897705,0,0.009999974630773067
angle,1780512818719893448,-2.0299999713897705,0,0.009999996982514858
angle,1780512818729894219,-2.0299999713897705,0,0.00999998115003109
angle,1780512818739894234,-2.0299999713897705,0,0.009999957866966724
angle,1780512818749894161,-2.0299999713897705,0,0.009999972768127918
angle,1780512818759894683,-2.0299999713897705,0,0.00999996718019247
angle,1780512818769894903,-2.0299999713897705,0,0.009999947622418404
angle,1780512818779894905,-2.0299999713897705,0,0.009999987669289112
angle,1780512818789895363,-2.0299999713897705,0,0.009999985806643963
angle,1780512818799895916,-2.0299999713897705,0,0.009999952279031277
angle,1780512818809895774,-2.0299999713897705,0,0.00999994482845068
angle,1780512818819896063,-2.0299999713897705,0,0.00999997928738594
angle,1780512818829896394,-2.0299999713897705,0,0.009999988600611687
angle,1780512818839897631,-2.0299999713897705,0,0.010000007227063179
angle,1780512818849896956,-2.0299999713897705,0,0.009999954141676426
angle,1780512818859897704,-2.0299999713897705,0,0.009999966248869896
angle,1780512818869897415,-2.0299999713897705,0,0.009999986737966537
angle,1780512818879897596,-2.0299999713897705,0,0.009999960660934448
angle,1780512818889897796,-2.0299999713897705,0,0.009999970905482769
angle,1780512818899898057,-2.0299999713897705,0,0.009999950416386127
angle,1780512818909898587,-2.0299999713897705,0,0.009999969974160194
angle,1780512818919898741,-2.0299999713897705,0,0.009999956004321575
angle,1780512818929898781,-2.0299999713897705,0,0.009999998845160007
angle,1780512818939898962,-2.0299999713897705,0,0.009999936446547508
angle,1780512818949899467,-2.0299999713897705,0,0.009999943897128105
angle,1780512818959899664,-2.0299999713897705,0,0.009999973699450493
angle,1780512818969899866,-2.0299999713897705,0,0.00999995693564415
angle,1780512818979900157,-2.0299999713897705,0,0.010000000707805157
angle,1780512818989900643,-2.0299999713897705,0,0.00999992061406374
angle,1780512818999900746,-2.0299999713897705,0,0.009999983943998814
angle,1780512819009901178,-2.0299999713897705,0,0.009999925270676613
angle,1780512819019901229,-2.0299999713897705,0,0.009999952279031277
angle,1780512819029901623,-2.0299999713897705,0,0.00999995693564415
angle,1780512819039902129,-2.0299999713897705,0,0.009999933652579784
angle,1780512819049902148,-2.0299999713897705,0,0.009999939240515232
angle,1780512819059902709,-2.0299999713897705,0,0.009999934583902359
angle,1780512819069902634,-2.0299999713897705,0,0.010000006295740604
angle,1780512819079902966,-2.0299999713897705,0,0.009999960660934448
angle,1780512819089903215,-2.0299999713897705,0,0.009999977424740791
angle,1780512819099903633,-2.0299999713897705,0,0.00999998115003109
angle,1780512819109903804,-2.0299999713897705,0,0.009999959729611874
angle,1780512819119903802,-2.0299999713897705,0,0.009999941103160381
angle,1780512819129904437,-2.0299999713897705,0,0.00999999325722456
angle,1780512819139904428,-2.0299999713897705,0,0.009999985806643963
angle,1780512819149904756,-2.0299999713897705,0,0.009999997913837433
angle,1780512819159905174,-2.0299999713897705,0,0.009999982081353664
angle,1780512819169905263,-2.0299999713897705,0,0.009999997913837433
angle,1780512819179905570,-2.0299999713897705,0,0.009999983012676239
angle,1780512819189906109,-2.0299999713897705,0,0.009999938309192657
angle,1780512819199905901,-2.0299999713897705,0,0.009999973699450493
angle,1780512819209906479,-2.0299999713897705,0,0.009999947622418404
angle,1780512819219906822,-2.0299999713897705,0,0.010000001639127731
angle,1780512819229906835,-2.0299999713897705,0,0.009999986737966537
angle,1780512819239908163,-2.0299999713897705,0,0.009999965317547321
angle,1780512819249907233,-2.0299999713897705,0,0.009999940171837807
angle,1780512819259908031,-2.0299999713897705,0,0.010000006295740604
angle,1780512819269907844,-2.0299999713897705,0,0.009999986737966537
angle,1780512819279908080,-2.0299999713897705,0,0.009999998845160007
angle,1780512819289908447,-2.0299999713897705,0,0.009999963454902172
angle,1780512819299909564,-2.0299999713897705,0,0.009999964386224747
angle,1780512819309909059,-2.0299999713897705,0,0.009999888017773628
angle,1780512819319909191,-2.0299999713897705,0,0.00999999325722456
angle,1780512819329909429,-2.0299999713897705,0,0.009999953210353851
angle,1780512819339909488,-2.0299999713897705,0,0.009999945759773254
angle,1780512819349910276,-2.0299999713897705,0,0.009999968111515045
angle,1780512819359910793,-2.0299999713897705,0,0.00999997928738594
angle,1780512819369910478,-2.0299999713897705,0,0.00999988242983818
angle,1780512819379910905,-2.0299999713897705,0,0.009999988600611687
angle,1780512819389911306,-2.0299999713897705,0,0.009999994188547134
angle,1780512819399911480,-2.0299999713897705,0,0.009999987669289112
angle,1780512819409911625,-2.0299999713897705,0,0.009999960660934448
angle,1780512819419911661,-2.0299999713897705,0,0.009999939240515232
angle,1780512819429911857,-2.0299999713897705,0,0.00999994482845068
angle,1780512819439912122,-2.0299999713897705,0,0.009999966248869896
angle,1780512819449912543,-2.0299999713897705,0,0.009999965317547321
angle,1780512819459912760,-2.0299999713897705,0,0.009999975562095642
angle,1780512819469912847,-2.0299999713897705,0,0.01000000536441803
angle,1780512819479913492,-2.0299999713897705,0,0.009999971836805344
angle,1780512819489913349,-2.0299999713897705,0,0.009999959729611874
angle,1780512819499913692,-2.0299999713897705,0,0.009999963454902172
angle,1780512819509914204,-2.0299999713897705,0,0.009999982081353664
angle,1780512819519914154,-2.0299999713897705,0,0.009999931789934635
angle,1780512819529914303,-2.0299999713897705,0,0.009999990463256836
angle,1780512819539914651,-2.0299999713897705,0,0.009999985806643963
angle,1780512819549914879,-2.0299999713897705,0,0.009999995119869709
angle,1780512819559915196,-2.0299999713897705,0,0.009999980218708515
angle,1780512819569915651,-2.0299999713897705,0,0.009999997913837433
angle,1780512819579915579,-2.0299999713897705,0,0.010000008158385754
angle,1780512819589916257,-2.0299999713897705,0,0.009999994188547134
angle,1780512819599916588,-2.0299999713897705,0,0.009999975562095642
angle,1780512819609916720,-2.0299999713897705,0,0.009999948553740978
angle,1780512819619916698,-2.0299999713897705,0,0.009999997913837433
angle,1780512819629917027,-2.0299999713897705,0,0.009999978356063366
angle,1780512819639917322,-2.0299999713897705,0,0.009999937377870083
angle,1780512819651688822,-2.0299999713897705,0,0.011771229095757008
angle,1780512819661689347,-2.0299999713897705,0,0.009999970905482769
angle,1780512819671689754,-2.0299999713897705,0,0.010000008158385754
angle,1780512819681690162,-2.0299999713897705,0,0.009999950416386127
angle,1780512819691690269,-2.0299999713897705,0,0.009999980218708515
angle,1780512819701690445,-2.0299999713897705,0,0.009999996051192284
angle,1780512819711690735,-2.0299999713897705,0,0.009999975562095642
angle,1780512819721691203,-2.0299999713897705,0,0.009999966248869896
angle,1780512819731692160,-2.0299999713897705,0,0.009999975562095642
angle,1780512819741691800,-2.0299999713897705,0,0.009999998845160007
angle,1780512819751692485,-2.0299999713897705,0,0.010000002570450306
angle,1780512819761692540,-2.0299999713897705,0,0.00999995693564415
angle,1780512819771693440,-2.0299999713897705,0,0.009999994188547134
angle,1780512819781693680,-2.0299999713897705,0,0.009999917820096016
angle,1780512819791693284,-2.0299999713897705,0,0.009999946691095829
angle,1780512819801693389,-2.0299999713897705,0,0.009999985806643963
angle,1780512819811693866,-2.0299999713897705,0,0.009999946691095829
angle,1780512819821693850,-2.0299999713897705,0,0.009999992325901985
angle,1780512819831694280,-2.0299999713897705,0,0.009999977424740791
angle,1780512819841695181,-2.0299999713897705,0,0.009999975562095642
angle,1780512819851694830,-2.0299999713897705,0,0.009999995119869709
angle,1780512819861695635,-2.0299999713897705,0,0.00999994482845068
angle,1780512819871695465,-2.0299999713897705,0,0.009999947622418404
angle,1780512819881695565,-2.0299999713897705,0,0.009999934583902359
angle,1780512819891695930,-2.0299999713897705,0,0.009999964386224747
angle,1780512819901696105,-2.0299999713897705,0,0.009999973699450493
angle,1780512819911696402,-2.0299999713897705,0,0.009999964386224747
angle,1780512819921696534,-2.0299999713897705,0,0.010000010952353477
angle,1780512819931698415,-2.0299999713897705,0,0.009999975562095642
angle,1780512819941697446,-2.0299999713897705,0,0.009999951347708702
angle,1780512819951697776,-2.0299999713897705,0,0.009999984875321388
angle,1780512819961698116,-2.0299999713897705,0,0.009999999776482582
angle,1780512819971700421,-2.0299999713897705,0,0.009999963454902172
angle,1780512819981698786,-2.0299999713897705,0,0.009999905712902546
angle,1780512819991698776,-2.0299999713897705,0,0.009999928064644337
angle,1780512820001699500,-2.0299999713897705,0,0.009999992325901985
angle,1780512820011700638,-2.0299999713897705,0,0.009999939240515232
angle,1780512820021699526,-2.0299999713897705,0,0.009999942034482956
angle,1780512820031699829,-2.0299999713897705,0,0.009999997913837433
angle,1780512820041700135,-2.0299999713897705,0,0.00999994482845068
angle,1780512820051700718,-2.0299999713897705,0,0.009999955072999
angle,1780512820061700623,-2.0299999713897705,0,0.010000008158385754
angle,1780512820071700759,-2.0299999713897705,0,0.009999995119869709
angle,1780512820081701104,-2.0299999713897705,0,0.009999974630773067
angle,1780512820091701713,-2.0299999713897705,0,0.009999933652579784
angle,1780512820101701514,-2.0299999713897705,0,0.009999987669289112
angle,1780512820111701799,-2.0299999713897705,0,0.009999950416386127
angle,1780512820121702025,-2.0299999713897705,0,0.010000001639127731
angle,1780512820131702093,-2.0299999713897705,0,0.009999958798289299
angle,1780512820141702447,-2.0299999713897705,0,0.00999996718019247
angle,1780512820151702840,-2.0299999713897705,0,0.00999997928738594
angle,1780512820161703231,-2.0299999713897705,0,0.010000004433095455
angle,1780512820171703275,-2.0299999713897705,0,0.009999940171837807
angle,1780512820181703872,-2.0299999713897705,0,0.009999923408031464
angle,1780512820191703578,-2.0299999713897705,0,0.009999980218708515
angle,1780512820201704045,-2.0299999713897705,0,0.009999996982514858
angle,1780512820211704396,-2.0299999713897705,0,0.009999945759773254
angle,1780512820221704513,-2.0299999713897705,0,0.009999974630773067
angle,1780512820231704888,-2.0299999713897705,0,0.009999998845160007
angle,1780512820241704999,-2.0299999713897705,0,0.009999968111515045
angle,1780512820251705394,-2.0299999713897705,0,0.009999956004321575
angle,1780512820261705579,-2.0299999713897705,0,0.009999955072999
angle,1780512820271706269,-2.0299999713897705,0,0.010000011883676052
angle,1780512820281706480,-2.0299999713897705,0,0.009999948553740978
angle,1780512820291706529,-2.0299999713897705,0,0.010000008158385754
angle,1780512820301706644,-2.0299999713897705,0,0.009999984875321388
angle,1780512820311707200,-2.0299999713897705,0,0.009999940171837807
angle,1780512820321707533,-2.0299999713897705,0,0.010000007227063179
angle,1780512820331707547,-2.0299999713897705,0,0.00999999139457941
angle,1780512820341707999,-2.0299999713897705,0,0.009999984875321388
angle,1780512820351708107,-2.0299999713897705,0,0.009999964386224747
angle,1780512820361709280,-2.0299999713897705,0,0.010000023990869522
angle,1780512820371708973,-2.0299999713897705,0,0.00999994482845068
angle,1780512820381708980,-2.0299999713897705,0,0.009999975562095642
angle,1780512820391709361,-2.0299999713897705,0,0.009999939240515232
angle,1780512820401709599,-2.0299999713897705,0,0.009999946691095829
angle,1780512820411710389,-2.0299999713897705,0,0.009999940171837807
angle,1780512820421710140,-2.0299999713897705,0,0.009999994188547134
angle,1780512820431710299,-2.0299999713897705,0,0.009999966248869896
angle,1780512820441710643,-2.0299999713897705,0,0.009999973699450493
angle,1780512820451711355,-2.0299999713897705,0,0.00999994296580553
angle,1780512820461711723,-2.0299999713897705,0,0.010000002570450306
angle,1780512820471711853,-2.0299999713897705,0,0.009999943897128105
angle,1780512820481711918,-2.0299999713897705,0,0.009999963454902172
angle,1780512820491712201,-2.0299999713897705,0,0.00999999325722456
angle,1780512820501712865,-2.0299999713897705,0,0.009999971836805344
angle,1780512820513315468,-2.0299999713897705,0,0.011602279730141163
angle,1780512820523316042,-2.0299999713897705,0,0.009999929927289486
angle,1780512820533315974,-2.0299999713897705,0,0.009999946691095829
angle,1780512820543316552,-2.0299999713897705,0,0.00999995693564415
angle,1780512820553316526,-2.0299999713897705,0,0.009999946691095829
angle,1780512820563316957,-2.0299999713897705,0,0.00999997928738594
angle,1780512820573316921,-2.0299999713897705,0,0.009999942034482956
angle,1780512820583317103,-2.0299999713897705,0,0.010000006295740604
angle,1780512820593317505,-2.0299999713897705,0,0.009999971836805344
angle,1780512820603317683,-2.0299999713897705,0,0.009999994188547134
angle,1780512820613318110,-2.0299999713897705,0,0.01000000536441803
angle,1780512820623318437,-2.0299999713897705,0,0.009999996982514858
angle,1780512820633319110,-2.0299999713897705,0,0.009999980218708515
angle,1780512820643319042,-2.0299999713897705,0,0.009999947622418404
angle,1780512820653320045,-2.0299999713897705,0,0.009999887086451054
angle,1780512820663319472,-2.0299999713897705,0,0.009999921545386314
angle,1780512820673319602,-2.0299999713897705,0,0.009999937377870083
angle,1780512820683319961,-2.0299999713897705,0,0.009999987669289112
angle,1780512820693320274,-2.0299999713897705,0,0.009999996982514858
angle,1780512820703320374,-2.0299999713897705,0,0.009999938309192657
angle,1780512820713320943,-2.0299999713897705,0,0.009999955072999
angle,1780512820723321141,-2.0299999713897705,0,0.009999982081353664
angle,1780512820733321259,-2.0299999713897705,0,0.00999996904283762
angle,1780512820743321568,-2.0299999713897705,0,0.009999960660934448
angle,1780512820753322053,-2.0299999713897705,0,0.009999964386224747
angle,1780512820763322055,-2.0299999713897705,0,0.009999980218708515
angle,1780512820773322238,-2.0299999713897705,0,0.009999946691095829
angle,1780512820783322434,-2.0299999713897705,0,0.009999977424740791
angle,1780512820793322906,-2.0299999713897705,0,0.009999995119869709
angle,1780512820803323176,-2.0299999713897705,0,0.009999987669289112
angle,1780512820813323482,-2.0299999713897705,0,0.009999999776482582
angle,1780512820823323724,-2.0299999713897705,0,0.009999957866966724
angle,1780512820833323946,-2.0299999713897705,0,0.010000000707805157
angle,1780512820843325672,-2.0299999713897705,0,0.00999999139457941
angle,1780512820853324886,-2.0299999713897705,0,0.009999959729611874
angle,1780512820863325209,-2.0299999713897705,0,0.009999936446547508
angle,1780512820873325141,-2.0299999713897705,0,0.00999996718019247
angle,1780512820883325328,-2.0299999713897705,0,0.009999988600611687
angle,1780512820893325814,-2.0299999713897705,0,0.009999996982514858
angle,1780512820903326157,-2.0299999713897705,0,0.009999968111515045
angle,1780512820913326736,-2.0299999713897705,0,0.009999987669289112
angle,1780512820923326646,-2.0299999713897705,0,0.009999934583902359
angle,1780512820933326794,-2.0299999713897705,0,0.009999940171837807
angle,1780512820943327135,-2.0299999713897705,0,0.009999997913837433
angle,1780512820953327371,-2.0299999713897705,0,0.009999955072999
angle,1780512820963327744,-2.0299999713897705,0,0.009999948553740978
angle,1780512820973328184,-2.0299999713897705,0,0.009999965317547321
angle,1780512820983328250,-2.0299999713897705,0,0.009999878704547882
angle,1780512820993328494,-2.0299999713897705,0,0.00999995693564415
angle,1780512821003328824,-2.0299999713897705,0,0.009999986737966537
angle,1780512821013329067,-2.0299999713897705,0,0.009999937377870083
angle,1780512821023329296,-2.0299999713897705,0,0.009999966248869896
angle,1780512821033329696,-2.0299999713897705,0,0.009999998845160007
angle,1780512821043329780,-2.0299999713897705,0,0.009999971836805344
angle,1780512821053330116,-2.0299999713897705,0,0.009999951347708702
angle,1780512821063330131,-2.0299999713897705,0,0.009999936446547508
angle,1780512821073330468,-2.0299999713897705,0,0.00999996904283762
angle,1780512821083330668,-2.0299999713897705,0,0.009999955072999
angle,1780512821093331231,-2.0299999713897705,0,0.010000004433095455
angle,1780512821103331261,-2.0299999713897705,0,0.009999901987612247
angle,1780512821113331582,-2.0299999713897705,0,0.009999937377870083
angle,1780512821123331969,-2.0299999713897705,0,0.00999994296580553
angle,1780512821133331930,-2.0299999713897705,0,0.00999996904283762
angle,1780512821143332134,-2.0299999713897705,0,0.009999978356063366
angle,1780512821153332466,-2.0299999713897705,0,0.009999941103160381
angle,1780512821163332859,-2.0299999713897705,0,0.009999988600611687
angle,1780512821173333416,-2.0299999713897705,0,0.009999939240515232
angle,1780512821183333674,-2.0299999713897705,0,0.009999986737966537
angle,1780512821193333708,-2.0299999713897705,0,0.009999941103160381
angle,1780512821203334082,-2.0299999713897705,0,0.00999999325722456
angle,1780512821213334886,-2.0299999713897705,0,0.01000000536441803
angle,1780512821223335162,-2.0299999713897705,0,0.009999948553740978
angle,1780512821233335227,-2.0299999713897705,0,0.009999959729611874
angle,1780512821243335516,-2.0299999713897705,0,0.009999970905482769
angle,1780512821253335580,-2.0299999713897705,0,0.009999943897128105
angle,1780512821263335757,-2.0299999713897705,0,0.009999952279031277
angle,1780512821273336186,-2.0299999713897705,0,0.009999961592257023
angle,1780512821283336265,-2.0299999713897705,0,0.009999952279031277
angle,1780512821293337003,-2.0299999713897705,0,0.010000000707805157
angle,1780512821303337290,-2.0299999713897705,0,0.009999969974160194
angle,1780512821313337462,-2.0299999713897705,0,0.00999995693564415
angle,1780512821323337482,-2.0299999713897705,0,0.009999972768127918
angle,1780512821333337876,-2.0299999713897705,0,0.009999994188547134
angle,1780512821343338011,-2.0299999713897705,0,0.009999955072999
angle,1780512821353341191,-2.0299999713897705,0,0.010000141337513924
angle,1780512821363339148,-2.0299999713897705,0,0.00999993085861206
angle,1780512821373339362,-2.0299999713897705,0,0.009999879635870457
angle,1780512821383339594,-2.0299999713897705,0,0.009999948553740978
angle,1780512821393339859,-2.0299999713897705,0,0.009999878704547882
angle,1780512821403339919,-2.0299999713897705,0,0.009999978356063366
angle,1780512821413341601,-2.0299999713897705,0,0.009999968111515045
angle,1780512821423340162,-2.0299999713897705,0,0.009999945759773254
angle,1780512821433340515,-2.0299999713897705,0,0.009999988600611687
angle,1780512821443340604,-2.0299999713897705,0,0.009999942034482956
angle,1780512821453341291,-2.0299999713897705,0,0.009999959729611874
angle,1780512821463341172,-2.0299999713897705,0,0.009999971836805344
angle,1780512821473341597,-2.0299999713897705,0,0.009999934583902359
angle,1780512821483341627,-2.0299999713897705,0,0.009999957866966724
angle,1780512821493342174,-2.0299999713897705,0,0.009999998845160007
angle,1780512821503342448,-2.0299999713897705,0,0.009999975562095642
angle,1780512821513342532,-2.0299999713897705,0,0.009999983943998814
angle,1780512821523342748,-2.0299999713897705,0,0.009999965317547321
angle,1780512821533343002,-2.0299999713897705,0,0.009999965317547321
angle,1780512821543343648,-2.0299999713897705,0,0.009999951347708702
angle,1780512821553343528,-2.0299999713897705,0,0.009999970905482769
angle,1780512821563343875,-2.0299999713897705,0,0.009999992325901985
angle,1780512821573344713,-2.0299999713897705,0,0.009999948553740978
angle,1780512821583344167,-2.0299999713897705,0,0.009999987669289112
angle,1780512821593345241,-2.0299999713897705,0,0.009999971836805344
angle,1780512821603344689,-2.0299999713897705,0,0.009999910369515419
angle,1780512821613345161,-2.0299999713897705,0,0.009999970905482769
angle,1780512821623345550,-2.0299999713897705,0,0.009999974630773067
angle,1780512821633345797,-2.0299999713897705,0,0.00999993272125721
angle,1780512821643345656,-2.0299999713897705,0,0.009999955072999
angle,1780512821653348029,-2.0299999713897705,0,0.009999946691095829
angle,1780512821663346744,-2.0299999713897705,0,0.009999915957450867
angle,1780512821673346732,-2.0299999713897705,0,0.009999933652579784
angle,1780512821683347301,-2.0299999713897705,0,0.009999980218708515
angle,1780512821693347148,-2.0299999713897705,0,0.009999996982514858
angle,1780512821703347622,-2.0299999713897705,0,0.009999948553740978
angle,1780512821713347590,-2.0299999713897705,0,0.009999959729611874
angle,1780512821723348058,-2.0299999713897705,0,0.009999999776482582
angle,1780512821733348145,-2.0299999713897705,0,0.009999982081353664
angle,1780512821743348344,-2.0299999713897705,0,0.009999969974160194
angle,1780512821753348660,-2.0299999713897705,0,0.009999953210353851
angle,1780512821763348859,-2.0299999713897705,0,0.009999988600611687
angle,1780512821773349685,-2.0299999713897705,0,0.00999999139457941
angle,1780512821783349492,-2.0299999713897705,0,0.009999974630773067
angle,1780512821793349483,-2.0299999713897705,0,0.00999997928738594
angle,1780512821803349710,-2.0299999713897705,0,0.009999956004321575
angle,1780512821813350208,-2.0299999713897705,0,0.00999996904283762
angle,1780512821823350581,-2.0299999713897705,0,0.009999950416386127
angle,1780512821833350703,-2.0299999713897705,0,0.009999978356063366
angle,1780512821843352106,-2.0299999713897705,0,0.009999951347708702
angle,1780512821853351182,-2.0299999713897705,0,0.009999923408031464
angle,1780512821863351580,-2.0299999713897705,0,0.009999961592257023
angle,1780512821873353134,-2.0299999713897705,0,0.010000000707805157
angle,1780512821883352466,-2.0299999713897705,0,0.010000010021030903
angle,1780512821893354528,-2.0299999713897705,0,0.009999902918934822
angle,1780512821903355356,-2.0299999713897705,0,0.009999929927289486
angle,1780512821913354714,-2.0299999713897705,0,0.009999892674386501
angle,1780512821923355598,-2.0299999713897705,0,0.009999929927289486
angle,1780512821933353608,-2.0299999713897705,0,0.009999831207096577
angle,1780512821943353982,-2.0299999713897705,0,0.009999954141676426
angle,1780512821953354149,-2.0299999713897705,0,0.009999947622418404
angle,1780512821963354644,-2.0299999713897705,0,0.00999998115003109
angle,1780512821973357087,-2.0299999713897705,0,0.009999990463256836
angle,1780512821983356573,-2.0299999713897705,0,0.009999880567193031
angle,1780512821993357059,-2.0299999713897705,0,0.009999890811741352
angle,1780512822003355687,-2.0299999713897705,0,0.009999877773225307
angle,1780512822013355838,-2.0299999713897705,0,0.009999965317547321
angle,1780512822023356261,-2.0299999713897705,0,0.00999997928738594
angle,1780512822033356247,-2.0299999713897705,0,0.009999958798289299
angle,1780512822043356668,-2.0299999713897705,0,0.009999975562095642
angle,1780512822053357285,-2.0299999713897705,0,0.009999987669289112
angle,1780512822063357296,-2.0299999713897705,0,0.009999963454902172
angle,1780512822073357560,-2.0299999713897705,0,0.009999940171837807
angle,1780512822083357837,-2.0299999713897705,0,0.010000002570450306
angle,1780512822093358965,-2.0299999713897705,0,0.009999995119869709
angle,1780512822103358349,-2.0299999713897705,0,0.009999942034482956
angle,1780512822113358558,-2.0299999713897705,0,0.009999961592257023
angle,1780512822123358876,-2.0299999713897705,0,0.01000000536441803
angle,1780512822133359266,-2.0299999713897705,0,0.010000009089708328
angle,1780512822143359733,-2.0299999713897705,0,0.009999954141676426
angle,1780512822153359575,-2.0299999713897705,0,0.009999950416386127
angle,1780512822163359964,-2.0299999713897705,0,0.010000010021030903
angle,1780512822173360460,-2.0299999713897705,0,0.009999953210353851
angle,1780512822183360749,-2.0299999713897705,0,0.009999937377870083
angle,1780512822193360933,-2.0299999713897705,0,0.009999945759773254
angle,1780512822203361129,-2.0299999713897705,0,0.009999947622418404
angle,1780512822213361435,-2.0299999713897705,0,0.009999936446547508
angle,1780512822223361857,-2.0299999713897705,0,0.009999983012676239
angle,1780512822233362496,-2.0299999713897705,0,0.009999996051192284
angle,1780512822243362208,-2.0299999713897705,0,0.009999996982514858
angle,1780512822253363585,-2.0299999713897705,0,0.009999995119869709
angle,1780512822265275980,-2.0299999713897705,0,0.011912180110812187
angle,1780512822275276873,-2.0299999713897705,0,0.00999990664422512
angle,1780512822285276023,-2.0299999713897705,0,0.00999996904283762
angle,1780512822295276113,-2.0299999713897705,0,0.009999947622418404
angle,1780512822305276340,-2.0299999713897705,0,0.009999982081353664
angle,1780512822315276663,-2.0299999713897705,0,0.00999999139457941
angle,1780512822325277265,-2.0299999713897705,0,0.009999960660934448
angle,1780512822335277196,-2.0299999713897705,0,0.00999988429248333
angle,1780512822345277496,-2.0299999713897705,0,0.010000007227063179
angle,1780512822355277845,-2.0299999713897705,0,0.009999968111515045
angle,1780512822365278045,-2.0299999713897705,0,0.009999889880418777
angle,1780512822375278267,-2.0299999713897705,0,0.009999990463256836
angle,1780512822385278661,-2.0299999713897705,0,0.009999953210353851
angle,1780512822395278696,-2.0299999713897705,0,0.010000002570450306
angle,1780512822405279151,-2.0299999713897705,0,0.010000008158385754
angle,1780512822415279640,-2.0299999713897705,0,0.009999983012676239
angle,1780512822425279954,-2.0299999713897705,0,0.00999994296580553
angle,1780512822435280248,-2.0299999713897705,0,0.009999988600611687
angle,1780512822445280269,-2.0299999713897705,0,0.009999965317547321
angle,1780512822455281037,-2.0299999713897705,0,0.009999946691095829
angle,1780512822465281171,-2.0299999713897705,0,0.009999992325901985
angle,1780512822475281342,-2.0299999713897705,0,0.00999999325722456
angle,1780512822485281310,-2.0299999713897705,0,0.009999990463256836
angle,1780512822495281712,-2.0299999713897705,0,0.00999994296580553
angle,1780512822505281999,-2.0299999713897705,0,0.009999999776482582
angle,1780512822515282261,-2.0299999713897705,0,0.009999975562095642
angle,1780512822525282583,-2.0299999713897705,0,0.00999994482845068
angle,1780512822535282700,-2.0299999713897705,0,0.009999951347708702
angle,1780512822545282993,-2.0299999713897705,0,0.009999956004321575
angle,1780512822555283398,-2.0299999713897705,0,0.009999995119869709
angle,1780512822565283530,-2.0299999713897705,0,0.009999945759773254
angle,1780512822575283966,-2.0299999713897705,0,0.009999951347708702
angle,1780512822585284065,-2.0299999713897705,0,0.009999983012676239
angle,1780512822595284344,-2.0299999713897705,0,0.00999996904283762
angle,1780512822605284583,-2.0299999713897705,0,0.009999958798289299
angle,1780512822615284880,-2.0299999713897705,0,0.009999938309192657
angle,1780512822625285352,-2.0299999713897705,0,0.00999994482845068
angle,1780512822635286278,-2.0299999713897705,0,0.009999961592257023
angle,1780512822645285874,-2.0299999713897705,0,0.009999917820096016
angle,1780512822655288083,-2.0299999713897705,0,0.010000007227063179
angle,1780512822665286351,-2.0299999713897705,0,0.009999928064644337
angle,1780512822675286495,-2.0299999713897705,0,0.0099998963996768
angle,1780512822685286597,-2.0299999713897705,0,0.009999966248869896
angle,1780512822695286775,-2.0299999713897705,0,0.009999928995966911
angle,1780512822705287315,-2.0299999713897705,0,0.009999963454902172
angle,1780512822715287467,-2.0299999713897705,0,0.00999998115003109
angle,1780512822725287692,-2.0299999713897705,0,0.009999948553740978
angle,1780512822735287730,-2.0299999713897705,0,0.010000002570450306
angle,1780512822745288058,-2.0299999713897705,0,0.009999970905482769
angle,1780512822755288636,-2.0299999713897705,0,0.009999972768127918
angle,1780512822765288946,-2.0299999713897705,0,0.009999946691095829
angle,1780512822775289419,-2.0299999713897705,0,0.010000004433095455
angle,1780512822785289875,-2.0299999713897705,0,0.00999998115003109
angle,1780512822795289898,-2.0299999713897705,0,0.00999998115003109
angle,1780512822805290566,-2.0299999713897705,0,0.00999994296580553
angle,1780512822815290319,-2.0299999713897705,0,0.009999937377870083
angle,1780512822825290565,-2.0299999713897705,0,0.009999953210353851
angle,1780512822835290879,-2.0299999713897705,0,0.009999953210353851
angle,1780512822845291191,-2.0299999713897705,0,0.009999978356063366
angle,1780512822855291211,-2.0299999713897705,0,0.009999954141676426
angle,1780512822865292458,-2.0299999713897705,0,0.010000040754675865
angle,1780512822875291887,-2.0299999713897705,0,0.009999843314290047
angle,1780512822885292550,-2.0299999713897705,0,0.009999937377870083
angle,1780512822895292697,-2.0299999713897705,0,0.010000001639127731
angle,1780512822905293131,-2.0299999713897705,0,0.009999985806643963
angle,1780512822915293268,-2.0299999713897705,0,0.00999994296580553
angle,1780512822925293613,-2.0299999713897705,0,0.009999984875321388
angle,1780512822935294093,-2.0299999713897705,0,0.009999943897128105
angle,1780512822945293914,-2.0299999713897705,0,0.009999960660934448
angle,1780512822955294145,-2.0299999713897705,0,0.009999992325901985
angle,1780512822965294582,-2.0299999713897705,0,0.00999996718019247
angle,1780512822975295500,-2.0299999713897705,0,0.009999956004321575
angle,1780512822985294852,-2.0299999713897705,0,0.009999972768127918
angle,1780512822995295269,-2.0299999713897705,0,0.009999980218708515
angle,1780512823005296048,-2.0299999713897705,0,0.009999941103160381
angle,1780512823015295741,-2.0299999713897705,0,0.009999928064644337
angle,1780512823025296649,-2.0299999713897705,0,0.009999995119869709
angle,1780512823035296291,-2.0299999713897705,0,0.009999959729611874
angle,1780512823045296781,-2.0299999713897705,0,0.010000002570450306
angle,1780512823055297233,-2.0299999713897705,0,0.009999994188547134
angle,1780512823065297152,-2.0299999713897705,0,0.00999988429248333
angle,1780512823075297497,-2.0299999713897705,0,0.009999996982514858
angle,1780512823085297655,-2.0299999713897705,0,0.010000000707805157
angle,1780512823095298107,-2.0299999713897705,0,0.009999973699450493
angle,1780512823105298216,-2.0299999713897705,0,0.009999942034482956
angle,1780512823115298624,-2.0299999713897705,0,0.009999965317547321
angle,1780512823125298830,-2.0299999713897705,0,0.009999972768127918
angle,1780512823135298919,-2.0299999713897705,0,0.009999929927289486
angle,1780512823145299191,-2.0299999713897705,0,0.009999994188547134
angle,1780512823155299669,-2.0299999713897705,0,0.009999934583902359
angle,1780512823165299779,-2.0299999713897705,0,0.010000001639127731
angle,1780512823175300112,-2.0299999713897705,0,0.009999986737966537
angle,1780512823185300372,-2.0299999713897705,0,0.009999937377870083
angle,1780512823195300450,-2.0299999713897705,0,0.009999936446547508
angle,1780512823205301131,-2.0299999713897705,0,0.010000007227063179
angle,1780512823215301003,-2.0299999713897705,0,0.009999960660934448
angle,1780512823225301338,-2.0299999713897705,0,0.009999952279031277
angle,1780512823235301547,-2.0299999713897705,0,0.00999995693564415
angle,1780512823245301751,-2.0299999713897705,0,0.009999936446547508
angle,1780512823255302164,-2.0299999713897705,0,0.009999966248869896
angle,1780512823265302459,-2.0299999713897705,0,0.009999937377870083
angle,1780512823275303360,-2.0299999713897705,0,0.009999999776482582
angle,1780512823285303219,-2.0299999713897705,0,0.009999899193644524
angle,1780512823295303316,-2.0299999713897705,0,0.010000002570450306
angle,1780512823305303543,-2.0299999713897705,0,0.009999972768127918
angle,1780512823315303882,-2.0299999713897705,0,0.009999947622418404
angle,1780512823325304344,-2.0299999713897705,0,0.009999963454902172
angle,1780512823335304284,-2.0299999713897705,0,0.009999959729611874
angle,1780512823345304827,-2.0299999713897705,0,0.009999995119869709
angle,1780512823355304811,-2.0299999713897705,0,0.009999988600611687
angle,1780512823365305038,-2.0299999713897705,0,0.009999947622418404
angle,1780512823375305264,-2.0299999713897705,0,0.009999954141676426
angle,1780512823385305602,-2.0299999713897705,0,0.009999952279031277
angle,1780512823395305880,-2.0299999713897705,0,0.009999985806643963
angle,1780512823405306030,-2.0299999713897705,0,0.009999966248869896
angle,1780512823415306786,-2.0299999713897705,0,0.009999974630773067
angle,1780512823425306761,-2.0299999713897705,0,0.00999994296580553
angle,1780512823435307514,-2.0299999713897705,0,0.009999958798289299
angle,1780512823445308911,-2.0299999713897705,0,0.009999974630773067
angle,1780512823455309292,-2.0299999713897705,0,0.00999989453703165
angle,1780512823465309401,-2.0299999713897705,0,0.009999921545386314
angle,1780512823475309727,-2.0299999713897705,0,0.009999547153711319
