name,time,value,timeout,delta_time
angle,1780570100018063662,-0.000630038208328187,0,0.009999874047935009
angle,1780570100051536413,-0.000633115007076412,0,0.009999936446547508
angle,1780570100087475998,-0.000636183831375092,0,0.009999865666031837
angle,1780570100120872007,-0.000639244564808905,0,0.009999815374612808
angle,1780570100151137391,-0.000642297265585512,0,0.009999819099903107
angle,1780570100183834275,-0.000645341933704913,0,0.009999717585742474
angle,1780570100213508557,-0.000648378569167107,0,0.009999911300837994
angle,1780570100241758059,-0.000651407171972096,0,0.009999853558838367
angle,1780570100267783538,-0.000654427683912218,0,0.009999946691095829
angle,1780570100301840680,-0.000657440221402794,0,0.00999990664422512
angle,1780570100329362444,-0.000660444726236165,0,0.009999926201999187
angle,1780570100359522019,-0.000663441140204668,0,0.009999938309192657
angle,1780570100389474323,-0.000666429579723626,0,0.009999928995966911
angle,1780570100421969699,-0.000669409986585379,0,0.009999952279031277
angle,1780570100450298809,-0.000672382360789925,0,0.009999877773225307
angle,1780570100481146051,-0.000675346702337265,0,0.009999880567193031
angle,1780570100507131435,-0.000678302953019738,0,0.009999888949096203
angle,1780570100541746296,-0.000681251229252666,0,0.009999921545386314
angle,1780570100571240564,-0.000684191414620727,0,0.009999851696193218
angle,1780570100601604843,-0.000687123567331582,0,0.009999862872064114
angle,1780570100629852220,-0.000690047687385231,0,0.009999843314290047
angle,1780570100657938929,-0.000692963716574013,0,0.009999874979257584
angle,1780570100690267172,-0.00069587177131325,0,0.009999856352806091
angle,1780570100715369825,-0.00069877173518762,0,0.009999943897128105
angle,1780570100753060237,-0.000701663666404784,0,0.009999970905482769
angle,1780570100780476575,-0.000704547564964741,0,0.009999836795032024
angle,1780570100809988117,-0.000707423430867493,0,0.009999946691095829
angle,1780570100838892284,-0.000710291205905378,0,0.009999720379710197
angle,1780570100864387758,-0.000713151006493717,0,0.009999818168580532
angle,1780570100897465801,-0.00071600271621719,0,0.00999988242983818
angle,1780570100936953243,-0.000718846451491117,0,0.009999874047935009
angle,1780570100968251838,-0.000721682095900178,0,0.009999901987612247
angle,1780570101003001130,-0.000724509707652032,0,0.009999806992709637
angle,1780570101050925137,-0.000727329286746681,0,0.009999841451644897
angle,1780570101080340478,-0.000730140833184123,0,0.009999842382967472
angle,1780570101104658454,-0.000732944288756698,0,0.009999839588999748
angle,1780570101140760063,-0.000735739769879729,0,0.009999850764870644
angle,1780570101176987845,-0.000738527160137892,0,0.009999806061387062
angle,1780570101216957566,-0.00074130657594651,0,0.00999984610825777
angle,1780570101243951253,-0.000744077900890261,0,0.00999979767948389
angle,1780570101272005419,-0.000746841193176806,0,0.009999818168580532
angle,1780570101303365346,-0.000749596511013806,0,0.009999889880418777
angle,1780570101343271634,-0.000752343737985939,0,0.009999844245612621
angle,1780570101368166860,-0.000755082932300866,0,0.009999850764870644
angle,1780570101401445409,-0.000757814093958586,0,0.009999901056289673
angle,1780570101431389196,-0.000760537281166762,0,0.009999843314290047
angle,1780570101475076112,-0.000763252377510071,0,0.0099998340010643
angle,1780570101509187054,-0.000765959499403834,0,0.009999734349548817
angle,1780570101536708503,-0.000768658530432731,0,0.009999876841902733
angle,1780570101574935015,-0.000771349587012082,0,0.00999988242983818
angle,1780570101607215048,-0.000774032552726567,0,0.009999863803386688
angle,1780570101640456882,-0.000776707543991506,0,0.009999904781579971
angle,1780570101674340260,-0.000779374444391578,0,0.00999969057738781
angle,1780570101700610641,-0.000782033370342106,0,0.009999913163483143
angle,1780570101735646373,-0.000784684263635427,0,0.00999989453703165
angle,1780570101768334082,-0.000787327182479203,0,0.009999951347708702
angle,1780570101799610287,-0.000789962010458112,0,0.009999950416386127
angle,1780570101827468049,-0.000792588863987476,0,0.009999829344451427
angle,1780570101853684722,-0.000795207684859633,0,0.009999875910580158
angle,1780570101882014114,-0.000797818473074585,0,0.00999995693564415
angle,1780570101917775811,-0.000800421286839992,0,0.009999901056289673
angle,1780570101943060387,-0.000803016067948192,0,0.00999993085861206
angle,1780570101971429550,-0.000805602874606848,0,0.009999892674386501
angle,1780570102003228831,-0.000808181590400636,0,0.00999982375651598
angle,1780570102031041464,-0.000810752331744879,0,0.009999898262321949
angle,1780570102066580388,-0.000813315098639578,0,0.009999883361160755
angle,1780570102094686297,-0.00081586983287707,0,0.00999981164932251
angle,1780570102130362165,-0.000818416476249695,0,0.009999905712902546
angle,1780570102159463131,-0.000820955203380436,0,0.009999824687838554
angle,1780570102190224157,-0.000823485897853971,0,0.009999946691095829
angle,1780570102228347447,-0.000826008559670299,0,0.009999928064644337
angle,1780570102260593462,-0.000828523247037083,0,0.009999767877161503
angle,1780570102292170020,-0.00083102990174666,0,0.009999746456742287
angle,1780570102328322158,-0.000833528582006693,0,0.009999934583902359
angle,1780570102365760492,-0.00083601928781718,0,0.009999912232160568
angle,1780570102398979968,-0.000838501960970461,0,0.009999853558838367
angle,1780570102427902532,-0.000840976659674197,0,0.009999768808484077
angle,1780570102456899329,-0.000843443325720727,0,0.009999756701290607
angle,1780570102485803647,-0.000845902075525373,0,0.009999859146773815
angle,1780570102514528584,-0.000848352792672813,0,0.009999830275774002
angle,1780570102541847101,-0.000850795535370708,0,0.009999900124967098
angle,1780570102575847225,-0.000853230361826718,0,0.009999937377870083
angle,1780570102603666769,-0.000855657097417861,0,0.009999822825193405
angle,1780570102632959852,-0.00085807591676712,0,0.009999875910580158
angle,1780570102661545224,-0.000860486761666834,0,0.009999873116612434
angle,1780570102694562531,-0.000862889632117003,0,0.010000018402934074
angle,1780570102719880805,-0.000865284528117627,0,0.00999992061406374
angle,1780570102755603752,-0.000867671449668705,0,0.009999842382967472
angle,1780570102784023415,-0.000870050396770239,0,0.009999883361160755
angle,1780570102812827645,-0.000872421369422227,0,0.009999899193644524
angle,1780570102843914317,-0.000874784425832331,0,0.00999997928738594
angle,1780570102880829228,-0.00087713950779289,0,0.009999934583902359
angle,1780570102915125414,-0.000879486615303904,0,0.009999760426580906
angle,1780570102949182775,-0.000881825748365372,0,0.009999915957450867
angle,1780570102984983142,-0.000884156965184957,0,0.00999994296580553
angle,1780570103011741347,-0.000886480207554996,0,0.009999836795032024
angle,1780570103057236086,-0.00088942825095728,0,0.012736532837152481
angle,1780570103095884673,-0.000891735486220568,0,0.009999838657677174
angle,1780570103130459984,-0.000894034514203668,0,0.009999878704547882
angle,1780570103167470022,-0.000896325160283595,0,0.009999839588999748
angle,1780570103215268026,-0.000898607249837369,0,0.009999879635870457
angle,1780570103265875504,-0.000900880782864988,0,0.009999917820096016
angle,1780570103307321865,-0.000903145817574114,0,0.009999864734709263
angle,1780570103343567676,-0.000905402470380068,0,0.009999842382967472
angle,1780570103371121666,-0.000907650915905833,0,0.009999824687838554
angle,1780570103397012230,-0.000909891386982054,0,0.00999990664422512
angle,1780570103428477088,-0.000912124058231711,0,0.009999865666031837
angle,1780570103459370966,-0.000914349046070129,0,0.009999876841902733
angle,1780570103490559394,-0.000916566408704966,0,0.009999779053032398
angle,1780570103527484799,-0.000918776262551546,0,0.009999866597354412
angle,1780570103560443773,-0.000920978491194546,0,0.009999874979257584
angle,1780570103585960961,-0.000923173094633967,0,0.009999856352806091
angle,1780570103621297817,-0.000925359956454486,0,0.009999996982514858
angle,1780570103656136361,-0.000927538960240781,0,0.009999861940741539
angle,1780570103682895738,-0.000929710047785193,0,0.009999875910580158
angle,1780570103716445378,-0.000931873044464737,0,0.009999746456742287
angle,1780570103753969016,-0.000934028066694736,0,0.009999941103160381
angle,1780570103788446127,-0.000936174939852208,0,0.009999861940741539
angle,1780570103825569076,-0.000938313722144812,0,0.009999948553740978
angle,1780570103859004768,-0.000940444471780211,0,0.009999936446547508
angle,1780570103885442364,-0.000942567305173725,0,0.009999970905482769
angle,1780570103919513222,-0.000944682164117694,0,0.009999940171837807
angle,1780570103949732770,-0.00094678916502744,0,0.009999779984354973
angle,1780570103975437575,-0.000948888366110623,0,0.009999926201999187
angle,1780570104004655192,-0.000950979825574905,0,0.009999865666031837
angle,1780570104038891969,-0.000953063485212624,0,0.009999947622418404
angle,1780570104068262136,-0.000955139403231442,0,0.009999983943998814
angle,1780570104097754642,-0.000957207579631358,0,0.009999853558838367
angle,1780570104126312655,-0.000959267897997051,0,0.009999886155128479
angle,1780570104156582281,-0.000961320416536182,0,0.009999746456742287
angle,1780570104190681700,-0.00096336507704109,0,0.00999985821545124
angle,1780570104216585234,-0.000965401879511774,0,0.009999855421483517
angle,1780570104246856641,-0.000967430765740573,0,0.009999837726354599
angle,1780570104279312806,-0.000969451735727489,0,0.00999987032264471
angle,1780570104308834425,-0.00097146478947252,0,0.009999838657677174
angle,1780570104332722044,-0.000973469985183328,0,0.00999987032264471
angle,1780570104365750621,-0.000975467322859913,0,0.009999869391322136
angle,1780570104401027195,-0.000977456802502275,0,0.009999907575547695
angle,1780570104430798239,-0.000979438540525734,0,0.009999847039580345
angle,1780570104456891367,-0.00098141236230731,0,0.009999926201999187
angle,1780570104486717467,-0.000983378500677645,0,0.009999945759773254
angle,1780570104516057807,-0.000985336839221418,0,0.0099998340010643
angle,1780570104547517020,-0.000987287377938628,0,0.00999976322054863
angle,1780570104578018436,-0.000989230233244598,0,0.009999820031225681
angle,1780570104608251319,-0.000991165172308683,0,0.009999931789934635
angle,1780570104633405147,-0.000993092427961528,0,0.00999993085861206
angle,1780570104668497527,-0.000995011883787811,0,0.009999891743063927
angle,1780570104697949973,-0.000996923539787531,0,0.009999851696193218
angle,1780570104724444007,-0.000998827279545367,0,0.009999916888773441
angle,1780570104756522430,-0.001000723335891962,0,0.009999936446547508
angle,1780570104786242477,-0.001002611592411995,0,0.009999916888773441
angle,1780570104819708363,-0.001004492049105465,0,0.009999861940741539
angle,1780570104848123075,-0.001006364822387695,0,0.009999910369515419
angle,1780570104884915361,-0.001008229679428041,0,0.0099998340010643
angle,1780570104919649233,-0.001010086853057146,0,0.009999845176935196
angle,1780570104944596920,-0.001011936226859689,0,0.009999853558838367
angle,1780570104983780082,-0.001013777917250991,0,0.00999984797090292
angle,1780570105027101149,-0.001015611807815731,0,0.009999878704547882
angle,1780570105074180204,-0.00101743801496923,0,0.0099998340010643
angle,1780570105113182412,-0.001019256538711488,0,0.00999984797090292
angle,1780570105151726533,-0.001021067262627184,0,0.009999933652579784
angle,1780570105185017819,-0.00102287030313164,0,0.009999771602451801
angle,1780570105217697577,-0.001024665543809533,0,0.009999907575547695
angle,1780570105252858920,-0.001026453101076186,0,0.00999986007809639
angle,1780570105287849757,-0.001028232974931598,0,0.00999987218528986
angle,1780570105321891729,-0.001030005048960447,0,0.009999907575547695
angle,1780570105349399288,-0.001031769555993378,0,0.009999859146773815
angle,1780570105388582928,-0.001033526263199747,0,0.009999919682741165
angle,1780570105424801054,-0.001035275286994874,0,0.009999865666031837
angle,1780570105460536830,-0.001037016627378762,0,0.009999806061387062
angle,1780570105503690746,-0.001038750284351408,0,0.009999879635870457
angle,1780570105542259870,-0.001040476257912815,0,0.00999988242983818
angle,1780570105576560161,-0.001042194431647658,0,0.009999844245612621
angle,1780570105613106937,-0.001043905154801905,0,0.00999996718019247
angle,1780570105648442208,-0.00104560807812959,0,0.009999927133321762
angle,1780570105685081612,-0.001047303318046033,0,0.009999915957450867
angle,1780570105712574955,-0.001048990990966558,0,0.009999919682741165
angle,1780570105752134516,-0.001050670864060521,0,0.009999931789934635
angle,1780570105781257561,-0.001052343170158565,0,0.009999912232160568
angle,1780570105816554524,-0.00105400790926069,0,0.009999836795032024
angle,1780570105850044874,-0.001055664848536253,0,0.009999843314290047
angle,1780570105883444290,-0.001057314337231219,0,0.009999806992709637
angle,1780570105915517444,-0.001058956026099622,0,0.009999841451644897
angle,1780570105952436404,-0.001060590147972107,0,0.009999934583902359
angle,1780570105979828734,-0.001062216702848673,0,0.009999851696193218
angle,1780570106009652180,-0.001063835574313998,0,0.009999910369515419
angle,1780570106037040001,-0.001065446878783405,0,0.009999770671129227
angle,1780570106076214694,-0.001067050499841571,0,0.009999805130064487
angle,1780570106101861726,-0.001068646553903818,0,0.009999912232160568
angle,1780570106129571623,-0.001070235040970147,0,0.009999696165323257
angle,1780570106160685634,-0.001071815844625235,0,0.009999915026128292
angle,1780570106187735184,-0.001073389197699726,0,0.009999861009418964
angle,1780570106221646138,-0.001074954867362976,0,0.009999788366258144
angle,1780570106248892584,-0.001076512970030308,0,0.009999936446547508
angle,1780570106283884768,-0.001078063505701721,0,0.00999990664422512
angle,1780570106312742056,-0.001079606474377215,0,0.009999779053032398
angle,1780570106342196013,-0.00108114187605679,0,0.009999874047935009
angle,1780570106376001017,-0.00108295981772244,0,0.011901933699846268
angle,1780570106409184583,-0.001084479503333569,0,0.009999857284128666
angle,1780570106435551189,-0.001085991621948779,0,0.009999861009418964
angle,1780570106463762143,-0.001087496057152748,0,0.009999798610806465
angle,1780570106513232837,-0.001088992576114833,0,0.009999866597354412
angle,1780570106549342569,-0.001090481295250356,0,0.010000004433095455
angle,1780570106580686631,-0.001091962330974638,0,0.00999998115003109
angle,1780570106611454236,-0.00109343568328768,0,0.009999857284128666
angle,1780570106641927286,-0.001094901352189481,0,0.009999810717999935
angle,1780570106670692011,-0.001096359570510685,0,0.00999985821545124
angle,1780570106702190560,-0.001097810338251293,0,0.00999987218528986
angle,1780570106732172091,-0.001099253655411303,0,0.009999921545386314
angle,1780570106761151993,-0.00110068975482136,0,0.009999655187129974
angle,1780570106785886194,-0.00110211840365082,0,0.00999988429248333
angle,1780570106816643159,-0.001103539718315005,0,0.009999901987612247
angle,1780570106851133438,-0.001104953698813915,0,0.009999820962548256
angle,1780570106886599910,-0.001106360228732228,0,0.009999952279031277
angle,1780570106920903761,-0.001107759424485266,0,0.009999885223805904
angle,1780570106948235292,-0.001109151053242385,0,0.009999768808484077
angle,1780570106984243232,-0.001110535231418908,0,0.009999394416809082
angle,1780570107015601680,-0.001111911842599511,0,0.009999829344451427
angle,1780570107045057144,-0.001113280886784196,0,0.00999982375651598
angle,1780570107082204857,-0.001114642480388284,0,0.00999990664422512
angle,1780570107113404589,-0.001115996506996453,0,0.009999902918934822
angle,1780570107149748631,-0.001117343083024025,0,0.009999815374612808
angle,1780570107181418764,-0.001118682324886322,0,0.009999768808484077
angle,1780570107219861874,-0.001120014116168022,0,0.009999856352806091
angle,1780570107251389586,-0.001121338573284447,0,0.0099998963996768
angle,1780570107281563295,-0.001122655696235597,0,0.00999977346509695
angle,1780570107308423184,-0.00112396536860615,0,0.009999665431678295
angle,1780570107342234163,-0.00112526782322675,0,0.00999990664422512
angle,1780570107374933596,-0.001126562827266753,0,0.00999984797090292
angle,1780570107403929221,-0.001127850613556802,0,0.009999913163483143
angle,1780570107438575431,-0.001129130949266255,0,0.009999880567193031
angle,1780570107473603094,-0.001130403950810432,0,0.009999735280871391
angle,1780570107507975284,-0.001131669501774013,0,0.009999832138419151
angle,1780570107544474403,-0.00113292783498764,0,0.00999982189387083
angle,1780570107593535556,-0.001134178717620671,0,0.009999972768127918
angle,1780570107630831313,-0.001135427504777908,0,0.010043076239526272
angle,1780570107663543043,-0.001136663719080389,0,0.009999947622418404
angle,1780570107692469522,-0.001137892482802272,0,0.009999885223805904
angle,1780570107732175266,-0.001139114028774202,0,0.009999638423323631
angle,1780570107761218512,-0.001140328124165535,0,0.00999987218528986
angle,1780570107788674999,-0.001141535001806915,0,0.009999798610806465
angle,1780570107826462080,-0.00114273454528302,0,0.009999820031225681
angle,1780570107862352910,-0.001143926871009171,0,0.009999838657677174
angle,1780570107897759840,-0.001145111862570047,0,0.009999730624258518
angle,1780570107928553998,-0.00114628963638097,0,0.009999888017773628
angle,1780570107956385316,-0.001147460076026618,0,0.009999621659517288
angle,1780570107988657116,-0.001148623297922313,0,0.009999656118452549
angle,1780570108017454215,-0.001149779302068055,0,0.009999602101743221
angle,1780570108049912270,-0.001150927972048521,0,0.009999900124967098
angle,1780570108082964671,-0.001152069424279034,0,0.009999455884099007
angle,1780570108125057477,-0.001153203542344272,0,0.009999326430261135
angle,1780570108158673950,-0.001154330559074879,0,0.009998942725360394
angle,1780570108202356591,-0.001155450125224888,0,0.009999679401516914
angle,1780570108241446821,-0.001156562590040267,0,0.00999943632632494
angle,1780570108282242336,-0.00115766772069037,0,0.009998825378715992
angle,1780570108323483960,-0.001158765633590519,0,0.009999529458582401
angle,1780570108364807618,-0.001159856328740716,0,0.009999223053455353
angle,1780570108404247806,-0.001160939922556281,0,0.009999516420066357
angle,1780570108434281301,-0.001162016298621893,0,0.009999332018196583
angle,1780570108471001878,-0.001163085573352873,0,0.009999558329582214
angle,1780570108499938646,-0.0011641476303339,0,0.009999646805226803
angle,1780570108532270224,-0.001165202585980296,0,0.009999455884099007
angle,1780570108571152250,-0.00116625044029206,0,0.00999961607158184
angle,1780570108612396954,-0.001167291076853871,0,0.009999440051615238
angle,1780570108650591527,-0.001168324612081051,0,0.00999972689896822
angle,1780570108681041407,-0.001169350929558277,0,0.009999621659517288
angle,1780570108712779033,-0.001170370262116194,0,0.009999753907322884
angle,1780570108739171071,-0.001171382376924157,0,0.009999356232583523
angle,1780570108780732642,-0.001172387390397489,0,0.00999979767948389
angle,1780570108821285271,-0.00117338530253619,0,0.00999964214861393
angle,1780570108865257803,-0.001174375996924937,0,0.009999280795454979
angle,1780570108902529184,-0.001175359706394374,0,0.00999944657087326
angle,1780570108927614840,-0.001176336198113859,0,0.00999961793422699
angle,1780570108960780509,-0.001177305704914033,0,0.009999852627515793
angle,1780570108990286256,-0.001178267993964255,0,0.009999817237257957
angle,1780570109024293738,-0.001179223298095167,0,0.00999984610825777
angle,1780570109061501620,-0.001180171500891447,0,0.009999573230743408
angle,1780570109111024108,-0.001181112718768418,0,0.009999644942581654
angle,1780570109145257858,-0.001182046951726079,0,0.009999008849263191
angle,1780570109185588104,-0.001182974083349109,0,0.00999942421913147
angle,1780570109215841006,-0.001183894113637507,0,0.009999568574130535
angle,1780570109255861458,-0.001184807275421917,0,0.009999456815421581
angle,1780570109286764072,-0.001185713219456375,0,0.009999644942581654
angle,1780570109312475569,-0.001186612178571522,0,0.009999791160225868
angle,1780570109346266649,-0.00118750415276736,0,0.009999620728194714
angle,1780570109380458456,-0.001188389142043889,0,0.009999724105000496
angle,1780570109421386106,-0.001189267146401107,0,0.00999931525439024
angle,1780570109454359606,-0.001190138165839016,0,0.009998898953199387
angle,1780570109489313300,-0.001191002200357616,0,0.009999683126807213
angle,1780570109524775390,-0.001191859249956906,0,0.009999414905905724
angle,1780570109562521189,-0.001192709314636886,0,0.009999517351388931
angle,1780570109599146955,-0.001193552510812879,0,0.009999437257647514
angle,1780570109635327204,-0.00119438860565424,0,0.009999223053455353
angle,1780570109669356872,-0.001195217831991613,0,0.009999626316130161
angle,1780570109710250405,-0.001196040073409677,0,0.009999365545809269
angle,1780570109757460873,-0.001196855446323752,0,0.009999671950936317
angle,1780570109793888387,-0.00119766395073384,0,0.009999115951359272
angle,1780570109840596219,-0.001198465470224619,0,0.009999529458582401
angle,1780570109872880503,-0.00119926012121141,0,0.009983719326555729
angle,1780570109907624539,-0.001200047670863569,0,0.009999253787100315
angle,1780570109949483668,-0.001200828002765775,0,0.009999144822359085
angle,1780570109986859585,-0.001201601233333349,0,0.009999380446970463
angle,1780570110026446604,-0.001202367595396936,0,0.0099997753277421
angle,1780570110069319880,-0.001203127088956535,0,0.009999498724937439
angle,1780570110102902550,-0.00120387994684279,0,0.009999403730034828
angle,1780570110140915198,-0.001204626285471022,0,0.009999146685004234
angle,1780570110170947861,-0.00120536598842591,0,0.009999794885516167
angle,1780570110205733046,-0.001206099172122777,0,0.00999946054071188
angle,1780570110234069050,-0.001206825603730977,0,0.00999890360981226
angle,1780570110274605588,-0.001207545283250511,0,0.009999426081776619
angle,1780570110314774772,-0.001208259374834597,0,0.010015550069510937
angle,1780570110354148204,-0.001208965317346156,0,0.009999305941164494
angle,1780570110400597507,-0.001209664507769048,0,0.009999213740229607
angle,1780570110435621394,-0.001210356596857309,0,0.009999092668294907
angle,1780570110475849962,-0.001211041817441583,0,0.009998765774071217
angle,1780570110506363130,-0.001211720169521868,0,0.009999782778322697
angle,1780570110536524017,-0.001212391536682844,0,0.009999793954193592
angle,1780570110577613589,-0.001213056151755154,0,0.00999984797090292
angle,1780570110606234023,-0.001213714014738798,0,0.009999868459999561
angle,1780570110646945186,-0.001214365242049098,0,0.009999704547226429
angle,1780570110682917381,-0.001215009833686054,0,0.009998785331845284
angle,1780570110712706435,-0.001215647673234344,0,0.009999435395002365
angle,1780570110740648109,-0.001216278993524611,0,0.009999382309615612
angle,1780570110769804830,-0.001216903561726213,0,0.009999572299420834
angle,1780570110801502490,-0.00121752149425447,0,0.009999412111938
angle,1780570110830450070,-0.001218132791109383,0,0.00999945867806673
angle,1780570110860246807,-0.001218737452290952,0,0.009999079629778862
angle,1780570110897082554,-0.001219335244968534,0,0.009999276138842106
angle,1780570110945974146,-0.001219926401972771,0,0.009999018162488937
angle,1780570110992916562,-0.001220510806888342,0,0.009999437257647514
angle,1780570111025936564,-0.001221088459715247,0,0.00999897625297308
angle,1780570111062329470,-0.001221659476868808,0,0.009999465197324753
angle,1780570111109059131,-0.001222223858349025,0,0.009999550879001617
angle,1780570111150588023,-0.001222781604155898,0,0.009999279864132404
angle,1780570111192479033,-0.001223332714289427,0,0.00999903492629528
angle,1780570111241518954,-0.001223877188749611,0,0.009999276138842106
angle,1780570111281967867,-0.001224415143951774,0,0.009999493137001991
angle,1780570111325181344,-0.001224946579895914,0,0.009999326430261135
angle,1780570111373079394,-0.001225471380166709,0,0.009999345988035202
angle,1780570111425825236,-0.001225989661179483,0,0.009999265894293785
angle,1780570111462382218,-0.001226501306518912,0,0.009999618865549564
angle,1780570111505255097,-0.001227006549015641,0,0.009999084286391735
angle,1780570111546144457,-0.001227505039423704,0,0.009998836554586887
angle,1780570111580094065,-0.001227997126989067,0,0.009999331086874008
angle,1780570111617473649,-0.001228482578881085,0,0.00999942235648632
angle,1780570111663343336,-0.001228961395099759,0,0.009999115020036697
angle,1780570111712973083,-0.001229433692060411,0,0.009999367408454418
angle,1780570111759148619,-0.001229899586178362,0,0.009999861940741539
angle,1780570111797209389,-0.00123035884462297,0,0.009999074041843414
angle,1780570111832747708,-0.001230811700224876,0,0.009999463334679604
angle,1780570111867147471,-0.001231257920153439,0,0.00999938789755106
angle,1780570111906270686,-0.001231697853654623,0,0.009999508038163185
angle,1780570111933019569,-0.001232131267897785,0,0.009999743662774563
angle,1780570111965273380,-0.001232558162882924,0,0.009999632835388184
angle,1780570111998858856,-0.001232978655025363,0,0.009999320842325687
angle,1780570112031273970,-0.001233392744325101,0,0.009999280795454979
angle,1780570112068445033,-0.001233800430782139,0,0.009999429807066917
angle,1780570112103259660,-0.001234201597981155,0,0.00999940000474453
angle,1780570112138921796,-0.00123459636233747,0,0.009999440051615238
angle,1780570112178207419,-0.001234984723851085,0,0.009999215602874756
angle,1780570112209697902,-0.001235366566106677,0,0.009999492205679417
angle,1780570112240325509,-0.001235742121934891,0,0.009999506175518036
angle,1780570112269482021,-0.001236111158505082,0,0.009998954832553864
angle,1780570112308927358,-0.001236473908647895,0,0.009999264031648636
angle,1780570112350754129,-0.001236830255948007,0,0.009998832829296589
angle,1780570112391508113,-0.001237180200405419,0,0.009999365545809269
angle,1780570112434112589,-0.00123752374202013,0,0.00999884307384491
angle,1780570112478788694,-0.001237860997207463,0,0.009999592788517475
angle,1780570112531679117,-0.001238191965967417,0,0.0099997129291296
angle,1780570112569964324,-0.00123851653188467,0,0.009999667294323444
angle,1780570112614338147,-0.001238834811374545,0,0.009999427944421768
angle,1780570112655645060,-0.001239146804437041,0,0.009999441914260387
angle,1780570112686748146,-0.001239452511072159,0,0.009999427944421768
angle,1780570112718003573,-0.00123975204769522,0,0.009999638423323631
angle,1780570112748082493,-0.00124004518147558,0,0.009999453090131283
angle,1780570112789225697,-0.001240332145243883,0,0.009999525733292103
angle,1780570112827378060,-0.001240612706169486,0,0.009999450296163559
angle,1780570112873767399,-0.001240887097083032,0,0.009999340400099754
angle,1780570112913127824,-0.0012411552015692,0,0.009999394416809082
angle,1780570112949872409,-0.001241416903212667,0,0.009999307803809643
angle,1780570112998096211,-0.001241672551259398,0,0.009999451227486134
angle,1780570113045809489,-0.00124192179646343,0,0.009999518282711506
angle,1780570113094571232,-0.001242164871655405,0,0.009999336674809456
angle,1780570113129861963,-0.001242401776835322,0,0.009999625384807587
angle,1780570113171131588,-0.001242632512003183,0,0.009999166242778301
angle,1780570113211537585,-0.001242856960743666,0,0.009999391622841358
angle,1780570113261397820,-0.001243075705133379,0,0.01001367811113596
angle,1780570113295259916,-0.001243287813849747,0,0.009999261237680912
angle,1780570113333399579,-0.001243493868969381,0,0.00999915786087513
angle,1780570113377148261,-0.001243693637661636,0,0.009999588131904602
angle,1780570113414179451,-0.001243887352757156,0,0.009999564848840237
angle,1780570113453959083,-0.001244074897840619,0,0.009998842142522335
angle,1780570113498794446,-0.001244256389327347,0,0.009999171830713749
angle,1780570113550546120,-0.001244431710802019,0,0.00999961793422699
angle,1780570113597869034,-0.001244600862264633,0,0.009999229572713375
angle,1780570113642053476,-0.001244764076545835,0,0.009999401867389679
angle,1780570113675466615,-0.001244921120814979,0,0.009999626316130161
angle,1780570113713299628,-0.001245071995072067,0,0.009999274276196957
angle,1780570113753386038,-0.001245216932147741,0,0.009999042376875877
angle,1780570113793528659,-0.001245355699211359,0,0.009999463334679604
angle,1780570113836663361,-0.001245488529093564,0,0.009998833760619164
angle,1780570113874297937,-0.001245615188963711,0,0.009999612346291542
angle,1780570113910227098,-0.001245735911652446,0,0.009999141097068787
angle,1780570113943329941,-0.001245850464329123,0,0.009999514557421207
angle,1780570113975509833,-0.001245959079824388,0,0.009999686852097511
angle,1780570114014771404,-0.001246061641722918,0,0.009999630972743034
angle,1780570114053919140,-0.001246158266440034,0,0.009999509900808334
angle,1780570114092643957,-0.001246248953975737,0,0.00999885331839323
angle,1780570114133470026,-0.001246333587914705,0,0.009999355301260948
angle,1780570114174607974,-0.00124641228467226,0,0.009999193251132965
angle,1780570114212672691,-0.00124648492783308,0,0.009999442845582962
angle,1780570114240652396,-0.001246551750227809,0,0.009998954832553864
angle,1780570114270755778,-0.001246612519025803,0,0.009999344125390053
angle,1780570114301450006,-0.001246667350642383,0,0.009999334812164307
angle,1780570114333882638,-0.00124671624507755,0,0.00996148120611906
angle,1780570114363486940,-0.001246758969500661,0,0.009999323636293411
angle,1780570114394521113,-0.001246795174665749,0,0.009999001398682594
angle,1780570114422671762,-0.00124682520981878,0,0.009999388828873634
angle,1780570114452040106,-0.00124684942420572,0,0.009999233298003674
angle,1780570114483104389,-0.001246867934241891,0,0.009999546222388744
angle,1780570114511392268,-0.001246880972757936,0,0.009999415837228298
angle,1780570114542083890,-0.001246888539753854,0,0.00999946054071188
angle,1780570114569448956,-0.001246890751644969,0,0.009999399073421955
angle,1780570114602679525,-0.001246887375600636,0,0.00999972689896822
angle,1780570114633890098,-0.001246878411620855,0,0.009999523870646954
angle,1780570114663534422,-0.001246863743290305,0,0.009999418631196022
angle,1780570114695459934,-0.001246843137778342,0,0.009999455884099007
angle,1780570114733056038,-0.001246816595084965,0,0.009999309666454792
angle,1780570114770841239,-0.001246783998794854,0,0.009999320842325687
angle,1780570114803018005,-0.001246745348908007,0,0.009999239817261696
angle,1780570114843771961,-0.001246700645424426,0,0.009999056346714497
angle,1780570114880258992,-0.001246650004759431,0,0.009999092668294907
angle,1780570114930922448,-0.001246593426913023,0,0.009998808614909649
angle,1780570114976701011,-0.001246531028300524,0,0.009999452158808708
angle,1780570115022874924,-0.001246462808921933,0,0.00999926496297121
angle,1780570115070384192,-0.001246389001607895,0,0.009999449364840984
angle,1780570115118351775,-0.001246309606358409,0,0.009998791851103306
angle,1780570115167055988,-0.001246224623173475,0,0.009999534115195274
angle,1780570115217228001,-0.001246134168468416,0,0.009999329224228859
angle,1780570115254113139,-0.001246038125827909,0,0.009999466128647327
angle,1780570115292734756,-0.001245936378836632,0,0.009999418631196022
angle,1780570115333343368,-0.001245829160325229,0,0.009999540634453297
angle,1780570115367735961,-0.001245716237463057,0,0.009999213740229607
angle,1780570115397090047,-0.001245597610250115,0,0.009999336674809456
angle,1780570115431255311,-0.001245473162271082,0,0.009999715723097324
angle,1780570115476979527,-0.001245343126356602,0,0.009999354369938374
angle,1780570115508007487,-0.001245207386091352,0,0.009999629110097885
angle,1780570115540579799,-0.001245065941475332,0,0.009999703615903854
angle,1780570115575843227,-0.001244918792508543,0,0.009999915957450867
angle,1780570115613657366,-0.001244766055606306,0,0.00999982189387083
angle,1780570115646197368,-0.001244607730768621,0,0.009999836795032024
angle,1780570115685133292,-0.001244443817995489,0,0.009999779053032398
angle,1780570115721521162,-0.00124427443370223,0,0.009999234229326248
angle,1780570115768954321,-0.001244099461473525,0,0.009999355301260948
angle,1780570115815405267,-0.001243919017724693,0,0.010001339949667454
angle,1780570115857717422,-0.001243733102455735,0,0.009999126195907593
angle,1780570115885823988,-0.00124354159925133,0,0.009999246336519718
angle,1780570115917695891,-0.001243344624526799,0,0.009999385103583336
angle,1780570115945787365,-0.00124314206186682,0,0.009999317117035389
angle,1780570115977504956,-0.001242934027686715,0,0.009999426081776619
angle,1780570116006219997,-0.001242720405571163,0,0.009999754838645458
angle,1780570116034777555,-0.001242501428350806,0,0.009999631904065609
angle,1780570116067786469,-0.001242276863195002,0,0.009999588131904602
angle,1780570116098152628,-0.001242046942934394,0,0.009999293833971024
angle,1780570116129744625,-0.001241811434738338,0,0.009999360889196396
angle,1780570116159899254,-0.001241570571437478,0,0.009999578818678856
angle,1780570116188671674,-0.001241324236616492,0,0.009999686852097511
angle,1780570116227559554,-0.001241072546690702,0,0.009999492205679417
angle,1780570116266692964,-0.001240815385244787,0,0.00999964214861393
angle,1780570116321605946,-0.001240552868694067,0,0.00999939814209938
angle,1780570116367828298,-0.001240284880623221,0,0.009998622350394726
angle,1780570116399887067,-0.001240011653862894,0,0.009999659843742847
angle,1780570116451172371,-0.00123973295558244,0,0.009999389760196209
angle,1780570116487034725,-0.001239448902197182,0,0.009999345988035202
angle,1780570116528603327,-0.001239159377291799,0,0.009999611414968967
angle,1780570116567890084,-0.001238864613696933,0,0.009999779053032398
angle,1780570116608262176,-0.001238564611412585,0,0.009999391622841358
angle,1780570116640271895,-0.001238259137608111,0,0.009998911991715431
angle,1780570116678148462,-0.001237948425114155,0,0.009999355301260948
angle,1780570116710477395,-0.001237632357515395,0,0.009999384172260761
angle,1780570116745363379,-0.001237311051227152,0,0.00999893993139267
angle,1780570116781229665,-0.001236984389834106,0,0.009999368339776993
angle,1780570116831742782,-0.001236269599758089,0,0.021308736875653267
angle,1780570116872389066,-0.001235923962667584,0,0.009999573230743408
angle,1780570116909096862,-0.001235572854056954,0,0.00999924074858427
angle,1780570116957779411,-0.00123521639034152,0,0.009998875670135021
angle,1780570116993852488,-0.001234855270013213,0,0.009999371133744717
angle,1780570117035769181,-0.001234489609487355,0,0.009999256581068039
angle,1780570117062591204,-0.001234119525179267,0,0.009999154135584831
angle,1780570117102360386,-0.001233745133504272,0,0.009999538771808147
angle,1780570117147669119,-0.001233366318047047,0,0.009999511763453484
angle,1780570117178957982,-0.001232982729561627,0,0.00999938789755106
angle,1780570117220545782,-0.001232594368048012,0,0.009999432601034641
angle,1780570117267362484,-0.001232200767844915,0,0.009999343194067478
angle,1780570117314811777,-0.001231801928952336,0,0.009999223984777927
angle,1780570117351302187,-0.00123139750212431,0,0.009999525733292103
angle,1780570117376158602,-0.001230987487360835,0,0.009999052621424198
angle,1780570117413163289,-0.001230571884661913,0,0.009999345988035202
angle,1780570117463334671,-0.001230150810442865,0,0.009999411180615425
angle,1780570117505357383,-0.001229724381119013,0,0.009998231194913387
angle,1780570117541164298,-0.001229292596690357,0,0.00999918021261692
angle,1780570117581857856,-0.00122885568998754,0,0.009999776259064674
angle,1780570117632253128,-0.001228413893841207,0,0.00999932736158371
angle,1780570117673567477,-0.001227967208251357,0,0.009999287314713001
angle,1780570117708167161,-0.00122751563321799,0,0.009999127127230167
angle,1780570117746304575,-0.001227059401571751,0,0.009998341090977192
angle,1780570117782799412,-0.001226598396897316,0,0.009999431669712067
angle,1780570117817264611,-0.001226132502779365,0,0.009999248199164867
angle,1780570117853557035,-0.001225661719217896,0,0.009999309666454792
angle,1780570117892167583,-0.00122518592979759,0,0.00999926682561636
angle,1780570117931564441,-0.001224705134518445,0,0.00999903492629528
angle,1780570117973027153,-0.001224219333380461,0,0.00999941024929285
angle,1780570118005441149,-0.001223728409968317,0,0.009998971596360207
angle,1780570118032247661,-0.001223232364282012,0,0.009999369271099567
angle,1780570118068574548,-0.001222731196321547,0,0.009999224916100502
angle,1780570118101924502,-0.001222225022502244,0,0.009999413043260574
angle,1780570118141247470,-0.001221713842824101,0,0.009999445639550686
angle,1780570118183316084,-0.001221197773702443,0,0.009999504312872887
angle,1780570118214357700,-0.001220676815137267,0,0.009999396279454231
angle,1780570118247842857,-0.001220150967128575,0,0.009999498724937439
angle,1780570118278873284,-0.001219620346091688,0,0.009999609552323818
angle,1780570118303297501,-0.001219084952026606,0,0.009999877773225307
angle,1780570118336341061,-0.001218544668518007,0,0.009999781847000122
angle,1780570118368550224,-0.001217999728396535,0,0.009999720379710197
angle,1780570118396997520,-0.001217449083924294,0,0.010011921636760235
angle,1780570118431244188,-0.00121689448133111,0,0.00999973900616169
angle,1780570118463173134,-0.00121633498929441,0,0.009999757632613182
angle,1780570118501800512,-0.001215770724229515,0,0.009999445639550686
angle,1780570118543369266,-0.001215201453305781,0,0.009999331086874008
angle,1780570118580396685,-0.001214627525769174,0,0.009999527595937252
angle,1780570118609605051,-0.001214048592373729,0,0.009999403730034828
angle,1780570118641111548,-0.00121346500236541,0,0.009999416768550873
angle,1780570118668108809,-0.001212876522913575,0,0.009999606758356094
angle,1780570118698856389,-0.001212283386848867,0,0.00999950896948576
angle,1780570118729977208,-0.001211685477755964,0,0.009999500587582588
angle,1780570118762389234,-0.001211082795634866,0,0.009999565780162811
angle,1780570118792288502,-0.001210475573316216,0,0.009999236091971397
angle,1780570118832378164,-0.00120986346155405,0,0.009999132715165615
angle,1780570118871479929,-0.001209246809594333,0,0.00999966636300087
angle,1780570118912312570,-0.001208625384606421,0,0.009999324567615986
angle,1780570118957763230,-0.001207999419420958,0,0.009999437257647514
angle,1780570118993981327,-0.001207368681207299,0,0.00999948475509882
angle,1780570119029690802,-0.001206733286380768,0,0.009999320842325687
angle,1780570119066926856,-0.001206093351356685,0,0.009999281726777554
angle,1780570119103171148,-0.001205448643304408,0,0.009999468922615051
angle,1780570119140180748,-0.001204799278639257,0,0.009999017231166363
angle,1780570119181838788,-0.001204145373776555,0,0.009999572299420834
angle,1780570119222711174,-0.00120348681230098,0,0.0099995331838727
angle,1780570119260900814,-0.001202823594212532,0,0.009999733418226242
angle,1780570119296478023,-0.001202155835926533,0,0.009999401867389679
angle,1780570119344864171,-0.001201483537442982,0,0.009999457746744156
angle,1780570119392111201,-0.001200806582346559,0,0.009999401867389679
angle,1780570119425496412,-0.001200125087052584,0,0.009999209083616734
angle,1780570119467247205,-0.001199439167976379,0,0.00999938603490591
angle,1780570119511966534,-0.001198748592287302,0,0.009999006055295467
angle,1780570119560134001,-0.001198053592815995,0,0.009999395348131657
angle,1780570119598162886,-0.001197353936731815,0,0.009999328292906284
angle,1780570119637386357,-0.001196649856865406,0,0.009997736662626266
angle,1780570119680959111,-0.001195941353216767,0,0.009999356232583523
angle,1780570119727734398,-0.001195228309370577,0,0.0099994707852602
angle,1780570119773314397,-0.001194510725326836,0,0.009999504312872887
angle,1780570119807277325,-0.001193788717500865,0,0.009999082423746586
angle,1780570119837853143,-0.001193062285892665,0,0.009999427944421768
angle,1780570119863967065,-0.001192331430502236,0,0.00999946054071188
angle,1780570119894999937,-0.001191596151329577,0,0.009999385103583336
angle,1780570119920474593,-0.001190856331959367,0,0.009999241679906845
angle,1780570119952480265,-0.001190112205222249,0,0.009999346919357777
angle,1780570119985542235,-0.001189363654702902,0,0.009999321773648262
angle,1780570120016640620,-0.001188610680401325,0,0.009999333880841732
angle,1780570120055230431,-0.001187853398732841,0,0.009999721311032772
angle,1780570120090816661,-0.001187091693282127,0,0.009999644942581654
angle,1780570120125580862,-0.001186325564049184,0,0.009999362751841545
angle,1780570120159237116,-0.001185555127449334,0,0.00999962817877531
angle,1780570120194455809,-0.001184780383482575,0,0.009999559260904789
angle,1780570120223589030,-0.00118400133214891,0,0.00999955739825964
angle,1780570120252220139,-0.001183217857033014,0,0.009999544359743595
angle,1780570120282336771,-0.001182430190965533,0,0.009999577887356281
angle,1780570120314087936,-0.001181638101115823,0,0.00999953132122755
angle,1780570120358152097,-0.001180841820314527,0,0.00999951921403408
angle,1780570120394584915,-0.001180041232146323,0,0.009999425150454044
angle,1780570120436129474,-0.001179236336611211,0,0.009999540634453297
angle,1780570120466554160,-0.001178427250124514,0,0.009999261237680912
angle,1780570120505744946,-0.001177613856270909,0,0.00999931525439024
angle,1780570120541957282,-0.001176796155050397,0,0.009999362751841545
angle,1780570120576932019,-0.001175974379293621,0,0.00999979767948389
angle,1780570120614000216,-0.001175148296169937,0,0.009999793022871017
angle,1780570120642920623,-0.001174318022094667,0,0.009999899193644524
angle,1780570120671972594,-0.001173483673483133,0,0.009999752044677734
angle,1780570120702277368,-0.001172645017504692,0,0.009999582543969154
angle,1780570120730052805,-0.001171802286989987,0,0.009999653324484825
angle,1780570120763252641,-0.001170955249108374,0,0.009999686852097511
angle,1780570120797198999,-0.001170104136690497,0,0.009999412111938
angle,1780570120840730710,-0.001169248833321035,0,0.009999707341194153
angle,1780570120881721597,-0.001168389455415308,0,0.009999485686421394
angle,1780570120923797377,-0.001167525886557996,0,0.009998424910008907
angle,1780570120961647923,-0.00116665824316442,0,0.009999239817261696
angle,1780570121016043665,-0.001165786408819258,0,0.009999310597777367
angle,1780570121062180225,-0.001164910616353154,0,0.009999404661357403
angle,1780570121098195419,-0.001164030632935464,0,0.009999220259487629
angle,1780570121140914531,-0.001163146691396832,0,0.009999466128647327
angle,1780570121181302422,-0.001162258558906615,0,0.009999509900808334
angle,1780570121226267513,-0.001161366468295455,0,0.009999255649745464
angle,1780570121272839785,-0.001160453772172332,0,0.010184014216065407
angle,1780570121310977065,-0.001159553532488644,0,0.009999897330999374
angle,1780570121349486225,-0.001158649218268692,0,0.00999994296580553
angle,1780570121397144164,-0.001157740945927799,0,0.009999733418226242
angle,1780570121433547458,-0.001156828715465963,0,0.009999480098485947
angle,1780570121471347307,-0.001155912410467863,0,0.00999944843351841
angle,1780570121513897624,-0.001154992263764143,0,0.009998955763876438
angle,1780570121547650571,-0.001154068042524159,0,0.009999525733292103
angle,1780570121588495520,-0.001153139863163233,0,0.009999808855354786
angle,1780570121634297967,-0.001152207842096686,0,0.009999779984354973
angle,1780570121667726153,-0.001151271746493876,0,0.009998900815844536
angle,1780570121705352956,-0.001150331809185445,0,0.009999451227486134
angle,1780570121757465246,-0.001149387913756073,0,0.009998886846005917
angle,1780570121804217502,-0.001148440176621079,0,0.00999855063855648
angle,1780570121851040363,-0.001147488481365144,0,0.009999660775065422
angle,1780570121891394772,-0.001146532944403589,0,0.00999891385436058
angle,1780570121929173512,-0.001145573565736413,0,0.009999137371778488
angle,1780570121961126657,-0.001144610228948295,0,0.009998890571296215
angle,1780570121990933820,-0.001143643166869879,0,0.009999492205679417
angle,1780570122018573797,-0.00114267214667052,0,0.009999506175518036
angle,1780570122047811197,-0.001141697401180863,0,0.009999781847000122
angle,1780570122073685579,-0.001140718813985586,0,0.009999766014516354
angle,1780570122102662637,-0.001139736385084689,0,0.009999673813581467
angle,1780570122131942670,-0.001138750230893493,0,0.009999332949519157
angle,1780570122168098005,-0.001137760234996676,0,0.00999945867806673
angle,1780570122199465543,-0.00113676639739424,0,0.009999286383390427
angle,1780570122227819868,-0.001135768834501505,0,0.009999261237680912
angle,1780570122260162017,-0.001134767546318471,0,0.009999550879001617
angle,1780570122299635549,-0.001133762416429818,0,0.00999952107667923
angle,1780570122338732660,-0.001132753677666187,0,0.009999268688261509
angle,1780570122375508781,-0.001131741097196937,0,0.009999170899391174
angle,1780570122406014608,-0.001130724791437387,0,0.009999115020036697
angle,1780570122437223728,-0.001129704876802862,0,0.009999620728194714
angle,1780570122469841688,-0.001128681120462716,0,0.009999462403357029
angle,1780570122509260288,-0.001127653871662915,0,0.009999043308198452
angle,1780570122551944473,-0.001126622781157494,0,0.009999372065067291
angle,1780570122589457993,-0.001125588198192418,0,0.009999536909162998
angle,1780570122618526271,-0.001124549773521721,0,0.009999717585742474
angle,1780570122659706988,-0.00112350785639137,0,0.009999376721680164
angle,1780570122700273531,-0.001122462213970721,0,0.009999331086874008
angle,1780570122737938894,-0.001121413079090416,0,0.009999345988035202
angle,1780570122765300866,-0.001120360218919814,0,0.009999151341617107
angle,1780570122793695998,-0.001119303866289556,0,0.009999442845582962
angle,1780570122824854412,-0.001118243788369,0,0.009999411180615425
angle,1780570122859203402,-0.001117180217988789,0,0.009999582543969154
angle,1780570122895348230,-0.001116113038733602,0,0.009999478235840797
angle,1780570122927687820,-0.001115042250603437,0,0.009999546222388744
angle,1780570122971890450,-0.001113967970013618,0,0.009999035857617855
angle,1780570123005815091,-0.001112890196964145,0,0.00999940000474453
angle,1780570123041027010,-0.001111808815039694,0,0.009999681264162064
angle,1780570123089900256,-0.001110723940655589,0,0.009999481029808521
angle,1780570123138211133,-0.001109635573811829,0,0.009999820962548256
angle,1780570123174592185,-0.001108543714508414,0,0.009999047964811325
angle,1780570123215881079,-0.001107448362745345,0,0.009999444708228111
angle,1780570123257177267,-0.00110634951852262,0,0.00999948475509882
angle,1780570123304252757,-0.001105247181840241,0,0.009998979978263378
angle,1780570123352574280,-0.001104141469113529,0,0.009998840279877186
angle,1780570123397749337,-0.001103032263927162,0,0.009998947381973267
angle,1780570123433559313,-0.00110191956628114,0,0.00999876856803894
angle,1780570123474106687,-0.001100803492590785,0,0.009999330155551434
angle,1780570123508087880,-0.001099684042856097,0,0.00999932736158371
angle,1780570123545151619,-0.001098561217077076,0,0.009999537840485573
angle,1780570123591205099,-0.001097435015253723,0,0.009999541565775871
angle,1780570123628654517,-0.001096305320970714,0,0.0099994707852602
angle,1780570123662689178,-0.001095172367058694,0,0.009999711997807026
angle,1780570123697288185,-0.00109403592068702,0,0.00999961607158184
angle,1780570123737937712,-0.001092896214686334,0,0.00999948289245367
angle,1780570123784071302,-0.001091753249056637,0,0.009998464956879616
angle,1780570123837247246,-0.001090606790967286,0,0.009915808215737343
angle,1780570123874750791,-0.001089457073248923,0,0.009998944588005543
angle,1780570123915749408,-0.001088304212316871,0,0.009998778812587261
angle,1780570123952615628,-0.001087148208171129,0,0.00999855063855648
angle,1780570123995914841,-0.001085989293642342,0,0.009999526664614677
angle,1780570124024728009,-0.001084827352315187,0,0.009999497793614864
angle,1780570124054623355,-0.001083662500604987,0,0.00999949499964714
angle,1780570124094125837,-0.001082494389265776,0,0.009999332018196583
angle,1780570124127550765,-0.001081322901882231,0,0.00999945867806673
angle,1780570124168939207,-0.001080148154869676,0,0.009999431669712067
angle,1780570124202234459,-0.001078969798982143,0,0.009999462403357029
angle,1780570124233035661,-0.001077787834219635,0,0.009999553672969341
angle,1780570124264108001,-0.001076602376997471,0,0.009999639354646206
angle,1780570124303863521,-0.001075413543730974,0,0.009999604895710945
angle,1780570124343607910,-0.001074221218004823,0,0.009999409317970276
angle,1780570124379289264,-0.00107302563264966,0,0.009999360889196396
angle,1780570124410402082,-0.001071826787665486,0,0.009999597445130348
angle,1780570124443279106,-0.001070624799467623,0,0.009999547153711319
angle,1780570124483537858,-0.001069419900886714,0,0.009999429807066917
angle,1780570124535884871,-0.001068211975507438,0,0.009999374859035015
angle,1780570124566169089,-0.001067001023329794,0,0.00999954342842102
angle,1780570124612445896,-0.001065787277184427,0,0.009999256581068039
angle,1780570124654574635,-0.00106457038782537,0,0.009998787194490433
angle,1780570124685008062,-0.001063350588083267,0,0.009999514557421207
angle,1780570124724531231,-0.001062127761542797,0,0.009999049827456474
angle,1780570124764808392,-0.001060901791788638,0,0.009999483823776245
angle,1780570124804572595,-0.001059672678820789,0,0.009999467991292477
angle,1780570124834115936,-0.001058440422639251,0,0.009999376721680164
angle,1780570124865037176,-0.001057205023244023,0,0.009999390691518784
angle,1780570124905215645,-0.001055966480635107,0,0.009999698959290981
angle,1780570124936676566,-0.001054724911227822,0,0.009999478235840797
angle,1780570124974675645,-0.001053480315022171,0,0.00999945867806673
angle,1780570125022355446,-0.001052232575602829,0,0.009999114088714123
angle,1780570125074193492,-0.001050981925800443,0,0.009999105706810951
angle,1780570125116170938,-0.00104972836561501,0,0.009999348782002926
angle,1780570125161949799,-0.001048471895046532,0,0.009999139234423637
angle,1780570125202475506,-0.001047212397679687,0,0.009998714551329613
angle,1780570125239837719,-0.001045950106345117,0,0.009999491274356842
angle,1780570125282884269,-0.001044684904627502,0,0.009999332949519157
angle,1780570125330004808,-0.001043416908942163,0,0.009999476373195648
angle,1780570125366735231,-0.001042145886458457,0,0.009998896159231663
angle,1780570125406330677,-0.001040871953591704,0,0.00999956764280796
angle,1780570125451569357,-0.001039595226757228,0,0.009999440051615238
angle,1780570125499024233,-0.001038315473124385,0,0.009999414905905724
angle,1780570125535499551,-0.001037032925523818,0,0.009999544359743595
angle,1780570125568942384,-0.001035747351124883,0,0.009999658912420273
angle,1780570125605345838,-0.001034458982758224,0,0.009999689646065235
angle,1780570125633465482,-0.00103316770400852,0,0.009999793022871017
angle,1780570125668590303,-0.001031873631291091,0,0.00999982375651598
angle,1780570125723891495,-0.001030576648190618,0,0.009999820962548256
angle,1780570125754864060,-0.00102927687112242,0,0.009999388828873634
angle,1780570125789891671,-0.001027974300086498,0,0.009999166242778301
angle,1780570125834098423,-0.001026668935082853,0,0.009999316185712814
angle,1780570125873836347,-0.001025360776111484,0,0.009999536909162998
angle,1780570125907696634,-0.001024049939587712,0,0.009999670088291168
angle,1780570125953959983,-0.001022736309096217,0,0.009999512694776058
angle,1780570125991089026,-0.001021419884636998,0,0.009999046102166176
angle,1780570126024810844,-0.001020100899040699,0,0.009999577887356281
angle,1780570126051597245,-0.001018779003061354,0,0.009999752044677734
angle,1780570126087233459,-0.001017454545944929,0,0.009999380446970463
angle,1780570126117194895,-0.00101612729486078,0,0.009999355301260948
angle,1780570126148354577,-0.001014797366224229,0,0.009999441914260387
angle,1780570126177688013,-0.001013464760035276,0,0.009999275207519531
angle,1780570126210223066,-0.0010121293598786,0,0.009999381378293037
angle,1780570126239293573,-0.001010791398584843,0,0.00999943632632494
angle,1780570126277460801,-0.001009450643323362,0,0.009999667294323444
angle,1780570126317521342,-0.001008107326924801,0,0.009999978356063366
angle,1780570126359484367,-0.001006761332973838,0,0.0099991075694561
angle,1780570126389977700,-0.001005412777885795,0,0.009999120607972145
angle,1780570126434221842,-0.001004061428830028,0,0.009999590925872326
angle,1780570126478675976,-0.001002707635052502,0,0.009999302215874195
angle,1780570126522280212,-0.001001351280137897,0,0.009998955763876438
angle,1780570126556508566,-0.000999992247670889,0,0.00999910943210125
angle,1780570126601096005,-0.000998630654066801,0,0.009999330155551434
angle,1780570126629356427,-0.000997266499325633,0,0.009999463334679604
angle,1780570126667871931,-0.000995899899862707,0,0.00999949499964714
angle,1780570126707761825,-0.000994530622847378,0,0.009999622590839863
angle,1780570126747298641,-0.000993158901110291,0,0.009999391622841358
angle,1780570126778048262,-0.000991784618236125,0,0.009999587200582027
angle,1780570126810784891,-0.000990407774224877,0,0.009999413043260574
angle,1780570126852120872,-0.00098902836907655,0,0.009999053552746773
angle,1780570126892907343,-0.000987646635621786,0,0.009999335743486881
angle,1780570126932055056,-0.00098626222461462,0,0.009999096393585205
angle,1780570126976002252,-0.000984875485301018,0,0.00999905914068222
angle,1780570127014751607,-0.000983486184850335,0,0.009999144822359085
angle,1780570127059157858,-0.000982094439677894,0,0.009999479167163372
angle,1780570127098829022,-0.000980700249783695,0,0.009999293833971024
angle,1780570127148135116,-0.000979303731583059,0,0.00999932736158371
angle,1780570127182705974,-0.000977904652245343,0,0.009999534115195274
angle,1780570127217620284,-0.000976503186393529,0,0.00999955739825964
angle,1780570127267105479,-0.000975099392235279,0,0.009999295696616173
angle,1780570127314052738,-0.000973693153355271,0,0.009999580681324005
angle,1780570127348564388,-0.000972284527961165,0,0.009998922236263752
angle,1780570127388405179,-0.000970873574260622,0,0.009999201633036137
angle,1780570127430264346,-0.000969460175838321,0,0.00999950896948576
angle,1780570127478190474,-0.000968044449109584,0,0.009999512694776058
angle,1780570127516770920,-0.00096662639407441,0,0.009999272413551807
angle,1780570127554927419,-0.0009652060107328,0,0.009999497793614864
angle,1780570127598112606,-0.000963783240877092,0,0.009998668916523457
angle,1780570127647040481,-0.000962358200922608,0,0.009999015368521214
angle,1780570127685775437,-0.000960930890869349,0,0.009999265894293785
angle,1780570127730594898,-0.000959501194301993,0,0.009999411180615425
angle,1780570127767922869,-0.00095806922763586,0,0.009999425150454044
angle,1780570127816168547,-0.000956635049078614,0,0.009999462403357029
angle,1780570127862012931,-0.000955198600422591,0,0.009999405592679977
angle,1780570127900516763,-0.000953759881667793,0,0.009999681264162064
angle,1780570127938059585,-0.000952318892814219,0,0.009999764151871204
angle,1780570127971821164,-0.00095087569206953,0,0.009999585337936878
angle,1780570128002300593,-0.000949430221226066,0,0.00999948289245367
angle,1780570128041401588,-0.000947982538491488,0,0.00999918021261692
angle,1780570128076376033,-0.000946532643865794,0,0.009999680332839489
angle,1780570128111835209,-0.000945080595556647,0,0.009998762048780918
angle,1780570128151708451,-0.000943626335356385,0,0.009999400936067104
angle,1780570128192891322,-0.000942169863265008,0,0.009999564848840237
angle,1780570128231195146,-0.000940711237490177,0,0.00999945867806673
angle,1780570128270303029,-0.000939250516239554,0,0.009998983703553677
angle,1780570128302896349,-0.000937787641305476,0,0.0099992286413908
angle,1780570128334583505,-0.000936322612687945,0,0.009999467991292477
angle,1780570128373599371,-0.000934855488594621,0,0.009999576024711132
angle,1780570128412051114,-0.000933386210817844,0,0.009998160414397717
angle,1780570128453507947,-0.000931914837565273,0,0.009999408386647701
angle,1780570128494660621,-0.00093044142704457,0,0.009999551810324192
angle,1780570128531318484,-0.000928965921048075,0,0.009999459609389305
angle,1780570128572448160,-0.000927488319575787,0,0.009999265894293785
angle,1780570128599148635,-0.000926008622627705,0,0.009999163448810577
angle,1780570128630362521,-0.000924526888411492,0,0.009999452158808708
angle,1780570128662364097,-0.000923043116927147,0,0.009999573230743408
angle,1780570128702580841,-0.000921557249967009,0,0.00999950710684061
angle,1780570128744195812,-0.0009200694039464,0,0.009999214671552181
angle,1780570128782788130,-0.000918579520657659,0,0.009999538771808147
angle,1780570128813823639,-0.000917087600100785,0,0.009998943656682968
angle,1780570128851825235,-0.000915593700483441,0,0.00999857671558857
angle,1780570128892224894,-0.000914097821805626,0,0.009999419562518597
angle,1780570128932280969,-0.00091259996406734,0,0.009999549016356468
angle,1780570128988825144,-0.000911100127268583,0,0.009999548085033894
angle,1780570129027844732,-0.000909598369617015,0,0.009999520145356655
angle,1780570129076376368,-0.000908094632904977,0,0.009999144822359085
angle,1780570129125231153,-0.000906589033547789,0,0.009999307803809643
angle,1780570129162598236,-0.00090508145513013,0,0.00999945867806673
angle,1780570129203521821,-0.000903571955859661,0,0.009999430738389492
angle,1780570129234368896,-0.000902060535736382,0,0.009999269619584084
angle,1780570129271895666,-0.000900547194760293,0,0.00999955553561449
angle,1780570129314569032,-0.000899031991139054,0,0.009999617002904415
angle,1780570129353369465,-0.000897514866665006,0,0.009999468922615051
angle,1780570129393082913,-0.000895995879545808,0,0.00999965239316225
angle,1780570129436775615,-0.000894475029781461,0,0.009998658671975136
angle,1780570129484760674,-0.000892952375579625,0,0.009999346919357777
angle,1780570129529717464,-0.000891427858732641,0,0.009999553672969341
angle,1780570129565143598,-0.000889901479240507,0,0.00999969057738781
angle,1780570129605873324,-0.000888373295310885,0,0.00999950896948576
angle,1780570129656148738,-0.000886843306943774,0,0.00999938789755106
angle,1780570129703919136,-0.000885311514139175,0,0.009999183937907219
angle,1780570129747065343,-0.000883777916897088,0,0.009999353438615799
angle,1780570129786244327,-0.000882242573425174,0,0.009999582543969154
angle,1780570129823361904,-0.000880705425515771,0,0.009999689646065235
angle,1780570129857574396,-0.00087916647316888,0,0.009999440982937813
angle,1780570129884597554,-0.000877625891007483,0,0.009999374859035015
angle,1780570129916168871,-0.000876083446200937,0,0.009999397210776806
angle,1780570129956205871,-0.000874539313372225,0,0.00999931339174509
angle,1780570129999329243,-0.000872993434313685,0,0.00999930128455162
angle,1780570130036322719,-0.000871445867232978,0,0.009999377653002739
angle,1780570130065945026,-0.000869896553922445,0,0.009999281726777554
angle,1780570130106164514,-0.000868345552589744,0,0.009999768808484077
angle,1780570130150057562,-0.000866792921442538,0,0.009999647736549377
angle,1780570130178832094,-0.000865238544065505,0,0.009999767877161503
angle,1780570130210584828,-0.000863682536873966,0,0.009999624453485012
angle,1780570130238941756,-0.000862124899867922,0,0.009999849833548069
angle,1780570130292791290,-0.000860565574839711,0,0.009999876841902733
angle,1780570130334273497,-0.000859004561789334,0,0.009998982772231102
angle,1780570130375617379,-0.000857441977132112,0,0.009998424910008907
angle,1780570130416561191,-0.000855877762660384,0,0.009999359026551247
angle,1780570130458833415,-0.000854311918374151,0,0.00999908335506916
angle,1780570130498569588,-0.000852744444273412,0,0.009999333880841732
angle,1780570130536537095,-0.00085117545677349,0,0.009999570436775684
angle,1780570130572137503,-0.000849604897666723,0,0.009999540634453297
angle,1780570130602019376,-0.000848032766953111,0,0.009999812580645084
angle,1780570130632059092,-0.000846459064632654,0,0.009999744594097137
angle,1780570130663055578,-0.000844883848913014,0,0.009999859146773815
angle,1780570130690788250,-0.000843307061586529,0,0.009999820031225681
angle,1780570130719174644,-0.000841728702653199,0,0.00999962817877531
angle,1780570130752568680,-0.000840148772113025,0,0.009999717585742474
angle,1780570130783031390,-0.000838567386381328,0,0.009999401867389679
angle,1780570130808103577,-0.000836984429042786,0,0.00999966636300087
angle,1780570130844080738,-0.000835399958305061,0,0.009999803267419338
angle,1780570130870828027,-0.000833814032375813,0,0.009999506175518036
angle,1780570130900973530,-0.00083222659304738,0,0.009999717585742474
angle,1780570130938616221,-0.000830637640319765,0,0.009999671950936317
angle,1780570130975037593,-0.000829047290608287,0,0.009999578818678856
angle,1780570131010076181,-0.000827455543912947,0,0.009999341331422329
angle,1780570131046113582,-0.000825861934572458,0,0.010001670569181442
angle,1780570131085530775,-0.000824267335701734,0,0.009999475441873074
angle,1780570131116231884,-0.000822671281639487,0,0.009999417699873447
angle,1780570131150830077,-0.000821073888801038,0,0.009999659843742847
angle,1780570131186836712,-0.000819475098978728,0,0.009999251924455166
angle,1780570131228676348,-0.000817874853964895,0,0.009999463334679604
angle,1780570131273974498,-0.000816273270174861,0,0.009999402798712254
angle,1780570131322374792,-0.000814670289400965,0,0.009999537840485573
angle,1780570131369034196,-0.000813065969850868,0,0.009999238885939121
angle,1780570131416553294,-0.000811460253316909,0,0.009999698959290981
angle,1780570131454259469,-0.000809853198006749,0,0.009999343194067478
angle,1780570131497108665,-0.000808244803920388,0,0.009999780915677547
angle,1780570131522890748,-0.000806635071057826,0,0.009999899193644524
angle,1780570131559439778,-0.000805023999419063,0,0.009999873116612434
angle,1780570131592322598,-0.00080341164721176,0,0.009999839588999748
angle,1780570131632607513,-0.000801797956228256,0,0.009999806061387062
angle,1780570131678601390,-0.000800179259385914,0,0.010021762922406197
angle,1780570131729456345,-0.000798563007265329,0,0.009999686852097511
angle,1780570131778076875,-0.000796945416368544,0,0.009999372996389866
angle,1780570131814063571,-0.00079532660311088,0,0.009999227710068226
angle,1780570131858350176,-0.000793706509284675,0,0.009999505244195461
angle,1780570131884034878,-0.000792085251305252,0,0.009999439120292664
angle,1780570131913055267,-0.00079046277096495,0,0.009999440051615238
angle,1780570131949584466,-0.000788839068263769,0,0.009999440051615238
angle,1780570131980846387,-0.000787214143201709,0,0.00999954529106617
angle,1780570132012171451,-0.00078558805398643,0,0.009999512694776058
angle,1780570132052331716,-0.000783960742410272,0,0.009999186731874943
angle,1780570132090278294,-0.000782332266680896,0,0.009998305700719357
angle,1780570132130702529,-0.000780702568590641,0,0.009999653324484825
angle,1780570132161577717,-0.000779071706347167,0,0.00999946054071188
angle,1780570132192892659,-0.000777439679950476,0,0.009999276138842106
angle,1780570132221101969,-0.000775806547608227,0,0.009999404661357403
angle,1780570132250309688,-0.000774172192905098,0,0.009999524801969528
angle,1780570132290053967,-0.000772536790464073,0,0.009999509900808334
angle,1780570132325361960,-0.00077090022386983,0,0.009999450296163559
angle,1780570132364726412,-0.000769262434914708,0,0.009998912923038006
angle,1780570132399160883,-0.00076762365642935,0,0.009999191388487816
angle,1780570132440388796,-0.000765983713790774,0,0.009999300353229046
angle,1780570132480137483,-0.000764342723414302,0,0.00999937392771244
angle,1780570132517367561,-0.000762700627092272,0,0.009999611414968967
angle,1780570132546526866,-0.000761057483032346,0,0.009999333880841732
angle,1780570132576497495,-0.000759413291234523,0,0.009999423287808895
angle,1780570132608073974,-0.000757767993491143,0,0.00999941024929285
angle,1780570132640060245,-0.000756121706217527,0,0.009999733418226242
angle,1780570132682706336,-0.000754474371206015,0,0.009999445639550686
angle,1780570132719533840,-0.000752825988456607,0,0.009999220259487629
angle,1780570132760808729,-0.000751176557969302,0,0.009999427944421768
angle,1780570132799762863,-0.000749526137951761,0,0.009999462403357029
angle,1780570132837407232,-0.000747874728403986,0,0.009999549947679043
angle,1780570132880990779,-0.000746222329325974,0,0.009999462403357029
angle,1780570132923360876,-0.000744568882510066,0,0.009999762289226055
angle,1780570132954132454,-0.000742914562579244,0,0.00999840535223484
angle,1780570132995780328,-0.000741259253118187,0,0.009999510832130909
angle,1780570133034508895,-0.000739603012334555,0,0.009999525733292103
angle,1780570133073096376,-0.000737945782020688,0,0.009999142028391361
angle,1780570133109474344,-0.000736287736799568,0,0.009999411180615425
angle,1780570133156366277,-0.000734628702048212,0,0.00999913364648819
angle,1780570133205524709,-0.000732968735974282,0,0.009999165311455727
angle,1780570133252223774,-0.000731307896785438,0,0.009998990222811699
angle,1780570133297928788,-0.000729646126274019,0,0.009999281726777554
angle,1780570133337444743,-0.000727983424440026,0,0.009999518282711506
angle,1780570133378757107,-0.000726319791283458,0,0.00999980978667736
angle,1780570133410379968,-0.000724655285011977,0,0.009999733418226242
angle,1780570133445518796,-0.000722989963833243,0,0.009999599307775497
angle,1780570133490732116,-0.000721320044249296,0,0.010022314265370369
angle,1780570133538069659,-0.000719652976840734,0,0.009999464266002178
angle,1780570133586289178,-0.00071798509452492,0,0.009999532252550125
angle,1780570133621847916,-0.000716316339094192,0,0.009999079629778862
angle,1780570133665735753,-0.000714646826963872,0,0.00999959371984005
angle,1780570133696439690,-0.000712976499926299,0,0.009998880326747894
angle,1780570133732467544,-0.000711305299773812,0,0.009999566711485386
angle,1780570133777637066,-0.000709633342921734,0,0.009999275207519531
angle,1780570133817544609,-0.000707960629370064,0,0.009999537840485573
angle,1780570133866449477,-0.000706287159118801,0,0.00999954529106617
angle,1780570133903959386,-0.000704612932167947,0,0.009999296627938747
angle,1780570133946446459,-0.000702937948517501,0,0.009998803958296776
angle,1780570133978949246,-0.000701262208167464,0,0.009999333880841732
angle,1780570134012546777,-0.000699585711117834,0,0.00999941024929285
angle,1780570134046969476,-0.000697908457368612,0,0.009999372065067291
angle,1780570134076948049,-0.000696230563335121,0,0.009999167174100876
angle,1780570134114927847,-0.000694551854394376,0,0.009999400936067104
angle,1780570134147534624,-0.000692872446961701,0,0.009999494068324566
angle,1780570134184724464,-0.000691192282829434,0,0.009999885223805904
angle,1780570134224853012,-0.000689511478412896,0,0.009999549016356468
angle,1780570134255759319,-0.000687829975504428,0,0.00999950710684061
angle,1780570134281979122,-0.000686147774104029,0,0.009999340400099754
angle,1780570134311471376,-0.00068446493241936,0,0.009999358095228672
angle,1780570134344144151,-0.000682781392242759,0,0.009999411180615425
angle,1780570134374903327,-0.00068109726998955,0,0.009999104775488377
angle,1780570134403967913,-0.000679412507452071,0,0.009998787194490433
angle,1780570134444947428,-0.000677726930007339,0,0.010000163689255714
angle,1780570134484149854,-0.000676040886901319,0,0.009999101981520653
angle,1780570134519130187,-0.000674354319926351,0,0.009998980909585953
angle,1780570134551675235,-0.000672667054459453,0,0.009999559260904789
angle,1780570134582791947,-0.000670979265123606,0,0.009999455884099007
angle,1780570134612027963,-0.00066929089371115,0,0.009999574162065983
angle,1780570134643457495,-0.000667601940222085,0,0.009999486617743969
angle,1780570134674982175,-0.000665912346448749,0,0.009999669156968594
angle,1780570134706856466,-0.000664222228806466,0,0.009999574162065983
angle,1780570134743892079,-0.000662531470879912,0,0.009999578818678856
angle,1780570134781798732,-0.000660840247292072,0,0.009999355301260948
angle,1780570134820490178,-0.000659148383419961,0,0.009999602101743221
angle,1780570134851988338,-0.000657456053886563,0,0.009999273344874382
angle,1780570134885076490,-0.000655763142276555,0,0.009999259375035763
angle,1780570134921179653,-0.000654069765005261,0,0.00999895203858614
angle,1780570134969459878,-0.000652375863865018,0,0.009998845867812634
angle,1780570135004379114,-0.000650681438855827,0,0.009999111294746399
angle,1780570135042173889,-0.000648986606393009,0,0.009999648667871952
angle,1780570135077770598,-0.000647291308268905,0,0.009999382309615612
angle,1780570135112662392,-0.000645595602691174,0,0.009999101981520653
angle,1780570135158242548,-0.000643899373244494,0,0.009999517351388931
angle,1780570135210507666,-0.000642202678136528,0,0.009999465197324753
angle,1780570135257798970,-0.000640505575574934,0,0.009999326430261135
angle,1780570135292888246,-0.000638808007352054,0,0.009999546222388744
angle,1780570135329852436,-0.000637109973467886,0,0.00999960582703352
angle,1780570135366377276,-0.000635411473922431,0,0.009999444708228111
angle,1780570135403720283,-0.00063371256692335,0,0.009999784640967846
angle,1780570135446917332,-0.000632013252470642,0,0.009999504312872887
angle,1780570135487073561,-0.000630313530564308,0,0.009999779984354973
angle,1780570135521843782,-0.000628613401204348,0,0.009999237954616547
angle,1780570135566976437,-0.000626912864390761,0,0.009999399073421955
angle,1780570135613219900,-0.000625212036538869,0,0.009999576956033707
angle,1780570135649626556,-0.000623510801233351,0,0.009999838657677174
angle,1780570135691504990,-0.000621809216681868,0,0.009999506175518036
angle,1780570135742048385,-0.00062010734109208,0,0.009999845176935196
angle,1780570135770648974,-0.000618405116256326,0,0.009999499656260014
angle,1780570135807623864,-0.000616702542174608,0,0.009999731555581093
angle,1780570135860457564,-0.000614999618846923,0,0.009998848661780357
angle,1780570135892989686,-0.000613296404480934,0,0.009999297559261322
angle,1780570135924624372,-0.00061159284086898,0,0.00999938603490591
angle,1780570135958160491,-0.000609889044426382,0,0.009999493137001991
angle,1780570135999254638,-0.000608184898737818,0,0.009998977184295654
angle,1780570136039992520,-0.00060648046201095,0,0.009999197907745838
angle,1780570136081057701,-0.000604775850661099,0,0.009999392554163933
angle,1780570136120287219,-0.000603070948272943,0,0.00999949686229229
angle,1780570136155718319,-0.000601365754846483,0,0.00999945867806673
angle,1780570136192225316,-0.00059966032858938,0,0.009999516420066357
angle,1780570136224267970,-0.000597954669501632,0,0.00999945867806673
angle,1780570136252007925,-0.000596248835790902,0,0.009999264031648636
angle,1780570136282836120,-0.000594542652834207,0,0.009999494068324566
angle,1780570136318739865,-0.000592836295254529,0,0.009999440051615238
angle,1780570136350947409,-0.000591129704844207,0,0.00999941024929285
angle,1780570136394000248,-0.000589422881603241,0,0.00999948475509882
angle,1780570136432000366,-0.000587715825531632,0,0.00999940000474453
angle,1780570136508314954,-0.000586008653044701,0,0.009999215602874756
angle,1780570136552035447,-0.000584301247727126,0,0.009999423287808895
angle,1780570136584117756,-0.000582593725994229,0,0.009999383240938187
angle,1780570136614747105,-0.000580886087846011,0,0.009999516420066357
angle,1780570136647036780,-0.00057917827507481,0,0.009999245405197144
angle,1780570136677391907,-0.000577470287680626,0,0.009999627247452736
angle,1780570136709456941,-0.00057576218387112,0,0.009999372996389866
angle,1780570136748940531,-0.000574053905438632,0,0.00999970082193613
angle,1780570136782134676,-0.000572345568798482,0,0.009999065659940243
angle,1780570136819121527,-0.00057063705753535,0,0.009999750182032585
angle,1780570136860091389,-0.000568928429856896,0,0.009999258443713188
angle,1780570136898496531,-0.000567219685763121,0,0.009999009780585766
angle,1780570136933616811,-0.000565510883461684,0,0.009999201633036137
angle,1780570136998898874,-0.000563801964744925,0,0.009999187663197517
angle,1780570137047853001,-0.000562092987820506,0,0.00999931525439024
angle,1780570137092214004,-0.000560384010896087,0,0.009998643770813942
angle,1780570137145739449,-0.000558674917556345,0,0.009999627247452736
angle,1780570137176819519,-0.000556965824216604,0,0.009999560192227364
angle,1780570137210121685,-0.000555256614461541,0,0.009999360889196396
angle,1780570137249809375,-0.000553547462914139,0,0.00999956764280796
angle,1780570137287854850,-0.000551838194951415,0,0.00999918207526207
angle,1780570137333213412,-0.00055012886878103,0,0.009998781606554985
angle,1780570137379976031,-0.000548419600818306,0,0.009999344125390053
angle,1780570137418923985,-0.000546710274647921,0,0.009999504312872887
angle,1780570137462826185,-0.000545000948477536,0,0.009999449364840984
angle,1780570137501753227,-0.000543291680514812,0,0.009999293833971024
angle,1780570137555873876,-0.000541582354344428,0,0.009999343194067478
angle,1780570137599660413,-0.000539873086381704,0,0.009999538771808147
angle,1780570137634448515,-0.000538163876626641,0,0.009999163448810577
angle,1780570137677318341,-0.000536454608663917,0,0.009999493137001991
angle,1780570137716080281,-0.000534745457116514,0,0.009999294765293598
angle,1780570137754560044,-0.000533036305569112,0,0.009999205358326435
angle,1780570137795117571,-0.000531327212229371,0,0.009999547153711319
angle,1780570137838860858,-0.000529618235304952,0,0.009999234229326248
angle,1780570137874997555,-0.000527909316588193,0,0.009999388828873634
angle,1780570137914727501,-0.000526200514286757,0,0.009999016299843788
angle,1780570137948913868,-0.000524491828400642,0,0.00999903678894043
angle,1780570137990338837,-0.000522783200722188,0,0.009999530389904976
angle,1780570138023706758,-0.000521074689459056,0,0.009999041445553303
angle,1780570138053048969,-0.000519366294611245,0,0.00999963004142046
angle,1780570138078148408,-0.000517658016178757,0,0.009999335743486881
angle,1780570138107019885,-0.00051594985416159,0,0.009999377653002739
angle,1780570138141369667,-0.000514241866767406,0,0.009999383240938187
angle,1780570138174965884,-0.000512533937580884,0,0.009999646805226803
angle,1780570138215192750,-0.000510826124809682,0,0.009999370202422142
angle,1780570138249955567,-0.000509118486661464,0,0.009999359957873821
angle,1780570138288322101,-0.000507411023136228,0,0.009999320842325687
angle,1780570138318707382,-0.000505703734233975,0,0.00999941024929285
angle,1780570138350032831,-0.000503996619954705,0,0.009999552741646767
angle,1780570138380690254,-0.000502289680298418,0,0.009999365545809269
angle,1780570138411102521,-0.000500582973472774,0,0.009999499656260014
angle,1780570138442039688,-0.000498876499477774,0,0.009999513626098633
angle,1780570138475392912,-0.000497170200105757,0,0.009999535046517849
angle,1780570138516811608,-0.000495464133564383,0,0.009999274276196957
angle,1780570138557857692,-0.000493758241645992,0,0.009998694993555546
angle,1780570138588772978,-0.000492052640765905,0,0.009999677538871765
angle,1780570138620719925,-0.000490347272716463,0,0.009999684058129787
angle,1780570138653141596,-0.000488642137497663,0,0.009999431669712067
angle,1780570138684184938,-0.000486937235109508,0,0.00999937392771244
angle,1780570138722462270,-0.000485232565551996,0,0.009999588131904602
angle,1780570138764379679,-0.000483528157928959,0,0.009999354369938374
angle,1780570138798435511,-0.000481824070448056,0,0.009999369271099567
angle,1780570138826338060,-0.000480120157590136,0,0.009999681264162064
angle,1780570138860670416,-0.000478416593978181,0,0.009999115020036697
angle,1780570138892474352,-0.000476713350508362,0,0.009999308735132217
angle,1780570138929662497,-0.000475010398076847,0,0.00999925285577774
angle,1780570138965808036,-0.000473307794891298,0,0.009999426081776619
angle,1780570139007047597,-0.000471605482744053,0,0.009999302215874195
angle,1780570139037765108,-0.000469903519842774,0,0.009999671950936317
angle,1780570139074973156,-0.000468201877083629,0,0.009999348782002926
angle,1780570139108726742,-0.000466500583570451,0,0.009999330155551434
angle,1780570139144078366,-0.000464799581095576,0,0.009999572299420834
angle,1780570139190946412,-0.000463098956970498,0,0.009998909197747707
angle,1780570139238444145,-0.000461398711195216,0,0.009998012334108353
angle,1780570139276778362,-0.000459698814665899,0,0.009999338537454605
angle,1780570139312755963,-0.000457999325590208,0,0.009999238885939121
angle,1780570139361876832,-0.000456300243968144,0,0.009999425150454044
angle,1780570139410085309,-0.000454601540695876,0,0.009999382309615612
angle,1780570139458194586,-0.000452903215773404,0,0.009999768808484077
angle,1780570139502277159,-0.000451205269200727,0,0.009998987428843975
angle,1780570139543808936,-0.000449507730081677,0,0.009999520145356655
angle,1780570139585304990,-0.000447810569312423,0,0.009999403730034828
angle,1780570139625821273,-0.000446113845100626,0,0.009999485686421394
angle,1780570139673918718,-0.000444417528342456,0,0.009999293833971024
angle,1780570139718831778,-0.000442721648141742,0,0.009998053312301636
angle,1780570139755218776,-0.000441026175394654,0,0.009999602101743221
angle,1780570139794870689,-0.000439331226516515,0,0.009999359957873821
angle,1780570139840486906,-0.000437636714195833,0,0.00999920442700386
angle,1780570139877811798,-0.000435942696640268,0,0.009998851455748081
angle,1780570139907811154,-0.000434249144745991,0,0.009999494068324566
angle,1780570139948768869,-0.000432556087616831,0,0.009999454021453857
angle,1780570139987040049,-0.000430863496148959,0,0.00999904703348875
angle,1780570140022027161,-0.000429171399446204,0,0.00999943446367979
angle,1780570140050587705,-0.000427479826612398,0,0.009999513626098633
angle,1780570140084782356,-0.000425788690336049,0,0.009999657981097698
angle,1780570140116345016,-0.000424098077928647,0,0.009998705238103867
angle,1780570140147587602,-0.000422407960286364,0,0.009999485686421394
angle,1780570140178066708,-0.000420718366513029,0,0.009999639354646206
angle,1780570140220240755,-0.000419029296608642,0,0.00999943632632494
angle,1780570140254903470,-0.000417340750573203,0,0.00999930314719677
angle,1780570140291879174,-0.000415652728406712,0,0.009999374859035015
angle,1780570140327749488,-0.000413965259213001,0,0.009999553672969341
angle,1780570140365897928,-0.000412278342992067,0,0.009999065659940243
angle,1780570140408657735,-0.000410592008847743,0,0.00999972689896822
angle,1780570140444204362,-0.000408906256780028,0,0.009999770671129227
angle,1780570140475082810,-0.000407221115892753,0,0.009998928755521774
angle,1780570140505007951,-0.000405536498874426,0,0.009999443776905537
angle,1780570140546126925,-0.000403852551244199,0,0.009999293833971024
angle,1780570140581988238,-0.000402169156586751,0,0.009999015368521214
angle,1780570140618478855,-0.000400486314902082,0,0.009999746456742287
angle,1780570140653526737,-0.000398804171709344,0,0.00999975111335516
angle,1780570140686594379,-0.000397122639697045,0,0.00999961607158184
angle,1780570140728338577,-0.000395441689761356,0,0.009999041445553303
angle,1780570140761884675,-0.000393761321902275,0,0.009999492205679417
angle,1780570140796459144,-0.000392081652535126,0,0.009999912232160568
angle,1780570140835776753,-0.000390402594348416,0,0.009999875910580158
angle,1780570140867129614,-0.000388724176445976,0,0.009999575093388557
angle,1780570140899001308,-0.000387046398827806,0,0.009999441914260387
angle,1780570140936148949,-0.000385369290597737,0,0.009999508038163185
angle,1780570140985034778,-0.000383692822651938,0,0.009999428875744343
angle,1780570141026185577,-0.000382017024094239,0,0.009999291971325874
angle,1780570141062056007,-0.000380341924028471,0,0.00999938603490591
angle,1780570141101558206,-0.000378667551558465,0,0.009999427944421768
angle,1780570141139058667,-0.000376993848476559,0,0.009999239817261696
angle,1780570141178148405,-0.000375320843886584,0,0.009999599307775497
angle,1780570141222008854,-0.000373648595996201,0,0.009999427944421768
angle,1780570141276942269,-0.000371977075701579,0,0.009999526664614677
angle,1780570141305933892,-0.000370306283002719,0,0.009999223984777927
angle,1780570141347911671,-0.00036863618879579,0,0.009999638423323631
angle,1780570141388644650,-0.000366966851288453,0,0.009999469853937626
angle,1780570141442023237,-0.000365298241376877,0,0.0099992286413908
angle,1780570141473885103,-0.000363630359061062,0,0.0099997129291296
angle,1780570141512271324,-0.000361963175237179,0,0.009999546222388744
angle,1780570141558873015,-0.000360296777216718,0,0.0099991075694561
angle,1780570141603383609,-0.000358631135895848,0,0.00999891571700573
angle,1780570141641149138,-0.00035696622217074,0,0.009999624453485012
angle,1780570141683548457,-0.000355302152456716,0,0.009999285452067852
angle,1780570141725116874,-0.000353638839442283,0,0.009999098256230354
angle,1780570141762877073,-0.000351976312231272,0,0.009999575093388557
angle,1780570141798513774,-0.000350314629031345,0,0.009999553672969341
angle,1780570141835052614,-0.00034865373163484,0,0.009999265894293785
angle,1780570141873877923,-0.000346993649145588,0,0.009999331086874008
angle,1780570141913064691,-0.000345334381563589,0,0.009999251924455166
angle,1780570141950591795,-0.000343675928888842,0,0.00999972689896822
angle,1780570141991068736,-0.000342018262017518,0,0.009999644011259079
angle,1780570142044996081,-0.000340361468261108,0,0.009999265894293785
angle,1780570142084375174,-0.00033870546030812,0,0.009999516420066357
angle,1780570142116200499,-0.000337050296366215,0,0.00999944843351841
angle,1780570142145562745,-0.000335396005539224,0,0.009999308735132217
angle,1780570142177699854,-0.000333742500515655,0,0.009999504312872887
angle,1780570142208933144,-0.00033208989771083,0,0.009998912923038006
angle,1780570142241970639,-0.000330438168020919,0,0.009999498724937439
angle,1780570142268312759,-0.000328787311445922,0,0.009999011643230915
angle,1780570142296634463,-0.000327137357089669,0,0.009999707341194153
angle,1780570142327283716,-0.00032548833405599,0,0.00999953132122755
angle,1780570142361749082,-0.000323840184137225,0,0.009999377653002739
angle,1780570142401018996,-0.000322192936437204,0,0.009999452158808708
angle,1780570142435685511,-0.000320546590955928,0,0.009999321773648262
angle,1780570142471787259,-0.000318901147693396,0,0.009999364614486694
angle,1780570142509248480,-0.000317256606649607,0,0.009999338537454605
angle,1780570142540312653,-0.000315612938720733,0,0.009999607689678669
angle,1780570142582740641,-0.000313970202114433,0,0.009999517351388931
angle,1780570142622809584,-0.000312328396830708,0,0.009999430738389492
angle,1780570142662321413,-0.000310682080453262,0,0.010032513178884983
angle,1780570142704150701,-0.000309042137814686,0,0.009999346919357777
angle,1780570142744044103,-0.000307403155602515,0,0.009999505244195461
angle,1780570142775848191,-0.000305765133816749,0,0.009999029338359833
angle,1780570142810016601,-0.000304128101561219,0,0.009999384172260761
angle,1780570142841898850,-0.000302492029732093,0,0.009999584406614304
angle,1780570142881963299,-0.000300856976537034,0,0.009999056346714497
angle,1780570142923335391,-0.00029922288376838,0,0.009999358095228672
angle,1780570142963178278,-0.000297589838737622,0,0.009998193010687828
angle,1780570143008705606,-0.000295957754133269,0,0.009999316185712814
angle,1780570143055265965,-0.000294326688162982,0,0.009999548085033894
angle,1780570143105356542,-0.000292696611722931,0,0.009999407455325127
angle,1780570143143155907,-0.000291067553916946,0,0.009998888708651066
angle,1780570143184751023,-0.000289439485641196,0,0.0099995331838727
angle,1780570143223683592,-0.000287812465103343,0,0.00999916810542345
angle,1780570143260794470,-0.000286186434095725,0,0.00999963004142046
angle,1780570143301074213,-0.000284561392618343,0,0.009999063797295094
angle,1780570143344663425,-0.000282937398878857,0,0.009999261237680912
angle,1780570143394210068,-0.000281314394669607,0,0.009998716413974762
angle,1780570143442975006,-0.000279692496405914,0,0.009999033994972706
angle,1780570143485951052,-0.000278071645880118,0,0.009999123401939869
angle,1780570143523070752,-0.000276451872196048,0,0.009999524801969528
angle,1780570143563212275,-0.000274833146249875,0,0.009999489411711693
angle,1780570143609554235,-0.000273215497145429,0,0.009998557157814503
angle,1780570143646716397,-0.00027159895398654,0,0.009999414905905724
angle,1780570143688102157,-0.000269983487669379,0,0.009999559260904789
angle,1780570143717383971,-0.000268369127297774,0,0.009998863562941551
angle,1780570143757985256,-0.000266755814664066,0,0.009999440982937813
angle,1780570143800540772,-0.000265143607975915,0,0.009999626316130161
angle,1780570143849667775,-0.000263532478129491,0,0.009999238885939121
angle,1780570143894395278,-0.000261922483332455,0,0.009998631663620472
angle,1780570143933285848,-0.000260313565377146,0,0.009999202564358711
angle,1780570143970710540,-0.000258705782471225,0,0.009999437257647514
angle,1780570144003707439,-0.00025709907640703,0,0.009999619796872139
angle,1780570144036315616,-0.000255493563599885,0,0.009999099187552929
angle,1780570144066846343,-0.000253889156738296,0,0.009999511763453484
angle,1780570144096728366,-0.000252285884926096,0,0.009999354369938374
angle,1780570144126814505,-0.000250683748163283,0,0.009999445639550686
angle,1780570144154958461,-0.000249082804657519,0,0.009999645873904228
angle,1780570144184457849,-0.000247482996201143,0,0.009999686852097511
angle,1780570144228186298,-0.000245884351897985,0,0.009999574162065983
angle,1780570144265162920,-0.000244286842644215,0,0.009999138303101063
angle,1780570144302027451,-0.000242690526647493,0,0.009999291971325874
angle,1780570144334770313,-0.000241095360252075,0,0.009999295696616173
angle,1780570144364063011,-0.000239501358009875,0,0.009999522939324379
angle,1780570144397352864,-0.000237908549024723,0,0.009999784640967846
angle,1780570144437331032,-0.000236316933296621,0,0.009999504312872887
angle,1780570144474900295,-0.000234726539929397,0,0.009999371133744717
angle,1780570144515444698,-0.000233137354371138,0,0.009999571368098259
angle,1780570144554226101,-0.000231549391173758,0,0.009999282658100128
angle,1780570144591939313,-0.000229962621233426,0,0.009999170899391174
angle,1780570144631109243,-0.000228377088205889,0,0.009999328292906284
angle,1780570144666851344,-0.000226792777539231,0,0.009999722242355347
angle,1780570144706959442,-0.000225209732889198,0,0.009999297559261322
angle,1780570144743628380,-0.000223627925151959,0,0.009998896159231663
angle,1780570144785876347,-0.000222047310671769,0,0.00999973900616169
angle,1780570144813098304,-0.000220467976760119,0,0.009999511763453484
angle,1780570144846761311,-0.000218889865209348,0,0.009999383240938187
angle,1780570144889924414,-0.000217313005123287,0,0.009998953901231289
angle,1780570144923754659,-0.000215737396501936,0,0.009999163448810577
angle,1780570144963013776,-0.000214163097552955,0,0.00999950710684061
angle,1780570145001348601,-0.000212590035516769,0,0.009999262169003487
angle,1780570145043373729,-0.000211018239497207,0,0.009999511763453484
angle,1780570145087157252,-0.000209447767701931,0,0.009998844936490059
angle,1780570145136887356,-0.000207878547371365,0,0.009999589063227177
angle,1780570145182023539,-0.000206310651265085,0,0.009999592788517475
angle,1780570145219122979,-0.00020474405027926,0,0.009999383240938187
angle,1780570145258081546,-0.000203178715310059,0,0.009999480098485947
angle,1780570145307335178,-0.000201614704565145,0,0.009999594651162624
angle,1780570145346686414,-0.000200051974388771,0,0.009999300353229046
angle,1780570145395351782,-0.000198490553884767,0,0.00999914575368166
angle,1780570145429218099,-0.000196930457605049,0,0.009998833760619164
angle,1780570145467794300,-0.000195371685549617,0,0.009999427944421768
angle,1780570145501173239,-0.000193814266822301,0,0.009998686611652374
angle,1780570145538346804,-0.000192258215975016,0,0.009999492205679417
angle,1780570145575222753,-0.000190703474800102,0,0.009999279864132404
angle,1780570145617967177,-0.000189150086953305,0,0.009999432601034641
angle,1780570145660218742,-0.000187598066986538,0,0.00999916810542345
angle,1780570145697290404,-0.000186047400347888,0,0.009999805130064487
angle,1780570145738361736,-0.00018449810158927,0,0.00999936368316412
angle,1780570145778677568,-0.000182950127054937,0,0.009999080561101437
angle,1780570145810764867,-0.000181403505848721,0,0.009999413974583149
angle,1780570145838773929,-0.000179858267074451,0,0.009999814443290234
angle,1780570145879140564,-0.000178314396180212,0,0.009999888017773628
angle,1780570145920597436,-0.000176771864062175,0,0.00999954342842102
angle,1780570145951341540,-0.000175230728928,0,0.009999348782002926
angle,1780570145992506712,-0.000173690947121941,0,0.009999516420066357
angle,1780570146029503861,-0.000172152562299743,0,0.009999191388487816
angle,1780570146066337128,-0.000170615603565238,0,0.009999258443713188
angle,1780570146097391013,-0.000169080070918426,0,0.009999376721680164
angle,1780570146129027107,-0.000167545949807391,0,0.00999950710684061
angle,1780570146161367388,-0.000166013269335963,0,0.00999902281910181
angle,1780570146198640752,-0.000164482014952227,0,0.00999961793422699
angle,1780570146239748512,-0.000162952215760015,0,0.009998722933232784
angle,1780570146277152968,-0.00016142382810358,0,0.009999020025134087
angle,1780570146307806328,-0.000159896910190582,0,0.009998766705393791
angle,1780570146358906301,-0.000156298541696742,0,0.023552006110548973
angle,1780570146397633634,-0.000154763911268674,0,0.00999931525439024
angle,1780570146424909157,-0.000153231914737262,0,0.009999454952776432
angle,1780570146458219058,-0.000151704007294029,0,0.00999956764280796
angle,1780570146491572026,-0.000150181062053889,0,0.00999950710684061
angle,1780570146532972430,-0.000148663384607062,0,0.009999497793614864
angle,1780570146573720946,-0.000147150669363327,0,0.009999586269259453
angle,1780570146603865142,-0.000145642188726924,0,0.009999348782002926
angle,1780570146633528646,-0.000144136865856126,0,0.009999512694776058
angle,1780570146664222407,-0.000142633565701544,0,0.009999615140259266
angle,1780570146697512907,-0.000141131255077198,0,0.009999354369938374
angle,1780570146730033721,-0.000139629046316259,0,0.009999441914260387
angle,1780570146757972125,-0.000138126430101693,0,0.00999950710684061
angle,1780570146783363495,-0.000136623144499026,0,0.010000002570450306
angle,1780570146809285225,-0.000135119407786988,0,0.0099996542558074
angle,1780570146839221001,-0.000133615598315373,0,0.009999508038163185
angle,1780570146879183796,-0.000132112269056961,0,0.009999565780162811
angle,1780570146922995146,-0.000130610045744106,0,0.009999644942581654
angle,1780570146967273539,-0.000129109525005333,0,0.00999950710684061
angle,1780570146999188539,-0.000127611216157675,0,0.009999562054872513
angle,1780570147030140332,-0.000126115468447097,0,0.00999924261122942
angle,1780570147066255128,-0.000124622412840836,0,0.009999493137001991
angle,1780570147118042927,-0.000123132049338892,0,0.009999340400099754
angle,1780570147147815476,-0.000121644166938495,0,0.009999296627938747
angle,1780570147187090469,-0.000120158460049424,0,0.009999421425163746
angle,1780570147234875115,-0.000118674615805503,0,0.009999516420066357
angle,1780570147278004484,-0.000117192284960765,0,0.009999226778745651
angle,1780570147316814747,-0.000115711183752865,0,0.00999938789755106
angle,1780570147354811853,-0.000114231108454987,0,0.009999439120292664
angle,1780570147398577485,-0.000112751964479685,0,0.009999267756938934
angle,1780570147446193348,-0.000111273744550999,0,0.009998793713748455
angle,1780570147480047694,-0.000109796557808295,0,0.00999958161264658
angle,1780570147508225167,-0.000108320564322639,0,0.009999617002904415
angle,1780570147544470985,-0.000106845982372761,0,0.009999576956033707
angle,1780570147590900666,-0.000105372957477812,0,0.009999163448810577
angle,1780570147643904782,-0.000103901700640563,0,0.009998727589845657
angle,1780570147688347576,-0.000102432328276336,0,0.009999450296163559
angle,1780570147726801368,-0.000100964898592792,0,0.009999384172260761
angle,1780570147775461044,-0.00009949944796972,0,0.009999465197324753
angle,1780570147817326239,-0.000098035918199457,0,0.009999023750424385
angle,1780570147859335869,-0.000096574265626259,0,0.009999440982937813
angle,1780570147903812051,-0.000095114337455016,0,0.009998801164329052
angle,1780570147942272602,-0.000093656053650193,0,0.00999948289245367
angle,1780570147978570240,-0.0000921993269003,0,0.009999416768550873
angle,1780570148015232302,-0.000090744091721717,0,0.009999294765293598
angle,1780570148059064261,-0.000089290297182743,0,0.009999428875744343
angle,1780570148095782593,-0.000087837936007418,0,0.009999290108680725
angle,1780570148133148013,-0.000086387037299573,0,0.009999261237680912
angle,1780570148173241612,-0.000084937644714955,0,0.00999875832349062
angle,1780570148207517855,-0.000083489794633351,0,0.009999498724937439
angle,1780570148248972353,-0.000082043574366253,0,0.00999930314719677
angle,1780570148284800434,-0.000080599063949194,0,0.009999364614486694
angle,1780570148322552420,-0.000079156285210047,0,0.009999243542551994
angle,1780570148362279268,-0.000077715252700727,0,0.009999115020036697
angle,1780570148397908107,-0.000076276017352939,0,0.00999944843351841
angle,1780570148429649404,-0.000074838586442638,0,0.009999450296163559
angle,1780570148462323757,-0.000073402901762165,0,0.009998941794037819
angle,1780570148492198417,-0.000071968934207689,0,0.009999535046517849
angle,1780570148522987563,-0.000070536669227295,0,0.009999463334679604
angle,1780570148550959143,-0.000069106099545024,0,0.009999151341617107
angle,1780570148579711745,-0.00006767715967726,0,0.00999968871474266
angle,1780570148613350273,-0.000066249856899958,0,0.009998822584748268
angle,1780570148653949767,-0.000064824205765035,0,0.009999371133744717
angle,1780570148689187033,-0.00006340020627249,0,0.009999362751841545
angle,1780570148724163380,-0.000061977851146366,0,0.009999335743486881
angle,1780570148761878577,-0.00006055718040443,0,0.009999435395002365
angle,1780570148793955105,-0.000059138208598597,0,0.009999223984777927
angle,1780570148819903205,-0.000057720939366845,0,0.009999453090131283
angle,1780570148852354507,-0.000056305427278858,0,0.009999384172260761
angle,1780570148883647819,-0.000054891665058676,0,0.00999963004142046
angle,1780570148915941663,-0.000053479663620237,0,0.009999584406614304
angle,1780570148956073477,-0.00005206942660152,0,0.009999276138842106
angle,1780570148999842816,-0.000050660917622736,0,0.00999964214861393
angle,1780570149043007178,-0.00004925418397761,0,0.009999250061810017
angle,1780570149080634688,-0.00004784916745848,0,0.009999483823776245
angle,1780570149118841673,-0.000046445933548966,0,0.009999329224228859
angle,1780570149165928436,-0.000045044427679386,0,0.009999072179198265
angle,1780570149210377447,-0.000043644678953569,0,0.009999334812164307
angle,1780570149247775985,-0.000042246680095559,0,0.009999354369938374
angle,1780570149273460583,-0.000040850420191418,0,0.009999451227486134
angle,1780570149310243050,-0.000039455928344978,0,0.00999983586370945
angle,1780570149357283573,-0.000038063193642301,0,0.009999868459999561
angle,1780570149406672309,-0.000036672186979558,0,0.00999919418245554
angle,1780570149453518291,-0.000035282962926431,0,0.00999936182051897
angle,1780570149502177905,-0.000033895496017067,0,0.00999901071190834
angle,1780570149551867760,-0.000032509826269234,0,0.009999223053455353
angle,1780570149601233261,-0.000031125960958889,0,0.009999247267842293
angle,1780570149644907534,-0.000029743887353106,0,0.009999586269259453
angle,1780570149691856362,-0.000028363638193696,0,0.009999602101743221
angle,1780570149731219853,-0.000026985195290763,0,0.009999210946261883
angle,1780570149766751020,-0.000025608549549361,0,0.009999418631196022
angle,1780570149799485975,-0.000024233690055553,0,0.009999638423323631
angle,1780570149838766140,-0.00002286064409418,0,0.009999186731874943
angle,1780570149885506775,-0.000021489397113328,0,0.009999336674809456
angle,1780570149925054904,-0.000020119932742091,0,0.009999430738389492
angle,1780570149953753589,-0.000018752294636215,0,0.009999201633036137
angle,1780570149987565375,-0.000017386455510859,0,0.00999946054071188
angle,1780570150014563882,-0.000016022435374907,0,0.009999465197324753
angle,1780570150039431976,-0.000014660265151178,0,0.00999978743493557
angle,1780570150072931076,-0.000013299914826348,0,0.009999672882258892
angle,1780570150099539744,-0.000011941386219405,0,0.009999814443290234
angle,1780570150134826740,-0.000010584672054392,0,0.009999828413128853
angle,1780570150164844277,-0.000009229781426257,0,0.009999816305935383
angle,1780570150189663247,-0.000007876700692577,0,0.009999686852097511
angle,1780570150221391592,-0.000006525453045469,0,0.009999661706387997
angle,1780570150256863487,-0.00000517603393746,0,0.009999782778322697
angle,1780570150284987456,-0.000003828482931567,0,0.009999355301260948
angle,1780570150312084470,-0.000002482790478098,0,0.009999740868806839
angle,1780570150337527628,-0.000001138959078162,0,0.009999580681324005
angle,1780570150377456127,2.03006180755e-7,0,0.009999552741646767
angle,1780570150409742826,0.000001543090547784,0,0.009999509900808334
angle,1780570150446837104,0.00000288128126158,0,0.00999948289245367
angle,1780570150484479468,0.000004217594778311,0,0.009999025613069534
angle,1780570150520398999,0.000005552005859499,0,0.00999892596155405
angle,1780570150555011914,0.000006884525646456,0,0.009999382309615612
angle,1780570150589470065,0.000008215163688874,0,0.009999350644648075
angle,1780570150617564664,0.000009543929081701,0,0.009998839348554611
angle,1780570150647718710,0.000010870827281906,0,0.009999068453907967
angle,1780570150673354948,0.000012195808267279,0,0.009999513626098633
angle,1780570150701139418,0.000013518911146093,0,0.009999889880418777
angle,1780570150732402994,0.000014840131370875,0,0.009999810717999935
angle,1780570150763766204,0.000016159490769496,0,0.00999979954212904
angle,1780570150789819444,0.000017476986613474,0,0.009999795816838741
angle,1780570150824870598,0.000018792625269271,0,0.009999594651162624
angle,1780570150858884503,0.000020106377633056,0,0.009999385103583336
angle,1780570150886838022,0.00002141824188584,0,0.009999863803386688
angle,1780570150913128510,0.000022728194380761,0,0.009999825619161129
angle,1780570150956562100,0.000024036256945692,0,0.00999946054071188
angle,1780570151003039750,0.000025342391381855,0,0.009999578818678856
angle,1780570151037661723,0.000026646563128452,0,0.009999310597777367
angle,1780570151074788195,0.000027948783099419,0,0.009999324567615986
angle,1780570151122501391,0.000029249058570713,0,0.009999359957873821
angle,1780570151171000428,0.000030547398637282,0,0.009999021887779236
angle,1780570151218049944,0.000031843785109231,0,0.00999912153929472
angle,1780570151262919854,0.000033138188882731,0,0.009999214671552181
angle,1780570151310989710,0.000034430649975548,0,0.009999196976423264
angle,1780570151348885114,0.00003572117202566,0,0.009999462403357029
angle,1780570151387923114,0.00003700978049892,0,0.009998676367104053
angle,1780570151436991263,0.000038296464481391,0,0.009998885914683342
angle,1780570151471540877,0.000039581209421158,0,0.009999039582908154
angle,1780570151512057856,0.000040863993490348,0,0.009999560192227364
angle,1780570151538824834,0.000042144831240876,0,0.009999183006584644
angle,1780570151576368218,0.000043423751776572,0,0.00999943446367979
angle,1780570151613749187,0.000044700707803713,0,0.00999928917735815
angle,1780570151650677815,0.000045975728426129,0,0.009999400936067104
angle,1780570151695341217,0.000047248813643819,0,0.009999371133744717
angle,1780570151733880811,0.000048519948904868,0,0.009998873807489872
angle,1780570151770365042,0.000049789097829489,0,0.009999466128647327
angle,1780570151816098368,0.000051056267693639,0,0.009999475441873074
angle,1780570151863035535,0.000052321473049233,0,0.009999346919357777
angle,1780570151902047351,0.000053584702982334,0,0.009999627247452736
angle,1780570151938374619,0.000054845935665071,0,0.00999957975000143
angle,1780570151989402238,0.000056105192925315,0,0.009999509900808334
angle,1780570152034907263,0.00005736249659094,0,0.009999226778745651
angle,1780570152070865886,0.000058617792092264,0,0.009999504312872887
angle,1780570152116025841,0.000059871090343222,0,0.009998729452490807
angle,1780570152157811917,0.000061122402257752,0,0.00999896414577961
angle,1780570152199229869,0.00006237170600798,0,0.009999260306358337
angle,1780570152233182028,0.000063619030697737,0,0.009999055415391922
angle,1780570152273729464,0.000064864339947235,0,0.009999644011259079
angle,1780570152323404186,0.000066107626480516,0,0.009999432601034641
angle,1780570152371135265,0.000067348926677369,0,0.009998863562941551
angle,1780570152431104063,0.000068588225985877,0,0.009999258443713188
angle,1780570152474800662,0.000069825538957957,0,0.009999537840485573
angle,1780570152503240496,0.000071060865593608,0,0.009999353438615799
angle,1780570152538068312,0.000072294169513043,0,0.009999544359743595
angle,1780570152572098159,0.000073525479820091,0,0.009999360889196396
angle,1780570152611870191,0.000074754796514753,0,0.009999669156968594
angle,1780570152645176186,0.000075982105045114,0,0.009999608621001244
angle,1780570152670940975,0.0000772073835833,0,0.009999091736972332
angle,1780570152706681716,0.000078430639405269,0,0.009999416768550873
angle,1780570152742902989,0.000079651872511022,0,0.00999895203858614
angle,1780570152791506291,0.000080871061072685,0,0.009999383240938187
angle,1780570152824396733,0.000082088190538343,0,0.009999005123972893
angle,1780570152860902481,0.000083303304563742,0,0.009999236091971397
angle,1780570152887502727,0.000084516344941221,0,0.009999308735132217
angle,1780570152923017214,0.000085727355326526,0,0.009999418631196022
angle,1780570152961752275,0.000086936313891783,0,0.009998977184295654
angle,1780570153001507292,0.000088143235188909,0,0.009999502450227737
angle,1780570153027913849,0.000089348119217902,0,0.009999134577810764
angle,1780570153056404336,0.000090550973254722,0,0.009999489411711693
angle,1780570153086093934,0.000091751797299366,0,0.00999931339174509
angle,1780570153113935191,0.000092950576799922,0,0.009999466128647327
angle,1780570153142616639,0.000094147297204472,0,0.009999453090131283
angle,1780570153175116267,0.000095341994892806,0,0.009999449364840984
angle,1780570153218264208,0.000096534662588965,0,0.009999318048357964
angle,1780570153260505732,0.000097725256637204,0,0.009999338537454605
angle,1780570153295978051,0.000098913791589439,0,0.0099988654255867
angle,1780570153342102058,0.000100100252893753,0,0.00999868381768465
angle,1780570153376313992,0.000101284647826105,0,0.009999397210776806
angle,1780570153416950029,0.000102466954558622,0,0.009999452158808708
angle,1780570153445115422,0.000103647187643219,0,0.009999921545386314
angle,1780570153477866574,0.00010482533252798,0,0.009999217465519905
angle,1780570153511264747,0.000106001418316737,0,0.009999523870646954
angle,1780570153537985934,0.000107175437733531,0,0.009999055415391922
angle,1780570153567647120,0.000108347376226448,0,0.009999248199164867
angle,1780570153598012262,0.000109517248347402,0,0.009999600239098072
angle,1780570153629541990,0.000110685054096393,0,0.009999842382967472
angle,1780570153661392250,0.00011185077164555,0,0.009999563917517662
angle,1780570153701275727,0.000113014430098701,0,0.00999955553561449
angle,1780570153740054359,0.00011417602217989,0,0.009999455884099007
angle,1780570153776518446,0.000115335526061244,0,0.009999251924455166
angle,1780570153806729558,0.000116492941742763,0,0.009999264031648636
angle,1780570153834716814,0.000117648291052319,0,0.009999522939324379
angle,1780570153865853605,0.000118801530334167,0,0.009999522939324379
angle,1780570153900267475,0.00011995265231235,0,0.009999307803809643
angle,1780570153937844370,0.000121101649710909,0,0.00999954342842102
angle,1780570153971070189,0.000122248558909632,0,0.00999955553561449
angle,1780570154004924722,0.000123393358080648,0,0.009999330155551434
angle,1780570154040057320,0.000124536047223955,0,0.009999253787100315
angle,1780570154076812269,0.000125676626339555,0,0.009999384172260761
angle,1780570154112688368,0.000126815139083192,0,0.009999399073421955
angle,1780570154150147195,0.000127951498143375,0,0.009999384172260761
angle,1780570154185162343,0.00012908577627968,0,0.009999173693358898
angle,1780570154223657406,0.000130217915284447,0,0.009999444708228111
angle,1780570154261092701,0.000131347973365337,0,0.009999467991292477
angle,1780570154295086994,0.000132475906866603,0,0.009999202564358711
angle,1780570154327135416,0.00013360173034016,0,0.009999544359743595
angle,1780570154364786439,0.00013472544378601,0,0.0099994707852602
angle,1780570154396317911,0.000135847032652237,0,0.009999338537454605
angle,1780570154428109609,0.000136966511490755,0,0.009999537840485573
angle,1780570154463203971,0.000138083851197734,0,0.009999589063227177
angle,1780570154500120625,0.000139199066325091,0,0.009998136200010777
angle,1780570154525964388,0.000140312171424739,0,0.009999467059969902
angle,1780570154565259912,0.000141423108289018,0,0.00999955553561449
angle,1780570154596010608,0.000142531906021759,0,0.009999421425163746
angle,1780570154633902462,0.000143638564622961,0,0.009999415837228298
angle,1780570154677771483,0.000144743113196455,0,0.009999467059969902
angle,1780570154716002627,0.00014584552263841,0,0.00999904703348875
angle,1780570154752876019,0.000146945807500742,0,0.009999247267842293
angle,1780570154798695111,0.000148043967783451,0,0.009999578818678856
angle,1780570154846018462,0.000149139988934621,0,0.00999949499964714
angle,1780570154895583473,0.000150233870954253,0,0.009999477304518223
angle,1780570154933187501,0.000151325613842346,0,0.009998848661780357
angle,1780570154967063518,0.0001524152175989,0,0.0099993497133255
angle,1780570154996536897,0.000153502682223916,0,0.009999439120292664
angle,1780570155027978015,0.000154587978613563,0,0.0099995331838727
angle,1780570155067889109,0.000155671150423586,0,0.009999607689678669
angle,1780570155109497270,0.000156752153998241,0,0.009999620728194714
angle,1780570155141247337,0.000157831018441357,0,0.009998776949942112
angle,1780570155171182125,0.000158907714649104,0,0.009999007917940617
angle,1780570155203821390,0.000159982242621481,0,0.009999348782002926
angle,1780570155232213086,0.000161054616910405,0,0.009999486617743969
angle,1780570155262175040,0.000162124837515876,0,0.00999974925071001
angle,1780570155289893877,0.000163192875334062,0,0.009999196045100689
angle,1780570155321936088,0.000164258774020709,0,0.009999331086874008
angle,1780570155353646816,0.000165322504471987,0,0.009999205358326435
angle,1780570155384044854,0.000166384095791727,0,0.009999395348131657
angle,1780570155415916062,0.000167443518876098,0,0.00999891385436058
angle,1780570155444690476,0.000168500788277015,0,0.009999432601034641
angle,1780570155473191207,0.000169555889442563,0,0.009999480098485947
angle,1780570155504337895,0.000170608807820827,0,0.009999377653002739
angle,1780570155530643644,0.000171659557963721,0,0.009999615140259266
angle,1780570155561559657,0.000172708154423162,0,0.009999899193644524
angle,1780570155590963554,0.000173754568095319,0,0.009999836795032024
angle,1780570155620573223,0.000174798842635937,0,0.009999803267419338
angle,1780570155652866464,0.000175840948941186,0,0.009999847039580345
angle,1780570155681123582,0.000176880916114897,0,0.009999869391322136
angle,1780570155709987594,0.000177918715053238,0,0.009999443776905537
angle,1780570155739765192,0.000178954331204295,0,0.00999973900616169
angle,1780570155770955845,0.000179987764568068,0,0.009999595582485199
angle,1780570155801543586,0.000181019000592642,0,0.00999944657087326
angle,1780570155832584120,0.000182048068381846,0,0.00999919231981039
angle,1780570155859891858,0.00018307490972802,0,0.009999575093388557
angle,1780570155889354462,0.000184099582838826,0,0.009999764151871204
angle,1780570155920720726,0.000185122000402771,0,0.00999979954212904
angle,1780570155952682152,0.000186142235179432,0,0.009999841451644897
angle,1780570155988305340,0.000187160272616893,0,0.009999830275774002
angle,1780570156018839168,0.000188176156370901,0,0.009999893605709076
angle,1780570156047635561,0.000189189857337624,0,0.009999792091548443
angle,1780570156082517751,0.000190201404620893,0,0.00999931339174509
angle,1780570156118517340,0.000191210783668794,0,0.009999489411711693
angle,1780570156159108259,0.000192217994481325,0,0.009999669156968594
angle,1780570156207115821,0.000193222978850827,0,0.009999372996389866
angle,1780570156249630255,0.000194225780433044,0,0.009999629110097885
angle,1780570156296935398,0.000195226355572231,0,0.009999438188970089
angle,1780570156334691997,0.000196224718820304,0,0.009999509900808334
angle,1780570156370304869,0.000197220855625346,0,0.009999418631196022
angle,1780570156403214457,0.000198214795091189,0,0.00999957975000143
angle,1780570156446230558,0.000199206522665918,0,0.00999918207526207
angle,1780570156491220445,0.000200196038349532,0,0.00999979954212904
angle,1780570156528299114,0.000201183342142031,0,0.009999427944421768
angle,1780570156565373554,0.000202168463147245,0,0.009999245405197144
angle,1780570156598498843,0.000203151372261345,0,0.00999952107667923
angle,1780570156637565233,0.000204132113140076,0,0.009999535046517849
angle,1780570156682565716,0.000205110642127693,0,0.009999259375035763
angle,1780570156729746224,0.000206086988328025,0,0.009999428875744343
angle,1780570156768464185,0.000207061108085327,0,0.009999626316130161
angle,1780570156810293589,0.000208033030503429,0,0.009999504312872887
angle,1780570156841501890,0.000209002741030417,0,0.009999540634453297
angle,1780570156887913768,0.000209970225114375,0,0.009999089874327183
angle,1780570156922334185,0.000210935511859134,0,0.009999498724937439
angle,1780570156963204476,0.000211898586712778,0,0.009999342262744904
angle,1780570156998852713,0.000212859420571476,0,0.009998708963394165
angle,1780570157027890613,0.000213818057090975,0,0.009999580681324005
angle,1780570157055977449,0.000214774452615529,0,0.00999955739825964
angle,1780570157090016471,0.000215728621697053,0,0.00999936182051897
angle,1780570157122074271,0.000216680578887463,0,0.009999462403357029
angle,1780570157166466443,0.000217630324186757,0,0.00999944843351841
angle,1780570157207093255,0.000218577857594937,0,0.009998895227909088
angle,1780570157235833282,0.000219523179112002,0,0.009999494068324566
angle,1780570157272341505,0.000220466288737953,0,0.009999639354646206
angle,1780570157310673668,0.000221407186472788,0,0.00999892596155405
angle,1780570157346155376,0.000222345857764594,0,0.009999359026551247
angle,1780570157378518537,0.000223282317165285,0,0.009999319911003113
angle,1780570157423620231,0.000224216550122947,0,0.009999512694776058
angle,1780570157453533003,0.000225148542085662,0,0.009999261237680912
angle,1780570157494298802,0.000226078322157264,0,0.00999936368316412
angle,1780570157533336373,0.000227005875785835,0,0.00999878067523241
angle,1780570157565959407,0.000227931188419461,0,0.009998941794037819
angle,1780570157596386872,0.000228854274610057,0,0.009999371133744717
angle,1780570157628006579,0.000229775134357624,0,0.009999438188970089
angle,1780570157656725819,0.000230693753110245,0,0.009999454952776432
angle,1780570157686389162,0.000231610159971751,0,0.009999708272516727
angle,1780570157713072241,0.000232524325838313,0,0.009999359026551247
angle,1780570157750144096,0.000233436323469505,0,0.00999981164932251
angle,1780570157781456666,0.000234346080105752,0,0.009999404661357403
angle,1780570157811793547,0.000235253653954715,0,0.009999791160225868
angle,1780570157844404132,0.000236158972256817,0,0.009999390691518784
angle,1780570157873715341,0.000237062064115889,0,0.009999246336519718
angle,1780570157911167003,0.000237962900428101,0,0.009999443776905537
angle,1780570157946090483,0.000238861510297284,0,0.009999386966228485
angle,1780570157981812590,0.00023975787917152,0,0.009999290108680725
angle,1780570158017359339,0.000240652007050812,0,0.00999942235648632
angle,1780570158063898112,0.000241543864831328,0,0.009999321773648262
angle,1780570158113137227,0.000242433496168815,0,0.009999686852097511
angle,1780570158147673274,0.000243320886511356,0,0.009999365545809269
angle,1780570158182809175,0.000244206050410867,0,0.00999953132122755
angle,1780570158221209979,0.000245089002419263,0,0.009999467059969902
angle,1780570158257598062,0.000245969713432714,0,0.009998354129493237
angle,1780570158300878814,0.00024684818345122,0,0.009999202564358711
angle,1780570158339583332,0.000247724441578612,0,0.00999941024929285
angle,1780570158381894988,0.000248598429607227,0,0.00999976322054863
angle,1780570158413602206,0.000249470205744728,0,0.009999493137001991
angle,1780570158461014496,0.000250339740887284,0,0.00999939814209938
angle,1780570158494319362,0.000251207035034895,0,0.009999615140259266
angle,1780570158550746146,0.000252072117291391,0,0.009999571368098259
angle,1780570158582136928,0.000252934929449111,0,0.009999305941164494
angle,1780570158638878695,0.000253795500611886,0,0.009999576956033707
angle,1780570158686535252,0.000254653859883547,0,0.00999930128455162
angle,1780570158725514101,0.000255509949056432,0,0.009999106638133526
angle,1780570158757941959,0.000256363826338202,0,0.009999362751841545
angle,1780570158798024595,0.000257215433521196,0,0.009999553672969341
angle,1780570158839479127,0.000258064828813076,0,0.009999734349548817
angle,1780570158869502834,0.00025891195400618,0,0.009999293833971024
angle,1780570158912271790,0.000259756838204339,0,0.009999214671552181
angle,1780570158937886056,0.000260599481407553,0,0.009999509900808334
angle,1780570158973396557,0.000261439883615822,0,0.009999276138842106
angle,1780570159003086246,0.000262278044829145,0,0.009999467991292477
angle,1780570159035458246,0.000263113965047523,0,0.00999931525439024
angle,1780570159060212466,0.000263947615167126,0,0.009999120607972145
angle,1780570159089388709,0.000264779082499444,0,0.009999604895710945
angle,1780570159118468832,0.000265608279732987,0,0.009999224916100502
angle,1780570159148072525,0.000266435235971585,0,0.009999126195907593
angle,1780570159180591342,0.000267259922111407,0,0.009999261237680912
angle,1780570159211346478,0.000268082396360114,0,0.009999494068324566
angle,1780570159240163920,0.000268902600510046,0,0.009999707341194153
angle,1780570159275965938,0.000269720534561202,0,0.009999087080359459
angle,1780570159305448901,0.000270536256721243,0,0.009999235160648823
angle,1780570159352646716,0.000271349708782509,0,0.009999480098485947
angle,1780570159392856431,0.00027216094895266,0,0.009999318048357964
angle,1780570159424934535,0.000272969919024035,0,0.009998754598200321
angle,1780570159453004494,0.000273776677204296,0,0.009999495930969715
angle,1780570159482045533,0.000274581194389611,0,0.009999357163906097
angle,1780570159514280663,0.000275383441476151,0,0.009999263100326061
angle,1780570159539650575,0.000276183447567746,0,0.009999385103583336
angle,1780570159571483009,0.000276981212664396,0,0.009999384172260761
angle,1780570159603001201,0.000277776707662269,0,0.009999356232583523
angle,1780570159634562608,0.000278570019872859,0,0.009999312460422516
angle,1780570159659935701,0.000279361061984673,0,0.009999290108680725
angle,1780570159685942508,0.000280149863101542,0,0.009999527595937252
angle,1780570159727131712,0.000280936394119635,0,0.009999512694776058
angle,1780570159767352935,0.000281720713246614,0,0.009999455884099007
angle,1780570159805055584,0.000282502791378647,0,0.009999175556004047
angle,1780570159845585903,0.000283282570308074,0,0.009999316185712814
angle,1780570159877127220,0.000284060137346387,0,0.00999959371984005
angle,1780570159920248537,0.000284835434285924,0,0.009999561123549938
angle,1780570159969552428,0.000285608519334346,0,0.009999110363423824
angle,1780570160008667585,0.000286379334283993,0,0.009999481029808521
angle,1780570160050565143,0.000287147937342525,0,0.00999942235648632
angle,1780570160081037380,0.000287914270302281,0,0.009999464266002178
angle,1780570160122273524,0.000288678362267092,0,0.009999532252550125
angle,1780570160154056669,0.000289440213236958,0,0.009999360889196396
angle,1780570160196081061,0.000290199823211879,0,0.009999601170420647
angle,1780570160224968152,0.000290957192191854,0,0.009999347850680351
angle,1780570160261244539,0.000291712320176885,0,0.009999407455325127
angle,1780570160308125368,0.00029246520716697,0,0.009999416768550873
angle,1780570160346460876,0.000293215824058279,0,0.009999769739806652
angle,1780570160382873469,0.000293964229058474,0,0.009999359957873821
angle,1780570160426688077,0.000294710363959894,0,0.009999201633036137
angle,1780570160464065959,0.000295454257866368,0,0.009999505244195461
angle,1780570160503461677,0.000296195910777897,0,0.009999547153711319
angle,1780570160547046377,0.00029693532269448,0,0.009999397210776806
angle,1780570160582083671,0.000297672493616119,0,0.00999933760613203
angle,1780570160619209621,0.000298407423542812,0,0.009999701753258705
angle,1780570160657388742,0.00029914008337073,0,0.009999382309615612
angle,1780570160692528244,0.000299870531307533,0,0.00999887939542532
angle,1780570160726871936,0.000300598709145561,0,0.009999549947679043
angle,1780570160749926926,0.000301324645988643,0,0.009999928995966911
angle,1780570160775918433,0.000302048370940611,0,0.00999986007809639
angle,1780570160810880861,0.000302769825793803,0,0.009999822825193405
angle,1780570160845518873,0.00030348909785971,0,0.009999874979257584
angle,1780570160883904976,0.000304206128930673,0,0.009999686852097511
angle,1780570160920404764,0.00030492091900669,0,0.009999246336519718
angle,1780570160950389950,0.000305633468087763,0,0.009999215602874756
angle,1780570160976225007,0.00030634377617389,0,0.009999850764870644
angle,1780570161002792269,0.000307051843265072,0,0.009999934583902359
angle,1780570161034796376,0.000307757640257478,0,0.009999876841902733
angle,1780570161065732441,0.000308461225358769,0,0.009999755769968033
angle,1780570161091359401,0.000309162540361285,0,0.00999982375651598
angle,1780570161124839582,0.000309861614368856,0,0.00999983586370945
angle,1780570161152590711,0.000310558476485312,0,0.009999815374612808
angle,1780570161186058771,0.000311253097606823,0,0.009999831207096577
angle,1780570161216953500,0.000311945506837219,0,0.009999139234423637
angle,1780570161246515976,0.00031263567507267,0,0.009999609552323818
angle,1780570161276279937,0.000313323573209345,0,0.009998931549489498
angle,1780570161308339830,0.000314009230351076,0,0.009999483823776245
angle,1780570161335532590,0.000314692646497861,0,0.009999306872487068
angle,1780570161365846967,0.0003153738216497,0,0.009999510832130909
angle,1780570161398742097,0.000316052726702765,0,0.009999449364840984
angle,1780570161426851644,0.000316729419864714,0,0.009998785331845284
angle,1780570161455922658,0.000317403872031718,0,0.009999780915677547
angle,1780570161487869520,0.000318076054099947,0,0.009999437257647514
angle,1780570161516153392,0.000318746024277061,0,0.0099986856803298
angle,1780570161548774311,0.000319413782563061,0,0.009999665431678295
angle,1780570161579038091,0.000320079299854115,0,0.009999396279454231
angle,1780570161609768842,0.000320742605254054,0,0.009999179281294346
angle,1780570161649735253,0.000321403669659048,0,0.009999394416809082
angle,1780570161690471974,0.000322062522172928,0,0.009999171830713749
angle,1780570161746246459,0.000322719133691862,0,0.009999011643230915
angle,1780570161784939420,0.000323373533319682,0,0.009999369271099567
angle,1780570161817275113,0.000324025691952556,0,0.009999451227486134
angle,1780570161847550422,0.000324675609590486,0,0.009999510832130909
angle,1780570161879474731,0.0003253233153373,0,0.009999634698033333
angle,1780570161908967863,0.000325968809193,0,0.009999340400099754
angle,1780570161937891003,0.000326612062053755,0,0.009999321773648262
angle,1780570161963880979,0.000327253103023395,0,0.009999731555581093
angle,1780570162009916713,0.00032789190299809,0,0.009999435395002365
angle,1780570162045361117,0.00032852849108167,0,0.009999568574130535
angle,1780570162083066767,0.000329162838170305,0,0.009998931549489498
angle,1780570162121546571,0.000329794973367825,0,0.009999208152294159
angle,1780570162156641835,0.000330424896674231,0,0.00999905914068222
angle,1780570162191985786,0.000331052549881861,0,0.009999425150454044
angle,1780570162229456378,0.000331677991198376,0,0.009999595582485199
angle,1780570162263543115,0.000332301220623776,0,0.00999953132122755
angle,1780570162297372139,0.000332922209054232,0,0.009999438188970089
angle,1780570162334606905,0.000333541014697403,0,0.009999418631196022
angle,1780570162373202238,0.000334157579345629,0,0.00999893993139267
angle,1780570162411368632,0.00033477196120657,0,0.009999604895710945
angle,1780570162445078415,0.000335384102072567,0,0.009999467059969902
angle,1780570162479510510,0.000335994060151279,0,0.009999559260904789
angle,1780570162531744144,0.000336601777235046,0,0.009999530389904976
angle,1780570162564927714,0.000337207282427698,0,0.009999358095228672
angle,1780570162600022146,0.000337810575729236,0,0.009999153204262257
angle,1780570162649800954,0.000338411657139659,0,0.009999159723520279
angle,1780570162696556812,0.000339010526658967,0,0.00999948289245367
angle,1780570162733776366,0.00033960715518333,0,0.009999539703130722
angle,1780570162768203188,0.000340201571816579,0,0.009999026544392109
angle,1780570162806322906,0.000340793922077864,0,0.010001259855926037
angle,1780570162840553846,0.000341383944032714,0,0.009999221190810204
angle,1780570162877470478,0.000341971724992618,0,0.009999290108680725
angle,1780570162917210964,0.000342557294061407,0,0.009999177418649197
angle,1780570162951755521,0.000343140651239082,0,0.009999359026551247
angle,1780570162982281456,0.000343721796525642,0,0.009999524801969528
angle,1780570163013182254,0.000344300759024918,0,0.009999479167163372
angle,1780570163053342653,0.000344879168551415,0,0.010027645155787468
angle,1780570163096734303,0.000345453736372292,0,0.00999901071190834
angle,1780570163130852534,0.000346026092302054,0,0.009999295696616173
angle,1780570163160693791,0.000346596265444532,0,0.009999405592679977
angle,1780570163204961826,0.000347164197592065,0,0.009999185800552368
angle,1780570163241064760,0.000347729976056144,0,0.009999415837228298
angle,1780570163277750178,0.000348293513525277,0,0.009999452158808708
angle,1780570163309180096,0.000348854868207127,0,0.009999670088291168
angle,1780570163337642675,0.000349414040101692,0,0.009999286383390427
angle,1780570163366629844,0.000349971000105143,0,0.00999954529106617
angle,1780570163401168689,0.000350525777321309,0,0.0099992286413908
angle,1780570163427811829,0.00035107834264636,0,0.009999191388487816
angle,1780570163455818935,0.000351628725184128,0,0.009999639354646206
angle,1780570163488489778,0.00035217689583078,0,0.00999926682561636
angle,1780570163534093939,0.000352722912793979,0,0.009999350644648075
angle,1780570163577993465,0.000353266717866063,0,0.00999942421913147
angle,1780570163609750277,0.000353808311047032,0,0.009999541565775871
angle,1780570163640245054,0.000354347721440718,0,0.009999270550906658
angle,1780570163671134068,0.000354884978150949,0,0.00999950896948576
angle,1780570163700250039,0.000355420022970065,0,0.009999489411711693
angle,1780570163736536425,0.000355952885001898,0,0.00999957975000143
angle,1780570163781026396,0.000356483564246446,0,0.009999342262744904
angle,1780570163821366986,0.00035701206070371,0,0.009999485686421394
angle,1780570163847748889,0.000357538374373689,0,0.00999931339174509
angle,1780570163883382248,0.000358062505256385,0,0.009999494068324566
angle,1780570163908655792,0.000358584453351796,0,0.009999171830713749
angle,1780570163943880107,0.000359104218659922,0,0.009999546222388744
angle,1780570163983520140,0.000359621801180765,0,0.00999954342842102
angle,1780570164029756864,0.000360137200914323,0,0.009999320842325687
angle,1780570164063684935,0.000360650417860597,0,0.009998776018619537
angle,1780570164099005943,0.000361161481123418,0,0.009999491274356842
angle,1780570164137061460,0.000361670332495123,0,0.009999443776905537
angle,1780570164172606645,0.000362177030183375,0,0.009999620728194714
angle,1780570164219948014,0.000362681574188173,0,0.009999046102166176
angle,1780570164269140169,0.000363183935405686,0,0.009999607689678669
angle,1780570164317863678,0.000363684113835916,0,0.009999516420066357
angle,1780570164365320293,0.000364182167686522,0,0.00999930314719677
angle,1780570164409385895,0.000364678009646013,0,0.009999103844165802
angle,1780570164460309895,0.000365171727025881,0,0.009999489411711693
angle,1780570164497793839,0.000365663261618465,0,0.00999932736158371
angle,1780570164531144664,0.000366152613423765,0,0.009999146685004234
angle,1780570164579344122,0.00036663981154561,0,0.009999191388487816
angle,1780570164615677681,0.000367124826880172,0,0.009999306872487068
angle,1780570164656931172,0.00036760768853128,0,0.009999404661357403
angle,1780570164689547678,0.000368088396498933,0,0.00999903492629528
angle,1780570164729285877,0.000368566950783134,0,0.009998973459005356
angle,1780570164769733219,0.000369043322280049,0,0.009998798370361328
angle,1780570164819314178,0.000369517540093511,0,0.009999550879001617
angle,1780570164865800160,0.00036998960422352,0,0.009999367408454418
angle,1780570164916524975,0.000370459514670074,0,0.009998765774071217
angle,1780570164955746287,0.000370927271433175,0,0.009999173693358898
angle,1780570164982360911,0.000371392874512821,0,0.009999715723097324
angle,1780570165016267681,0.000371856353012845,0,0.009999288246035576
angle,1780570165044954755,0.000372317677829415,0,0.009999495930969715
angle,1780570165087120675,0.000372776878066361,0,0.009999372996389866
angle,1780570165129304668,0.000373233924619853,0,0.009999505244195461
angle,1780570165167867471,0.000373688846593723,0,0.009999332949519157
angle,1780570165198277996,0.000374141614884138,0,0.009999657049775124
angle,1780570165228932999,0.00037459225859493,0,0.009999586269259453
angle,1780570165268920780,0.000375040748622268,0,0.009999345056712627
angle,1780570165311788171,0.000375487114069983,0,0.00999930128455162
angle,1780570165347975129,0.000375931296730414,0,0.009999198839068413
angle,1780570165377373656,0.000376373383915052,0,0.009999442845582962
angle,1780570165407010056,0.000376813288312405,0,0.009999253787100315
angle,1780570165432531124,0.000377251097233966,0,0.009999514557421207
angle,1780570165461137740,0.000377686723368242,0,0.009998947381973267
angle,1780570165494123152,0.000378120254026726,0,0.009999595582485199
angle,1780570165526466748,0.000378551631001756,0,0.009999378584325314
angle,1780570165568702446,0.000378980883397162,0,0.00999932736158371
angle,1780570165609082997,0.000379408011212945,0,0.009999340400099754
angle,1780570165645452894,0.000379834353225306,0,0.01003163494169712
angle,1780570165675268413,0.000380257231881842,0,0.00999920628964901
angle,1780570165722464248,0.000380678015062585,0,0.00999949499964714
angle,1780570165756736974,0.000381096644559875,0,0.009999412111938
angle,1780570165791234132,0.000381513178581372,0,0.009999413043260574
angle,1780570165827724119,0.000381927588023245,0,0.009999697096645832
angle,1780570165857169139,0.000382339901989326,0,0.009999383240938187
angle,1780570165889367706,0.000382750091375783,0,0.009999338537454605
angle,1780570165927394739,0.000383158156182617,0,0.009999002330005169
angle,1780570165960334781,0.000383564096409827,0,0.009999233298003674
angle,1780570165995137710,0.000383967941161245,0,0.009999283589422703
angle,1780570166029505419,0.000384369632229209,0,0.009999851696193218
angle,1780570166062116793,0.00038476922782138,0,0.009999213740229607
angle,1780570166092665139,0.000385166727937758,0,0.009999537840485573
angle,1780570166129169238,0.000385562103474513,0,0.00999949686229229
angle,1780570166174880589,0.000385955412639305,0,0.009999789297580719
angle,1780570166211834009,0.000386346597224474,0,0.00999904703348875
angle,1780570166249781298,0.00038673571543768,0,0.009999463334679604
angle,1780570166286103407,0.000387122709071264,0,0.009999061934649944
angle,1780570166325096365,0.000387507607229054,0,0.009999417699873447
angle,1780570166357807522,0.000387890439014882,0,0.009999639354646206
angle,1780570166394099257,0.000388271146221086,0,0.009999589994549751
angle,1780570166430394399,0.000388649757951498,0,0.009998833760619164
angle,1780570166467158233,0.000389026274206117,0,0.009999288246035576
angle,1780570166511157624,0.000389400694984943,0,0.00999955553561449
angle,1780570166560933536,0.000389773020287976,0,0.009999552741646767
angle,1780570166609220043,0.000390143250115216,0,0.009999396279454231
angle,1780570166659658590,0.000390511413570493,0,0.00999935157597065
angle,1780570166690999621,0.000390877481549978,0,0.009998894296586514
angle,1780570166727890685,0.000391241483157501,0,0.009999509900808334
angle,1780570166773280856,0.00039160338928923,0,0.009998900815844536
angle,1780570166807908043,0.000391963229048997,0,0.009999047964811325
angle,1780570166835563874,0.000392320973332971,0,0.00999892596155405
angle,1780570166871963557,0.000392676651244983,0,0.009999440051615238
angle,1780570166909126324,0.000393030262785032,0,0.009999454021453857
angle,1780570166947292324,0.000393381778849289,0,0.009999455884099007
angle,1780570166981955068,0.000393731257645413,0,0.009999086149036884
angle,1780570167017553379,0.000394078640965745,0,0.009999467059969902
angle,1780570167062629526,0.000394423987017944,0,0.00999903492629528
angle,1780570167097093072,0.000394767237594351,0,0.009999389760196209
angle,1780570167138801038,0.000395108450902626,0,0.009998899884521961
angle,1780570167183171332,0.000395447597838938,0,0.00999941024929285
angle,1780570167220510538,0.000395784678403288,0,0.009999075904488564
angle,1780570167256009413,0.000396119692595676,0,0.009999210946261883
angle,1780570167291498186,0.000396452669519931,0,0.009999481961131096
angle,1780570167330857611,0.000396783550968394,0,0.009999236091971397
angle,1780570167364397264,0.000397112395148724,0,0.009999231435358524
angle,1780570167400658430,0.000397439172957093,0,0.00999953132122755
angle,1780570167446221751,0.000397763913497329,0,0.009999485686421394
angle,1780570167496985457,0.000398086616769433,0,0.009999211877584457
angle,1780570167533325076,0.000398407282773405,0,0.00999927893280983
angle,1780570167578624077,0.000398725882405415,0,0.009999485686421394
angle,1780570167618039188,0.000399042473873124,0,0.00999982375651598
angle,1780570167650789088,0.000399356998968869,0,0.00999975111335516
angle,1780570167686876689,0.000399669486796483,0,0.009999720379710197
angle,1780570167737963292,0.000399979966459796,0,0.009999014437198639
angle,1780570167785222451,0.000400288408854976,0,0.00999926496297121
angle,1780570167821670412,0.000400594813982025,0,0.00999925285577774
angle,1780570167864310547,0.000400899152737111,0,0.009999364614486694
angle,1780570167908658435,0.000401201483327895,0,0.009999397210776806
angle,1780570167953242892,0.000401501747546718,0,0.009999105706810951
angle,1780570167988487192,0.000401800003601238,0,0.009999445639550686
angle,1780570168030158310,0.000402096193283796,0,0.009999237954616547
angle,1780570168061865188,0.000402390374802053,0,0.00999937579035759
angle,1780570168100019866,0.000402682519052178,0,0.009999269619584084
angle,1780570168144101047,0.000402972655138001,0,0.009998487308621407
angle,1780570168180447804,0.000403260783059523,0,0.009998585097491741
angle,1780570168217033956,0.000403546902816743,0,0.009999658912420273
angle,1780570168265532571,0.000403830985305831,0,0.009998568333685398
angle,1780570168313316700,0.000404113059630617,0,0.00999936182051897
angle,1780570168360898168,0.000404393125791103,0,0.009999125264585018
angle,1780570168409797339,0.000404671154683456,0,0.009999397210776806
angle,1780570168453581644,0.000404947233619168,0,0.009999427013099194
angle,1780570168494624780,0.000405221275286749,0,0.009999198839068413
angle,1780570168530755628,0.000405493337893859,0,0.009999514557421207
angle,1780570168574225333,0.000405763421440497,0,0.00999924074858427
angle,1780570168611625987,0.000406031467719004,0,0.009999196976423264
angle,1780570168651069217,0.000406297564040869,0,0.009999319911003113
angle,1780570168685807832,0.000406561623094603,0,0.009999170899391174
angle,1780570168721474833,0.000406823703087866,0,0.009999184869229794
angle,1780570168771974136,0.000407083804020658,0,0.009999445639550686
angle,1780570168805780503,0.000407341896789148,0,0.009999481961131096
angle,1780570168841008283,0.000407597981393337,0,0.009999629110097885
angle,1780570168885498149,0.000407852086937055,0,0.009999469853937626
angle,1780570168919515300,0.000408104213420302,0,0.009999452158808708
angle,1780570168959106933,0.000408354360843077,0,0.009999074041843414
angle,1780570168997110826,0.000408602500101551,0,0.009999056346714497
angle,1780570169033722594,0.000408848689403385,0,0.009999538771808147
angle,1780570169069296733,0.000409092870540917,0,0.009999553672969341
angle,1780570169118182255,0.000409335101721808,0,0.009999215602874756
angle,1780570169154779670,0.000409575353842229,0,0.00999926496297121
angle,1780570169203010265,0.000409813626902178,0,0.0099992286413908
angle,1780570169241436422,0.000410049950005487,0,0.009999331086874008
angle,1780570169286112693,0.000410329434089363,0,0.01193290390074253
angle,1780570169320027574,0.000410561566241086,0,0.009998364374041557
angle,1780570169370283196,0.000410791719332337,0,0.009999552741646767
angle,1780570169410077086,0.000411019864259288,0,0.009998473338782787
angle,1780570169455172577,0.000411246001021937,0,0.009999372065067291
angle,1780570169509455126,0.000411470129620284,0,0.009999523870646954
angle,1780570169546785100,0.00041169225005433,0,0.009999419562518597
angle,1780570169580541203,0.000411912420531735,0,0.009999285452067852
angle,1780570169627832742,0.000412130641052499,0,0.009999443776905537
angle,1780570169679145217,0.000412346911616623,0,0.00999936182051897
angle,1780570169719903632,0.000412561261327937,0,0.00999930314719677
angle,1780570169764000147,0.000412773690186441,0,0.009999430738389492
angle,1780570169803535255,0.000412984227295965,0,0.009999396279454231
angle,1780570169851073456,0.000413192843552679,0,0.009998288005590439
angle,1780570169891874613,0.000413399538956583,0,0.00999807845801115
angle,1780570169940254831,0.000413604284403846,0,0.009999489411711693
angle,1780570169980013018,0.000413807079894468,0,0.009999299421906471
angle,1780570170021685843,0.000414007954532281,0,0.009999389760196209
angle,1780570170064760319,0.000414206879213452,0,0.009999368339776993
angle,1780570170100865609,0.000414403853937984,0,0.009999318048357964
angle,1780570170136207040,0.000414598907809705,0,0.009999443776905537
angle,1780570170176251300,0.000414792040828615,0,0.009999587200582027
angle,1780570170212572480,0.000414983252994716,0,0.009999669156968594
angle,1780570170265129090,0.000415172544308007,0,0.009999512694776058
angle,1780570170302604684,0.000415359914768487,0,0.009999211877584457
angle,1780570170341164471,0.000415545393479988,0,0.009999489411711693
angle,1780570170376270927,0.000415728951338679,0,0.009999695234000683
angle,1780570170417602896,0.00041591061744839,0,0.00999924074858427
angle,1780570170452360596,0.00041609036270529,0,0.009999314323067665
angle,1780570170494937623,0.000416268216213211,0,0.009998532943427563
angle,1780570170532166364,0.000416444148868322,0,0.009999607689678669
angle,1780570170579778189,0.000416618160670623,0,0.009999471716582775
angle,1780570170623151603,0.000416790280723944,0,0.009999142028391361
angle,1780570170657806296,0.000416960509028286,0,0.009999170899391174
angle,1780570170694864815,0.000417128816479817,0,0.009999437257647514
angle,1780570170734106268,0.000417295232182369,0,0.009999377653002739
angle,1780570170775224638,0.000417459756135941,0,0.009998875670135021
angle,1780570170811483391,0.000417622388340533,0,0.00999982375651598
angle,1780570170864961930,0.000417783128796145,0,0.009999874979257584
angle,1780570170900380776,0.000417942035710439,0,0.009999440982937813
angle,1780570170940262284,0.000418099050875753,0,0.009999112226068974
angle,1780570170968053791,0.000418254174292088,0,0.009999452158808708
angle,1780570171004541880,0.000418407435063273,0,0.009999394416809082
angle,1780570171047919370,0.000418558833189309,0,0.009999322704970837
angle,1780570171087330988,0.000418708339566365,0,0.009999719448387623
angle,1780570171123750663,0.000418855983298272,0,0.009999462403357029
angle,1780570171168553056,0.000419001735281199,0,0.009999338537454605
angle,1780570171221603643,0.000419145624618977,0,0.009999529458582401
angle,1780570171254550081,0.000419287622207776,0,0.009998771362006664
angle,1780570171288945710,0.000419427757151425,0,0.009999075904488564
angle,1780570171325640873,0.000419566058553755,0,0.009999356232583523
angle,1780570171364008747,0.000419702468207106,0,0.009999455884099007
angle,1780570171407949142,0.000419837015215307,0,0.009999386966228485
angle,1780570171440963397,0.00041996972868219,0,0.009999516420066357
angle,1780570171472100858,0.000420100608607754,0,0.009998993016779423
angle,1780570171508800925,0.000420229625888169,0,0.00999915786087513
angle,1780570171557265914,0.000420356809627265,0,0.009999467991292477
angle,1780570171604319804,0.000420482130721211,0,0.00999927707016468
angle,1780570171641185294,0.00042060564737767,0,0.009998743422329426
angle,1780570171680917688,0.000420727301388979,0,0.009999221190810204
angle,1780570171712840123,0.000420847121858969,0,0.00999956764280796
angle,1780570171755966113,0.00042096507968381,0,0.009998394176363945
angle,1780570171796095266,0.000421081233071163,0,0.009999193251132965
angle,1780570171839491294,0.000421195523813367,0,0.009999372065067291
angle,1780570171879083023,0.000421308010118082,0,0.009998994879424572
angle,1780570171915827317,0.000421418662881479,0,0.009999304078519344
angle,1780570171967561939,0.000421527482103556,0,0.009998897090554237
angle,1780570172005279670,0.000421634467784315,0,0.009999096393585205
angle,1780570172039851171,0.000421739649027586,0,0.00999945867806673
angle,1780570172092686163,0.000421842996729538,0,0.009999706409871578
angle,1780570172129210933,0.000421944569097832,0,0.009999407455325127
angle,1780570172167238106,0.000422044307924807,0,0.009999305941164494
angle,1780570172224101025,0.000422142271418124,0,0.009998741559684277
angle,1780570172263484035,0.000422238430473953,0,0.009999444708228111
angle,1780570172304157403,0.000422332785092294,0,0.009998851455748081
angle,1780570172347042050,0.000422425306169316,0,0.009998805820941925
angle,1780570172383582926,0.00042251602280885,0,0.009999249130487442
angle,1780570172423779725,0.000422604964114726,0,0.009999159723520279
angle,1780570172469221899,0.000422692071879283,0,0.009999088011682034
angle,1780570172510357440,0.000422777404310182,0,0.009999196045100689
angle,1780570172545682878,0.000422860932303593,0,0.009999171830713749
angle,1780570172580927205,0.000422942655859515,0,0.009999345056712627
angle,1780570172621582410,0.00042302263318561,0,0.009999388828873634
angle,1780570172667232078,0.000423100806074217,0,0.009999452158808708
angle,1780570172705714163,0.000423177203629166,0,0.009999699890613556
angle,1780570172746250895,0.000423251825850457,0,0.009999425150454044
angle,1780570172782073792,0.000423324701841921,0,0.009999125264585018
angle,1780570172826561129,0.000423395802499726,0,0.009999480098485947
angle,1780570172862340436,0.000423465127823874,0,0.009999270550906658
angle,1780570172905765225,0.000423532677814364,0,0.009999449364840984
angle,1780570172942055743,0.000423598452471197,0,0.009999368339776993
angle,1780570172985175244,0.000423662480898201,0,0.009999245405197144
angle,1780570173033072559,0.000423724733991548,0,0.009998890571296215
angle,1780570173079699532,0.000423785211751238,0,0.009999249130487442
angle,1780570173115572228,0.000423843914177269,0,0.009999468922615051
angle,1780570173155135221,0.000423900870373473,0,0.009999481961131096
angle,1780570173203173800,0.000423956080339849,0,0.00999966636300087
angle,1780570173253085047,0.000424009514972568,0,0.009999416768550873
angle,1780570173296231871,0.000424061232479289,0,0.00999949686229229
angle,1780570173332206179,0.000424111203756183,0,0.009999445639550686
angle,1780570173371173595,0.00042415942880325,0,0.009999285452067852
angle,1780570173417926398,0.00042420593672432,0,0.009998831897974014
angle,1780570173466523693,0.000424250698415563,0,0.009999210014939308
angle,1780570173513504719,0.000424293713876978,0,0.009998604655265808
angle,1780570173563326805,0.000424335128627717,0,0.01003000233322382
angle,1780570173612462830,0.000424374680733308,0,0.009999258443713188
angle,1780570173644285272,0.000424412486609071,0,0.00994966272264719
angle,1780570173681515227,0.000424448429839686,0,0.009999618865549564
angle,1780570173735716404,0.000424482364905998,0,0.009999255649745464
angle,1780570173784558508,0.000424514495534822,0,0.0099995331838727
angle,1780570173827178126,0.00042454490903765,0,0.009999561123549938
angle,1780570173876578839,0.000424573692725971,0,0.009999493137001991
angle,1780570173926593898,0.000424600933911279,0,0.009999052621424198
angle,1780570173967544340,0.000424626690801233,0,0.009998967871069908
angle,1780570174010918729,0.000424650905188173,0,0.009999021887779236
angle,1780570174053878775,0.000424673577072099,0,0.00999972689896822
angle,1780570174094829916,0.000424694619141519,0,0.00999942235648632
angle,1780570174128678553,0.000424714031396434,0,0.009999362751841545
angle,1780570174177775958,0.000424731697421521,0,0.009999405592679977
angle,1780570174217213602,0.000424747617216781,0,0.009999376721680164
angle,1780570174256657818,0.000424761732574552,0,0.009999442845582962
angle,1780570174296504707,0.000424774043494835,0,0.009999584406614304
angle,1780570174336179625,0.000424784579081461,0,0.00999893993139267
angle,1780570174372895452,0.000424793281126767,0,0.009999509900808334
angle,1780570174411199955,0.000424800266046077,0,0.00999963004142046
angle,1780570174452143323,0.00042480553383939,0,0.009999711066484451
angle,1780570174491207622,0.000424809113610536,0,0.009999413974583149
angle,1780570174534825614,0.000424811063567176,0,0.009999347850680351
angle,1780570174569393892,0.000424811383709311,0,0.009999537840485573
angle,1780570174609998747,0.000424810103140771,0,0.00999926496297121
angle,1780570174651985114,0.000424807221861556,0,0.009999372065067291
angle,1780570174692686105,0.000424802739871666,0,0.009999342262744904
angle,1780570174730469992,0.00042479662806727,0,0.009999371133744717
angle,1780570174769997015,0.000424788886448368,0,0.00999937579035759
angle,1780570174813192597,0.0004247794568073,0,0.009999293833971024
angle,1780570174851048351,0.000424768397351727,0,0.009998257271945477
angle,1780570174892318382,0.000424755620770156,0,0.009999573230743408
angle,1780570174929503512,0.000424741156166419,0,0.009998572058975697
angle,1780570174969180315,0.000424725032644346,0,0.009999183937907219
angle,1780570175004806363,0.000424707221100107,0,0.009999402798712254
angle,1780570175042506073,0.000424687721533701,0,0.009998628869652748
angle,1780570175078540579,0.000424666592152789,0,0.009999141097068787
angle,1780570175127273272,0.000424643832957372,0,0.009999123401939869
angle,1780570175163019568,0.000424619414843619,0,0.009999429807066917
angle,1780570175208636578,0.000424593425123021,0,0.009999568574130535
angle,1780570175259924340,0.000424565805587918,0,0.009999163448810577
angle,1780570175305988919,0.000424536614445969,0,0.009999390691518784
angle,1780570175343537105,0.000424505793489516,0,0.009999076835811138
angle,1780570175380979016,0.000424473371822387,0,0.009999358095228672
angle,1780570175417231918,0.000424439349444583,0,0.009999471716582775
angle,1780570175452317209,0.000424403726356104,0,0.009999264031648636
angle,1780570175496649507,0.000424366473453119,0,0.009999187663197517
angle,1780570175534282817,0.000424327590735629,0,0.009999635629355907
angle,1780570175575909051,0.000424287078203633,0,0.009999582543969154
angle,1780570175618827864,0.000424244964960963,0,0.009999487549066544
angle,1780570175671221485,0.000424201251007617,0,0.009999473579227924
angle,1780570175714894053,0.000424155907239765,0,0.009999055415391922
angle,1780570175761930284,0.000424108962761238,0,0.009999217465519905
angle,1780570175810178958,0.000424060446675867,0,0.00999901257455349
angle,1780570175858108338,0.00042401032987982,0,0.009999191388487816
angle,1780570175904628256,0.000423958612373099,0,0.00999956764280796
angle,1780570175955499033,0.000423905294155702,0,0.009998895227909088
angle,1780570176014606649,0.000423850433435291,0,0.009999258443713188
angle,1780570176059637189,0.000423794001108035,0,0.009998643770813942
angle,1780570176101549887,0.000423735909862444,0,0.010008175857365131
angle,1780570176132885808,0.000423676334321499,0,0.009999866597354412
angle,1780570176161916104,0.000423615158069879,0,0.0099998340010643
angle,1780570176197567655,0.000423552439315245,0,0.009999887086451054
angle,1780570176233793165,0.000423488148953766,0,0.009999816305935383
angle,1780570176261689904,0.000423422286985442,0,0.009999845176935196
angle,1780570176286825139,0.000423354882514104,0,0.009999720379710197
angle,1780570176320706423,0.000423285935539752,0,0.009999750182032585
angle,1780570176348295463,0.000423215387854725,0,0.009999343194067478
angle,1780570176383817467,0.000423143326770514,0,0.009999558329582214
angle,1780570176412117136,0.000423069664975628,0,0.009999719448387623
angle,1780570176449374278,0.000422994460677728,0,0.009999462403357029
angle,1780570176490600583,0.000422917713876814,0,0.0099992910400033
angle,1780570176522053614,0.000422839395469055,0,0.009999570436775684
angle,1780570176554551176,0.000422759563662112,0,0.009999706409871578
angle,1780570176592115468,0.000422678160248324,0,0.00999931339174509
angle,1780570176623147482,0.000422595243435353,0,0.009998989291489124
angle,1780570176650321471,0.000422510784119368,0,0.009999396279454231
angle,1780570176682297254,0.000422424811404198,0,0.009999440982937813
angle,1780570176709082266,0.000422337296186015,0,0.009999399073421955
angle,1780570176743895070,0.000422248296672478,0,0.009999478235840797
angle,1780570176775949737,0.000422157754655927,0,0.009999388828873634
angle,1780570176808401288,0.000422065699240193,0,0.009999308735132217
angle,1780570176849362523,0.000421972130425274,0,0.009999427013099194
angle,1780570176890878894,0.000421877077315003,0,0.009999421425163746
angle,1780570176923894012,0.000421780481701717,0,0.009999308735132217
angle,1780570176951125793,0.000421682372689247,0,0.009999577887356281
angle,1780570176980123539,0.000421582779381424,0,0.009999428875744343
angle,1780570177017257830,0.000421481672674417,0,0.00999957975000143
angle,1780570177051583947,0.000421379052568227,0,0.009999432601034641
angle,1780570177090217226,0.000421274948166683,0,0.009999548085033894
angle,1780570177124624456,0.000421169330365956,0,0.00999908335506916
angle,1780570177166110846,0.000421062228269875,0,0.009999290108680725
angle,1780570177198993644,0.000420953641878441,0,0.009999400936067104
angle,1780570177236484761,0.000420843571191654,0,0.009999532252550125
angle,1780570177281966820,0.000420732016209513,0,0.009999428875744343
angle,1780570177317078089,0.000420618976932019,0,0.009999647736549377
angle,1780570177354366506,0.000420504482463002,0,0.009999345056712627
angle,1780570177389122759,0.000420388503698632,0,0.009999536909162998
angle,1780570177425937066,0.000420271040638909,0,0.009999288246035576
angle,1780570177462493212,0.000420152122387663,0,0.009999285452067852
angle,1780570177495911731,0.000420031748944893,0,0.009998977184295654
angle,1780570177530168930,0.000419909891206771,0,0.009999525733292103
angle,1780570177568514323,0.000419786578277126,0,0.009998696856200695
angle,1780570177602559947,0.000419661810155958,0,0.0099993497133255
angle,1780570177644588248,0.000419535586843267,0,0.009999467991292477
angle,1780570177676860006,0.000419407879235223,0,0.009999432601034641
angle,1780570177711362687,0.000419278745539486,0,0.009999562986195087
angle,1780570177746334210,0.000419148156652227,0,0.009999455884099007
angle,1780570177786493297,0.000419016141677275,0,0.009999347850680351
angle,1780570177822168325,0.000418882671510801,0,0.009998890571296215
angle,1780570177862604898,0.000418747775256634,0,0.009999268688261509
angle,1780570177906011213,0.000418611452914774,0,0.009999238885939121
angle,1780570177955086568,0.000418473675381392,0,0.009998997673392296
angle,1780570177991322711,0.000418334471760318,0,0.009999173693358898
angle,1780570178030116045,0.000418193842051551,0,0.009999132715165615
angle,1780570178075643158,0.000418051786255091,0,0.009999498724937439
angle,1780570178119814092,0.00041790833347477,0,0.009999005123972893
angle,1780570178158287334,0.000417763425502926,0,0.009999286383390427
angle,1780570178199255012,0.00041761712054722,0,0.009998873807489872
angle,1780570178239820609,0.000417469389503822,0,0.009999276138842106
angle,1780570178286610935,0.000417320261476561,0,0.009999517351388931
angle,1780570178326867511,0.000417169707361609,0,0.00999884121119976
angle,1780570178366110451,0.000417017785366625,0,0.009997904300689697
angle,1780570178409233271,0.000416864408180118,0,0.009999440051615238
angle,1780570178453945322,0.000416709663113579,0,0.00999851617962122
angle,1780570178493917450,0.000416553521063179,0,0.009999395348131657
angle,1780570178528319600,0.000416395982028916,0,0.009999262169003487
angle,1780570178574248512,0.000416237046010792,0,0.009999239817261696
angle,1780570178607982765,0.000416076713008806,0,0.009999258443713188
angle,1780570178651831566,0.000415915012126788,0,0.009999535046517849
angle,1780570178685222081,0.000415751943364739,0,0.00999942421913147
angle,1780570178729786881,0.000415587506722659,0,0.009999602101743221
angle,1780570178769956309,0.000415421673096716,0,0.009999286383390427
angle,1780570178821028132,0.000415254471590742,0,0.009999118745326996
angle,1780570178864873924,0.000415085902204737,0,0.009999412111938
angle,1780570178912971886,0.0004149159649387,0,0.009999333880841732
angle,1780570178960234761,0.000414744630688801,0,0.009999443776905537
angle,1780570179007854575,0.000414571957662702,0,0.009998909197747707
angle,1780570179057379277,0.00041439791675657,0,0.009999084286391735
angle,1780570179105123801,0.000414222507970408,0,0.009998723864555359
angle,1780570179155522150,0.000414045760408044,0,0.009999160654842854
angle,1780570179199589009,0.000413867644965649,0,0.009998690336942673
angle,1780570179248528906,0.000413688190747052,0,0.009999485686421394
angle,1780570179283008994,0.000413507368648425,0,0.009998594410717487
angle,1780570179308995466,0.000413325236877427,0,0.009999808855354786
angle,1780570179344116487,0.000413141737226397,0,0.009999703615903854
angle,1780570179377769033,0.000412956927902997,0,0.009999483823776245
angle,1780570179416717268,0.000412770808907226,0,0.009999621659517288
angle,1780570179464195320,0.000412583351135254,0,0.00999902468174696
angle,1780570179513850341,0.000412394554587081,0,0.009999321773648262
angle,1780570179564356682,0.000412204419262707,0,0.009999285452067852
angle,1780570179606674173,0.000412012974265963,0,0.009999288246035576
angle,1780570179654805390,0.000411820219596848,0,0.009999099187552929
angle,1780570179689342603,0.000411626126151532,0,0.009998662397265434
angle,1780570179729084941,0.000411430723033845,0,0.009999267756938934
angle,1780570179775238360,0.000411233981139958,0,0.00999955739825964
angle,1780570179809029105,0.00041103595867753,0,0.009999166242778301
angle,1780570179834095851,0.000410836597438902,0,0.009999671019613743
angle,1780570179874205585,0.000410635955631733,0,0.009999380446970463
angle,1780570179921543595,0.000410434033256024,0,0.009999478235840797
angle,1780570179958376089,0.000410165463108569,0,0.013198130764067173
angle,1780570180005862704,0.000409823725931346,0,0.016607606783509254
angle,1780570180046169441,0.000409615749958903,0,0.009998912923038006
angle,1780570180093549328,0.000409406464314088,0,0.009999340400099754
angle,1780570180133566387,0.000409195956308395,0,0.010003549978137016
angle,1780570180163929081,0.000408984487876296,0,0.009999193251132965
angle,1780570180195519450,0.000408772029913962,0,0.009999677538871765
angle,1780570180226962768,0.000408558553317562,0,0.00999933760613203
angle,1780570180258930783,0.000408344028983265,0,0.009999449364840984
angle,1780570180286112241,0.000408128427807242,0,0.009999314323067665
angle,1780570180318486995,0.000407911662478,0,0.009999003261327744
angle,1780570180348859959,0.000407693616580218,0,0.009998722933232784
angle,1780570180377036143,0.000407474261010066,0,0.009999597445130348
angle,1780570180405313837,0.000407253537559882,0,0.009999425150454044
angle,1780570180433349878,0.000407031417125836,0,0.009999601170420647
angle,1780570180467647480,0.000406807870604098,0,0.009999306872487068
angle,1780570180498140542,0.000406582956202328,0,0.009999647736549377
angle,1780570180544156062,0.000406356673920527,0,0.009999670088291168
angle,1780570180581665179,0.000406129111070186,0,0.009999477304518223
angle,1780570180609759504,0.000405900296755135,0,0.00999924261122942
angle,1780570180643143107,0.000405670260079205,0,0.00999913178384304
angle,1780570180678065270,0.000405439059250057,0,0.009999425150454044
angle,1780570180719048439,0.000405206723371521,0,0.00999891571700573
angle,1780570180757196644,0.000404973223339766,0,0.009999408386647701
angle,1780570180798402059,0.000404738588258624,0,0.00999896228313446
angle,1780570180827927453,0.000404502789024264,0,0.009999876841902733
angle,1780570180869859595,0.000404265796532854,0,0.009999861009418964
angle,1780570180911182937,0.000404027610784397,0,0.009999663569033146
angle,1780570180943450553,0.000403788202675059,0,0.00999958161264658
angle,1780570180977391460,0.000403547572204843,0,0.009999360889196396
angle,1780570181008721414,0.000403305661166087,0,0.009999231435358524
angle,1780570181045906619,0.000403062498662621,0,0.009999214671552181
angle,1780570181089384778,0.000402818113798276,0,0.009998581372201443
angle,1780570181122183606,0.000402572477469221,0,0.009999326430261135
angle,1780570181157251383,0.000402325618779287,0,0.009999490343034267
angle,1780570181195816295,0.000402077537728474,0,0.009999476373195648
angle,1780570181231337657,0.000401828292524442,0,0.009999509900808334
angle,1780570181258329005,0.000401577883167192,0,0.00999961793422699
angle,1780570181292814054,0.000401326309656724,0,0.00999938789755106
angle,1780570181326016952,0.000401073571993038,0,0.009999276138842106
angle,1780570181364095729,0.000400819699279964,0,0.009999187663197517
angle,1780570181403078114,0.000400564662413672,0,0.009999626316130161
angle,1780570181436964097,0.000400308490497991,0,0.009999438188970089
angle,1780570181479913871,0.000400051125325263,0,0.00999953132122755
angle,1780570181534284594,0.000399792595999315,0,0.009999340400099754
angle,1780570181563394426,0.00039953290252015,0,0.00999919231981039
angle,1780570181603540440,0.000399272044887766,0,0.009999644942581654
angle,1780570181657496371,0.000399009993998334,0,0.009998859837651253
angle,1780570181687052783,0.000398746778955683,0,0.009999156929552555
angle,1780570181729688916,0.000398482399759814,0,0.009999427013099194
angle,1780570181760623654,0.000398216856410727,0,0.00999981164932251
angle,1780570181798111557,0.000397950178012252,0,0.009999453090131283
angle,1780570181838484737,0.000397682335460559,0,0.009999353438615799
angle,1780570181873376154,0.000397413386963308,0,0.00999840721487999
angle,1780570181910358981,0.000397143274312839,0,0.009999391622841358
angle,1780570181939137520,0.000396872055716813,0,0.00999932736158371
angle,1780570181966983142,0.000396599702071398,0,0.009999381378293037
angle,1780570182004070779,0.000396326242480427,0,0.009999359957873821
angle,1780570182035291339,0.000396051647840068,0,0.009999638423323631
angle,1780570182064731979,0.000395775947254151,0,0.009998882189393044
angle,1780570182094659786,0.000395499111618847,0,0.009999459609389305
angle,1780570182128114714,0.000395221170037985,0,0.009999332018196583
angle,1780570182158643926,0.000394942093407735,0,0.009999573230743408
angle,1780570182188325442,0.000394661910831928,0,0.009999210946261883
angle,1780570182219801804,0.000394380622310564,0,0.00999954342842102
angle,1780570182259618932,0.000394098227843642,0,0.009999211877584457
angle,1780570182301326114,0.000393814727431163,0,0.009999376721680164
angle,1780570182333502468,0.000393530121073127,0,0.009998111985623837
angle,1780570182366575530,0.000393244408769533,0,0.009999321773648262
angle,1780570182397976018,0.000392957590520382,0,0.00999927707016468
angle,1780570182426602314,0.000392669695429504,0,0.009999571368098259
angle,1780570182457972472,0.000392380723496899,0,0.009999513626098633
angle,1780570182489319748,0.000392090674722567,0,0.009999450296163559
angle,1780570182529386093,0.000391799549106508,0,0.009999481029808521
angle,1780570182569001174,0.000391507317544892,0,0.009998925030231476
angle,1780570182606520558,0.00039121403824538,0,0.009998793713748455
angle,1780570182635168272,0.000390919682104141,0,0.009999178349971771
angle,1780570182681858143,0.000390624249121174,0,0.009999330155551434
angle,1780570182717565833,0.000390327768400311,0,0.009999485686421394
angle,1780570182755586789,0.000390030210837722,0,0.009999359026551247
angle,1780570182787870699,0.000389731576433405,0,0.009999617002904415
angle,1780570182816991357,0.000389431865187362,0,0.009999620728194714
angle,1780570182862589253,0.000389131135307252,0,0.009999181143939495
angle,1780570182905594365,0.000388829328585416,0,0.009999362751841545
angle,1780570182935507270,0.000388526474125683,0,0.009999502450227737
angle,1780570182964329874,0.000388222601031885,0,0.009999183006584644
angle,1780570182996387000,0.000387917651096359,0,0.009999399073421955
angle,1780570183028259253,0.000387611653422937,0,0.009999540634453297
angle,1780570183066825729,0.000387304637115449,0,0.009999217465519905
angle,1780570183105907507,0.000386996573070064,0,0.009999941103160381
angle,1780570183145278682,0.000386687490390614,0,0.009999394416809082
angle,1780570183178368026,0.000386377389077097,0,0.009999335743486881
angle,1780570183206607918,0.000386066240025684,0,0.0099992910400033
angle,1780570183234451615,0.000385754072340205,0,0.009999471716582775
angle,1780570183266496050,0.00038544088602066,0,0.009999348782002926
angle,1780570183296295310,0.00038512668106705,0,0.009999595582485199
angle,1780570183323877434,0.000384811457479373,0,0.009999537840485573
angle,1780570183352600886,0.00038449521525763,0,0.009999354369938374
angle,1780570183379627663,0.000384177983505651,0,0.009999287314713001
angle,1780570183412641736,0.000383859733119607,0,0.009999222122132778
angle,1780570183440438628,0.000383540493203327,0,0.00999927893280983
angle,1780570183472152398,0.000383220234652981,0,0.009999345988035202
angle,1780570183503899176,0.0003828989865724,0,0.009999336674809456
angle,1780570183534934997,0.000382576748961583,0,0.009999236091971397
angle,1780570183589943649,0.00038225352182053,0,0.009999338537454605
angle,1780570183626972072,0.000381929276045412,0,0.00999957975000143
angle,1780570183656038556,0.000381604069843888,0,0.00999932736158371
angle,1780570183687547513,0.000381277874112129,0,0.009999030269682407
angle,1780570183717271239,0.000380950688850135,0,0.009999249130487442
angle,1780570183759022229,0.000380622543161735,0,0.009999657981097698
angle,1780570183803273427,0.00038029343704693,0,0.009999041445553303
angle,1780570183839359265,0.00037996334140189,0,0.009999497793614864
angle,1780570183879585105,0.000379632285330445,0,0.009999520145356655
angle,1780570183918105081,0.000379300268832594,0,0.009999465197324753
angle,1780570183955489026,0.000378967291908339,0,0.00999928917735815
angle,1780570183985261569,0.000378633354557678,0,0.009999720379710197
angle,1780570184017260353,0.000378298456780612,0,0.009999904781579971
angle,1780570184044762525,0.000377962598577142,0,0.009999746456742287
angle,1780570184070280248,0.000377625809051096,0,0.009999828413128853
angle,1780570184097857075,0.000377288059098646,0,0.009999783709645271
angle,1780570184132170923,0.000376949348719791,0,0.009999822825193405
angle,1780570184162263426,0.00037660970701836,0,0.009999246336519718
angle,1780570184194373235,0.000376269133994356,0,0.009999322704970837
angle,1780570184219054459,0.000375927600543946,0,0.009999312460422516
angle,1780570184253019209,0.000375585135770962,0,0.009999630972743034
angle,1780570184282165230,0.000375241739675403,0,0.009999449364840984
angle,1780570184310288399,0.000374897441361099,0,0.009999319911003113
angle,1780570184341924701,0.000374552182620391,0,0.009999481961131096
angle,1780570184368683503,0.000374206021660939,0,0.009999584406614304
angle,1780570184399465680,0.000373858958482742,0,0.00999939814209938
angle,1780570184432203207,0.000373510963981971,0,0.009999294765293598
angle,1780570184459003901,0.000373162067262456,0,0.009999294765293598
angle,1780570184491001234,0.000372812268324196,0,0.009999657049775124
angle,1780570184521763762,0.000372461567167193,0,0.009999407455325127
angle,1780570184550958313,0.000372109934687614,0,0.009999324567615986
angle,1780570184580669421,0.000371757429093122,0,0.009999513626098633
angle,1780570184614738179,0.000371403992176056,0,0.00999883096665144
angle,1780570184644288423,0.000371049682144076,0,0.009999417699873447
angle,1780570184672511389,0.000370694498997182,0,0.00999897625297308
angle,1780570184700091374,0.000370338384527713,0,0.009999568574130535
angle,1780570184732024429,0.000369981396943331,0,0.009999550879001617
angle,1780570184759938369,0.000369623536244035,0,0.009999335743486881
angle,1780570184791245765,0.000369264802429825,0,0.009999305941164494
angle,1780570184823330636,0.000368905166396871,0,0.009999573230743408
angle,1780570184859248584,0.000368544686352834,0,0.009999485686421394
angle,1780570184903101784,0.000368183304090053,0,0.009999338537454605
angle,1780570184940380066,0.000367821048712358,0,0.009999573230743408
angle,1780570184971979361,0.00036745794932358,0,0.009999560192227364
angle,1780570185007961062,0.000367093976819888,0,0.009999370202422142
angle,1780570185052321876,0.000366729160305113,0,0.009999183937907219
angle,1780570185088253539,0.000366363470675424,0,0.009999296627938747
angle,1780570185135920867,0.000365996937034652,0,0.009999547153711319
angle,1780570185176794257,0.000365629530278966,0,0.009999124333262444
angle,1780570185214475870,0.000365261279512197,0,0.009999260306358337
angle,1780570185248838352,0.000364892184734344,0,0.009998943656682968
angle,1780570185288214808,0.000364522275049239,0,0.009999111294746399
angle,1780570185328127027,0.000364151492249221,0,0.009999713860452175
angle,1780570185368869761,0.000363779894541949,0,0.009999044239521027
angle,1780570185411215477,0.000363407452823594,0,0.009999358095228672
angle,1780570185449783885,0.000363034167094156,0,0.009999006055295467
angle,1780570185488202503,0.000362660066457465,0,0.009999657981097698
angle,1780570185527721571,0.000362285150913522,0,0.009999147616326809
angle,1780570185572928697,0.000361909420462325,0,0.009999504312872887
angle,1780570185609039355,0.000361532846000046,0,0.009999760426580906
angle,1780570185655082800,0.000361155456630513,0,0.009999431669712067
angle,1780570185688791977,0.000360777252353728,0,0.009999223984777927
angle,1780570185718582486,0.00036039826227352,0,0.009999369271099567
angle,1780570185758630382,0.000360018428182229,0,0.009999405592679977
angle,1780570185809761727,0.000359637808287516,0,0.00999936368316412
angle,1780570185849698158,0.00035925637348555,0,0.009999746456742287
angle,1780570185891001810,0.000358874152880162,0,0.009999409317970276
angle,1780570185930122426,0.000358491117367521,0,0.009999795816838741
angle,1780570185971103246,0.000358107296051458,0,0.009999225847423077
angle,1780570186010171126,0.000357722688931972,0,0.009999656118452549
angle,1780570186043924922,0.000357336335582659,0,0.010022814385592937
angle,1780570186084701553,0.000356950156856328,0,0.009999296627938747
angle,1780570186129978938,0.000356563192326576,0,0.009999798610806465
angle,1780570186178942970,0.0003561754419934,0,0.009999335743486881
angle,1780570186211121949,0.000355786905856803,0,0.009999323636293411
angle,1780570186243334072,0.000355397613020614,0,0.0099995331838727
angle,1780570186277589700,0.000355007534381002,0,0.00999935157597065
angle,1780570186314570330,0.000354616699041799,0,0.009999358095228672
angle,1780570186352739297,0.000354225107003003,0,0.009999423287808895
angle,1780570186383222752,0.000353832729160786,0,0.009999350644648075
angle,1780570186410163421,0.000353439623722807,0,0.009999442845582962
angle,1780570186448728155,0.000353045732481405,0,0.009999321773648262
angle,1780570186482614796,0.000352651113644242,0,0.009999454952776432
angle,1780570186516345521,0.000352255709003657,0,0.009999453090131283
angle,1780570186550070716,0.000351859576767311,0,0.009999264031648636
angle,1780570186579346362,0.000351462716935202,0,0.009999602101743221
angle,1780570186612742956,0.000351065100403503,0,0.009999631904065609
angle,1780570186647952373,0.000350666727172211,0,0.009999354369938374
angle,1780570186688710246,0.000350267626345158,0,0.00999937579035759
angle,1780570186733093990,0.000349867797922343,0,0.009999455884099007
angle,1780570186785661409,0.000349467241903767,0,0.00999927707016468
angle,1780570186838391871,0.00034906595828943,0,0.009998860768973827
angle,1780570186886269670,0.000348663947079331,0,0.009999249130487442
angle,1780570186927001134,0.00034826120827347,0,0.009999527595937252
angle,1780570186973822261,0.000347857741871849,0,0.009999128058552742
angle,1780570187026959132,0.000347453576978296,0,0.009999246336519718
angle,1780570187077945152,0.000347048713592812,0,0.009999220259487629
angle,1780570187123855563,0.000346643093507737,0,0.009999425150454044
angle,1780570187179085034,0.000346236804034561,0,0.009999497793614864
angle,1780570187228010890,0.000345829816069454,0,0.009999455884099007
angle,1780570187266761505,0.000345422100508586,0,0.009999103844165802
angle,1780570187306985811,0.000345013686455786,0,0.009999248199164867
angle,1780570187342950515,0.000344604573911056,0,0.009999046102166176
angle,1780570187379086148,0.000344194791978225,0,0.009999306872487068
angle,1780570187419239849,0.000343784282449633,0,0.009999483823776245
angle,1780570187456224481,0.000343372987117618,0,0.010001936927437782
angle,1780570187506715513,0.000342961138812825,0,0.00999944657087326
angle,1780570187559738140,0.000342548592016101,0,0.009999263100326061
angle,1780570187599071900,0.000342135346727446,0,0.009999331086874008
angle,1780570187638487118,0.000341721461154521,0,0.009999196976423264
angle,1780570187677852730,0.000341306877089664,0,0.009999066591262817
angle,1780570187718688780,0.000340891623636708,0,0.009999440982937813
angle,1780570187758197820,0.000340475729899481,0,0.00999924074858427
angle,1780570187798000332,0.000340059137670323,0,0.009999120607972145
angle,1780570187838532346,0.000339641905156896,0,0.009999412111938
angle,1780570187876115632,0.000339224003255367,0,0.009999544359743595
angle,1780570187906706040,0.000338805431965739,0,0.009999055415391922
angle,1780570187944359804,0.00033838622039184,0,0.009999597445130348
angle,1780570187985135361,0.000337966368533671,0,0.009999768808484077
angle,1780570188023079033,0.000337545847287402,0,0.00999931339174509
angle,1780570188070000540,0.000337124685756862,0,0.009999450296163559
angle,1780570188118527453,0.000336702883942053,0,0.00999938789755106
angle,1780570188155039562,0.000336280441842973,0,0.00999881885945797
angle,1780570188194554164,0.000335857359459624,0,0.00999938603490591
angle,1780570188227164430,0.000335433636792004,0,0.009999272413551807
angle,1780570188274272283,0.000335009273840114,0,0.009999430738389492
angle,1780570188316699929,0.000334584299707785,0,0.009999213740229607
angle,1780570188363266322,0.000334158685291186,0,0.009998658671975136
angle,1780570188408463789,0.000333732459694147,0,0.009999307803809643
angle,1780570188442779923,0.000333305622916669,0,0.009998570196330547
angle,1780570188486552509,0.000332878174958751,0,0.009998836554586887
angle,1780570188527099276,0.000332450086716563,0,0.009999435395002365
angle,1780570188575086554,0.000332021416397765,0,0.009998747147619724
angle,1780570188622195565,0.000331592105794698,0,0.009999090805649757
angle,1780570188669909657,0.000331162213115022,0,0.009999209083616734
angle,1780570188707337215,0.000330731709254906,0,0.00999950896948576
angle,1780570188747575915,0.00033030062331818,0,0.009999309666454792
angle,1780570188790559358,0.000329868926201016,0,0.009999426081776619
angle,1780570188839343451,0.000329436617903411,0,0.009999360889196396
angle,1780570188888308848,0.000329003727529198,0,0.00999963004142046
angle,1780570188937189636,0.000328570225974545,0,0.009999287314713001
angle,1780570188980653016,0.000328136171447113,0,0.0099993497133255
angle,1780570189023774454,0.000327701505739242,0,0.0099995918571949
angle,1780570189066801095,0.000327266257954761,0,0.009999536909162998
angle,1780570189114643693,0.000326830428093672,0,0.009999506175518036
angle,1780570189165860950,0.000326394016155973,0,0.00999926496297121
angle,1780570189203776639,0.000325957051245496,0,0.009999380446970463
angle,1780570189249828586,0.000325519504258409,0,0.009999294765293598
angle,1780570189290476129,0.000325081375194713,0,0.00999950896948576
angle,1780570189328754390,0.00032464272226207,0,0.009999738074839115
angle,1780570189368298458,0.000324203487252817,0,0.009999513626098633
angle,1780570189409553537,0.000323763670166954,0,0.00999902281910181
angle,1780570189449011156,0.000323323329212144,0,0.00999927893280983
angle,1780570189489313375,0.000322882406180725,0,0.009999183006584644
angle,1780570189526014551,0.000322440959280357,0,0.009999500587582588
angle,1780570189572512611,0.00032199895940721,0,0.009999513626098633
angle,1780570189608131239,0.000321556406561285,0,0.009999201633036137
angle,1780570189644027060,0.000321113300742581,0,0.009998041205108166
angle,1780570189675634005,0.000320669671054929,0,0.009999577887356281
angle,1780570189712544047,0.000320225517498329,0,0.0099989278241992
angle,1780570189745910803,0.00031978081096895,0,0.009999006055295467
angle,1780570189789611502,0.000319335580570623,0,0.009999049827456474
angle,1780570189828702354,0.000318889826303348,0,0.009999292902648449
angle,1780570189865967121,0.000318443548167124,0,0.009998930618166924
angle,1780570189908360650,0.000317996746161953,0,0.009999574162065983
angle,1780570189948401496,0.000317549420287833,0,0.009999330155551434
angle,1780570189986842626,0.000317101570544764,0,0.009999589994549751
angle,1780570190028130074,0.000316653196932748,0,0.009998955763876438
angle,1780570190067083782,0.000316204328555614,0,0.00999936368316412
angle,1780570190104674428,0.000315754936309531,0,0.009999597445130348
angle,1780570190137535664,0.000315305020194501,0,0.009999554604291916
angle,1780570190176979475,0.000314854609314352,0,0.009999452158808708
angle,1780570190231945670,0.000314403703669086,0,0.009999529458582401
angle,1780570190271772184,0.000313952303258702,0,0.009999684058129787
angle,1780570190319964454,0.0003135004080832,0,0.00999914575368166
angle,1780570190365334747,0.000313047989038751,0,0.009999452158808708
angle,1780570190411597217,0.000312595104333013,0,0.009999604895710945
angle,1780570190463761761,0.000312141724862158,0,0.009998924098908901
angle,1780570190515578234,0.000311687850626186,0,0.009999355301260948
angle,1780570190554496198,0.000311233510728925,0,0.009999497793614864
angle,1780570190603993655,0.000310778676066548,0,0.009999099187552929
angle,1780570190639488799,0.000310323375742882,0,0.009999214671552181
angle,1780570190679828088,0.00030986760975793,0,0.009999540634453297
angle,1780570190723351647,0.00030941134900786,0,0.009999212808907032
angle,1780570190758298342,0.000308954651700333,0,0.009999348782002926
angle,1780570190786282219,0.000308497459627688,0,0.009999439120292664
angle,1780570190821099221,0.000308039801893756,0,0.009999493137001991
angle,1780570190865753966,0.000307581707602367,0,0.00999919231981039
angle,1780570190896890383,0.000307123147649691,0,0.009999803267419338
angle,1780570190926832134,0.000306664122035727,0,0.009999893605709076
angle,1780570190962585224,0.000306204630760476,0,0.009999221190810204
angle,1780570190999332611,0.000305744702927768,0,0.009998842142522335
angle,1780570191041571675,0.000305284309433773,0,0.009999430738389492
angle,1780570191079642793,0.000304823479382321,0,0.009998121298849583
angle,1780570191118949754,0.000304362212773412,0,0.00999943446367979
angle,1780570191156568687,0.000303900509607047,0,0.009999510832130909
angle,1780570191194827599,0.000303438369883224,0,0.009999274276196957
angle,1780570191239211069,0.000302975793601945,0,0.009999529458582401
angle,1780570191262608343,0.000302512780763209,0,0.009999525733292103
angle,1780570191295752547,0.000302049360470846,0,0.009999816305935383
angle,1780570191320917248,0.000301585503621027,0,0.009999780915677547
angle,1780570191359037402,0.000301121239317581,0,0.009999874979257584
angle,1780570191390536945,0.000300656509352848,0,0.009998899884521961
angle,1780570191438056507,0.000300191401038319,0,0.009999370202422142
angle,1780570191476481189,0.000299725827062503,0,0.009998910129070282
angle,1780570191517822406,0.00029925987473689,0,0.009998653084039688
angle,1780570191557381530,0.000298793485853821,0,0.009999570436775684
angle,1780570191582475369,0.000298326689517125,0,0.00999874621629715
angle,1780570191617504613,0.000297859514830634,0,0.009999326430261135
angle,1780570191657787230,0.000297391932690516,0,0.00999950896948576
angle,1780570191683813398,0.000296923943096772,0,0.009999160654842854
angle,1780570191743008642,0.000296455575153232,0,0.009999248199164867
angle,1780570191784011036,0.000295986799756065,0,0.009999099187552929
angle,1780570191834847485,0.000295517646009102,0,0.009999227710068226
angle,1780570191874617500,0.000295048113912344,0,0.009999333880841732
angle,1780570191912944613,0.000294578174361959,0,0.009999437257647514
angle,1780570191957201740,0.000294107856461778,0,0.009999365545809269
angle,1780570191995104017,0.000293637131107971,0,0.009999389760196209
angle,1780570192027184870,0.000293166027404368,0,0.009999063797295094
angle,1780570192061953304,0.000292694574454799,0,0.009999323636293411
angle,1780570192111224197,0.000292222743155435,0,0.00999943446367979
angle,1780570192156212435,0.000291750504402444,0,0.009998942725360394
angle,1780570192195076488,0.000291277916403487,0,0.00999932736158371
angle,1780570192229305203,0.000290804979158565,0,0.00999939814209938
angle,1780570192266208200,0.000290331663563848,0,0.009999281726777554
angle,1780570192302477634,0.000289857969619334,0,0.0099997129291296
angle,1780570192339578282,0.000289383955532685,0,0.009999223984777927
angle,1780570192376189954,0.00028890956309624,0,0.009999454952776432
angle,1780570192408373947,0.00028843482141383,0,0.009999245405197144
angle,1780570192444340521,0.000287959730485454,0,0.009999382309615612
angle,1780570192481617409,0.000287484290311113,0,0.009999535046517849
angle,1780570192520331932,0.000287008529994637,0,0.009999226778745651
angle,1780570192553239588,0.000286532391328365,0,0.009999372065067291
angle,1780570192580129006,0.000286055932519957,0,0.009999510832130909
angle,1780570192618897428,0.000285579124465585,0,0.009998618625104427
angle,1780570192646938178,0.000285101996269077,0,0.009999077767133713
angle,1780570192684222565,0.000284624518826604,0,0.009999457746744156
angle,1780570192732605240,0.000284146721241996,0,0.009999321773648262
angle,1780570192782837052,0.000283668574411422,0,0.009999299421906471
angle,1780570192843459082,0.000283190136542544,0,0.009999334812164307
angle,1780570192885041891,0.00028271137853153,0,0.009998803026974201
angle,1780570192924623003,0.000282232271274552,0,0.009999397210776806
angle,1780570192975516167,0.000281752872979268,0,0.009999522008001804
angle,1780570193009312325,0.00028127315454185,0,0.009999084286391735
angle,1780570193050676765,0.000280793115962297,0,0.009999709203839302
angle,1780570193089735648,0.000280312757240608,0,0.009999385103583336
angle,1780570193129696659,0.000279832107480615,0,0.009999237023293972
angle,1780570193168088336,0.000279351137578487,0,0.009999033994972706
angle,1780570193207098885,0.000278869876638055,0,0.009999086149036884
angle,1780570193242000125,0.000278388324659318,0,0.009999493137001991
angle,1780570193282524847,0.000277906452538446,0,0.009999111294746399
angle,1780570193323214325,0.000277424318483099,0,0.009999473579227924
angle,1780570193363169584,0.000276940438197926,0,0.010029157623648643
angle,1780570193402975250,0.00027645769296214,0,0.00999910943210125
angle,1780570193444055321,0.00027597468579188,0,0.009999395348131657
angle,1780570193483097535,0.000275491387583315,0,0.009999050758779049
angle,1780570193522214181,0.000275007798336446,0,0.00999945867806673
angle,1780570193569138579,0.000274523918051273,0,0.009999630972743034
angle,1780570193611167176,0.000274039775831625,0,0.009999440051615238
angle,1780570193662299443,0.000273555371677503,0,0.009999477304518223
angle,1780570193700320659,0.000273070676485077,0,0.00999914389103651
angle,1780570193741252851,0.000272585719358176,0,0.009999268688261509
angle,1780570193783462512,0.000272100500296801,0,0.009999382309615612
angle,1780570193818554300,0.000271615019300953,0,0.009999250993132591
angle,1780570193861787788,0.000271129247266799,0,0.009998930618166924
angle,1780570193903967054,0.000270643242402002,0,0.00999926682561636
angle,1780570193940056685,0.000270156975602731,0,0.009999324567615986
angle,1780570193980177889,0.000269670475972816,0,0.009999076835811138
angle,1780570194021826561,0.000269183685304597,0,0.00999928917735815
angle,1780570194071788652,0.000268696661805734,0,0.009999099187552929
angle,1780570194106505999,0.000268209405476227,0,0.009999364614486694
angle,1780570194140284392,0.000267721916316077,0,0.009999324567615986
angle,1780570194189586315,0.000267234165221453,0,0.009999092668294907
angle,1780570194237981148,0.000266746152192354,0,0.009999651461839676
angle,1780570194282396077,0.000266257935436442,0,0.009999288246035576
angle,1780570194333618817,0.000265769485849887,0,0.009999323636293411
angle,1780570194369923394,0.000265280803432688,0,0.009998721070587635
angle,1780570194409908659,0.000264791888184845,0,0.009999512694776058
angle,1780570194443594885,0.000264302740106359,0,0.009998982772231102
angle,1780570194480064384,0.000263813359197229,0,0.009999480098485947
angle,1780570194524259768,0.000263323774561286,0,0.0099992910400033
angle,1780570194558209024,0.000262833927990869,0,0.00999938603490591
angle,1780570194597640590,0.000262343906797469,0,0.009999223053455353
angle,1780570194649017257,0.000261853652773425,0,0.009999372996389866
angle,1780570194691611881,0.000261363195022568,0,0.009999291971325874
angle,1780570194726046951,0.000260872533544898,0,0.009999290108680725
angle,1780570194754856846,0.000260381668340415,0,0.009999347850680351
angle,1780570194788092548,0.000259890570305288,0,0.00999911967664957
angle,1780570194827787217,0.000259399297647178,0,0.0099988067522645
angle,1780570194871205600,0.000258907821262255,0,0.009999468922615051
angle,1780570194911167623,0.000258416112046689,0,0.009999388828873634
angle,1780570194943333962,0.00025792425731197,0,0.009999798610806465
angle,1780570194979990272,0.000257432169746608,0,0.009999587200582027
angle,1780570195015978463,0.000256939907558262,0,0.009998559020459652
angle,1780570195042669436,0.000256447470746934,0,0.009999584406614304
angle,1780570195070514823,0.000255954830208793,0,0.009999263100326061
angle,1780570195098592121,0.000255462015047669,0,0.009999638423323631
angle,1780570195132120989,0.000254968996159732,0,0.009999679401516914
angle,1780570195160326934,0.000254475831752643,0,0.009999522008001804
angle,1780570195192901108,0.00025398246361874,0,0.009999586269259453
angle,1780570195221977586,0.000253488949965686,0,0.009998955763876438
angle,1780570195250500058,0.000252995232585818,0,0.009999084286391735
angle,1780570195282051775,0.000252501369686797,0,0.009998778812587261
angle,1780570195309512903,0.000252007332164794,0,0.009999524801969528
angle,1780570195341565676,0.000251513120019808,0,0.009999532252550125
angle,1780570195376081182,0.00025101876235567,0,0.009999553672969341
angle,1780570195404374635,0.00025052425917238,0,0.009998838417232037
angle,1780570195434488191,0.000250029581366107,0,0.00999932736158371
angle,1780570195465995325,0.000249534758040681,0,0.009999340400099754
angle,1780570195495675200,0.000249039760092273,0,0.009999571368098259
angle,1780570195525734881,0.000248544645728543,0,0.009998926892876625
angle,1780570195556735690,0.000248049385845661,0,0.00999965239316225
angle,1780570195588388551,0.000247553951339796,0,0.009999467991292477
angle,1780570195639309737,0.000247058400418609,0,0.009999015368521214
angle,1780570195675547573,0.00024656267487444,0,0.009999764151871204
angle,1780570195706853057,0.000246066832914948,0,0.009999250061810017
angle,1780570195738084211,0.000245570845436305,0,0.009999551810324192
angle,1780570195768084408,0.000245074712438509,0,0.00999938789755106
angle,1780570195796545867,0.000244578463025391,0,0.009999617002904415
angle,1780570195825194412,0.000244082082645036,0,0.009999551810324192
angle,1780570195856769067,0.000243585571297444,0,0.00999928917735815
angle,1780570195887213354,0.000243088943534531,0,0.00999944843351841
angle,1780570195913076195,0.000242592199356295,0,0.009999783709645271
angle,1780570195944073816,0.000242095324210823,0,0.009999864734709263
angle,1780570195968365059,0.000241598332650028,0,0.009999928064644337
angle,1780570196004798985,0.000241101224673912,0,0.009999777190387249
angle,1780570196042261043,0.000240604014834389,0,0.00999959371984005
angle,1780570196075996090,0.000240106674027629,0,0.009999239817261696
angle,1780570196114221023,0.000239609231357463,0,0.00999943446367979
angle,1780570196148076266,0.000239111672271974,0,0.00999995693564415
angle,1780570196175359163,0.000238614011323079,0,0.009999741800129414
angle,1780570196214018185,0.000238116248510778,0,0.009999020025134087
angle,1780570196258139244,0.000237618398386985,0,0.009999614208936691
angle,1780570196291456570,0.000237120446399786,0,0.009999335743486881
angle,1780570196318858174,0.00023662242165301,0,0.009999720379710197
angle,1780570196353044810,0.000236124295042828,0,0.009999855421483517
angle,1780570196388965758,0.000235626095673069,0,0.009999332018196583
angle,1780570196430724891,0.000235127794439904,0,0.0099991699680686
angle,1780570196459963948,0.000234629420447163,0,0.009999388828873634
angle,1780570196508711107,0.000234130959142931,0,0.009999479167163372
angle,1780570196548567556,0.000233632410527207,0,0.009999382309615612
angle,1780570196583488088,0.000233133789151907,0,0.009999213740229607
angle,1780570196620609690,0.000232635080465116,0,0.009999234229326248
angle,1780570196653174506,0.000232136299018748,0,0.009999328292906284
angle,1780570196689449874,0.00023163745936472,0,0.009999465197324753
angle,1780570196727066092,0.0002311385323992,0,0.00999943446367979
angle,1780570196764131780,0.000230639561777934,0,0.009999427944421768
angle,1780570196813499177,0.000230140518397093,0,0.009999445639550686
angle,1780570196857640293,0.00022964141680859,0,0.009999397210776806
angle,1780570196905217761,0.000229142242460512,0,0.009999815374612808
angle,1780570196941589252,0.000228643009904772,0,0.009999553672969341
angle,1780570196988404783,0.000228143719141372,0,0.009999334812164307
angle,1780570197015296067,0.000227644384722225,0,0.009999505244195461
angle,1780570197042962734,0.000227144992095418,0,0.009999397210776806
angle,1780570197072074133,0.000226645555812865,0,0.009999407455325127
angle,1780570197100594278,0.000226146061322652,0,0.009999459609389305
angle,1780570197129616015,0.000225646537728608,0,0.009999514557421207
angle,1780570197160817286,0.000225146970478818,0,0.009999456815421581
angle,1780570197191531993,0.000224647359573282,0,0.009999403730034828
angle,1780570197216332542,0.000224147705012001,0,0.00999943632632494
angle,1780570197251719727,0.000223648035898805,0,0.009999317117035389
angle,1780570197284842052,0.000223148323129863,0,0.009999317117035389
angle,1780570197315773623,0.00022264858125709,0,0.009999336674809456
angle,1780570197340551864,0.000222148795728572,0,0.009999464266002178
angle,1780570197368629046,0.000221648995648138,0,0.009999388828873634
angle,1780570197400392601,0.000221149166463874,0,0.009999493137001991
angle,1780570197429039150,0.000220649322727695,0,0.009999394416809082
angle,1780570197461806638,0.00022014943533577,0,0.009999345988035202
angle,1780570197486023568,0.000219649547943845,0,0.009999467991292477
angle,1780570197519927605,0.000219149646000005,0,0.009999160654842854
angle,1780570197555043676,0.000218649714952335,0,0.009999382309615612
angle,1780570197583837792,0.000218149798456579,0,0.009999326430261135
angle,1780570197625374863,0.000217649852856994,0,0.009999831207096577
angle,1780570197665181974,0.000217149907257408,0,0.00999950710684061
angle,1780570197703813026,0.000216649961657822,0,0.009999219328165054
angle,1780570197732084335,0.000216150001506321,0,0.009999333880841732
angle,1780570197763131364,0.00021565004135482,0,0.009999624453485012
angle,1780570197795186404,0.000215150095755234,0,0.009999309666454792
angle,1780570197823869269,0.000214650135603733,0,0.00999959371984005
angle,1780570197855030091,0.000214150190004148,0,0.009999344125390053
angle,1780570197895588113,0.000213650244404562,0,0.009999643079936504
angle,1780570197935312859,0.000213149192859419,0,0.010021960362792015
angle,1780570197968811252,0.000212649261811748,0,0.009999395348131657
angle,1780570197998356404,0.000212149359867908,0,0.009999442845582962
angle,1780570198039209852,0.000211649457924068,0,0.009999297559261322
angle,1780570198069024784,0.000211149585084058,0,0.009999237023293972
angle,1780570198103207595,0.000210649741347879,0,0.009999607689678669
angle,1780570198143898122,0.000210149912163615,0,0.009999453090131283
angle,1780570198175569178,0.000209650112083182,0,0.009999512694776058
angle,1780570198212619291,0.000209150341106579,0,0.009999236091971397
angle,1780570198257278975,0.000208650613785721,0,0.009999466128647327
angle,1780570198292396666,0.000208150901016779,0,0.009999577887356281
angle,1780570198326388723,0.000207651217351668,0,0.009999665431678295
angle,1780570198360895532,0.000207151577342302,0,0.009999626316130161
angle,1780570198399046733,0.000206651980988681,0,0.009999272413551807
angle,1780570198440086298,0.000206152399186976,0,0.009999509900808334
angle,1780570198484556229,0.000205652861041017,0,0.009999631904065609
angle,1780570198523231627,0.000205153381102718,0,0.009999508038163185
angle,1780570198567024347,0.00020465264969971,0,0.010025286115705967
angle,1780570198604096662,0.000204153242520988,0,0.009999530389904976
angle,1780570198643393415,0.000203653893549927,0,0.009999392554163933
angle,1780570198678214553,0.000203154602786526,0,0.009999129921197891
angle,1780570198715220588,0.000202655370230787,0,0.00999839324504137
angle,1780570198758593787,0.000202156181330793,0,0.009999302215874195
angle,1780570198817117210,0.00020165707974229,0,0.009999451227486134
angle,1780570198855789780,0.000201158021809533,0,0.009999740868806839
angle,1780570198894512677,0.000200659036636353,0,0.009999331086874008
angle,1780570198929734780,0.000200160124222748,0,0.009999359957873821
angle,1780570198976236730,0.000199661270016804,0,0.009999372996389866
angle,1780570199016139773,0.000199162474018522,0,0.009999572299420834
angle,1780570199055251928,0.00019866376533173,0,0.009999282658100128
angle,1780570199091539636,0.0001981651148526,0,0.009998861700296402
angle,1780570199133545165,0.00019766652258113,0,0.009999343194067478
angle,1780570199166012643,0.000197168017621152,0,0.009999221190810204
angle,1780570199195642265,0.000196669599972665,0,0.009999243542551994
angle,1780570199236391354,0.000196171255083755,0,0.009999386966228485
angle,1780570199272995497,0.00019567298295442,0,0.009998995810747147
angle,1780570199306332937,0.000195174812688492,0,0.00999965239316225
angle,1780570199339661400,0.000194676729734056,0,0.009999535977840424
angle,1780570199371196893,0.00019417870498728,0,0.009999636560678482
angle,1780570199399133337,0.000193680796655826,0,0.00999938603490591
angle,1780570199428815099,0.000193182975635864,0,0.009999524801969528
angle,1780570199457224692,0.000192685241927393,0,0.009999609552323818
angle,1780570199489094180,0.000192187610082328,0,0.009999477304518223
angle,1780570199515642383,0.00019169008010067,0,0.009999588131904602
angle,1780570199553269417,0.000191192637430504,0,0.009999253787100315
angle,1780570199580720673,0.000190695296623744,0,0.009999491274356842
angle,1780570199613718965,0.000190198057680391,0,0.009999662637710571
angle,1780570199644320641,0.000189700949704275,0,0.009999449364840984
angle,1780570199672210255,0.00018920392903965,0,0.009999343194067478
angle,1780570199701030915,0.000188707024790347,0,0.009999399073421955
angle,1780570199730338951,0.00018821022240445,0,0.00999976322054863
angle,1780570199760136334,0.000187713550985791,0,0.00999944843351841
angle,1780570199794104437,0.000187216995982453,0,0.009999378584325314
angle,1780570199823354344,0.000186720557394437,0,0.009999154135584831
angle,1780570199853529648,0.000186224235221744,0,0.009999353438615799
angle,1780570199885326918,0.000185728044016287,0,0.00999912153929472
angle,1780570199925286198,0.000185231969226152,0,0.009999549947679043
angle,1780570199959146027,0.000184736010851339,0,0.00999942421913147
angle,1780570199989006982,0.000184240197995678,0,0.009999753907322884
angle,1780570200030903114,0.000183744501555339,0,0.009999600239098072
angle,1780570200071020139,0.000183248950634152,0,0.009999310597777367
angle,1780570200115658483,0.000182753516128287,0,0.009999574162065983
angle,1780570200154268700,0.000182258227141574,0,0.009999665431678295
angle,1780570200188485510,0.000181763069122098,0,0.009999889880418777
angle,1780570200217992937,0.000181268056621775,0,0.00999979767948389
angle,1780570200247659739,0.000180773175088689,0,0.00999988242983818
angle,1780570200275450438,0.000180278424522839,0,0.00999987032264471
angle,1780570200309580367,0.000179783834028058,0,0.00999980978667736
angle,1780570200346005218,0.000179289359948598,0,0.009999544359743595
angle,1780570200383717885,0.000178795045940205,0,0.00999930314719677
angle,1780570200415576493,0.000178300877450965,0,0.009999589994549751
angle,1780570200437022988,0.000177806869032793,0,0.009999838657677174
angle,1780570200463178713,0.000177313020685688,0,0.009999926201999187
angle,1780570200488036871,0.000176819346961565,0,0.009999913163483143
angle,1780570200525829979,0.000176325818756595,0,0.009999768808484077
angle,1780570200563748622,0.000175832450622693,0,0.009999456815421581
angle,1780570200597360058,0.000175339242559858,0,0.009999295696616173
angle,1780570200627900679,0.000174846209120005,0,0.009999701753258705
angle,1780570200656829400,0.000174353335751221,0,0.009999836795032024
angle,1780570200692433760,0.000173860637005419,0,0.009999861940741539
angle,1780570200725403396,0.000173368098330684,0,0.009999771602451801
angle,1780570200754894125,0.000172875734278932,0,0.009999663569033146
angle,1780570200788781893,0.000172383530298248,0,0.009999430738389492
angle,1780570200834601516,0.000171891500940546,0,0.009999262169003487
angle,1780570200873568523,0.000171399646205828,0,0.009999326430261135
angle,1780570200909225675,0.000170907966094092,0,0.009999590925872326
angle,1780570200942327393,0.000170416489709169,0,0.00999958161264658
angle,1780570200971247527,0.000169925202499144,0,0.009999698959290981
angle,1780570201004683201,0.000169434089912102,0,0.009999674744904041
angle,1780570201039573833,0.000168943166499957,0,0.009999413043260574
angle,1780570201073856970,0.000168452432262711,0,0.00999939814209938
angle,1780570201103096535,0.000167961887200363,0,0.009999443776905537
angle,1780570201137950220,0.000167471531312913,0,0.009999576024711132
angle,1780570201185868076,0.00016698136460036,0,0.009999780915677547
angle,1780570201224551284,0.000166491401614621,0,0.009999227710068226
angle,1780570201253718485,0.000166001613251865,0,0.009999694302678108
angle,1780570201284184063,0.000165512043167837,0,0.00999936368316412
angle,1780570201313308677,0.000165022662258707,0,0.009999514557421207
angle,1780570201341940742,0.00016453348507639,0,0.009999598376452923
angle,1780570201368498603,0.000164044526172802,0,0.00999988429248333
angle,1780570201398095296,0.000163555770996027,0,0.009999687783420086
angle,1780570201428015516,0.00016306720499415,0,0.009999897330999374
angle,1780570201460483274,0.000162578857271001,0,0.00999955553561449
angle,1780570201494257003,0.000162090713274665,0,0.009999909438192844
angle,1780570201521736610,0.000161602773005143,0,0.00999981164932251
angle,1780570201550655142,0.000161115065566264,0,0.009999792091548443
angle,1780570201578739342,0.000160627547302283,0,0.009999023750424385
angle,1780570201614521952,0.000160140261868946,0,0.009999776259064674
angle,1780570201639362970,0.000159653194714338,0,0.009999333880841732
angle,1780570201670335544,0.000159166360390373,0,0.009999647736549377
angle,1780570201706562674,0.000158679744345136,0,0.009999782778322697
angle,1780570201750216493,0.000158191935042851,0,0.010028408840298653
angle,1780570201784043518,0.000157705770106986,0,0.009999222122132778
angle,1780570201828803266,0.000157219838001765,0,0.009999525733292103
angle,1780570201871390892,0.000156734124175273,0,0.009999418631196022
angle,1780570201907268000,0.000156248672283255,0,0.009998693130910397
angle,1780570201940731149,0.00015576345322188,0,0.009998185560107231
angle,1780570201979517501,0.000155278481543064,0,0.009999229572713375
angle,1780570202008617407,0.000154793742694892,0,0.00999974925071001
angle,1780570202034487043,0.000154309251229279,0,0.009999842382967472
angle,1780570202072785432,0.000153825007146224,0,0.00999930128455162
angle,1780570202106744627,0.000153340981341898,0,0.009999432601034641
angle,1780570202135486654,0.000152857188368216,0,0.009998529218137264
angle,1780570202181168884,0.000152373642777093,0,0.009999395348131657
angle,1780570202218609029,0.000151889224071056,0,0.010022840462625027
angle,1780570202254968315,0.000151406158693135,0,0.009999212808907032
angle,1780570202299021750,0.000150923355249688,0,0.009999615140259266
angle,1780570202362032074,0.000150440813740715,0,0.0099993497133255
angle,1780570202412249895,0.000149958519614302,0,0.009999132715165615
angle,1780570202454692180,0.000149476472870447,0,0.009999336674809456
angle,1780570202505464999,0.000148994688061066,0,0.009999663569033146
angle,1780570202542731214,0.000148513179738075,0,0.009999233298003674
angle,1780570202586438695,0.000148031918797642,0,0.009999120607972145
angle,1780570202626790983,0.000147550934343599,0,0.009999350644648075
angle,1780570202663401077,0.000147070197272114,0,0.009999388828873634
angle,1780570202704546550,0.000146589736687019,0,0.009999522939324379
angle,1780570202736053994,0.000146109538036399,0,0.009999670088291168
angle,1780570202770825312,0.000145629601320252,0,0.009999364614486694
angle,1780570202819778624,0.000145149941090494,0,0.009998534806072712
angle,1780570202857028652,0.000144670557347126,0,0.009999336674809456
angle,1780570202892896868,0.000144191450090148,0,0.009999574162065983
angle,1780570202938780509,0.000143712619319558,0,0.009999296627938747
angle,1780570202976602555,0.000143234050483443,0,0.00999925471842289
angle,1780570203012660719,0.000142755787237547,0,0.009999380446970463
angle,1780570203048066280,0.000142277771374211,0,0.00999896228313446
angle,1780570203079091708,0.000141800061101094,0,0.00999941024929285
angle,1780570203111249715,0.000141322627314366,0,0.009999395348131657
angle,1780570203153579496,0.000140845470014028,0,0.009999633766710758
angle,1780570203191469276,0.000140368603751995,0,0.009999386966228485
angle,1780570203233821147,0.000139892028528266,0,0.009999154135584831
angle,1780570203261688943,0.000139415744342841,0,0.009999341331422329
angle,1780570203289045243,0.000138939751195721,0,0.00999936182051897
angle,1780570203321909965,0.000138464034534991,0,0.009999427944421768
angle,1780570203363269718,0.00013798862346448,0,0.009999401867389679
angle,1780570203405323212,0.000137513517984189,0,0.009999309666454792
angle,1780570203439538617,0.000137038703542203,0,0.009999495930969715
angle,1780570203471981579,0.000136564180138521,0,0.009999403730034828
angle,1780570203498540883,0.000136089962325059,0,0.009999499656260014
angle,1780570203528341633,0.000135616050101817,0,0.009999459609389305
angle,1780570203558053260,0.000135142443468794,0,0.009999323636293411
angle,1780570203611619487,0.000134669127874076,0,0.009998678229749203
angle,1780570203650199493,0.000134196132421494,0,0.009999286383390427
angle,1780570203677346357,0.00013372344255913,0,0.009999475441873074
angle,1780570203708186356,0.000133251072838902,0,0.009999150410294533
angle,1780570203739493524,0.000132778994156979,0,0.00999943632632494
angle,1780570203782878134,0.000132307250169106,0,0.009999333880841732
angle,1780570203823053901,0.000131835826323368,0,0.009999320842325687
angle,1780570203861667415,0.000131364708067849,0,0.009999265894293785
angle,1780570203892710303,0.000130893909954466,0,0.009999658912420273
angle,1780570203919932408,0.000130423431983218,0,0.009999415837228298
angle,1780570203948945352,0.000129953274154104,0,0.00999961793422699
angle,1780570203979493771,0.000129483421915211,0,0.009999329224228859
angle,1780570204005008773,0.000129013889818452,0,0.00999937579035759
angle,1780570204031792122,0.000128544692415744,0,0.009999711997807026
angle,1780570204075272821,0.000128075815155171,0,0.009999695234000683
angle,1780570204111828333,0.000127607272588648,0,0.009999021887779236
angle,1780570204150884125,0.000127139064716175,0,0.009999142028391361
angle,1780570204187625859,0.000126671176985838,0,0.009999568574130535
angle,1780570204232473416,0.000126203638501465,0,0.00999942421913147
angle,1780570204269787801,0.000125736434711143,0,0.009999274276196957
angle,1780570204316910399,0.000125269565614872,0,0.009999779053032398
angle,1780570204364701768,0.000124803016660735,0,0.009999304078519344
angle,1780570204413839979,0.000124336816952564,0,0.009999077767133713
angle,1780570204459184143,0.000123870966490358,0,0.009999294765293598
angle,1780570204508294292,0.000123405465274118,0,0.009998960420489311
angle,1780570204541323812,0.000122940298751928,0,0.009999219328165054
angle,1780570204590057925,0.000122475466923788,0,0.009999306872487068
angle,1780570204632146637,0.000122010998893529,0,0.0099995918571949
angle,1780570204680768433,0.000121546880109236,0,0.009999129921197891
angle,1780570204728068494,0.000121083096018992,0,0.009999428875744343
angle,1780570204763025588,0.000120618453365751,0,0.01002541370689869
angle,1780570204799927494,0.000120155375043396,0,0.009999384172260761
angle,1780570204835039329,0.000119692645967007,0,0.009999314323067665
angle,1780570204876207317,0.000119230266136583,0,0.00999919418245554
angle,1780570204907892405,0.00011876825010404,0,0.009999395348131657
angle,1780570204941807207,0.00011830659059342,0,0.009999345056712627
angle,1780570204995106765,0.000117845287604723,0,0.009999043308198452
angle,1780570205036175010,0.000117384355689865,0,0.00999911967664957
angle,1780570205074314153,0.000116923773020972,0,0.00999938603490591
angle,1780570205105603899,0.000116463561425917,0,0.00999935157597065
angle,1780570205137618391,0.0001160037209047,0,0.009999356232583523
angle,1780570205177017667,0.000115544236905407,0,0.009999415837228298
angle,1780570205217475785,0.00011508513125591,0,0.009999476373195648
angle,1780570205252573528,0.000114626396680251,0,0.009936812333762646
angle,1780570205292532881,0.000114168156869709,0,0.009999536909162998
angle,1780570205326677592,0.000113710542791523,0,0.009999400936067104
angle,1780570205354395397,0.000113253488962073,0,0.009999535046517849
angle,1780570205386042849,0.000112796886241995,0,0.009999407455325127
angle,1780570205415500431,0.000112340661871713,0,0.009999330155551434
angle,1780570205445589975,0.000111884721263777,0,0.00999918207526207
angle,1780570205475847329,0.000111429013486486,0,0.009998922236263752
angle,1780570205505369584,0.000110973494884092,0,0.009999343194067478
angle,1780570205534963684,0.000110518172732554,0,0.0099995331838727
angle,1780570205565172643,0.000110063068859745,0,0.00999977346509695
angle,1780570205589979341,0.000109608219645452,0,0.009999722242355347
angle,1780570205620272694,0.000109153683297336,0,0.009999760426580906
angle,1780570205650472551,0.000108699510747101,0,0.009999752044677734
angle,1780570205679171925,0.000108245745650493,0,0.009999456815421581
angle,1780570205714332027,0.000107792438939214,0,0.009999614208936691
angle,1780570205744107345,0.000107339626993053,0,0.009999288246035576
angle,1780570205773589508,0.000106887309812009,0,0.009999532252550125
angle,1780570205802143759,0.000106435480120126,0,0.009999404661357403
angle,1780570205828616972,0.00010598411608953,0,0.009998920373618603
angle,1780570205858389307,0.000105533203168306,0,0.00999943632632494
angle,1780570205890758940,0.000105082697700709,0,0.009999530389904976
angle,1780570205920380412,0.000104632577858865,0,0.009999638423323631
angle,1780570205947399234,0.00010418282909086,0,0.00999949499964714
angle,1780570206001296379,0.000103733422292862,0,0.009999803267419338
angle,1780570206043268711,0.00010328436474083,0,0.009999522008001804
angle,1780570206085006251,0.000102835641882848,0,0.009999506175518036
angle,1780570206129544506,0.000102387290098704,0,0.009999200701713562
angle,1780570206177332667,0.000101939309388399,0,0.009998580440878868
angle,1780570206229016235,0.00010149173613172,0,0.009999341331422329
angle,1780570206273025174,0.000101044570328668,0,0.00999897625297308
angle,1780570206320006581,0.00010059784835903,0,0.009999397210776806
angle,1780570206367215691,0.000100151555670891,0,0.009999781847000122
angle,1780570206402678002,0.000099705714092124,0,0.009999502450227737
angle,1780570206427915997,0.00009926032362273,0,0.009999822825193405
angle,1780570206454937139,0.000098815369710792,0,0.00999979954212904
angle,1780570206491650539,0.000098370837804396,0,0.009999793954193592
angle,1780570206527303622,0.000097926727903541,0,0.009999729692935944
angle,1780570206570648702,0.000097483032732271,0,0.009999431669712067
angle,1780570206596975713,0.000097039723186754,0,0.009999430738389492
angle,1780570206622091537,0.000096596828370821,0,0.009999614208936691
angle,1780570206658231509,0.000096154333732557,0,0.009999321773648262
angle,1780570206707980400,0.000095712246547919,0,0.009999568574130535
angle,1780570206755392183,0.00009527058864478,0,0.009999715723097324
angle,1780570206800358156,0.000094829345471226,0,0.009999494068324566
angle,1780570206852282202,0.00009438853157917,0,0.009999511763453484
angle,1780570206905569582,0.000093948154244572,0,0.009998827241361141
angle,1780570206946954576,0.000093508220743388,0,0.00999862514436245
angle,1780570206991582898,0.000093068716523703,0,0.009999332949519157
angle,1780570207023864745,0.000092629663413391,0,0.009999347850680351
angle,1780570207053890340,0.000092191054136492,0,0.009999344125390053
angle,1780570207087902486,0.000091752888693009,0,0.00999979767948389
angle,1780570207128577763,0.000091315159806982,0,0.009999129921197891
angle,1780570207183594734,0.000090877874754369,0,0.009999314323067665
angle,1780570207232121822,0.000090441026259214,0,0.009999321773648262
angle,1780570207270530840,0.000090004607045557,0,0.009999179281294346
angle,1780570207313401419,0.0000895686171134,0,0.009999463334679604
angle,1780570207355234006,0.000089133071014658,0,0.009999332018196583
angle,1780570207405784118,0.000088697946921457,0,0.00999936368316412
angle,1780570207451826796,0.00008826326666167,0,0.009999589063227177
angle,1780570207488502578,0.000087829030235298,0,0.009999427013099194
angle,1780570207528658723,0.00008739523764234,0,0.009999174624681473
angle,1780570207559479229,0.000086961896158755,0,0.009999141097068787
angle,1780570207594968928,0.000086529013060499,0,0.0099992910400033
angle,1780570207639450499,0.000086096581071615,0,0.00999948289245367
angle,1780570207675124388,0.000085664614744019,0,0.009998926892876625
angle,1780570207713893574,0.000085233084973879,0,0.00999931525439024
angle,1780570207750545853,0.000084802028140984,0,0.009999400936067104
angle,1780570207785700142,0.000084371415141504,0,0.00999970268458128
angle,1780570207823238343,0.000083941267803311,0,0.009999372065067291
angle,1780570207860765359,0.000083511571574491,0,0.009999480098485947
angle,1780570207903345029,0.000083082341006957,0,0.009999348782002926
angle,1780570207944877960,0.00008265354699688,0,0.009999423287808895
angle,1780570207985353069,0.000082225218648091,0,0.009999432601034641
angle,1780570208023707359,0.000081797348684631,0,0.009999286383390427
angle,1780570208057305390,0.000081369937106501,0,0.00999907124787569
angle,1780570208096630416,0.000080942983913701,0,0.009999256581068039
angle,1780570208126359511,0.000080516503658146,0,0.009999345988035202
angle,1780570208156543226,0.000080090489063878,0,0.009999312460422516
angle,1780570208198750845,0.000079664940130897,0,0.009999547153711319
angle,1780570208239406943,0.000079239864135161,0,0.009999598376452923
angle,1780570208272529431,0.00007881526107667,0,0.00999932736158371
angle,1780570208307490970,0.000078391130955424,0,0.009999263100326061
angle,1780570208338866172,0.000077967473771423,0,0.009999248199164867
angle,1780570208379018338,0.000077544274972752,0,0.009999572299420834
angle,1780570208416821938,0.000077121556387283,0,0.009999414905905724
angle,1780570208455224419,0.000076699303463101,0,0.009999544359743595
angle,1780570208488287216,0.000076277530752122,0,0.00999950710684061
angle,1780570208527534237,0.000075856238254346,0,0.009999115951359272
angle,1780570208563742666,0.000075435411417857,0,0.009998849593102932
angle,1780570208608913304,0.000075015072070528,0,0.0099996542558074
angle,1780570208662032205,0.000074595212936401,0,0.009999221190810204
angle,1780570208695397469,0.000074175834015477,0,0.009999535977840424
angle,1780570208728800088,0.000073756942583714,0,0.009999396279454231
angle,1780570208755306914,0.000073338524089195,0,0.009999297559261322
angle,1780570208784296428,0.000072920600359794,0,0.009999273344874382
angle,1780570208816749270,0.000072503164119553,0,0.009999028407037258
angle,1780570208860786074,0.000072086208092514,0,0.009999317117035389
angle,1780570208896289226,0.00007166948489612,0,0.010004637762904167
angle,1780570208936383679,0.000071253503847402,0,0.009999365545809269
angle,1780570208963170189,0.000070838017563801,0,0.00999930128455162
angle,1780570208990258357,0.000070423011493403,0,0.009999599307775497
angle,1780570209023458937,0.000070008500188123,0,0.009999510832130909
angle,1780570209061668025,0.000069594476372004,0,0.009999215602874756
angle,1780570209098836042,0.000069180961872917,0,0.009999332949519157
angle,1780570209146907412,0.000068767920311075,0,0.009999476373195648
angle,1780570209191538672,0.000068355388066266,0,0.009999075904488564
angle,1780570209235461660,0.000067943328758702,0,0.009999529458582401
angle,1780570209269659512,0.000067531778768171,0,0.009999489411711693
angle,1780570209303263198,0.000067120730818715,0,0.009999344125390053
angle,1780570209337765769,0.000066710177634377,0,0.009999530389904976
angle,1780570209372927167,0.000066300119215157,0,0.009999957866966724
angle,1780570209424910832,0.000065890555561054,0,0.009999546222388744
angle,1780570209471074528,0.000065481493948027,0,0.009999355301260948
angle,1780570209517038544,0.000065072934376076,0,0.009999309666454792
angle,1780570209557479255,0.000064664884121157,0,0.009999513626098633
angle,1780570209592552927,0.000064257328631356,0,0.009999247267842293
angle,1780570209642141696,0.000063850282458588,0,0.009999335743486881
angle,1780570209686882534,0.000063443752878811,0,0.009998634457588196
angle,1780570209724903232,0.000063037725340109,0,0.009998836554586887
angle,1780570209760255228,0.000062632221670356,0,0.009999540634453297
angle,1780570209797305164,0.000062227234593593,0,0.009999413043260574
angle,1780570209829217550,0.000061822756833863,0,0.009999346919357777
angle,1780570209877515145,0.000061418795667123,0,0.009999334812164307
angle,1780570209914254107,0.000061015343817417,0,0.009998966939747334
