name,time,value,timeout,delta_time
angle,1780512999001944649,2.0299999713897705,0,0.009999832138419151
angle,1780512999011944195,2.0299999713897705,0,0.009999921545386314
angle,1780512999021944586,2.0299999713897705,0,0.009999963454902172
angle,1780512999031945095,2.0299999713897705,0,0.009999844245612621
angle,1780512999041945478,2.0299999713897705,0,0.009999893605709076
angle,1780512999051945298,2.0299999713897705,0,0.009999927133321762
angle,1780512999061945882,2.0299999713897705,0,0.009999910369515419
angle,1780512999071946182,2.0299999713897705,0,0.009999913163483143
angle,1780512999081946570,2.0299999713897705,0,0.009999863803386688
angle,1780512999091946854,2.0299999713897705,0,0.009999903850257397
angle,1780512999101946574,2.0299999713897705,0,0.009999942034482956
angle,1780512999111947285,2.0299999713897705,0,0.009999952279031277
angle,1780512999121947143,2.0299999713897705,0,0.009999874979257584
angle,1780512999131947884,2.0299999713897705,0,0.009999916888773441
angle,1780512999141948452,2.0299999713897705,0,0.009999877773225307
angle,1780512999151948356,2.0299999713897705,0,0.009999904781579971
angle,1780512999161948118,2.0299999713897705,0,0.00999984610825777
angle,1780512999171948895,2.0299999713897705,0,0.009999869391322136
angle,1780512999181949262,2.0299999713897705,0,0.009999907575547695
angle,1780512999191948990,2.0299999713897705,0,0.00999987032264471
angle,1780512999201949620,2.0299999713897705,0,0.009999880567193031
angle,1780512999211949459,2.0299999713897705,0,0.009999924339354038
angle,1780512999221949872,2.0299999713897705,0,0.009999855421483517
angle,1780512999231950303,2.0299999713897705,0,0.009999853558838367
angle,1780512999241950568,2.0299999713897705,0,0.00999989453703165
angle,1780512999251950438,2.0299999713897705,0,0.009999843314290047
angle,1780512999261951183,2.0299999713897705,0,0.009999897330999374
angle,1780512999271951102,2.0299999713897705,0,0.009999933652579784
angle,1780512999281951603,2.0299999713897705,0,0.009999946691095829
angle,1780512999291951886,2.0299999713897705,0,0.009999845176935196
angle,1780512999301951808,2.0299999713897705,0,0.009999891743063927
angle,1780512999311952868,2.0299999713897705,0,0.009999839588999748
angle,1780512999321952286,2.0299999713897705,0,0.009999901056289673
angle,1780512999331952438,2.0299999713897705,0,0.009999926201999187
angle,1780512999341953133,2.0299999713897705,0,0.009999948553740978
angle,1780512999351953798,2.0299999713897705,0,0.009999941103160381
angle,1780512999361953995,2.0299999713897705,0,0.009999897330999374
angle,1780512999371954088,2.0299999713897705,0,0.009999824687838554
angle,1780512999381954153,2.0299999713897705,0,0.0099998963996768
angle,1780512999391954412,2.0299999713897705,0,0.009999862872064114
angle,1780512999401954997,2.0299999713897705,0,0.009999874047935009
angle,1780512999411955471,2.0299999713897705,0,0.009999914094805717
angle,1780512999421955465,2.0299999713897705,0,0.009999843314290047
angle,1780512999431955524,2.0299999713897705,0,0.009999886155128479
angle,1780512999441955839,2.0299999713897705,0,0.009999888017773628
angle,1780512999451956083,2.0299999713897705,0,0.009999697096645832
angle,1780512999461956640,2.0299999713897705,0,0.009999905712902546
angle,1780512999471956980,2.0299999713897705,0,0.009999890811741352
angle,1780512999481956998,2.0299999713897705,0,0.0099998963996768
angle,1780512999491957870,2.0299999713897705,0,0.009999969974160194
angle,1780512999501957535,2.0299999713897705,0,0.009999913163483143
angle,1780512999511958106,2.0299999713897705,0,0.0099998963996768
angle,1780512999521958227,2.0299999713897705,0,0.009999889880418777
angle,1780512999531958718,2.0299999713897705,0,0.009999889880418777
angle,1780512999541959344,2.0299999713897705,0,0.009999893605709076
angle,1780512999551959267,2.0299999713897705,0,0.009999915957450867
angle,1780512999561959718,2.0299999713897705,0,0.009999838657677174
angle,1780512999571959881,2.0299999713897705,0,0.009999848902225494
angle,1780512999581960465,2.0299999713897705,0,0.009999970905482769
angle,1780512999591960231,2.0299999713897705,0,0.009999887086451054
angle,1780512999601960587,2.0299999713897705,0,0.009999875910580158
angle,1780512999611961185,2.0299999713897705,0,0.009999914094805717
angle,1780512999621961064,2.0299999713897705,0,0.009999874047935009
angle,1780512999631961542,2.0299999713897705,0,0.009999940171837807
angle,1780512999641961556,2.0299999713897705,0,0.00999993085861206
angle,1780512999651961874,2.0299999713897705,0,0.009999909438192844
angle,1780512999661962468,2.0299999713897705,0,0.009999934583902359
angle,1780512999671962943,2.0299999713897705,0,0.009999897330999374
angle,1780512999681963537,2.0299999713897705,0,0.009999902918934822
angle,1780512999691963154,2.0299999713897705,0,0.009999888949096203
angle,1780512999701962970,2.0299999713897705,0,0.009999878704547882
angle,1780512999711963310,2.0299999713897705,0,0.009999871253967285
angle,1780512999721964366,2.0299999713897705,0,0.009999878704547882
angle,1780512999731963829,2.0299999713897705,0,0.009999915957450867
angle,1780512999741964148,2.0299999713897705,0,0.009999866597354412
angle,1780512999751964724,2.0299999713897705,0,0.009999915026128292
angle,1780512999761965502,2.0299999713897705,0,0.009999886155128479
angle,1780512999771965034,2.0299999713897705,0,0.009999897330999374
angle,1780512999781965522,2.0299999713897705,0,0.009999912232160568
angle,1780512999791965966,2.0299999713897705,0,0.009999826550483704
angle,1780512999801966272,2.0299999713897705,0,0.009999833069741726
angle,1780512999811966723,2.0299999713897705,0,0.00999984610825777
angle,1780512999821966637,2.0299999713897705,0,0.009999855421483517
angle,1780512999831966651,2.0299999713897705,0,0.009999818168580532
angle,1780512999841966798,2.0299999713897705,0,0.009999902918934822
angle,1780512999851967209,2.0299999713897705,0,0.009999853558838367
angle,1780512999861967332,2.0299999713897705,0,0.009999844245612621
angle,1780512999871967413,2.0299999713897705,0,0.009999866597354412
angle,1780512999881967513,2.0299999713897705,0,0.009999868459999561
angle,1780512999891968565,2.0299999713897705,0,0.009999937377870083
angle,1780512999901968270,2.0299999713897705,0,0.009999910369515419
angle,1780512999911974757,2.0299999713897705,0,0.010006198659539223
angle,1780512999921975038,2.0299999713897705,0,0.009999889880418777
angle,1780512999931975623,2.0299999713897705,0,0.009999902918934822
angle,1780512999941975504,2.0299999713897705,0,0.009999874979257584
angle,1780512999951975620,2.0299999713897705,0,0.009999865666031837
angle,1780512999961976349,2.0299999713897705,0,0.009999839588999748
angle,1780512999971978182,2.0299999713897705,0,0.009999940171837807
angle,1780512999981976935,2.0299999713897705,0,0.00999988429248333
angle,1780512999991977178,2.0299999713897705,0,0.009999885223805904
angle,1780513000001977182,2.0299999713897705,0,0.009999520145356655
angle,1780513000011977322,2.0299999713897705,0,0.009999901056289673
angle,1780513000021978144,2.0299999713897705,0,0.009999893605709076
angle,1780513000031978137,2.0299999713897705,0,0.009999950416386127
angle,1780513000041978453,2.0299999713897705,0,0.00999988242983818
angle,1780513000051979082,2.0299999713897705,0,0.009999843314290047
angle,1780513000061979090,2.0299999713897705,0,0.00999990664422512
angle,1780513000071979272,2.0299999713897705,0,0.009999902918934822
angle,1780513000081979734,2.0299999713897705,0,0.009999901987612247
angle,1780513000091979935,2.0299999713897705,0,0.009999848902225494
angle,1780513000101980479,2.0299999713897705,0,0.009999879635870457
angle,1780513000111981355,2.0299999713897705,0,0.009999955072999
angle,1780513000121980875,2.0299999713897705,0,0.009999849833548069
angle,1780513000131981311,2.0299999713897705,0,0.009999886155128479
angle,1780513000141982070,2.0299999713897705,0,0.009999883361160755
angle,1780513000151981717,2.0299999713897705,0,0.009999843314290047
angle,1780513000161982046,2.0299999713897705,0,0.009999873116612434
angle,1780513000171982706,2.0299999713897705,0,0.00999992061406374
angle,1780513000181982863,2.0299999713897705,0,0.009999869391322136
angle,1780513000191982921,2.0299999713897705,0,0.009999837726354599
angle,1780513000201983302,2.0299999713897705,0,0.009999885223805904
angle,1780513000211983405,2.0299999713897705,0,0.009999915957450867
angle,1780513000221983935,2.0299999713897705,0,0.009999901056289673
angle,1780513000231983942,2.0299999713897705,0,0.009999876841902733
angle,1780513000241984472,2.0299999713897705,0,0.009999938309192657
angle,1780513000251984522,2.0299999713897705,0,0.009999901056289673
angle,1780513000261984614,2.0299999713897705,0,0.009999888017773628
angle,1780513000271984851,2.0299999713897705,0,0.009999902918934822
angle,1780513000281985325,2.0299999713897705,0,0.009999970905482769
angle,1780513000291985797,2.0299999713897705,0,0.009999802336096764
angle,1780513000301985438,2.0299999713897705,0,0.009999805130064487
angle,1780513000311986031,2.0299999713897705,0,0.009999925270676613
angle,1780513000321986063,2.0299999713897705,0,0.009999921545386314
angle,1780513000331986920,2.0299999713897705,0,0.009999955072999
angle,1780513000341987031,2.0299999713897705,0,0.009999897330999374
angle,1780513000351987228,2.0299999713897705,0,0.00999993085861206
angle,1780513000361987709,2.0299999713897705,0,0.009999892674386501
angle,1780513000371987596,2.0299999713897705,0,0.00999988429248333
angle,1780513000381988439,2.0299999713897705,0,0.0099998340010643
angle,1780513000391988485,2.0299999713897705,0,0.009999892674386501
angle,1780513000401988568,2.0299999713897705,0,0.009999928064644337
angle,1780513000411989448,2.0299999713897705,0,0.009999857284128666
angle,1780513000421989859,2.0299999713897705,0,0.009999863803386688
angle,1780513000431989265,2.0299999713897705,0,0.009999849833548069
angle,1780513000441989835,2.0299999713897705,0,0.009999919682741165
angle,1780513000451989714,2.0299999713897705,0,0.009999861940741539
angle,1780513000461990098,2.0299999713897705,0,0.00999988429248333
angle,1780513000471990457,2.0299999713897705,0,0.009999938309192657
angle,1780513000481990542,2.0299999713897705,0,0.009999865666031837
angle,1780513000491991204,2.0299999713897705,0,0.009999839588999748
angle,1780513000501991534,2.0299999713897705,0,0.009999936446547508
angle,1780513000511991838,2.0299999713897705,0,0.00999987218528986
angle,1780513000521992025,2.0299999713897705,0,0.009999893605709076
angle,1780513000531992250,2.0299999713897705,0,0.009999789297580719
angle,1780513000541992172,2.0299999713897705,0,0.009999927133321762
angle,1780513000551993102,2.0299999713897705,0,0.009999877773225307
angle,1780513000561993329,2.0299999713897705,0,0.009999898262321949
angle,1780513000571993226,2.0299999713897705,0,0.009999875910580158
angle,1780513000581993493,2.0299999713897705,0,0.009999836795032024
angle,1780513000591993972,2.0299999713897705,0,0.009999891743063927
angle,1780513000601994660,2.0299999713897705,0,0.009999791160225868
angle,1780513000611995256,2.0299999713897705,0,0.009999857284128666
angle,1780513000621994882,2.0299999713897705,0,0.009999875910580158
angle,1780513000631995124,2.0299999713897705,0,0.009999883361160755
angle,1780513000641995940,2.0299999713897705,0,0.01000000536441803
angle,1780513000651996322,2.0299999713897705,0,0.009999863803386688
angle,1780513000661996033,2.0299999713897705,0,0.009999904781579971
angle,1780513000671996615,2.0299999713897705,0,0.009999874047935009
angle,1780513000681996834,2.0299999713897705,0,0.00999993272125721
angle,1780513000691997070,2.0299999713897705,0,0.009999893605709076
angle,1780513000701997428,2.0299999713897705,0,0.00999984797090292
angle,1780513000711997688,2.0299999713897705,0,0.0099998963996768
angle,1780513000721997852,2.0299999713897705,0,0.009999874979257584
angle,1780513000731998153,2.0299999713897705,0,0.009999910369515419
angle,1780513000741998972,2.0299999713897705,0,0.009999842382967472
angle,1780513000751998581,2.0299999713897705,0,0.009999852627515793
angle,1780513000761999100,2.0299999713897705,0,0.009999940171837807
angle,1780513000771999004,2.0299999713897705,0,0.009999890811741352
angle,1780513000781999197,2.0299999713897705,0,0.00999988429248333
angle,1780513000792000244,2.0299999713897705,0,0.009999937377870083
angle,1780513000802000298,2.0299999713897705,0,0.009999951347708702
angle,1780513000811999997,2.0299999713897705,0,0.00999989453703165
angle,1780513000822000480,2.0299999713897705,0,0.00999987218528986
angle,1780513000832000825,2.0299999713897705,0,0.009999871253967285
angle,1780513000842001078,2.0299999713897705,0,0.009999805130064487
angle,1780513000852001775,2.0299999713897705,0,0.009999948553740978
angle,1780513000862001453,2.0299999713897705,0,0.009999615140259266
angle,1780513000872001870,2.0299999713897705,0,0.009999940171837807
angle,1780513000882002185,2.0299999713897705,0,0.009999849833548069
angle,1780513000892002388,2.0299999713897705,0,0.0099998963996768
angle,1780513000902003135,2.0299999713897705,0,0.009999927133321762
angle,1780513000912002868,2.0299999713897705,0,0.009999849833548069
angle,1780513000922003594,2.0299999713897705,0,0.009999883361160755
angle,1780513000932003423,2.0299999713897705,0,0.009999931789934635
angle,1780513000942003815,2.0299999713897705,0,0.009999843314290047
angle,1780513000952004154,2.0299999713897705,0,0.009999862872064114
angle,1780513000962004479,2.0299999713897705,0,0.009999901987612247
angle,1780513000972004866,2.0299999713897705,0,0.009999838657677174
angle,1780513000982005019,2.0299999713897705,0,0.009999841451644897
angle,1780513000992005191,2.0299999713897705,0,0.0099998340010643
angle,1780513001002006661,2.0299999713897705,0,0.009999910369515419
angle,1780513001012005937,2.0299999713897705,0,0.009999968111515045
angle,1780513001022006212,2.0299999713897705,0,0.009999850764870644
angle,1780513001032006375,2.0299999713897705,0,0.009999843314290047
angle,1780513001044210551,2.0299999713897705,0,0.01220450084656477
angle,1780513001054212709,2.0299999713897705,0,0.009999965317547321
angle,1780513001064211749,2.0299999713897705,0,0.009999824687838554
angle,1780513001074212386,2.0299999713897705,0,0.0099998963996768
angle,1780513001084212203,2.0299999713897705,0,0.009999877773225307
angle,1780513001094212977,2.0299999713897705,0,0.009999936446547508
angle,1780513001104213248,2.0299999713897705,0,0.00999988429248333
angle,1780513001114213597,2.0299999713897705,0,0.009999917820096016
angle,1780513001124213870,2.0299999713897705,0,0.009999845176935196
angle,1780513001134214158,2.0299999713897705,0,0.009999856352806091
angle,1780513001144214766,2.0299999713897705,0,0.00999993085861206
angle,1780513001154214493,2.0299999713897705,0,0.009999879635870457
angle,1780513001164215347,2.0299999713897705,0,0.009999855421483517
angle,1780513001174215596,2.0299999713897705,0,0.009999843314290047
angle,1780513001184215533,2.0299999713897705,0,0.009999855421483517
angle,1780513001194215742,2.0299999713897705,0,0.009999812580645084
angle,1780513001204216320,2.0299999713897705,0,0.009999963454902172
angle,1780513001214216954,2.0299999713897705,0,0.009999899193644524
angle,1780513001224216935,2.0299999713897705,0,0.009999548085033894
angle,1780513001234216972,2.0299999713897705,0,0.009999879635870457
angle,1780513001244217218,2.0299999713897705,0,0.009999808855354786
angle,1780513001254217708,2.0299999713897705,0,0.009999907575547695
angle,1780513001264218400,2.0299999713897705,0,0.009999899193644524
angle,1780513001274218269,2.0299999713897705,0,0.009999926201999187
angle,1780513001284218800,2.0299999713897705,0,0.009999934583902359
angle,1780513001294218794,2.0299999713897705,0,0.009999790228903294
angle,1780513001304219239,2.0299999713897705,0,0.009999888017773628
angle,1780513001314219816,2.0299999713897705,0,0.00999996718019247
angle,1780513001324220491,2.0299999713897705,0,0.009999844245612621
angle,1780513001334219700,2.0299999713897705,0,0.009999798610806465
angle,1780513001344220112,2.0299999713897705,0,0.009999810717999935
angle,1780513001354220580,2.0299999713897705,0,0.009999852627515793
angle,1780513001364220833,2.0299999713897705,0,0.009999940171837807
angle,1780513001374220877,2.0299999713897705,0,0.009999934583902359
angle,1780513001384221260,2.0299999713897705,0,0.009999916888773441
angle,1780513001394221837,2.0299999713897705,0,0.009999925270676613
angle,1780513001404222434,2.0299999713897705,0,0.009999874979257584
angle,1780513001414222467,2.0299999713897705,0,0.00999987218528986
angle,1780513001424222557,2.0299999713897705,0,0.00999983586370945
angle,1780513001434222790,2.0299999713897705,0,0.009999903850257397
angle,1780513001444222789,2.0299999713897705,0,0.009999818168580532
angle,1780513001454223900,2.0299999713897705,0,0.009999917820096016
angle,1780513001464223663,2.0299999713897705,0,0.009999795816838741
angle,1780513001474223789,2.0299999713897705,0,0.009999900124967098
angle,1780513001484224559,2.0299999713897705,0,0.009999899193644524
angle,1780513001494225049,2.0299999713897705,0,0.009999850764870644
angle,1780513001504225306,2.0299999713897705,0,0.009999558329582214
angle,1780513001514224917,2.0299999713897705,0,0.009999865666031837
angle,1780513001524225489,2.0299999713897705,0,0.009999901987612247
angle,1780513001534226016,2.0299999713897705,0,0.009999929927289486
angle,1780513001544226591,2.0299999713897705,0,0.009999923408031464
angle,1780513001554226261,2.0299999713897705,0,0.009999832138419151
angle,1780513001564226831,2.0299999713897705,0,0.009999861009418964
angle,1780513001574227112,2.0299999713897705,0,0.009999903850257397
angle,1780513001584227345,2.0299999713897705,0,0.009999888017773628
angle,1780513001594227863,2.0299999713897705,0,0.009999836795032024
angle,1780513001604228069,2.0299999713897705,0,0.009999871253967285
angle,1780513001614227851,2.0299999713897705,0,0.009999888949096203
angle,1780513001624228569,2.0299999713897705,0,0.009999876841902733
angle,1780513001634228514,2.0299999713897705,0,0.009999842382967472
angle,1780513001644229054,2.0299999713897705,0,0.009999869391322136
angle,1780513001654229960,2.0299999713897705,0,0.0099998963996768
angle,1780513001664229829,2.0299999713897705,0,0.009999923408031464
angle,1780513001674230193,2.0299999713897705,0,0.009999889880418777
angle,1780513001684230394,2.0299999713897705,0,0.009999901056289673
angle,1780513001694231394,2.0299999713897705,0,0.009999940171837807
angle,1780513001704230934,2.0299999713897705,0,0.009999887086451054
angle,1780513001714231613,2.0299999713897705,0,0.009999874979257584
angle,1780513001724231491,2.0299999713897705,0,0.009999901987612247
angle,1780513001734231814,2.0299999713897705,0,0.00999984610825777
angle,1780513001744232157,2.0299999713897705,0,0.009999805130064487
angle,1780513001754232123,2.0299999713897705,0,0.009999806061387062
angle,1780513001764232480,2.0299999713897705,0,0.009999862872064114
angle,1780513001774232922,2.0299999713897705,0,0.009999865666031837
angle,1780513001784233594,2.0299999713897705,0,0.009999843314290047
angle,1780513001794233574,2.0299999713897705,0,0.009999762289226055
angle,1780513001804234092,2.0299999713897705,0,0.009999850764870644
angle,1780513001814233975,2.0299999713897705,0,0.009999841451644897
angle,1780513001824234104,2.0299999713897705,0,0.00999988429248333
angle,1780513001834234745,2.0299999713897705,0,0.009999814443290234
angle,1780513001844234994,2.0299999713897705,0,0.009999847039580345
angle,1780513001854235338,2.0299999713897705,0,0.009999933652579784
angle,1780513001864235487,2.0299999713897705,0,0.009999845176935196
angle,1780513001874235846,2.0299999713897705,0,0.009999913163483143
angle,1780513001884236737,2.0299999713897705,0,0.009999873116612434
angle,1780513001894236722,2.0299999713897705,0,0.00999956764280796
angle,1780513001905602889,2.0299999713897705,0,0.011366929858922958
angle,1780513001915604721,2.0299999713897705,0,0.009999990463256836
angle,1780513001925604854,2.0299999713897705,0,0.009999919682741165
angle,1780513001935604425,2.0299999713897705,0,0.009999915957450867
angle,1780513001945604679,2.0299999713897705,0,0.009999893605709076
angle,1780513001955605691,2.0299999713897705,0,0.010000060312449932
angle,1780513001965605762,2.0299999713897705,0,0.009999804198741913
angle,1780513001975607199,2.0299999713897705,0,0.009999938309192657
angle,1780513001985606663,2.0299999713897705,0,0.009999851696193218
angle,1780513001995606697,2.0299999713897705,0,0.009999855421483517
angle,1780513002005606999,2.0299999713897705,0,0.009999888949096203
angle,1780513002015606948,2.0299999713897705,0,0.009999942034482956
angle,1780513002025607585,2.0299999713897705,0,0.009999901987612247
angle,1780513002035607599,2.0299999713897705,0,0.009999957866966724
angle,1780513002045607700,2.0299999713897705,0,0.009999877773225307
angle,1780513002055608581,2.0299999713897705,0,0.00999997928738594
angle,1780513002065608980,2.0299999713897705,0,0.00999983586370945
angle,1780513002075608822,2.0299999713897705,0,0.009999964386224747
angle,1780513002085609553,2.0299999713897705,0,0.009999936446547508
angle,1780513002095610868,2.0299999713897705,0,0.009999912232160568
angle,1780513002105610877,2.0299999713897705,0,0.009999847039580345
angle,1780513002115610279,2.0299999713897705,0,0.009999852627515793
angle,1780513002125610806,2.0299999713897705,0,0.009999862872064114
angle,1780513002135611186,2.0299999713897705,0,0.009999959729611874
angle,1780513002145611336,2.0299999713897705,0,0.009999837726354599
angle,1780513002155611779,2.0299999713897705,0,0.009999865666031837
angle,1780513002165612836,2.0299999713897705,0,0.00999987032264471
angle,1780513002175612378,2.0299999713897705,0,0.009999900124967098
angle,1780513002185612806,2.0299999713897705,0,0.009999929927289486
angle,1780513002195613198,2.0299999713897705,0,0.00999987218528986
angle,1780513002205613128,2.0299999713897705,0,0.009999886155128479
angle,1780513002215613591,2.0299999713897705,0,0.009999873116612434
angle,1780513002225614414,2.0299999713897705,0,0.009999983012676239
angle,1780513002235615662,2.0299999713897705,0,0.009999844245612621
angle,1780513002245614912,2.0299999713897705,0,0.009999897330999374
angle,1780513002255615433,2.0299999713897705,0,0.00999987218528986
angle,1780513002265615719,2.0299999713897705,0,0.00999994482845068
angle,1780513002275616118,2.0299999713897705,0,0.00999982189387083
angle,1780513002285616302,2.0299999713897705,0,0.00999984797090292
angle,1780513002295616341,2.0299999713897705,0,0.009999926201999187
angle,1780513002305616605,2.0299999713897705,0,0.009999837726354599
angle,1780513002315616493,2.0299999713897705,0,0.009999929927289486
angle,1780513002325617055,2.0299999713897705,0,0.009999901056289673
angle,1780513002335617265,2.0299999713897705,0,0.009999814443290234
angle,1780513002345617271,2.0299999713897705,0,0.009999802336096764
angle,1780513002355617946,2.0299999713897705,0,0.009999970905482769
angle,1780513002365618748,2.0299999713897705,0,0.009999929927289486
angle,1780513002375618691,2.0299999713897705,0,0.009999874979257584
angle,1780513002385618469,2.0299999713897705,0,0.009999883361160755
angle,1780513002395619337,2.0299999713897705,0,0.009999888949096203
angle,1780513002405619784,2.0299999713897705,0,0.009999928995966911
angle,1780513002415619720,2.0299999713897705,0,0.009999790228903294
angle,1780513002425620136,2.0299999713897705,0,0.009999828413128853
angle,1780513002435620138,2.0299999713897705,0,0.009999837726354599
angle,1780513002445620731,2.0299999713897705,0,0.009999983943998814
angle,1780513002455621242,2.0299999713897705,0,0.009999901987612247
angle,1780513002465621833,2.0299999713897705,0,0.00999994482845068
angle,1780513002475621898,2.0299999713897705,0,0.009999887086451054
angle,1780513002485622468,2.0299999713897705,0,0.009999883361160755
angle,1780513002495622446,2.0299999713897705,0,0.009999929927289486
angle,1780513002505622835,2.0299999713897705,0,0.009999889880418777
angle,1780513002515623818,2.0299999713897705,0,0.010000037029385567
angle,1780513002525622937,2.0299999713897705,0,0.009999838657677174
angle,1780513002535622999,2.0299999713897705,0,0.009999928064644337
angle,1780513002545624426,2.0299999713897705,0,0.009999921545386314
angle,1780513002555623730,2.0299999713897705,0,0.009999861940741539
angle,1780513002565624271,2.0299999713897705,0,0.010000010021030903
angle,1780513002575625069,2.0299999713897705,0,0.009999888949096203
angle,1780513002585625188,2.0299999713897705,0,0.009999939240515232
angle,1780513002595625897,2.0299999713897705,0,0.009999904781579971
angle,1780513002605625760,2.0299999713897705,0,0.009999893605709076
angle,1780513002615626327,2.0299999713897705,0,0.009999861009418964
angle,1780513002625626447,2.0299999713897705,0,0.009999850764870644
angle,1780513002635627042,2.0299999713897705,0,0.00999987218528986
angle,1780513002645626881,2.0299999713897705,0,0.009999803267419338
angle,1780513002655627480,2.0299999713897705,0,0.009999917820096016
angle,1780513002665638048,2.0299999713897705,0,0.010009456425905228
angle,1780513002675637576,2.0299999713897705,0,0.009999853558838367
angle,1780513002685638423,2.0299999713897705,0,0.009999983012676239
angle,1780513002695639263,2.0299999713897705,0,0.009999905712902546
angle,1780513002705638763,2.0299999713897705,0,0.009999804198741913
angle,1780513002715639407,2.0299999713897705,0,0.009999897330999374
angle,1780513002725640131,2.0299999713897705,0,0.009999892674386501
angle,1780513002735639871,2.0299999713897705,0,0.00999998115003109
angle,1780513002745639876,2.0299999713897705,0,0.009999889880418777
angle,1780513002755641537,2.0299999713897705,0,0.00999991875141859
angle,1780513002765641421,2.0299999713897705,0,0.009999868459999561
angle,1780513002775641546,2.0299999713897705,0,0.009999904781579971
angle,1780513002785641566,2.0299999713897705,0,0.00999994482845068
angle,1780513002795642106,2.0299999713897705,0,0.009999891743063927
angle,1780513002805642208,2.0299999713897705,0,0.009999863803386688
angle,1780513002815642341,2.0299999713897705,0,0.00999988242983818
angle,1780513002825642487,2.0299999713897705,0,0.009999903850257397
angle,1780513002835643155,2.0299999713897705,0,0.009999936446547508
angle,1780513002845642992,2.0299999713897705,0,0.009999924339354038
angle,1780513002855643137,2.0299999713897705,0,0.009999878704547882
angle,1780513002865644048,2.0299999713897705,0,0.00999993085861206
angle,1780513002875644356,2.0299999713897705,0,0.009999897330999374
angle,1780513002885644490,2.0299999713897705,0,0.009999888949096203
angle,1780513002895645266,2.0299999713897705,0,0.009999945759773254
angle,1780513002905645672,2.0299999713897705,0,0.00999989453703165
angle,1780513002915646030,2.0299999713897705,0,0.009999851696193218
angle,1780513002925646071,2.0299999713897705,0,0.009999919682741165
angle,1780513002935646123,2.0299999713897705,0,0.009999795816838741
angle,1780513002945646511,2.0299999713897705,0,0.009999954141676426
angle,1780513002955646295,2.0299999713897705,0,0.009999897330999374
angle,1780513002965646820,2.0299999713897705,0,0.009999834932386875
angle,1780513002975647491,2.0299999713897705,0,0.009999874979257584
angle,1780513002985647764,2.0299999713897705,0,0.009999901987612247
angle,1780513002995648706,2.0299999713897705,0,0.009999826550483704
angle,1780513003005649431,2.0299999713897705,0,0.00999990664422512
angle,1780513003015648731,2.0299999713897705,0,0.009999888017773628
angle,1780513003025648769,2.0299999713897705,0,0.009999985806643963
angle,1780513003035649512,2.0299999713897705,0,0.009999803267419338
angle,1780513003045649209,2.0299999713897705,0,0.009999874979257584
angle,1780513003055649695,2.0299999713897705,0,0.009999924339354038
angle,1780513003065649992,2.0299999713897705,0,0.00999990664422512
angle,1780513003075650367,2.0299999713897705,0,0.009999862872064114
angle,1780513003085650879,2.0299999713897705,0,0.009999916888773441
angle,1780513003095650852,2.0299999713897705,0,0.009999794885516167
angle,1780513003105650750,2.0299999713897705,0,0.009999898262321949
angle,1780513003115651510,2.0299999713897705,0,0.009999838657677174
angle,1780513003125651882,2.0299999713897705,0,0.00999983586370945
angle,1780513003135652154,2.0299999713897705,0,0.009999862872064114
angle,1780513003145652102,2.0299999713897705,0,0.009999911300837994
angle,1780513003155651779,2.0299999713897705,0,0.00999994296580553
angle,1780513003165652224,2.0299999713897705,0,0.00999988429248333
angle,1780513003175652469,2.0299999713897705,0,0.009999805130064487
angle,1780513003185653077,2.0299999713897705,0,0.009999890811741352
angle,1780513003195652895,2.0299999713897705,0,0.009999861009418964
angle,1780513003205654042,2.0299999713897705,0,0.010000004433095455
angle,1780513003215654876,2.0299999713897705,0,0.009999916888773441
angle,1780513003225654799,2.0299999713897705,0,0.009999845176935196
angle,1780513003235654699,2.0299999713897705,0,0.009999853558838367
angle,1780513003245655375,2.0299999713897705,0,0.009999845176935196
angle,1780513003255655760,2.0299999713897705,0,0.009999879635870457
angle,1780513003265670496,2.0299999713897705,0,0.010013948194682598
angle,1780513003275679211,2.0299999713897705,0,0.010007601231336594
angle,1780513003285687575,2.0299999713897705,0,0.010007783770561218
angle,1780513003295686570,2.0299999713897705,0,0.00999979767948389
angle,1780513003305688099,2.0299999713897705,0,0.00999993085861206
angle,1780513003315687689,2.0299999713897705,0,0.010000014677643776
angle,1780513003325688806,2.0299999713897705,0,0.009999915026128292
angle,1780513003335688822,2.0299999713897705,0,0.009999822825193405
angle,1780513003345688978,2.0299999713897705,0,0.009999942034482956
angle,1780513003355696961,2.0299999713897705,0,0.010006762109696865
angle,1780513003365696246,2.0299999713897705,0,0.009999831207096577
angle,1780513003375697225,2.0299999713897705,0,0.009999969974160194
angle,1780513003385697232,2.0299999713897705,0,0.009999804198741913
angle,1780513003395697748,2.0299999713897705,0,0.009999919682741165
angle,1780513003405697467,2.0299999713897705,0,0.009999878704547882
angle,1780513003415697397,2.0299999713897705,0,0.009999880567193031
angle,1780513003425698467,2.0299999713897705,0,0.009999869391322136
angle,1780513003435698119,2.0299999713897705,0,0.009999861940741539
angle,1780513003447726966,2.0299999713897705,0,0.01202890370041132
angle,1780513003457728228,2.0299999713897705,0,0.009999971836805344
angle,1780513003467729024,2.0299999713897705,0,0.009999910369515419
angle,1780513003477729110,2.0299999713897705,0,0.009999905712902546
angle,1780513003487729685,2.0299999713897705,0,0.009999956004321575
angle,1780513003497729751,2.0299999713897705,0,0.009999853558838367
angle,1780513003507729858,2.0299999713897705,0,0.009999874047935009
angle,1780513003517730600,2.0299999713897705,0,0.009999826550483704
angle,1780513003527731677,2.0299999713897705,0,0.009999842382967472
angle,1780513003537730707,2.0299999713897705,0,0.00999991875141859
angle,1780513003547732373,2.0299999713897705,0,0.0099998963996768
angle,1780513003557731130,2.0299999713897705,0,0.009999890811741352
angle,1780513003567732028,2.0299999713897705,0,0.009999929927289486
angle,1780513003577731869,2.0299999713897705,0,0.009999836795032024
angle,1780513003587732362,2.0299999713897705,0,0.009999855421483517
angle,1780513003597732447,2.0299999713897705,0,0.009999902918934822
angle,1780513003607732494,2.0299999713897705,0,0.009999888017773628
angle,1780513003617733120,2.0299999713897705,0,0.009999798610806465
angle,1780513003627733321,2.0299999713897705,0,0.009999969974160194
angle,1780513003637733982,2.0299999713897705,0,0.00999976322054863
angle,1780513003647734073,2.0299999713897705,0,0.009999891743063927
angle,1780513003657734335,2.0299999713897705,0,0.009999859146773815
angle,1780513003667734776,2.0299999713897705,0,0.00999988429248333
angle,1780513003677735250,2.0299999713897705,0,0.009999838657677174
angle,1780513003687735339,2.0299999713897705,0,0.009999914094805717
angle,1780513003697735654,2.0299999713897705,0,0.009999857284128666
angle,1780513003707735474,2.0299999713897705,0,0.009999824687838554
angle,1780513003717736029,2.0299999713897705,0,0.009999883361160755
angle,1780513003727736497,2.0299999713897705,0,0.009999883361160755
angle,1780513003737736510,2.0299999713897705,0,0.009999834932386875
angle,1780513003747736950,2.0299999713897705,0,0.009999842382967472
angle,1780513003757736698,2.0299999713897705,0,0.009999820031225681
angle,1780513003767737721,2.0299999713897705,0,0.01000001560896635
angle,1780513003777737630,2.0299999713897705,0,0.009999508038163185
angle,1780513003787739407,2.0299999713897705,0,0.009999902918934822
angle,1780513003797738605,2.0299999713897705,0,0.009999902918934822
angle,1780513003807739243,2.0299999713897705,0,0.009999931789934635
angle,1780513003817740322,2.0299999713897705,0,0.009999873116612434
angle,1780513003827739298,2.0299999713897705,0,0.009999824687838554
angle,1780513003837739616,2.0299999713897705,0,0.009999880567193031
angle,1780513003847740199,2.0299999713897705,0,0.009999890811741352
angle,1780513003857740762,2.0299999713897705,0,0.009999893605709076
angle,1780513003867740544,2.0299999713897705,0,0.009999538771808147
angle,1780513003877741366,2.0299999713897705,0,0.009999876841902733
angle,1780513003887741134,2.0299999713897705,0,0.009999861940741539
angle,1780513003897741277,2.0299999713897705,0,0.00999988429248333
angle,1780513003907741911,2.0299999713897705,0,0.00999978557229042
angle,1780513003917742874,2.0299999713897705,0,0.009999915026128292
angle,1780513003927742537,2.0299999713897705,0,0.009999829344451427
angle,1780513003937743029,2.0299999713897705,0,0.009999892674386501
angle,1780513003947743069,2.0299999713897705,0,0.009999925270676613
angle,1780513003957743949,2.0299999713897705,0,0.009999939240515232
angle,1780513003967743756,2.0299999713897705,0,0.009999847039580345
angle,1780513003977744410,2.0299999713897705,0,0.009999890811741352
angle,1780513003987743882,2.0299999713897705,0,0.009999767877161503
angle,1780513003999436060,2.0299999713897705,0,0.011690822429955006
angle,1780513004009437114,2.0299999713897705,0,0.009999815374612808
angle,1780513004019437063,2.0299999713897705,0,0.009999877773225307
angle,1780513004029437071,2.0299999713897705,0,0.009999863803386688
angle,1780513004039437214,2.0299999713897705,0,0.009999919682741165
angle,1780513004049437970,2.0299999713897705,0,0.009999915026128292
angle,1780513004059438585,2.0299999713897705,0,0.009999913163483143
angle,1780513004069438734,2.0299999713897705,0,0.009999928064644337
angle,1780513004079439179,2.0299999713897705,0,0.009999931789934635
angle,1780513004089439113,2.0299999713897705,0,0.009999828413128853
angle,1780513004099439725,2.0299999713897705,0,0.00999987218528986
angle,1780513004109440513,2.0299999713897705,0,0.009999778121709824
angle,1780513004119439846,2.0299999713897705,0,0.0099998963996768
angle,1780513004129440359,2.0299999713897705,0,0.009999917820096016
angle,1780513004139441481,2.0299999713897705,0,0.009999825619161129
angle,1780513004149441572,2.0299999713897705,0,0.00999988242983818
angle,1780513004159440762,2.0299999713897705,0,0.009999888017773628
angle,1780513004169441676,2.0299999713897705,0,0.009999959729611874
angle,1780513004179442367,2.0299999713897705,0,0.009999942034482956
angle,1780513004189442250,2.0299999713897705,0,0.009999833069741726
angle,1780513004199443608,2.0299999713897705,0,0.009999879635870457
angle,1780513004209443294,2.0299999713897705,0,0.009999871253967285
angle,1780513004219443111,2.0299999713897705,0,0.009999630972743034
angle,1780513004229443837,2.0299999713897705,0,0.009999903850257397
angle,1780513004239443654,2.0299999713897705,0,0.009999913163483143
angle,1780513004249443956,2.0299999713897705,0,0.00999989453703165
angle,1780513004259444016,2.0299999713897705,0,0.009999889880418777
angle,1780513004269445348,2.0299999713897705,0,0.009999941103160381
angle,1780513004279444903,2.0299999713897705,0,0.009999902918934822
angle,1780513004289461070,2.0299999713897705,0,0.009999977424740791
angle,1780513004299446705,2.0299999713897705,0,0.009999888949096203
angle,1780513004309446539,2.0299999713897705,0,0.009999848902225494
angle,1780513004319446405,2.0299999713897705,0,0.009999830275774002
angle,1780513004329447647,2.0299999713897705,0,0.009999941103160381
angle,1780513004339447741,2.0299999713897705,0,0.009999816305935383
angle,1780513004349447982,2.0299999713897705,0,0.009999851696193218
angle,1780513004359448372,2.0299999713897705,0,0.009999924339354038
angle,1780513004369448319,2.0299999713897705,0,0.009999847039580345
angle,1780513004379448443,2.0299999713897705,0,0.009999947622418404
angle,1780513004389448960,2.0299999713897705,0,0.009999808855354786
angle,1780513004399449108,2.0299999713897705,0,0.00999990664422512
angle,1780513004409450218,2.0299999713897705,0,0.009999913163483143
angle,1780513004419467118,2.0299999713897705,0,0.010016285814344883
angle,1780513004429466697,2.0299999713897705,0,0.00999986007809639
angle,1780513004439467438,2.0299999713897705,0,0.009999929927289486
angle,1780513004449467146,2.0299999713897705,0,0.00999990664422512
angle,1780513004459467827,2.0299999713897705,0,0.009999939240515232
angle,1780513004469467798,2.0299999713897705,0,0.009999826550483704
angle,1780513004479467883,2.0299999713897705,0,0.009999891743063927
angle,1780513004489468234,2.0299999713897705,0,0.009999831207096577
angle,1780513004499469431,2.0299999713897705,0,0.00999985821545124
angle,1780513004509469647,2.0299999713897705,0,0.009999825619161129
angle,1780513004519469688,2.0299999713897705,0,0.009999877773225307
angle,1780513004529469403,2.0299999713897705,0,0.009999838657677174
angle,1780513004539470400,2.0299999713897705,0,0.009999892674386501
angle,1780513004549470267,2.0299999713897705,0,0.009999955072999
angle,1780513004559470239,2.0299999713897705,0,0.009999938309192657
angle,1780513004569470867,2.0299999713897705,0,0.009999957866966724
angle,1780513004579471503,2.0299999713897705,0,0.009999844245612621
angle,1780513004589471885,2.0299999713897705,0,0.009999849833548069
angle,1780513004599473606,2.0299999713897705,0,0.009999863803386688
angle,1780513004609473752,2.0299999713897705,0,0.00999984797090292
angle,1780513004619471812,2.0299999713897705,0,0.00999988242983818
angle,1780513004629472543,2.0299999713897705,0,0.009999978356063366
angle,1780513004639472505,2.0299999713897705,0,0.009999891743063927
angle,1780513004649472867,2.0299999713897705,0,0.009999857284128666
angle,1780513004659473788,2.0299999713897705,0,0.010000056587159634
angle,1780513004669473875,2.0299999713897705,0,0.009999888949096203
angle,1780513004679473905,2.0299999713897705,0,0.009999983012676239
angle,1780513004689474259,2.0299999713897705,0,0.009999937377870083
angle,1780513004699475482,2.0299999713897705,0,0.009999887086451054
angle,1780513004709474692,2.0299999713897705,0,0.00999988242983818
angle,1780513004719475491,2.0299999713897705,0,0.009999994188547134
angle,1780513004729476095,2.0299999713897705,0,0.009999925270676613
angle,1780513004739475915,2.0299999713897705,0,0.00999988429248333
angle,1780513004749476873,2.0299999713897705,0,0.009999983012676239
angle,1780513004759477380,2.0299999713897705,0,0.009999910369515419
angle,1780513004769477051,2.0299999713897705,0,0.00999989453703165
angle,1780513004779478480,2.0299999713897705,0,0.009999851696193218
angle,1780513004789478983,2.0299999713897705,0,0.009999803267419338
angle,1780513004799478521,2.0299999713897705,0,0.009999912232160568
angle,1780513004809479024,2.0299999713897705,0,0.009999850764870644
angle,1780513004819478796,2.0299999713897705,0,0.00999988242983818
angle,1780513004829479326,2.0299999713897705,0,0.009999843314290047
angle,1780513004839479599,2.0299999713897705,0,0.009999873116612434
angle,1780513004849479616,2.0299999713897705,0,0.009999855421483517
angle,1780513004859479842,2.0299999713897705,0,0.009999909438192844
angle,1780513004869480147,2.0299999713897705,0,0.009999902918934822
angle,1780513004879480555,2.0299999713897705,0,0.009999842382967472
angle,1780513004889480623,2.0299999713897705,0,0.009999941103160381
angle,1780513004899481744,2.0299999713897705,0,0.009999921545386314
angle,1780513004909481739,2.0299999713897705,0,0.009999826550483704
angle,1780513004919481022,2.0299999713897705,0,0.009999874979257584
angle,1780513004929482351,2.0299999713897705,0,0.009999984875321388
angle,1780513004939482964,2.0299999713897705,0,0.009999916888773441
angle,1780513004949482713,2.0299999713897705,0,0.009999727830290794
angle,1780513004959482440,2.0299999713897705,0,0.009999877773225307
angle,1780513004969483431,2.0299999713897705,0,0.00999990664422512
angle,1780513004979483621,2.0299999713897705,0,0.009999856352806091
angle,1780513004989484071,2.0299999713897705,0,0.009999862872064114
angle,1780513004999483823,2.0299999713897705,0,0.009999924339354038
angle,1780513005009485844,2.0299999713897705,0,0.009999899193644524
angle,1780513005019484488,2.0299999713897705,0,0.009999910369515419
angle,1780513005029485305,2.0299999713897705,0,0.00999993085861206
angle,1780513005039485207,2.0299999713897705,0,0.0099998963996768
angle,1780513005049485832,2.0299999713897705,0,0.009999889880418777
angle,1780513005059486052,2.0299999713897705,0,0.009999888949096203
angle,1780513005069486445,2.0299999713897705,0,0.009999886155128479
angle,1780513005079486563,2.0299999713897705,0,0.009999879635870457
angle,1780513005089487109,2.0299999713897705,0,0.009999950416386127
angle,1780513005099487638,2.0299999713897705,0,0.00999978743493557
angle,1780513005109487334,2.0299999713897705,0,0.009999779053032398
angle,1780513005119488041,2.0299999713897705,0,0.009999917820096016
angle,1780513005129488117,2.0299999713897705,0,0.00999989453703165
angle,1780513005139488125,2.0299999713897705,0,0.009999862872064114
angle,1780513005149489004,2.0299999713897705,0,0.009999927133321762
angle,1780513005159489193,2.0299999713897705,0,0.009999849833548069
angle,1780513005169489617,2.0299999713897705,0,0.00999988242983818
angle,1780513005179488758,2.0299999713897705,0,0.009999868459999561
angle,1780513005189488934,2.0299999713897705,0,0.009999903850257397
angle,1780513005199489912,2.0299999713897705,0,0.009999942034482956
angle,1780513005209489746,2.0299999713897705,0,0.009999897330999374
angle,1780513005219490740,2.0299999713897705,0,0.009999889880418777
angle,1780513005229491040,2.0299999713897705,0,0.009999982081353664
angle,1780513005239490730,2.0299999713897705,0,0.009999738074839115
angle,1780513005249491673,2.0299999713897705,0,0.009999878704547882
angle,1780513005259491545,2.0299999713897705,0,0.009999865666031837
angle,1780513005269492793,2.0299999713897705,0,0.009999907575547695
angle,1780513005279491927,2.0299999713897705,0,0.009999828413128853
angle,1780513005289493090,2.0299999713897705,0,0.009999948553740978
angle,1780513005299493649,2.0299999713897705,0,0.009999933652579784
angle,1780513005309494634,2.0299999713897705,0,0.009999907575547695
angle,1780513005319493678,2.0299999713897705,0,0.009999822825193405
angle,1780513005329494235,2.0299999713897705,0,0.009999929927289486
angle,1780513005339494694,2.0299999713897705,0,0.00999982189387083
angle,1780513005349495134,2.0299999713897705,0,0.009999888949096203
angle,1780513005359497900,2.0299999713897705,0,0.009999876841902733
angle,1780513005369495029,2.0299999713897705,0,0.009996994398534298
angle,1780513005379495522,2.0299999713897705,0,0.009999950416386127
angle,1780513005389495873,2.0299999713897705,0,0.009999880567193031
angle,1780513005399496704,2.0299999713897705,0,0.009999837726354599
angle,1780513005409496722,2.0299999713897705,0,0.009999939240515232
angle,1780513005419496799,2.0299999713897705,0,0.009999808855354786
angle,1780513005429496828,2.0299999713897705,0,0.00999984610825777
angle,1780513005439498416,2.0299999713897705,0,0.009999910369515419
angle,1780513005449498681,2.0299999713897705,0,0.009999919682741165
angle,1780513005459498087,2.0299999713897705,0,0.009999952279031277
angle,1780513005469497952,2.0299999713897705,0,0.009999807924032211
angle,1780513005479498780,2.0299999713897705,0,0.009999802336096764
angle,1780513005489500241,2.0299999713897705,0,0.009999921545386314
angle,1780513005499500227,2.0299999713897705,0,0.0099998963996768
angle,1780513005509500459,2.0299999713897705,0,0.009999863803386688
angle,1780513005520308349,2.0299999713897705,0,0.010807895101606846
angle,1780513005530309339,2.0299999713897705,0,0.009999937377870083
angle,1780513005540309560,2.0299999713897705,0,0.009999863803386688
angle,1780513005550309948,2.0299999713897705,0,0.009999853558838367
angle,1780513005560310402,2.0299999713897705,0,0.009999888017773628
angle,1780513005570310665,2.0299999713897705,0,0.009999966248869896
angle,1780513005580310928,2.0299999713897705,0,0.009999913163483143
angle,1780513005590311320,2.0299999713897705,0,0.009999933652579784
angle,1780513005600312103,2.0299999713897705,0,0.009999865666031837
angle,1780513005610311724,2.0299999713897705,0,0.009999888017773628
angle,1780513005620312056,2.0299999713897705,0,0.009999877773225307
angle,1780513005630312181,2.0299999713897705,0,0.009999802336096764
angle,1780513005640312488,2.0299999713897705,0,0.009999845176935196
angle,1780513005650313171,2.0299999713897705,0,0.009999945759773254
angle,1780513005661618744,2.0299999713897705,0,0.011305971071124077
angle,1780513005671619975,2.0299999713897705,0,0.009999972768127918
angle,1780513005681620114,2.0299999713897705,0,0.009999924339354038
angle,1780513005691620778,2.0299999713897705,0,0.009999917820096016
angle,1780513005701620600,2.0299999713897705,0,0.009999893605709076
angle,1780513005711621286,2.0299999713897705,0,0.009999956004321575
angle,1780513005721621652,2.0299999713897705,0,0.009999865666031837
angle,1780513005731621072,2.0299999713897705,0,0.009999532252550125
angle,1780513005741621873,2.0299999713897705,0,0.009999868459999561
angle,1780513005751622112,2.0299999713897705,0,0.009999933652579784
angle,1780513005761622625,2.0299999713897705,0,0.009999850764870644
angle,1780513005771622929,2.0299999713897705,0,0.009999880567193031
angle,1780513005781622884,2.0299999713897705,0,0.009999888017773628
angle,1780513005791622913,2.0299999713897705,0,0.009999890811741352
angle,1780513005801623972,2.0299999713897705,0,0.009999948553740978
angle,1780513005811624162,2.0299999713897705,0,0.009999833069741726
angle,1780513005821624003,2.0299999713897705,0,0.009999526664614677
angle,1780513005831624706,2.0299999713897705,0,0.009999892674386501
angle,1780513005841625207,2.0299999713897705,0,0.009999897330999374
angle,1780513005851625080,2.0299999713897705,0,0.009999850764870644
angle,1780513005861625822,2.0299999713897705,0,0.00999983586370945
angle,1780513005871625562,2.0299999713897705,0,0.009999845176935196
angle,1780513005881625987,2.0299999713897705,0,0.009999855421483517
angle,1780513005891625579,2.0299999713897705,0,0.009999904781579971
angle,1780513005901626316,2.0299999713897705,0,0.00999987218528986
angle,1780513005911626677,2.0299999713897705,0,0.009999921545386314
angle,1780513005921627024,2.0299999713897705,0,0.009999903850257397
angle,1780513005931627818,2.0299999713897705,0,0.0099998963996768
angle,1780513005941627656,2.0299999713897705,0,0.009999770671129227
angle,1780513005951628361,2.0299999713897705,0,0.009999874979257584
angle,1780513005961628480,2.0299999713897705,0,0.009999915957450867
angle,1780513005971664767,2.0299999713897705,0,0.010035025887191296
angle,1780513005981668803,2.0299999713897705,0,0.009999806061387062
angle,1780513005991664059,2.0299999713897705,0,0.009999724105000496
angle,1780513006001665190,2.0299999713897705,0,0.00999994482845068
angle,1780513006011665609,2.0299999713897705,0,0.009999865666031837
angle,1780513006021665566,2.0299999713897705,0,0.00999984797090292
angle,1780513006031665740,2.0299999713897705,0,0.009999940171837807
angle,1780513006041665894,2.0299999713897705,0,0.009999921545386314
angle,1780513006051666279,2.0299999713897705,0,0.009999916888773441
angle,1780513006061666910,2.0299999713897705,0,0.009999925270676613
angle,1780513006071666840,2.0299999713897705,0,0.009999898262321949
angle,1780513006081667441,2.0299999713897705,0,0.009999857284128666
angle,1780513006091667802,2.0299999713897705,0,0.009999915957450867
angle,1780513006101668556,2.0299999713897705,0,0.009999812580645084
angle,1780513006111668104,2.0299999713897705,0,0.00999983586370945
angle,1780513006121668518,2.0299999713897705,0,0.009999820031225681
angle,1780513006131668633,2.0299999713897705,0,0.009999778121709824
angle,1780513006141669254,2.0299999713897705,0,0.009999919682741165
angle,1780513006151669393,2.0299999713897705,0,0.009999865666031837
angle,1780513006161669669,2.0299999713897705,0,0.00999993085861206
angle,1780513006171670030,2.0299999713897705,0,0.009999898262321949
angle,1780513006181669921,2.0299999713897705,0,0.00999984610825777
angle,1780513006191670755,2.0299999713897705,0,0.009999874047935009
angle,1780513006201670292,2.0299999713897705,0,0.009999861009418964
angle,1780513006211671232,2.0299999713897705,0,0.009999857284128666
angle,1780513006221670930,2.0299999713897705,0,0.009999509900808334
angle,1780513006231671256,2.0299999713897705,0,0.009999914094805717
angle,1780513006241671169,2.0299999713897705,0,0.009999885223805904
angle,1780513006251672267,2.0299999713897705,0,0.009999883361160755
angle,1780513006261672294,2.0299999713897705,0,0.009999933652579784
angle,1780513006271672594,2.0299999713897705,0,0.009999874047935009
angle,1780513006281672602,2.0299999713897705,0,0.009999862872064114
angle,1780513006291672821,2.0299999713897705,0,0.00999987218528986
angle,1780513006301673673,2.0299999713897705,0,0.009999913163483143
angle,1780513006311674206,2.0299999713897705,0,0.009999927133321762
angle,1780513006321674443,2.0299999713897705,0,0.009999845176935196
angle,1780513006331674261,2.0299999713897705,0,0.009999843314290047
angle,1780513006341674892,2.0299999713897705,0,0.009999914094805717
angle,1780513006351674513,2.0299999713897705,0,0.009999883361160755
angle,1780513006361675207,2.0299999713897705,0,0.009999940171837807
angle,1780513006371675582,2.0299999713897705,0,0.009999879635870457
angle,1780513006381676445,2.0299999713897705,0,0.009999805130064487
angle,1780513006391676504,2.0299999713897705,0,0.009999911300837994
angle,1780513006401676714,2.0299999713897705,0,0.009999903850257397
angle,1780513006411677020,2.0299999713897705,0,0.009999862872064114
angle,1780513006421677716,2.0299999713897705,0,0.00999987032264471
angle,1780513006431677486,2.0299999713897705,0,0.009999950416386127
angle,1780513006441678092,2.0299999713897705,0,0.00999991875141859
angle,1780513006451678938,2.0299999713897705,0,0.009999903850257397
angle,1780513006461678910,2.0299999713897705,0,0.009999857284128666
angle,1780513006471679279,2.0299999713897705,0,0.010000011883676052
angle,1780513006481679558,2.0299999713897705,0,0.009999915026128292
angle,1780513006491680089,2.0299999713897705,0,0.00999994482845068
angle,1780513006501680379,2.0299999713897705,0,0.009999887086451054
angle,1780513006511681056,2.0299999713897705,0,0.009999859146773815
angle,1780513006521680671,2.0299999713897705,0,0.009999901056289673
angle,1780513006531680938,2.0299999713897705,0,0.009999921545386314
angle,1780513006541681316,2.0299999713897705,0,0.00999988242983818
angle,1780513006551681342,2.0299999713897705,0,0.009999844245612621
angle,1780513006561682199,2.0299999713897705,0,0.009999863803386688
angle,1780513006571682043,2.0299999713897705,0,0.009999865666031837
angle,1780513006581682109,2.0299999713897705,0,0.009999903850257397
angle,1780513006591682845,2.0299999713897705,0,0.009999909438192844
angle,1780513006601683068,2.0299999713897705,0,0.009999902918934822
angle,1780513006611683180,2.0299999713897705,0,0.009999888017773628
angle,1780513006621683369,2.0299999713897705,0,0.009999861009418964
angle,1780513006631683705,2.0299999713897705,0,0.009999901987612247
angle,1780513006641684399,2.0299999713897705,0,0.00999994296580553
angle,1780513006651684157,2.0299999713897705,0,0.009999855421483517
angle,1780513006661684733,2.0299999713897705,0,0.009999929927289486
angle,1780513006671685219,2.0299999713897705,0,0.009999853558838367
angle,1780513006681685430,2.0299999713897705,0,0.009999877773225307
angle,1780513006691685382,2.0299999713897705,0,0.00999996904283762
angle,1780513006701686062,2.0299999713897705,0,0.009999879635870457
angle,1780513006711686354,2.0299999713897705,0,0.009999915026128292
angle,1780513006721686571,2.0299999713897705,0,0.009999861940741539
angle,1780513006731687251,2.0299999713897705,0,0.00999989453703165
angle,1780513006741686893,2.0299999713897705,0,0.009999975562095642
angle,1780513006751687163,2.0299999713897705,0,0.009999798610806465
angle,1780513006761687509,2.0299999713897705,0,0.00999994482845068
angle,1780513006771688199,2.0299999713897705,0,0.009999843314290047
angle,1780513006781688667,2.0299999713897705,0,0.009999836795032024
angle,1780513006791688626,2.0299999713897705,0,0.009999849833548069
angle,1780513006801689628,2.0299999713897705,0,0.009999929927289486
angle,1780513006811689075,2.0299999713897705,0,0.009999915957450867
angle,1780513006821689556,2.0299999713897705,0,0.009999911300837994
angle,1780513006831689591,2.0299999713897705,0,0.009999954141676426
angle,1780513006841690497,2.0299999713897705,0,0.009999960660934448
angle,1780513006851690987,2.0299999713897705,0,0.009999541565775871
angle,1780513006861691058,2.0299999713897705,0,0.009999893605709076
angle,1780513006871690964,2.0299999713897705,0,0.009999849833548069
angle,1780513006881691085,2.0299999713897705,0,0.009999913163483143
angle,1780513006891691378,2.0299999713897705,0,0.009999879635870457
angle,1780513006903003311,2.0299999713897705,0,0.011311731301248074
angle,1780513006913005139,2.0299999713897705,0,0.0099998963996768
angle,1780513006923004673,2.0299999713897705,0,0.009999889880418777
angle,1780513006933004514,2.0299999713897705,0,0.009999983943998814
angle,1780513006943005293,2.0299999713897705,0,0.009999928995966911
angle,1780513006953005455,2.0299999713897705,0,0.009999850764870644
angle,1780513006963005550,2.0299999713897705,0,0.009999929927289486
angle,1780513006973005893,2.0299999713897705,0,0.00999993272125721
angle,1780513006983007230,2.0299999713897705,0,0.009999851696193218
angle,1780513006993008035,2.0299999713897705,0,0.009999916888773441
angle,1780513007003007867,2.0299999713897705,0,0.00999987032264471
angle,1780513007013009363,2.0299999713897705,0,0.00999987032264471
angle,1780513007023008933,2.0299999713897705,0,0.009999891743063927
angle,1780513007033814549,2.0299999713897705,0,0.01080746203660965
angle,1780513007043816720,2.0299999713897705,0,0.009999942034482956
angle,1780513007053817568,2.0299999713897705,0,0.009999899193644524
angle,1780513007063817611,2.0299999713897705,0,0.009999869391322136
angle,1780513007073817943,2.0299999713897705,0,0.009999960660934448
angle,1780513007083818449,2.0299999713897705,0,0.009999853558838367
angle,1780513007093818670,2.0299999713897705,0,0.00999984797090292
angle,1780513007103819118,2.0299999713897705,0,0.009999816305935383
angle,1780513007113819081,2.0299999713897705,0,0.009999863803386688
angle,1780513007123819091,2.0299999713897705,0,0.009999853558838367
angle,1780513007133820550,2.0299999713897705,0,0.009999924339354038
angle,1780513007143819848,2.0299999713897705,0,0.009999892674386501
angle,1780513007155612552,2.0299999713897705,0,0.011791546829044819
angle,1780513007165613068,2.0299999713897705,0,0.00999993085861206
angle,1780513007175893868,2.0299999713897705,0,0.010281692259013653
angle,1780513007185896194,2.0299999713897705,0,0.009999834932386875
angle,1780513007195896693,2.0299999713897705,0,0.009999901056289673
angle,1780513007205895514,2.0299999713897705,0,0.009999706409871578
angle,1780513007215895741,2.0299999713897705,0,0.009999887086451054
angle,1780513007225895001,2.0299999713897705,0,0.009999969974160194
angle,1780513007235895519,2.0299999713897705,0,0.009999940171837807
angle,1780513007245898505,2.0299999713897705,0,0.010000019334256649
angle,1780513007255897578,2.0299999713897705,0,0.009999945759773254
angle,1780513007265898243,2.0299999713897705,0,0.009999871253967285
angle,1780513007275897035,2.0299999713897705,0,0.00999982189387083
angle,1780513007285897833,2.0299999713897705,0,0.00999984797090292
angle,1780513007295897652,2.0299999713897705,0,0.009999926201999187
angle,1780513007305898476,2.0299999713897705,0,0.009999910369515419
angle,1780513007315897661,2.0299999713897705,0,0.00999987032264471
angle,1780513007325897727,2.0299999713897705,0,0.009999985806643963
angle,1780513007335898121,2.0299999713897705,0,0.009999985806643963
angle,1780513007345898888,2.0299999713897705,0,0.010000007227063179
angle,1780513007355898460,2.0299999713897705,0,0.009999873116612434
angle,1780513007365898604,2.0299999713897705,0,0.00999995693564415
angle,1780513007375898709,2.0299999713897705,0,0.009999913163483143
angle,1780513007385899122,2.0299999713897705,0,0.009999996982514858
angle,1780513007395899301,2.0299999713897705,0,0.009999972768127918
angle,1780513007405899595,2.0299999713897705,0,0.009999997913837433
angle,1780513007415899973,2.0299999713897705,0,0.009999954141676426
angle,1780513007425900151,2.0299999713897705,0,0.009999972768127918
angle,1780513007435900147,2.0299999713897705,0,0.009999963454902172
angle,1780513007445900356,2.0299999713897705,0,0.009999948553740978
angle,1780513007455900579,2.0299999713897705,0,0.009999947622418404
angle,1780513007465900557,2.0299999713897705,0,0.009999980218708515
angle,1780513007475900813,2.0299999713897705,0,0.010000000707805157
angle,1780513007485900976,2.0299999713897705,0,0.009999938309192657
angle,1780513007495901395,2.0299999713897705,0,0.009999973699450493
angle,1780513007505901892,2.0299999713897705,0,0.009999983943998814
angle,1780513007515901861,2.0299999713897705,0,0.009999986737966537
angle,1780513007525902041,2.0299999713897705,0,0.009999913163483143
angle,1780513007535902475,2.0299999713897705,0,0.009999953210353851
angle,1780513007545902886,2.0299999713897705,0,0.009999957866966724
angle,1780513007555902853,2.0299999713897705,0,0.009999933652579784
angle,1780513007565903032,2.0299999713897705,0,0.009999965317547321
angle,1780513007575903372,2.0299999713897705,0,0.009999988600611687
angle,1780513007585903644,2.0299999713897705,0,0.009999946691095829
angle,1780513007595904388,2.0299999713897705,0,0.00999993272125721
angle,1780513007605904077,2.0299999713897705,0,0.009999985806643963
angle,1780513007615904363,2.0299999713897705,0,0.009999954141676426
angle,1780513007625904515,2.0299999713897705,0,0.009999997913837433
angle,1780513007635904551,2.0299999713897705,0,0.009999946691095829
angle,1780513007645905097,2.0299999713897705,0,0.010000004433095455
angle,1780513007655905115,2.0299999713897705,0,0.009999923408031464
angle,1780513007665905313,2.0299999713897705,0,0.009999982081353664
angle,1780513007675905333,2.0299999713897705,0,0.009999938309192657
angle,1780513007685905441,2.0299999713897705,0,0.009999983012676239
angle,1780513007695905675,2.0299999713897705,0,0.009999937377870083
angle,1780513007705906085,2.0299999713897705,0,0.009999968111515045
angle,1780513007715906314,2.0299999713897705,0,0.009999982081353664
angle,1780513007725906817,2.0299999713897705,0,0.00999997928738594
angle,1780513007735906638,2.0299999713897705,0,0.00999997928738594
angle,1780513007745906865,2.0299999713897705,0,0.009999942034482956
angle,1780513007755907073,2.0299999713897705,0,0.009999974630773067
angle,1780513007765907187,2.0299999713897705,0,0.009999938309192657
angle,1780513007775910268,2.0299999713897705,0,0.010000018402934074
angle,1780513007785910675,2.0299999713897705,0,0.009999885223805904
angle,1780513007795910025,2.0299999713897705,0,0.009999597445130348
angle,1780513007805908789,2.0299999713897705,0,0.009999889880418777
angle,1780513007815908734,2.0299999713897705,0,0.009999987669289112
angle,1780513007825908967,2.0299999713897705,0,0.009999951347708702
angle,1780513007835909136,2.0299999713897705,0,0.009999971836805344
angle,1780513007845909681,2.0299999713897705,0,0.009999934583902359
angle,1780513007855909372,2.0299999713897705,0,0.009999926201999187
angle,1780513007865909934,2.0299999713897705,0,0.009999982081353664
angle,1780513007875909993,2.0299999713897705,0,0.01000000536441803
angle,1780513007885910298,2.0299999713897705,0,0.009999996051192284
angle,1780513007895910436,2.0299999713897705,0,0.00999992061406374
angle,1780513007905910572,2.0299999713897705,0,0.009999975562095642
angle,1780513007915911139,2.0299999713897705,0,0.009999955072999
angle,1780513007925911091,2.0299999713897705,0,0.009999934583902359
angle,1780513007935911208,2.0299999713897705,0,0.009999933652579784
angle,1780513007945911452,2.0299999713897705,0,0.00999995693564415
angle,1780513007955913344,2.0299999713897705,0,0.009999992325901985
angle,1780513007965911922,2.0299999713897705,0,0.009999890811741352
angle,1780513007975915469,2.0299999713897705,0,0.010000007227063179
angle,1780513007985914588,2.0299999713897705,0,0.009999782778322697
angle,1780513007995913284,2.0299999713897705,0,0.009999826550483704
angle,1780513008005913740,2.0299999713897705,0,0.00999999325722456
angle,1780513008015915658,2.0299999713897705,0,0.009999984875321388
angle,1780513008025915943,2.0299999713897705,0,0.009999865666031837
angle,1780513008035914171,2.0299999713897705,0,0.009999886155128479
angle,1780513008045915090,2.0299999713897705,0,0.009999947622418404
angle,1780513008055915092,2.0299999713897705,0,0.009999888949096203
angle,1780513008065914933,2.0299999713897705,0,0.009999880567193031
angle,1780513008075914978,2.0299999713897705,0,0.009999994188547134
angle,1780513008085915534,2.0299999713897705,0,0.009999970905482769
angle,1780513008095917060,2.0299999713897705,0,0.009999851696193218
angle,1780513008105916984,2.0299999713897705,0,0.009999898262321949
angle,1780513008115916059,2.0299999713897705,0,0.009999888017773628
angle,1780513008125917232,2.0299999713897705,0,0.009999874047935009
angle,1780513008135916409,2.0299999713897705,0,0.009999939240515232
angle,1780513008145916514,2.0299999713897705,0,0.009999947622418404
angle,1780513008155916984,2.0299999713897705,0,0.009999997913837433
angle,1780513008165917369,2.0299999713897705,0,0.00999989453703165
angle,1780513008175917258,2.0299999713897705,0,0.009999939240515232
angle,1780513008185917663,2.0299999713897705,0,0.009999983943998814
angle,1780513008195917678,2.0299999713897705,0,0.009999998845160007
angle,1780513008205918516,2.0299999713897705,0,0.009999943897128105
angle,1780513008215919143,2.0299999713897705,0,0.010000026784837246
angle,1780513008225918595,2.0299999713897705,0,0.009999893605709076
angle,1780513008235919005,2.0299999713897705,0,0.009999937377870083
angle,1780513008245918904,2.0299999713897705,0,0.009999999776482582
angle,1780513008255919127,2.0299999713897705,0,0.009999953210353851
angle,1780513008265919559,2.0299999713897705,0,0.010000025853514671
angle,1780513008275922549,2.0299999713897705,0,0.009999938309192657
angle,1780513008285921933,2.0299999713897705,0,0.009999907575547695
angle,1780513008295920392,2.0299999713897705,0,0.009999941103160381
angle,1780513008305920888,2.0299999713897705,0,0.00999997928738594
angle,1780513008315920813,2.0299999713897705,0,0.009999941103160381
angle,1780513008325920970,2.0299999713897705,0,0.009999963454902172
angle,1780513008335921277,2.0299999713897705,0,0.009999945759773254
angle,1780513008345921484,2.0299999713897705,0,0.010000000707805157
angle,1780513008355922321,2.0299999713897705,0,0.009999999776482582
angle,1780513008365922101,2.0299999713897705,0,0.009999885223805904
angle,1780513008375922176,2.0299999713897705,0,0.009999936446547508
angle,1780513008385922460,2.0299999713897705,0,0.009999972768127918
angle,1780513008395922915,2.0299999713897705,0,0.009999958798289299
angle,1780513008405923544,2.0299999713897705,0,0.009999950416386127
angle,1780513008415923006,2.0299999713897705,0,0.009999992325901985
angle,1780513008425923231,2.0299999713897705,0,0.009999973699450493
angle,1780513008436321200,2.0299999713897705,0,0.010395372286438942
angle,1780513008446321239,2.0299999713897705,0,0.009999861009418964
angle,1780513008456319653,2.0299999713897705,0,0.009999942034482956
angle,1780513008466319733,2.0299999713897705,0,0.009999951347708702
angle,1780513008476320055,2.0299999713897705,0,0.009999945759773254
angle,1780513008486320395,2.0299999713897705,0,0.009999955072999
angle,1780513008496320657,2.0299999713897705,0,0.009999940171837807
angle,1780513008506320640,2.0299999713897705,0,0.009999942034482956
angle,1780513008516321044,2.0299999713897705,0,0.009999975562095642
angle,1780513008526321397,2.0299999713897705,0,0.009999969974160194
angle,1780513008536321297,2.0299999713897705,0,0.009999931789934635
angle,1780513008546323393,2.0299999713897705,0,0.009999983943998814
angle,1780513008556323815,2.0299999713897705,0,0.009999951347708702
angle,1780513008569307659,2.0299999713897705,0,0.01297965832054615
angle,1780513008579306213,2.0299999713897705,0,0.009999828413128853
angle,1780513008589305569,2.0299999713897705,0,0.009999929927289486
angle,1780513008599305591,2.0299999713897705,0,0.00999998115003109
angle,1780513008609305675,2.0299999713897705,0,0.009999934583902359
angle,1780513008619306136,2.0299999713897705,0,0.009999969974160194
angle,1780513008629306424,2.0299999713897705,0,0.009999966248869896
angle,1780513008639306241,2.0299999713897705,0,0.009999990463256836
angle,1780513008649306528,2.0299999713897705,0,0.009999966248869896
angle,1780513008659307092,2.0299999713897705,0,0.009999996982514858
angle,1780513008669307489,2.0299999713897705,0,0.009999925270676613
angle,1780513008679307315,2.0299999713897705,0,0.009999963454902172
angle,1780513008689307274,2.0299999713897705,0,0.009999953210353851
angle,1780513008699307557,2.0299999713897705,0,0.010000007227063179
angle,1780513008709307812,2.0299999713897705,0,0.00999996718019247
angle,1780513008719308206,2.0299999713897705,0,0.009999945759773254
angle,1780513008729308222,2.0299999713897705,0,0.009999912232160568
angle,1780513008739308548,2.0299999713897705,0,0.009999938309192657
angle,1780513008749308719,2.0299999713897705,0,0.00999995693564415
angle,1780513008759309561,2.0299999713897705,0,0.010000002570450306
angle,1780513008769309194,2.0299999713897705,0,0.009999968111515045
angle,1780513008779309423,2.0299999713897705,0,0.00999994482845068
angle,1780513008789309518,2.0299999713897705,0,0.009999956004321575
angle,1780513008799309765,2.0299999713897705,0,0.009999954141676426
angle,1780513008809309997,2.0299999713897705,0,0.009999996982514858
angle,1780513008819310270,2.0299999713897705,0,0.009999954141676426
angle,1780513008829310361,2.0299999713897705,0,0.009999992325901985
angle,1780513008839310686,2.0299999713897705,0,0.009999980218708515
angle,1780513008849310964,2.0299999713897705,0,0.009999996982514858
angle,1780513008859311335,2.0299999713897705,0,0.009999937377870083
angle,1780513008869311572,2.0299999713897705,0,0.009999961592257023
angle,1780513008879311590,2.0299999713897705,0,0.009999940171837807
angle,1780513008889312090,2.0299999713897705,0,0.009999987669289112
angle,1780513008899312859,2.0299999713897705,0,0.009999996982514858
angle,1780513008909312525,2.0299999713897705,0,0.009999887086451054
angle,1780513008919313448,2.0299999713897705,0,0.009999933652579784
angle,1780513008929313266,2.0299999713897705,0,0.009999958798289299
angle,1780513008939313238,2.0299999713897705,0,0.010000012814998627
angle,1780513008949313408,2.0299999713897705,0,0.009999941103160381
angle,1780513008959314965,2.0299999713897705,0,0.009999943897128105
angle,1780513008969314342,2.0299999713897705,0,0.009999910369515419
angle,1780513008979314331,2.0299999713897705,0,0.009999910369515419
angle,1780513008989314336,2.0299999713897705,0,0.009999977424740791
angle,1780513008999314492,2.0299999713897705,0,0.009999947622418404
angle,1780513009009315019,2.0299999713897705,0,0.009999973699450493
angle,1780513009019316355,2.0299999713897705,0,0.01000002957880497
angle,1780513009029316554,2.0299999713897705,0,0.009999864734709263
angle,1780513009039315503,2.0299999713897705,0,0.009999946691095829
angle,1780513009049315686,2.0299999713897705,0,0.00999994296580553
angle,1780513009059316351,2.0299999713897705,0,0.009999969974160194
angle,1780513009069316500,2.0299999713897705,0,0.009999836795032024
angle,1780513009079316844,2.0299999713897705,0,0.009999982081353664
angle,1780513009089317326,2.0299999713897705,0,0.009999978356063366
angle,1780513009099318000,2.0299999713897705,0,0.010000004433095455
angle,1780513009109317528,2.0299999713897705,0,0.009999874047935009
angle,1780513009119318133,2.0299999713897705,0,0.009999992325901985
angle,1780513009129317974,2.0299999713897705,0,0.009999888017773628
angle,1780513009139318244,2.0299999713897705,0,0.009999959729611874
angle,1780513009149318415,2.0299999713897705,0,0.009999988600611687
angle,1780513009159318995,2.0299999713897705,0,0.009999983943998814
angle,1780513009169318569,2.0299999713897705,0,0.009999938309192657
angle,1780513009179319045,2.0299999713897705,0,0.009999970905482769
angle,1780513009189319312,2.0299999713897705,0,0.009999969974160194
angle,1780513009199319511,2.0299999713897705,0,0.009999973699450493
angle,1780513009209320258,2.0299999713897705,0,0.009999946691095829
angle,1780513009219320165,2.0299999713897705,0,0.009999868459999561
angle,1780513009229320214,2.0299999713897705,0,0.009999901056289673
angle,1780513009239321739,2.0299999713897705,0,0.009999966248869896
angle,1780513009249320554,2.0299999713897705,0,0.009999903850257397
angle,1780513009259321057,2.0299999713897705,0,0.009999945759773254
angle,1780513009269321240,2.0299999713897705,0,0.00999994482845068
angle,1780513009279321926,2.0299999713897705,0,0.009999963454902172
angle,1780513009289321680,2.0299999713897705,0,0.009999927133321762
angle,1780513009299321663,2.0299999713897705,0,0.009999909438192844
angle,1780513009309321806,2.0299999713897705,0,0.009999943897128105
angle,1780513009319322225,2.0299999713897705,0,0.009999984875321388
angle,1780513009329322442,2.0299999713897705,0,0.009999934583902359
angle,1780513009339322304,2.0299999713897705,0,0.010000000707805157
angle,1780513009349322708,2.0299999713897705,0,0.009999945759773254
angle,1780513009359323162,2.0299999713897705,0,0.009999942034482956
angle,1780513009369323517,2.0299999713897705,0,0.009999982081353664
angle,1780513009379323561,2.0299999713897705,0,0.00999997928738594
angle,1780513009389324130,2.0299999713897705,0,0.009999992325901985
angle,1780513009399324037,2.0299999713897705,0,0.009999945759773254
angle,1780513009409324441,2.0299999713897705,0,0.009999983943998814
angle,1780513009419324523,2.0299999713897705,0,0.009999996051192284
angle,1780513009429324836,2.0299999713897705,0,0.009999947622418404
angle,1780513009439324822,2.0299999713897705,0,0.009999965317547321
angle,1780513009449325371,2.0299999713897705,0,0.009999978356063366
angle,1780513009459325857,2.0299999713897705,0,0.009999940171837807
angle,1780513009469325926,2.0299999713897705,0,0.009999905712902546
angle,1780513009479326144,2.0299999713897705,0,0.009999997913837433
angle,1780513009489326350,2.0299999713897705,0,0.009999983943998814
angle,1780513009499326750,2.0299999713897705,0,0.009999953210353851
angle,1780513009509326938,2.0299999713897705,0,0.009999978356063366
angle,1780513009519327109,2.0299999713897705,0,0.009999959729611874
angle,1780513009529327418,2.0299999713897705,0,0.009999952279031277
angle,1780513009539327847,2.0299999713897705,0,0.009999909438192844
angle,1780513009549328079,2.0299999713897705,0,0.009999960660934448
angle,1780513009559328625,2.0299999713897705,0,0.009999975562095642
angle,1780513009569328478,2.0299999713897705,0,0.009999928995966911
angle,1780513009579328859,2.0299999713897705,0,0.00999996904283762
angle,1780513009589329600,2.0299999713897705,0,0.009999946691095829
angle,1780513009599329219,2.0299999713897705,0,0.009999960660934448
angle,1780513009609329308,2.0299999713897705,0,0.009999969974160194
angle,1780513009619329690,2.0299999713897705,0,0.009999996982514858
angle,1780513009629330210,2.0299999713897705,0,0.009999984875321388
angle,1780513009639330440,2.0299999713897705,0,0.009999978356063366
angle,1780513009649330725,2.0299999713897705,0,0.009999984875321388
angle,1780513009659331139,2.0299999713897705,0,0.009999992325901985
angle,1780513009669331129,2.0299999713897705,0,0.009999933652579784
angle,1780513009679331540,2.0299999713897705,0,0.009999938309192657
angle,1780513009689331436,2.0299999713897705,0,0.009999960660934448
angle,1780513009699334578,2.0299999713897705,0,0.00999996904283762
angle,1780513009709332895,2.0299999713897705,0,0.009999940171837807
angle,1780513009719333359,2.0299999713897705,0,0.009999966248869896
angle,1780513009729333824,2.0299999713897705,0,0.009999945759773254
angle,1780513009739333833,2.0299999713897705,0,0.009999999776482582
angle,1780513009749334246,2.0299999713897705,0,0.009999978356063366
angle,1780513009759334336,2.0299999713897705,0,0.009999903850257397
angle,1780513009769334201,2.0299999713897705,0,0.009999965317547321
angle,1780513009779336250,2.0299999713897705,0,0.009999984875321388
angle,1780513009789334669,2.0299999713897705,0,0.009999907575547695
angle,1780513009799334766,2.0299999713897705,0,0.009999952279031277
angle,1780513009809335416,2.0299999713897705,0,0.00999994296580553
angle,1780513009819335673,2.0299999713897705,0,0.009999973699450493
angle,1780513009829335908,2.0299999713897705,0,0.009999945759773254
angle,1780513009839336159,2.0299999713897705,0,0.009999938309192657
angle,1780513009849336203,2.0299999713897705,0,0.009999968111515045
angle,1780513009859337641,2.0299999713897705,0,0.00999995693564415
angle,1780513009869336719,2.0299999713897705,0,0.009999933652579784
angle,1780513009879336929,2.0299999713897705,0,0.009999947622418404
angle,1780513009889337183,2.0299999713897705,0,0.009999919682741165
angle,1780513009899337353,2.0299999713897705,0,0.00999997928738594
angle,1780513009909337626,2.0299999713897705,0,0.009999939240515232
angle,1780513009919337854,2.0299999713897705,0,0.009999974630773067
angle,1780513009929338146,2.0299999713897705,0,0.009999927133321762
angle,1780513009939338284,2.0299999713897705,0,0.009999974630773067
angle,1780513009949338441,2.0299999713897705,0,0.009999995119869709
angle,1780513009959339577,2.0299999713897705,0,0.009999960660934448
angle,1780513009969339463,2.0299999713897705,0,0.009999956004321575
angle,1780513009979341189,2.0299999713897705,0,0.00999987218528986
angle,1780513009989339466,2.0299999713897705,0,0.009999952279031277
angle,1780513009999339803,2.0299999713897705,0,0.01000000536441803
angle,1780513010009342275,2.0299999713897705,0,0.009999996982514858
angle,1780513010019340264,2.0299999713897705,0,0.009999900124967098
angle,1780513010029342441,2.0299999713897705,0,0.00999997928738594
angle,1780513010039340917,2.0299999713897705,0,0.009999900124967098
angle,1780513010049341023,2.0299999713897705,0,0.009999952279031277
angle,1780513010059341419,2.0299999713897705,0,0.009999948553740978
angle,1780513010069341452,2.0299999713897705,0,0.009999983943998814
angle,1780513010079342049,2.0299999713897705,0,0.010000007227063179
angle,1780513010089341999,2.0299999713897705,0,0.009999934583902359
angle,1780513010099342541,2.0299999713897705,0,0.009999945759773254
angle,1780513010109342487,2.0299999713897705,0,0.009999946691095829
angle,1780513010119342692,2.0299999713897705,0,0.009999995119869709
angle,1780513010129343380,2.0299999713897705,0,0.009999963454902172
angle,1780513010139343374,2.0299999713897705,0,0.009999987669289112
angle,1780513010149343239,2.0299999713897705,0,0.009999988600611687
angle,1780513010159343621,2.0299999713897705,0,0.009999951347708702
angle,1780513010169343836,2.0299999713897705,0,0.010000000707805157
angle,1780513010179343900,2.0299999713897705,0,0.009999965317547321
angle,1780513010189344779,2.0299999713897705,0,0.009999966248869896
angle,1780513010199344413,2.0299999713897705,0,0.009999937377870083
angle,1780513010209344583,2.0299999713897705,0,0.009999968111515045
angle,1780513010219345202,2.0299999713897705,0,0.009999965317547321
angle,1780513010229345519,2.0299999713897705,0,0.009999970905482769
angle,1780513010239345482,2.0299999713897705,0,0.009999963454902172
angle,1780513010249345541,2.0299999713897705,0,0.009999994188547134
angle,1780513010259345780,2.0299999713897705,0,0.00999993272125721
angle,1780513010269346140,2.0299999713897705,0,0.009999992325901985
angle,1780513010279347053,2.0299999713897705,0,0.009999928064644337
angle,1780513010289346927,2.0299999713897705,0,0.009999954141676426
angle,1780513010299346738,2.0299999713897705,0,0.010000002570450306
angle,1780513010309347031,2.0299999713897705,0,0.010000010021030903
angle,1780513010319347302,2.0299999713897705,0,0.009999943897128105
angle,1780513010329348147,2.0299999713897705,0,0.010000004433095455
angle,1780513010339348423,2.0299999713897705,0,0.009999956004321575
angle,1780513010349350251,2.0299999713897705,0,0.009999890811741352
angle,1780513010359348350,2.0299999713897705,0,0.009999890811741352
angle,1780513010369348455,2.0299999713897705,0,0.010000004433095455
angle,1780513010379348667,2.0299999713897705,0,0.00999996718019247
angle,1780513010389348943,2.0299999713897705,0,0.009999990463256836
angle,1780513010399349313,2.0299999713897705,0,0.009999999776482582
angle,1780513010409349382,2.0299999713897705,0,0.009999939240515232
angle,1780513010419349595,2.0299999713897705,0,0.009999955072999
angle,1780513010429349963,2.0299999713897705,0,0.009999954141676426
angle,1780513010439350399,2.0299999713897705,0,0.009999945759773254
angle,1780513010449350296,2.0299999713897705,0,0.009999945759773254
angle,1780513010459350491,2.0299999713897705,0,0.009999975562095642
angle,1780513010469350947,2.0299999713897705,0,0.00999996904283762
angle,1780513010479351008,2.0299999713897705,0,0.009999987669289112
angle,1780513010489351382,2.0299999713897705,0,0.009999987669289112
angle,1780513010499351790,2.0299999713897705,0,0.009999965317547321
angle,1780513010509351743,2.0299999713897705,0,0.009999898262321949
angle,1780513010519352196,2.0299999713897705,0,0.00999999139457941
angle,1780513010529352484,2.0299999713897705,0,0.009999983943998814
angle,1780513010539352433,2.0299999713897705,0,0.009999866597354412
angle,1780513010549352722,2.0299999713897705,0,0.009999972768127918
angle,1780513010559353014,2.0299999713897705,0,0.009999937377870083
angle,1780513010569353550,2.0299999713897705,0,0.010000009089708328
angle,1780513010579353757,2.0299999713897705,0,0.009999888949096203
angle,1780513010589354010,2.0299999713897705,0,0.009999988600611687
angle,1780513010599355455,2.0299999713897705,0,0.009999985806643963
angle,1780513010609354458,2.0299999713897705,0,0.009999899193644524
angle,1780513010619354469,2.0299999713897705,0,0.009999955072999
angle,1780513010629354765,2.0299999713897705,0,0.009999955072999
angle,1780513010639354970,2.0299999713897705,0,0.009999985806643963
angle,1780513010649355124,2.0299999713897705,0,0.009999940171837807
angle,1780513010659355473,2.0299999713897705,0,0.00999996904283762
angle,1780513010669355934,2.0299999713897705,0,0.009999948553740978
angle,1780513010679356035,2.0299999713897705,0,0.009999889880418777
angle,1780513010689356070,2.0299999713897705,0,0.009999982081353664
angle,1780513010699356246,2.0299999713897705,0,0.009999988600611687
angle,1780513010709356489,2.0299999713897705,0,0.009999958798289299
angle,1780513010719356970,2.0299999713897705,0,0.009999951347708702
angle,1780513010729357487,2.0299999713897705,0,0.009999972768127918
angle,1780513010739357555,2.0299999713897705,0,0.009999940171837807
angle,1780513010749357878,2.0299999713897705,0,0.00999996904283762
angle,1780513010759358062,2.0299999713897705,0,0.009999990463256836
angle,1780513010769358573,2.0299999713897705,0,0.009999946691095829
angle,1780513010779358466,2.0299999713897705,0,0.00999993272125721
angle,1780513010789358670,2.0299999713897705,0,0.009999977424740791
angle,1780513010799358858,2.0299999713897705,0,0.009999959729611874
angle,1780513010809359450,2.0299999713897705,0,0.00999999325722456
angle,1780513010819359767,2.0299999713897705,0,0.009999958798289299
angle,1780513010829359994,2.0299999713897705,0,0.009999936446547508
angle,1780513010839360268,2.0299999713897705,0,0.009999984875321388
angle,1780513010849360213,2.0299999713897705,0,0.009999943897128105
angle,1780513010859360712,2.0299999713897705,0,0.00999994296580553
angle,1780513010869360704,2.0299999713897705,0,0.009999947622418404
angle,1780513010879360944,2.0299999713897705,0,0.009999903850257397
angle,1780513010889361118,2.0299999713897705,0,0.009999973699450493
angle,1780513010899361572,2.0299999713897705,0,0.009999938309192657
angle,1780513010909361700,2.0299999713897705,0,0.009999955072999
angle,1780513010919362084,2.0299999713897705,0,0.010000010952353477
angle,1780513010929362213,2.0299999713897705,0,0.009999998845160007
angle,1780513010939362372,2.0299999713897705,0,0.009999995119869709
angle,1780513010949362635,2.0299999713897705,0,0.009999999776482582
angle,1780513010959363992,2.0299999713897705,0,0.009999978356063366
angle,1780513010969363599,2.0299999713897705,0,0.009999888949096203
angle,1780513010979363228,2.0299999713897705,0,0.009999929927289486
angle,1780513010989363466,2.0299999713897705,0,0.009999961592257023
angle,1780513010999363768,2.0299999713897705,0,0.009999960660934448
angle,1780513011009364065,2.0299999713897705,0,0.009999939240515232
angle,1780513011019364180,2.0299999713897705,0,0.009999937377870083
angle,1780513011029365868,2.0299999713897705,0,0.009999960660934448
angle,1780513011039364641,2.0299999713897705,0,0.009999877773225307
angle,1780513011049364844,2.0299999713897705,0,0.009999945759773254
angle,1780513011059365243,2.0299999713897705,0,0.00999998115003109
angle,1780513011069366052,2.0299999713897705,0,0.010000006295740604
angle,1780513011079365497,2.0299999713897705,0,0.009999886155128479
angle,1780513011089365701,2.0299999713897705,0,0.009999952279031277
angle,1780513011099366227,2.0299999713897705,0,0.009999969974160194
angle,1780513011109366207,2.0299999713897705,0,0.00999996904283762
angle,1780513011119366446,2.0299999713897705,0,0.009999987669289112
angle,1780513011129366677,2.0299999713897705,0,0.009999945759773254
angle,1780513011139366914,2.0299999713897705,0,0.009999986737966537
angle,1780513011149367027,2.0299999713897705,0,0.009999990463256836
angle,1780513011159367324,2.0299999713897705,0,0.009999933652579784
angle,1780513011169367719,2.0299999713897705,0,0.010000001639127731
angle,1780513011179367834,2.0299999713897705,0,0.009999877773225307
angle,1780513011189368315,2.0299999713897705,0,0.009999998845160007
angle,1780513011199368205,2.0299999713897705,0,0.009999982081353664
angle,1780513011209368460,2.0299999713897705,0,0.009999957866966724
angle,1780513011219368767,2.0299999713897705,0,0.009999950416386127
angle,1780513011229369425,2.0299999713897705,0,0.009999978356063366
angle,1780513011239369036,2.0299999713897705,0,0.009999966248869896
angle,1780513011249369184,2.0299999713897705,0,0.009999939240515232
angle,1780513011259369178,2.0299999713897705,0,0.009999939240515232
angle,1780513011269369975,2.0299999713897705,0,0.009999971836805344
angle,1780513011279370051,2.0299999713897705,0,0.00999987218528986
angle,1780513011289370199,2.0299999713897705,0,0.009999954141676426
angle,1780513011299370345,2.0299999713897705,0,0.009999953210353851
angle,1780513011309371078,2.0299999713897705,0,0.00999996718019247
angle,1780513011319370860,2.0299999713897705,0,0.009999995119869709
angle,1780513011329371126,2.0299999713897705,0,0.009999992325901985
angle,1780513011339371960,2.0299999713897705,0,0.009999959729611874
angle,1780513011349371740,2.0299999713897705,0,0.009999975562095642
angle,1780513011359372065,2.0299999713897705,0,0.009999880567193031
angle,1780513011369372120,2.0299999713897705,0,0.009999982081353664
angle,1780513011379372295,2.0299999713897705,0,0.009999995119869709
angle,1780513011389372763,2.0299999713897705,0,0.009999952279031277
angle,1780513011399372546,2.0299999713897705,0,0.010000000707805157
angle,1780513011409373004,2.0299999713897705,0,0.009999936446547508
angle,1780513011419373048,2.0299999713897705,0,0.009999984875321388
angle,1780513011429373274,2.0299999713897705,0,0.009999980218708515
angle,1780513011439373656,2.0299999713897705,0,0.009999938309192657
angle,1780513011449374085,2.0299999713897705,0,0.009999946691095829
angle,1780513011459374090,2.0299999713897705,0,0.010000000707805157
angle,1780513011469374475,2.0299999713897705,0,0.009999956004321575
angle,1780513011479374436,2.0299999713897705,0,0.009999873116612434
angle,1780513011489374773,2.0299999713897705,0,0.009999939240515232
angle,1780513011499374938,2.0299999713897705,0,0.009999951347708702
angle,1780513011509375126,2.0299999713897705,0,0.009999961592257023
angle,1780513011519375397,2.0299999713897705,0,0.009999990463256836
angle,1780513011529375476,2.0299999713897705,0,0.009999938309192657
angle,1780513011539375751,2.0299999713897705,0,0.009999937377870083
angle,1780513011549376244,2.0299999713897705,0,0.01000002957880497
angle,1780513011559376235,2.0299999713897705,0,0.009999939240515232
angle,1780513011569376472,2.0299999713897705,0,0.009999968111515045
angle,1780513011579376541,2.0299999713897705,0,0.010000000707805157
angle,1780513011589376983,2.0299999713897705,0,0.009999928995966911
angle,1780513011599377884,2.0299999713897705,0,0.009999968111515045
angle,1780513011609377590,2.0299999713897705,0,0.009999941103160381
angle,1780513011619377681,2.0299999713897705,0,0.009999968111515045
angle,1780513011629377801,2.0299999713897705,0,0.009999958798289299
angle,1780513011639378314,2.0299999713897705,0,0.009999985806643963
angle,1780513011649378290,2.0299999713897705,0,0.009999953210353851
angle,1780513011659378530,2.0299999713897705,0,0.00999996718019247
angle,1780513011669378883,2.0299999713897705,0,0.01000000536441803
angle,1780513011679379060,2.0299999713897705,0,0.009999968111515045
angle,1780513011689379351,2.0299999713897705,0,0.010000006295740604
angle,1780513011699380141,2.0299999713897705,0,0.009999958798289299
angle,1780513011709379915,2.0299999713897705,0,0.009999980218708515
angle,1780513011719381325,2.0299999713897705,0,0.009999959729611874
angle,1780513011729380264,2.0299999713897705,0,0.009999909438192844
angle,1780513011739380761,2.0299999713897705,0,0.00999995693564415
angle,1780513011749380701,2.0299999713897705,0,0.00999992061406374
angle,1780513011759381408,2.0299999713897705,0,0.009999988600611687
angle,1780513011769382755,2.0299999713897705,0,0.009999983943998814
angle,1780513011779381876,2.0299999713897705,0,0.009999902918934822
angle,1780513011789382268,2.0299999713897705,0,0.00999999325722456
angle,1780513011799382415,2.0299999713897705,0,0.009999964386224747
angle,1780513011809385489,2.0299999713897705,0,0.009999946691095829
angle,1780513011819384498,2.0299999713897705,0,0.00999989453703165
angle,1780513011829383277,2.0299999713897705,0,0.009999933652579784
angle,1780513011839383722,2.0299999713897705,0,0.009999942034482956
angle,1780513011849383586,2.0299999713897705,0,0.009999996051192284
angle,1780513011859383860,2.0299999713897705,0,0.009999987669289112
angle,1780513011869384610,2.0299999713897705,0,0.009999958798289299
angle,1780513011879385428,2.0299999713897705,0,0.009999957866966724
angle,1780513011889384735,2.0299999713897705,0,0.009999950416386127
angle,1780513011899384803,2.0299999713897705,0,0.009999986737966537
angle,1780513011909384954,2.0299999713897705,0,0.009999984875321388
angle,1780513011919385284,2.0299999713897705,0,0.009999939240515232
angle,1780513011929385973,2.0299999713897705,0,0.009999943897128105
angle,1780513011939385665,2.0299999713897705,0,0.009999994188547134
angle,1780513011949385667,2.0299999713897705,0,0.009999887086451054
angle,1780513011959386915,2.0299999713897705,0,0.009999936446547508
angle,1780513011969387789,2.0299999713897705,0,0.009999985806643963
angle,1780513011979388093,2.0299999713897705,0,0.009999877773225307
angle,1780513011989386972,2.0299999713897705,0,0.009999939240515232
angle,1780513011999387438,2.0299999713897705,0,0.009999999776482582
angle,1780513012009387564,2.0299999713897705,0,0.010000001639127731
angle,1780513012019387798,2.0299999713897705,0,0.009999998845160007
angle,1780513012029389699,2.0299999713897705,0,0.009999958798289299
angle,1780513012039388198,2.0299999713897705,0,0.00999992061406374
angle,1780513012049388383,2.0299999713897705,0,0.009999977424740791
angle,1780513012059388721,2.0299999713897705,0,0.009999948553740978
angle,1780513012069390151,2.0299999713897705,0,0.009999986737966537
angle,1780513012079389074,2.0299999713897705,0,0.009999873116612434
angle,1780513012089389295,2.0299999713897705,0,0.009999984875321388
angle,1780513012099389976,2.0299999713897705,0,0.009999965317547321
angle,1780513012109389711,2.0299999713897705,0,0.009999942034482956
angle,1780513012119389976,2.0299999713897705,0,0.009999938309192657
angle,1780513012129390030,2.0299999713897705,0,0.009999934583902359
angle,1780513012139390576,2.0299999713897705,0,0.009999946691095829
angle,1780513012149390783,2.0299999713897705,0,0.009999968111515045
angle,1780513012159391048,2.0299999713897705,0,0.009999999776482582
angle,1780513012169391518,2.0299999713897705,0,0.010000009089708328
angle,1780513012179391498,2.0299999713897705,0,0.009999948553740978
angle,1780513012189392000,2.0299999713897705,0,0.009999969974160194
angle,1780513012199391831,2.0299999713897705,0,0.00999994482845068
angle,1780513012209392362,2.0299999713897705,0,0.009999973699450493
angle,1780513012219392978,2.0299999713897705,0,0.009999953210353851
angle,1780513012229392938,2.0299999713897705,0,0.009999933652579784
angle,1780513012239393234,2.0299999713897705,0,0.009999996982514858
angle,1780513012249393604,2.0299999713897705,0,0.009999996982514858
angle,1780513012259393596,2.0299999713897705,0,0.009999941103160381
angle,1780513012269393775,2.0299999713897705,0,0.00999994482845068
angle,1780513012279394578,2.0299999713897705,0,0.009999950416386127
angle,1780513012289394251,2.0299999713897705,0,0.009999897330999374
angle,1780513012299394816,2.0299999713897705,0,0.00999996718019247
angle,1780513012309395015,2.0299999713897705,0,0.00999997928738594
angle,1780513012319395443,2.0299999713897705,0,0.009999953210353851
angle,1780513012329395533,2.0299999713897705,0,0.009999971836805344
angle,1780513012339396296,2.0299999713897705,0,0.009999978356063366
angle,1780513012349396051,2.0299999713897705,0,0.009999891743063927
angle,1780513012359396327,2.0299999713897705,0,0.009999947622418404
angle,1780513012369396875,2.0299999713897705,0,0.009999937377870083
angle,1780513012381079719,2.0299999713897705,0,0.011682516895234585
angle,1780513012391080059,2.0299999713897705,0,0.009999937377870083
angle,1780513012401080346,2.0299999713897705,0,0.009999969974160194
angle,1780513012411080509,2.0299999713897705,0,0.009999947622418404
angle,1780513012421080721,2.0299999713897705,0,0.009999966248869896
angle,1780513012431081155,2.0299999713897705,0,0.009999966248869896
angle,1780513012441081303,2.0299999713897705,0,0.01000000536441803
angle,1780513012451081592,2.0299999713897705,0,0.010000001639127731
angle,1780513012461081647,2.0299999713897705,0,0.009999966248869896
angle,1780513012471081914,2.0299999713897705,0,0.009999982081353664
angle,1780513012481082508,2.0299999713897705,0,0.009999985806643963
angle,1780513012491082816,2.0299999713897705,0,0.009999933652579784
angle,1780513012501082978,2.0299999713897705,0,0.009999987669289112
angle,1780513012511083215,2.0299999713897705,0,0.009999961592257023
angle,1780513012521083886,2.0299999713897705,0,0.00999995693564415
angle,1780513012531083794,2.0299999713897705,0,0.009999961592257023
angle,1780513012541084130,2.0299999713897705,0,0.009999966248869896
angle,1780513012551084200,2.0299999713897705,0,0.009999973699450493
angle,1780513012561084588,2.0299999713897705,0,0.009999964386224747
angle,1780513012571084980,2.0299999713897705,0,0.009999956004321575
angle,1780513012581085465,2.0299999713897705,0,0.009999998845160007
angle,1780513012591085459,2.0299999713897705,0,0.00999999139457941
angle,1780513012601085640,2.0299999713897705,0,0.009999963454902172
angle,1780513012611085884,2.0299999713897705,0,0.009999996982514858
angle,1780513012621086340,2.0299999713897705,0,0.009999948553740978
angle,1780513012631086237,2.0299999713897705,0,0.009999997913837433
angle,1780513012641086579,2.0299999713897705,0,0.00999996718019247
angle,1780513012651086793,2.0299999713897705,0,0.009999974630773067
angle,1780513012661086948,2.0299999713897705,0,0.009999945759773254
angle,1780513012671087203,2.0299999713897705,0,0.009999933652579784
angle,1780513012681089784,2.0299999713897705,0,0.009999940171837807
angle,1780513012691087926,2.0299999713897705,0,0.009999977424740791
angle,1780513012701087980,2.0299999713897705,0,0.010000009089708328
angle,1780513012711088898,2.0299999713897705,0,0.009999952279031277
angle,1780513012721088304,2.0299999713897705,0,0.009999964386224747
angle,1780513012731091012,2.0299999713897705,0,0.009999982081353664
angle,1780513012741088965,2.0299999713897705,0,0.00999994296580553
angle,1780513012751089191,2.0299999713897705,0,0.009999988600611687
angle,1780513012761089350,2.0299999713897705,0,0.009999975562095642
angle,1780513012771089655,2.0299999713897705,0,0.009999968111515045
angle,1780513012781090142,2.0299999713897705,0,0.009999980218708515
angle,1780513012791090154,2.0299999713897705,0,0.0099998963996768
angle,1780513012801092848,2.0299999713897705,0,0.009999957866966724
angle,1780513012811092771,2.0299999713897705,0,0.009999915026128292
angle,1780513012821092767,2.0299999713897705,0,0.009999874979257584
angle,1780513012831091381,2.0299999713897705,0,0.009999890811741352
angle,1780513012841091678,2.0299999713897705,0,0.009999990463256836
angle,1780513012851091793,2.0299999713897705,0,0.009999978356063366
angle,1780513012861091883,2.0299999713897705,0,0.009999947622418404
angle,1780513012871092130,2.0299999713897705,0,0.009999964386224747
angle,1780513012881092407,2.0299999713897705,0,0.009999940171837807
angle,1780513012891093065,2.0299999713897705,0,0.009999911300837994
angle,1780513012901092929,2.0299999713897705,0,0.009999937377870083
angle,1780513012911092978,2.0299999713897705,0,0.00999999139457941
angle,1780513012921093289,2.0299999713897705,0,0.009999941103160381
angle,1780513012931093678,2.0299999713897705,0,0.009999985806643963
angle,1780513012941093809,2.0299999713897705,0,0.009999970905482769
angle,1780513012951093923,2.0299999713897705,0,0.009999992325901985
angle,1780513012961095192,2.0299999713897705,0,0.009999998845160007
angle,1780513012973043612,2.0299999713897705,0,0.011948183178901672
angle,1780513012983043777,2.0299999713897705,0,0.009999897330999374
angle,1780513012993044437,2.0299999713897705,0,0.009999995119869709
angle,1780513013003044320,2.0299999713897705,0,0.009999888949096203
angle,1780513013013044442,2.0299999713897705,0,0.009999961592257023
angle,1780513013023044638,2.0299999713897705,0,0.009999977424740791
angle,1780513013033046068,2.0299999713897705,0,0.009999974630773067
angle,1780513013043045223,2.0299999713897705,0,0.009999890811741352
angle,1780513013053045540,2.0299999713897705,0,0.0099998963996768
angle,1780513013063045546,2.0299999713897705,0,0.010000007227063179
angle,1780513013073045813,2.0299999713897705,0,0.009999963454902172
angle,1780513013083046197,2.0299999713897705,0,0.009999960660934448
angle,1780513013093046421,2.0299999713897705,0,0.009999963454902172
angle,1780513013103046743,2.0299999713897705,0,0.009999999776482582
angle,1780513013113046781,2.0299999713897705,0,0.009999941103160381
angle,1780513013123047596,2.0299999713897705,0,0.009999964386224747
angle,1780513013133047206,2.0299999713897705,0,0.009999880567193031
angle,1780513013143047807,2.0299999713897705,0,0.009999983943998814
angle,1780513013153047606,2.0299999713897705,0,0.009999951347708702
angle,1780513013163047647,2.0299999713897705,0,0.009999970905482769
angle,1780513013173048025,2.0299999713897705,0,0.00999999139457941
angle,1780513013183048781,2.0299999713897705,0,0.009999947622418404
angle,1780513013193048491,2.0299999713897705,0,0.009999905712902546
angle,1780513013203048619,2.0299999713897705,0,0.009999940171837807
angle,1780513013213048844,2.0299999713897705,0,0.009999994188547134
angle,1780513013223049248,2.0299999713897705,0,0.009999984875321388
angle,1780513013233049521,2.0299999713897705,0,0.009999936446547508
angle,1780513013243049693,2.0299999713897705,0,0.009999998845160007
angle,1780513013253049810,2.0299999713897705,0,0.009999970905482769
angle,1780513013263050042,2.0299999713897705,0,0.009999946691095829
angle,1780513013273050860,2.0299999713897705,0,0.009999956004321575
angle,1780513013283050926,2.0299999713897705,0,0.00999994482845068
angle,1780513013293050676,2.0299999713897705,0,0.009999888017773628
angle,1780513013303051015,2.0299999713897705,0,0.010000001639127731
angle,1780513013313051295,2.0299999713897705,0,0.009999986737966537
angle,1780513013323051468,2.0299999713897705,0,0.009999995119869709
angle,1780513013333051677,2.0299999713897705,0,0.009999996982514858
angle,1780513013343052330,2.0299999713897705,0,0.009999950416386127
angle,1780513013353052188,2.0299999713897705,0,0.00999989453703165
angle,1780513013363053204,2.0299999713897705,0,0.009999943897128105
angle,1780513013373052780,2.0299999713897705,0,0.009999940171837807
angle,1780513013383053175,2.0299999713897705,0,0.009999975562095642
angle,1780513013393053260,2.0299999713897705,0,0.010000006295740604
angle,1780513013403053553,2.0299999713897705,0,0.009999969974160194
angle,1780513013413053840,2.0299999713897705,0,0.010000001639127731
angle,1780513013423054083,2.0299999713897705,0,0.009999948553740978
angle,1780513013433054357,2.0299999713897705,0,0.009999978356063366
angle,1780513013443054614,2.0299999713897705,0,0.009999986737966537
angle,1780513013453055052,2.0299999713897705,0,0.009999980218708515
angle,1780513013463054975,2.0299999713897705,0,0.009999961592257023
angle,1780513013473055193,2.0299999713897705,0,0.009999950416386127
angle,1780513013483055609,2.0299999713897705,0,0.010000000707805157
angle,1780513013493057604,2.0299999713897705,0,0.009999958798289299
angle,1780513013503056512,2.0299999713897705,0,0.00999987032264471
angle,1780513013513056567,2.0299999713897705,0,0.009999958798289299
angle,1780513013523056773,2.0299999713897705,0,0.009999952279031277
angle,1780513013533057146,2.0299999713897705,0,0.009999950416386127
angle,1780513013543057557,2.0299999713897705,0,0.009999969974160194
angle,1780513013553057624,2.0299999713897705,0,0.00999996904283762
angle,1780513013563057697,2.0299999713897705,0,0.009999973699450493
angle,1780513013573058002,2.0299999713897705,0,0.009999950416386127
angle,1780513013583058697,2.0299999713897705,0,0.009999960660934448
angle,1780513013593058624,2.0299999713897705,0,0.009999927133321762
angle,1780513013603058980,2.0299999713897705,0,0.009999998845160007
angle,1780513013613059175,2.0299999713897705,0,0.009999974630773067
angle,1780513013623059373,2.0299999713897705,0,0.009999937377870083
angle,1780513013633059885,2.0299999713897705,0,0.00999996718019247
angle,1780513013643060159,2.0299999713897705,0,0.009999956004321575
angle,1780513013653060295,2.0299999713897705,0,0.009999945759773254
angle,1780513013663060296,2.0299999713897705,0,0.00999999139457941
angle,1780513013673060666,2.0299999713897705,0,0.009999987669289112
angle,1780513013683060680,2.0299999713897705,0,0.009999966248869896
angle,1780513013693060992,2.0299999713897705,0,0.00999999139457941
angle,1780513013703061150,2.0299999713897705,0,0.009999943897128105
angle,1780513013713061215,2.0299999713897705,0,0.009999975562095642
angle,1780513013723061463,2.0299999713897705,0,0.009999964386224747
angle,1780513013733061761,2.0299999713897705,0,0.009999957866966724
angle,1780513013743061911,2.0299999713897705,0,0.00999994482845068
angle,1780513013753062209,2.0299999713897705,0,0.009999996982514858
angle,1780513013763062817,2.0299999713897705,0,0.009999988600611687
angle,1780513013773062782,2.0299999713897705,0,0.00999999139457941
angle,1780513013783062930,2.0299999713897705,0,0.009999956004321575
angle,1780513013793063283,2.0299999713897705,0,0.009999928995966911
angle,1780513013803063867,2.0299999713897705,0,0.009999951347708702
angle,1780513013813063738,2.0299999713897705,0,0.009999937377870083
angle,1780513013823063837,2.0299999713897705,0,0.009999953210353851
angle,1780513013833064086,2.0299999713897705,0,0.010000006295740604
angle,1780513013843064336,2.0299999713897705,0,0.009999960660934448
angle,1780513013853064677,2.0299999713897705,0,0.00999994296580553
angle,1780513013863064826,2.0299999713897705,0,0.009999995119869709
angle,1780513013873065254,2.0299999713897705,0,0.010000007227063179
angle,1780513013883065497,2.0299999713897705,0,0.009999969974160194
angle,1780513013893065784,2.0299999713897705,0,0.009999878704547882
angle,1780513013903065870,2.0299999713897705,0,0.009999946691095829
angle,1780513013913065959,2.0299999713897705,0,0.009999940171837807
angle,1780513013923066331,2.0299999713897705,0,0.009999948553740978
angle,1780513013933067029,2.0299999713897705,0,0.00999996718019247
angle,1780513013943067116,2.0299999713897705,0,0.009999916888773441
angle,1780513013953067316,2.0299999713897705,0,0.009999972768127918
angle,1780513013963068318,2.0299999713897705,0,0.009999877773225307
angle,1780513013973069990,2.0299999713897705,0,0.010000014677643776
angle,1780513013983067947,2.0299999713897705,0,0.009999897330999374
angle,1780513013993068256,2.0299999713897705,0,0.010000007227063179
angle,1780513014003069084,2.0299999713897705,0,0.009999999776482582
angle,1780513014013068784,2.0299999713897705,0,0.009999990463256836
angle,1780513014023069044,2.0299999713897705,0,0.009999937377870083
angle,1780513014033070944,2.0299999713897705,0,0.009999963454902172
angle,1780513014043069434,2.0299999713897705,0,0.009999897330999374
angle,1780513014053070345,2.0299999713897705,0,0.010000006295740604
angle,1780513014063069955,2.0299999713897705,0,0.009999880567193031
angle,1780513014073070358,2.0299999713897705,0,0.009999995119869709
angle,1780513014083070477,2.0299999713897705,0,0.009999978356063366
angle,1780513014093070785,2.0299999713897705,0,0.009999960660934448
angle,1780513014103070933,2.0299999713897705,0,0.009999983012676239
angle,1780513014113071022,2.0299999713897705,0,0.009999983943998814
angle,1780513014123071301,2.0299999713897705,0,0.009999950416386127
angle,1780513014133071349,2.0299999713897705,0,0.009999952279031277
angle,1780513014143071708,2.0299999713897705,0,0.009999984875321388
angle,1780513014153071858,2.0299999713897705,0,0.009999978356063366
angle,1780513014163072020,2.0299999713897705,0,0.009999997913837433
angle,1780513014173072234,2.0299999713897705,0,0.009999953210353851
angle,1780513014183072531,2.0299999713897705,0,0.009999982081353664
angle,1780513014193072858,2.0299999713897705,0,0.009999934583902359
angle,1780513014203072833,2.0299999713897705,0,0.009999963454902172
angle,1780513014213073339,2.0299999713897705,0,0.009999937377870083
angle,1780513014223073572,2.0299999713897705,0,0.009999951347708702
angle,1780513014233073882,2.0299999713897705,0,0.010000002570450306
angle,1780513014243073806,2.0299999713897705,0,0.010000002570450306
angle,1780513014253074234,2.0299999713897705,0,0.00999997928738594
angle,1780513014263074370,2.0299999713897705,0,0.009999886155128479
angle,1780513014273074722,2.0299999713897705,0,0.009999983012676239
angle,1780513014283074886,2.0299999713897705,0,0.009999960660934448
angle,1780513014293075079,2.0299999713897705,0,0.009999980218708515
angle,1780513014303075487,2.0299999713897705,0,0.009999982081353664
angle,1780513014313075487,2.0299999713897705,0,0.009999946691095829
angle,1780513014323076072,2.0299999713897705,0,0.009999983943998814
angle,1780513014333075940,2.0299999713897705,0,0.009999957866966724
angle,1780513014343076434,2.0299999713897705,0,0.009999996982514858
angle,1780513014353076636,2.0299999713897705,0,0.010000006295740604
angle,1780513014363077014,2.0299999713897705,0,0.009999965317547321
angle,1780513014373077103,2.0299999713897705,0,0.00999999139457941
angle,1780513014383077253,2.0299999713897705,0,0.009999887086451054
angle,1780513014393077511,2.0299999713897705,0,0.009999996982514858
angle,1780513014403077770,2.0299999713897705,0,0.009999961592257023
angle,1780513014413078252,2.0299999713897705,0,0.009999955072999
angle,1780513014423078126,2.0299999713897705,0,0.009999992325901985
angle,1780513014433078350,2.0299999713897705,0,0.009999938309192657
angle,1780513014443078565,2.0299999713897705,0,0.00999994296580553
angle,1780513014453079223,2.0299999713897705,0,0.009999983012676239
angle,1780513014463078897,2.0299999713897705,0,0.009999953210353851
angle,1780513014473079130,2.0299999713897705,0,0.009999973699450493
angle,1780513014483079417,2.0299999713897705,0,0.009999996051192284
angle,1780513014493079762,2.0299999713897705,0,0.009999960660934448
angle,1780513014503079884,2.0299999713897705,0,0.009999878704547882
angle,1780513014513080025,2.0299999713897705,0,0.009999983012676239
angle,1780513014523080675,2.0299999713897705,0,0.009999951347708702
angle,1780513014533080534,2.0299999713897705,0,0.009999936446547508
angle,1780513014543081202,2.0299999713897705,0,0.009999937377870083
angle,1780513014553081027,2.0299999713897705,0,0.010000007227063179
angle,1780513014563081158,2.0299999713897705,0,0.010000001639127731
angle,1780513014573081448,2.0299999713897705,0,0.009999939240515232
angle,1780513014583081717,2.0299999713897705,0,0.009999996982514858
angle,1780513014593083119,2.0299999713897705,0,0.010000002570450306
angle,1780513014603084574,2.0299999713897705,0,0.009999942034482956
angle,1780513014613083845,2.0299999713897705,0,0.009999853558838367
angle,1780513014623082502,2.0299999713897705,0,0.009999937377870083
angle,1780513014633082959,2.0299999713897705,0,0.010000007227063179
angle,1780513014643083192,2.0299999713897705,0,0.00999999325722456
angle,1780513014653083532,2.0299999713897705,0,0.009999999776482582
angle,1780513014663083832,2.0299999713897705,0,0.009999985806643963
angle,1780513014673084079,2.0299999713897705,0,0.009999996982514858
angle,1780513014683084225,2.0299999713897705,0,0.009999963454902172
angle,1780513014693084631,2.0299999713897705,0,0.010000001639127731
angle,1780513014703084999,2.0299999713897705,0,0.009999898262321949
angle,1780513014713084804,2.0299999713897705,0,0.009999966248869896
angle,1780513014723085084,2.0299999713897705,0,0.009999980218708515
angle,1780513014733085252,2.0299999713897705,0,0.009999983012676239
angle,1780513014743085768,2.0299999713897705,0,0.009999971836805344
angle,1780513014753086813,2.0299999713897705,0,0.009999961592257023
angle,1780513014763086908,2.0299999713897705,0,0.009999951347708702
angle,1780513014773086497,2.0299999713897705,0,0.009999977424740791
angle,1780513014783086726,2.0299999713897705,0,0.009999971836805344
angle,1780513014793087282,2.0299999713897705,0,0.009999983943998814
angle,1780513014803087113,2.0299999713897705,0,0.009999856352806091
angle,1780513014813087226,2.0299999713897705,0,0.009999934583902359
angle,1780513014823087658,2.0299999713897705,0,0.009999999776482582
angle,1780513014833087916,2.0299999713897705,0,0.00999994482845068
angle,1780513014843087926,2.0299999713897705,0,0.010000000707805157
angle,1780513014853088469,2.0299999713897705,0,0.010000004433095455
angle,1780513014863088457,2.0299999713897705,0,0.009999923408031464
angle,1780513014873088657,2.0299999713897705,0,0.009999997913837433
angle,1780513014883089223,2.0299999713897705,0,0.009999950416386127
angle,1780513014893089521,2.0299999713897705,0,0.009999974630773067
angle,1780513014903089358,2.0299999713897705,0,0.009999877773225307
angle,1780513014913089525,2.0299999713897705,0,0.009999978356063366
angle,1780513014923090222,2.0299999713897705,0,0.009999982081353664
angle,1780513014933090053,2.0299999713897705,0,0.009999948553740978
angle,1780513014943090158,2.0299999713897705,0,0.009999986737966537
angle,1780513014953090536,2.0299999713897705,0,0.00999999325722456
angle,1780513014963091925,2.0299999713897705,0,0.009999939240515232
angle,1780513014973091295,2.0299999713897705,0,0.009999923408031464
angle,1780513014983091640,2.0299999713897705,0,0.009999999776482582
angle,1780513014993091537,2.0299999713897705,0,0.009999938309192657
angle,1780513015003091929,2.0299999713897705,0,0.009999947622418404
angle,1780513015013091788,2.0299999713897705,0,0.009999861009418964
angle,1780513015023092233,2.0299999713897705,0,0.009999952279031277
angle,1780513015033093668,2.0299999713897705,0,0.009999985806643963
angle,1780513015043092470,2.0299999713897705,0,0.009999925270676613
angle,1780513015053092795,2.0299999713897705,0,0.009999997913837433
angle,1780513015063093137,2.0299999713897705,0,0.009999963454902172
angle,1780513015073093283,2.0299999713897705,0,0.009999952279031277
angle,1780513015083093515,2.0299999713897705,0,0.00999997928738594
angle,1780513015093093945,2.0299999713897705,0,0.009999960660934448
angle,1780513015103093944,2.0299999713897705,0,0.009999928064644337
angle,1780513015113094391,2.0299999713897705,0,0.010000004433095455
angle,1780513015123094513,2.0299999713897705,0,0.009999995119869709
angle,1780513015133094582,2.0299999713897705,0,0.009999959729611874
angle,1780513015143094875,2.0299999713897705,0,0.009999943897128105
angle,1780513015153095748,2.0299999713897705,0,0.009999951347708702
angle,1780513015163095412,2.0299999713897705,0,0.00999991875141859
angle,1780513015173095594,2.0299999713897705,0,0.009999980218708515
angle,1780513015183096168,2.0299999713897705,0,0.00999995693564415
angle,1780513015193096109,2.0299999713897705,0,0.010000001639127731
angle,1780513015203096187,2.0299999713897705,0,0.009999936446547508
angle,1780513015213097324,2.0299999713897705,0,0.009999948553740978
angle,1780513015223096828,2.0299999713897705,0,0.009999994188547134
angle,1780513015233097322,2.0299999713897705,0,0.010000055655837059
angle,1780513015243097299,2.0299999713897705,0,0.009999892674386501
angle,1780513015253097899,2.0299999713897705,0,0.010000010021030903
angle,1780513015263098980,2.0299999713897705,0,0.009999997913837433
angle,1780513015273098038,2.0299999713897705,0,0.009999996051192284
angle,1780513015283098450,2.0299999713897705,0,0.009999957866966724
angle,1780513015293098551,2.0299999713897705,0,0.009999951347708702
angle,1780513015303098898,2.0299999713897705,0,0.010000018402934074
angle,1780513015313099081,2.0299999713897705,0,0.009999938309192657
angle,1780513015323099113,2.0299999713897705,0,0.009999964386224747
angle,1780513015333099531,2.0299999713897705,0,0.01000000536441803
angle,1780513015343100090,2.0299999713897705,0,0.009999936446547508
angle,1780513015353099953,2.0299999713897705,0,0.009999941103160381
angle,1780513015363100441,2.0299999713897705,0,0.009999955072999
angle,1780513015373100507,2.0299999713897705,0,0.010000007227063179
angle,1780513015383100805,2.0299999713897705,0,0.009999974630773067
angle,1780513015393101149,2.0299999713897705,0,0.009999940171837807
angle,1780513015403101428,2.0299999713897705,0,0.009999952279031277
angle,1780513015413101685,2.0299999713897705,0,0.009999973699450493
angle,1780513015423101810,2.0299999713897705,0,0.009999946691095829
angle,1780513015433102607,2.0299999713897705,0,0.009999992325901985
angle,1780513015443102202,2.0299999713897705,0,0.009999890811741352
angle,1780513015453102263,2.0299999713897705,0,0.009999973699450493
angle,1780513015463102777,2.0299999713897705,0,0.009999931789934635
angle,1780513015473102753,2.0299999713897705,0,0.010000026784837246
angle,1780513015483103270,2.0299999713897705,0,0.009999958798289299
angle,1780513015493105355,2.0299999713897705,0,0.010000000707805157
angle,1780513015503104331,2.0299999713897705,0,0.009999897330999374
angle,1780513015513104171,2.0299999713897705,0,0.009999924339354038
angle,1780513015523104066,2.0299999713897705,0,0.00999996718019247
angle,1780513015533104429,2.0299999713897705,0,0.009999947622418404
angle,1780513015543104682,2.0299999713897705,0,0.009999977424740791
angle,1780513015553104673,2.0299999713897705,0,0.00999996904283762
angle,1780513015563105531,2.0299999713897705,0,0.009999936446547508
angle,1780513015573104997,2.0299999713897705,0,0.009999943897128105
angle,1780513015583105369,2.0299999713897705,0,0.010000002570450306
angle,1780513015593105647,2.0299999713897705,0,0.010000000707805157
angle,1780513015603105895,2.0299999713897705,0,0.009999969974160194
angle,1780513015613106046,2.0299999713897705,0,0.009999902918934822
angle,1780513015623106175,2.0299999713897705,0,0.010000008158385754
angle,1780513015633106561,2.0299999713897705,0,0.009999970905482769
angle,1780513015643106670,2.0299999713897705,0,0.009999985806643963
angle,1780513015653107301,2.0299999713897705,0,0.009999996982514858
angle,1780513015663107297,2.0299999713897705,0,0.009999953210353851
angle,1780513015673107510,2.0299999713897705,0,0.009999990463256836
angle,1780513015683107825,2.0299999713897705,0,0.009999999776482582
angle,1780513015693108020,2.0299999713897705,0,0.009999998845160007
angle,1780513015703108319,2.0299999713897705,0,0.00999996718019247
angle,1780513015713108737,2.0299999713897705,0,0.00999993085861206
angle,1780513015723108508,2.0299999713897705,0,0.009999943897128105
angle,1780513015733108806,2.0299999713897705,0,0.009999959729611874
angle,1780513015756055280,2.0299999713897705,0,0.02294575423002243
angle,1780513015766056006,2.0299999713897705,0,0.009999947622418404
angle,1780513015776055956,2.0299999713897705,0,0.009999933652579784
angle,1780513015786056039,2.0299999713897705,0,0.009999996982514858
angle,1780513015796056618,2.0299999713897705,0,0.00999998115003109
angle,1780513015806057126,2.0299999713897705,0,0.010000007227063179
angle,1780513015816057211,2.0299999713897705,0,0.009999958798289299
angle,1780513015828483375,2.0299999713897705,0,0.012425603345036507
angle,1780513015838483776,2.0299999713897705,0,0.009999893605709076
angle,1780513015848484021,2.0299999713897705,0,0.009999977424740791
angle,1780513015858484309,2.0299999713897705,0,0.00999993272125721
angle,1780513015868484440,2.0299999713897705,0,0.00999996904283762
angle,1780513015878484281,2.0299999713897705,0,0.009999970905482769
angle,1780513015888485054,2.0299999713897705,0,0.009999961592257023
angle,1780513015898485138,2.0299999713897705,0,0.009999977424740791
angle,1780513015908485310,2.0299999713897705,0,0.009999886155128479
angle,1780513015918485404,2.0299999713897705,0,0.009999966248869896
angle,1780513015928486012,2.0299999713897705,0,0.009999996982514858
angle,1780513015938485797,2.0299999713897705,0,0.009999998845160007
angle,1780513015948485891,2.0299999713897705,0,0.009999938309192657
angle,1780513015958487574,2.0299999713897705,0,0.009999999776482582
angle,1780513015968486560,2.0299999713897705,0,0.009999921545386314
angle,1780513015978488006,2.0299999713897705,0,0.009999939240515232
angle,1780513015988486879,2.0299999713897705,0,0.009999901987612247
angle,1780513015998487101,2.0299999713897705,0,0.009999934583902359
angle,1780513016008487531,2.0299999713897705,0,0.009999983012676239
angle,1780513016018488314,2.0299999713897705,0,0.00999998115003109
angle,1780513016028487919,2.0299999713897705,0,0.010000002570450306
angle,1780513016038489384,2.0299999713897705,0,0.009999992325901985
angle,1780513016048488600,2.0299999713897705,0,0.009999904781579971
angle,1780513016058489129,2.0299999713897705,0,0.010000060312449932
angle,1780513016068488994,2.0299999713897705,0,0.009999830275774002
angle,1780513016078489055,2.0299999713897705,0,0.009999947622418404
angle,1780513016088489368,2.0299999713897705,0,0.009999953210353851
angle,1780513016098489614,2.0299999713897705,0,0.009999934583902359
angle,1780513016108489817,2.0299999713897705,0,0.009999942034482956
angle,1780513016118490117,2.0299999713897705,0,0.009999965317547321
angle,1780513016128490550,2.0299999713897705,0,0.009999969974160194
angle,1780513016138490322,2.0299999713897705,0,0.009999936446547508
angle,1780513016148490574,2.0299999713897705,0,0.009999964386224747
angle,1780513016158490775,2.0299999713897705,0,0.009999963454902172
angle,1780513016168491203,2.0299999713897705,0,0.009999985806643963
angle,1780513016178491372,2.0299999713897705,0,0.009999986737966537
angle,1780513016188492219,2.0299999713897705,0,0.009999963454902172
angle,1780513016198491903,2.0299999713897705,0,0.009999999776482582
angle,1780513016208492187,2.0299999713897705,0,0.009999963454902172
angle,1780513016218492630,2.0299999713897705,0,0.009999952279031277
angle,1780513016228492539,2.0299999713897705,0,0.00999999139457941
angle,1780513016238492633,2.0299999713897705,0,0.009999975562095642
angle,1780513016248492980,2.0299999713897705,0,0.010000007227063179
angle,1780513016258495020,2.0299999713897705,0,0.009999972768127918
angle,1780513016268493710,2.0299999713897705,0,0.009999987669289112
angle,1780513016278493562,2.0299999713897705,0,0.009999957866966724
angle,1780513016288494136,2.0299999713897705,0,0.009999948553740978
angle,1780513016298494048,2.0299999713897705,0,0.009999977424740791
angle,1780513016308494566,2.0299999713897705,0,0.009999958798289299
angle,1780513016318494987,2.0299999713897705,0,0.009999931789934635
angle,1780513016328494678,2.0299999713897705,0,0.009999940171837807
angle,1780513016338495264,2.0299999713897705,0,0.00999999139457941
angle,1780513016348495318,2.0299999713897705,0,0.009999901987612247
angle,1780513016358495474,2.0299999713897705,0,0.009999996982514858
angle,1780513016368496009,2.0299999713897705,0,0.009999998845160007
angle,1780513016378495932,2.0299999713897705,0,0.009999994188547134
angle,1780513016388496250,2.0299999713897705,0,0.009999977424740791
angle,1780513016398496429,2.0299999713897705,0,0.009999948553740978
angle,1780513016408496978,2.0299999713897705,0,0.010000002570450306
angle,1780513016418496831,2.0299999713897705,0,0.009999941103160381
angle,1780513016428497083,2.0299999713897705,0,0.009999969974160194
angle,1780513016438497343,2.0299999713897705,0,0.010000008158385754
angle,1780513016448497608,2.0299999713897705,0,0.009999983943998814
angle,1780513016458498981,2.0299999713897705,0,0.009999950416386127
angle,1780513016468498078,2.0299999713897705,0,0.00999991875141859
angle,1780513016478498534,2.0299999713897705,0,0.009999946691095829
angle,1780513016488498449,2.0299999713897705,0,0.01000000536441803
angle,1780513016498498986,2.0299999713897705,0,0.010000000707805157
angle,1780513016508499240,2.0299999713897705,0,0.009999965317547321
angle,1780513016518499182,2.0299999713897705,0,0.009999883361160755
angle,1780513016528499409,2.0299999713897705,0,0.009999999776482582
angle,1780513016538499577,2.0299999713897705,0,0.009999952279031277
angle,1780513016548499900,2.0299999713897705,0,0.009999988600611687
angle,1780513016558500356,2.0299999713897705,0,0.009999994188547134
angle,1780513016568500794,2.0299999713897705,0,0.009999974630773067
angle,1780513016578500620,2.0299999713897705,0,0.009999971836805344
angle,1780513016588500867,2.0299999713897705,0,0.010000008158385754
angle,1780513016598501577,2.0299999713897705,0,0.009999987669289112
angle,1780513016608501964,2.0299999713897705,0,0.009999956004321575
angle,1780513016618501740,2.0299999713897705,0,0.009999885223805904
angle,1780513016628502022,2.0299999713897705,0,0.009999980218708515
angle,1780513016638502164,2.0299999713897705,0,0.009999958798289299
angle,1780513016648502334,2.0299999713897705,0,0.009999956004321575
angle,1780513016658502989,2.0299999713897705,0,0.009999946691095829
angle,1780513016668502806,2.0299999713897705,0,0.009999936446547508
angle,1780513016678503024,2.0299999713897705,0,0.009999970905482769
angle,1780513016688503303,2.0299999713897705,0,0.00999996718019247
angle,1780513016698504350,2.0299999713897705,0,0.010000008158385754
angle,1780513016708503896,2.0299999713897705,0,0.010000006295740604
angle,1780513016718504062,2.0299999713897705,0,0.009999969974160194
angle,1780513016728504317,2.0299999713897705,0,0.009999955072999
angle,1780513016738504635,2.0299999713897705,0,0.009999973699450493
angle,1780513016748504527,2.0299999713897705,0,0.009999946691095829
angle,1780513016758504771,2.0299999713897705,0,0.009999957866966724
angle,1780513016768505195,2.0299999713897705,0,0.00999996718019247
angle,1780513016778505358,2.0299999713897705,0,0.009999996982514858
angle,1780513016788505824,2.0299999713897705,0,0.009999958798289299
angle,1780513016798505826,2.0299999713897705,0,0.009999968111515045
angle,1780513016808506610,2.0299999713897705,0,0.009999968111515045
angle,1780513016818507153,2.0299999713897705,0,0.009999876841902733
angle,1780513016828508227,2.0299999713897705,0,0.009999982081353664
angle,1780513016838506880,2.0299999713897705,0,0.009999902918934822
angle,1780513016848507013,2.0299999713897705,0,0.009999983012676239
angle,1780513016858507021,2.0299999713897705,0,0.009999948553740978
angle,1780513016868507894,2.0299999713897705,0,0.010000002570450306
angle,1780513016878507478,2.0299999713897705,0,0.00999987218528986
angle,1780513016888507895,2.0299999713897705,0,0.009999934583902359
angle,1780513016898507943,2.0299999713897705,0,0.009999971836805344
angle,1780513016908508736,2.0299999713897705,0,0.009999990463256836
angle,1780513016918508484,2.0299999713897705,0,0.009999948553740978
angle,1780513016928508705,2.0299999713897705,0,0.009999965317547321
angle,1780513016938508832,2.0299999713897705,0,0.010000008158385754
angle,1780513016948509136,2.0299999713897705,0,0.00999996718019247
angle,1780513016958510362,2.0299999713897705,0,0.009999968111515045
angle,1780513016968509807,2.0299999713897705,0,0.009999842382967472
angle,1780513016978509831,2.0299999713897705,0,0.009999998845160007
angle,1780513016988510036,2.0299999713897705,0,0.009999998845160007
angle,1780513016998510265,2.0299999713897705,0,0.009999954141676426
angle,1780513017008510927,2.0299999713897705,0,0.009999971836805344
angle,1780513017018510884,2.0299999713897705,0,0.010000001639127731
angle,1780513017028510904,2.0299999713897705,0,0.009999947622418404
angle,1780513017038512836,2.0299999713897705,0,0.009999990463256836
angle,1780513017048511494,2.0299999713897705,0,0.009999911300837994
angle,1780513017058511674,2.0299999713897705,0,0.009999959729611874
angle,1780513017068511994,2.0299999713897705,0,0.009999972768127918
angle,1780513017078512303,2.0299999713897705,0,0.010000004433095455
angle,1780513017088512227,2.0299999713897705,0,0.009999956004321575
angle,1780513017098512684,2.0299999713897705,0,0.009999988600611687
angle,1780513017108512936,2.0299999713897705,0,0.010000002570450306
angle,1780513017118513170,2.0299999713897705,0,0.009999937377870083
angle,1780513017128513607,2.0299999713897705,0,0.009999975562095642
angle,1780513017138513686,2.0299999713897705,0,0.009999985806643963
angle,1780513017148513700,2.0299999713897705,0,0.009999973699450493
angle,1780513017158514040,2.0299999713897705,0,0.009999987669289112
angle,1780513017168514640,2.0299999713897705,0,0.009999983012676239
angle,1780513017178514573,2.0299999713897705,0,0.009999984875321388
angle,1780513017188514708,2.0299999713897705,0,0.010000008158385754
angle,1780513017198514906,2.0299999713897705,0,0.009999969974160194
angle,1780513017208515674,2.0299999713897705,0,0.00999994296580553
angle,1780513017218517776,2.0299999713897705,0,0.009999910369515419
angle,1780513017228517228,2.0299999713897705,0,0.009999945759773254
angle,1780513017238516593,2.0299999713897705,0,0.009999873116612434
angle,1780513017248516594,2.0299999713897705,0,0.009999901987612247
angle,1780513017258517017,2.0299999713897705,0,0.009999985806643963
angle,1780513017268517549,2.0299999713897705,0,0.009999971836805344
angle,1780513017278517470,2.0299999713897705,0,0.009999963454902172
angle,1780513017288517521,2.0299999713897705,0,0.009999988600611687
angle,1780513017298517667,2.0299999713897705,0,0.010000006295740604
angle,1780513017308518159,2.0299999713897705,0,0.009999961592257023
angle,1780513017318518272,2.0299999713897705,0,0.009999904781579971
angle,1780513017328518607,2.0299999713897705,0,0.00999994296580553
angle,1780513017338519073,2.0299999713897705,0,0.009999936446547508
angle,1780513017348519121,2.0299999713897705,0,0.009999996982514858
angle,1780513017358519116,2.0299999713897705,0,0.010000009089708328
angle,1780513017368519689,2.0299999713897705,0,0.009999990463256836
angle,1780513017378519654,2.0299999713897705,0,0.00999994296580553
angle,1780513017388520381,2.0299999713897705,0,0.009999951347708702
angle,1780513017398520080,2.0299999713897705,0,0.009999876841902733
angle,1780513017408520377,2.0299999713897705,0,0.009999988600611687
angle,1780513017418520646,2.0299999713897705,0,0.009999965317547321
angle,1780513017428521313,2.0299999713897705,0,0.009999948553740978
angle,1780513017438520979,2.0299999713897705,0,0.00999996718019247
angle,1780513017448521316,2.0299999713897705,0,0.009999995119869709
angle,1780513017458522114,2.0299999713897705,0,0.009999974630773067
angle,1780513017468522223,2.0299999713897705,0,0.009999909438192844
angle,1780513017478522047,2.0299999713897705,0,0.00999993272125721
angle,1780513017488522364,2.0299999713897705,0,0.009999997913837433
angle,1780513017498522755,2.0299999713897705,0,0.010000006295740604
angle,1780513017508522822,2.0299999713897705,0,0.009999974630773067
angle,1780513017518523268,2.0299999713897705,0,0.009999950416386127
angle,1780513017528523280,2.0299999713897705,0,0.00999999139457941
angle,1780513017538523436,2.0299999713897705,0,0.010000010021030903
angle,1780513017548523750,2.0299999713897705,0,0.009999941103160381
angle,1780513017558524026,2.0299999713897705,0,0.00999997928738594
angle,1780513017568524401,2.0299999713897705,0,0.010000004433095455
angle,1780513017578524597,2.0299999713897705,0,0.009999945759773254
angle,1780513017588525048,2.0299999713897705,0,0.010000004433095455
angle,1780513017598525100,2.0299999713897705,0,0.009999972768127918
angle,1780513017608525510,2.0299999713897705,0,0.009999978356063366
angle,1780513017618525511,2.0299999713897705,0,0.009999954141676426
angle,1780513017628529507,2.0299999713897705,0,0.009999973699450493
angle,1780513017638525930,2.0299999713897705,0,0.009999952279031277
angle,1780513017648526306,2.0299999713897705,0,0.00999999325722456
angle,1780513017658526717,2.0299999713897705,0,0.009999940171837807
angle,1780513017668527100,2.0299999713897705,0,0.009999968111515045
angle,1780513017678527341,2.0299999713897705,0,0.009999946691095829
angle,1780513017688527260,2.0299999713897705,0,0.009999974630773067
angle,1780513017698527895,2.0299999713897705,0,0.009999982081353664
angle,1780513017708527759,2.0299999713897705,0,0.009999980218708515
angle,1780513017718528055,2.0299999713897705,0,0.009999956004321575
angle,1780513017728528117,2.0299999713897705,0,0.009999961592257023
angle,1780513017738528766,2.0299999713897705,0,0.009999968111515045
angle,1780513017748529215,2.0299999713897705,0,0.009999942034482956
angle,1780513017758529167,2.0299999713897705,0,0.009999946691095829
angle,1780513017768529563,2.0299999713897705,0,0.009999972768127918
angle,1780513017778530013,2.0299999713897705,0,0.009999987669289112
angle,1780513017788530295,2.0299999713897705,0,0.009999957866966724
angle,1780513017798530216,2.0299999713897705,0,0.009999963454902172
angle,1780513017808530682,2.0299999713897705,0,0.00999999139457941
angle,1780513017818532995,2.0299999713897705,0,0.00999998115003109
angle,1780513017828532846,2.0299999713897705,0,0.009999892674386501
angle,1780513017838533141,2.0299999713897705,0,0.009999888949096203
angle,1780513017848532020,2.0299999713897705,0,0.009999910369515419
angle,1780513017858532021,2.0299999713897705,0,0.009999968111515045
angle,1780513017868532102,2.0299999713897705,0,0.009999951347708702
angle,1780513017878532336,2.0299999713897705,0,0.009999942034482956
angle,1780513017888532678,2.0299999713897705,0,0.00999994296580553
angle,1780513017898532742,2.0299999713897705,0,0.010000001639127731
angle,1780513017908532913,2.0299999713897705,0,0.009999952279031277
angle,1780513017918533355,2.0299999713897705,0,0.009999983943998814
angle,1780513017928533666,2.0299999713897705,0,0.009999980218708515
angle,1780513017938533871,2.0299999713897705,0,0.009999959729611874
angle,1780513017948533823,2.0299999713897705,0,0.009999936446547508
angle,1780513017958534027,2.0299999713897705,0,0.009999988600611687
angle,1780513017968534426,2.0299999713897705,0,0.009999942034482956
angle,1780513017978535973,2.0299999713897705,0,0.009999970905482769
angle,1780513017988534788,2.0299999713897705,0,0.009999900124967098
angle,1780513017998534990,2.0299999713897705,0,0.009999961592257023
angle,1780513018008535590,2.0299999713897705,0,0.009999951347708702
angle,1780513018018537061,2.0299999713897705,0,0.009999954141676426
angle,1780513018028535796,2.0299999713897705,0,0.009999888949096203
angle,1780513018038537526,2.0299999713897705,0,0.009999943897128105
angle,1780513018048536379,2.0299999713897705,0,0.009999907575547695
angle,1780513018058536690,2.0299999713897705,0,0.009999980218708515
angle,1780513018068536485,2.0299999713897705,0,0.009999954141676426
angle,1780513018078536810,2.0299999713897705,0,0.009999953210353851
angle,1780513018088536900,2.0299999713897705,0,0.00999994482845068
angle,1780513018098537236,2.0299999713897705,0,0.009999963454902172
angle,1780513018108537318,2.0299999713897705,0,0.009999971836805344
angle,1780513018118538136,2.0299999713897705,0,0.010000019334256649
angle,1780513018128537832,2.0299999713897705,0,0.00999991875141859
angle,1780513018138538172,2.0299999713897705,0,0.00999996904283762
angle,1780513018148538461,2.0299999713897705,0,0.00999995693564415
angle,1780513018158538525,2.0299999713897705,0,0.009999996982514858
angle,1780513018168538679,2.0299999713897705,0,0.009999960660934448
angle,1780513018178538926,2.0299999713897705,0,0.009999956004321575
angle,1780513018188539364,2.0299999713897705,0,0.009999973699450493
angle,1780513018198539602,2.0299999713897705,0,0.010000002570450306
angle,1780513018208539903,2.0299999713897705,0,0.009999952279031277
angle,1780513018218540647,2.0299999713897705,0,0.009999937377870083
angle,1780513018228540440,2.0299999713897705,0,0.009999910369515419
angle,1780513018238540809,2.0299999713897705,0,0.009999977424740791
angle,1780513018248540966,2.0299999713897705,0,0.009999970905482769
angle,1780513018258541026,2.0299999713897705,0,0.009999978356063366
angle,1780513018268541352,2.0299999713897705,0,0.009999988600611687
angle,1780513018278541986,2.0299999713897705,0,0.009999982081353664
angle,1780513018288542245,2.0299999713897705,0,0.009999984875321388
angle,1780513018298542193,2.0299999713897705,0,0.00999996904283762
angle,1780513018308542546,2.0299999713897705,0,0.009999941103160381
angle,1780513018318543051,2.0299999713897705,0,0.009999934583902359
angle,1780513018328543314,2.0299999713897705,0,0.009999958798289299
angle,1780513018338543178,2.0299999713897705,0,0.009999978356063366
angle,1780513018348543232,2.0299999713897705,0,0.009999942034482956
angle,1780513018358543468,2.0299999713897705,0,0.00999999325722456
angle,1780513018368544247,2.0299999713897705,0,0.009999988600611687
angle,1780513018378544274,2.0299999713897705,0,0.009999929927289486
angle,1780513018388544384,2.0299999713897705,0,0.009999943897128105
angle,1780513018398544577,2.0299999713897705,0,0.009999977424740791
angle,1780513018408546010,2.0299999713897705,0,0.009999938309192657
angle,1780513018418545360,2.0299999713897705,0,0.009999964386224747
angle,1780513018428545253,2.0299999713897705,0,0.009999950416386127
angle,1780513018438545705,2.0299999713897705,0,0.009999937377870083
angle,1780513018448548109,2.0299999713897705,0,0.00999999325722456
angle,1780513018458548293,2.0299999713897705,0,0.009999791160225868
angle,1780513018468547265,2.0299999713897705,0,0.009999877773225307
angle,1780513018478546735,2.0299999713897705,0,0.009999947622418404
angle,1780513018488547094,2.0299999713897705,0,0.009999937377870083
angle,1780513018498547101,2.0299999713897705,0,0.00999996718019247
angle,1780513018508547434,2.0299999713897705,0,0.010000012814998627
angle,1780513018518547572,2.0299999713897705,0,0.009999952279031277
angle,1780513018528547881,2.0299999713897705,0,0.009999950416386127
angle,1780513018538547983,2.0299999713897705,0,0.00999994482845068
angle,1780513018548548416,2.0299999713897705,0,0.010000008158385754
angle,1780513018558548558,2.0299999713897705,0,0.009999983012676239
angle,1780513018568548700,2.0299999713897705,0,0.009999943897128105
angle,1780513018578549253,2.0299999713897705,0,0.009999951347708702
angle,1780513018588549186,2.0299999713897705,0,0.009999983012676239
angle,1780513018598549599,2.0299999713897705,0,0.009999937377870083
angle,1780513018608549804,2.0299999713897705,0,0.00999995693564415
angle,1780513018618550280,2.0299999713897705,0,0.009999969974160194
angle,1780513018628550458,2.0299999713897705,0,0.009999875910580158
angle,1780513018638550734,2.0299999713897705,0,0.009999941103160381
angle,1780513018648550775,2.0299999713897705,0,0.009999950416386127
angle,1780513018658550974,2.0299999713897705,0,0.009999985806643963
angle,1780513018668551569,2.0299999713897705,0,0.009999994188547134
angle,1780513018678551738,2.0299999713897705,0,0.009999984875321388
angle,1780513018688551693,2.0299999713897705,0,0.00999998115003109
angle,1780513018698551896,2.0299999713897705,0,0.00999996904283762
angle,1780513018708552538,2.0299999713897705,0,0.01000000536441803
angle,1780513018718552998,2.0299999713897705,0,0.009999968111515045
angle,1780513018728553059,2.0299999713897705,0,0.009999964386224747
angle,1780513018738553339,2.0299999713897705,0,0.010000007227063179
angle,1780513018748553617,2.0299999713897705,0,0.009999982081353664
angle,1780513018758554599,2.0299999713897705,0,0.01000000536441803
angle,1780513018768554067,2.0299999713897705,0,0.009999940171837807
angle,1780513018778554404,2.0299999713897705,0,0.009999977424740791
angle,1780513018788554449,2.0299999713897705,0,0.009999904781579971
angle,1780513018798554700,2.0299999713897705,0,0.009999940171837807
angle,1780513018808554811,2.0299999713897705,0,0.009999987669289112
angle,1780513018818555153,2.0299999713897705,0,0.009999988600611687
angle,1780513018828555392,2.0299999713897705,0,0.009999954141676426
angle,1780513018838555546,2.0299999713897705,0,0.00999998115003109
angle,1780513018848555743,2.0299999713897705,0,0.009999940171837807
angle,1780513018858555879,2.0299999713897705,0,0.00999994482845068
angle,1780513018868556242,2.0299999713897705,0,0.009999985806643963
angle,1780513018878556432,2.0299999713897705,0,0.009999915026128292
angle,1780513018888557156,2.0299999713897705,0,0.009999951347708702
angle,1780513018898556613,2.0299999713897705,0,0.009999959729611874
angle,1780513018908557172,2.0299999713897705,0,0.010000000707805157
angle,1780513018918557139,2.0299999713897705,0,0.009999936446547508
angle,1780513018928557583,2.0299999713897705,0,0.009999995119869709
angle,1780513018938557745,2.0299999713897705,0,0.009999971836805344
angle,1780513018948557915,2.0299999713897705,0,0.009999966248869896
angle,1780513018958558324,2.0299999713897705,0,0.009999992325901985
angle,1780513018968558827,2.0299999713897705,0,0.00999999139457941
angle,1780513018978559335,2.0299999713897705,0,0.009999965317547321
angle,1780513018988559671,2.0299999713897705,0,0.009999996051192284
angle,1780513018998559465,2.0299999713897705,0,0.009999982081353664
angle,1780513019008560326,2.0299999713897705,0,0.00999997928738594
angle,1780513019018559971,2.0299999713897705,0,0.00999991875141859
angle,1780513019028560346,2.0299999713897705,0,0.009999954141676426
angle,1780513019038561018,2.0299999713897705,0,0.009999965317547321
angle,1780513019048560651,2.0299999713897705,0,0.009999915957450867
angle,1780513019058561124,2.0299999713897705,0,0.009999937377870083
angle,1780513019068561319,2.0299999713897705,0,0.009999954141676426
angle,1780513019078561476,2.0299999713897705,0,0.009999996982514858
angle,1780513019088561863,2.0299999713897705,0,0.009999965317547321
angle,1780513019098562292,2.0299999713897705,0,0.009999959729611874
angle,1780513019108562216,2.0299999713897705,0,0.009999937377870083
angle,1780513019118562482,2.0299999713897705,0,0.009999975562095642
angle,1780513019128562621,2.0299999713897705,0,0.009999862872064114
angle,1780513019138563027,2.0299999713897705,0,0.009999985806643963
angle,1780513019148563200,2.0299999713897705,0,0.010000004433095455
angle,1780513019158563316,2.0299999713897705,0,0.009999959729611874
angle,1780513019168563612,2.0299999713897705,0,0.009999945759773254
angle,1780513019178564290,2.0299999713897705,0,0.009999942034482956
angle,1780513019188564181,2.0299999713897705,0,0.009999535046517849
angle,1780513019198564177,2.0299999713897705,0,0.009999983012676239
angle,1780513019208564546,2.0299999713897705,0,0.009999997913837433
angle,1780513019218564973,2.0299999713897705,0,0.009999988600611687
angle,1780513019228565507,2.0299999713897705,0,0.009999911300837994
angle,1780513019238567003,2.0299999713897705,0,0.009999968111515045
angle,1780513019248565503,2.0299999713897705,0,0.009999927133321762
angle,1780513019258566049,2.0299999713897705,0,0.009999987669289112
angle,1780513019268566168,2.0299999713897705,0,0.009999940171837807
angle,1780513019278566353,2.0299999713897705,0,0.009999877773225307
angle,1780513019288566500,2.0299999713897705,0,0.009999958798289299
angle,1780513019298566636,2.0299999713897705,0,0.009999936446547508
angle,1780513019308566817,2.0299999713897705,0,0.009999969974160194
angle,1780513019318567249,2.0299999713897705,0,0.009999943897128105
angle,1780513019328567394,2.0299999713897705,0,0.009999916888773441
angle,1780513019338567479,2.0299999713897705,0,0.009999983943998814
angle,1780513019348567632,2.0299999713897705,0,0.009999952279031277
angle,1780513019358568067,2.0299999713897705,0,0.009999983943998814
angle,1780513019368568190,2.0299999713897705,0,0.00999995693564415
angle,1780513019378568540,2.0299999713897705,0,0.009999996051192284
angle,1780513019388569197,2.0299999713897705,0,0.009999874979257584
angle,1780513019398568834,2.0299999713897705,0,0.01000000536441803
angle,1780513019408569084,2.0299999713897705,0,0.009999950416386127
angle,1780513019418569230,2.0299999713897705,0,0.009999939240515232
angle,1780513019428569481,2.0299999713897705,0,0.00999999139457941
angle,1780513019438569721,2.0299999713897705,0,0.010000011883676052
angle,1780513019448569917,2.0299999713897705,0,0.009999983943998814
angle,1780513019458570063,2.0299999713897705,0,0.009999951347708702
angle,1780513019468570287,2.0299999713897705,0,0.009999955072999
angle,1780513019478570851,2.0299999713897705,0,0.009999955072999
angle,1780513019488570849,2.0299999713897705,0,0.009999971836805344
angle,1780513019498570762,2.0299999713897705,0,0.010000000707805157
angle,1780513019508571174,2.0299999713897705,0,0.009999952279031277
angle,1780513019518571401,2.0299999713897705,0,0.009999971836805344
angle,1780513019528571580,2.0299999713897705,0,0.00999993085861206
angle,1780513019538571743,2.0299999713897705,0,0.009999974630773067
angle,1780513019548572013,2.0299999713897705,0,0.009999969974160194
angle,1780513019558572211,2.0299999713897705,0,0.009999965317547321
angle,1780513019568572416,2.0299999713897705,0,0.009999959729611874
angle,1780513019578573046,2.0299999713897705,0,0.009999946691095829
angle,1780513019588572924,2.0299999713897705,0,0.009999891743063927
angle,1780513019598573249,2.0299999713897705,0,0.009999978356063366
angle,1780513019608573796,2.0299999713897705,0,0.009999965317547321
angle,1780513019618573553,2.0299999713897705,0,0.009999990463256836
angle,1780513019628573963,2.0299999713897705,0,0.009999980218708515
angle,1780513019638574346,2.0299999713897705,0,0.009999936446547508
angle,1780513019648574439,2.0299999713897705,0,0.009999943897128105
angle,1780513019658574599,2.0299999713897705,0,0.009999953210353851
angle,1780513019668575134,2.0299999713897705,0,0.009999953210353851
angle,1780513019678575496,2.0299999713897705,0,0.009999926201999187
angle,1780513019688575377,2.0299999713897705,0,0.009999986737966537
angle,1780513019698575686,2.0299999713897705,0,0.009999954141676426
angle,1780513019708575877,2.0299999713897705,0,0.009999960660934448
angle,1780513019718576005,2.0299999713897705,0,0.009999947622418404
angle,1780513019728576613,2.0299999713897705,0,0.009999960660934448
angle,1780513019738576464,2.0299999713897705,0,0.009999963454902172
angle,1780513019748576699,2.0299999713897705,0,0.009999946691095829
angle,1780513019758578036,2.0299999713897705,0,0.010000012814998627
angle,1780513019768577210,2.0299999713897705,0,0.00999988429248333
angle,1780513019778577703,2.0299999713897705,0,0.009999990463256836
angle,1780513019788577709,2.0299999713897705,0,0.00999997928738594
angle,1780513019798578228,2.0299999713897705,0,0.010000000707805157
angle,1780513019808578307,2.0299999713897705,0,0.009999898262321949
angle,1780513019818579125,2.0299999713897705,0,0.009999975562095642
angle,1780513019828579279,2.0299999713897705,0,0.009999888949096203
angle,1780513019838579260,2.0299999713897705,0,0.009999925270676613
angle,1780513019848579940,2.0299999713897705,0,0.009999964386224747
angle,1780513019858579641,2.0299999713897705,0,0.009999955072999
angle,1780513019868580003,2.0299999713897705,0,0.01000000536441803
angle,1780513019878580304,2.0299999713897705,0,0.009999997913837433
angle,1780513019888580619,2.0299999713897705,0,0.009999925270676613
angle,1780513019898581640,2.0299999713897705,0,0.009999992325901985
angle,1780513019908580962,2.0299999713897705,0,0.009999912232160568
angle,1780513019918581145,2.0299999713897705,0,0.009999940171837807
angle,1780513019928582123,2.0299999713897705,0,0.009999973699450493
angle,1780513019938581880,2.0299999713897705,0,0.009999912232160568
angle,1780513019948581787,2.0299999713897705,0,0.010000004433095455
angle,1780513019958582093,2.0299999713897705,0,0.009999987669289112
angle,1780513019968582654,2.0299999713897705,0,0.009999970905482769
angle,1780513019978584400,2.0299999713897705,0,0.009999904781579971
angle,1780513019988582597,2.0299999713897705,0,0.009999873116612434
angle,1780513019998582924,2.0299999713897705,0,0.010000006295740604
angle,1780513020008584829,2.0299999713897705,0,0.009999983012676239
angle,1780513020018583602,2.0299999713897705,0,0.009999940171837807
angle,1780513020028583705,2.0299999713897705,0,0.009999942034482956
angle,1780513020038583935,2.0299999713897705,0,0.009999995119869709
angle,1780513020048586463,2.0299999713897705,0,0.009999956004321575
angle,1780513020058584437,2.0299999713897705,0,0.010000001639127731
angle,1780513020068584926,2.0299999713897705,0,0.00999997928738594
angle,1780513020078585169,2.0299999713897705,0,0.009999971836805344
angle,1780513020088585238,2.0299999713897705,0,0.009999941103160381
angle,1780513020098585574,2.0299999713897705,0,0.009999941103160381
angle,1780513020108585596,2.0299999713897705,0,0.009999971836805344
angle,1780513020118586565,2.0299999713897705,0,0.009999954141676426
angle,1780513020128586206,2.0299999713897705,0,0.009999886155128479
angle,1780513020138586247,2.0299999713897705,0,0.009999999776482582
angle,1780513020148586489,2.0299999713897705,0,0.00999996904283762
angle,1780513020158586866,2.0299999713897705,0,0.009999952279031277
angle,1780513020168587197,2.0299999713897705,0,0.009999955072999
angle,1780513020178587472,2.0299999713897705,0,0.009999968111515045
angle,1780513020188587769,2.0299999713897705,0,0.00999995693564415
angle,1780513020198587923,2.0299999713897705,0,0.009999915957450867
angle,1780513020208588559,2.0299999713897705,0,0.010000021196901798
angle,1780513020218588536,2.0299999713897705,0,0.00999999325722456
angle,1780513020228588862,2.0299999713897705,0,0.009999957866966724
angle,1780513020238588959,2.0299999713897705,0,0.009999936446547508
angle,1780513020248589385,2.0299999713897705,0,0.010000008158385754
angle,1780513020258589559,2.0299999713897705,0,0.009999934583902359
angle,1780513020268589857,2.0299999713897705,0,0.009999985806643963
angle,1780513020278590028,2.0299999713897705,0,0.00999999139457941
angle,1780513020288590808,2.0299999713897705,0,0.009999924339354038
angle,1780513020298590706,2.0299999713897705,0,0.009999917820096016
angle,1780513020308590758,2.0299999713897705,0,0.00999994296580553
angle,1780513020318590946,2.0299999713897705,0,0.009999983012676239
angle,1780513020328591345,2.0299999713897705,0,0.009999971836805344
angle,1780513020338591813,2.0299999713897705,0,0.009999909438192844
angle,1780513020348592198,2.0299999713897705,0,0.009999999776482582
angle,1780513020358592148,2.0299999713897705,0,0.009999952279031277
angle,1780513020368592553,2.0299999713897705,0,0.009999941103160381
angle,1780513020378592742,2.0299999713897705,0,0.009999945759773254
angle,1780513020388593204,2.0299999713897705,0,0.009999994188547134
angle,1780513020398593111,2.0299999713897705,0,0.009999996982514858
angle,1780513020408593353,2.0299999713897705,0,0.009999939240515232
angle,1780513020418593666,2.0299999713897705,0,0.009999945759773254
angle,1780513020428594203,2.0299999713897705,0,0.009999941103160381
angle,1780513020438594316,2.0299999713897705,0,0.009999960660934448
angle,1780513020448594487,2.0299999713897705,0,0.009999941103160381
angle,1780513020458594845,2.0299999713897705,0,0.009999997913837433
angle,1780513020468595011,2.0299999713897705,0,0.00999997928738594
angle,1780513020478595473,2.0299999713897705,0,0.009999947622418404
angle,1780513020488595400,2.0299999713897705,0,0.009999987669289112
angle,1780513020498595592,2.0299999713897705,0,0.009999994188547134
angle,1780513020508595994,2.0299999713897705,0,0.009999980218708515
angle,1780513020518596350,2.0299999713897705,0,0.009999972768127918
angle,1780513020528597023,2.0299999713897705,0,0.009999977424740791
angle,1780513020538597046,2.0299999713897705,0,0.00999994482845068
angle,1780513020548597165,2.0299999713897705,0,0.009999969974160194
angle,1780513020558597531,2.0299999713897705,0,0.009999936446547508
angle,1780513020568597920,2.0299999713897705,0,0.009999954141676426
angle,1780513020578597850,2.0299999713897705,0,0.010000006295740604
angle,1780513020588598019,2.0299999713897705,0,0.009999934583902359
angle,1780513020598598520,2.0299999713897705,0,0.010000010952353477
angle,1780513020608598657,2.0299999713897705,0,0.009999959729611874
angle,1780513020618598986,2.0299999713897705,0,0.010000010021030903
angle,1780513020628599399,2.0299999713897705,0,0.009999936446547508
angle,1780513020640375243,2.0299999713897705,0,0.011775226332247257
angle,1780513020650375444,2.0299999713897705,0,0.00999993085861206
angle,1780513020660375820,2.0299999713897705,0,0.01000000536441803
angle,1780513020670375962,2.0299999713897705,0,0.00999994482845068
angle,1780513020680376261,2.0299999713897705,0,0.010000007227063179
angle,1780513020690376717,2.0299999713897705,0,0.009999937377870083
angle,1780513020700377058,2.0299999713897705,0,0.01000000536441803
angle,1780513020710377144,2.0299999713897705,0,0.009999983943998814
angle,1780513020720377371,2.0299999713897705,0,0.009999982081353664
angle,1780513020730377804,2.0299999713897705,0,0.009999955072999
angle,1780513020740378259,2.0299999713897705,0,0.009999983012676239
angle,1780513020750378201,2.0299999713897705,0,0.010000009089708328
angle,1780513020760378469,2.0299999713897705,0,0.00999999325722456
angle,1780513020770378525,2.0299999713897705,0,0.00999997928738594
angle,1780513020780379074,2.0299999713897705,0,0.009999958798289299
angle,1780513020790379432,2.0299999713897705,0,0.009999955072999
angle,1780513020800379598,2.0299999713897705,0,0.009999959729611874
angle,1780513020810379901,2.0299999713897705,0,0.009999937377870083
angle,1780513020820379979,2.0299999713897705,0,0.00999999325722456
angle,1780513020830380573,2.0299999713897705,0,0.009999945759773254
angle,1780513020840380503,2.0299999713897705,0,0.010000009089708328
angle,1780513020850380683,2.0299999713897705,0,0.009999985806643963
angle,1780513020860380986,2.0299999713897705,0,0.009999969974160194
angle,1780513020870381486,2.0299999713897705,0,0.00999994296580553
angle,1780513020880381682,2.0299999713897705,0,0.009999939240515232
angle,1780513020890382466,2.0299999713897705,0,0.009999971836805344
angle,1780513020900382173,2.0299999713897705,0,0.009999880567193031
angle,1780513020910382378,2.0299999713897705,0,0.009999964386224747
angle,1780513020920382826,2.0299999713897705,0,0.010000010021030903
angle,1780513020930383560,2.0299999713897705,0,0.010000001639127731
angle,1780513020940382955,2.0299999713897705,0,0.009999911300837994
angle,1780513020950383323,2.0299999713897705,0,0.009999954141676426
angle,1780513020960383523,2.0299999713897705,0,0.009999990463256836
angle,1780513020970383806,2.0299999713897705,0,0.009999950416386127
angle,1780513020980383966,2.0299999713897705,0,0.00999999139457941
angle,1780513020990384281,2.0299999713897705,0,0.009999980218708515
angle,1780513021000384608,2.0299999713897705,0,0.009999972768127918
angle,1780513021010385314,2.0299999713897705,0,0.010000002570450306
angle,1780513021020384969,2.0299999713897705,0,0.009999990463256836
angle,1780513021030385639,2.0299999713897705,0,0.01000004168599844
angle,1780513021040385590,2.0299999713897705,0,0.00999982189387083
angle,1780513021050387879,2.0299999713897705,0,0.00999995693564415
angle,1780513021060385948,2.0299999713897705,0,0.009999903850257397
angle,1780513021070386346,2.0299999713897705,0,0.009999952279031277
angle,1780513021080386710,2.0299999713897705,0,0.009999970905482769
angle,1780513021090386890,2.0299999713897705,0,0.009999973699450493
angle,1780513021100387114,2.0299999713897705,0,0.009999971836805344
angle,1780513021110387586,2.0299999713897705,0,0.010000002570450306
angle,1780513021120387834,2.0299999713897705,0,0.010000010021030903
angle,1780513021130387854,2.0299999713897705,0,0.009999958798289299
angle,1780513021140388171,2.0299999713897705,0,0.009999972768127918
angle,1780513021150388346,2.0299999713897705,0,0.009999966248869896
angle,1780513021160388719,2.0299999713897705,0,0.009999965317547321
angle,1780513021170388764,2.0299999713897705,0,0.009999985806643963
angle,1780513021180389027,2.0299999713897705,0,0.009999956004321575
angle,1780513021190389489,2.0299999713897705,0,0.009999965317547321
angle,1780513021200389394,2.0299999713897705,0,0.009999965317547321
angle,1780513021210389700,2.0299999713897705,0,0.00999997928738594
angle,1780513021220389912,2.0299999713897705,0,0.00999994296580553
angle,1780513021230389959,2.0299999713897705,0,0.010000006295740604
angle,1780513021240390257,2.0299999713897705,0,0.009999980218708515
angle,1780513021250390931,2.0299999713897705,0,0.009999965317547321
angle,1780513021260390661,2.0299999713897705,0,0.009999996982514858
angle,1780513021270390901,2.0299999713897705,0,0.009999934583902359
angle,1780513021280391331,2.0299999713897705,0,0.009999916888773441
angle,1780513021290391316,2.0299999713897705,0,0.009999946691095829
angle,1780513021300391478,2.0299999713897705,0,0.009999939240515232
angle,1780513021310391719,2.0299999713897705,0,0.009999985806643963
angle,1780513021320392074,2.0299999713897705,0,0.009999990463256836
angle,1780513021330392193,2.0299999713897705,0,0.00999995693564415
angle,1780513021340392763,2.0299999713897705,0,0.009999941103160381
angle,1780513021350392607,2.0299999713897705,0,0.010000000707805157
angle,1780513021360393046,2.0299999713897705,0,0.009999964386224747
angle,1780513021370393318,2.0299999713897705,0,0.009999942034482956
angle,1780513021380393545,2.0299999713897705,0,0.009999909438192844
angle,1780513021390393996,2.0299999713897705,0,0.009999945759773254
angle,1780513021400394334,2.0299999713897705,0,0.009999909438192844
angle,1780513021410394250,2.0299999713897705,0,0.00999996718019247
angle,1780513021420394789,2.0299999713897705,0,0.010000008158385754
angle,1780513021430395035,2.0299999713897705,0,0.009999973699450493
angle,1780513021440395117,2.0299999713897705,0,0.009999972768127918
angle,1780513021450395426,2.0299999713897705,0,0.009999970905482769
angle,1780513021460396864,2.0299999713897705,0,0.010000006295740604
angle,1780513021470396171,2.0299999713897705,0,0.00999990664422512
angle,1780513021480396317,2.0299999713897705,0,0.009999951347708702
angle,1780513021490396646,2.0299999713897705,0,0.00999994482845068
angle,1780513021500396973,2.0299999713897705,0,0.009999973699450493
angle,1780513021510396908,2.0299999713897705,0,0.00999996718019247
angle,1780513021520397450,2.0299999713897705,0,0.009999965317547321
angle,1780513021530397293,2.0299999713897705,0,0.00999994296580553
angle,1780513021540398140,2.0299999713897705,0,0.009999982081353664
angle,1780513021550398174,2.0299999713897705,0,0.009999841451644897
angle,1780513021560398216,2.0299999713897705,0,0.009999974630773067
angle,1780513021570398192,2.0299999713897705,0,0.009999959729611874
angle,1780513021580398521,2.0299999713897705,0,0.009999961592257023
angle,1780513021590398938,2.0299999713897705,0,0.009999970905482769
angle,1780513021600398830,2.0299999713897705,0,0.009999937377870083
angle,1780513021610399151,2.0299999713897705,0,0.00999998115003109
angle,1780513021620399235,2.0299999713897705,0,0.009999970905482769
angle,1780513021630399443,2.0299999713897705,0,0.009999937377870083
angle,1780513021640399798,2.0299999713897705,0,0.009999971836805344
angle,1780513021650400076,2.0299999713897705,0,0.010000001639127731
angle,1780513021660400077,2.0299999713897705,0,0.00999995693564415
angle,1780513021670400368,2.0299999713897705,0,0.009999941103160381
angle,1780513021680400591,2.0299999713897705,0,0.009999968111515045
angle,1780513021690401488,2.0299999713897705,0,0.009999983943998814
angle,1780513021700401284,2.0299999713897705,0,0.009999969974160194
angle,1780513021710402041,2.0299999713897705,0,0.009999977424740791
angle,1780513021720402076,2.0299999713897705,0,0.00999996718019247
angle,1780513021730402473,2.0299999713897705,0,0.010000001639127731
angle,1780513021740402806,2.0299999713897705,0,0.009999985806643963
angle,1780513021750402815,2.0299999713897705,0,0.009999985806643963
angle,1780513021760402928,2.0299999713897705,0,0.009999977424740791
angle,1780513021770403422,2.0299999713897705,0,0.009999964386224747
angle,1780513021780403749,2.0299999713897705,0,0.009999984875321388
angle,1780513021790403969,2.0299999713897705,0,0.009999959729611874
angle,1780513021800403880,2.0299999713897705,0,0.009999927133321762
angle,1780513021810404181,2.0299999713897705,0,0.009999964386224747
angle,1780513021820404299,2.0299999713897705,0,0.010000000707805157
angle,1780513021830405708,2.0299999713897705,0,0.009999955072999
angle,1780513021840412588,2.0299999713897705,0,0.010000050999224186
angle,1780513021850405426,2.0299999713897705,0,0.009999911300837994
angle,1780513021860405554,2.0299999713897705,0,0.009999939240515232
angle,1780513021870406240,2.0299999713897705,0,0.009999966248869896
angle,1780513021880407060,2.0299999713897705,0,0.00999988242983818
angle,1780513021890406979,2.0299999713897705,0,0.009999926201999187
angle,1780513021900406917,2.0299999713897705,0,0.009999880567193031
angle,1780513021910406540,2.0299999713897705,0,0.009999946691095829
angle,1780513021920406743,2.0299999713897705,0,0.01000000536441803
angle,1780513021930410112,2.0299999713897705,0,0.009999941103160381
angle,1780513021940410669,2.0299999713897705,0,0.009999994188547134
angle,1780513021950410526,2.0299999713897705,0,0.009999995119869709
angle,1780513021960417078,2.0299999713897705,0,0.009999983012676239
angle,1780513021970420448,2.0299999713897705,0,0.009993525221943855
angle,1780513021980420103,2.0299999713897705,0,0.0099998963996768
angle,1780513021990419222,2.0299999713897705,0,0.010000034235417843
angle,1780513022000419195,2.0299999713897705,0,0.009999869391322136
angle,1780513022010419366,2.0299999713897705,0,0.00999997928738594
angle,1780513022020419246,2.0299999713897705,0,0.009999985806643963
angle,1780513022030419599,2.0299999713897705,0,0.00999999325722456
angle,1780513022040420274,2.0299999713897705,0,0.009999939240515232
angle,1780513022050421212,2.0299999713897705,0,0.009999890811741352
angle,1780513022060420445,2.0299999713897705,0,0.009999910369515419
angle,1780513022070420518,2.0299999713897705,0,0.009999988600611687
angle,1780513022080420722,2.0299999713897705,0,0.009999955072999
angle,1780513022090421579,2.0299999713897705,0,0.009999996982514858
angle,1780513022100421260,2.0299999713897705,0,0.009999927133321762
angle,1780513022110421363,2.0299999713897705,0,0.00999999325722456
angle,1780513022120421514,2.0299999713897705,0,0.009999934583902359
angle,1780513022130422151,2.0299999713897705,0,0.009999965317547321
angle,1780513022140421918,2.0299999713897705,0,0.010000010021030903
angle,1780513022150422213,2.0299999713897705,0,0.00999994482845068
angle,1780513022160422199,2.0299999713897705,0,0.009999975562095642
angle,1780513022170422548,2.0299999713897705,0,0.009999985806643963
angle,1780513022180422825,2.0299999713897705,0,0.009999988600611687
angle,1780513022190423667,2.0299999713897705,0,0.010000045411288738
angle,1780513022200423493,2.0299999713897705,0,0.00999991875141859
angle,1780513022210423614,2.0299999713897705,0,0.009999959729611874
angle,1780513022220424316,2.0299999713897705,0,0.009999957866966724
angle,1780513022230424307,2.0299999713897705,0,0.00999998115003109
angle,1780513022240424357,2.0299999713897705,0,0.009999948553740978
angle,1780513022250424530,2.0299999713897705,0,0.009999938309192657
angle,1780513022260424702,2.0299999713897705,0,0.009999975562095642
angle,1780513022270424897,2.0299999713897705,0,0.009999970905482769
angle,1780513022280425203,2.0299999713897705,0,0.009999961592257023
angle,1780513022290425392,2.0299999713897705,0,0.009999939240515232
angle,1780513022300425486,2.0299999713897705,0,0.010000008158385754
angle,1780513022310425642,2.0299999713897705,0,0.009999945759773254
angle,1780513022320426095,2.0299999713897705,0,0.009999957866966724
angle,1780513022330425917,2.0299999713897705,0,0.009999960660934448
angle,1780513022340426256,2.0299999713897705,0,0.009999969974160194
angle,1780513022350426546,2.0299999713897705,0,0.009999994188547134
angle,1780513022360426958,2.0299999713897705,0,0.009999969974160194
angle,1780513022370427099,2.0299999713897705,0,0.009999934583902359
angle,1780513022380427203,2.0299999713897705,0,0.009999980218708515
angle,1780513022390427542,2.0299999713897705,0,0.01000000536441803
angle,1780513022400428104,2.0299999713897705,0,0.009999992325901985
angle,1780513022410428127,2.0299999713897705,0,0.010000007227063179
angle,1780513022420428209,2.0299999713897705,0,0.009999945759773254
angle,1780513022430428599,2.0299999713897705,0,0.00999999325722456
angle,1780513022440429140,2.0299999713897705,0,0.009999975562095642
angle,1780513022450429383,2.0299999713897705,0,0.009999911300837994
angle,1780513022460429294,2.0299999713897705,0,0.009999943897128105
angle,1780513022470429390,2.0299999713897705,0,0.00999997928738594
angle,1780513022480429559,2.0299999713897705,0,0.009999961592257023
angle,1780513022490430012,2.0299999713897705,0,0.009999980218708515
angle,1780513022500430262,2.0299999713897705,0,0.009999925270676613
angle,1780513022510430354,2.0299999713897705,0,0.009999965317547321
angle,1780513022520430739,2.0299999713897705,0,0.009999958798289299
angle,1780513022530430896,2.0299999713897705,0,0.009999957866966724
angle,1780513022540431615,2.0299999713897705,0,0.009999940171837807
angle,1780513022550431244,2.0299999713897705,0,0.00999993272125721
angle,1780513022560431456,2.0299999713897705,0,0.009999945759773254
angle,1780513022570431716,2.0299999713897705,0,0.009999996051192284
angle,1780513022580432214,2.0299999713897705,0,0.009999966248869896
angle,1780513022590432256,2.0299999713897705,0,0.009999997913837433
angle,1780513022600432439,2.0299999713897705,0,0.00999995693564415
angle,1780513022610432456,2.0299999713897705,0,0.009999939240515232
angle,1780513022620432763,2.0299999713897705,0,0.009999994188547134
angle,1780513022630433317,2.0299999713897705,0,0.00999995693564415
angle,1780513022640433523,2.0299999713897705,0,0.009999939240515232
angle,1780513022650433446,2.0299999713897705,0,0.00999988429248333
angle,1780513022660433672,2.0299999713897705,0,0.00999999325722456
angle,1780513022670434214,2.0299999713897705,0,0.009999972768127918
angle,1780513022680434213,2.0299999713897705,0,0.010000001639127731
angle,1780513022690434546,2.0299999713897705,0,0.00999999139457941
angle,1780513022700434822,2.0299999713897705,0,0.009999963454902172
angle,1780513022710434997,2.0299999713897705,0,0.00999999139457941
angle,1780513022720435754,2.0299999713897705,0,0.009999954141676426
angle,1780513022730435379,2.0299999713897705,0,0.009999957866966724
angle,1780513022740435917,2.0299999713897705,0,0.009999977424740791
angle,1780513022750436044,2.0299999713897705,0,0.009999965317547321
angle,1780513022760436372,2.0299999713897705,0,0.00999998115003109
angle,1780513022770436264,2.0299999713897705,0,0.009999997913837433
angle,1780513022780436612,2.0299999713897705,0,0.009999934583902359
angle,1780513022790436890,2.0299999713897705,0,0.009999954141676426
angle,1780513022800437291,2.0299999713897705,0,0.009999984875321388
angle,1780513022810437472,2.0299999713897705,0,0.009999972768127918
angle,1780513022820437452,2.0299999713897705,0,0.009999987669289112
angle,1780513022830437781,2.0299999713897705,0,0.010000002570450306
angle,1780513022840439797,2.0299999713897705,0,0.00999996904283762
angle,1780513022850440323,2.0299999713897705,0,0.009999842382967472
angle,1780513022860440359,2.0299999713897705,0,0.009999901056289673
angle,1780513022870439048,2.0299999713897705,0,0.009999898262321949
angle,1780513022880438935,2.0299999713897705,0,0.00999991875141859
angle,1780513022890439403,2.0299999713897705,0,0.009999939240515232
angle,1780513022900439698,2.0299999713897705,0,0.009999966248869896
angle,1780513022910439365,2.0299999713897705,0,0.009999973699450493
angle,1780513022920439697,2.0299999713897705,0,0.009999971836805344
angle,1780513022930440312,2.0299999713897705,0,0.009999973699450493
angle,1780513022940441018,2.0299999713897705,0,0.009999946691095829
angle,1780513022950440600,2.0299999713897705,0,0.00999989453703165
angle,1780513022960440854,2.0299999713897705,0,0.009999973699450493
angle,1780513022970442225,2.0299999713897705,0,0.009999963454902172
angle,1780513022980441119,2.0299999713897705,0,0.009999900124967098
angle,1780513022990441457,2.0299999713897705,0,0.00999996904283762
angle,1780513023000441784,2.0299999713897705,0,0.009999874979257584
angle,1780513023010442238,2.0299999713897705,0,0.009999891743063927
angle,1780513023020442485,2.0299999713897705,0,0.009999886155128479
angle,1780513023030442369,2.0299999713897705,0,0.009999988600611687
angle,1780513023040442439,2.0299999713897705,0,0.009999983943998814
angle,1780513023050444303,2.0299999713897705,0,0.009999942034482956
angle,1780513023060443045,2.0299999713897705,0,0.009999887086451054
angle,1780513023070443314,2.0299999713897705,0,0.010000007227063179
angle,1780513023080443525,2.0299999713897705,0,0.009999983012676239
angle,1780513023090443660,2.0299999713897705,0,0.010000008158385754
angle,1780513023100444323,2.0299999713897705,0,0.009999960660934448
angle,1780513023110444506,2.0299999713897705,0,0.010000007227063179
angle,1780513023120444697,2.0299999713897705,0,0.009999999776482582
angle,1780513023130444990,2.0299999713897705,0,0.009999937377870083
angle,1780513023140445114,2.0299999713897705,0,0.009999951347708702
angle,1780513023150445872,2.0299999713897705,0,0.00999996904283762
angle,1780513023160445795,2.0299999713897705,0,0.009999986737966537
angle,1780513023170445991,2.0299999713897705,0,0.009999983012676239
angle,1780513023180446245,2.0299999713897705,0,0.009999980218708515
angle,1780513023190446393,2.0299999713897705,0,0.009999971836805344
angle,1780513023200446993,2.0299999713897705,0,0.009999931789934635
angle,1780513023210447074,2.0299999713897705,0,0.009999988600611687
angle,1780513023220447563,2.0299999713897705,0,0.009999986737966537
angle,1780513023230447627,2.0299999713897705,0,0.009999987669289112
angle,1780513023240448012,2.0299999713897705,0,0.009999941103160381
angle,1780513023250448093,2.0299999713897705,0,0.00999994296580553
angle,1780513023260448320,2.0299999713897705,0,0.010000000707805157
angle,1780513023270448452,2.0299999713897705,0,0.009999950416386127
angle,1780513023280449001,2.0299999713897705,0,0.00999999325722456
angle,1780513023290449260,2.0299999713897705,0,0.009999994188547134
angle,1780513023301922836,2.0299999713897705,0,0.011473004706203938
angle,1780513023311923531,2.0299999713897705,0,0.009999931789934635
angle,1780513023321923168,2.0299999713897705,0,0.009999988600611687
angle,1780513023331923493,2.0299999713897705,0,0.010000007227063179
angle,1780513023341924247,2.0299999713897705,0,0.009999995119869709
angle,1780513023351924495,2.0299999713897705,0,0.009999986737966537
angle,1780513023361924770,2.0299999713897705,0,0.01000001560896635
angle,1780513023371924977,2.0299999713897705,0,0.009999972768127918
angle,1780513023381925082,2.0299999713897705,0,0.00999994482845068
angle,1780513023391925902,2.0299999713897705,0,0.010000008158385754
angle,1780513023401926244,2.0299999713897705,0,0.010000000707805157
angle,1780513023411926236,2.0299999713897705,0,0.009999961592257023
angle,1780513023421926284,2.0299999713897705,0,0.009999975562095642
angle,1780513023431926981,2.0299999713897705,0,0.009999971836805344
angle,1780513023441926760,2.0299999713897705,0,0.009999933652579784
angle,1780513023451927161,2.0299999713897705,0,0.009999943897128105
angle,1780513023461927182,2.0299999713897705,0,0.009999964386224747
angle,1780513023471927824,2.0299999713897705,0,0.01000000536441803
angle,1780513023481927931,2.0299999713897705,0,0.009999965317547321
angle,1780513023491928591,2.0299999713897705,0,0.009999971836805344
angle,1780513023501928291,2.0299999713897705,0,0.009999833069741726
angle,1780513023511928241,2.0299999713897705,0,0.009999947622418404
angle,1780513023521928692,2.0299999713897705,0,0.009999946691095829
angle,1780513023531928710,2.0299999713897705,0,0.009999934583902359
angle,1780513023541929105,2.0299999713897705,0,0.009999998845160007
angle,1780513023551929126,2.0299999713897705,0,0.009999963454902172
angle,1780513023561929593,2.0299999713897705,0,0.009999948553740978
angle,1780513023571929498,2.0299999713897705,0,0.009999954141676426
angle,1780513023581929596,2.0299999713897705,0,0.009999939240515232
angle,1780513023591929910,2.0299999713897705,0,0.009999958798289299
angle,1780513023601930611,2.0299999713897705,0,0.009999969974160194
angle,1780513023611930120,2.0299999713897705,0,0.009999919682741165
angle,1780513023621930576,2.0299999713897705,0,0.010000009089708328
angle,1780513023631930701,2.0299999713897705,0,0.00999997928738594
angle,1780513023641931019,2.0299999713897705,0,0.009999954141676426
angle,1780513023651931451,2.0299999713897705,0,0.00999999139457941
angle,1780513023661931432,2.0299999713897705,0,0.009999888017773628
angle,1780513023671931988,2.0299999713897705,0,0.009999992325901985
angle,1780513023681931828,2.0299999713897705,0,0.009999986737966537
angle,1780513023691932086,2.0299999713897705,0,0.009999963454902172
angle,1780513023701932417,2.0299999713897705,0,0.009999951347708702
angle,1780513023713724683,2.0299999713897705,0,0.011791805736720562
angle,1780513023723725178,2.0299999713897705,0,0.009999936446547508
angle,1780513023733725499,2.0299999713897705,0,0.009999983012676239
angle,1780513023743725630,2.0299999713897705,0,0.009999985806643963
angle,1780513023753726056,2.0299999713897705,0,0.010000004433095455
angle,1780513023763726212,2.0299999713897705,0,0.00999993085861206
angle,1780513023773726364,2.0299999713897705,0,0.00999990664422512
angle,1780513023783726766,2.0299999713897705,0,0.00999997928738594
angle,1780513023793726991,2.0299999713897705,0,0.009999911300837994
angle,1780513023803727198,2.0299999713897705,0,0.009999986737966537
angle,1780513023813727462,2.0299999713897705,0,0.009999904781579971
angle,1780513023823727539,2.0299999713897705,0,0.009999995119869709
angle,1780513023833727674,2.0299999713897705,0,0.009999940171837807
angle,1780513023843727911,2.0299999713897705,0,0.010000000707805157
angle,1780513023853728687,2.0299999713897705,0,0.00999997928738594
angle,1780513023863728538,2.0299999713897705,0,0.00999985821545124
angle,1780513023873728724,2.0299999713897705,0,0.00999998115003109
angle,1780513023883729030,2.0299999713897705,0,0.009999968111515045
angle,1780513023893729575,2.0299999713897705,0,0.009999901987612247
angle,1780513023903729863,2.0299999713897705,0,0.009999985806643963
angle,1780513023913730091,2.0299999713897705,0,0.009999996051192284
angle,1780513023923730380,2.0299999713897705,0,0.009999933652579784
angle,1780513023933732536,2.0299999713897705,0,0.00999999325722456
angle,1780513023943730958,2.0299999713897705,0,0.009999921545386314
angle,1780513023953731657,2.0299999713897705,0,0.009999995119869709
angle,1780513023963732496,2.0299999713897705,0,0.009999954141676426
angle,1780513023973732869,2.0299999713897705,0,0.009999883361160755
angle,1780513023983732296,2.0299999713897705,0,0.009999933652579784
angle,1780513023993732119,2.0299999713897705,0,0.009999985806643963
angle,1780513024003732744,2.0299999713897705,0,0.009999986737966537
angle,1780513024013732846,2.0299999713897705,0,0.009999941103160381
angle,1780513024023732744,2.0299999713897705,0,0.009999982081353664
angle,1780513024033733036,2.0299999713897705,0,0.009999968111515045
angle,1780513024043733568,2.0299999713897705,0,0.009999963454902172
angle,1780513024053735003,2.0299999713897705,0,0.009999889880418777
angle,1780513024063733787,2.0299999713897705,0,0.009999865666031837
angle,1780513024073734583,2.0299999713897705,0,0.009999985806643963
angle,1780513024083734126,2.0299999713897705,0,0.009999892674386501
angle,1780513024093734730,2.0299999713897705,0,0.009999964386224747
angle,1780513024103734839,2.0299999713897705,0,0.009999980218708515
angle,1780513024113735186,2.0299999713897705,0,0.009999961592257023
angle,1780513024123734975,2.0299999713897705,0,0.010000001639127731
angle,1780513024133735237,2.0299999713897705,0,0.009999985806643963
angle,1780513024143735706,2.0299999713897705,0,0.009999996982514858
angle,1780513024153735847,2.0299999713897705,0,0.01000000536441803
angle,1780513024163735911,2.0299999713897705,0,0.00999994482845068
angle,1780513024173736066,2.0299999713897705,0,0.00999998115003109
angle,1780513024183736411,2.0299999713897705,0,0.010000001639127731
angle,1780513024193736791,2.0299999713897705,0,0.009999996051192284
angle,1780513024203737465,2.0299999713897705,0,0.009999947622418404
angle,1780513024213737125,2.0299999713897705,0,0.009999939240515232
angle,1780513024223737435,2.0299999713897705,0,0.009999988600611687
angle,1780513024233737692,2.0299999713897705,0,0.009999996982514858
angle,1780513024243738307,2.0299999713897705,0,0.009999958798289299
angle,1780513024253738155,2.0299999713897705,0,0.009999954141676426
angle,1780513024263738424,2.0299999713897705,0,0.009999916888773441
angle,1780513024273738490,2.0299999713897705,0,0.009999939240515232
angle,1780513024283738873,2.0299999713897705,0,0.009999980218708515
angle,1780513024293739386,2.0299999713897705,0,0.00999998115003109
angle,1780513024303739362,2.0299999713897705,0,0.010000010021030903
angle,1780513024313739517,2.0299999713897705,0,0.010000007227063179
angle,1780513024323739797,2.0299999713897705,0,0.009999955072999
angle,1780513024333740334,2.0299999713897705,0,0.009999982081353664
angle,1780513024343740345,2.0299999713897705,0,0.009999996051192284
angle,1780513024355664313,2.0299999713897705,0,0.01192338578402996
angle,1780513024365664976,2.0299999713897705,0,0.009999901056289673
angle,1780513024375664805,2.0299999713897705,0,0.009999999776482582
angle,1780513024385665152,2.0299999713897705,0,0.010000007227063179
angle,1780513024395665166,2.0299999713897705,0,0.009999996982514858
angle,1780513024405666043,2.0299999713897705,0,0.009999988600611687
angle,1780513024415665959,2.0299999713897705,0,0.009999974630773067
angle,1780513024425666424,2.0299999713897705,0,0.009999964386224747
angle,1780513024435666530,2.0299999713897705,0,0.009999964386224747
angle,1780513024445666758,2.0299999713897705,0,0.009999953210353851
angle,1780513024455667126,2.0299999713897705,0,0.009999961592257023
angle,1780513024465667258,2.0299999713897705,0,0.009999892674386501
angle,1780513024475667390,2.0299999713897705,0,0.009999956004321575
angle,1780513024485667662,2.0299999713897705,0,0.00999997928738594
angle,1780513024495668021,2.0299999713897705,0,0.009999936446547508
angle,1780513024505667995,2.0299999713897705,0,0.00999994482845068
angle,1780513024515668129,2.0299999713897705,0,0.009999973699450493
angle,1780513024525668428,2.0299999713897705,0,0.009999971836805344
angle,1780513024535668461,2.0299999713897705,0,0.009999968111515045
angle,1780513024545668588,2.0299999713897705,0,0.009999942034482956
angle,1780513024555669552,2.0299999713897705,0,0.009999985806643963
angle,1780513024565669208,2.0299999713897705,0,0.009999934583902359
angle,1780513024575669176,2.0299999713897705,0,0.009999968111515045
angle,1780513024585669912,2.0299999713897705,0,0.009999964386224747
angle,1780513024595669855,2.0299999713897705,0,0.009999957866966724
angle,1780513024605672145,2.0299999713897705,0,0.009999986737966537
angle,1780513024615671690,2.0299999713897705,0,0.009999862872064114
angle,1780513024625670773,2.0299999713897705,0,0.009999886155128479
angle,1780513024635670664,2.0299999713897705,0,0.009999942034482956
angle,1780513024645671006,2.0299999713897705,0,0.009999985806643963
angle,1780513024655671296,2.0299999713897705,0,0.009999971836805344
angle,1780513024665671687,2.0299999713897705,0,0.009999923408031464
angle,1780513024675671649,2.0299999713897705,0,0.009999990463256836
angle,1780513024685672136,2.0299999713897705,0,0.009999996051192284
angle,1780513024695672291,2.0299999713897705,0,0.009999941103160381
angle,1780513024705672391,2.0299999713897705,0,0.009999954141676426
angle,1780513024715672673,2.0299999713897705,0,0.009999986737966537
angle,1780513024725673002,2.0299999713897705,0,0.009999977424740791
angle,1780513024735673099,2.0299999713897705,0,0.009999971836805344
angle,1780513024745673279,2.0299999713897705,0,0.009999950416386127
angle,1780513024755674380,2.0299999713897705,0,0.009999942034482956
angle,1780513024765674128,2.0299999713897705,0,0.009999950416386127
angle,1780513024775674045,2.0299999713897705,0,0.00999999139457941
angle,1780513024785674475,2.0299999713897705,0,0.009999961592257023
angle,1780513024797649703,2.0299999713897705,0,0.011974911205470562
angle,1780513024807650383,2.0299999713897705,0,0.009999986737966537
angle,1780513024817650436,2.0299999713897705,0,0.009999909438192844
angle,1780513024827650540,2.0299999713897705,0,0.00999996718019247
angle,1780513024837650862,2.0299999713897705,0,0.009999952279031277
angle,1780513024847651167,2.0299999713897705,0,0.01000000536441803
angle,1780513024857651374,2.0299999713897705,0,0.009999943897128105
angle,1780513024867651624,2.0299999713897705,0,0.009999992325901985
angle,1780513024877651903,2.0299999713897705,0,0.009999994188547134
angle,1780513024887652891,2.0299999713897705,0,0.009999956004321575
angle,1780513024897652270,2.0299999713897705,0,0.00999996904283762
angle,1780513024907652552,2.0299999713897705,0,0.009999968111515045
angle,1780513024917652753,2.0299999713897705,0,0.009999917820096016
angle,1780513024927653240,2.0299999713897705,0,0.010000006295740604
angle,1780513024937653392,2.0299999713897705,0,0.009999998845160007
angle,1780513024947653501,2.0299999713897705,0,0.010000000707805157
angle,1780513024957654146,2.0299999713897705,0,0.009999980218708515
angle,1780513024967655339,2.0299999713897705,0,0.009999874979257584
angle,1780513024977654464,2.0299999713897705,0,0.009999866597354412
angle,1780513024987654707,2.0299999713897705,0,0.009999987669289112
angle,1780513024997654988,2.0299999713897705,0,0.010000006295740604
angle,1780513025007655430,2.0299999713897705,0,0.009999995119869709
angle,1780513025017655724,2.0299999713897705,0,0.009999964386224747
angle,1780513025027655565,2.0299999713897705,0,0.009999956004321575
angle,1780513025037655915,2.0299999713897705,0,0.009999987669289112
angle,1780513025047656130,2.0299999713897705,0,0.010000000707805157
angle,1780513025057658391,2.0299999713897705,0,0.009999955072999
angle,1780513025067656858,2.0299999713897705,0,0.009999865666031837
angle,1780513025077657248,2.0299999713897705,0,0.00999999139457941
angle,1780513025087657201,2.0299999713897705,0,0.010000004433095455
angle,1780513025097657365,2.0299999713897705,0,0.009999939240515232
angle,1780513025107657988,2.0299999713897705,0,0.00999994296580553
angle,1780513025117657877,2.0299999713897705,0,0.009999841451644897
angle,1780513025127657985,2.0299999713897705,0,0.009999964386224747
angle,1780513025137658255,2.0299999713897705,0,0.009999971836805344
angle,1780513025147658846,2.0299999713897705,0,0.009999984875321388
angle,1780513025157659755,2.0299999713897705,0,0.00999999325722456
angle,1780513025167659220,2.0299999713897705,0,0.00999996904283762
angle,1780513025177659422,2.0299999713897705,0,0.009999988600611687
angle,1780513025187659702,2.0299999713897705,0,0.009999968111515045
angle,1780513025197660327,2.0299999713897705,0,0.009999982081353664
angle,1780513025207660399,2.0299999713897705,0,0.009999994188547134
angle,1780513025217661158,2.0299999713897705,0,0.009999975562095642
angle,1780513025227660908,2.0299999713897705,0,0.009999909438192844
angle,1780513025237661269,2.0299999713897705,0,0.009999963454902172
angle,1780513025247661466,2.0299999713897705,0,0.009999974630773067
angle,1780513025257662023,2.0299999713897705,0,0.009999936446547508
angle,1780513025267661967,2.0299999713897705,0,0.009999861009418964
angle,1780513025277662125,2.0299999713897705,0,0.009999961592257023
angle,1780513025287663025,2.0299999713897705,0,0.009999978356063366
angle,1780513025297662633,2.0299999713897705,0,0.009999959729611874
angle,1780513025307663006,2.0299999713897705,0,0.009999978356063366
angle,1780513025317663096,2.0299999713897705,0,0.009999975562095642
angle,1780513025327663602,2.0299999713897705,0,0.009999978356063366
angle,1780513025337663873,2.0299999713897705,0,0.009999945759773254
angle,1780513025347664521,2.0299999713897705,0,0.009999940171837807
angle,1780513025357664513,2.0299999713897705,0,0.009999893605709076
angle,1780513025367664784,2.0299999713897705,0,0.009999933652579784
angle,1780513025377665061,2.0299999713897705,0,0.009999862872064114
angle,1780513025387665003,2.0299999713897705,0,0.010000002570450306
angle,1780513025397665184,2.0299999713897705,0,0.010000002570450306
angle,1780513025407665431,2.0299999713897705,0,0.009999980218708515
angle,1780513025417666254,2.0299999713897705,0,0.009999983943998814
angle,1780513025427666219,2.0299999713897705,0,0.00999994296580553
angle,1780513025437666463,2.0299999713897705,0,0.00999995693564415
angle,1780513025447666689,2.0299999713897705,0,0.009999996982514858
angle,1780513025457666870,2.0299999713897705,0,0.009999972768127918
angle,1780513025467667595,2.0299999713897705,0,0.009999996982514858
angle,1780513025477667276,2.0299999713897705,0,0.009999938309192657
angle,1780513025487667928,2.0299999713897705,0,0.009999970905482769
angle,1780513025497669137,2.0299999713897705,0,0.009999987669289112
angle,1780513025507668449,2.0299999713897705,0,0.009999941103160381
angle,1780513025517668316,2.0299999713897705,0,0.009999969974160194
angle,1780513025527668585,2.0299999713897705,0,0.00999998115003109
angle,1780513025537668610,2.0299999713897705,0,0.009999992325901985
angle,1780513025547668817,2.0299999713897705,0,0.009999959729611874
angle,1780513025557669810,2.0299999713897705,0,0.009999973699450493
angle,1780513025567669409,2.0299999713897705,0,0.009999915957450867
angle,1780513025577669435,2.0299999713897705,0,0.009999940171837807
angle,1780513025587669647,2.0299999713897705,0,0.009999951347708702
angle,1780513025597670459,2.0299999713897705,0,0.010000014677643776
angle,1780513025607674119,2.0299999713897705,0,0.009999977424740791
angle,1780513025617671079,2.0299999713897705,0,0.010000008158385754
angle,1780513025627670773,2.0299999713897705,0,0.010000001639127731
angle,1780513025637670965,2.0299999713897705,0,0.009999992325901985
angle,1780513025647671524,2.0299999713897705,0,0.009999945759773254
angle,1780513025657674968,2.0299999713897705,0,0.009999947622418404
angle,1780513025667672122,2.0299999713897705,0,0.009999997913837433
angle,1780513025677671972,2.0299999713897705,0,0.009999904781579971
angle,1780513025687672010,2.0299999713897705,0,0.009999934583902359
angle,1780513025697672604,2.0299999713897705,0,0.009999960660934448
angle,1780513025707674405,2.0299999713897705,0,0.010000010021030903
angle,1780513025717674544,2.0299999713897705,0,0.009999853558838367
angle,1780513025727673551,2.0299999713897705,0,0.009999938309192657
angle,1780513025737673781,2.0299999713897705,0,0.009999983943998814
angle,1780513025747673750,2.0299999713897705,0,0.009999988600611687
angle,1780513025757673978,2.0299999713897705,0,0.009999990463256836
angle,1780513025767674118,2.0299999713897705,0,0.009999937377870083
angle,1780513025777674507,2.0299999713897705,0,0.009999969974160194
angle,1780513025787674762,2.0299999713897705,0,0.009999950416386127
angle,1780513025797675027,2.0299999713897705,0,0.009999996982514858
angle,1780513025807675109,2.0299999713897705,0,0.009999990463256836
angle,1780513025817675598,2.0299999713897705,0,0.009999945759773254
angle,1780513025827675596,2.0299999713897705,0,0.009999996051192284
angle,1780513025837676100,2.0299999713897705,0,0.009999959729611874
angle,1780513025847676467,2.0299999713897705,0,0.009999942034482956
angle,1780513025857678436,2.0299999713897705,0,0.009999942034482956
angle,1780513025867676712,2.0299999713897705,0,0.009999978356063366
angle,1780513025877677724,2.0299999713897705,0,0.010000000707805157
angle,1780513025887677260,2.0299999713897705,0,0.010000024922192097
angle,1780513025897677199,2.0299999713897705,0,0.009999890811741352
angle,1780513025907677527,2.0299999713897705,0,0.009999938309192657
angle,1780513025917677788,2.0299999713897705,0,0.009999954141676426
angle,1780513025927678176,2.0299999713897705,0,0.010000004433095455
angle,1780513025937678579,2.0299999713897705,0,0.010000007227063179
angle,1780513025947678255,2.0299999713897705,0,0.009999950416386127
angle,1780513025957678792,2.0299999713897705,0,0.009999995119869709
angle,1780513025967680203,2.0299999713897705,0,0.009999968111515045
angle,1780513025977681015,2.0299999713897705,0,0.009999919682741165
angle,1780513025987679598,2.0299999713897705,0,0.009999889880418777
angle,1780513025997680133,2.0299999713897705,0,0.00999997928738594
angle,1780513026007680123,2.0299999713897705,0,0.009999968111515045
angle,1780513026017680474,2.0299999713897705,0,0.009999938309192657
angle,1780513026027680456,2.0299999713897705,0,0.010000002570450306
angle,1780513026037680669,2.0299999713897705,0,0.009999986737966537
angle,1780513026047680960,2.0299999713897705,0,0.009999997913837433
angle,1780513026057682645,2.0299999713897705,0,0.009999936446547508
angle,1780513026067682059,2.0299999713897705,0,0.009999940171837807
angle,1780513026077682180,2.0299999713897705,0,0.009999866597354412
angle,1780513026087681998,2.0299999713897705,0,0.00999996904283762
angle,1780513026097682438,2.0299999713897705,0,0.010000006295740604
angle,1780513026107682484,2.0299999713897705,0,0.009999937377870083
angle,1780513026117682688,2.0299999713897705,0,0.009999963454902172
angle,1780513026127682747,2.0299999713897705,0,0.009999983012676239
angle,1780513026137683010,2.0299999713897705,0,0.009999934583902359
angle,1780513026147683263,2.0299999713897705,0,0.009999959729611874
angle,1780513026157683414,2.0299999713897705,0,0.009999966248869896
angle,1780513026167684226,2.0299999713897705,0,0.009999983943998814
angle,1780513026177683857,2.0299999713897705,0,0.009999880567193031
angle,1780513026187683941,2.0299999713897705,0,0.009999947622418404
angle,1780513026197684136,2.0299999713897705,0,0.009999947622418404
angle,1780513026207684627,2.0299999713897705,0,0.009999951347708702
angle,1780513026217685051,2.0299999713897705,0,0.009999986737966537
angle,1780513026227685126,2.0299999713897705,0,0.009999941103160381
angle,1780513026237685375,2.0299999713897705,0,0.009999975562095642
angle,1780513026247685532,2.0299999713897705,0,0.009999940171837807
angle,1780513026257686988,2.0299999713897705,0,0.00999999139457941
angle,1780513026267686242,2.0299999713897705,0,0.00999999139457941
angle,1780513026277686357,2.0299999713897705,0,0.00999994482845068
angle,1780513026287686750,2.0299999713897705,0,0.009999961592257023
angle,1780513026297687045,2.0299999713897705,0,0.010000007227063179
angle,1780513026307687125,2.0299999713897705,0,0.010000001639127731
angle,1780513026317687279,2.0299999713897705,0,0.009999971836805344
angle,1780513026327687505,2.0299999713897705,0,0.00999997928738594
angle,1780513026337687920,2.0299999713897705,0,0.009999983943998814
angle,1780513026347688157,2.0299999713897705,0,0.009999942034482956
angle,1780513026357688444,2.0299999713897705,0,0.009999956004321575
angle,1780513026367689011,2.0299999713897705,0,0.009999978356063366
angle,1780513026377689047,2.0299999713897705,0,0.00999993272125721
angle,1780513026387689873,2.0299999713897705,0,0.010000028647482395
angle,1780513026397689461,2.0299999713897705,0,0.009999914094805717
angle,1780513026407689764,2.0299999713897705,0,0.009999997913837433
angle,1780513026417690490,2.0299999713897705,0,0.009999966248869896
angle,1780513026427690107,2.0299999713897705,0,0.009999879635870457
angle,1780513026437690351,2.0299999713897705,0,0.010000007227063179
angle,1780513026447690769,2.0299999713897705,0,0.009999978356063366
angle,1780513026457692225,2.0299999713897705,0,0.009999997913837433
angle,1780513026467691323,2.0299999713897705,0,0.00999989453703165
angle,1780513026477691379,2.0299999713897705,0,0.00999996718019247
angle,1780513026487691932,2.0299999713897705,0,0.009999954141676426
angle,1780513026497692195,2.0299999713897705,0,0.00999993272125721
angle,1780513026507692570,2.0299999713897705,0,0.00999989453703165
angle,1780513026517692383,2.0299999713897705,0,0.00999995693564415
angle,1780513026527692588,2.0299999713897705,0,0.009999990463256836
angle,1780513026537692689,2.0299999713897705,0,0.009999975562095642
angle,1780513026547692833,2.0299999713897705,0,0.00999999325722456
angle,1780513026557693442,2.0299999713897705,0,0.009999969974160194
angle,1780513026567693801,2.0299999713897705,0,0.00999998115003109
angle,1780513026577693773,2.0299999713897705,0,0.009999983012676239
angle,1780513026587694054,2.0299999713897705,0,0.010000009089708328
angle,1780513026597694496,2.0299999713897705,0,0.009999959729611874
angle,1780513026607694457,2.0299999713897705,0,0.010000008158385754
angle,1780513026617694976,2.0299999713897705,0,0.009999999776482582
angle,1780513026627695056,2.0299999713897705,0,0.00999999139457941
angle,1780513026637695316,2.0299999713897705,0,0.009999956004321575
angle,1780513026647695772,2.0299999713897705,0,0.009999934583902359
angle,1780513026657695948,2.0299999713897705,0,0.01000000536441803
angle,1780513026667696132,2.0299999713897705,0,0.009999970905482769
angle,1780513026677696767,2.0299999713897705,0,0.010000012814998627
angle,1780513026687697012,2.0299999713897705,0,0.009999946691095829
angle,1780513026697697034,2.0299999713897705,0,0.009999960660934448
angle,1780513026707697501,2.0299999713897705,0,0.009999983012676239
angle,1780513026717697434,2.0299999713897705,0,0.00999996718019247
angle,1780513026727697915,2.0299999713897705,0,0.010000006295740604
angle,1780513026737698115,2.0299999713897705,0,0.009999942034482956
angle,1780513026747698450,2.0299999713897705,0,0.009999971836805344
angle,1780513026757698547,2.0299999713897705,0,0.009999941103160381
angle,1780513026767698706,2.0299999713897705,0,0.009999999776482582
angle,1780513026777698951,2.0299999713897705,0,0.009999934583902359
angle,1780513026787699058,2.0299999713897705,0,0.00999996718019247
angle,1780513026797699176,2.0299999713897705,0,0.009999941103160381
angle,1780513026807699465,2.0299999713897705,0,0.009999956004321575
angle,1780513026817699964,2.0299999713897705,0,0.009999977424740791
angle,1780513026827700014,2.0299999713897705,0,0.009999984875321388
angle,1780513026837699899,2.0299999713897705,0,0.009999983943998814
angle,1780513026847702858,2.0299999713897705,0,0.009999927133321762
angle,1780513026857702001,2.0299999713897705,0,0.009999919682741165
angle,1780513026867700893,2.0299999713897705,0,0.009999544359743595
angle,1780513026877700919,2.0299999713897705,0,0.009999947622418404
angle,1780513026887701670,2.0299999713897705,0,0.009999997913837433
angle,1780513026897701241,2.0299999713897705,0,0.009999940171837807
angle,1780513026907701477,2.0299999713897705,0,0.009999983012676239
angle,1780513026917701714,2.0299999713897705,0,0.00999994296580553
angle,1780513026927702349,2.0299999713897705,0,0.009999954141676426
angle,1780513026937702756,2.0299999713897705,0,0.009999943897128105
angle,1780513026947702320,2.0299999713897705,0,0.009999945759773254
angle,1780513026957702546,2.0299999713897705,0,0.009999954141676426
angle,1780513026967703873,2.0299999713897705,0,0.009999950416386127
angle,1780513026977703812,2.0299999713897705,0,0.009999905712902546
angle,1780513026987703307,2.0299999713897705,0,0.009999926201999187
angle,1780513026997703481,2.0299999713897705,0,0.009999943897128105
angle,1780513027007703976,2.0299999713897705,0,0.009999940171837807
angle,1780513027017704139,2.0299999713897705,0,0.009999953210353851
angle,1780513027027704116,2.0299999713897705,0,0.009999985806643963
angle,1780513027037704478,2.0299999713897705,0,0.00999996904283762
angle,1780513027047704595,2.0299999713897705,0,0.009999966248869896
angle,1780513027057705893,2.0299999713897705,0,0.009999974630773067
angle,1780513027067705417,2.0299999713897705,0,0.009999915957450867
angle,1780513027077705258,2.0299999713897705,0,0.009999893605709076
angle,1780513027087705883,2.0299999713897705,0,0.009999985806643963
angle,1780513027097705698,2.0299999713897705,0,0.009999972768127918
angle,1780513027107705919,2.0299999713897705,0,0.009999936446547508
angle,1780513027117706165,2.0299999713897705,0,0.009999986737966537
angle,1780513027127707326,2.0299999713897705,0,0.009999973699450493
angle,1780513027137706641,2.0299999713897705,0,0.009999875910580158
angle,1780513027147706670,2.0299999713897705,0,0.009999961592257023
angle,1780513027157707003,2.0299999713897705,0,0.009999956004321575
angle,1780513027167707953,2.0299999713897705,0,0.010000013746321201
angle,1780513027177708029,2.0299999713897705,0,0.00999993085861206
angle,1780513027187708042,2.0299999713897705,0,0.00999999325722456
angle,1780513027197708339,2.0299999713897705,0,0.009999994188547134
angle,1780513027207708420,2.0299999713897705,0,0.00999994482845068
angle,1780513027217708963,2.0299999713897705,0,0.009999963454902172
angle,1780513027227708867,2.0299999713897705,0,0.009999936446547508
angle,1780513027237708859,2.0299999713897705,0,0.009999947622418404
angle,1780513027247709228,2.0299999713897705,0,0.009999995119869709
angle,1780513027257709536,2.0299999713897705,0,0.009999999776482582
angle,1780513027267709790,2.0299999713897705,0,0.009999977424740791
angle,1780513027277710291,2.0299999713897705,0,0.009999983943998814
angle,1780513027287710429,2.0299999713897705,0,0.009999974630773067
angle,1780513027297711154,2.0299999713897705,0,0.009999943897128105
angle,1780513027307711130,2.0299999713897705,0,0.00999995693564415
angle,1780513027317711144,2.0299999713897705,0,0.009999948553740978
angle,1780513027327711483,2.0299999713897705,0,0.009999964386224747
angle,1780513027337711618,2.0299999713897705,0,0.009999880567193031
angle,1780513027347712307,2.0299999713897705,0,0.009999966248869896
angle,1780513027357712214,2.0299999713897705,0,0.00999999139457941
angle,1780513027367712456,2.0299999713897705,0,0.009999961592257023
angle,1780513027377712631,2.0299999713897705,0,0.00999997928738594
angle,1780513027387712969,2.0299999713897705,0,0.009999996982514858
angle,1780513027397713314,2.0299999713897705,0,0.009999966248869896
angle,1780513027407713432,2.0299999713897705,0,0.00999999139457941
angle,1780513027417713536,2.0299999713897705,0,0.009999934583902359
angle,1780513027427714353,2.0299999713897705,0,0.00999997928738594
angle,1780513027437714056,2.0299999713897705,0,0.00999987032264471
angle,1780513027447714371,2.0299999713897705,0,0.009999938309192657
angle,1780513027457714487,2.0299999713897705,0,0.009999950416386127
angle,1780513027467715488,2.0299999713897705,0,0.01000000536441803
angle,1780513027477715402,2.0299999713897705,0,0.009999861009418964
angle,1780513027487715515,2.0299999713897705,0,0.009999972768127918
angle,1780513027497715661,2.0299999713897705,0,0.009999940171837807
angle,1780513027507715770,2.0299999713897705,0,0.009999995119869709
angle,1780513027517715952,2.0299999713897705,0,0.009999984875321388
angle,1780513027527716507,2.0299999713897705,0,0.009999957866966724
angle,1780513027537716310,2.0299999713897705,0,0.009999992325901985
angle,1780513027547716629,2.0299999713897705,0,0.010000006295740604
angle,1780513027557716770,2.0299999713897705,0,0.009999984875321388
angle,1780513027567717166,2.0299999713897705,0,0.009999945759773254
angle,1780513027577717701,2.0299999713897705,0,0.00999996904283762
angle,1780513027587717819,2.0299999713897705,0,0.010000006295740604
angle,1780513027597717867,2.0299999713897705,0,0.009999986737966537
angle,1780513027607718051,2.0299999713897705,0,0.00999999325722456
angle,1780513027617718452,2.0299999713897705,0,0.009999997913837433
angle,1780513027627718780,2.0299999713897705,0,0.010000010021030903
angle,1780513027637718959,2.0299999713897705,0,0.009999996051192284
angle,1780513027647718974,2.0299999713897705,0,0.009999955072999
angle,1780513027657719330,2.0299999713897705,0,0.009999953210353851
angle,1780513027667719612,2.0299999713897705,0,0.009999874979257584
angle,1780513027677719945,2.0299999713897705,0,0.009999965317547321
angle,1780513027687719918,2.0299999713897705,0,0.009999946691095829
angle,1780513027697720426,2.0299999713897705,0,0.009999984875321388
angle,1780513027707720651,2.0299999713897705,0,0.009999982081353664
angle,1780513027717720882,2.0299999713897705,0,0.009999990463256836
angle,1780513027727721279,2.0299999713897705,0,0.00999998115003109
angle,1780513027737721520,2.0299999713897705,0,0.009999964386224747
angle,1780513027747721491,2.0299999713897705,0,0.009999986737966537
angle,1780513027757721998,2.0299999713897705,0,0.010000006295740604
angle,1780513027767722420,2.0299999713897705,0,0.010000002570450306
angle,1780513027777722576,2.0299999713897705,0,0.009999958798289299
angle,1780513027787722935,2.0299999713897705,0,0.009999941103160381
angle,1780513027797722719,2.0299999713897705,0,0.009999995119869709
angle,1780513027807722953,2.0299999713897705,0,0.009999973699450493
angle,1780513027817723073,2.0299999713897705,0,0.009999959729611874
angle,1780513027827723494,2.0299999713897705,0,0.009999996982514858
angle,1780513027837723840,2.0299999713897705,0,0.010000010952353477
angle,1780513027847724617,2.0299999713897705,0,0.009999958798289299
angle,1780513027857724144,2.0299999713897705,0,0.009999950416386127
angle,1780513027867727362,2.0299999713897705,0,0.009999995119869709
angle,1780513027877726653,2.0299999713897705,0,0.009999917820096016
angle,1780513027887726603,2.0299999713897705,0,0.009999849833548069
angle,1780513027897726302,2.0299999713897705,0,0.009999917820096016
angle,1780513027907725444,2.0299999713897705,0,0.009999887086451054
angle,1780513027917725702,2.0299999713897705,0,0.009999977424740791
angle,1780513027927725824,2.0299999713897705,0,0.009999987669289112
angle,1780513027937726287,2.0299999713897705,0,0.009999921545386314
angle,1780513027947726483,2.0299999713897705,0,0.009999983012676239
angle,1780513027957726563,2.0299999713897705,0,0.009999992325901985
angle,1780513027967727631,2.0299999713897705,0,0.009999961592257023
angle,1780513027977728356,2.0299999713897705,0,0.009999931789934635
angle,1780513027987727218,2.0299999713897705,0,0.00999987032264471
angle,1780513027997727522,2.0299999713897705,0,0.009999954141676426
angle,1780513028007727799,2.0299999713897705,0,0.009999945759773254
angle,1780513028017729081,2.0299999713897705,0,0.00999994482845068
angle,1780513028027728312,2.0299999713897705,0,0.00999987032264471
angle,1780513028037728190,2.0299999713897705,0,0.009999910369515419
angle,1780513028047728572,2.0299999713897705,0,0.009999963454902172
angle,1780513028057730590,2.0299999713897705,0,0.009999946691095829
angle,1780513028067729040,2.0299999713897705,0,0.009999939240515232
angle,1780513028077729382,2.0299999713897705,0,0.00999998115003109
angle,1780513028087729364,2.0299999713897705,0,0.009999983012676239
angle,1780513028097730005,2.0299999713897705,0,0.009999931789934635
angle,1780513028107729654,2.0299999713897705,0,0.00999989453703165
angle,1780513028117730522,2.0299999713897705,0,0.009999983943998814
angle,1780513028127730946,2.0299999713897705,0,0.009999974630773067
angle,1780513028137730569,2.0299999713897705,0,0.009999997913837433
angle,1780513028147731525,2.0299999713897705,0,0.010000023990869522
angle,1780513028157731261,2.0299999713897705,0,0.009999961592257023
angle,1780513028167731310,2.0299999713897705,0,0.009999980218708515
angle,1780513028177731862,2.0299999713897705,0,0.009999994188547134
angle,1780513028187731708,2.0299999713897705,0,0.009999974630773067
angle,1780513028197731988,2.0299999713897705,0,0.009999992325901985
angle,1780513028207732206,2.0299999713897705,0,0.009999937377870083
angle,1780513028217732678,2.0299999713897705,0,0.009999964386224747
angle,1780513028227732970,2.0299999713897705,0,0.009999982081353664
angle,1780513028237733173,2.0299999713897705,0,0.010000007227063179
angle,1780513028247733347,2.0299999713897705,0,0.009999988600611687
angle,1780513028257733652,2.0299999713897705,0,0.009999941103160381
angle,1780513028267734269,2.0299999713897705,0,0.009999970905482769
angle,1780513028277734311,2.0299999713897705,0,0.009999942034482956
angle,1780513028287734613,2.0299999713897705,0,0.009999987669289112
angle,1780513028297734421,2.0299999713897705,0,0.009999954141676426
angle,1780513028307734995,2.0299999713897705,0,0.009999947622418404
angle,1780513028317735368,2.0299999713897705,0,0.010000006295740604
angle,1780513028327735580,2.0299999713897705,0,0.009999995119869709
angle,1780513028337735984,2.0299999713897705,0,0.009999986737966537
angle,1780513028347736104,2.0299999713897705,0,0.00999991875141859
angle,1780513028357736378,2.0299999713897705,0,0.009999999776482582
angle,1780513028367736507,2.0299999713897705,0,0.009999942034482956
angle,1780513028377736614,2.0299999713897705,0,0.00999994296580553
angle,1780513028387736734,2.0299999713897705,0,0.009999952279031277
angle,1780513028399233476,2.0299999713897705,0,0.011496322229504585
angle,1780513028409234633,2.0299999713897705,0,0.009999876841902733
angle,1780513028419233986,2.0299999713897705,0,0.009999966248869896
angle,1780513028429234339,2.0299999713897705,0,0.009999948553740978
angle,1780513028439234336,2.0299999713897705,0,0.009999983012676239
angle,1780513028449234604,2.0299999713897705,0,0.00999996718019247
angle,1780513028459235216,2.0299999713897705,0,0.009999955072999
angle,1780513028469238580,2.0299999713897705,0,0.010000002570450306
angle,1780513028479237594,2.0299999713897705,0,0.009999825619161129
angle,1780513028489236650,2.0299999713897705,0,0.009999864734709263
angle,1780513028499235833,2.0299999713897705,0,0.009999902918934822
angle,1780513028509236101,2.0299999713897705,0,0.00999996904283762
angle,1780513028519236369,2.0299999713897705,0,0.009999947622418404
angle,1780513028529236786,2.0299999713897705,0,0.009999972768127918
angle,1780513028539236728,2.0299999713897705,0,0.010000000707805157
angle,1780513028549236997,2.0299999713897705,0,0.009999956004321575
angle,1780513028559237177,2.0299999713897705,0,0.009999929927289486
angle,1780513028569237351,2.0299999713897705,0,0.009999980218708515
angle,1780513028579238951,2.0299999713897705,0,0.010000002570450306
angle,1780513028589237961,2.0299999713897705,0,0.009999866597354412
angle,1780513028599238214,2.0299999713897705,0,0.010000004433095455
angle,1780513028609238460,2.0299999713897705,0,0.00999998115003109
angle,1780513028619238987,2.0299999713897705,0,0.010000004433095455
angle,1780513028629238976,2.0299999713897705,0,0.009999982081353664
angle,1780513028639239099,2.0299999713897705,0,0.009999909438192844
angle,1780513028649239234,2.0299999713897705,0,0.010000006295740604
angle,1780513028659239690,2.0299999713897705,0,0.009999945759773254
angle,1780513028669239799,2.0299999713897705,0,0.010000002570450306
angle,1780513028679240009,2.0299999713897705,0,0.009999948553740978
angle,1780513028689240081,2.0299999713897705,0,0.00999996718019247
angle,1780513028699240384,2.0299999713897705,0,0.009999947622418404
angle,1780513028709240798,2.0299999713897705,0,0.009999945759773254
angle,1780513028719240793,2.0299999713897705,0,0.009999992325901985
angle,1780513028729241362,2.0299999713897705,0,0.00999999139457941
angle,1780513028739241222,2.0299999713897705,0,0.009999948553740978
angle,1780513028749241648,2.0299999713897705,0,0.009999972768127918
angle,1780513028759241964,2.0299999713897705,0,0.009999947622418404
angle,1780513028769242221,2.0299999713897705,0,0.009999973699450493
angle,1780513028779242578,2.0299999713897705,0,0.009999947622418404
angle,1780513028789242552,2.0299999713897705,0,0.009999974630773067
angle,1780513028799243040,2.0299999713897705,0,0.009999973699450493
angle,1780513028809243236,2.0299999713897705,0,0.010000007227063179
angle,1780513028819243287,2.0299999713897705,0,0.009999986737966537
angle,1780513028829243581,2.0299999713897705,0,0.009999960660934448
angle,1780513028839243952,2.0299999713897705,0,0.009999994188547134
angle,1780513028849244482,2.0299999713897705,0,0.009999986737966537
angle,1780513028859244613,2.0299999713897705,0,0.009999955072999
angle,1780513028869244877,2.0299999713897705,0,0.009999966248869896
angle,1780513028879245061,2.0299999713897705,0,0.009999980218708515
angle,1780513028889245487,2.0299999713897705,0,0.009999928995966911
angle,1780513028899245380,2.0299999713897705,0,0.009999972768127918
angle,1780513028909245800,2.0299999713897705,0,0.009999943897128105
angle,1780513028919245954,2.0299999713897705,0,0.009999984875321388
angle,1780513028929246479,2.0299999713897705,0,0.00999996904283762
angle,1780513028939246641,2.0299999713897705,0,0.009999996051192284
angle,1780513028949246669,2.0299999713897705,0,0.009999939240515232
angle,1780513028959246970,2.0299999713897705,0,0.009999965317547321
angle,1780513028969248979,2.0299999713897705,0,0.010000006295740604
angle,1780513028979247924,2.0299999713897705,0,0.009999862872064114
angle,1780513028989256326,2.0299999713897705,0,0.009999960660934448
angle,1780513028999249027,2.0299999713897705,0,0.00999993272125721
angle,1780513029009249244,2.0299999713897705,0,0.009999931789934635
angle,1780513029019249249,2.0299999713897705,0,0.010000001639127731
angle,1780513029029249928,2.0299999713897705,0,0.009999969974160194
angle,1780513029039250167,2.0299999713897705,0,0.009999958798289299
angle,1780513029049250130,2.0299999713897705,0,0.009999998845160007
angle,1780513029059251803,2.0299999713897705,0,0.01000004168599844
angle,1780513029069250742,2.0299999713897705,0,0.009999850764870644
angle,1780513029079250891,2.0299999713897705,0,0.009999973699450493
angle,1780513029089251020,2.0299999713897705,0,0.01000002771615982
angle,1780513029099251497,2.0299999713897705,0,0.009999954141676426
angle,1780513029109251706,2.0299999713897705,0,0.009999971836805344
angle,1780513029119252046,2.0299999713897705,0,0.00999999139457941
angle,1780513029129252103,2.0299999713897705,0,0.009999988600611687
angle,1780513029139252877,2.0299999713897705,0,0.01000005379319191
angle,1780513029149252592,2.0299999713897705,0,0.009999880567193031
angle,1780513029159252957,2.0299999713897705,0,0.009999959729611874
angle,1780513029169253474,2.0299999713897705,0,0.00999996718019247
angle,1780513029179253398,2.0299999713897705,0,0.009999939240515232
angle,1780513029189253771,2.0299999713897705,0,0.009999964386224747
angle,1780513029199253764,2.0299999713897705,0,0.009999887086451054
angle,1780513029209253899,2.0299999713897705,0,0.009999995119869709
angle,1780513029219254685,2.0299999713897705,0,0.00999998115003109
angle,1780513029229254649,2.0299999713897705,0,0.009999985806643963
angle,1780513029239257242,2.0299999713897705,0,0.009999996982514858
angle,1780513029249255135,2.0299999713897705,0,0.009999836795032024
angle,1780513029259255426,2.0299999713897705,0,0.009999938309192657
angle,1780513029269255563,2.0299999713897705,0,0.009999961592257023
angle,1780513029279255795,2.0299999713897705,0,0.00999994296580553
angle,1780513029289256064,2.0299999713897705,0,0.009999961592257023
angle,1780513029299256016,2.0299999713897705,0,0.009999964386224747
angle,1780513029309256239,2.0299999713897705,0,0.009999961592257023
angle,1780513029319256502,2.0299999713897705,0,0.009999937377870083
angle,1780513029329256602,2.0299999713897705,0,0.009999945759773254
angle,1780513029339257216,2.0299999713897705,0,0.00999995693564415
angle,1780513029349257153,2.0299999713897705,0,0.010000001639127731
angle,1780513029359257392,2.0299999713897705,0,0.009999955072999
angle,1780513029369257544,2.0299999713897705,0,0.009999969974160194
angle,1780513029379258161,2.0299999713897705,0,0.009999936446547508
angle,1780513029389258462,2.0299999713897705,0,0.010000002570450306
angle,1780513029399258398,2.0299999713897705,0,0.009999910369515419
angle,1780513029409258559,2.0299999713897705,0,0.009999945759773254
angle,1780513029419258857,2.0299999713897705,0,0.00999994296580553
angle,1780513029429259583,2.0299999713897705,0,0.009999984875321388
angle,1780513029439259398,2.0299999713897705,0,0.009999971836805344
angle,1780513029449259468,2.0299999713897705,0,0.009999871253967285
angle,1780513029459259720,2.0299999713897705,0,0.009999952279031277
angle,1780513029469260373,2.0299999713897705,0,0.010000008158385754
angle,1780513029479260068,2.0299999713897705,0,0.009999959729611874
angle,1780513029489260462,2.0299999713897705,0,0.009999996982514858
angle,1780513029499260651,2.0299999713897705,0,0.009999941103160381
angle,1780513029509260772,2.0299999713897705,0,0.009999953210353851
angle,1780513029519261076,2.0299999713897705,0,0.009999959729611874
angle,1780513029529261556,2.0299999713897705,0,0.009999934583902359
angle,1780513029539261598,2.0299999713897705,0,0.009999953210353851
angle,1780513029549261864,2.0299999713897705,0,0.009999996982514858
angle,1780513029559262310,2.0299999713897705,0,0.009999987669289112
angle,1780513029569262195,2.0299999713897705,0,0.009999984875321388
angle,1780513029579262434,2.0299999713897705,0,0.009999974630773067
angle,1780513029589262769,2.0299999713897705,0,0.010000007227063179
angle,1780513029599263200,2.0299999713897705,0,0.009999961592257023
angle,1780513029609263401,2.0299999713897705,0,0.009999933652579784
angle,1780513029619263499,2.0299999713897705,0,0.009999945759773254
angle,1780513029629263901,2.0299999713897705,0,0.010000007227063179
angle,1780513029639264349,2.0299999713897705,0,0.009999940171837807
angle,1780513029649264624,2.0299999713897705,0,0.009999931789934635
angle,1780513029659264648,2.0299999713897705,0,0.009999975562095642
angle,1780513029669264787,2.0299999713897705,0,0.00999996904283762
angle,1780513029679264883,2.0299999713897705,0,0.009999998845160007
angle,1780513029689265321,2.0299999713897705,0,0.009999940171837807
angle,1780513029699265347,2.0299999713897705,0,0.00999999139457941
angle,1780513029709265542,2.0299999713897705,0,0.00999999325722456
angle,1780513029719265879,2.0299999713897705,0,0.010000001639127731
angle,1780513029729266107,2.0299999713897705,0,0.009999983012676239
angle,1780513029739266403,2.0299999713897705,0,0.009999960660934448
angle,1780513029749266688,2.0299999713897705,0,0.00999994482845068
angle,1780513029759267452,2.0299999713897705,0,0.010000050067901611
angle,1780513029769267483,2.0299999713897705,0,0.0099998963996768
angle,1780513029779267866,2.0299999713897705,0,0.009999968111515045
angle,1780513029789267832,2.0299999713897705,0,0.009999983943998814
angle,1780513029799267988,2.0299999713897705,0,0.009999923408031464
angle,1780513029809268276,2.0299999713897705,0,0.00999996718019247
angle,1780513029819268726,2.0299999713897705,0,0.01000000536441803
angle,1780513029829268652,2.0299999713897705,0,0.009999953210353851
angle,1780513029839269015,2.0299999713897705,0,0.009999964386224747
angle,1780513029849269154,2.0299999713897705,0,0.009999990463256836
angle,1780513029859269279,2.0299999713897705,0,0.009999970905482769
angle,1780513029869269513,2.0299999713897705,0,0.009999955072999
angle,1780513029879269841,2.0299999713897705,0,0.009999934583902359
angle,1780513029889269987,2.0299999713897705,0,0.009999959729611874
angle,1780513029899270130,2.0299999713897705,0,0.009999984875321388
angle,1780513029909270653,2.0299999713897705,0,0.009999994188547134
angle,1780513029919270630,2.0299999713897705,0,0.009999954141676426
angle,1780513029929271110,2.0299999713897705,0,0.009999977424740791
angle,1780513029939271805,2.0299999713897705,0,0.00999994296580553
angle,1780513029949271640,2.0299999713897705,0,0.009999888017773628
angle,1780513029959271605,2.0299999713897705,0,0.009999995119869709
angle,1780513029969273393,2.0299999713897705,0,0.009999971836805344
angle,1780513029979273501,2.0299999713897705,0,0.009999879635870457
angle,1780513029989272342,2.0299999713897705,0,0.009999898262321949
angle,1780513029999272531,2.0299999713897705,0,0.009999937377870083
angle,1780513030009274497,2.0299999713897705,0,0.009999952279031277
angle,1780513030019273090,2.0299999713897705,0,0.009999941103160381
angle,1780513030029273336,2.0299999713897705,0,0.00999999325722456
angle,1780513030039273782,2.0299999713897705,0,0.010000008158385754
angle,1780513030049273821,2.0299999713897705,0,0.009999939240515232
angle,1780513030059276119,2.0299999713897705,0,0.010000043548643589
angle,1780513030069274519,2.0299999713897705,0,0.009999683126807213
angle,1780513030079274915,2.0299999713897705,0,0.009999947622418404
angle,1780513030089275068,2.0299999713897705,0,0.009999948553740978
angle,1780513030099275044,2.0299999713897705,0,0.009999934583902359
angle,1780513030109275550,2.0299999713897705,0,0.009999984875321388
angle,1780513030119275491,2.0299999713897705,0,0.009999995119869709
angle,1780513030129275958,2.0299999713897705,0,0.010000008158385754
angle,1780513030139276198,2.0299999713897705,0,0.009999970905482769
angle,1780513030149276283,2.0299999713897705,0,0.009999980218708515
angle,1780513030159276787,2.0299999713897705,0,0.009999999776482582
angle,1780513030169277015,2.0299999713897705,0,0.010000007227063179
angle,1780513030179277263,2.0299999713897705,0,0.009999971836805344
angle,1780513030189277493,2.0299999713897705,0,0.009999992325901985
angle,1780513030199278130,2.0299999713897705,0,0.009999984875321388
angle,1780513030209277849,2.0299999713897705,0,0.009999965317547321
angle,1780513030219278339,2.0299999713897705,0,0.009999961592257023
angle,1780513030229280635,2.0299999713897705,0,0.009999987669289112
angle,1780513030239279979,2.0299999713897705,0,0.009999945759773254
angle,1780513030249278849,2.0299999713897705,0,0.00999991875141859
angle,1780513030259279229,2.0299999713897705,0,0.009999974630773067
angle,1780513030269279355,2.0299999713897705,0,0.009999939240515232
angle,1780513030279279554,2.0299999713897705,0,0.009999978356063366
angle,1780513030289280164,2.0299999713897705,0,0.010000001639127731
angle,1780513030299280000,2.0299999713897705,0,0.00999998115003109
angle,1780513030309280230,2.0299999713897705,0,0.010000001639127731
angle,1780513030319280626,2.0299999713897705,0,0.009999964386224747
angle,1780513030329280682,2.0299999713897705,0,0.009999950416386127
angle,1780513030339281298,2.0299999713897705,0,0.009999966248869896
angle,1780513030349281354,2.0299999713897705,0,0.009999984875321388
angle,1780513030359281550,2.0299999713897705,0,0.009999987669289112
angle,1780513030369281645,2.0299999713897705,0,0.010000009089708328
angle,1780513030379282009,2.0299999713897705,0,0.010000013746321201
angle,1780513030389282388,2.0299999713897705,0,0.009999968111515045
angle,1780513030399282459,2.0299999713897705,0,0.009999980218708515
angle,1780513030409282918,2.0299999713897705,0,0.009999992325901985
angle,1780513030419282873,2.0299999713897705,0,0.009999960660934448
angle,1780513030429283122,2.0299999713897705,0,0.009999965317547321
angle,1780513030439283987,2.0299999713897705,0,0.009999940171837807
angle,1780513030449283513,2.0299999713897705,0,0.009999973699450493
angle,1780513030459283819,2.0299999713897705,0,0.009999978356063366
angle,1780513030469283895,2.0299999713897705,0,0.00999996718019247
angle,1780513030479284283,2.0299999713897705,0,0.009999966248869896
angle,1780513030489284897,2.0299999713897705,0,0.009999927133321762
angle,1780513030499284696,2.0299999713897705,0,0.009999992325901985
angle,1780513030509284903,2.0299999713897705,0,0.009999983012676239
angle,1780513030519285297,2.0299999713897705,0,0.00999994482845068
angle,1780513030529285423,2.0299999713897705,0,0.009999996982514858
angle,1780513030539285809,2.0299999713897705,0,0.009999938309192657
angle,1780513030549285925,2.0299999713897705,0,0.009999942034482956
angle,1780513030559286051,2.0299999713897705,0,0.009999997913837433
angle,1780513030569286249,2.0299999713897705,0,0.009999975562095642
angle,1780513030579286791,2.0299999713897705,0,0.009999941103160381
angle,1780513030589286943,2.0299999713897705,0,0.010000002570450306
angle,1780513030599287172,2.0299999713897705,0,0.00999993085861206
angle,1780513030609287411,2.0299999713897705,0,0.009999959729611874
angle,1780513030619287884,2.0299999713897705,0,0.009999952279031277
angle,1780513030629287695,2.0299999713897705,0,0.00999994482845068
angle,1780513030639288078,2.0299999713897705,0,0.009999997913837433
angle,1780513030649288240,2.0299999713897705,0,0.01000001560896635
angle,1780513030659288304,2.0299999713897705,0,0.00999995693564415
angle,1780513030669289066,2.0299999713897705,0,0.009999972768127918
angle,1780513030679288844,2.0299999713897705,0,0.009999990463256836
angle,1780513030689289215,2.0299999713897705,0,0.009999941103160381
angle,1780513030699289300,2.0299999713897705,0,0.009999997913837433
angle,1780513030709289831,2.0299999713897705,0,0.009999953210353851
angle,1780513030719289616,2.0299999713897705,0,0.009999941103160381
angle,1780513030729289844,2.0299999713897705,0,0.009999983012676239
angle,1780513030739290037,2.0299999713897705,0,0.009999970905482769
angle,1780513030749290262,2.0299999713897705,0,0.009999946691095829
angle,1780513030759290755,2.0299999713897705,0,0.009999947622418404
angle,1780513030769291145,2.0299999713897705,0,0.009999968111515045
angle,1780513030779291034,2.0299999713897705,0,0.009999902918934822
angle,1780513030789291396,2.0299999713897705,0,0.010000006295740604
angle,1780513030799291945,2.0299999713897705,0,0.00999999139457941
angle,1780513030809292722,2.0299999713897705,0,0.010000163689255714
angle,1780513030819292307,2.0299999713897705,0,0.009999975562095642
angle,1780513030829292479,2.0299999713897705,0,0.009999996982514858
angle,1780513030839292803,2.0299999713897705,0,0.009999956004321575
angle,1780513030849293044,2.0299999713897705,0,0.010000007227063179
angle,1780513030859293818,2.0299999713897705,0,0.009999986737966537
angle,1780513030869293431,2.0299999713897705,0,0.009999995119869709
angle,1780513030879293634,2.0299999713897705,0,0.009999951347708702
angle,1780513030889293840,2.0299999713897705,0,0.009999985806643963
angle,1780513030899294086,2.0299999713897705,0,0.009999988600611687
angle,1780513030909294337,2.0299999713897705,0,0.00999995693564415
angle,1780513030919294599,2.0299999713897705,0,0.009999960660934448
angle,1780513030929294884,2.0299999713897705,0,0.009999950416386127
angle,1780513030939295425,2.0299999713897705,0,0.009999996051192284
angle,1780513030949295558,2.0299999713897705,0,0.009999941103160381
angle,1780513030959295567,2.0299999713897705,0,0.009999999776482582
angle,1780513030969296825,2.0299999713897705,0,0.009999951347708702
angle,1780513030979296461,2.0299999713897705,0,0.009999903850257397
angle,1780513030989296279,2.0299999713897705,0,0.009999985806643963
angle,1780513030999296717,2.0299999713897705,0,0.009999925270676613
angle,1780513031009296891,2.0299999713897705,0,0.0099998963996768
angle,1780513031019297025,2.0299999713897705,0,0.009999990463256836
angle,1780513031029297304,2.0299999713897705,0,0.009999996982514858
angle,1780513031039297772,2.0299999713897705,0,0.009999952279031277
angle,1780513031049297689,2.0299999713897705,0,0.00999994296580553
angle,1780513031059298083,2.0299999713897705,0,0.00999998115003109
angle,1780513031069299112,2.0299999713897705,0,0.009999954141676426
angle,1780513031079298212,2.0299999713897705,0,0.009999999776482582
angle,1780513031089298720,2.0299999713897705,0,0.009999996982514858
angle,1780513031099299180,2.0299999713897705,0,0.009999924339354038
angle,1780513031109298996,2.0299999713897705,0,0.009999994188547134
angle,1780513031119299483,2.0299999713897705,0,0.009999952279031277
angle,1780513031129299482,2.0299999713897705,0,0.009999936446547508
angle,1780513031139299990,2.0299999713897705,0,0.009999975562095642
angle,1780513031149300031,2.0299999713897705,0,0.009999965317547321
angle,1780513031159300186,2.0299999713897705,0,0.009999947622418404
angle,1780513031169300397,2.0299999713897705,0,0.009999998845160007
angle,1780513031179300762,2.0299999713897705,0,0.009999943897128105
angle,1780513031189301032,2.0299999713897705,0,0.009999948553740978
angle,1780513031199301204,2.0299999713897705,0,0.009999982081353664
angle,1780513031209301696,2.0299999713897705,0,0.009999960660934448
angle,1780513031219302025,2.0299999713897705,0,0.009999988600611687
angle,1780513031229301903,2.0299999713897705,0,0.009999960660934448
angle,1780513031239302188,2.0299999713897705,0,0.009999969974160194
angle,1780513031249302866,2.0299999713897705,0,0.009999996051192284
angle,1780513031259302838,2.0299999713897705,0,0.010000007227063179
angle,1780513031269303155,2.0299999713897705,0,0.00999999325722456
angle,1780513031279303350,2.0299999713897705,0,0.009999937377870083
angle,1780513031289303608,2.0299999713897705,0,0.009999936446547508
angle,1780513031299304238,2.0299999713897705,0,0.00999996904283762
angle,1780513031309303964,2.0299999713897705,0,0.009999950416386127
angle,1780513031319304009,2.0299999713897705,0,0.009999941103160381
angle,1780513031329304394,2.0299999713897705,0,0.009999933652579784
angle,1780513031339304857,2.0299999713897705,0,0.009999924339354038
angle,1780513031349305097,2.0299999713897705,0,0.00999999139457941
angle,1780513031359305044,2.0299999713897705,0,0.009999948553740978
angle,1780513031369305195,2.0299999713897705,0,0.009999936446547508
angle,1780513031379305327,2.0299999713897705,0,0.00999998115003109
angle,1780513031389305650,2.0299999713897705,0,0.009999992325901985
angle,1780513031399306041,2.0299999713897705,0,0.009999970905482769
angle,1780513031409306037,2.0299999713897705,0,0.009999943897128105
angle,1780513031419306374,2.0299999713897705,0,0.010000010952353477
angle,1780513031429306751,2.0299999713897705,0,0.009999941103160381
angle,1780513031439306603,2.0299999713897705,0,0.009999946691095829
angle,1780513031449307079,2.0299999713897705,0,0.009999964386224747
angle,1780513031459308485,2.0299999713897705,0,0.009999980218708515
angle,1780513031469307332,2.0299999713897705,0,0.009999874047935009
angle,1780513031479308060,2.0299999713897705,0,0.009999996982514858
angle,1780513031489307905,2.0299999713897705,0,0.009999982081353664
angle,1780513031499308283,2.0299999713897705,0,0.009999940171837807
angle,1780513031509308325,2.0299999713897705,0,0.009999883361160755
angle,1780513031519308977,2.0299999713897705,0,0.01000000536441803
angle,1780513031529308849,2.0299999713897705,0,0.009999975562095642
angle,1780513031539308925,2.0299999713897705,0,0.009999943897128105
angle,1780513031549309300,2.0299999713897705,0,0.009999986737966537
angle,1780513031559309453,2.0299999713897705,0,0.009999934583902359
angle,1780513031569309407,2.0299999713897705,0,0.009999937377870083
angle,1780513031579309622,2.0299999713897705,0,0.009999946691095829
angle,1780513031589309972,2.0299999713897705,0,0.009999964386224747
angle,1780513031599311079,2.0299999713897705,0,0.00999999325722456
angle,1780513031609310415,2.0299999713897705,0,0.009999907575547695
angle,1780513031619311016,2.0299999713897705,0,0.009999973699450493
angle,1780513031629310895,2.0299999713897705,0,0.009999978356063366
angle,1780513031639311209,2.0299999713897705,0,0.009999951347708702
angle,1780513031649311746,2.0299999713897705,0,0.009999982081353664
angle,1780513031659311952,2.0299999713897705,0,0.009999945759773254
angle,1780513031669312737,2.0299999713897705,0,0.010000045411288738
angle,1780513031679312236,2.0299999713897705,0,0.009999925270676613
angle,1780513031689312860,2.0299999713897705,0,0.009999963454902172
angle,1780513031699312822,2.0299999713897705,0,0.009999996982514858
angle,1780513031709313653,2.0299999713897705,0,0.009999868459999561
angle,1780513031719313203,2.0299999713897705,0,0.009999994188547134
angle,1780513031729313539,2.0299999713897705,0,0.009999961592257023
angle,1780513031739313601,2.0299999713897705,0,0.010000002570450306
angle,1780513031749314101,2.0299999713897705,0,0.009999970905482769
angle,1780513031759314062,2.0299999713897705,0,0.009999988600611687
angle,1780513031769314296,2.0299999713897705,0,0.009999972768127918
angle,1780513031779314811,2.0299999713897705,0,0.009999937377870083
angle,1780513031789314845,2.0299999713897705,0,0.009999978356063366
angle,1780513031799315008,2.0299999713897705,0,0.00999998115003109
angle,1780513031809315293,2.0299999713897705,0,0.009999941103160381
angle,1780513031819315851,2.0299999713897705,0,0.009999954141676426
angle,1780513031829315661,2.0299999713897705,0,0.009999985806643963
angle,1780513031839315831,2.0299999713897705,0,0.009999945759773254
angle,1780513031849316392,2.0299999713897705,0,0.009999971836805344
angle,1780513031859318394,2.0299999713897705,0,0.010000012814998627
angle,1780513031869318063,2.0299999713897705,0,0.009999863803386688
angle,1780513031879318536,2.0299999713897705,0,0.009999900124967098
angle,1780513031889317300,2.0299999713897705,0,0.009999875910580158
angle,1780513031899317663,2.0299999713897705,0,0.010000002570450306
angle,1780513031909317416,2.0299999713897705,0,0.00999993272125721
angle,1780513031919317684,2.0299999713897705,0,0.010000002570450306
angle,1780513031929317894,2.0299999713897705,0,0.009999964386224747
angle,1780513031939318339,2.0299999713897705,0,0.009999945759773254
angle,1780513031949318665,2.0299999713897705,0,0.009999959729611874
angle,1780513031959319124,2.0299999713897705,0,0.009999966248869896
angle,1780513031969320314,2.0299999713897705,0,0.009999938309192657
angle,1780513031979319914,2.0299999713897705,0,0.009999996982514858
angle,1780513031989319311,2.0299999713897705,0,0.009999883361160755
angle,1780513031999319633,2.0299999713897705,0,0.00999996904283762
angle,1780513032009319948,2.0299999713897705,0,0.009999921545386314
angle,1780513032019320184,2.0299999713897705,0,0.010000002570450306
angle,1780513032029320621,2.0299999713897705,0,0.009999960660934448
angle,1780513032039320599,2.0299999713897705,0,0.009999986737966537
angle,1780513032049321082,2.0299999713897705,0,0.009999996051192284
angle,1780513032059321079,2.0299999713897705,0,0.009999907575547695
angle,1780513032069322634,2.0299999713897705,0,0.009999992325901985
angle,1780513032079321525,2.0299999713897705,0,0.009999915957450867
angle,1780513032089322085,2.0299999713897705,0,0.009999946691095829
angle,1780513032099322393,2.0299999713897705,0,0.009999968111515045
angle,1780513032109322082,2.0299999713897705,0,0.009999953210353851
angle,1780513032119322860,2.0299999713897705,0,0.009999969974160194
angle,1780513032129322677,2.0299999713897705,0,0.009999972768127918
angle,1780513032139323044,2.0299999713897705,0,0.009999977424740791
angle,1780513032149323231,2.0299999713897705,0,0.009999946691095829
angle,1780513032161156173,2.0299999713897705,0,0.011832032352685928
angle,1780513032171156395,2.0299999713897705,0,0.009999990463256836
angle,1780513032181156834,2.0299999713897705,0,0.009999983943998814
angle,1780513032191156677,2.0299999713897705,0,0.009999956004321575
angle,1780513032201157225,2.0299999713897705,0,0.009999999776482582
angle,1780513032211157234,2.0299999713897705,0,0.009999948553740978
angle,1780513032221157557,2.0299999713897705,0,0.009999990463256836
angle,1780513032231157889,2.0299999713897705,0,0.009999951347708702
angle,1780513032241158044,2.0299999713897705,0,0.009999966248869896
angle,1780513032251158289,2.0299999713897705,0,0.009999973699450493
angle,1780513032261158502,2.0299999713897705,0,0.009999931789934635
angle,1780513032271158531,2.0299999713897705,0,0.009999961592257023
angle,1780513032281158939,2.0299999713897705,0,0.009999983012676239
angle,1780513032291159034,2.0299999713897705,0,0.009999974630773067
angle,1780513032301159556,2.0299999713897705,0,0.009999995119869709
angle,1780513032311159850,2.0299999713897705,0,0.009999889880418777
angle,1780513032321159602,2.0299999713897705,0,0.009999965317547321
angle,1780513032331161763,2.0299999713897705,0,0.009999983943998814
angle,1780513032341160209,2.0299999713897705,0,0.009999939240515232
angle,1780513032351160511,2.0299999713897705,0,0.009999938309192657
angle,1780513032361160605,2.0299999713897705,0,0.00999994296580553
angle,1780513032371161226,2.0299999713897705,0,0.00999999325722456
angle,1780513032381161623,2.0299999713897705,0,0.009999959729611874
angle,1780513032391161048,2.0299999713897705,0,0.00999999139457941
angle,1780513032401162222,2.0299999713897705,0,0.009999974630773067
angle,1780513032411161614,2.0299999713897705,0,0.01000000536441803
angle,1780513032421161881,2.0299999713897705,0,0.00999996718019247
angle,1780513032431162332,2.0299999713897705,0,0.009999977424740791
angle,1780513032441162426,2.0299999713897705,0,0.009999952279031277
angle,1780513032451162748,2.0299999713897705,0,0.00999997928738594
angle,1780513032461162857,2.0299999713897705,0,0.00999996904283762
angle,1780513032471162979,2.0299999713897705,0,0.009999863803386688
angle,1780513032481163337,2.0299999713897705,0,0.009999957866966724
angle,1780513032491163837,2.0299999713897705,0,0.010000001639127731
angle,1780513032501163895,2.0299999713897705,0,0.009999970905482769
angle,1780513032511164103,2.0299999713897705,0,0.009999987669289112
angle,1780513032521164372,2.0299999713897705,0,0.009999974630773067
angle,1780513032531164405,2.0299999713897705,0,0.009999992325901985
angle,1780513032541164746,2.0299999713897705,0,0.009999966248869896
angle,1780513032551165481,2.0299999713897705,0,0.009999947622418404
angle,1780513032561165452,2.0299999713897705,0,0.009999928995966911
angle,1780513032571165932,2.0299999713897705,0,0.009999945759773254
angle,1780513032581166020,2.0299999713897705,0,0.009999996982514858
angle,1780513032591166140,2.0299999713897705,0,0.00999997928738594
angle,1780513032601166544,2.0299999713897705,0,0.009999957866966724
angle,1780513032611166350,2.0299999713897705,0,0.009999859146773815
angle,1780513032621166923,2.0299999713897705,0,0.009999961592257023
angle,1780513032631167195,2.0299999713897705,0,0.00999998115003109
angle,1780513032641167372,2.0299999713897705,0,0.00999993272125721
angle,1780513032651167478,2.0299999713897705,0,0.009999942034482956
angle,1780513032661167568,2.0299999713897705,0,0.009999958798289299
angle,1780513032671168044,2.0299999713897705,0,0.009999992325901985
angle,1780513032681168107,2.0299999713897705,0,0.010000002570450306
angle,1780513032691168382,2.0299999713897705,0,0.00999995693564415
angle,1780513032701168987,2.0299999713897705,0,0.01000006403774023
angle,1780513032711169172,2.0299999713897705,0,0.009999899193644524
angle,1780513032721169296,2.0299999713897705,0,0.009999956004321575
angle,1780513032731169435,2.0299999713897705,0,0.009999951347708702
angle,1780513032741169747,2.0299999713897705,0,0.009999947622418404
angle,1780513032751170067,2.0299999713897705,0,0.00999997928738594
angle,1780513032761170611,2.0299999713897705,0,0.009999977424740791
angle,1780513032771170374,2.0299999713897705,0,0.00999994482845068
angle,1780513032781170562,2.0299999713897705,0,0.009999972768127918
angle,1780513032791170786,2.0299999713897705,0,0.009999945759773254
angle,1780513032801171558,2.0299999713897705,0,0.009999971836805344
angle,1780513032811171090,2.0299999713897705,0,0.009999965317547321
angle,1780513032821172467,2.0299999713897705,0,0.009999982081353664
angle,1780513032831171851,2.0299999713897705,0,0.009999933652579784
angle,1780513032841172010,2.0299999713897705,0,0.009999982081353664
angle,1780513032851172223,2.0299999713897705,0,0.009999963454902172
angle,1780513032861172327,2.0299999713897705,0,0.009999971836805344
angle,1780513032871172590,2.0299999713897705,0,0.009999960660934448
angle,1780513032881172894,2.0299999713897705,0,0.009999986737966537
angle,1780513032891175657,2.0299999713897705,0,0.010000050067901611
angle,1780513032901175507,2.0299999713897705,0,0.009999831207096577
angle,1780513032911176001,2.0299999713897705,0,0.009999859146773815
angle,1780513032921173892,2.0299999713897705,0,0.009999900124967098
angle,1780513032931174368,2.0299999713897705,0,0.009999985806643963
angle,1780513032941174748,2.0299999713897705,0,0.009999986737966537
angle,1780513032951174705,2.0299999713897705,0,0.009999997913837433
angle,1780513032961175227,2.0299999713897705,0,0.00999993272125721
angle,1780513032971176479,2.0299999713897705,0,0.009999966248869896
angle,1780513032981175301,2.0299999713897705,0,0.009999998845160007
angle,1780513032991175509,2.0299999713897705,0,0.009999996982514858
angle,1780513033001175788,2.0299999713897705,0,0.009999978356063366
angle,1780513033011176206,2.0299999713897705,0,0.009999977424740791
angle,1780513033021176399,2.0299999713897705,0,0.009999917820096016
angle,1780513033031176579,2.0299999713897705,0,0.009999957866966724
angle,1780513033041176695,2.0299999713897705,0,0.00999999139457941
angle,1780513033051177220,2.0299999713897705,0,0.009999973699450493
angle,1780513033061177130,2.0299999713897705,0,0.009999871253967285
angle,1780513033071179031,2.0299999713897705,0,0.009999971836805344
angle,1780513033081177701,2.0299999713897705,0,0.009999902918934822
angle,1780513033091178402,2.0299999713897705,0,0.009999999776482582
angle,1780513033101178323,2.0299999713897705,0,0.01000000536441803
angle,1780513033111178851,2.0299999713897705,0,0.009999995119869709
angle,1780513033121178672,2.0299999713897705,0,0.009999878704547882
angle,1780513033131178949,2.0299999713897705,0,0.009999952279031277
angle,1780513033141179257,2.0299999713897705,0,0.009999955072999
angle,1780513033151179491,2.0299999713897705,0,0.00999995693564415
angle,1780513033161179826,2.0299999713897705,0,0.009999971836805344
angle,1780513033171179833,2.0299999713897705,0,0.009999937377870083
angle,1780513033181180287,2.0299999713897705,0,0.009999975562095642
angle,1780513033191180292,2.0299999713897705,0,0.009999998845160007
angle,1780513033201180465,2.0299999713897705,0,0.009999956004321575
angle,1780513033211180872,2.0299999713897705,0,0.009999986737966537
angle,1780513033221181571,2.0299999713897705,0,0.009999925270676613
angle,1780513033231182262,2.0299999713897705,0,0.01000004168599844
angle,1780513033241181664,2.0299999713897705,0,0.009999883361160755
angle,1780513033251182009,2.0299999713897705,0,0.00999994296580553
angle,1780513033261182430,2.0299999713897705,0,0.009999996982514858
angle,1780513033271182816,2.0299999713897705,0,0.009999954141676426
angle,1780513033282954662,2.0299999713897705,0,0.011771646328270435
angle,1780513033292954950,2.0299999713897705,0,0.009999926201999187
angle,1780513033302955486,2.0299999713897705,0,0.00999999139457941
angle,1780513033312955706,2.0299999713897705,0,0.009999980218708515
angle,1780513033322955945,2.0299999713897705,0,0.010000009089708328
angle,1780513033332955950,2.0299999713897705,0,0.009999885223805904
angle,1780513033342956273,2.0299999713897705,0,0.00999994296580553
angle,1780513033352956596,2.0299999713897705,0,0.009999960660934448
angle,1780513033362956969,2.0299999713897705,0,0.009999961592257023
angle,1780513033372956867,2.0299999713897705,0,0.009999874979257584
angle,1780513033382956913,2.0299999713897705,0,0.00999996904283762
angle,1780513033392957450,2.0299999713897705,0,0.009999960660934448
angle,1780513033402957458,2.0299999713897705,0,0.009999973699450493
angle,1780513033412957667,2.0299999713897705,0,0.010000010021030903
angle,1780513033422957891,2.0299999713897705,0,0.009999985806643963
angle,1780513033432958042,2.0299999713897705,0,0.009999959729611874
angle,1780513033442958628,2.0299999713897705,0,0.009999946691095829
angle,1780513033452958647,2.0299999713897705,0,0.009999937377870083
angle,1780513033462959085,2.0299999713897705,0,0.009999965317547321
angle,1780513033472959046,2.0299999713897705,0,0.009999861009418964
angle,1780513033482959204,2.0299999713897705,0,0.009999941103160381
angle,1780513033492961283,2.0299999713897705,0,0.009999992325901985
angle,1780513033502959710,2.0299999713897705,0,0.009999874047935009
angle,1780513033512960371,2.0299999713897705,0,0.009999994188547134
angle,1780513033522960438,2.0299999713897705,0,0.009999917820096016
angle,1780513033532960622,2.0299999713897705,0,0.009999996051192284
angle,1780513033542960696,2.0299999713897705,0,0.009999964386224747
angle,1780513033552960995,2.0299999713897705,0,0.009999951347708702
angle,1780513033562961167,2.0299999713897705,0,0.009999954141676426
angle,1780513033572961293,2.0299999713897705,0,0.009999975562095642
angle,1780513033582961326,2.0299999713897705,0,0.009999970905482769
angle,1780513033592961760,2.0299999713897705,0,0.009999983012676239
angle,1780513033602962245,2.0299999713897705,0,0.009999986737966537
angle,1780513033612962305,2.0299999713897705,0,0.010000006295740604
angle,1780513033622962431,2.0299999713897705,0,0.009999889880418777
angle,1780513033632962656,2.0299999713897705,0,0.009999980218708515
angle,1780513033642962991,2.0299999713897705,0,0.009999987669289112
angle,1780513033652963555,2.0299999713897705,0,0.009999966248869896
angle,1780513033662963542,2.0299999713897705,0,0.009999921545386314
angle,1780513033672963512,2.0299999713897705,0,0.009999924339354038
angle,1780513033682963797,2.0299999713897705,0,0.00999998115003109
angle,1780513033692964074,2.0299999713897705,0,0.009999982081353664
angle,1780513033702963989,2.0299999713897705,0,0.009999939240515232
angle,1780513033712964542,2.0299999713897705,0,0.009999996982514858
angle,1780513033722964634,2.0299999713897705,0,0.009999961592257023
angle,1780513033732965092,2.0299999713897705,0,0.009999985806643963
angle,1780513033742965035,2.0299999713897705,0,0.00999996718019247
angle,1780513033752965246,2.0299999713897705,0,0.009999947622418404
angle,1780513033762965718,2.0299999713897705,0,0.009999977424740791
angle,1780513033772965727,2.0299999713897705,0,0.00999999139457941
angle,1780513033782966368,2.0299999713897705,0,0.009999945759773254
angle,1780513033792966387,2.0299999713897705,0,0.009999942034482956
angle,1780513033802966450,2.0299999713897705,0,0.009999951347708702
angle,1780513033812967016,2.0299999713897705,0,0.009999997913837433
angle,1780513033822967193,2.0299999713897705,0,0.00999993085861206
angle,1780513033832967255,2.0299999713897705,0,0.009999950416386127
angle,1780513033842967611,2.0299999713897705,0,0.010000006295740604
angle,1780513033852967485,2.0299999713897705,0,0.009999940171837807
angle,1780513033862968306,2.0299999713897705,0,0.009999982081353664
angle,1780513033872968621,2.0299999713897705,0,0.009999907575547695
angle,1780513033882968338,2.0299999713897705,0,0.009999937377870083
angle,1780513033892968526,2.0299999713897705,0,0.009999940171837807
angle,1780513033902968756,2.0299999713897705,0,0.009999961592257023
angle,1780513033912969395,2.0299999713897705,0,0.00999994296580553
angle,1780513033922969158,2.0299999713897705,0,0.009999994188547134
angle,1780513033932969326,2.0299999713897705,0,0.009999957866966724
angle,1780513033942970349,2.0299999713897705,0,0.010000036098062992
angle,1780513033952969917,2.0299999713897705,0,0.009999929927289486
angle,1780513033962970225,2.0299999713897705,0,0.00999999325722456
angle,1780513033972972139,2.0299999713897705,0,0.009999987669289112
angle,1780513033982971055,2.0299999713897705,0,0.00999988429248333
angle,1780513033992970951,2.0299999713897705,0,0.009999947622418404
angle,1780513034002971666,2.0299999713897705,0,0.010000004433095455
angle,1780513034012972463,2.0299999713897705,0,0.010000007227063179
angle,1780513034022972066,2.0299999713897705,0,0.00999987032264471
angle,1780513034032972153,2.0299999713897705,0,0.009999955072999
angle,1780513034042972370,2.0299999713897705,0,0.00999994296580553
angle,1780513034052972868,2.0299999713897705,0,0.00999997928738594
angle,1780513034062973232,2.0299999713897705,0,0.009999996982514858
angle,1780513034072974666,2.0299999713897705,0,0.009999907575547695
angle,1780513034082973257,2.0299999713897705,0,0.009999907575547695
angle,1780513034092973975,2.0299999713897705,0,0.009999984875321388
angle,1780513034102973892,2.0299999713897705,0,0.00999992061406374
angle,1780513034112974275,2.0299999713897705,0,0.00999999325722456
angle,1780513034122974388,2.0299999713897705,0,0.009999998845160007
angle,1780513034132974746,2.0299999713897705,0,0.009999958798289299
angle,1780513034142975097,2.0299999713897705,0,0.009999960660934448
angle,1780513034152975346,2.0299999713897705,0,0.009999977424740791
angle,1780513034162975659,2.0299999713897705,0,0.009999996982514858
angle,1780513034172975846,2.0299999713897705,0,0.009999947622418404
angle,1780513034182976160,2.0299999713897705,0,0.009999945759773254
angle,1780513034192976037,2.0299999713897705,0,0.009999983943998814
angle,1780513034202976324,2.0299999713897705,0,0.009999966248869896
angle,1780513034212976601,2.0299999713897705,0,0.009999970905482769
angle,1780513034222977166,2.0299999713897705,0,0.009999945759773254
angle,1780513034232977496,2.0299999713897705,0,0.009999988600611687
angle,1780513034242977767,2.0299999713897705,0,0.009999956004321575
angle,1780513034252977869,2.0299999713897705,0,0.009999968111515045
angle,1780513034262978343,2.0299999713897705,0,0.009999955072999
angle,1780513034272978570,2.0299999713897705,0,0.00999991875141859
angle,1780513034282978672,2.0299999713897705,0,0.009999984875321388
angle,1780513034292978818,2.0299999713897705,0,0.010000001639127731
angle,1780513034302978849,2.0299999713897705,0,0.009999959729611874
angle,1780513034312979574,2.0299999713897705,0,0.009999983012676239
angle,1780513034322979889,2.0299999713897705,0,0.009999972768127918
angle,1780513034332979942,2.0299999713897705,0,0.009999943897128105
angle,1780513034342980304,2.0299999713897705,0,0.009999957866966724
angle,1780513034352980533,2.0299999713897705,0,0.009999966248869896
angle,1780513034362981095,2.0299999713897705,0,0.009999990463256836
angle,1780513034372980919,2.0299999713897705,0,0.009999987669289112
angle,1780513034382981137,2.0299999713897705,0,0.009999986737966537
angle,1780513034392981330,2.0299999713897705,0,0.009999956004321575
angle,1780513034402981588,2.0299999713897705,0,0.009999986737966537
angle,1780513034412981974,2.0299999713897705,0,0.009999938309192657
angle,1780513034422982096,2.0299999713897705,0,0.009999951347708702
angle,1780513034432982265,2.0299999713897705,0,0.00999998115003109
angle,1780513034442982453,2.0299999713897705,0,0.009999974630773067
angle,1780513034452982737,2.0299999713897705,0,0.009999978356063366
angle,1780513034462982863,2.0299999713897705,0,0.009999936446547508
angle,1780513034472983104,2.0299999713897705,0,0.010000001639127731
angle,1780513034482983349,2.0299999713897705,0,0.009999987669289112
angle,1780513034492983979,2.0299999713897705,0,0.010000000707805157
angle,1780513034502983807,2.0299999713897705,0,0.009999987669289112
angle,1780513034512984504,2.0299999713897705,0,0.009999958798289299
angle,1780513034522984554,2.0299999713897705,0,0.009999959729611874
angle,1780513034532984596,2.0299999713897705,0,0.009999952279031277
angle,1780513034542984729,2.0299999713897705,0,0.009999936446547508
angle,1780513034552985004,2.0299999713897705,0,0.009999988600611687
angle,1780513034562985213,2.0299999713897705,0,0.009999939240515232
angle,1780513034572985536,2.0299999713897705,0,0.009999943897128105
angle,1780513034582985959,2.0299999713897705,0,0.009999942034482956
angle,1780513034592986039,2.0299999713897705,0,0.009999986737966537
angle,1780513034602993627,2.0299999713897705,0,0.010000012814998627
angle,1780513034612988189,2.0299999713897705,0,0.009999998845160007
angle,1780513034622986974,2.0299999713897705,0,0.009999892674386501
angle,1780513034632987459,2.0299999713897705,0,0.00999994296580553
angle,1780513034642987342,2.0299999713897705,0,0.00999999139457941
angle,1780513034652987626,2.0299999713897705,0,0.010000012814998627
angle,1780513034662987934,2.0299999713897705,0,0.009999943897128105
angle,1780513034672988190,2.0299999713897705,0,0.00999999139457941
angle,1780513034682988623,2.0299999713897705,0,0.009999985806643963
angle,1780513034692988961,2.0299999713897705,0,0.009999965317547321
angle,1780513034702989128,2.0299999713897705,0,0.009999990463256836
angle,1780513034712989214,2.0299999713897705,0,0.00999996904283762
angle,1780513034722989320,2.0299999713897705,0,0.009999937377870083
angle,1780513034732989974,2.0299999713897705,0,0.00999999139457941
angle,1780513034742990045,2.0299999713897705,0,0.009999996051192284
angle,1780513034753005414,2.0299999713897705,0,0.010014208033680916
angle,1780513034763005821,2.0299999713897705,0,0.009999898262321949
angle,1780513034773005165,2.0299999713897705,0,0.009999893605709076
angle,1780513034783005188,2.0299999713897705,0,0.009999942034482956
angle,1780513034793005387,2.0299999713897705,0,0.009999937377870083
angle,1780513034803005484,2.0299999713897705,0,0.009999958798289299
angle,1780513034813006093,2.0299999713897705,0,0.009999985806643963
angle,1780513034823005934,2.0299999713897705,0,0.009999929927289486
angle,1780513034833006512,2.0299999713897705,0,0.00999994482845068
angle,1780513034843006375,2.0299999713897705,0,0.009999955072999
angle,1780513034853006606,2.0299999713897705,0,0.009999941103160381
angle,1780513034863006786,2.0299999713897705,0,0.009999960660934448
angle,1780513034873007356,2.0299999713897705,0,0.009999946691095829
angle,1780513034883007308,2.0299999713897705,0,0.00999995693564415
angle,1780513034893007698,2.0299999713897705,0,0.009999963454902172
angle,1780513034903007670,2.0299999713897705,0,0.009999927133321762
angle,1780513034913008030,2.0299999713897705,0,0.009999956004321575
angle,1780513034923008567,2.0299999713897705,0,0.009999996982514858
angle,1780513034933008316,2.0299999713897705,0,0.009999943897128105
angle,1780513034943008910,2.0299999713897705,0,0.009999961592257023
angle,1780513034953008834,2.0299999713897705,0,0.009999965317547321
angle,1780513034963009397,2.0299999713897705,0,0.009999937377870083
angle,1780513034973010299,2.0299999713897705,0,0.009999992325901985
angle,1780513034983009445,2.0299999713897705,0,0.009999988600611687
angle,1780513034993009994,2.0299999713897705,0,0.010000004433095455
angle,1780513035003010388,2.0299999713897705,0,0.009999971836805344
angle,1780513035013010170,2.0299999713897705,0,0.009999977424740791
angle,1780513035023010930,2.0299999713897705,0,0.010000007227063179
angle,1780513035033010814,2.0299999713897705,0,0.00999994296580553
angle,1780513035043011097,2.0299999713897705,0,0.009999972768127918
angle,1780513035053011145,2.0299999713897705,0,0.009999996982514858
angle,1780513035063011500,2.0299999713897705,0,0.009999955072999
angle,1780513035073013091,2.0299999713897705,0,0.00999996718019247
angle,1780513035083011884,2.0299999713897705,0,0.009999904781579971
angle,1780513035093012056,2.0299999713897705,0,0.009999974630773067
angle,1780513035103012257,2.0299999713897705,0,0.009999942034482956
angle,1780513035113012470,2.0299999713897705,0,0.009999985806643963
angle,1780513035123013104,2.0299999713897705,0,0.00999992061406374
angle,1780513035133013238,2.0299999713897705,0,0.010000000707805157
angle,1780513035143013253,2.0299999713897705,0,0.010000000707805157
angle,1780513035153013488,2.0299999713897705,0,0.009999995119869709
angle,1780513035163013791,2.0299999713897705,0,0.009999983943998814
angle,1780513035173014324,2.0299999713897705,0,0.009999977424740791
angle,1780513035183014568,2.0299999713897705,0,0.009999965317547321
angle,1780513035193014740,2.0299999713897705,0,0.00999996904283762
angle,1780513035203014981,2.0299999713897705,0,0.009999934583902359
angle,1780513035213015171,2.0299999713897705,0,0.009999948553740978
angle,1780513035223016054,2.0299999713897705,0,0.010000001639127731
angle,1780513035233015972,2.0299999713897705,0,0.010000045411288738
angle,1780513035243015970,2.0299999713897705,0,0.009999879635870457
angle,1780513035253016323,2.0299999713897705,0,0.010000007227063179
angle,1780513035263017087,2.0299999713897705,0,0.009999996051192284
angle,1780513035273016895,2.0299999713897705,0,0.009999941103160381
angle,1780513035283017184,2.0299999713897705,0,0.00999995693564415
angle,1780513035293017494,2.0299999713897705,0,0.009999954141676426
angle,1780513035303017267,2.0299999713897705,0,0.00999999139457941
angle,1780513035313017776,2.0299999713897705,0,0.010000004433095455
angle,1780513035323018080,2.0299999713897705,0,0.009999985806643963
angle,1780513035333018316,2.0299999713897705,0,0.010000006295740604
angle,1780513035343019173,2.0299999713897705,0,0.009999974630773067
angle,1780513035353018820,2.0299999713897705,0,0.009999995119869709
angle,1780513035363019166,2.0299999713897705,0,0.009999973699450493
angle,1780513035373019513,2.0299999713897705,0,0.010000007227063179
angle,1780513035383020077,2.0299999713897705,0,0.009999901056289673
angle,1780513035393019698,2.0299999713897705,0,0.009999988600611687
angle,1780513035403020395,2.0299999713897705,0,0.00999996718019247
angle,1780513035413020283,2.0299999713897705,0,0.009999943897128105
angle,1780513035423020629,2.0299999713897705,0,0.009999957866966724
angle,1780513035433020623,2.0299999713897705,0,0.009999885223805904
angle,1780513035443020928,2.0299999713897705,0,0.00999996904283762
angle,1780513035453022778,2.0299999713897705,0,0.009999972768127918
angle,1780513035463021471,2.0299999713897705,0,0.009999912232160568
angle,1780513035473021880,2.0299999713897705,0,0.009999963454902172
angle,1780513035483022511,2.0299999713897705,0,0.009999964386224747
angle,1780513035493023856,2.0299999713897705,0,0.01000002771615982
angle,1780513035503022482,2.0299999713897705,0,0.009999907575547695
angle,1780513035513022674,2.0299999713897705,0,0.009999931789934635
angle,1780513035523023137,2.0299999713897705,0,0.01000000536441803
angle,1780513035533023285,2.0299999713897705,0,0.009999943897128105
angle,1780513035543023281,2.0299999713897705,0,0.009999980218708515
angle,1780513035553023554,2.0299999713897705,0,0.00999997928738594
angle,1780513035563023864,2.0299999713897705,0,0.010000020265579224
angle,1780513035573024190,2.0299999713897705,0,0.009999965317547321
angle,1780513035583024626,2.0299999713897705,0,0.009999952279031277
angle,1780513035593024684,2.0299999713897705,0,0.01000000536441803
angle,1780513035603024926,2.0299999713897705,0,0.009999948553740978
angle,1780513035613025118,2.0299999713897705,0,0.009999964386224747
angle,1780513035623025513,2.0299999713897705,0,0.009999983012676239
angle,1780513035633025558,2.0299999713897705,0,0.009999999776482582
angle,1780513035643025738,2.0299999713897705,0,0.009999936446547508
angle,1780513035653025853,2.0299999713897705,0,0.009999937377870083
angle,1780513035663026100,2.0299999713897705,0,0.009999942034482956
angle,1780513035673026914,2.0299999713897705,0,0.009999988600611687
angle,1780513035683026590,2.0299999713897705,0,0.009999983012676239
angle,1780513035693026916,2.0299999713897705,0,0.009999937377870083
angle,1780513035703027229,2.0299999713897705,0,0.009999983943998814
angle,1780513035713027963,2.0299999713897705,0,0.009999977424740791
angle,1780513035723027942,2.0299999713897705,0,0.009999982081353664
angle,1780513035733027933,2.0299999713897705,0,0.009999914094805717
angle,1780513035743028267,2.0299999713897705,0,0.010000010021030903
angle,1780513035753028405,2.0299999713897705,0,0.009999955072999
angle,1780513035763028923,2.0299999713897705,0,0.009999973699450493
angle,1780513035773028965,2.0299999713897705,0,0.00999996718019247
angle,1780513035783030142,2.0299999713897705,0,0.00999994482845068
angle,1780513035793029416,2.0299999713897705,0,0.009999863803386688
angle,1780513035803029730,2.0299999713897705,0,0.009999992325901985
angle,1780513035813029920,2.0299999713897705,0,0.009999995119869709
angle,1780513035823030199,2.0299999713897705,0,0.009999938309192657
angle,1780513035833030331,2.0299999713897705,0,0.009999887086451054
angle,1780513035843030421,2.0299999713897705,0,0.010000000707805157
angle,1780513035853030924,2.0299999713897705,0,0.010000001639127731
angle,1780513035863031099,2.0299999713897705,0,0.009999966248869896
angle,1780513035873031955,2.0299999713897705,0,0.00999996904283762
angle,1780513035883031904,2.0299999713897705,0,0.009999933652579784
angle,1780513035893031998,2.0299999713897705,0,0.009999900124967098
angle,1780513035903032222,2.0299999713897705,0,0.009999986737966537
angle,1780513035913032366,2.0299999713897705,0,0.009999998845160007
angle,1780513035923032738,2.0299999713897705,0,0.009999943897128105
angle,1780513035933032755,2.0299999713897705,0,0.009999955072999
angle,1780513035943033379,2.0299999713897705,0,0.009999963454902172
angle,1780513035953033500,2.0299999713897705,0,0.009999973699450493
angle,1780513035963033815,2.0299999713897705,0,0.00999999325722456
angle,1780513035973035713,2.0299999713897705,0,0.010000002570450306
angle,1780513035983034498,2.0299999713897705,0,0.009999877773225307
angle,1780513035993034406,2.0299999713897705,0,0.009999972768127918
angle,1780513036003035331,2.0299999713897705,0,0.009999990463256836
angle,1780513036013034952,2.0299999713897705,0,0.00999998115003109
angle,1780513036023035288,2.0299999713897705,0,0.009999994188547134
angle,1780513036033035522,2.0299999713897705,0,0.009999990463256836
angle,1780513036043036182,2.0299999713897705,0,0.009999917820096016
angle,1780513036053036012,2.0299999713897705,0,0.009999869391322136
angle,1780513036063036025,2.0299999713897705,0,0.009999942034482956
angle,1780513036073038096,2.0299999713897705,0,0.010000023059546947
angle,1780513036083036502,2.0299999713897705,0,0.009999829344451427
angle,1780513036093036823,2.0299999713897705,0,0.010000007227063179
angle,1780513036103037007,2.0299999713897705,0,0.009999938309192657
angle,1780513036113037323,2.0299999713897705,0,0.009999983012676239
angle,1780513036123037812,2.0299999713897705,0,0.009999934583902359
angle,1780513036133037709,2.0299999713897705,0,0.009999948553740978
angle,1780513036143037823,2.0299999713897705,0,0.009999972768127918
angle,1780513036153038054,2.0299999713897705,0,0.009999945759773254
angle,1780513036163038682,2.0299999713897705,0,0.009999958798289299
angle,1780513036173038491,2.0299999713897705,0,0.009999988600611687
angle,1780513036183038691,2.0299999713897705,0,0.009999972768127918
angle,1780513036193038833,2.0299999713897705,0,0.009999982081353664
angle,1780513036203039233,2.0299999713897705,0,0.009999983943998814
angle,1780513036213039602,2.0299999713897705,0,0.009999950416386127
angle,1780513036223039944,2.0299999713897705,0,0.009999951347708702
angle,1780513036233040277,2.0299999713897705,0,0.009999939240515232
angle,1780513036243040323,2.0299999713897705,0,0.009999917820096016
angle,1780513036253042848,2.0299999713897705,0,0.00999996718019247
angle,1780513036263041122,2.0299999713897705,0,0.009999865666031837
angle,1780513036273041283,2.0299999713897705,0,0.009999958798289299
angle,1780513036283041667,2.0299999713897705,0,0.009999994188547134
angle,1780513036293041766,2.0299999713897705,0,0.00999997928738594
angle,1780513036303042240,2.0299999713897705,0,0.009999942034482956
angle,1780513036313042175,2.0299999713897705,0,0.009999969974160194
angle,1780513036323042577,2.0299999713897705,0,0.009999948553740978
angle,1780513036333042612,2.0299999713897705,0,0.009999941103160381
angle,1780513036343043118,2.0299999713897705,0,0.009999980218708515
angle,1780513036353043279,2.0299999713897705,0,0.009999982081353664
angle,1780513036363043495,2.0299999713897705,0,0.009999984875321388
angle,1780513036373043693,2.0299999713897705,0,0.009999936446547508
angle,1780513036383043747,2.0299999713897705,0,0.009999946691095829
angle,1780513036393043847,2.0299999713897705,0,0.009999983943998814
angle,1780513036403044202,2.0299999713897705,0,0.009999971836805344
angle,1780513036413044643,2.0299999713897705,0,0.00999996904283762
angle,1780513036423044776,2.0299999713897705,0,0.009999954141676426
angle,1780513036433044831,2.0299999713897705,0,0.00999999139457941
angle,1780513036443045087,2.0299999713897705,0,0.009999975562095642
angle,1780513036453045402,2.0299999713897705,0,0.009999960660934448
angle,1780513036463047126,2.0299999713897705,0,0.00999998115003109
angle,1780513036473045686,2.0299999713897705,0,0.00999986007809639
angle,1780513036483046286,2.0299999713897705,0,0.009999996051192284
angle,1780513036493046107,2.0299999713897705,0,0.009999990463256836
angle,1780513036503046418,2.0299999713897705,0,0.010000000707805157
angle,1780513036513046690,2.0299999713897705,0,0.009999964386224747
angle,1780513036523047363,2.0299999713897705,0,0.009999942034482956
angle,1780513036533047163,2.0299999713897705,0,0.009999925270676613
angle,1780513036543047370,2.0299999713897705,0,0.00999994482845068
angle,1780513036554814356,2.0299999713897705,0,0.011766407638788223
angle,1780513036564814705,2.0299999713897705,0,0.009999961592257023
angle,1780513036574815094,2.0299999713897705,0,0.009999996982514858
angle,1780513036584815256,2.0299999713897705,0,0.009999928064644337
angle,1780513036594815829,2.0299999713897705,0,0.009999983943998814
angle,1780513036604815790,2.0299999713897705,0,0.009999851696193218
angle,1780513036614816447,2.0299999713897705,0,0.009999975562095642
angle,1780513036624816255,2.0299999713897705,0,0.009999988600611687
angle,1780513036634816446,2.0299999713897705,0,0.009999954141676426
angle,1780513036644816773,2.0299999713897705,0,0.009999977424740791
angle,1780513036654817180,2.0299999713897705,0,0.009999960660934448
angle,1780513036664817012,2.0299999713897705,0,0.009999977424740791
angle,1780513036674817361,2.0299999713897705,0,0.010000010021030903
angle,1780513036684817701,2.0299999713897705,0,0.009999987669289112
angle,1780513036694817586,2.0299999713897705,0,0.009999992325901985
angle,1780513036704817937,2.0299999713897705,0,0.009999996051192284
angle,1780513036714818935,2.0299999713897705,0,0.010000001639127731
angle,1780513036724818461,2.0299999713897705,0,0.009999940171837807
angle,1780513036734818652,2.0299999713897705,0,0.009999996982514858
angle,1780513036744819340,2.0299999713897705,0,0.009999946691095829
angle,1780513036754819320,2.0299999713897705,0,0.00999994482845068
angle,1780513036764819324,2.0299999713897705,0,0.009999970905482769
angle,1780513036774819510,2.0299999713897705,0,0.009999971836805344
angle,1780513036784819741,2.0299999713897705,0,0.009999996982514858
angle,1780513036794820009,2.0299999713897705,0,0.009999978356063366
angle,1780513036804820236,2.0299999713897705,0,0.009999985806643963
angle,1780513036814820448,2.0299999713897705,0,0.009999965317547321
angle,1780513036824820771,2.0299999713897705,0,0.009999951347708702
angle,1780513036834821080,2.0299999713897705,0,0.009999965317547321
angle,1780513036844821417,2.0299999713897705,0,0.009999996982514858
angle,1780513036854821245,2.0299999713897705,0,0.009999954141676426
angle,1780513036864821978,2.0299999713897705,0,0.009999958798289299
angle,1780513036874823839,2.0299999713897705,0,0.009999865666031837
angle,1780513036884822240,2.0299999713897705,0,0.009999828413128853
angle,1780513036894822275,2.0299999713897705,0,0.009999964386224747
angle,1780513036904822568,2.0299999713897705,0,0.009999938309192657
angle,1780513036914823169,2.0299999713897705,0,0.009999956004321575
angle,1780513036924822984,2.0299999713897705,0,0.009999952279031277
angle,1780513036934823176,2.0299999713897705,0,0.009999941103160381
angle,1780513036944823712,2.0299999713897705,0,0.009999943897128105
angle,1780513036954823718,2.0299999713897705,0,0.009999934583902359
angle,1780513036964823809,2.0299999713897705,0,0.009999955072999
angle,1780513036974825968,2.0299999713897705,0,0.009999934583902359
angle,1780513036984824894,2.0299999713897705,0,0.009999888949096203
angle,1780513036994824557,2.0299999713897705,0,0.00999995693564415
angle,1780513037004824970,2.0299999713897705,0,0.009999972768127918
angle,1780513037014825296,2.0299999713897705,0,0.009999992325901985
angle,1780513037024825543,2.0299999713897705,0,0.009999996982514858
angle,1780513037034826435,2.0299999713897705,0,0.009999955072999
angle,1780513037044825868,2.0299999713897705,0,0.009999864734709263
angle,1780513037054826008,2.0299999713897705,0,0.009999990463256836
angle,1780513037064826333,2.0299999713897705,0,0.009999984875321388
angle,1780513037074827938,2.0299999713897705,0,0.009999996982514858
angle,1780513037084827063,2.0299999713897705,0,0.009999898262321949
angle,1780513037094827049,2.0299999713897705,0,0.009999911300837994
angle,1780513037104827703,2.0299999713897705,0,0.01000000536441803
angle,1780513037114827379,2.0299999713897705,0,0.009999957866966724
angle,1780513037124827698,2.0299999713897705,0,0.00999995693564415
angle,1780513037134828218,2.0299999713897705,0,0.009999946691095829
angle,1780513037144828542,2.0299999713897705,0,0.009999879635870457
angle,1780513037154828499,2.0299999713897705,0,0.00999999325722456
angle,1780513037164828731,2.0299999713897705,0,0.009999943897128105
angle,1780513037174828915,2.0299999713897705,0,0.009999938309192657
angle,1780513037184829464,2.0299999713897705,0,0.009999966248869896
angle,1780513037194829352,2.0299999713897705,0,0.0099998963996768
angle,1780513037204829693,2.0299999713897705,0,0.009999984875321388
angle,1780513037214830073,2.0299999713897705,0,0.00999997928738594
angle,1780513037224830120,2.0299999713897705,0,0.009999945759773254
angle,1780513037234830865,2.0299999713897705,0,0.01000000536441803
angle,1780513037244830401,2.0299999713897705,0,0.010000000707805157
angle,1780513037254830617,2.0299999713897705,0,0.009999940171837807
angle,1780513037264830886,2.0299999713897705,0,0.009999978356063366
angle,1780513037274831520,2.0299999713897705,0,0.010000002570450306
angle,1780513037284831534,2.0299999713897705,0,0.010000006295740604
angle,1780513037294831645,2.0299999713897705,0,0.009999977424740791
angle,1780513037304831913,2.0299999713897705,0,0.009999977424740791
angle,1780513037314831832,2.0299999713897705,0,0.009999887086451054
angle,1780513037324831970,2.0299999713897705,0,0.0099998963996768
angle,1780513037334832751,2.0299999713897705,0,0.010000004433095455
angle,1780513037344832741,2.0299999713897705,0,0.009999992325901985
angle,1780513037354832951,2.0299999713897705,0,0.009999982081353664
angle,1780513037364833126,2.0299999713897705,0,0.009999955072999
angle,1780513037374833219,2.0299999713897705,0,0.009999953210353851
angle,1780513037384833479,2.0299999713897705,0,0.009999939240515232
angle,1780513037394833758,2.0299999713897705,0,0.009999887086451054
angle,1780513037404833768,2.0299999713897705,0,0.009999974630773067
angle,1780513037414834063,2.0299999713897705,0,0.009999996051192284
angle,1780513037424834581,2.0299999713897705,0,0.009999965317547321
angle,1780513037434843075,2.0299999713897705,0,0.009999988600611687
angle,1780513037444835802,2.0299999713897705,0,0.009998713620007038
angle,1780513037454836130,2.0299999713897705,0,0.010000000707805157
angle,1780513037464836401,2.0299999713897705,0,0.010000001639127731
angle,1780513037474836952,2.0299999713897705,0,0.009999995119869709
angle,1780513037484838705,2.0299999713897705,0,0.010000007227063179
angle,1780513037494837233,2.0299999713897705,0,0.009999524801969528
angle,1780513037504837605,2.0299999713897705,0,0.00999997928738594
angle,1780513037514837598,2.0299999713897705,0,0.009999943897128105
angle,1780513037524838002,2.0299999713897705,0,0.009999994188547134
angle,1780513037534838261,2.0299999713897705,0,0.009999970905482769
angle,1780513037544838433,2.0299999713897705,0,0.009999958798289299
angle,1780513037554838678,2.0299999713897705,0,0.009999992325901985
angle,1780513037564839120,2.0299999713897705,0,0.009999947622418404
angle,1780513037574839210,2.0299999713897705,0,0.010000002570450306
angle,1780513037584839969,2.0299999713897705,0,0.009999957866966724
angle,1780513037594839575,2.0299999713897705,0,0.009999879635870457
angle,1780513037604839989,2.0299999713897705,0,0.009999998845160007
angle,1780513037614840478,2.0299999713897705,0,0.009999964386224747
angle,1780513037624840592,2.0299999713897705,0,0.009999969974160194
angle,1780513037634840884,2.0299999713897705,0,0.009999994188547134
angle,1780513037644841103,2.0299999713897705,0,0.00999994482845068
angle,1780513037654841494,2.0299999713897705,0,0.009999994188547134
angle,1780513037664841355,2.0299999713897705,0,0.00999995693564415
angle,1780513037674841735,2.0299999713897705,0,0.009999986737966537
angle,1780513037684841967,2.0299999713897705,0,0.009999998845160007
angle,1780513037694842616,2.0299999713897705,0,0.009999987669289112
angle,1780513037704842644,2.0299999713897705,0,0.009999951347708702
angle,1780513037714842874,2.0299999713897705,0,0.010000007227063179
angle,1780513037724843115,2.0299999713897705,0,0.009999959729611874
angle,1780513037734843514,2.0299999713897705,0,0.009999963454902172
angle,1780513037744844117,2.0299999713897705,0,0.00999996718019247
angle,1780513037754843952,2.0299999713897705,0,0.009999968111515045
angle,1780513037764844075,2.0299999713897705,0,0.009999950416386127
angle,1780513037774844186,2.0299999713897705,0,0.009999985806643963
angle,1780513037784844770,2.0299999713897705,0,0.00999997928738594
angle,1780513037794844666,2.0299999713897705,0,0.00999999139457941
angle,1780513037804844818,2.0299999713897705,0,0.009999939240515232
angle,1780513037814844987,2.0299999713897705,0,0.009999968111515045
angle,1780513037824845719,2.0299999713897705,0,0.009999990463256836
angle,1780513037834845581,2.0299999713897705,0,0.009999849833548069
angle,1780513037844845880,2.0299999713897705,0,0.009999971836805344
angle,1780513037854845954,2.0299999713897705,0,0.009999995119869709
angle,1780513037864846611,2.0299999713897705,0,0.010000002570450306
angle,1780513037874846381,2.0299999713897705,0,0.009999902918934822
angle,1780513037884847356,2.0299999713897705,0,0.009999994188547134
angle,1780513037894847214,2.0299999713897705,0,0.009999959729611874
angle,1780513037904847341,2.0299999713897705,0,0.009999955072999
angle,1780513037914849342,2.0299999713897705,0,0.009999980218708515
angle,1780513037924850199,2.0299999713897705,0,0.009999880567193031
angle,1780513037934849783,2.0299999713897705,0,0.009999923408031464
angle,1780513037944848728,2.0299999713897705,0,0.009999658912420273
angle,1780513037954848299,2.0299999713897705,0,0.009999952279031277
angle,1780513037964848714,2.0299999713897705,0,0.009999970905482769
angle,1780513037974851091,2.0299999713897705,0,0.009999943897128105
angle,1780513037984848993,2.0299999713897705,0,0.009999939240515232
angle,1780513037994849148,2.0299999713897705,0,0.009999992325901985
angle,1780513038004849687,2.0299999713897705,0,0.009999937377870083
angle,1780513038014850890,2.0299999713897705,0,0.009999942034482956
angle,1780513038024849898,2.0299999713897705,0,0.009999899193644524
angle,1780513038034850908,2.0299999713897705,0,0.009999965317547321
angle,1780513038044850437,2.0299999713897705,0,0.00999997928738594
angle,1780513038054850670,2.0299999713897705,0,0.010000007227063179
angle,1780513038064850909,2.0299999713897705,0,0.009999946691095829
angle,1780513038074853139,2.0299999713897705,0,0.010000046342611313
angle,1780513038084851767,2.0299999713897705,0,0.009999892674386501
angle,1780513038094851777,2.0299999713897705,0,0.00999999139457941
angle,1780513038104851894,2.0299999713897705,0,0.009999955072999
angle,1780513038114852361,2.0299999713897705,0,0.009999960660934448
angle,1780513038124852282,2.0299999713897705,0,0.009999971836805344
angle,1780513038134852613,2.0299999713897705,0,0.009999984875321388
angle,1780513038144852871,2.0299999713897705,0,0.009999965317547321
angle,1780513038154852950,2.0299999713897705,0,0.009999971836805344
angle,1780513038164853207,2.0299999713897705,0,0.009999936446547508
angle,1780513038174853321,2.0299999713897705,0,0.009999947622418404
angle,1780513038184853812,2.0299999713897705,0,0.009999941103160381
angle,1780513038194853827,2.0299999713897705,0,0.00999995693564415
angle,1780513038204854377,2.0299999713897705,0,0.009999953210353851
angle,1780513038214854411,2.0299999713897705,0,0.00999999139457941
angle,1780513038224854743,2.0299999713897705,0,0.009999966248869896
angle,1780513038234855057,2.0299999713897705,0,0.009999980218708515
angle,1780513038244855379,2.0299999713897705,0,0.009999886155128479
angle,1780513038254855134,2.0299999713897705,0,0.010000000707805157
angle,1780513038264855508,2.0299999713897705,0,0.009999995119869709
angle,1780513038274855840,2.0299999713897705,0,0.009999992325901985
angle,1780513038284856225,2.0299999713897705,0,0.009999954141676426
angle,1780513038294856970,2.0299999713897705,0,0.010000007227063179
angle,1780513038304856459,2.0299999713897705,0,0.009999951347708702
angle,1780513038314856567,2.0299999713897705,0,0.009999990463256836
angle,1780513038324856877,2.0299999713897705,0,0.009999943897128105
angle,1780513038334857759,2.0299999713897705,0,0.009999939240515232
angle,1780513038344857405,2.0299999713897705,0,0.009999983012676239
angle,1780513038354857546,2.0299999713897705,0,0.010000002570450306
angle,1780513038364858138,2.0299999713897705,0,0.009999970905482769
angle,1780513038374858024,2.0299999713897705,0,0.009999946691095829
angle,1780513038384859164,2.0299999713897705,0,0.010000002570450306
angle,1780513038394858419,2.0299999713897705,0,0.009999832138419151
angle,1780513038404858697,2.0299999713897705,0,0.009999987669289112
angle,1780513038414858870,2.0299999713897705,0,0.009999973699450493
angle,1780513038424859182,2.0299999713897705,0,0.009999987669289112
angle,1780513038434860843,2.0299999713897705,0,0.009999931789934635
angle,1780513038444859722,2.0299999713897705,0,0.00999986007809639
angle,1780513038454860457,2.0299999713897705,0,0.009999977424740791
angle,1780513038464860162,2.0299999713897705,0,0.009999982081353664
angle,1780513038474860641,2.0299999713897705,0,0.009999959729611874
angle,1780513038484861112,2.0299999713897705,0,0.009999940171837807
angle,1780513038494863264,2.0299999713897705,0,0.009999958798289299
angle,1780513038504863008,2.0299999713897705,0,0.009999899193644524
angle,1780513038514862215,2.0299999713897705,0,0.009999898262321949
angle,1780513038524861954,2.0299999713897705,0,0.009999911300837994
angle,1780513038534862366,2.0299999713897705,0,0.010000000707805157
angle,1780513038544862336,2.0299999713897705,0,0.009999937377870083
angle,1780513038554862533,2.0299999713897705,0,0.00999994482845068
angle,1780513038564862798,2.0299999713897705,0,0.009999958798289299
angle,1780513038574863122,2.0299999713897705,0,0.009999983943998814
angle,1780513038584863450,2.0299999713897705,0,0.009999963454902172
angle,1780513038594863648,2.0299999713897705,0,0.009999988600611687
angle,1780513038604863856,2.0299999713897705,0,0.009999969974160194
angle,1780513038614863971,2.0299999713897705,0,0.01000000536441803
angle,1780513038624864515,2.0299999713897705,0,0.009999980218708515
angle,1780513038634864446,2.0299999713897705,0,0.009999982081353664
angle,1780513038644864735,2.0299999713897705,0,0.009999951347708702
angle,1780513038654864982,2.0299999713897705,0,0.00999995693564415
angle,1780513038664865539,2.0299999713897705,0,0.009999958798289299
angle,1780513038674865328,2.0299999713897705,0,0.009999966248869896
angle,1780513038684865489,2.0299999713897705,0,0.009999937377870083
angle,1780513038694865580,2.0299999713897705,0,0.009999964386224747
angle,1780513038704865634,2.0299999713897705,0,0.009999934583902359
angle,1780513038714866057,2.0299999713897705,0,0.010000004433095455
angle,1780513038724866343,2.0299999713897705,0,0.009999992325901985
angle,1780513038734866472,2.0299999713897705,0,0.009999950416386127
angle,1780513038744866756,2.0299999713897705,0,0.009999966248869896
angle,1780513038754867139,2.0299999713897705,0,0.009999947622418404
angle,1780513038764867196,2.0299999713897705,0,0.009999990463256836
angle,1780513038774867385,2.0299999713897705,0,0.009999978356063366
angle,1780513038784867651,2.0299999713897705,0,0.009999950416386127
angle,1780513038794868064,2.0299999713897705,0,0.00999995693564415
angle,1780513038804868448,2.0299999713897705,0,0.009999996051192284
angle,1780513038814868423,2.0299999713897705,0,0.009999934583902359
angle,1780513038824868890,2.0299999713897705,0,0.009999933652579784
angle,1780513038834868829,2.0299999713897705,0,0.009999955072999
angle,1780513038844869095,2.0299999713897705,0,0.00999994296580553
angle,1780513038854869320,2.0299999713897705,0,0.009999999776482582
angle,1780513038864869468,2.0299999713897705,0,0.009999965317547321
angle,1780513038874869934,2.0299999713897705,0,0.009999973699450493
angle,1780513038884870448,2.0299999713897705,0,0.009999948553740978
angle,1780513038894870166,2.0299999713897705,0,0.009999929927289486
angle,1780513038904870299,2.0299999713897705,0,0.010000006295740604
angle,1780513038914870616,2.0299999713897705,0,0.009999972768127918
angle,1780513038924870831,2.0299999713897705,0,0.009999937377870083
angle,1780513038934870958,2.0299999713897705,0,0.00999997928738594
angle,1780513038944872026,2.0299999713897705,0,0.010000058449804783
angle,1780513038954871864,2.0299999713897705,0,0.009999912232160568
angle,1780513038964871898,2.0299999713897705,0,0.009999950416386127
angle,1780513038974873204,2.0299999713897705,0,0.009999953210353851
angle,1780513038984872307,2.0299999713897705,0,0.009999904781579971
angle,1780513038994872569,2.0299999713897705,0,0.009999959729611874
angle,1780513039004872855,2.0299999713897705,0,0.009999862872064114
angle,1780513039014873371,2.0299999713897705,0,0.009999997913837433
angle,1780513039024873363,2.0299999713897705,0,0.00999996904283762
angle,1780513039034873494,2.0299999713897705,0,0.009999968111515045
angle,1780513039044874105,2.0299999713897705,0,0.009999933652579784
angle,1780513039054874096,2.0299999713897705,0,0.009999904781579971
angle,1780513039064874762,2.0299999713897705,0,0.009999974630773067
angle,1780513039074874630,2.0299999713897705,0,0.009999978356063366
angle,1780513039084876212,2.0299999713897705,0,0.009999968111515045
angle,1780513039094875597,2.0299999713897705,0,0.0099998963996768
angle,1780513039104875527,2.0299999713897705,0,0.010000000707805157
angle,1780513039114875553,2.0299999713897705,0,0.009999934583902359
angle,1780513039124875726,2.0299999713897705,0,0.009999963454902172
angle,1780513039134876035,2.0299999713897705,0,0.009999986737966537
angle,1780513039144876265,2.0299999713897705,0,0.009999960660934448
angle,1780513039154876994,2.0299999713897705,0,0.009999907575547695
angle,1780513039164876663,2.0299999713897705,0,0.009999954141676426
angle,1780513039174876871,2.0299999713897705,0,0.00999993272125721
angle,1780513039184876854,2.0299999713897705,0,0.009999943897128105
angle,1780513039194877402,2.0299999713897705,0,0.00999995693564415
angle,1780513039204877446,2.0299999713897705,0,0.009999985806643963
angle,1780513039214877890,2.0299999713897705,0,0.009999946691095829
angle,1780513039224878183,2.0299999713897705,0,0.009999988600611687
angle,1780513039234879403,2.0299999713897705,0,0.009999996051192284
angle,1780513039244879011,2.0299999713897705,0,0.009999904781579971
angle,1780513039254878910,2.0299999713897705,0,0.009999917820096016
angle,1780513039264878941,2.0299999713897705,0,0.009999970905482769
angle,1780513039274879476,2.0299999713897705,0,0.009999959729611874
angle,1780513039284879657,2.0299999713897705,0,0.009999966248869896
angle,1780513039294879947,2.0299999713897705,0,0.010000002570450306
angle,1780513039304880436,2.0299999713897705,0,0.00999996718019247
angle,1780513039314880664,2.0299999713897705,0,0.00999992061406374
angle,1780513039324880865,2.0299999713897705,0,0.009999941103160381
angle,1780513039334881248,2.0299999713897705,0,0.009999990463256836
angle,1780513039344881408,2.0299999713897705,0,0.009999986737966537
angle,1780513039354881366,2.0299999713897705,0,0.009999984875321388
angle,1780513039364881747,2.0299999713897705,0,0.009999948553740978
angle,1780513039374882175,2.0299999713897705,0,0.009999927133321762
angle,1780513039384882364,2.0299999713897705,0,0.009999943897128105
angle,1780513039394882712,2.0299999713897705,0,0.00999999139457941
angle,1780513039404882750,2.0299999713897705,0,0.009999982081353664
angle,1780513039414882988,2.0299999713897705,0,0.010000007227063179
angle,1780513039424883375,2.0299999713897705,0,0.009999972768127918
angle,1780513039434883449,2.0299999713897705,0,0.009999955072999
angle,1780513039444883924,2.0299999713897705,0,0.00999999139457941
angle,1780513039454883986,2.0299999713897705,0,0.009999983943998814
angle,1780513039464884359,2.0299999713897705,0,0.00999999325722456
angle,1780513039474884660,2.0299999713897705,0,0.009999999776482582
angle,1780513039484884692,2.0299999713897705,0,0.009999998845160007
angle,1780513039494885066,2.0299999713897705,0,0.009999964386224747
angle,1780513039504885042,2.0299999713897705,0,0.009999999776482582
angle,1780513039514885380,2.0299999713897705,0,0.00999996904283762
angle,1780513039524885721,2.0299999713897705,0,0.009999941103160381
angle,1780513039534885854,2.0299999713897705,0,0.009999970905482769
angle,1780513039544886171,2.0299999713897705,0,0.009999937377870083
angle,1780513039554886650,2.0299999713897705,0,0.00999988429248333
angle,1780513039564886489,2.0299999713897705,0,0.009999952279031277
angle,1780513039574886632,2.0299999713897705,0,0.009999959729611874
angle,1780513039584889817,2.0299999713897705,0,0.009999959729611874
angle,1780513039594887675,2.0299999713897705,0,0.009999886155128479
angle,1780513039604887902,2.0299999713897705,0,0.00999997928738594
angle,1780513039614888111,2.0299999713897705,0,0.009999942034482956
angle,1780513039624888279,2.0299999713897705,0,0.009999996051192284
angle,1780513039634888570,2.0299999713897705,0,0.009999951347708702
angle,1780513039644888762,2.0299999713897705,0,0.009999983943998814
angle,1780513039654889048,2.0299999713897705,0,0.009999985806643963
angle,1780513039664889317,2.0299999713897705,0,0.00999998115003109
angle,1780513039674889600,2.0299999713897705,0,0.009999982081353664
angle,1780513039684889678,2.0299999713897705,0,0.01000000536441803
angle,1780513039694890293,2.0299999713897705,0,0.01000000536441803
angle,1780513039704890544,2.0299999713897705,0,0.009999998845160007
angle,1780513039714890665,2.0299999713897705,0,0.009999964386224747
angle,1780513039724890974,2.0299999713897705,0,0.010000000707805157
angle,1780513039734891424,2.0299999713897705,0,0.00999993085861206
angle,1780513039744891768,2.0299999713897705,0,0.010000008158385754
angle,1780513039754892995,2.0299999713897705,0,0.010000037960708141
angle,1780513039764893131,2.0299999713897705,0,0.00999993085861206
angle,1780513039774892302,2.0299999713897705,0,0.009999937377870083
angle,1780513039784892664,2.0299999713897705,0,0.009999970905482769
angle,1780513039794893042,2.0299999713897705,0,0.009999948553740978
angle,1780513039804893108,2.0299999713897705,0,0.009999959729611874
angle,1780513039814893392,2.0299999713897705,0,0.009999977424740791
angle,1780513039824893602,2.0299999713897705,0,0.010000004433095455
angle,1780513039834894100,2.0299999713897705,0,0.009999998845160007
angle,1780513039844894482,2.0299999713897705,0,0.009999971836805344
angle,1780513039854894394,2.0299999713897705,0,0.009999938309192657
angle,1780513039864894636,2.0299999713897705,0,0.009999966248869896
angle,1780513039874895082,2.0299999713897705,0,0.009999938309192657
angle,1780513039884895254,2.0299999713897705,0,0.009999998845160007
angle,1780513039894895576,2.0299999713897705,0,0.009999964386224747
angle,1780513039904895666,2.0299999713897705,0,0.009999966248869896
angle,1780513039914895825,2.0299999713897705,0,0.009999953210353851
angle,1780513039924896433,2.0299999713897705,0,0.009999959729611874
angle,1780513039934896380,2.0299999713897705,0,0.00999997928738594
angle,1780513039944897209,2.0299999713897705,0,0.009999960660934448
angle,1780513039954896894,2.0299999713897705,0,0.009999907575547695
angle,1780513039964898122,2.0299999713897705,0,0.009999951347708702
angle,1780513039974899563,2.0299999713897705,0,0.009999873116612434
angle,1780513039984898548,2.0299999713897705,0,0.009999936446547508
angle,1780513039994898313,2.0299999713897705,0,0.00999994296580553
angle,1780513040004899971,2.0299999713897705,0,0.009999994188547134
angle,1780513040014898767,2.0299999713897705,0,0.009999861940741539
angle,1780513040024898881,2.0299999713897705,0,0.009999999776482582
angle,1780513040034899306,2.0299999713897705,0,0.009999936446547508
angle,1780513040044899480,2.0299999713897705,0,0.009999969974160194
angle,1780513040054899577,2.0299999713897705,0,0.009999975562095642
angle,1780513040064899781,2.0299999713897705,0,0.009999954141676426
angle,1780513040074900523,2.0299999713897705,0,0.00999999139457941
angle,1780513040084902392,2.0299999713897705,0,0.009999888949096203
angle,1780513040094900845,2.0299999713897705,0,0.009999857284128666
angle,1780513040104900936,2.0299999713897705,0,0.009999955072999
angle,1780513040114901145,2.0299999713897705,0,0.009999966248869896
angle,1780513040124901838,2.0299999713897705,0,0.009999946691095829
angle,1780513040134901667,2.0299999713897705,0,0.009999938309192657
angle,1780513040144901982,2.0299999713897705,0,0.00999996718019247
angle,1780513040154902029,2.0299999713897705,0,0.009999972768127918
angle,1780513040164902470,2.0299999713897705,0,0.009999980218708515
angle,1780513040174902612,2.0299999713897705,0,0.009999942034482956
angle,1780513040184903017,2.0299999713897705,0,0.00999999325722456
angle,1780513040194903250,2.0299999713897705,0,0.009999938309192657
angle,1780513040204903305,2.0299999713897705,0,0.00999998115003109
angle,1780513040214903921,2.0299999713897705,0,0.009999942034482956
angle,1780513040224903839,2.0299999713897705,0,0.009999948553740978
angle,1780513040234903954,2.0299999713897705,0,0.009999968111515045
angle,1780513040244904199,2.0299999713897705,0,0.009999990463256836
angle,1780513040254904808,2.0299999713897705,0,0.009999971836805344
angle,1780513040264904752,2.0299999713897705,0,0.009999951347708702
angle,1780513040274905233,2.0299999713897705,0,0.009999997913837433
angle,1780513040284905317,2.0299999713897705,0,0.009999915026128292
angle,1780513040294905416,2.0299999713897705,0,0.009999975562095642
angle,1780513040304905981,2.0299999713897705,0,0.009999987669289112
angle,1780513040314905846,2.0299999713897705,0,0.009999971836805344
angle,1780513040324906096,2.0299999713897705,0,0.009999996982514858
angle,1780513040334906609,2.0299999713897705,0,0.01000002957880497
angle,1780513040344908369,2.0299999713897705,0,0.009999992325901985
angle,1780513040354907490,2.0299999713897705,0,0.009999831207096577
angle,1780513040364907387,2.0299999713897705,0,0.009999965317547321
angle,1780513040374907565,2.0299999713897705,0,0.009999934583902359
angle,1780513040384907741,2.0299999713897705,0,0.009999983012676239
angle,1780513040394907854,2.0299999713897705,0,0.009999978356063366
angle,1780513040404908442,2.0299999713897705,0,0.009999942034482956
angle,1780513040414908267,2.0299999713897705,0,0.009999969974160194
angle,1780513040424908452,2.0299999713897705,0,0.00999998115003109
angle,1780513040434908772,2.0299999713897705,0,0.010000000707805157
angle,1780513040444909305,2.0299999713897705,0,0.009999954141676426
angle,1780513040454909439,2.0299999713897705,0,0.009999970905482769
angle,1780513040464909465,2.0299999713897705,0,0.009999975562095642
angle,1780513040474910150,2.0299999713897705,0,0.009999954141676426
angle,1780513040484909883,2.0299999713897705,0,0.009999875910580158
angle,1780513040494910286,2.0299999713897705,0,0.009999985806643963
angle,1780513040504910512,2.0299999713897705,0,0.009999945759773254
angle,1780513040514910683,2.0299999713897705,0,0.009999921545386314
angle,1780513040524911111,2.0299999713897705,0,0.009999973699450493
angle,1780513040534911190,2.0299999713897705,0,0.009999961592257023
angle,1780513040544911425,2.0299999713897705,0,0.00999994482845068
angle,1780513040554911733,2.0299999713897705,0,0.009999998845160007
angle,1780513040564912272,2.0299999713897705,0,0.009999928995966911
angle,1780513040574912202,2.0299999713897705,0,0.009999954141676426
angle,1780513040584912198,2.0299999713897705,0,0.009999988600611687
angle,1780513040594912931,2.0299999713897705,0,0.01000002957880497
angle,1780513040604913192,2.0299999713897705,0,0.009999942034482956
angle,1780513040614913472,2.0299999713897705,0,0.009999994188547134
angle,1780513040624913827,2.0299999713897705,0,0.009999999776482582
angle,1780513040634914165,2.0299999713897705,0,0.009999996051192284
angle,1780513040644914170,2.0299999713897705,0,0.00999998115003109
angle,1780513040654914663,2.0299999713897705,0,0.009999938309192657
angle,1780513040664914627,2.0299999713897705,0,0.009999959729611874
angle,1780513040674914811,2.0299999713897705,0,0.009999957866966724
angle,1780513040684915229,2.0299999713897705,0,0.009999938309192657
angle,1780513040694915472,2.0299999713897705,0,0.009999983012676239
angle,1780513040704915955,2.0299999713897705,0,0.009999964386224747
angle,1780513040714916063,2.0299999713897705,0,0.009999980218708515
angle,1780513040724916283,2.0299999713897705,0,0.009999938309192657
angle,1780513040734916555,2.0299999713897705,0,0.010000004433095455
angle,1780513040744916973,2.0299999713897705,0,0.009999956004321575
angle,1780513040754917195,2.0299999713897705,0,0.00999996718019247
angle,1780513040764917233,2.0299999713897705,0,0.009999941103160381
angle,1780513040774917314,2.0299999713897705,0,0.009999970905482769
angle,1780513040784917530,2.0299999713897705,0,0.009999990463256836
angle,1780513040794917769,2.0299999713897705,0,0.009999997913837433
angle,1780513040804918114,2.0299999713897705,0,0.010000000707805157
angle,1780513040814918145,2.0299999713897705,0,0.009999987669289112
angle,1780513040824918194,2.0299999713897705,0,0.009999963454902172
angle,1780513040834918575,2.0299999713897705,0,0.009999960660934448
angle,1780513040844918826,2.0299999713897705,0,0.009999964386224747
angle,1780513040854919924,2.0299999713897705,0,0.009999998845160007
angle,1780513040864919451,2.0299999713897705,0,0.009999891743063927
angle,1780513040874919871,2.0299999713897705,0,0.00999998115003109
angle,1780513040884919765,2.0299999713897705,0,0.009999957866966724
angle,1780513040894920281,2.0299999713897705,0,0.009999988600611687
angle,1780513040904920581,2.0299999713897705,0,0.009999978356063366
angle,1780513040914920396,2.0299999713897705,0,0.009999865666031837
angle,1780513040924920641,2.0299999713897705,0,0.009999987669289112
angle,1780513040934921143,2.0299999713897705,0,0.009999943897128105
angle,1780513040944921987,2.0299999713897705,0,0.009999957866966724
angle,1780513040954921635,2.0299999713897705,0,0.009999901987612247
angle,1780513040964921682,2.0299999713897705,0,0.009999980218708515
angle,1780513040974922947,2.0299999713897705,0,0.009999998845160007
angle,1780513040984922794,2.0299999713897705,0,0.009999806061387062
angle,1780513040994922622,2.0299999713897705,0,0.009999898262321949
angle,1780513041004923657,2.0299999713897705,0,0.010000007227063179
angle,1780513041014923195,2.0299999713897705,0,0.009999889880418777
angle,1780513041024923160,2.0299999713897705,0,0.009999948553740978
angle,1780513041036700790,2.0299999713897705,0,0.011776900850236416
angle,1780513041046701134,2.0299999713897705,0,0.009999926201999187
angle,1780513041056701430,2.0299999713897705,0,0.00999994296580553
angle,1780513041066701481,2.0299999713897705,0,0.009999977424740791
angle,1780513041076701779,2.0299999713897705,0,0.009999990463256836
angle,1780513041086703504,2.0299999713897705,0,0.010000007227063179
angle,1780513041096702575,2.0299999713897705,0,0.009999907575547695
angle,1780513041106702508,2.0299999713897705,0,0.009999940171837807
angle,1780513041116702684,2.0299999713897705,0,0.009999983943998814
angle,1780513041126702938,2.0299999713897705,0,0.009999983943998814
angle,1780513041136703061,2.0299999713897705,0,0.009999992325901985
angle,1780513041146703287,2.0299999713897705,0,0.010000010021030903
angle,1780513041156704090,2.0299999713897705,0,0.009999983943998814
angle,1780513041166703692,2.0299999713897705,0,0.009999960660934448
angle,1780513041176703775,2.0299999713897705,0,0.009999970905482769
angle,1780513041186704390,2.0299999713897705,0,0.010000000707805157
angle,1780513041196704279,2.0299999713897705,0,0.009999997913837433
angle,1780513041206705102,2.0299999713897705,0,0.00999999139457941
angle,1780513041216705230,2.0299999713897705,0,0.01000003982335329
angle,1780513041226705380,2.0299999713897705,0,0.009999915957450867
angle,1780513041236705426,2.0299999713897705,0,0.00999997928738594
angle,1780513041246705463,2.0299999713897705,0,0.009999945759773254
angle,1780513041256706156,2.0299999713897705,0,0.009999970905482769
angle,1780513041266706116,2.0299999713897705,0,0.009999926201999187
angle,1780513041276706295,2.0299999713897705,0,0.009999973699450493
angle,1780513041286706687,2.0299999713897705,0,0.009999959729611874
angle,1780513041296706557,2.0299999713897705,0,0.010000010021030903
angle,1780513041306707075,2.0299999713897705,0,0.009999937377870083
angle,1780513041316707480,2.0299999713897705,0,0.009999921545386314
angle,1780513041326707389,2.0299999713897705,0,0.00999999139457941
angle,1780513041336708374,2.0299999713897705,0,0.00999996904283762
angle,1780513041346708249,2.0299999713897705,0,0.009999950416386127
angle,1780513041356708286,2.0299999713897705,0,0.009999946691095829
angle,1780513041366708449,2.0299999713897705,0,0.009999888017773628
angle,1780513041376708544,2.0299999713897705,0,0.010000000707805157
angle,1780513041386708706,2.0299999713897705,0,0.009999983943998814
angle,1780513041396709048,2.0299999713897705,0,0.009999988600611687
angle,1780513041406709348,2.0299999713897705,0,0.009999950416386127
angle,1780513041416709402,2.0299999713897705,0,0.00999998115003109
angle,1780513041426709776,2.0299999713897705,0,0.010000002570450306
angle,1780513041436710258,2.0299999713897705,0,0.010000000707805157
angle,1780513041446710227,2.0299999713897705,0,0.009999954141676426
angle,1780513041456710618,2.0299999713897705,0,0.009999964386224747
angle,1780513041466710639,2.0299999713897705,0,0.009999978356063366
angle,1780513041476710863,2.0299999713897705,0,0.009999985806643963
angle,1780513041486711120,2.0299999713897705,0,0.00999998115003109
angle,1780513041496711355,2.0299999713897705,0,0.009999997913837433
angle,1780513041506711671,2.0299999713897705,0,0.009999937377870083
angle,1780513041516711981,2.0299999713897705,0,0.010000009089708328
angle,1780513041526712360,2.0299999713897705,0,0.009999969974160194
angle,1780513041536712318,2.0299999713897705,0,0.009999996051192284
angle,1780513041546712565,2.0299999713897705,0,0.009999965317547321
angle,1780513041556712983,2.0299999713897705,0,0.009999934583902359
angle,1780513041566712920,2.0299999713897705,0,0.009999916888773441
angle,1780513041576713005,2.0299999713897705,0,0.009999952279031277
angle,1780513041586713366,2.0299999713897705,0,0.00999994296580553
angle,1780513041596713883,2.0299999713897705,0,0.009999939240515232
angle,1780513041606713876,2.0299999713897705,0,0.00999998115003109
angle,1780513041616714642,2.0299999713897705,0,0.009999982081353664
angle,1780513041626714330,2.0299999713897705,0,0.009999941103160381
angle,1780513041636714608,2.0299999713897705,0,0.009999947622418404
angle,1780513041646714898,2.0299999713897705,0,0.009999986737966537
angle,1780513041656715664,2.0299999713897705,0,0.00999999139457941
angle,1780513041666715331,2.0299999713897705,0,0.01000000536441803
angle,1780513041676715758,2.0299999713897705,0,0.009999948553740978
angle,1780513041686715773,2.0299999713897705,0,0.009999977424740791
angle,1780513041696715877,2.0299999713897705,0,0.00999994482845068
angle,1780513041706716192,2.0299999713897705,0,0.010000001639127731
angle,1780513041716716962,2.0299999713897705,0,0.009999988600611687
angle,1780513041726716466,2.0299999713897705,0,0.009999874979257584
angle,1780513041736716848,2.0299999713897705,0,0.009999998845160007
angle,1780513041746717285,2.0299999713897705,0,0.009999937377870083
angle,1780513041756717669,2.0299999713897705,0,0.01000002771615982
angle,1780513041766717467,2.0299999713897705,0,0.009999965317547321
angle,1780513041776717712,2.0299999713897705,0,0.009999972768127918
angle,1780513041786718032,2.0299999713897705,0,0.009999963454902172
angle,1780513041796718444,2.0299999713897705,0,0.009999992325901985
angle,1780513041806718783,2.0299999713897705,0,0.009999985806643963
angle,1780513041816718908,2.0299999713897705,0,0.009999984875321388
angle,1780513041826719109,2.0299999713897705,0,0.010000002570450306
angle,1780513041836719779,2.0299999713897705,0,0.009999947622418404
angle,1780513041846719699,2.0299999713897705,0,0.009999951347708702
angle,1780513041856719755,2.0299999713897705,0,0.009999948553740978
angle,1780513041866719989,2.0299999713897705,0,0.009999956004321575
angle,1780513041876721092,2.0299999713897705,0,0.010000023990869522
angle,1780513041886722332,2.0299999713897705,0,0.00999994296580553
angle,1780513041896721036,2.0299999713897705,0,0.009999848902225494
angle,1780513041906721303,2.0299999713897705,0,0.009999942034482956
angle,1780513041916721248,2.0299999713897705,0,0.00999997928738594
angle,1780513041926721463,2.0299999713897705,0,0.009999965317547321
angle,1780513041936721645,2.0299999713897705,0,0.009999956004321575
angle,1780513041946722970,2.0299999713897705,0,0.010000006295740604
angle,1780513041956722249,2.0299999713897705,0,0.00999997928738594
angle,1780513041966722596,2.0299999713897705,0,0.009999996982514858
angle,1780513041976724958,2.0299999713897705,0,0.009999883361160755
angle,1780513041986723071,2.0299999713897705,0,0.009999923408031464
angle,1780513041996723215,2.0299999713897705,0,0.010000004433095455
angle,1780513042006723753,2.0299999713897705,0,0.009999925270676613
angle,1780513042016723875,2.0299999713897705,0,0.009999990463256836
angle,1780513042026723871,2.0299999713897705,0,0.009999988600611687
angle,1780513042036724620,2.0299999713897705,0,0.009999938309192657
angle,1780513042046724400,2.0299999713897705,0,0.009999975562095642
angle,1780513042056724701,2.0299999713897705,0,0.010000006295740604
angle,1780513042066726407,2.0299999713897705,0,0.009999938309192657
angle,1780513042076725302,2.0299999713897705,0,0.009999900124967098
angle,1780513042086726961,2.0299999713897705,0,0.010000006295740604
angle,1780513042096726169,2.0299999713897705,0,0.00999985821545124
angle,1780513042106726014,2.0299999713897705,0,0.009999997913837433
angle,1780513042116726100,2.0299999713897705,0,0.009999952279031277
angle,1780513042126726232,2.0299999713897705,0,0.009999942034482956
angle,1780513042136726334,2.0299999713897705,0,0.009999945759773254
angle,1780513042146726781,2.0299999713897705,0,0.009999980218708515
angle,1780513042156726979,2.0299999713897705,0,0.009999960660934448
angle,1780513042166727232,2.0299999713897705,0,0.009999966248869896
angle,1780513042176727748,2.0299999713897705,0,0.009999965317547321
angle,1780513042186727512,2.0299999713897705,0,0.009999971836805344
angle,1780513042196727931,2.0299999713897705,0,0.009999975562095642
angle,1780513042206728167,2.0299999713897705,0,0.010000001639127731
angle,1780513042216728736,2.0299999713897705,0,0.009999996982514858
angle,1780513042226728518,2.0299999713897705,0,0.00999994296580553
angle,1780513042236728975,2.0299999713897705,0,0.009999990463256836
angle,1780513042246729090,2.0299999713897705,0,0.009999940171837807
angle,1780513042256729235,2.0299999713897705,0,0.009999986737966537
angle,1780513042266730146,2.0299999713897705,0,0.009999954141676426
angle,1780513042276729797,2.0299999713897705,0,0.009999973699450493
angle,1780513042286730076,2.0299999713897705,0,0.009999988600611687
angle,1780513042296730844,2.0299999713897705,0,0.009999947622418404
angle,1780513042306731258,2.0299999713897705,0,0.010000000707805157
angle,1780513042316731136,2.0299999713897705,0,0.009999966248869896
angle,1780513042326730979,2.0299999713897705,0,0.009999973699450493
angle,1780513042336731272,2.0299999713897705,0,0.009999971836805344
angle,1780513042346731320,2.0299999713897705,0,0.009999940171837807
angle,1780513042356731578,2.0299999713897705,0,0.009999978356063366
angle,1780513042366732288,2.0299999713897705,0,0.009999973699450493
angle,1780513042376732189,2.0299999713897705,0,0.009999897330999374
angle,1780513042386732345,2.0299999713897705,0,0.009999959729611874
angle,1780513042396732861,2.0299999713897705,0,0.009999982081353664
angle,1780513042406732942,2.0299999713897705,0,0.009999966248869896
angle,1780513042416732860,2.0299999713897705,0,0.009999958798289299
angle,1780513042426732997,2.0299999713897705,0,0.009999956004321575
angle,1780513042436733637,2.0299999713897705,0,0.009999995119869709
angle,1780513042446733583,2.0299999713897705,0,0.009999973699450493
angle,1780513042456733896,2.0299999713897705,0,0.009999957866966724
angle,1780513042466734230,2.0299999713897705,0,0.009999994188547134
angle,1780513042476734184,2.0299999713897705,0,0.009999974630773067
angle,1780513042486734375,2.0299999713897705,0,0.009999969974160194
angle,1780513042496734585,2.0299999713897705,0,0.009999943897128105
angle,1780513042506734890,2.0299999713897705,0,0.00999996904283762
angle,1780513042516735110,2.0299999713897705,0,0.009999948553740978
angle,1780513042526735794,2.0299999713897705,0,0.009999985806643963
angle,1780513042536735605,2.0299999713897705,0,0.01000000536441803
angle,1780513042546736041,2.0299999713897705,0,0.009999992325901985
angle,1780513042556736052,2.0299999713897705,0,0.009999939240515232
angle,1780513042566736567,2.0299999713897705,0,0.009999966248869896
angle,1780513042576736633,2.0299999713897705,0,0.009999988600611687
angle,1780513042586737019,2.0299999713897705,0,0.009999937377870083
angle,1780513042596737298,2.0299999713897705,0,0.009999985806643963
angle,1780513042606737314,2.0299999713897705,0,0.009999975562095642
angle,1780513042616737425,2.0299999713897705,0,0.00999996904283762
angle,1780513042626737786,2.0299999713897705,0,0.009999992325901985
angle,1780513042636737952,2.0299999713897705,0,0.010000002570450306
angle,1780513042646738261,2.0299999713897705,0,0.009999985806643963
angle,1780513042656738702,2.0299999713897705,0,0.009999938309192657
angle,1780513042666739889,2.0299999713897705,0,0.009999987669289112
angle,1780513042676739079,2.0299999713897705,0,0.00999995693564415
angle,1780513042686739571,2.0299999713897705,0,0.009999947622418404
angle,1780513042696739487,2.0299999713897705,0,0.009999999776482582
angle,1780513042706739670,2.0299999713897705,0,0.00999999139457941
angle,1780513042716739951,2.0299999713897705,0,0.009999941103160381
angle,1780513042726740186,2.0299999713897705,0,0.010000008158385754
angle,1780513042736740445,2.0299999713897705,0,0.009999938309192657
angle,1780513042746740631,2.0299999713897705,0,0.00999996904283762
angle,1780513042756740860,2.0299999713897705,0,0.009999985806643963
angle,1780513042766741619,2.0299999713897705,0,0.009999980218708515
angle,1780513042776741262,2.0299999713897705,0,0.009999959729611874
angle,1780513042786741586,2.0299999713897705,0,0.010000002570450306
angle,1780513042796741852,2.0299999713897705,0,0.009999985806643963
angle,1780513042806742242,2.0299999713897705,0,0.009999984875321388
angle,1780513042816742528,2.0299999713897705,0,0.009999951347708702
angle,1780513042826742569,2.0299999713897705,0,0.009999956004321575
angle,1780513042836743025,2.0299999713897705,0,0.009999995119869709
angle,1780513042846743155,2.0299999713897705,0,0.009999943897128105
angle,1780513042856743620,2.0299999713897705,0,0.009999969974160194
angle,1780513042876110264,2.0299999713897705,0,0.01936630718410015
angle,1780513042886110709,2.0299999713897705,0,0.009999950416386127
angle,1780513042896111199,2.0299999713897705,0,0.009999986737966537
angle,1780513042906110914,2.0299999713897705,0,0.009999972768127918
angle,1780513042916111828,2.0299999713897705,0,0.009999948553740978
angle,1780513042926111517,2.0299999713897705,0,0.010000002570450306
angle,1780513042936114020,2.0299999713897705,0,0.009999937377870083
angle,1780513042946114235,2.0299999713897705,0,0.009999901056289673
angle,1780513042956114235,2.0299999713897705,0,0.009999931789934635
angle,1780513042966113208,2.0299999713897705,0,0.009999958798289299
angle,1780513042976113297,2.0299999713897705,0,0.009999885223805904
angle,1780513042986113174,2.0299999713897705,0,0.009999927133321762
angle,1780513042996113199,2.0299999713897705,0,0.009999969974160194
angle,1780513043006113956,2.0299999713897705,0,0.01000000536441803
angle,1780513043016114098,2.0299999713897705,0,0.00999995693564415
angle,1780513043026113843,2.0299999713897705,0,0.009999950416386127
angle,1780513043036114131,2.0299999713897705,0,0.010000004433095455
angle,1780513043046114479,2.0299999713897705,0,0.00999996718019247
angle,1780513043056114443,2.0299999713897705,0,0.009999936446547508
angle,1780513043066115062,2.0299999713897705,0,0.009999975562095642
angle,1780513043076114956,2.0299999713897705,0,0.009999996982514858
angle,1780513043086117115,2.0299999713897705,0,0.009999947622418404
angle,1780513043096115610,2.0299999713897705,0,0.00999988429248333
angle,1780513043106115747,2.0299999713897705,0,0.009999964386224747
angle,1780513043116116600,2.0299999713897705,0,0.009999945759773254
angle,1780513043126116018,2.0299999713897705,0,0.009999955072999
angle,1780513043136116445,2.0299999713897705,0,0.009999971836805344
angle,1780513043146116455,2.0299999713897705,0,0.00999999325722456
angle,1780513043156116846,2.0299999713897705,0,0.009999933652579784
angle,1780513043166117246,2.0299999713897705,0,0.009999966248869896
angle,1780513043176117511,2.0299999713897705,0,0.009999914094805717
angle,1780513043186117723,2.0299999713897705,0,0.00999998115003109
angle,1780513043196117985,2.0299999713897705,0,0.009999968111515045
angle,1780513043206118449,2.0299999713897705,0,0.009999963454902172
angle,1780513043216118873,2.0299999713897705,0,0.009999960660934448
angle,1780513043226118549,2.0299999713897705,0,0.00999993272125721
angle,1780513043236118900,2.0299999713897705,0,0.009999995119869709
angle,1780513043246119441,2.0299999713897705,0,0.009999975562095642
angle,1780513043256119702,2.0299999713897705,0,0.009999998845160007
angle,1780513043266119807,2.0299999713897705,0,0.009999970905482769
angle,1780513043276120534,2.0299999713897705,0,0.01000000536441803
angle,1780513043286120415,2.0299999713897705,0,0.009999951347708702
angle,1780513043296120960,2.0299999713897705,0,0.009999997913837433
angle,1780513043306120808,2.0299999713897705,0,0.009999974630773067
angle,1780513043316121109,2.0299999713897705,0,0.009999888949096203
angle,1780513043326121101,2.0299999713897705,0,0.009999937377870083
angle,1780513043336121731,2.0299999713897705,0,0.00999994296580553
angle,1780513043346122026,2.0299999713897705,0,0.009999953210353851
angle,1780513043356122282,2.0299999713897705,0,0.009999958798289299
angle,1780513043366122443,2.0299999713897705,0,0.010000001639127731
angle,1780513043376122578,2.0299999713897705,0,0.009999992325901985
angle,1780513043386123408,2.0299999713897705,0,0.00999997928738594
angle,1780513043396123139,2.0299999713897705,0,0.009999957866966724
angle,1780513043406123447,2.0299999713897705,0,0.00999997928738594
angle,1780513043416123767,2.0299999713897705,0,0.00999996904283762
angle,1780513043426123939,2.0299999713897705,0,0.009999957866966724
angle,1780513043436123859,2.0299999713897705,0,0.009999917820096016
angle,1780513043446124149,2.0299999713897705,0,0.009999964386224747
angle,1780513043456124287,2.0299999713897705,0,0.009999977424740791
angle,1780513043466124553,2.0299999713897705,0,0.009999992325901985
angle,1780513043476125379,2.0299999713897705,0,0.009999977424740791
angle,1780513043486125058,2.0299999713897705,0,0.009999956004321575
angle,1780513043496126943,2.0299999713897705,0,0.010000045411288738
angle,1780513043506125887,2.0299999713897705,0,0.009999876841902733
angle,1780513043516126367,2.0299999713897705,0,0.00999999139457941
angle,1780513043526126276,2.0299999713897705,0,0.010000001639127731
angle,1780513043536126318,2.0299999713897705,0,0.009999963454902172
angle,1780513043546126564,2.0299999713897705,0,0.009999939240515232
angle,1780513043556126789,2.0299999713897705,0,0.009999959729611874
angle,1780513043566126990,2.0299999713897705,0,0.009999970905482769
angle,1780513043576127299,2.0299999713897705,0,0.009999950416386127
angle,1780513043586127581,2.0299999713897705,0,0.009999898262321949
angle,1780513043596127583,2.0299999713897705,0,0.009999936446547508
angle,1780513043606128017,2.0299999713897705,0,0.010000007227063179
angle,1780513043616128096,2.0299999713897705,0,0.009999996051192284
angle,1780513043626128365,2.0299999713897705,0,0.009999988600611687
angle,1780513043636128858,2.0299999713897705,0,0.009999985806643963
angle,1780513043646128996,2.0299999713897705,0,0.009999955072999
angle,1780513043656129166,2.0299999713897705,0,0.009999983943998814
angle,1780513043666129478,2.0299999713897705,0,0.009999958798289299
angle,1780513043676129728,2.0299999713897705,0,0.009999986737966537
angle,1780513043686130029,2.0299999713897705,0,0.009999901987612247
angle,1780513043696130333,2.0299999713897705,0,0.009999959729611874
angle,1780513043706130260,2.0299999713897705,0,0.009999964386224747
angle,1780513043716130804,2.0299999713897705,0,0.009999947622418404
angle,1780513043726130749,2.0299999713897705,0,0.009999983012676239
angle,1780513043736131272,2.0299999713897705,0,0.00999995693564415
angle,1780513043746131154,2.0299999713897705,0,0.009999937377870083
angle,1780513043756131498,2.0299999713897705,0,0.009999996982514858
angle,1780513043766131685,2.0299999713897705,0,0.00999994296580553
angle,1780513043776132033,2.0299999713897705,0,0.009999954141676426
angle,1780513043786132577,2.0299999713897705,0,0.009999983012676239
angle,1780513043796132537,2.0299999713897705,0,0.009999942034482956
angle,1780513043806132681,2.0299999713897705,0,0.009999866597354412
angle,1780513043816132909,2.0299999713897705,0,0.009999938309192657
angle,1780513043826133221,2.0299999713897705,0,0.00999994296580553
angle,1780513043836133181,2.0299999713897705,0,0.009999954141676426
angle,1780513043846133380,2.0299999713897705,0,0.009999958798289299
angle,1780513043856133669,2.0299999713897705,0,0.010000002570450306
angle,1780513043866134128,2.0299999713897705,0,0.009999960660934448
angle,1780513043876134245,2.0299999713897705,0,0.009999974630773067
angle,1780513043886134368,2.0299999713897705,0,0.009999951347708702
angle,1780513043896134645,2.0299999713897705,0,0.009999951347708702
angle,1780513043906134826,2.0299999713897705,0,0.009999937377870083
angle,1780513043916135584,2.0299999713897705,0,0.009999963454902172
angle,1780513043926135279,2.0299999713897705,0,0.00999988429248333
angle,1780513043936137187,2.0299999713897705,0,0.010000009089708328
angle,1780513043946136092,2.0299999713897705,0,0.009999889880418777
angle,1780513043956136008,2.0299999713897705,0,0.01000000536441803
angle,1780513043966136231,2.0299999713897705,0,0.009999982081353664
angle,1780513043976138296,2.0299999713897705,0,0.009999942034482956
angle,1780513043986136807,2.0299999713897705,0,0.009999887086451054
angle,1780513043996136991,2.0299999713897705,0,0.00999994296580553
angle,1780513044006137472,2.0299999713897705,0,0.009999975562095642
angle,1780513044016137402,2.0299999713897705,0,0.009999951347708702
angle,1780513044026137370,2.0299999713897705,0,0.00999997928738594
angle,1780513044036137540,2.0299999713897705,0,0.009999934583902359
angle,1780513044046138156,2.0299999713897705,0,0.009999958798289299
angle,1780513044056138131,2.0299999713897705,0,0.00999997928738594
angle,1780513044066138453,2.0299999713897705,0,0.009999969974160194
angle,1780513044076138678,2.0299999713897705,0,0.009999984875321388
angle,1780513044086138778,2.0299999713897705,0,0.009999988600611687
angle,1780513044096139848,2.0299999713897705,0,0.009999992325901985
angle,1780513044106139190,2.0299999713897705,0,0.009999950416386127
angle,1780513044116139604,2.0299999713897705,0,0.009999939240515232
angle,1780513044126140048,2.0299999713897705,0,0.009999933652579784
angle,1780513044136139869,2.0299999713897705,0,0.00999999325722456
angle,1780513044146140131,2.0299999713897705,0,0.009999956004321575
angle,1780513044156140404,2.0299999713897705,0,0.009999954141676426
angle,1780513044166141083,2.0299999713897705,0,0.00999999325722456
angle,1780513044176141397,2.0299999713897705,0,0.009999977424740791
angle,1780513044186141443,2.0299999713897705,0,0.009999885223805904
angle,1780513044196141591,2.0299999713897705,0,0.01000000536441803
angle,1780513044206141993,2.0299999713897705,0,0.00999998115003109
angle,1780513044216142654,2.0299999713897705,0,0.009999948553740978
angle,1780513044226142336,2.0299999713897705,0,0.009999968111515045
angle,1780513044236142537,2.0299999713897705,0,0.009999955072999
angle,1780513044246143062,2.0299999713897705,0,0.009999969974160194
angle,1780513044256143309,2.0299999713897705,0,0.009999964386224747
angle,1780513044266143470,2.0299999713897705,0,0.009999977424740791
angle,1780513044276144132,2.0299999713897705,0,0.010000000707805157
angle,1780513044286144076,2.0299999713897705,0,0.00999998115003109
angle,1780513044296144335,2.0299999713897705,0,0.00999996718019247
angle,1780513044306144456,2.0299999713897705,0,0.010000010952353477
angle,1780513044316144678,2.0299999713897705,0,0.009999936446547508
angle,1780513044326144803,2.0299999713897705,0,0.009999958798289299
angle,1780513044336145279,2.0299999713897705,0,0.00999998115003109
angle,1780513044346145803,2.0299999713897705,0,0.009999978356063366
angle,1780513044356145831,2.0299999713897705,0,0.010000001639127731
angle,1780513044366146401,2.0299999713897705,0,0.009999996982514858
angle,1780513044376146569,2.0299999713897705,0,0.00999998115003109
angle,1780513044386146947,2.0299999713897705,0,0.009999983943998814
angle,1780513044396146964,2.0299999713897705,0,0.00999996718019247
angle,1780513044406147193,2.0299999713897705,0,0.00999995693564415
angle,1780513044416147335,2.0299999713897705,0,0.009999973699450493
angle,1780513044426147996,2.0299999713897705,0,0.00999994482845068
angle,1780513044436147993,2.0299999713897705,0,0.009999958798289299
angle,1780513044446148116,2.0299999713897705,0,0.009999992325901985
angle,1780513044456148406,2.0299999713897705,0,0.00999999139457941
angle,1780513044466148765,2.0299999713897705,0,0.010000002570450306
angle,1780513044476149519,2.0299999713897705,0,0.00999996904283762
angle,1780513044486149223,2.0299999713897705,0,0.009999984875321388
angle,1780513044496149344,2.0299999713897705,0,0.009999983943998814
angle,1780513044506149843,2.0299999713897705,0,0.009999946691095829
angle,1780513044516150145,2.0299999713897705,0,0.009999999776482582
angle,1780513044526150402,2.0299999713897705,0,0.009999947622418404
angle,1780513044536150510,2.0299999713897705,0,0.009999978356063366
angle,1780513044546150729,2.0299999713897705,0,0.009999937377870083
angle,1780513044556151071,2.0299999713897705,0,0.009999966248869896
angle,1780513044566151563,2.0299999713897705,0,0.009999942034482956
angle,1780513044576151558,2.0299999713897705,0,0.009999951347708702
angle,1780513044586151616,2.0299999713897705,0,0.009999950416386127
angle,1780513044596152125,2.0299999713897705,0,0.009999956004321575
angle,1780513044606154831,2.0299999713897705,0,0.009999960660934448
angle,1780513044616154074,2.0299999713897705,0,0.009999902918934822
angle,1780513044626152567,2.0299999713897705,0,0.009999929927289486
angle,1780513044636152850,2.0299999713897705,0,0.009999939240515232
angle,1780513044646152927,2.0299999713897705,0,0.009999955072999
angle,1780513044656153268,2.0299999713897705,0,0.009999970905482769
angle,1780513044666153532,2.0299999713897705,0,0.009999928995966911
angle,1780513044676153799,2.0299999713897705,0,0.009999958798289299
angle,1780513044686153907,2.0299999713897705,0,0.009999879635870457
angle,1780513044696154259,2.0299999713897705,0,0.009999964386224747
angle,1780513044706154308,2.0299999713897705,0,0.00999997928738594
angle,1780513044716154531,2.0299999713897705,0,0.009999972768127918
angle,1780513044726155215,2.0299999713897705,0,0.009999995119869709
angle,1780513044736155055,2.0299999713897705,0,0.009999963454902172
angle,1780513044746155242,2.0299999713897705,0,0.009999951347708702
angle,1780513044756156216,2.0299999713897705,0,0.009999965317547321
angle,1780513044766155848,2.0299999713897705,0,0.010000000707805157
angle,1780513044776156296,2.0299999713897705,0,0.009999969974160194
angle,1780513044786156441,2.0299999713897705,0,0.0099998963996768
angle,1780513044796156456,2.0299999713897705,0,0.009999940171837807
angle,1780513044806157196,2.0299999713897705,0,0.00999994482845068
angle,1780513044816156975,2.0299999713897705,0,0.009999998845160007
angle,1780513044826157155,2.0299999713897705,0,0.009999939240515232
angle,1780513044836157323,2.0299999713897705,0,0.010000009089708328
angle,1780513044846157741,2.0299999713897705,0,0.009999971836805344
angle,1780513044856157904,2.0299999713897705,0,0.009999977424740791
angle,1780513044866158192,2.0299999713897705,0,0.009999934583902359
angle,1780513044876158408,2.0299999713897705,0,0.009999988600611687
angle,1780513044886158744,2.0299999713897705,0,0.009999997913837433
angle,1780513044896159050,2.0299999713897705,0,0.009999891743063927
angle,1780513044906159051,2.0299999713897705,0,0.009999974630773067
angle,1780513044916159438,2.0299999713897705,0,0.009999950416386127
angle,1780513044926159658,2.0299999713897705,0,0.009999965317547321
angle,1780513044936160086,2.0299999713897705,0,0.009999969974160194
angle,1780513044946159802,2.0299999713897705,0,0.010000004433095455
angle,1780513044956159957,2.0299999713897705,0,0.009999946691095829
angle,1780513044966160319,2.0299999713897705,0,0.009999960660934448
angle,1780513044976160946,2.0299999713897705,0,0.009999940171837807
angle,1780513044986161490,2.0299999713897705,0,0.009999915957450867
angle,1780513044996160849,2.0299999713897705,0,0.009999946691095829
angle,1780513045006161229,2.0299999713897705,0,0.009999938309192657
angle,1780513045016161359,2.0299999713897705,0,0.01000000536441803
angle,1780513045026161916,2.0299999713897705,0,0.009999977424740791
angle,1780513045036162105,2.0299999713897705,0,0.00999993085861206
angle,1780513045046162452,2.0299999713897705,0,0.009999942034482956
angle,1780513045056162395,2.0299999713897705,0,0.009999943897128105
angle,1780513045066162478,2.0299999713897705,0,0.009999970905482769
angle,1780513045076162704,2.0299999713897705,0,0.010000006295740604
angle,1780513045086163733,2.0299999713897705,0,0.010000000707805157
angle,1780513045096164453,2.0299999713897705,0,0.00999998115003109
angle,1780513045106163951,2.0299999713897705,0,0.009999909438192844
angle,1780513045116163758,2.0299999713897705,0,0.009999889880418777
angle,1780513045126164297,2.0299999713897705,0,0.009999996051192284
angle,1780513045136164542,2.0299999713897705,0,0.009999978356063366
angle,1780513045146164645,2.0299999713897705,0,0.009999954141676426
angle,1780513045156165090,2.0299999713897705,0,0.010000002570450306
angle,1780513045166165094,2.0299999713897705,0,0.009999952279031277
angle,1780513045176165661,2.0299999713897705,0,0.009999983012676239
angle,1780513045186165498,2.0299999713897705,0,0.009999937377870083
angle,1780513045196165892,2.0299999713897705,0,0.010000010021030903
angle,1780513045206165918,2.0299999713897705,0,0.009999959729611874
angle,1780513045216166544,2.0299999713897705,0,0.009999969974160194
angle,1780513045226166586,2.0299999713897705,0,0.009999963454902172
angle,1780513045236166819,2.0299999713897705,0,0.009999948553740978
angle,1780513045246166961,2.0299999713897705,0,0.009999952279031277
angle,1780513045256167154,2.0299999713897705,0,0.009999968111515045
angle,1780513045266167324,2.0299999713897705,0,0.009999955072999
angle,1780513045276167547,2.0299999713897705,0,0.009999977424740791
angle,1780513045286168069,2.0299999713897705,0,0.009999963454902172
angle,1780513045296167890,2.0299999713897705,0,0.009999934583902359
angle,1780513045306168470,2.0299999713897705,0,0.009999963454902172
angle,1780513045316168457,2.0299999713897705,0,0.010000008158385754
angle,1780513045326168858,2.0299999713897705,0,0.010000008158385754
angle,1780513045336168882,2.0299999713897705,0,0.009999942034482956
angle,1780513045346169358,2.0299999713897705,0,0.009999994188547134
angle,1780513045356169293,2.0299999713897705,0,0.009999943897128105
angle,1780513045366169687,2.0299999713897705,0,0.010000000707805157
angle,1780513045376169889,2.0299999713897705,0,0.009999969974160194
angle,1780513045386170147,2.0299999713897705,0,0.00999995693564415
angle,1780513045396170309,2.0299999713897705,0,0.009999978356063366
angle,1780513045406170541,2.0299999713897705,0,0.009999964386224747
angle,1780513045416170783,2.0299999713897705,0,0.009999961592257023
angle,1780513045426171262,2.0299999713897705,0,0.009999937377870083
angle,1780513045436171391,2.0299999713897705,0,0.009999889880418777
angle,1780513045446171750,2.0299999713897705,0,0.010000007227063179
angle,1780513045456171995,2.0299999713897705,0,0.009999950416386127
angle,1780513045466172404,2.0299999713897705,0,0.009999969974160194
angle,1780513045476172586,2.0299999713897705,0,0.009999986737966537
angle,1780513045486173165,2.0299999713897705,0,0.009999980218708515
angle,1780513045496175412,2.0299999713897705,0,0.009999902918934822
angle,1780513045506173400,2.0299999713897705,0,0.009999757632613182
angle,1780513045516173426,2.0299999713897705,0,0.009999982081353664
angle,1780513045526173973,2.0299999713897705,0,0.009999988600611687
angle,1780513045537804668,2.0299999713897705,0,0.011630439199507236
angle,1780513045547805481,2.0299999713897705,0,0.00999995693564415
angle,1780513045557805747,2.0299999713897705,0,0.009999946691095829
angle,1780513045567805753,2.0299999713897705,0,0.009999978356063366
angle,1780513045577805904,2.0299999713897705,0,0.009999950416386127
angle,1780513045587806337,2.0299999713897705,0,0.009999982081353664
angle,1780513045597806518,2.0299999713897705,0,0.009999955072999
angle,1780513045607806793,2.0299999713897705,0,0.009999999776482582
angle,1780513045617807072,2.0299999713897705,0,0.00999994482845068
angle,1780513045627807291,2.0299999713897705,0,0.009999876841902733
angle,1780513045637807355,2.0299999713897705,0,0.00999999325722456
angle,1780513045647807762,2.0299999713897705,0,0.009999945759773254
angle,1780513045657808017,2.0299999713897705,0,0.01000000536441803
angle,1780513045667808259,2.0299999713897705,0,0.009999952279031277
angle,1780513045677808545,2.0299999713897705,0,0.009999987669289112
angle,1780513045687808996,2.0299999713897705,0,0.009999943897128105
angle,1780513045697809400,2.0299999713897705,0,0.009999950416386127
angle,1780513045707809080,2.0299999713897705,0,0.009999941103160381
angle,1780513045717811478,2.0299999713897705,0,0.009999954141676426
angle,1780513045727809692,2.0299999713897705,0,0.009999934583902359
angle,1780513045737809712,2.0299999713897705,0,0.009999956004321575
angle,1780513045747810128,2.0299999713897705,0,0.00999994296580553
angle,1780513045757810374,2.0299999713897705,0,0.009999986737966537
angle,1780513045767810393,2.0299999713897705,0,0.009999939240515232
angle,1780513045777810921,2.0299999713897705,0,0.00999994296580553
angle,1780513045787810993,2.0299999713897705,0,0.009999974630773067
angle,1780513045797811185,2.0299999713897705,0,0.009999999776482582
angle,1780513045807811386,2.0299999713897705,0,0.009999912232160568
angle,1780513045817811546,2.0299999713897705,0,0.009999977424740791
angle,1780513045827812013,2.0299999713897705,0,0.00999994482845068
angle,1780513045837812130,2.0299999713897705,0,0.009999956004321575
angle,1780513045847812216,2.0299999713897705,0,0.009999984875321388
angle,1780513045857812591,2.0299999713897705,0,0.009999950416386127
angle,1780513045867813591,2.0299999713897705,0,0.010000060312449932
angle,1780513045877813206,2.0299999713897705,0,0.009999833069741726
angle,1780513045887813436,2.0299999713897705,0,0.009999995119869709
angle,1780513045897813678,2.0299999713897705,0,0.009999919682741165
angle,1780513045907813841,2.0299999713897705,0,0.00999994296580553
angle,1780513045917814070,2.0299999713897705,0,0.009999958798289299
angle,1780513045927814545,2.0299999713897705,0,0.009999953210353851
angle,1780513045937814839,2.0299999713897705,0,0.009999934583902359
angle,1780513045947814929,2.0299999713897705,0,0.009999983943998814
angle,1780513045957815325,2.0299999713897705,0,0.009999953210353851
angle,1780513045967815503,2.0299999713897705,0,0.00999995693564415
angle,1780513045977817447,2.0299999713897705,0,0.009999969974160194
angle,1780513045987815797,2.0299999713897705,0,0.009999941103160381
angle,1780513045997815917,2.0299999713897705,0,0.009999940171837807
angle,1780513046007816341,2.0299999713897705,0,0.00999997928738594
angle,1780513046017816642,2.0299999713897705,0,0.010000000707805157
angle,1780513046029784643,2.0299999713897705,0,0.011966949328780174
angle,1780513046039785064,2.0299999713897705,0,0.00999991875141859
angle,1780513046049785102,2.0299999713897705,0,0.009999898262321949
angle,1780513046059785392,2.0299999713897705,0,0.009999982081353664
angle,1780513046069785390,2.0299999713897705,0,0.009999990463256836
angle,1780513046079785348,2.0299999713897705,0,0.00999994296580553
angle,1780513046089785893,2.0299999713897705,0,0.00999996718019247
angle,1780513046099786500,2.0299999713897705,0,0.009999940171837807
angle,1780513046109785954,2.0299999713897705,0,0.009999945759773254
angle,1780513046119786204,2.0299999713897705,0,0.009999940171837807
angle,1780513046129786729,2.0299999713897705,0,0.009999941103160381
angle,1780513046139787186,2.0299999713897705,0,0.009999947622418404
angle,1780513046149786994,2.0299999713897705,0,0.009999958798289299
angle,1780513046159786920,2.0299999713897705,0,0.009999940171837807
angle,1780513046169787063,2.0299999713897705,0,0.009999939240515232
angle,1780513046179787394,2.0299999713897705,0,0.010000010952353477
angle,1780513046189787944,2.0299999713897705,0,0.010000024922192097
angle,1780513046199788104,2.0299999713897705,0,0.009999907575547695
angle,1780513046209788146,2.0299999713897705,0,0.00999998115003109
angle,1780513046219788850,2.0299999713897705,0,0.00999996718019247
angle,1780513046229788617,2.0299999713897705,0,0.009999943897128105
angle,1780513046239788644,2.0299999713897705,0,0.009999955072999
angle,1780513046249788854,2.0299999713897705,0,0.009999977424740791
angle,1780513046259790373,2.0299999713897705,0,0.009999996982514858
angle,1780513046269789595,2.0299999713897705,0,0.009999978356063366
angle,1780513046279789598,2.0299999713897705,0,0.009999974630773067
angle,1780513046291645050,2.0299999713897705,0,0.011854714713990688
angle,1780513046301645466,2.0299999713897705,0,0.00999991875141859
angle,1780513046311645527,2.0299999713897705,0,0.009999986737966537
angle,1780513046321646113,2.0299999713897705,0,0.009999987669289112
angle,1780513046331646285,2.0299999713897705,0,0.009999988600611687
angle,1780513046341646633,2.0299999713897705,0,0.009999934583902359
angle,1780513046351646634,2.0299999713897705,0,0.00999996904283762
angle,1780513046361646882,2.0299999713897705,0,0.009999977424740791
angle,1780513046371647033,2.0299999713897705,0,0.009999937377870083
angle,1780513046381647376,2.0299999713897705,0,0.009999969974160194
angle,1780513046391647578,2.0299999713897705,0,0.009999928064644337
angle,1780513046401647651,2.0299999713897705,0,0.009999903850257397
angle,1780513046411648050,2.0299999713897705,0,0.009999939240515232
angle,1780513046421648067,2.0299999713897705,0,0.009999994188547134
angle,1780513046431648621,2.0299999713897705,0,0.009999945759773254
angle,1780513046441648526,2.0299999713897705,0,0.00999996718019247
angle,1780513046451648775,2.0299999713897705,0,0.009999940171837807
angle,1780513046461650313,2.0299999713897705,0,0.009999986737966537
angle,1780513046471649351,2.0299999713897705,0,0.009999874047935009
angle,1780513046481649398,2.0299999713897705,0,0.009999982081353664
angle,1780513046491649750,2.0299999713897705,0,0.009999985806643963
angle,1780513046501649975,2.0299999713897705,0,0.009999937377870083
angle,1780513046511650061,2.0299999713897705,0,0.009999964386224747
angle,1780513046521650697,2.0299999713897705,0,0.009999957866966724
angle,1780513046531650644,2.0299999713897705,0,0.009999941103160381
angle,1780513046541650605,2.0299999713897705,0,0.009999969974160194
angle,1780513046551651472,2.0299999713897705,0,0.009999998845160007
angle,1780513046561653275,2.0299999713897705,0,0.009999904781579971
angle,1780513046573422839,2.0299999713897705,0,0.011769630014896393
angle,1780513046583423189,2.0299999713897705,0,0.009999904781579971
angle,1780513046593422759,2.0299999713897705,0,0.009999941103160381
angle,1780513046603422062,2.0299999713897705,0,0.009999600239098072
angle,1780513046613422305,2.0299999713897705,0,0.009999963454902172
angle,1780513046623422602,2.0299999713897705,0,0.009999970905482769
angle,1780513046633423146,2.0299999713897705,0,0.009999996982514858
angle,1780513046643423926,2.0299999713897705,0,0.009999940171837807
angle,1780513046653423766,2.0299999713897705,0,0.009999947622418404
angle,1780513046663423699,2.0299999713897705,0,0.009999941103160381
angle,1780513046673424014,2.0299999713897705,0,0.01000000536441803
angle,1780513046683424219,2.0299999713897705,0,0.009999982081353664
angle,1780513046693424433,2.0299999713897705,0,0.009999975562095642
angle,1780513046703442567,2.0299999713897705,0,0.01001772377640009
angle,1780513046713442482,2.0299999713897705,0,0.009999957866966724
angle,1780513046723443692,2.0299999713897705,0,0.009999990463256836
angle,1780513046733443423,2.0299999713897705,0,0.009999983943998814
angle,1780513046743443264,2.0299999713897705,0,0.009999995119869709
angle,1780513046753443575,2.0299999713897705,0,0.009999963454902172
angle,1780513046763443808,2.0299999713897705,0,0.009999990463256836
angle,1780513046773444306,2.0299999713897705,0,0.00999999139457941
angle,1780513046783444152,2.0299999713897705,0,0.009999960660934448
angle,1780513046793444884,2.0299999713897705,0,0.010000014677643776
angle,1780513046803444759,2.0299999713897705,0,0.009999974630773067
angle,1780513046813445063,2.0299999713897705,0,0.009999964386224747
angle,1780513046823445037,2.0299999713897705,0,0.009999942034482956
angle,1780513046833446206,2.0299999713897705,0,0.010000054724514484
angle,1780513046843445665,2.0299999713897705,0,0.009999942034482956
angle,1780513046853445888,2.0299999713897705,0,0.009999952279031277
angle,1780513046863446099,2.0299999713897705,0,0.010000001639127731
angle,1780513046873446462,2.0299999713897705,0,0.009999972768127918
angle,1780513046883446791,2.0299999713897705,0,0.009999948553740978
angle,1780513046893448914,2.0299999713897705,0,0.009999879635870457
angle,1780513046903448032,2.0299999713897705,0,0.009999950416386127
angle,1780513046913447269,2.0299999713897705,0,0.009999892674386501
angle,1780513046923447810,2.0299999713897705,0,0.009999937377870083
angle,1780513046933447753,2.0299999713897705,0,0.009999939240515232
angle,1780513046943447909,2.0299999713897705,0,0.010000000707805157
angle,1780513046953448402,2.0299999713897705,0,0.009999983943998814
angle,1780513046963449450,2.0299999713897705,0,0.009999929927289486
angle,1780513046973449249,2.0299999713897705,0,0.009999970905482769
angle,1780513046983450002,2.0299999713897705,0,0.009999940171837807
angle,1780513046993449175,2.0299999713897705,0,0.009999893605709076
angle,1780513047003449394,2.0299999713897705,0,0.009999945759773254
angle,1780513047013449461,2.0299999713897705,0,0.009999995119869709
angle,1780513047023449705,2.0299999713897705,0,0.009999969974160194
angle,1780513047033450068,2.0299999713897705,0,0.009999953210353851
angle,1780513047043450202,2.0299999713897705,0,0.01000000536441803
angle,1780513047053450729,2.0299999713897705,0,0.009999972768127918
angle,1780513047063450779,2.0299999713897705,0,0.009999945759773254
angle,1780513047073450954,2.0299999713897705,0,0.009999969974160194
angle,1780513047083451276,2.0299999713897705,0,0.009999985806643963
angle,1780513047093453988,2.0299999713897705,0,0.009999999776482582
angle,1780513047103451704,2.0299999713897705,0,0.009999863803386688
angle,1780513047113452292,2.0299999713897705,0,0.009999992325901985
angle,1780513047123452272,2.0299999713897705,0,0.010000002570450306
angle,1780513047133452481,2.0299999713897705,0,0.009999959729611874
angle,1780513047143452903,2.0299999713897705,0,0.010000004433095455
angle,1780513047153453153,2.0299999713897705,0,0.009999983943998814
angle,1780513047163453320,2.0299999713897705,0,0.009999938309192657
angle,1780513047173453737,2.0299999713897705,0,0.009999960660934448
angle,1780513047183453774,2.0299999713897705,0,0.009999987669289112
angle,1780513047193454126,2.0299999713897705,0,0.009999964386224747
angle,1780513047203454533,2.0299999713897705,0,0.010000006295740604
angle,1780513047213454558,2.0299999713897705,0,0.009999937377870083
angle,1780513047223455136,2.0299999713897705,0,0.009999972768127918
angle,1780513047233455008,2.0299999713897705,0,0.009999950416386127
angle,1780513047243455352,2.0299999713897705,0,0.009999936446547508
angle,1780513047253455641,2.0299999713897705,0,0.009999998845160007
angle,1780513047263455793,2.0299999713897705,0,0.009999970905482769
angle,1780513047273456163,2.0299999713897705,0,0.009999947622418404
angle,1780513047283456442,2.0299999713897705,0,0.009999951347708702
angle,1780513047293457084,2.0299999713897705,0,0.00999996904283762
angle,1780513047303457511,2.0299999713897705,0,0.00999999325722456
angle,1780513047313457406,2.0299999713897705,0,0.009999869391322136
angle,1780513047323457223,2.0299999713897705,0,0.010000008158385754
angle,1780513047333457624,2.0299999713897705,0,0.010000002570450306
angle,1780513047343458897,2.0299999713897705,0,0.009999978356063366
angle,1780513047353458306,2.0299999713897705,0,0.009999888949096203
angle,1780513047363458424,2.0299999713897705,0,0.009999994188547134
angle,1780513047373458661,2.0299999713897705,0,0.009999968111515045
angle,1780513047383458833,2.0299999713897705,0,0.009999974630773067
angle,1780513047393459445,2.0299999713897705,0,0.009999970905482769
angle,1780513047403459271,2.0299999713897705,0,0.009999901987612247
angle,1780513047413459342,2.0299999713897705,0,0.009999970905482769
angle,1780513047423460078,2.0299999713897705,0,0.009999950416386127
angle,1780513047433460025,2.0299999713897705,0,0.010000001639127731
angle,1780513047443460259,2.0299999713897705,0,0.009999978356063366
angle,1780513047453460462,2.0299999713897705,0,0.009999879635870457
angle,1780513047463460596,2.0299999713897705,0,0.009999960660934448
angle,1780513047473460811,2.0299999713897705,0,0.009999953210353851
angle,1780513047483461067,2.0299999713897705,0,0.010000009089708328
angle,1780513047493461566,2.0299999713897705,0,0.010000002570450306
angle,1780513047503461759,2.0299999713897705,0,0.00999989453703165
angle,1780513047513462188,2.0299999713897705,0,0.009999994188547134
angle,1780513047523462356,2.0299999713897705,0,0.009999997913837433
angle,1780513047533462437,2.0299999713897705,0,0.009999978356063366
angle,1780513047543462639,2.0299999713897705,0,0.009999960660934448
angle,1780513047553463089,2.0299999713897705,0,0.009999987669289112
angle,1780513047563463689,2.0299999713897705,0,0.00999999325722456
angle,1780513047573463366,2.0299999713897705,0,0.009999936446547508
angle,1780513047583463653,2.0299999713897705,0,0.010000006295740604
angle,1780513047593464149,2.0299999713897705,0,0.009999974630773067
angle,1780513047603464171,2.0299999713897705,0,0.009999986737966537
angle,1780513047613464129,2.0299999713897705,0,0.010000018402934074
angle,1780513047623464420,2.0299999713897705,0,0.009999983012676239
angle,1780513047633464705,2.0299999713897705,0,0.009999946691095829
angle,1780513047643464838,2.0299999713897705,0,0.009999947622418404
angle,1780513047653464893,2.0299999713897705,0,0.00999994482845068
angle,1780513047663465214,2.0299999713897705,0,0.00999998115003109
angle,1780513047673465327,2.0299999713897705,0,0.009999983943998814
angle,1780513047683465732,2.0299999713897705,0,0.010000001639127731
angle,1780513047693466605,2.0299999713897705,0,0.009999951347708702
angle,1780513047703466196,2.0299999713897705,0,0.009999897330999374
angle,1780513047713466310,2.0299999713897705,0,0.009999972768127918
angle,1780513047723466574,2.0299999713897705,0,0.009999996982514858
angle,1780513047733467330,2.0299999713897705,0,0.010000001639127731
angle,1780513047743467117,2.0299999713897705,0,0.010000000707805157
angle,1780513047753467210,2.0299999713897705,0,0.009999942034482956
angle,1780513047763467551,2.0299999713897705,0,0.009999994188547134
angle,1780513047773467801,2.0299999713897705,0,0.009999988600611687
angle,1780513047783468009,2.0299999713897705,0,0.010000006295740604
angle,1780513047793468294,2.0299999713897705,0,0.009999934583902359
angle,1780513047803468385,2.0299999713897705,0,0.009999966248869896
angle,1780513047813468809,2.0299999713897705,0,0.009999958798289299
angle,1780513047823469090,2.0299999713897705,0,0.009999995119869709
angle,1780513047833469166,2.0299999713897705,0,0.009999963454902172
angle,1780513047843469709,2.0299999713897705,0,0.010000007227063179
angle,1780513047853469716,2.0299999713897705,0,0.009999900124967098
angle,1780513047863469739,2.0299999713897705,0,0.009999940171837807
angle,1780513047873470060,2.0299999713897705,0,0.01000000536441803
angle,1780513047883470450,2.0299999713897705,0,0.009999987669289112
angle,1780513047893470863,2.0299999713897705,0,0.009999960660934448
angle,1780513047903470840,2.0299999713897705,0,0.009999934583902359
angle,1780513047913471389,2.0299999713897705,0,0.009999964386224747
angle,1780513047923471437,2.0299999713897705,0,0.009999992325901985
angle,1780513047933471608,2.0299999713897705,0,0.010000006295740604
angle,1780513047943471953,2.0299999713897705,0,0.009999948553740978
angle,1780513047953474587,2.0299999713897705,0,0.010000038892030716
angle,1780513047963474857,2.0299999713897705,0,0.009999848902225494
angle,1780513047973475435,2.0299999713897705,0,0.009999924339354038
angle,1780513047983474200,2.0299999713897705,0,0.009999856352806091
angle,1780513047993473762,2.0299999713897705,0,0.009999915026128292
angle,1780513048003473772,2.0299999713897705,0,0.009999982081353664
angle,1780513048013475349,2.0299999713897705,0,0.00999997928738594
angle,1780513048023474312,2.0299999713897705,0,0.009999915957450867
angle,1780513048033474280,2.0299999713897705,0,0.009999947622418404
angle,1780513048043474699,2.0299999713897705,0,0.009999960660934448
angle,1780513048053474952,2.0299999713897705,0,0.010000006295740604
angle,1780513048063475255,2.0299999713897705,0,0.009999985806643963
angle,1780513048073475299,2.0299999713897705,0,0.009999950416386127
angle,1780513048083475618,2.0299999713897705,0,0.00999999139457941
angle,1780513048093476783,2.0299999713897705,0,0.009999970905482769
angle,1780513048103477592,2.0299999713897705,0,0.00999994482845068
angle,1780513048113476387,2.0299999713897705,0,0.009999901056289673
angle,1780513048123476854,2.0299999713897705,0,0.009999988600611687
angle,1780513048133476804,2.0299999713897705,0,0.009999950416386127
angle,1780513048143477221,2.0299999713897705,0,0.009999952279031277
angle,1780513048153477633,2.0299999713897705,0,0.00999995693564415
angle,1780513048163477540,2.0299999713897705,0,0.009999938309192657
angle,1780513048173477722,2.0299999713897705,0,0.009999978356063366
angle,1780513048183478083,2.0299999713897705,0,0.009999923408031464
angle,1780513048193478442,2.0299999713897705,0,0.010000012814998627
angle,1780513048203478297,2.0299999713897705,0,0.009999985806643963
angle,1780513048213478595,2.0299999713897705,0,0.009999942034482956
angle,1780513048223479020,2.0299999713897705,0,0.009999985806643963
angle,1780513048233479216,2.0299999713897705,0,0.009999995119869709
angle,1780513048243479623,2.0299999713897705,0,0.009999943897128105
angle,1780513048253479477,2.0299999713897705,0,0.009999982081353664
angle,1780513048263479831,2.0299999713897705,0,0.009999971836805344
angle,1780513048273479821,2.0299999713897705,0,0.010000002570450306
angle,1780513048283480494,2.0299999713897705,0,0.009999953210353851
angle,1780513048293480379,2.0299999713897705,0,0.009999978356063366
angle,1780513048303480961,2.0299999713897705,0,0.009999978356063366
angle,1780513048313480927,2.0299999713897705,0,0.009999999776482582
angle,1780513048323481052,2.0299999713897705,0,0.009999958798289299
angle,1780513048333481305,2.0299999713897705,0,0.009999959729611874
angle,1780513048343481562,2.0299999713897705,0,0.010000002570450306
angle,1780513048353481914,2.0299999713897705,0,0.00999989453703165
angle,1780513048363482040,2.0299999713897705,0,0.009999959729611874
angle,1780513048373482392,2.0299999713897705,0,0.009999960660934448
angle,1780513048383482326,2.0299999713897705,0,0.009999890811741352
angle,1780513048393482579,2.0299999713897705,0,0.009999968111515045
angle,1780513048403483297,2.0299999713897705,0,0.009999978356063366
angle,1780513048413484120,2.0299999713897705,0,0.00999988429248333
angle,1780513048423483399,2.0299999713897705,0,0.009999929927289486
angle,1780513048433483736,2.0299999713897705,0,0.009999966248869896
angle,1780513048443483856,2.0299999713897705,0,0.009999936446547508
angle,1780513048453483894,2.0299999713897705,0,0.009999974630773067
angle,1780513048463484174,2.0299999713897705,0,0.009999965317547321
angle,1780513048473484661,2.0299999713897705,0,0.009999996982514858
angle,1780513048483484573,2.0299999713897705,0,0.009999977424740791
angle,1780513048493484797,2.0299999713897705,0,0.009999965317547321
angle,1780513048503485333,2.0299999713897705,0,0.009999969974160194
angle,1780513048513487642,2.0299999713897705,0,0.010000023059546947
angle,1780513048523487584,2.0299999713897705,0,0.009999851696193218
angle,1780513048533485834,2.0299999713897705,0,0.009999928995966911
angle,1780513048543486109,2.0299999713897705,0,0.009999994188547134
angle,1780513048553486239,2.0299999713897705,0,0.009999965317547321
angle,1780513048563486211,2.0299999713897705,0,0.00999997928738594
angle,1780513048573486802,2.0299999713897705,0,0.00999999325722456
angle,1780513048583486782,2.0299999713897705,0,0.009999973699450493
angle,1780513048593487534,2.0299999713897705,0,0.009999980218708515
angle,1780513048603487781,2.0299999713897705,0,0.009999952279031277
angle,1780513048613487824,2.0299999713897705,0,0.009999992325901985
angle,1780513048623488169,2.0299999713897705,0,0.009999937377870083
angle,1780513048633488137,2.0299999713897705,0,0.009999960660934448
angle,1780513048643488370,2.0299999713897705,0,0.009999950416386127
angle,1780513048653488527,2.0299999713897705,0,0.009999961592257023
angle,1780513048663489181,2.0299999713897705,0,0.009999958798289299
angle,1780513048673489000,2.0299999713897705,0,0.009999977424740791
angle,1780513048683489248,2.0299999713897705,0,0.009999983943998814
angle,1780513048693489799,2.0299999713897705,0,0.009999965317547321
angle,1780513048703490360,2.0299999713897705,0,0.009999980218708515
angle,1780513048713490087,2.0299999713897705,0,0.009999549947679043
angle,1780513048723490374,2.0299999713897705,0,0.00999997928738594
angle,1780513048733490480,2.0299999713897705,0,0.009999969974160194
angle,1780513048743490801,2.0299999713897705,0,0.009999978356063366
angle,1780513048753491161,2.0299999713897705,0,0.009999959729611874
angle,1780513048763491384,2.0299999713897705,0,0.009999978356063366
angle,1780513048773491518,2.0299999713897705,0,0.01000000536441803
angle,1780513048783491795,2.0299999713897705,0,0.009999946691095829
angle,1780513048793492290,2.0299999713897705,0,0.009999978356063366
angle,1780513048803492191,2.0299999713897705,0,0.01000000536441803
angle,1780513048813492394,2.0299999713897705,0,0.009999874047935009
angle,1780513048823492594,2.0299999713897705,0,0.009999959729611874
angle,1780513048833493007,2.0299999713897705,0,0.009999980218708515
angle,1780513048843493057,2.0299999713897705,0,0.009999961592257023
angle,1780513048853493351,2.0299999713897705,0,0.009999986737966537
angle,1780513048863493545,2.0299999713897705,0,0.009999973699450493
angle,1780513048873493832,2.0299999713897705,0,0.009999914094805717
angle,1780513048883494416,2.0299999713897705,0,0.00999995693564415
angle,1780513048893494080,2.0299999713897705,0,0.009999914094805717
angle,1780513048903494591,2.0299999713897705,0,0.010000006295740604
angle,1780513048913494699,2.0299999713897705,0,0.009999955072999
angle,1780513048923495168,2.0299999713897705,0,0.009999983943998814
angle,1780513048933495324,2.0299999713897705,0,0.010000012814998627
angle,1780513048943495496,2.0299999713897705,0,0.009999943897128105
angle,1780513048953496198,2.0299999713897705,0,0.01000003982335329
angle,1780513048963496239,2.0299999713897705,0,0.009999933652579784
angle,1780513048973496861,2.0299999713897705,0,0.009999996051192284
angle,1780513048983497639,2.0299999713897705,0,0.010000000707805157
angle,1780513048993496774,2.0299999713897705,0,0.009999933652579784
angle,1780513049003497277,2.0299999713897705,0,0.009999977424740791
angle,1780513049013497252,2.0299999713897705,0,0.00999994296580553
angle,1780513049023497735,2.0299999713897705,0,0.009999988600611687
angle,1780513049033497645,2.0299999713897705,0,0.00999997928738594
angle,1780513049043497776,2.0299999713897705,0,0.009999936446547508
angle,1780513049053498039,2.0299999713897705,0,0.010000004433095455
angle,1780513049063498599,2.0299999713897705,0,0.009999978356063366
angle,1780513049073498365,2.0299999713897705,0,0.009999972768127918
angle,1780513049083498547,2.0299999713897705,0,0.009999950416386127
angle,1780513049093499228,2.0299999713897705,0,0.009999953210353851
angle,1780513049103501431,2.0299999713897705,0,0.009999999776482582
angle,1780513049113499253,2.0299999713897705,0,0.009999879635870457
angle,1780513049123499846,2.0299999713897705,0,0.009999957866966724
angle,1780513049133499860,2.0299999713897705,0,0.010000001639127731
angle,1780513049143500230,2.0299999713897705,0,0.009999946691095829
angle,1780513049153500239,2.0299999713897705,0,0.009999983012676239
angle,1780513049163500759,2.0299999713897705,0,0.009999995119869709
angle,1780513049173500622,2.0299999713897705,0,0.00999996904283762
angle,1780513049183500888,2.0299999713897705,0,0.009999937377870083
angle,1780513049193501024,2.0299999713897705,0,0.009999984875321388
angle,1780513049203501861,2.0299999713897705,0,0.00999999325722456
angle,1780513049213501611,2.0299999713897705,0,0.009999936446547508
angle,1780513049223501678,2.0299999713897705,0,0.009999966248869896
angle,1780513049233502207,2.0299999713897705,0,0.009999996982514858
angle,1780513049243502552,2.0299999713897705,0,0.00999995693564415
angle,1780513049253502270,2.0299999713897705,0,0.009999889880418777
angle,1780513049263502509,2.0299999713897705,0,0.00999996718019247
angle,1780513049273503139,2.0299999713897705,0,0.009999956004321575
angle,1780513049283502939,2.0299999713897705,0,0.009999954141676426
angle,1780513049293503203,2.0299999713897705,0,0.009999956004321575
angle,1780513049303503616,2.0299999713897705,0,0.009999937377870083
angle,1780513049313503771,2.0299999713897705,0,0.009999988600611687
angle,1780513049323503999,2.0299999713897705,0,0.009999977424740791
angle,1780513049333504368,2.0299999713897705,0,0.009999994188547134
angle,1780513049343504624,2.0299999713897705,0,0.009999956004321575
angle,1780513049353505366,2.0299999713897705,0,0.010000000707805157
angle,1780513049363505703,2.0299999713897705,0,0.009999983012676239
angle,1780513049373505610,2.0299999713897705,0,0.009999925270676613
angle,1780513049383505548,2.0299999713897705,0,0.00999997928738594
angle,1780513049393505852,2.0299999713897705,0,0.009999996051192284
angle,1780513049403506483,2.0299999713897705,0,0.009999969974160194
angle,1780513049413506307,2.0299999713897705,0,0.009999977424740791
angle,1780513049423506508,2.0299999713897705,0,0.009999998845160007
angle,1780513049433506791,2.0299999713897705,0,0.00999999325722456
angle,1780513049443506892,2.0299999713897705,0,0.009999934583902359
angle,1780513049453507542,2.0299999713897705,0,0.009999939240515232
angle,1780513049463507765,2.0299999713897705,0,0.009999996982514858
angle,1780513049473507744,2.0299999713897705,0,0.009999987669289112
angle,1780513049483507817,2.0299999713897705,0,0.009999980218708515
angle,1780513049493508390,2.0299999713897705,0,0.009999939240515232
angle,1780513049503508380,2.0299999713897705,0,0.00999999325722456
angle,1780513049513508512,2.0299999713897705,0,0.00999998115003109
angle,1780513049523508897,2.0299999713897705,0,0.009999990463256836
angle,1780513049533508977,2.0299999713897705,0,0.009999950416386127
angle,1780513049543509577,2.0299999713897705,0,0.009999948553740978
angle,1780513049553509440,2.0299999713897705,0,0.009999986737966537
angle,1780513049563509647,2.0299999713897705,0,0.009999982081353664
angle,1780513049573510464,2.0299999713897705,0,0.009999983943998814
angle,1780513049583511044,2.0299999713897705,0,0.009999937377870083
angle,1780513049593510608,2.0299999713897705,0,0.010000001639127731
angle,1780513049603510548,2.0299999713897705,0,0.00999999325722456
angle,1780513049613511028,2.0299999713897705,0,0.009999992325901985
angle,1780513049623511338,2.0299999713897705,0,0.009999985806643963
angle,1780513049633511403,2.0299999713897705,0,0.009999939240515232
angle,1780513049643511516,2.0299999713897705,0,0.010000006295740604
angle,1780513049653511914,2.0299999713897705,0,0.00999999325722456
angle,1780513049663512096,2.0299999713897705,0,0.010000001639127731
angle,1780513049673512563,2.0299999713897705,0,0.00999996904283762
angle,1780513049683512677,2.0299999713897705,0,0.009999973699450493
angle,1780513049693512743,2.0299999713897705,0,0.009999942034482956
angle,1780513049703512933,2.0299999713897705,0,0.009999980218708515
angle,1780513049713513505,2.0299999713897705,0,0.009999954141676426
angle,1780513049723513344,2.0299999713897705,0,0.009999913163483143
angle,1780513049733513721,2.0299999713897705,0,0.009999987669289112
angle,1780513049743513988,2.0299999713897705,0,0.009999940171837807
angle,1780513049753514821,2.0299999713897705,0,0.009999965317547321
angle,1780513049763515303,2.0299999713897705,0,0.009999983012676239
angle,1780513049773514848,2.0299999713897705,0,0.009999996982514858
angle,1780513049783515024,2.0299999713897705,0,0.009999942034482956
angle,1780513049793515055,2.0299999713897705,0,0.009999954141676426
angle,1780513049803515769,2.0299999713897705,0,0.009999954141676426
angle,1780513049813515759,2.0299999713897705,0,0.010000008158385754
angle,1780513049823515752,2.0299999713897705,0,0.00999996904283762
angle,1780513049833516040,2.0299999713897705,0,0.009999982081353664
angle,1780513049843516195,2.0299999713897705,0,0.00999999139457941
angle,1780513049853516703,2.0299999713897705,0,0.009999936446547508
angle,1780513049863516706,2.0299999713897705,0,0.009999992325901985
angle,1780513049873517135,2.0299999713897705,0,0.009999977424740791
angle,1780513049883517635,2.0299999713897705,0,0.009999969974160194
angle,1780513049893517920,2.0299999713897705,0,0.009999941103160381
angle,1780513049903517966,2.0299999713897705,0,0.009999954141676426
angle,1780513049913518489,2.0299999713897705,0,0.009999936446547508
angle,1780513049923518206,2.0299999713897705,0,0.009999903850257397
angle,1780513049933518385,2.0299999713897705,0,0.009999959729611874
angle,1780513049943518731,2.0299999713897705,0,0.009999963454902172
angle,1780513049953519247,2.0299999713897705,0,0.009999958798289299
angle,1780513049963519202,2.0299999713897705,0,0.009999951347708702
angle,1780513049973521115,2.0299999713897705,0,0.009999998845160007
angle,1780513049983520896,2.0299999713897705,0,0.009999898262321949
angle,1780513049993520103,2.0299999713897705,0,0.009999913163483143
angle,1780513050003521656,2.0299999713897705,0,0.009999956004321575
angle,1780513050013520584,2.0299999713897705,0,0.00999984610825777
angle,1780513050023520822,2.0299999713897705,0,0.009999996051192284
angle,1780513050033520966,2.0299999713897705,0,0.009999954141676426
angle,1780513050043521491,2.0299999713897705,0,0.009999996982514858
angle,1780513050053521792,2.0299999713897705,0,0.010000002570450306
angle,1780513050063521834,2.0299999713897705,0,0.00999995693564415
angle,1780513050073522200,2.0299999713897705,0,0.010000000707805157
angle,1780513050083522628,2.0299999713897705,0,0.009999909438192844
angle,1780513050093522734,2.0299999713897705,0,0.009999968111515045
angle,1780513050103524388,2.0299999713897705,0,0.009999999776482582
angle,1780513050113523557,2.0299999713897705,0,0.009999907575547695
angle,1780513050123523250,2.0299999713897705,0,0.009999890811741352
angle,1780513050133523413,2.0299999713897705,0,0.009999984875321388
angle,1780513050143523735,2.0299999713897705,0,0.009999972768127918
angle,1780513050153523857,2.0299999713897705,0,0.009999987669289112
angle,1780513050163524144,2.0299999713897705,0,0.009999998845160007
angle,1780513050173524217,2.0299999713897705,0,0.010000001639127731
angle,1780513050183525182,2.0299999713897705,0,0.009999960660934448
angle,1780513050193524771,2.0299999713897705,0,0.00999986007809639
angle,1780513050203525853,2.0299999713897705,0,0.009999960660934448
angle,1780513050213525551,2.0299999713897705,0,0.009999961592257023
angle,1780513050223525779,2.0299999713897705,0,0.009999992325901985
angle,1780513050233526760,2.0299999713897705,0,0.010000034235417843
angle,1780513050243526300,2.0299999713897705,0,0.009999839588999748
angle,1780513050253526706,2.0299999713897705,0,0.00999996904283762
angle,1780513050263526778,2.0299999713897705,0,0.00999995693564415
angle,1780513050273526807,2.0299999713897705,0,0.009999982081353664
angle,1780513050283527408,2.0299999713897705,0,0.00999997928738594
angle,1780513050293527668,2.0299999713897705,0,0.00999992061406374
angle,1780513050303527667,2.0299999713897705,0,0.00999997928738594
angle,1780513050313528291,2.0299999713897705,0,0.009999996982514858
angle,1780513050323528235,2.0299999713897705,0,0.009999897330999374
angle,1780513050333528544,2.0299999713897705,0,0.00999999139457941
angle,1780513050343529278,2.0299999713897705,0,0.009999972768127918
angle,1780513050353529186,2.0299999713897705,0,0.010000023059546947
angle,1780513050363529506,2.0299999713897705,0,0.00999999139457941
angle,1780513050373529744,2.0299999713897705,0,0.009999988600611687
angle,1780513050383530215,2.0299999713897705,0,0.009999975562095642
angle,1780513050393530137,2.0299999713897705,0,0.009999934583902359
angle,1780513050403530491,2.0299999713897705,0,0.009999955072999
angle,1780513050413530958,2.0299999713897705,0,0.009999995119869709
angle,1780513050423531081,2.0299999713897705,0,0.009999907575547695
angle,1780513050433531574,2.0299999713897705,0,0.009999994188547134
angle,1780513050443531486,2.0299999713897705,0,0.009999826550483704
angle,1780513050453532252,2.0299999713897705,0,0.010000007227063179
angle,1780513050463532282,2.0299999713897705,0,0.009999848902225494
angle,1780513050473532496,2.0299999713897705,0,0.009999983943998814
angle,1780513050483532432,2.0299999713897705,0,0.009999968111515045
angle,1780513050493532480,2.0299999713897705,0,0.009999987669289112
angle,1780513050503532724,2.0299999713897705,0,0.010000009089708328
angle,1780513050513533702,2.0299999713897705,0,0.009999973699450493
angle,1780513050523533937,2.0299999713897705,0,0.009999958798289299
angle,1780513050533533882,2.0299999713897705,0,0.009999936446547508
angle,1780513050543534181,2.0299999713897705,0,0.00999995693564415
angle,1780513050553534667,2.0299999713897705,0,0.009999970905482769
angle,1780513050563534769,2.0299999713897705,0,0.009999940171837807
angle,1780513050573534781,2.0299999713897705,0,0.009999959729611874
angle,1780513050583535124,2.0299999713897705,0,0.009999977424740791
angle,1780513050593535301,2.0299999713897705,0,0.009999968111515045
angle,1780513050603535742,2.0299999713897705,0,0.009999939240515232
angle,1780513050613535734,2.0299999713897705,0,0.009999977424740791
angle,1780513050623535841,2.0299999713897705,0,0.009999955072999
angle,1780513050633536063,2.0299999713897705,0,0.009999980218708515
angle,1780513050643536251,2.0299999713897705,0,0.009999988600611687
angle,1780513050653537175,2.0299999713897705,0,0.01000001560896635
angle,1780513050663537098,2.0299999713897705,0,0.009999943897128105
angle,1780513050673537449,2.0299999713897705,0,0.009999939240515232
angle,1780513050683537364,2.0299999713897705,0,0.009999965317547321
angle,1780513050693538074,2.0299999713897705,0,0.009999999776482582
angle,1780513050703537776,2.0299999713897705,0,0.00999994296580553
angle,1780513050713538643,2.0299999713897705,0,0.009999963454902172
angle,1780513050723538393,2.0299999713897705,0,0.009999997913837433
angle,1780513050733538560,2.0299999713897705,0,0.009999947622418404
angle,1780513050743538899,2.0299999713897705,0,0.009999983012676239
angle,1780513050753539199,2.0299999713897705,0,0.009999942034482956
angle,1780513050763539456,2.0299999713897705,0,0.010000010021030903
angle,1780513050773539376,2.0299999713897705,0,0.009999886155128479
angle,1780513050783539454,2.0299999713897705,0,0.009999984875321388
angle,1780513050793539894,2.0299999713897705,0,0.009999969974160194
angle,1780513050803540888,2.0299999713897705,0,0.009999951347708702
angle,1780513050813540533,2.0299999713897705,0,0.009999939240515232
angle,1780513050823540817,2.0299999713897705,0,0.009999940171837807
angle,1780513050833540824,2.0299999713897705,0,0.009999880567193031
angle,1780513050843541409,2.0299999713897705,0,0.009999964386224747
angle,1780513050853541333,2.0299999713897705,0,0.009999954141676426
angle,1780513050863541547,2.0299999713897705,0,0.009999933652579784
angle,1780513050873541807,2.0299999713897705,0,0.009999970905482769
angle,1780513050883542509,2.0299999713897705,0,0.009999992325901985
angle,1780513050893542285,2.0299999713897705,0,0.009999995119869709
angle,1780513050903542676,2.0299999713897705,0,0.009999998845160007
angle,1780513050913542910,2.0299999713897705,0,0.009999957866966724
angle,1780513050923543171,2.0299999713897705,0,0.00999998115003109
angle,1780513050933543288,2.0299999713897705,0,0.009999943897128105
angle,1780513050943543443,2.0299999713897705,0,0.010000011883676052
angle,1780513050953544265,2.0299999713897705,0,0.009999970905482769
angle,1780513050963544477,2.0299999713897705,0,0.009999864734709263
angle,1780513050973544688,2.0299999713897705,0,0.009999902918934822
angle,1780513050983545177,2.0299999713897705,0,0.010000000707805157
angle,1780513050993544792,2.0299999713897705,0,0.00999986007809639
angle,1780513051003545021,2.0299999713897705,0,0.009999958798289299
angle,1780513051013545351,2.0299999713897705,0,0.009999975562095642
angle,1780513051023545475,2.0299999713897705,0,0.009999910369515419
angle,1780513051033545732,2.0299999713897705,0,0.009999934583902359
angle,1780513051043545795,2.0299999713897705,0,0.009999946691095829
angle,1780513051053546066,2.0299999713897705,0,0.009999954141676426
angle,1780513051063546687,2.0299999713897705,0,0.009999958798289299
angle,1780513051073546430,2.0299999713897705,0,0.009999968111515045
angle,1780513051083546732,2.0299999713897705,0,0.009999959729611874
angle,1780513051093547178,2.0299999713897705,0,0.009999980218708515
angle,1780513051103548653,2.0299999713897705,0,0.009999940171837807
angle,1780513051113547617,2.0299999713897705,0,0.009999936446547508
angle,1780513051123547905,2.0299999713897705,0,0.009999964386224747
angle,1780513051133548083,2.0299999713897705,0,0.009999973699450493
angle,1780513051143548321,2.0299999713897705,0,0.010000000707805157
angle,1780513051153548822,2.0299999713897705,0,0.009999936446547508
angle,1780513051163548751,2.0299999713897705,0,0.009999998845160007
angle,1780513051173548933,2.0299999713897705,0,0.01000000536441803
angle,1780513051183549271,2.0299999713897705,0,0.00999999325722456
angle,1780513051193549417,2.0299999713897705,0,0.010000009089708328
angle,1780513051203549769,2.0299999713897705,0,0.00999998115003109
angle,1780513051213550239,2.0299999713897705,0,0.009999891743063927
angle,1780513051223550747,2.0299999713897705,0,0.00999996718019247
angle,1780513051233550413,2.0299999713897705,0,0.009999899193644524
angle,1780513051243550805,2.0299999713897705,0,0.009999986737966537
angle,1780513051255174225,2.0299999713897705,0,0.011623178608715534
angle,1780513051265175106,2.0299999713897705,0,0.009999972768127918
angle,1780513051275175216,2.0299999713897705,0,0.010000000707805157
angle,1780513051285175219,2.0299999713897705,0,0.009999973699450493
angle,1780513051295175387,2.0299999713897705,0,0.009999982081353664
angle,1780513051305175788,2.0299999713897705,0,0.009999942034482956
angle,1780513051315176004,2.0299999713897705,0,0.009999958798289299
angle,1780513051325176043,2.0299999713897705,0,0.009999996982514858
angle,1780513051335176213,2.0299999713897705,0,0.009999960660934448
angle,1780513051345176500,2.0299999713897705,0,0.009999971836805344
angle,1780513051355176682,2.0299999713897705,0,0.009999974630773067
angle,1780513051365176971,2.0299999713897705,0,0.009999973699450493
angle,1780513051375177068,2.0299999713897705,0,0.009999997913837433
angle,1780513051385177418,2.0299999713897705,0,0.009999987669289112
angle,1780513051395177895,2.0299999713897705,0,0.009999952279031277
angle,1780513051405177778,2.0299999713897705,0,0.009999969974160194
angle,1780513051415178032,2.0299999713897705,0,0.009999951347708702
angle,1780513051425178480,2.0299999713897705,0,0.009999955072999
angle,1780513051435178799,2.0299999713897705,0,0.009999856352806091
angle,1780513051445178965,2.0299999713897705,0,0.009999939240515232
angle,1780513051455179369,2.0299999713897705,0,0.009999994188547134
angle,1780513051465180749,2.0299999713897705,0,0.009999980218708515
angle,1780513051475179620,2.0299999713897705,0,0.009999843314290047
angle,1780513051485180009,2.0299999713897705,0,0.009999994188547134
angle,1780513051495180118,2.0299999713897705,0,0.009999954141676426
angle,1780513051505180334,2.0299999713897705,0,0.009999928995966911
angle,1780513051515180996,2.0299999713897705,0,0.00999994482845068
angle,1780513051525181116,2.0299999713897705,0,0.009999973699450493
angle,1780513051535180961,2.0299999713897705,0,0.009999988600611687
angle,1780513051545181235,2.0299999713897705,0,0.009999942034482956
angle,1780513051555181414,2.0299999713897705,0,0.009999984875321388
angle,1780513051565181756,2.0299999713897705,0,0.009999997913837433
angle,1780513051575181927,2.0299999713897705,0,0.009999964386224747
angle,1780513051585182085,2.0299999713897705,0,0.009999974630773067
angle,1780513051595182796,2.0299999713897705,0,0.009999945759773254
angle,1780513051605182897,2.0299999713897705,0,0.009999874979257584
angle,1780513051615182905,2.0299999713897705,0,0.009999996051192284
angle,1780513051625183137,2.0299999713897705,0,0.009999951347708702
angle,1780513051635183186,2.0299999713897705,0,0.009999951347708702
angle,1780513051645183530,2.0299999713897705,0,0.009999950416386127
angle,1780513051655183691,2.0299999713897705,0,0.009999941103160381
angle,1780513051665184021,2.0299999713897705,0,0.010000004433095455
angle,1780513051675184077,2.0299999713897705,0,0.010000007227063179
angle,1780513051685184343,2.0299999713897705,0,0.009999955072999
angle,1780513051695184920,2.0299999713897705,0,0.009999957866966724
angle,1780513051705184848,2.0299999713897705,0,0.009999957866966724
angle,1780513051715185065,2.0299999713897705,0,0.00999995693564415
angle,1780513051725186180,2.0299999713897705,0,0.009999995119869709
angle,1780513051735185481,2.0299999713897705,0,0.009999919682741165
angle,1780513051745185732,2.0299999713897705,0,0.010000006295740604
angle,1780513051755185838,2.0299999713897705,0,0.009999937377870083
angle,1780513051765186356,2.0299999713897705,0,0.009999985806643963
angle,1780513051775186429,2.0299999713897705,0,0.00999995693564415
angle,1780513051785186504,2.0299999713897705,0,0.009999994188547134
angle,1780513051795186896,2.0299999713897705,0,0.009999938309192657
angle,1780513051805187079,2.0299999713897705,0,0.009999964386224747
angle,1780513051815187144,2.0299999713897705,0,0.009999940171837807
angle,1780513051825187602,2.0299999713897705,0,0.009999936446547508
angle,1780513051835187884,2.0299999713897705,0,0.009999961592257023
angle,1780513051845188189,2.0299999713897705,0,0.00999999325722456
angle,1780513051855188382,2.0299999713897705,0,0.009999980218708515
angle,1780513051865188676,2.0299999713897705,0,0.009999971836805344
angle,1780513051875188785,2.0299999713897705,0,0.00999993085861206
angle,1780513051885191135,2.0299999713897705,0,0.009999966248869896
angle,1780513051895189361,2.0299999713897705,0,0.009999926201999187
angle,1780513051905191262,2.0299999713897705,0,0.009999960660934448
angle,1780513051915190082,2.0299999713897705,0,0.009999897330999374
angle,1780513051925190595,2.0299999713897705,0,0.009999996982514858
angle,1780513051935190661,2.0299999713897705,0,0.00999995693564415
angle,1780513051945190699,2.0299999713897705,0,0.009999997913837433
angle,1780513051955191105,2.0299999713897705,0,0.009999941103160381
angle,1780513051965190981,2.0299999713897705,0,0.009999946691095829
angle,1780513051975193011,2.0299999713897705,0,0.009999972768127918
angle,1780513051985192107,2.0299999713897705,0,0.009999904781579971
angle,1780513051995191670,2.0299999713897705,0,0.009999891743063927
angle,1780513052005192059,2.0299999713897705,0,0.009999953210353851
angle,1780513052015192096,2.0299999713897705,0,0.009999995119869709
angle,1780513052025192549,2.0299999713897705,0,0.009999957866966724
angle,1780513052035192787,2.0299999713897705,0,0.009999888949096203
angle,1780513052045192782,2.0299999713897705,0,0.009999965317547321
angle,1780513052055193020,2.0299999713897705,0,0.009999956004321575
angle,1780513052065193340,2.0299999713897705,0,0.009999973699450493
angle,1780513052075193907,2.0299999713897705,0,0.009999970905482769
angle,1780513052085194173,2.0299999713897705,0,0.009999977424740791
angle,1780513052095194135,2.0299999713897705,0,0.009999947622418404
angle,1780513052105195820,2.0299999713897705,0,0.009999934583902359
angle,1780513052115194447,2.0299999713897705,0,0.009999914094805717
angle,1780513052125195061,2.0299999713897705,0,0.010000002570450306
angle,1780513052135195118,2.0299999713897705,0,0.009999934583902359
angle,1780513052145195058,2.0299999713897705,0,0.009999963454902172
angle,1780513052155195203,2.0299999713897705,0,0.009999994188547134
angle,1780513052165195642,2.0299999713897705,0,0.009999952279031277
angle,1780513052175195864,2.0299999713897705,0,0.009999996051192284
angle,1780513052185196117,2.0299999713897705,0,0.009999980218708515
angle,1780513052195196478,2.0299999713897705,0,0.009999990463256836
angle,1780513052205196464,2.0299999713897705,0,0.00999994296580553
angle,1780513052215197085,2.0299999713897705,0,0.009999953210353851
angle,1780513052225197540,2.0299999713897705,0,0.010000002570450306
angle,1780513052235197313,2.0299999713897705,0,0.00999995693564415
angle,1780513052245197451,2.0299999713897705,0,0.009999998845160007
angle,1780513052255197680,2.0299999713897705,0,0.009999953210353851
angle,1780513052265198244,2.0299999713897705,0,0.009999973699450493
angle,1780513052275198172,2.0299999713897705,0,0.010000000707805157
angle,1780513052285198498,2.0299999713897705,0,0.009999997913837433
angle,1780513052295198866,2.0299999713897705,0,0.009999987669289112
angle,1780513052305198943,2.0299999713897705,0,0.009999968111515045
angle,1780513052315200051,2.0299999713897705,0,0.00999996904283762
angle,1780513052325199472,2.0299999713897705,0,0.009999876841902733
angle,1780513052335199434,2.0299999713897705,0,0.009999938309192657
angle,1780513052345199729,2.0299999713897705,0,0.009999956004321575
angle,1780513052355200287,2.0299999713897705,0,0.009999987669289112
angle,1780513052365200659,2.0299999713897705,0,0.009999951347708702
angle,1780513052375200293,2.0299999713897705,0,0.009999928064644337
angle,1780513052385200994,2.0299999713897705,0,0.00999994482845068
angle,1780513052395200879,2.0299999713897705,0,0.009999902918934822
angle,1780513052405201376,2.0299999713897705,0,0.009999936446547508
angle,1780513052415201356,2.0299999713897705,0,0.009999966248869896
angle,1780513052425202354,2.0299999713897705,0,0.009999931789934635
angle,1780513052435201800,2.0299999713897705,0,0.009999990463256836
angle,1780513052445202053,2.0299999713897705,0,0.009999939240515232
angle,1780513052455202348,2.0299999713897705,0,0.00999995693564415
angle,1780513052465202572,2.0299999713897705,0,0.009999986737966537
angle,1780513052475202707,2.0299999713897705,0,0.009999961592257023
angle,1780513052485202922,2.0299999713897705,0,0.009999940171837807
angle,1780513052495203152,2.0299999713897705,0,0.009999982081353664
angle,1780513052505203339,2.0299999713897705,0,0.009999992325901985
angle,1780513052515203782,2.0299999713897705,0,0.010000004433095455
angle,1780513052525204226,2.0299999713897705,0,0.009999996982514858
angle,1780513052535204191,2.0299999713897705,0,0.009999919682741165
angle,1780513052545204341,2.0299999713897705,0,0.009999958798289299
angle,1780513052555204547,2.0299999713897705,0,0.009999984875321388
angle,1780513052565204604,2.0299999713897705,0,0.009999958798289299
angle,1780513052575205032,2.0299999713897705,0,0.010000001639127731
angle,1780513052585205689,2.0299999713897705,0,0.010000002570450306
angle,1780513052595205802,2.0299999713897705,0,0.009999914094805717
angle,1780513052605206082,2.0299999713897705,0,0.009999946691095829
angle,1780513052615206165,2.0299999713897705,0,0.009999997913837433
angle,1780513052625206375,2.0299999713897705,0,0.009999933652579784
angle,1780513052635206421,2.0299999713897705,0,0.009999965317547321
angle,1780513052645206893,2.0299999713897705,0,0.009999986737966537
angle,1780513052655206768,2.0299999713897705,0,0.009999960660934448
angle,1780513052665207048,2.0299999713897705,0,0.00999999325722456
angle,1780513052675207334,2.0299999713897705,0,0.00999997928738594
angle,1780513052685207602,2.0299999713897705,0,0.009999970905482769
angle,1780513052695208628,2.0299999713897705,0,0.01000001560896635
angle,1780513052705208183,2.0299999713897705,0,0.009999913163483143
angle,1780513052715208706,2.0299999713897705,0,0.009999999776482582
angle,1780513052725208637,2.0299999713897705,0,0.009999953210353851
angle,1780513052735208830,2.0299999713897705,0,0.009999923408031464
angle,1780513052745208950,2.0299999713897705,0,0.009999957866966724
angle,1780513052755209346,2.0299999713897705,0,0.009999986737966537
angle,1780513052765209824,2.0299999713897705,0,0.009999995119869709
angle,1780513052775209956,2.0299999713897705,0,0.009999995119869709
angle,1780513052785210385,2.0299999713897705,0,0.009999996982514858
angle,1780513052795210492,2.0299999713897705,0,0.009999999776482582
angle,1780513052805211003,2.0299999713897705,0,0.009999955072999
angle,1780513052815210890,2.0299999713897705,0,0.009999999776482582
angle,1780513052825211219,2.0299999713897705,0,0.009999985806643963
angle,1780513052835211436,2.0299999713897705,0,0.009999996982514858
angle,1780513052845211849,2.0299999713897705,0,0.009999990463256836
angle,1780513052855212572,2.0299999713897705,0,0.010000006295740604
angle,1780513052865212363,2.0299999713897705,0,0.010000014677643776
angle,1780513052875212456,2.0299999713897705,0,0.009999928064644337
angle,1780513052885214692,2.0299999713897705,0,0.009999969974160194
angle,1780513052895212956,2.0299999713897705,0,0.009999924339354038
angle,1780513052905213300,2.0299999713897705,0,0.009999996982514858
angle,1780513052915213383,2.0299999713897705,0,0.009999941103160381
angle,1780513052925214152,2.0299999713897705,0,0.009999980218708515
angle,1780513052935213889,2.0299999713897705,0,0.00999994296580553
angle,1780513052945213978,2.0299999713897705,0,0.009999952279031277
angle,1780513052955214472,2.0299999713897705,0,0.009999940171837807
angle,1780513052965214798,2.0299999713897705,0,0.01000000536441803
angle,1780513052975216474,2.0299999713897705,0,0.009999953210353851
angle,1780513052985217397,2.0299999713897705,0,0.009999938309192657
angle,1780513052995217643,2.0299999713897705,0,0.009999994188547134
angle,1780513053005215782,2.0299999713897705,0,0.009999833069741726
angle,1780513053015215826,2.0299999713897705,0,0.009999897330999374
angle,1780513053025215842,2.0299999713897705,0,0.009999957866966724
angle,1780513053035216601,2.0299999713897705,0,0.009999975562095642
angle,1780513053045216333,2.0299999713897705,0,0.00999996904283762
angle,1780513053055216599,2.0299999713897705,0,0.009999994188547134
angle,1780513053065216770,2.0299999713897705,0,0.00999996904283762
angle,1780513053075217140,2.0299999713897705,0,0.009999934583902359
angle,1780513053085218078,2.0299999713897705,0,0.009999973699450493
angle,1780513053095217655,2.0299999713897705,0,0.009999992325901985
angle,1780513053105219176,2.0299999713897705,0,0.009999961592257023
angle,1780513053115218211,2.0299999713897705,0,0.00999980978667736
angle,1780513053125218307,2.0299999713897705,0,0.009999973699450493
angle,1780513053135218887,2.0299999713897705,0,0.009999994188547134
angle,1780513053145218837,2.0299999713897705,0,0.00999997928738594
angle,1780513053155218771,2.0299999713897705,0,0.009999965317547321
angle,1780513053165219013,2.0299999713897705,0,0.01000000536441803
angle,1780513053175219801,2.0299999713897705,0,0.009999990463256836
angle,1780513053185219772,2.0299999713897705,0,0.010000016540288925
angle,1780513053195219865,2.0299999713897705,0,0.009999964386224747
angle,1780513053205220349,2.0299999713897705,0,0.00999999139457941
angle,1780513053215220571,2.0299999713897705,0,0.009999941103160381
angle,1780513053225220924,2.0299999713897705,0,0.00999995693564415
angle,1780513053235221291,2.0299999713897705,0,0.009999945759773254
angle,1780513053245221277,2.0299999713897705,0,0.009999948553740978
angle,1780513053255221714,2.0299999713897705,0,0.009999996051192284
angle,1780513053265221958,2.0299999713897705,0,0.009999995119869709
angle,1780513053275222897,2.0299999713897705,0,0.009999974630773067
angle,1780513053285222550,2.0299999713897705,0,0.009999693371355534
angle,1780513053295222478,2.0299999713897705,0,0.009999938309192657
angle,1780513053305222803,2.0299999713897705,0,0.01000000536441803
angle,1780513053315223377,2.0299999713897705,0,0.009999966248869896
angle,1780513053325223556,2.0299999713897705,0,0.009999963454902172
angle,1780513053335223619,2.0299999713897705,0,0.009999959729611874
angle,1780513053345223828,2.0299999713897705,0,0.009999963454902172
angle,1780513053355224360,2.0299999713897705,0,0.00999999139457941
angle,1780513053365225151,2.0299999713897705,0,0.00999996718019247
angle,1780513053375225417,2.0299999713897705,0,0.009999994188547134
angle,1780513053385225051,2.0299999713897705,0,0.00999986007809639
angle,1780513053395225287,2.0299999713897705,0,0.00999995693564415
angle,1780513053405225804,2.0299999713897705,0,0.009999984875321388
angle,1780513053415225564,2.0299999713897705,0,0.00999994296580553
angle,1780513053425225885,2.0299999713897705,0,0.00999994296580553
angle,1780513053435226383,2.0299999713897705,0,0.009999978356063366
angle,1780513053445226259,2.0299999713897705,0,0.009999945759773254
angle,1780513053455226445,2.0299999713897705,0,0.009999975562095642
angle,1780513053465226579,2.0299999713897705,0,0.009999952279031277
angle,1780513053475227052,2.0299999713897705,0,0.009999997913837433
angle,1780513053485227294,2.0299999713897705,0,0.009999954141676426
angle,1780513053495228535,2.0299999713897705,0,0.009999992325901985
angle,1780513053505227487,2.0299999713897705,0,0.009999887086451054
angle,1780513053515227784,2.0299999713897705,0,0.009999983943998814
angle,1780513053525228209,2.0299999713897705,0,0.010000004433095455
angle,1780513053535228854,2.0299999713897705,0,0.009999974630773067
angle,1780513053545228609,2.0299999713897705,0,0.009999996982514858
angle,1780513053555228867,2.0299999713897705,0,0.009999996051192284
angle,1780513053565229072,2.0299999713897705,0,0.009999985806643963
angle,1780513053575229610,2.0299999713897705,0,0.009999939240515232
angle,1780513053585229483,2.0299999713897705,0,0.009999992325901985
angle,1780513053595229902,2.0299999713897705,0,0.00999997928738594
angle,1780513053605229944,2.0299999713897705,0,0.009999978356063366
angle,1780513053615230210,2.0299999713897705,0,0.009999971836805344
angle,1780513053625230518,2.0299999713897705,0,0.01000000536441803
angle,1780513053635230970,2.0299999713897705,0,0.009999996982514858
angle,1780513053645231058,2.0299999713897705,0,0.009999983943998814
angle,1780513053655231096,2.0299999713897705,0,0.010000004433095455
angle,1780513053665231634,2.0299999713897705,0,0.009999999776482582
angle,1780513053675231702,2.0299999713897705,0,0.009999955072999
angle,1780513053685231698,2.0299999713897705,0,0.00999996904283762
angle,1780513053695232059,2.0299999713897705,0,0.009999980218708515
angle,1780513053705232367,2.0299999713897705,0,0.009999987669289112
angle,1780513053715232618,2.0299999713897705,0,0.010000006295740604
angle,1780513053725233020,2.0299999713897705,0,0.010000007227063179
angle,1780513053735233435,2.0299999713897705,0,0.009999934583902359
angle,1780513053745233730,2.0299999713897705,0,0.009999880567193031
angle,1780513053755233911,2.0299999713897705,0,0.009999938309192657
angle,1780513053765233880,2.0299999713897705,0,0.009999971836805344
angle,1780513053775234085,2.0299999713897705,0,0.009999956004321575
angle,1780513053785234453,2.0299999713897705,0,0.00999998115003109
angle,1780513053795234768,2.0299999713897705,0,0.009999996051192284
angle,1780513053805235285,2.0299999713897705,0,0.009999974630773067
angle,1780513053815235510,2.0299999713897705,0,0.00999994482845068
angle,1780513053825235588,2.0299999713897705,0,0.009999952279031277
angle,1780513053835235937,2.0299999713897705,0,0.009999945759773254
angle,1780513053845236303,2.0299999713897705,0,0.009999937377870083
angle,1780513053855236326,2.0299999713897705,0,0.009999958798289299
angle,1780513053865236497,2.0299999713897705,0,0.009999978356063366
angle,1780513053875236876,2.0299999713897705,0,0.009999909438192844
angle,1780513053885237237,2.0299999713897705,0,0.009999938309192657
angle,1780513053895237086,2.0299999713897705,0,0.009999964386224747
angle,1780513053905237183,2.0299999713897705,0,0.009999959729611874
angle,1780513053915237315,2.0299999713897705,0,0.009999992325901985
angle,1780513053925237617,2.0299999713897705,0,0.009999963454902172
angle,1780513053935239204,2.0299999713897705,0,0.010000031441450119
angle,1780513053945238068,2.0299999713897705,0,0.009999847039580345
angle,1780513053955238811,2.0299999713897705,0,0.010000059381127357
angle,1780513053965238856,2.0299999713897705,0,0.009999901056289673
angle,1780513053975240673,2.0299999713897705,0,0.009999950416386127
angle,1780513053985240507,2.0299999713897705,0,0.009999874979257584
angle,1780513053995239449,2.0299999713897705,0,0.009999595582485199
angle,1780513054005239646,2.0299999713897705,0,0.009999990463256836
angle,1780513054015239775,2.0299999713897705,0,0.00999997928738594
angle,1780513054025240124,2.0299999713897705,0,0.009999977424740791
angle,1780513054035240962,2.0299999713897705,0,0.009999951347708702
angle,1780513054045240448,2.0299999713897705,0,0.009999950416386127
angle,1780513054055240638,2.0299999713897705,0,0.009999947622418404
angle,1780513054065240807,2.0299999713897705,0,0.009999937377870083
angle,1780513054075241600,2.0299999713897705,0,0.009999968111515045
angle,1780513054085241295,2.0299999713897705,0,0.00999993272125721
angle,1780513054095241601,2.0299999713897705,0,0.009999950416386127
angle,1780513054105241853,2.0299999713897705,0,0.009999995119869709
angle,1780513054115243178,2.0299999713897705,0,0.009999969974160194
angle,1780513054125242219,2.0299999713897705,0,0.009999939240515232
angle,1780513054135242291,2.0299999713897705,0,0.009999951347708702
angle,1780513054145242494,2.0299999713897705,0,0.009999902918934822
angle,1780513054155243183,2.0299999713897705,0,0.009999999776482582
angle,1780513054165242929,2.0299999713897705,0,0.009999941103160381
angle,1780513054175243266,2.0299999713897705,0,0.01000000536441803
angle,1780513054185243539,2.0299999713897705,0,0.009999942034482956
angle,1780513054195243789,2.0299999713897705,0,0.009999983012676239
angle,1780513054205244025,2.0299999713897705,0,0.009999997913837433
angle,1780513054215246592,2.0299999713897705,0,0.010000032372772694
angle,1780513054225247229,2.0299999713897705,0,0.009999888017773628
angle,1780513054235246973,2.0299999713897705,0,0.00999986007809639
angle,1780513054245246666,2.0299999713897705,0,0.009999955072999
angle,1780513054255245413,2.0299999713897705,0,0.009999965317547321
angle,1780513054265245791,2.0299999713897705,0,0.00999998115003109
angle,1780513054275246166,2.0299999713897705,0,0.010000002570450306
angle,1780513054285246667,2.0299999713897705,0,0.009999973699450493
angle,1780513054295246508,2.0299999713897705,0,0.00999997928738594
angle,1780513054305246652,2.0299999713897705,0,0.009999978356063366
angle,1780513054315247000,2.0299999713897705,0,0.009999940171837807
angle,1780513054325247441,2.0299999713897705,0,0.010000001639127731
angle,1780513054335247840,2.0299999713897705,0,0.009999982081353664
angle,1780513054345247917,2.0299999713897705,0,0.009999947622418404
angle,1780513054355248161,2.0299999713897705,0,0.009999987669289112
angle,1780513054365248406,2.0299999713897705,0,0.009999957866966724
angle,1780513054375248972,2.0299999713897705,0,0.010000006295740604
angle,1780513054385248705,2.0299999713897705,0,0.00999996718019247
angle,1780513054395248941,2.0299999713897705,0,0.009999934583902359
angle,1780513054405249191,2.0299999713897705,0,0.009999982081353664
angle,1780513054415249564,2.0299999713897705,0,0.009999970905482769
angle,1780513054425249432,2.0299999713897705,0,0.009999947622418404
angle,1780513054435249999,2.0299999713897705,0,0.009999942034482956
angle,1780513054445250013,2.0299999713897705,0,0.0099998963996768
angle,1780513054455250143,2.0299999713897705,0,0.009999943897128105
angle,1780513054465250365,2.0299999713897705,0,0.009999983943998814
angle,1780513054475250683,2.0299999713897705,0,0.00999999139457941
angle,1780513054485251049,2.0299999713897705,0,0.00999997928738594
angle,1780513054495251134,2.0299999713897705,0,0.009999912232160568
angle,1780513054505251714,2.0299999713897705,0,0.009999977424740791
angle,1780513054515251550,2.0299999713897705,0,0.009999946691095829
angle,1780513054525251979,2.0299999713897705,0,0.010000004433095455
angle,1780513054535252298,2.0299999713897705,0,0.009999997913837433
angle,1780513054545252280,2.0299999713897705,0,0.009999961592257023
angle,1780513054555252493,2.0299999713897705,0,0.009999994188547134
angle,1780513054565252693,2.0299999713897705,0,0.009999951347708702
angle,1780513054575253184,2.0299999713897705,0,0.009999997913837433
angle,1780513054585253425,2.0299999713897705,0,0.009999996051192284
angle,1780513054595254061,2.0299999713897705,0,0.00999996718019247
angle,1780513054605253728,2.0299999713897705,0,0.010000007227063179
angle,1780513054615255696,2.0299999713897705,0,0.009999969974160194
angle,1780513054625254533,2.0299999713897705,0,0.009999838657677174
angle,1780513054635255111,2.0299999713897705,0,0.009999897330999374
angle,1780513054645254814,2.0299999713897705,0,0.009999905712902546
angle,1780513054655254893,2.0299999713897705,0,0.009999934583902359
angle,1780513054665255928,2.0299999713897705,0,0.009999937377870083
angle,1780513054675256717,2.0299999713897705,0,0.009999885223805904
angle,1780513054685258251,2.0299999713897705,0,0.010000019334256649
angle,1780513054695256241,2.0299999713897705,0,0.009999902918934822
angle,1780513054705256211,2.0299999713897705,0,0.009999938309192657
angle,1780513054715256673,2.0299999713897705,0,0.010000009089708328
angle,1780513054725256912,2.0299999713897705,0,0.010000004433095455
angle,1780513054735257215,2.0299999713897705,0,0.009999986737966537
angle,1780513054745257520,2.0299999713897705,0,0.009999956004321575
angle,1780513054755257884,2.0299999713897705,0,0.009999974630773067
angle,1780513054765258364,2.0299999713897705,0,0.00999993272125721
angle,1780513054775258070,2.0299999713897705,0,0.009999942034482956
angle,1780513054785259483,2.0299999713897705,0,0.009999994188547134
angle,1780513054795259018,2.0299999713897705,0,0.009999957866966724
angle,1780513054805258965,2.0299999713897705,0,0.009999946691095829
angle,1780513054815258846,2.0299999713897705,0,0.009999978356063366
angle,1780513054825259100,2.0299999713897705,0,0.009999975562095642
angle,1780513054835259913,2.0299999713897705,0,0.009999996982514858
angle,1780513054845260111,2.0299999713897705,0,0.009999974630773067
angle,1780513054855259952,2.0299999713897705,0,0.009999943897128105
angle,1780513054865260107,2.0299999713897705,0,0.009999945759773254
angle,1780513054875260341,2.0299999713897705,0,0.009999946691095829
angle,1780513054885260865,2.0299999713897705,0,0.009999983012676239
angle,1780513054895260519,2.0299999713897705,0,0.009999947622418404
angle,1780513054905261016,2.0299999713897705,0,0.009999980218708515
angle,1780513054915261285,2.0299999713897705,0,0.010000000707805157
angle,1780513054925261760,2.0299999713897705,0,0.009999973699450493
angle,1780513054935261667,2.0299999713897705,0,0.009999980218708515
angle,1780513054945261969,2.0299999713897705,0,0.009999998845160007
angle,1780513054955262319,2.0299999713897705,0,0.009999964386224747
angle,1780513054965262778,2.0299999713897705,0,0.009999999776482582
angle,1780513054975262754,2.0299999713897705,0,0.01000000536441803
angle,1780513054985263850,2.0299999713897705,0,0.009999968111515045
angle,1780513054995263267,2.0299999713897705,0,0.009999973699450493
angle,1780513055005263551,2.0299999713897705,0,0.009999964386224747
angle,1780513055015263811,2.0299999713897705,0,0.009999977424740791
angle,1780513055025263828,2.0299999713897705,0,0.009999955072999
angle,1780513055035264284,2.0299999713897705,0,0.009999947622418404
angle,1780513055045264300,2.0299999713897705,0,0.009999953210353851
angle,1780513055055264480,2.0299999713897705,0,0.009999951347708702
angle,1780513055065264555,2.0299999713897705,0,0.009999966248869896
angle,1780513055075265168,2.0299999713897705,0,0.009999978356063366
angle,1780513055085265852,2.0299999713897705,0,0.009999948553740978
angle,1780513055095265672,2.0299999713897705,0,0.009999997913837433
angle,1780513055105265668,2.0299999713897705,0,0.009999961592257023
angle,1780513055115267255,2.0299999713897705,0,0.009999953210353851
angle,1780513055125266514,2.0299999713897705,0,0.009999871253967285
angle,1780513055135266644,2.0299999713897705,0,0.009999980218708515
angle,1780513055145266693,2.0299999713897705,0,0.009999939240515232
angle,1780513055155266783,2.0299999713897705,0,0.009999947622418404
angle,1780513055165266946,2.0299999713897705,0,0.009999942034482956
angle,1780513055175267666,2.0299999713897705,0,0.00999997928738594
angle,1780513055185267548,2.0299999713897705,0,0.009999971836805344
angle,1780513055195267641,2.0299999713897705,0,0.009999957866966724
angle,1780513055205267973,2.0299999713897705,0,0.009999984875321388
angle,1780513055215268009,2.0299999713897705,0,0.009999964386224747
angle,1780513055225268387,2.0299999713897705,0,0.009999984875321388
angle,1780513055235268577,2.0299999713897705,0,0.009999980218708515
angle,1780513055245269104,2.0299999713897705,0,0.010000001639127731
angle,1780513055255269091,2.0299999713897705,0,0.009999941103160381
angle,1780513055265269518,2.0299999713897705,0,0.009999933652579784
angle,1780513055275269680,2.0299999713897705,0,0.00999996904283762
angle,1780513055285270089,2.0299999713897705,0,0.009999970905482769
angle,1780513055295270005,2.0299999713897705,0,0.009999887086451054
angle,1780513055305270214,2.0299999713897705,0,0.009999948553740978
angle,1780513055315270449,2.0299999713897705,0,0.010000000707805157
angle,1780513055325270751,2.0299999713897705,0,0.009999947622418404
angle,1780513055335271451,2.0299999713897705,0,0.00999995693564415
angle,1780513055345271653,2.0299999713897705,0,0.009999986737966537
angle,1780513055355271242,2.0299999713897705,0,0.009999916888773441
angle,1780513055365271631,2.0299999713897705,0,0.009999975562095642
angle,1780513055375272191,2.0299999713897705,0,0.009999950416386127
angle,1780513055385272170,2.0299999713897705,0,0.009999950416386127
angle,1780513055395272265,2.0299999713897705,0,0.009999939240515232
angle,1780513055405272581,2.0299999713897705,0,0.009999954141676426
angle,1780513055415273065,2.0299999713897705,0,0.009999940171837807
angle,1780513055425272998,2.0299999713897705,0,0.009999984875321388
angle,1780513055435273055,2.0299999713897705,0,0.009999977424740791
angle,1780513055445273516,2.0299999713897705,0,0.009999951347708702
angle,1780513055455273723,2.0299999713897705,0,0.009999928995966911
angle,1780513055465273811,2.0299999713897705,0,0.009999950416386127
angle,1780513055475274121,2.0299999713897705,0,0.00999997928738594
angle,1780513055485274426,2.0299999713897705,0,0.009999937377870083
angle,1780513055495277157,2.0299999713897705,0,0.009999971836805344
angle,1780513055505275145,2.0299999713897705,0,0.009999878704547882
angle,1780513055515275118,2.0299999713897705,0,0.009999996051192284
angle,1780513055525275561,2.0299999713897705,0,0.009999972768127918
angle,1780513055535275860,2.0299999713897705,0,0.009999956004321575
angle,1780513055545276093,2.0299999713897705,0,0.00999997928738594
angle,1780513055555276267,2.0299999713897705,0,0.010000010952353477
angle,1780513055565276513,2.0299999713897705,0,0.009999972768127918
angle,1780513055575276906,2.0299999713897705,0,0.009999996982514858
angle,1780513055585277063,2.0299999713897705,0,0.009999994188547134
angle,1780513055595277300,2.0299999713897705,0,0.009999965317547321
angle,1780513055605278064,2.0299999713897705,0,0.009999997913837433
angle,1780513055615277851,2.0299999713897705,0,0.009999923408031464
angle,1780513055625277855,2.0299999713897705,0,0.010000004433095455
angle,1780513055635277974,2.0299999713897705,0,0.00999994482845068
angle,1780513055645278477,2.0299999713897705,0,0.010000009089708328
angle,1780513055655278655,2.0299999713897705,0,0.010000006295740604
angle,1780513055665279316,2.0299999713897705,0,0.009999955072999
angle,1780513055675279106,2.0299999713897705,0,0.009999975562095642
angle,1780513055685279122,2.0299999713897705,0,0.00999995693564415
angle,1780513055695279386,2.0299999713897705,0,0.009999978356063366
angle,1780513055705279985,2.0299999713897705,0,0.00999996904283762
angle,1780513055715280209,2.0299999713897705,0,0.009999986737966537
angle,1780513055725280288,2.0299999713897705,0,0.009999992325901985
angle,1780513055735280478,2.0299999713897705,0,0.009999986737966537
angle,1780513055745280807,2.0299999713897705,0,0.009999973699450493
angle,1780513055755280619,2.0299999713897705,0,0.009999951347708702
angle,1780513055765280987,2.0299999713897705,0,0.009999987669289112
angle,1780513055775284676,2.0299999713897705,0,0.009999995119869709
angle,1780513055785281584,2.0299999713897705,0,0.00999995693564415
angle,1780513055795282168,2.0299999713897705,0,0.009999986737966537
angle,1780513055805281977,2.0299999713897705,0,0.009999966248869896
angle,1780513055815282079,2.0299999713897705,0,0.00999997928738594
angle,1780513055825282251,2.0299999713897705,0,0.009999953210353851
angle,1780513055835282865,2.0299999713897705,0,0.009999947622418404
angle,1780513055845283140,2.0299999713897705,0,0.009999974630773067
angle,1780513055855282958,2.0299999713897705,0,0.00999989453703165
angle,1780513055865283080,2.0299999713897705,0,0.009999942034482956
angle,1780513055875283431,2.0299999713897705,0,0.009999970905482769
angle,1780513055885284207,2.0299999713897705,0,0.009999984875321388
angle,1780513055895283968,2.0299999713897705,0,0.009999866597354412
angle,1780513055905284577,2.0299999713897705,0,0.009999952279031277
angle,1780513055915284292,2.0299999713897705,0,0.00999999139457941
angle,1780513055925284853,2.0299999713897705,0,0.009999945759773254
angle,1780513055935285508,2.0299999713897705,0,0.009999986737966537
angle,1780513055945285261,2.0299999713897705,0,0.009999975562095642
angle,1780513055955285852,2.0299999713897705,0,0.009999969974160194
angle,1780513055965285520,2.0299999713897705,0,0.009999879635870457
angle,1780513055975287739,2.0299999713897705,0,0.009999952279031277
angle,1780513055985286901,2.0299999713897705,0,0.009999904781579971
angle,1780513055995286275,2.0299999713897705,0,0.009999934583902359
angle,1780513056005286885,2.0299999713897705,0,0.009999957866966724
angle,1780513056015286631,2.0299999713897705,0,0.009999970905482769
angle,1780513056025287070,2.0299999713897705,0,0.010000007227063179
angle,1780513056035287616,2.0299999713897705,0,0.009999959729611874
angle,1780513056045287832,2.0299999713897705,0,0.009999973699450493
angle,1780513056055287972,2.0299999713897705,0,0.00999996718019247
angle,1780513056065288236,2.0299999713897705,0,0.009999950416386127
angle,1780513056075288288,2.0299999713897705,0,0.009999956004321575
angle,1780513056085289312,2.0299999713897705,0,0.009999970905482769
angle,1780513056095288782,2.0299999713897705,0,0.009999943897128105
angle,1780513056105289169,2.0299999713897705,0,0.009999971836805344
angle,1780513056115290904,2.0299999713897705,0,0.009999958798289299
angle,1780513056125289880,2.0299999713897705,0,0.009999891743063927
angle,1780513056135290328,2.0299999713897705,0,0.009999983012676239
angle,1780513056145290097,2.0299999713897705,0,0.009999978356063366
angle,1780513056155290277,2.0299999713897705,0,0.009999980218708515
angle,1780513056165290575,2.0299999713897705,0,0.009999957866966724
angle,1780513056175290705,2.0299999713897705,0,0.009999951347708702
angle,1780513056185290984,2.0299999713897705,0,0.009999982081353664
angle,1780513056195291076,2.0299999713897705,0,0.00999992061406374
angle,1780513056205291702,2.0299999713897705,0,0.009999940171837807
angle,1780513056215291417,2.0299999713897705,0,0.009999971836805344
angle,1780513056225291768,2.0299999713897705,0,0.009999937377870083
angle,1780513056235291889,2.0299999713897705,0,0.009999994188547134
angle,1780513056245292681,2.0299999713897705,0,0.009999996982514858
angle,1780513056255293568,2.0299999713897705,0,0.009999901056289673
angle,1780513056265292948,2.0299999713897705,0,0.009999901987612247
angle,1780513056275293161,2.0299999713897705,0,0.00999996904283762
angle,1780513056285294020,2.0299999713897705,0,0.010000033304095268
angle,1780513056295293874,2.0299999713897705,0,0.009999907575547695
angle,1780513056305294172,2.0299999713897705,0,0.010000004433095455
angle,1780513056315294565,2.0299999713897705,0,0.009999953210353851
angle,1780513056325294482,2.0299999713897705,0,0.00999999139457941
angle,1780513056335294770,2.0299999713897705,0,0.009999983943998814
angle,1780513056345296070,2.0299999713897705,0,0.01000010035932064
angle,1780513056355295767,2.0299999713897705,0,0.009999859146773815
angle,1780513056365296140,2.0299999713897705,0,0.00999999325722456
angle,1780513056375296336,2.0299999713897705,0,0.009999947622418404
angle,1780513056385296697,2.0299999713897705,0,0.009999986737966537
angle,1780513056395296926,2.0299999713897705,0,0.009999892674386501
angle,1780513056405297231,2.0299999713897705,0,0.009999953210353851
angle,1780513056415297285,2.0299999713897705,0,0.00999996718019247
angle,1780513056425297282,2.0299999713897705,0,0.009999939240515232
angle,1780513056435297618,2.0299999713897705,0,0.009999978356063366
angle,1780513056445298153,2.0299999713897705,0,0.010000007227063179
angle,1780513056455298264,2.0299999713897705,0,0.00999995693564415
angle,1780513056465299835,2.0299999713897705,0,0.010000006295740604
angle,1780513056475298760,2.0299999713897705,0,0.00999995693564415
angle,1780513056485299400,2.0299999713897705,0,0.009999975562095642
angle,1780513056495299603,2.0299999713897705,0,0.009999954141676426
angle,1780513056505299519,2.0299999713897705,0,0.009999883361160755
angle,1780513056515299613,2.0299999713897705,0,0.00999998115003109
angle,1780513056525300448,2.0299999713897705,0,0.009999952279031277
angle,1780513056535300199,2.0299999713897705,0,0.009999988600611687
angle,1780513056545300446,2.0299999713897705,0,0.010000004433095455
angle,1780513056555300710,2.0299999713897705,0,0.009999996051192284
angle,1780513056565300919,2.0299999713897705,0,0.00999996718019247
angle,1780513056575301146,2.0299999713897705,0,0.009999990463256836
angle,1780513056585301464,2.0299999713897705,0,0.009999945759773254
angle,1780513056595302381,2.0299999713897705,0,0.010000043548643589
angle,1780513056605301883,2.0299999713897705,0,0.009999921545386314
angle,1780513056615302699,2.0299999713897705,0,0.009999963454902172
angle,1780513056625302592,2.0299999713897705,0,0.009999992325901985
angle,1780513056635302526,2.0299999713897705,0,0.009999943897128105
angle,1780513056645302885,2.0299999713897705,0,0.009999972768127918
angle,1780513056655303114,2.0299999713897705,0,0.009999951347708702
angle,1780513056665303249,2.0299999713897705,0,0.010000002570450306
angle,1780513056675303532,2.0299999713897705,0,0.009999938309192657
angle,1780513056685303872,2.0299999713897705,0,0.009999964386224747
angle,1780513056695304190,2.0299999713897705,0,0.009999943897128105
angle,1780513056705304689,2.0299999713897705,0,0.009999990463256836
angle,1780513056715304407,2.0299999713897705,0,0.00999995693564415
angle,1780513056725305330,2.0299999713897705,0,0.010000020265579224
angle,1780513056735304982,2.0299999713897705,0,0.0099998963996768
angle,1780513056745305639,2.0299999713897705,0,0.009999973699450493
angle,1780513056755305732,2.0299999713897705,0,0.009999986737966537
angle,1780513056765305918,2.0299999713897705,0,0.009999982081353664
angle,1780513056775306230,2.0299999713897705,0,0.009999996051192284
angle,1780513056785306797,2.0299999713897705,0,0.010000002570450306
angle,1780513056795306716,2.0299999713897705,0,0.009999970905482769
angle,1780513056805307104,2.0299999713897705,0,0.00999996718019247
angle,1780513056815307107,2.0299999713897705,0,0.009999978356063366
angle,1780513056825307263,2.0299999713897705,0,0.009999994188547134
angle,1780513056835307525,2.0299999713897705,0,0.010000002570450306
angle,1780513056845307727,2.0299999713897705,0,0.009999951347708702
angle,1780513056855308327,2.0299999713897705,0,0.009999947622418404
angle,1780513056865308293,2.0299999713897705,0,0.009999947622418404
angle,1780513056875308508,2.0299999713897705,0,0.009999915026128292
angle,1780513056885308894,2.0299999713897705,0,0.009999980218708515
angle,1780513056895309291,2.0299999713897705,0,0.009999971836805344
angle,1780513056905309237,2.0299999713897705,0,0.009999876841902733
angle,1780513056915311625,2.0299999713897705,0,0.010000048205256462
angle,1780513056925310706,2.0299999713897705,0,0.009999888949096203
angle,1780513056935310442,2.0299999713897705,0,0.010000006295740604
angle,1780513056945310582,2.0299999713897705,0,0.009999950416386127
angle,1780513056955311208,2.0299999713897705,0,0.009999974630773067
angle,1780513056965310902,2.0299999713897705,0,0.009999972768127918
angle,1780513056975311673,2.0299999713897705,0,0.009999968111515045
angle,1780513056985312242,2.0299999713897705,0,0.010000007227063179
angle,1780513056995311828,2.0299999713897705,0,0.009999916888773441
angle,1780513057005312172,2.0299999713897705,0,0.009999974630773067
angle,1780513057015312146,2.0299999713897705,0,0.009999982081353664
angle,1780513057025312695,2.0299999713897705,0,0.009999969974160194
angle,1780513057035312610,2.0299999713897705,0,0.009999939240515232
angle,1780513057045313306,2.0299999713897705,0,0.009999956004321575
angle,1780513057055313202,2.0299999713897705,0,0.009999871253967285
angle,1780513057065313494,2.0299999713897705,0,0.009999982081353664
angle,1780513057075313411,2.0299999713897705,0,0.009999963454902172
angle,1780513057085313616,2.0299999713897705,0,0.009999985806643963
angle,1780513057095313892,2.0299999713897705,0,0.009999940171837807
angle,1780513057105314236,2.0299999713897705,0,0.009999980218708515
angle,1780513057115316188,2.0299999713897705,0,0.009999943897128105
angle,1780513057125314480,2.0299999713897705,0,0.009999936446547508
angle,1780513057135314700,2.0299999713897705,0,0.009999938309192657
angle,1780513057145315097,2.0299999713897705,0,0.009999997913837433
angle,1780513057155315602,2.0299999713897705,0,0.009999977424740791
angle,1780513057165315438,2.0299999713897705,0,0.00999994482845068
angle,1780513057175315651,2.0299999713897705,0,0.010000008158385754
angle,1780513057187717904,2.0299999713897705,0,0.012401236221194267
angle,1780513057197717882,2.0299999713897705,0,0.009999950416386127
angle,1780513057207717868,2.0299999713897705,0,0.009999934583902359
angle,1780513057217718667,2.0299999713897705,0,0.009999995119869709
angle,1780513057227718466,2.0299999713897705,0,0.009999924339354038
angle,1780513057237718453,2.0299999713897705,0,0.009999970905482769
angle,1780513057247718633,2.0299999713897705,0,0.009999987669289112
angle,1780513057257719179,2.0299999713897705,0,0.010000004433095455
angle,1780513057267719489,2.0299999713897705,0,0.009999988600611687
angle,1780513057277719700,2.0299999713897705,0,0.009999953210353851
angle,1780513057287719794,2.0299999713897705,0,0.0099998963996768
angle,1780513057297720345,2.0299999713897705,0,0.009999958798289299
angle,1780513057307720544,2.0299999713897705,0,0.009999940171837807
angle,1780513057317720665,2.0299999713897705,0,0.009999990463256836
angle,1780513057327721250,2.0299999713897705,0,0.009999960660934448
angle,1780513057337721235,2.0299999713897705,0,0.010000004433095455
angle,1780513057347723707,2.0299999713897705,0,0.01000002957880497
angle,1780513057357722090,2.0299999713897705,0,0.009999892674386501
angle,1780513057367722289,2.0299999713897705,0,0.009999939240515232
angle,1780513057377722029,2.0299999713897705,0,0.00999994296580553
angle,1780513057387722443,2.0299999713897705,0,0.009999945759773254
angle,1780513057397722753,2.0299999713897705,0,0.009999940171837807
angle,1780513057407722852,2.0299999713897705,0,0.009999948553740978
angle,1780513057417722959,2.0299999713897705,0,0.00999996718019247
angle,1780513057427723655,2.0299999713897705,0,0.010000050999224186
angle,1780513057437723687,2.0299999713897705,0,0.009999923408031464
angle,1780513057447723663,2.0299999713897705,0,0.009999996982514858
angle,1780513057457730536,2.0299999713897705,0,0.010000006295740604
angle,1780513057467724630,2.0299999713897705,0,0.009999988600611687
angle,1780513057477724709,2.0299999713897705,0,0.009999971836805344
angle,1780513057487724993,2.0299999713897705,0,0.00999995693564415
angle,1780513057497725429,2.0299999713897705,0,0.009999988600611687
angle,1780513057507725971,2.0299999713897705,0,0.009999897330999374
angle,1780513057517725685,2.0299999713897705,0,0.009999959729611874
angle,1780513057527726015,2.0299999713897705,0,0.009999973699450493
angle,1780513057537726074,2.0299999713897705,0,0.009999978356063366
angle,1780513057547726621,2.0299999713897705,0,0.009999992325901985
angle,1780513057557727052,2.0299999713897705,0,0.009999961592257023
angle,1780513057567726803,2.0299999713897705,0,0.00999994482845068
angle,1780513057577726982,2.0299999713897705,0,0.009999929927289486
angle,1780513057587727513,2.0299999713897705,0,0.009999938309192657
angle,1780513057597728057,2.0299999713897705,0,0.009999942034482956
angle,1780513057607727896,2.0299999713897705,0,0.010000018402934074
angle,1780513057617728231,2.0299999713897705,0,0.00999998115003109
angle,1780513057627728339,2.0299999713897705,0,0.009999992325901985
angle,1780513057637728822,2.0299999713897705,0,0.009999940171837807
angle,1780513057647728718,2.0299999713897705,0,0.010000007227063179
angle,1780513057657729053,2.0299999713897705,0,0.00999995693564415
angle,1780513057667729215,2.0299999713897705,0,0.009999937377870083
angle,1780513057677729734,2.0299999713897705,0,0.009999995119869709
angle,1780513057687729665,2.0299999713897705,0,0.009999946691095829
angle,1780513057697730035,2.0299999713897705,0,0.009999995119869709
angle,1780513057707730071,2.0299999713897705,0,0.009999945759773254
angle,1780513057717730207,2.0299999713897705,0,0.009999959729611874
angle,1780513057727730932,2.0299999713897705,0,0.009999957866966724
angle,1780513057737730855,2.0299999713897705,0,0.009999948553740978
angle,1780513057747730965,2.0299999713897705,0,0.009999997913837433
angle,1780513057757731623,2.0299999713897705,0,0.009999992325901985
angle,1780513057767731986,2.0299999713897705,0,0.009999886155128479
angle,1780513057777731630,2.0299999713897705,0,0.009999961592257023
angle,1780513057787731909,2.0299999713897705,0,0.009999984875321388
angle,1780513057797732432,2.0299999713897705,0,0.00999994296580553
angle,1780513057807732396,2.0299999713897705,0,0.009999961592257023
angle,1780513057817732624,2.0299999713897705,0,0.009999954141676426
angle,1780513057827732716,2.0299999713897705,0,0.009999942034482956
angle,1780513057837732854,2.0299999713897705,0,0.009999959729611874
angle,1780513057847733361,2.0299999713897705,0,0.009999958798289299
angle,1780513057857733853,2.0299999713897705,0,0.009999983012676239
angle,1780513057867733539,2.0299999713897705,0,0.00999997928738594
angle,1780513057877733764,2.0299999713897705,0,0.010000001639127731
angle,1780513057887734089,2.0299999713897705,0,0.010000001639127731
angle,1780513057897735519,2.0299999713897705,0,0.009999982081353664
angle,1780513057907734448,2.0299999713897705,0,0.009999874047935009
angle,1780513057917734632,2.0299999713897705,0,0.00999997928738594
angle,1780513057927734875,2.0299999713897705,0,0.009999977424740791
angle,1780513057937735202,2.0299999713897705,0,0.009999963454902172
angle,1780513057947735348,2.0299999713897705,0,0.009999986737966537
angle,1780513057957736073,2.0299999713897705,0,0.010000004433095455
angle,1780513057967736019,2.0299999713897705,0,0.00999997928738594
angle,1780513057977737823,2.0299999713897705,0,0.00999996718019247
angle,1780513057987738421,2.0299999713897705,0,0.009999888949096203
angle,1780513057997738456,2.0299999713897705,0,0.00999988242983818
angle,1780513058007740170,2.0299999713897705,0,0.009999851696193218
angle,1780513058017740050,2.0299999713897705,0,0.009999850764870644
angle,1780513058027738492,2.0299999713897705,0,0.009999883361160755
angle,1780513058037737940,2.0299999713897705,0,0.00999993085861206
angle,1780513058047738390,2.0299999713897705,0,0.009999987669289112
angle,1780513058057738483,2.0299999713897705,0,0.009999987669289112
angle,1780513058067738570,2.0299999713897705,0,0.01000000536441803
angle,1780513058077738692,2.0299999713897705,0,0.010000004433095455
angle,1780513058087739031,2.0299999713897705,0,0.009999983012676239
angle,1780513058097740086,2.0299999713897705,0,0.009999945759773254
angle,1780513058107739410,2.0299999713897705,0,0.009999998845160007
angle,1780513058117741148,2.0299999713897705,0,0.00999998115003109
angle,1780513058127740937,2.0299999713897705,0,0.009999940171837807
angle,1780513058137740948,2.0299999713897705,0,0.009999982081353664
angle,1780513058147740366,2.0299999713897705,0,0.00999997928738594
angle,1780513058157740734,2.0299999713897705,0,0.009999971836805344
angle,1780513058167741024,2.0299999713897705,0,0.009999996051192284
angle,1780513058177741495,2.0299999713897705,0,0.009999992325901985
angle,1780513058187741377,2.0299999713897705,0,0.009999964386224747
angle,1780513058197741696,2.0299999713897705,0,0.009999992325901985
angle,1780513058207741947,2.0299999713897705,0,0.00999998115003109
angle,1780513058217742434,2.0299999713897705,0,0.009999946691095829
angle,1780513058227743160,2.0299999713897705,0,0.009999939240515232
angle,1780513058237742557,2.0299999713897705,0,0.009999972768127918
angle,1780513058247742788,2.0299999713897705,0,0.010000006295740604
angle,1780513058257743161,2.0299999713897705,0,0.009999983943998814
angle,1780513058267743684,2.0299999713897705,0,0.009999997913837433
angle,1780513058277743607,2.0299999713897705,0,0.009999954141676426
angle,1780513058287743909,2.0299999713897705,0,0.009999957866966724
angle,1780513058297744063,2.0299999713897705,0,0.009999952279031277
angle,1780513058307744402,2.0299999713897705,0,0.010000018402934074
angle,1780513058317744327,2.0299999713897705,0,0.009999945759773254
angle,1780513058327744755,2.0299999713897705,0,0.009999943897128105
angle,1780513058337744926,2.0299999713897705,0,0.009999963454902172
angle,1780513058347745129,2.0299999713897705,0,0.009999946691095829
angle,1780513058357745738,2.0299999713897705,0,0.009999942034482956
angle,1780513058367745891,2.0299999713897705,0,0.009999939240515232
angle,1780513058377746015,2.0299999713897705,0,0.009999968111515045
angle,1780513058387746274,2.0299999713897705,0,0.00999999139457941
angle,1780513058397746455,2.0299999713897705,0,0.009999994188547134
angle,1780513058407748500,2.0299999713897705,0,0.009999942034482956
angle,1780513058417747159,2.0299999713897705,0,0.009999877773225307
angle,1780513058427747281,2.0299999713897705,0,0.010000007227063179
angle,1780513058437747834,2.0299999713897705,0,0.009999988600611687
angle,1780513058447747763,2.0299999713897705,0,0.00999997928738594
angle,1780513058457748034,2.0299999713897705,0,0.009999982081353664
angle,1780513058467748369,2.0299999713897705,0,0.009999972768127918
angle,1780513058477748870,2.0299999713897705,0,0.009999943897128105
angle,1780513058487749083,2.0299999713897705,0,0.009999996982514858
angle,1780513058497749218,2.0299999713897705,0,0.009999994188547134
angle,1780513058507749622,2.0299999713897705,0,0.009999983012676239
angle,1780513058517749673,2.0299999713897705,0,0.009999953210353851
angle,1780513058527752348,2.0299999713897705,0,0.009999970905482769
angle,1780513058537752313,2.0299999713897705,0,0.009999646805226803
angle,1780513058547751834,2.0299999713897705,0,0.009999905712902546
angle,1780513058557751047,2.0299999713897705,0,0.009999936446547508
angle,1780513058567751293,2.0299999713897705,0,0.009999983943998814
angle,1780513058577751628,2.0299999713897705,0,0.00999999325722456
angle,1780513058587751915,2.0299999713897705,0,0.009999983943998814
angle,1780513058597751909,2.0299999713897705,0,0.00999994482845068
angle,1780513058607751954,2.0299999713897705,0,0.009999960660934448
angle,1780513058617752393,2.0299999713897705,0,0.009999963454902172
angle,1780513058627752287,2.0299999713897705,0,0.009999983012676239
angle,1780513058637752515,2.0299999713897705,0,0.009999947622418404
angle,1780513058647752911,2.0299999713897705,0,0.009999994188547134
angle,1780513058657753052,2.0299999713897705,0,0.009999955072999
angle,1780513058667753954,2.0299999713897705,0,0.009999958798289299
angle,1780513058677753615,2.0299999713897705,0,0.009999983012676239
angle,1780513058687753737,2.0299999713897705,0,0.010000004433095455
angle,1780513058697753749,2.0299999713897705,0,0.009999952279031277
angle,1780513058707754561,2.0299999713897705,0,0.010000001639127731
angle,1780513058717754369,2.0299999713897705,0,0.009999947622418404
angle,1780513058727754660,2.0299999713897705,0,0.009999965317547321
angle,1780513058737754914,2.0299999713897705,0,0.009999946691095829
angle,1780513058747755213,2.0299999713897705,0,0.009999961592257023
angle,1780513058757755400,2.0299999713897705,0,0.009999961592257023
angle,1780513058767755552,2.0299999713897705,0,0.009999966248869896
angle,1780513058777755736,2.0299999713897705,0,0.009999951347708702
angle,1780513058787755917,2.0299999713897705,0,0.009999987669289112
angle,1780513058797756457,2.0299999713897705,0,0.009999978356063366
angle,1780513058807756808,2.0299999713897705,0,0.00999998115003109
angle,1780513058817756644,2.0299999713897705,0,0.009999898262321949
angle,1780513058827756991,2.0299999713897705,0,0.009999988600611687
angle,1780513058837757167,2.0299999713897705,0,0.009999951347708702
angle,1780513058847757219,2.0299999713897705,0,0.00999993272125721
angle,1780513058857757341,2.0299999713897705,0,0.009999987669289112
angle,1780513058867757632,2.0299999713897705,0,0.009999963454902172
angle,1780513058877757753,2.0299999713897705,0,0.009999939240515232
angle,1780513058887758225,2.0299999713897705,0,0.00999999139457941
angle,1780513058897758180,2.0299999713897705,0,0.009999948553740978
angle,1780513058907758531,2.0299999713897705,0,0.009999972768127918
angle,1780513058917758593,2.0299999713897705,0,0.009999950416386127
angle,1780513058927759203,2.0299999713897705,0,0.009999951347708702
angle,1780513058937759133,2.0299999713897705,0,0.009999963454902172
angle,1780513058947759386,2.0299999713897705,0,0.010000007227063179
angle,1780513058957760053,2.0299999713897705,0,0.00999995693564415
angle,1780513058967760332,2.0299999713897705,0,0.009999959729611874
angle,1780513058977760430,2.0299999713897705,0,0.009999887086451054
angle,1780513058987761520,2.0299999713897705,0,0.009999915957450867
angle,1780513058997760983,2.0299999713897705,0,0.00999994482845068
angle,1780513059007761293,2.0299999713897705,0,0.009999977424740791
angle,1780513059017761673,2.0299999713897705,0,0.009999933652579784
angle,1780513059027761555,2.0299999713897705,0,0.009999943897128105
angle,1780513059037761951,2.0299999713897705,0,0.009999954141676426
angle,1780513059047762048,2.0299999713897705,0,0.009999990463256836
angle,1780513059057762260,2.0299999713897705,0,0.00999994482845068
angle,1780513059067762777,2.0299999713897705,0,0.009999971836805344
angle,1780513059077762800,2.0299999713897705,0,0.009999901987612247
angle,1780513059087763208,2.0299999713897705,0,0.009999943897128105
angle,1780513059097763613,2.0299999713897705,0,0.009999946691095829
angle,1780513059107764137,2.0299999713897705,0,0.009999992325901985
angle,1780513059117764896,2.0299999713897705,0,0.009999878704547882
angle,1780513059127763993,2.0299999713897705,0,0.009999924339354038
angle,1780513059137764378,2.0299999713897705,0,0.009999984875321388
angle,1780513059147764389,2.0299999713897705,0,0.010000002570450306
angle,1780513059157764531,2.0299999713897705,0,0.009999936446547508
angle,1780513059167765114,2.0299999713897705,0,0.009999965317547321
angle,1780513059177765014,2.0299999713897705,0,0.009999950416386127
angle,1780513059187765280,2.0299999713897705,0,0.009999953210353851
angle,1780513059197765357,2.0299999713897705,0,0.009999974630773067
angle,1780513059207765921,2.0299999713897705,0,0.009999905712902546
angle,1780513059217766032,2.0299999713897705,0,0.009999873116612434
angle,1780513059227766123,2.0299999713897705,0,0.00999994296580553
angle,1780513059237767707,2.0299999713897705,0,0.009999965317547321
angle,1780513059247766972,2.0299999713897705,0,0.009999899193644524
angle,1780513059257767026,2.0299999713897705,0,0.009999985806643963
angle,1780513059267767507,2.0299999713897705,0,0.009999988600611687
angle,1780513059277767668,2.0299999713897705,0,0.010000007227063179
angle,1780513059287768110,2.0299999713897705,0,0.009999961592257023
angle,1780513059297768030,2.0299999713897705,0,0.009999996051192284
angle,1780513059307768352,2.0299999713897705,0,0.010000004433095455
angle,1780513059317768719,2.0299999713897705,0,0.009999999776482582
angle,1780513059327768894,2.0299999713897705,0,0.00999999325722456
angle,1780513059337769049,2.0299999713897705,0,0.009999945759773254
angle,1780513059347769576,2.0299999713897705,0,0.009999938309192657
angle,1780513059357769829,2.0299999713897705,0,0.00999994482845068
angle,1780513059367769919,2.0299999713897705,0,0.010000001639127731
angle,1780513059377770267,2.0299999713897705,0,0.009999923408031464
angle,1780513059387770387,2.0299999713897705,0,0.009999985806643963
angle,1780513059397770476,2.0299999713897705,0,0.00999994296580553
angle,1780513059407770848,2.0299999713897705,0,0.009999956004321575
angle,1780513059417771162,2.0299999713897705,0,0.009999948553740978
angle,1780513059427771520,2.0299999713897705,0,0.009999987669289112
angle,1780513059437771632,2.0299999713897705,0,0.009999946691095829
angle,1780513059447771993,2.0299999713897705,0,0.009999990463256836
angle,1780513059457772201,2.0299999713897705,0,0.009999945759773254
angle,1780513059467772740,2.0299999713897705,0,0.009999934583902359
angle,1780513059477772435,2.0299999713897705,0,0.009999998845160007
angle,1780513059487772821,2.0299999713897705,0,0.009999995119869709
angle,1780513059497773235,2.0299999713897705,0,0.009999950416386127
angle,1780513059507773746,2.0299999713897705,0,0.00999999139457941
angle,1780513059517773526,2.0299999713897705,0,0.00999994296580553
angle,1780513059527773863,2.0299999713897705,0,0.010000001639127731
angle,1780513059537774003,2.0299999713897705,0,0.009999998845160007
angle,1780513059547774097,2.0299999713897705,0,0.009999964386224747
angle,1780513059557775103,2.0299999713897705,0,0.009999995119869709
angle,1780513059567775021,2.0299999713897705,0,0.009999946691095829
angle,1780513059577775075,2.0299999713897705,0,0.00999995693564415
angle,1780513059587775254,2.0299999713897705,0,0.009999980218708515
angle,1780513059597776083,2.0299999713897705,0,0.009999960660934448
angle,1780513059607776172,2.0299999713897705,0,0.010000024922192097
angle,1780513059617775995,2.0299999713897705,0,0.009999911300837994
angle,1780513059627776192,2.0299999713897705,0,0.009999963454902172
angle,1780513059637776570,2.0299999713897705,0,0.009999971836805344
angle,1780513059647776679,2.0299999713897705,0,0.009999986737966537
angle,1780513059657776952,2.0299999713897705,0,0.009999961592257023
angle,1780513059667777355,2.0299999713897705,0,0.009999997913837433
angle,1780513059677777329,2.0299999713897705,0,0.00999994296580553
angle,1780513059687777881,2.0299999713897705,0,0.009999941103160381
angle,1780513059697777727,2.0299999713897705,0,0.009999955072999
angle,1780513059707777981,2.0299999713897705,0,0.009999984875321388
angle,1780513059717778335,2.0299999713897705,0,0.009999959729611874
angle,1780513059727779238,2.0299999713897705,0,0.00999999325722456
angle,1780513059737778720,2.0299999713897705,0,0.00999996718019247
angle,1780513059747779006,2.0299999713897705,0,0.009999936446547508
angle,1780513059757780049,2.0299999713897705,0,0.009999984875321388
angle,1780513059767779776,2.0299999713897705,0,0.009999940171837807
angle,1780513059777780403,2.0299999713897705,0,0.010000012814998627
angle,1780513059787779966,2.0299999713897705,0,0.009999890811741352
angle,1780513059797780142,2.0299999713897705,0,0.009999982081353664
angle,1780513059807780544,2.0299999713897705,0,0.009999987669289112
angle,1780513059817780851,2.0299999713897705,0,0.009999897330999374
angle,1780513059827781237,2.0299999713897705,0,0.010000009089708328
angle,1780513059837781369,2.0299999713897705,0,0.009999940171837807
angle,1780513059847781749,2.0299999713897705,0,0.010000004433095455
angle,1780513059857781966,2.0299999713897705,0,0.00999993272125721
angle,1780513059867782469,2.0299999713897705,0,0.009999980218708515
angle,1780513059877782457,2.0299999713897705,0,0.009999936446547508
angle,1780513059887782701,2.0299999713897705,0,0.00999994296580553
angle,1780513059897782850,2.0299999713897705,0,0.009999947622418404
angle,1780513059907783224,2.0299999713897705,0,0.009999937377870083
angle,1780513059917783269,2.0299999713897705,0,0.009999693371355534
angle,1780513059927783408,2.0299999713897705,0,0.009999968111515045
angle,1780513059937783669,2.0299999713897705,0,0.01000000536441803
angle,1780513059947783807,2.0299999713897705,0,0.00999999139457941
angle,1780513059957785106,2.0299999713897705,0,0.009999939240515232
angle,1780513059967784547,2.0299999713897705,0,0.009999951347708702
angle,1780513059977786964,2.0299999713897705,0,0.009999973699450493
angle,1780513059987785620,2.0299999713897705,0,0.009999919682741165
angle,1780513059997785226,2.0299999713897705,0,0.009999940171837807
angle,1780513060007787126,2.0299999713897705,0,0.009999983012676239
angle,1780513060017786031,2.0299999713897705,0,0.00999991875141859
angle,1780513060027786251,2.0299999713897705,0,0.009999978356063366
angle,1780513060037786173,2.0299999713897705,0,0.01000000536441803
angle,1780513060047786388,2.0299999713897705,0,0.009999987669289112
angle,1780513060057786900,2.0299999713897705,0,0.01000000536441803
angle,1780513060067786938,2.0299999713897705,0,0.009999998845160007
angle,1780513060077787449,2.0299999713897705,0,0.009999950416386127
angle,1780513060087787513,2.0299999713897705,0,0.009999966248869896
angle,1780513060097787687,2.0299999713897705,0,0.009999950416386127
angle,1780513060107788494,2.0299999713897705,0,0.00999994296580553
angle,1780513060117789615,2.0299999713897705,0,0.009999940171837807
angle,1780513060127788498,2.0299999713897705,0,0.009999844245612621
angle,1780513060137788695,2.0299999713897705,0,0.009999965317547321
angle,1780513060147788814,2.0299999713897705,0,0.009999986737966537
angle,1780513060157789140,2.0299999713897705,0,0.010000008158385754
angle,1780513060167789631,2.0299999713897705,0,0.010000001639127731
angle,1780513060177789753,2.0299999713897705,0,0.009999987669289112
angle,1780513060187789696,2.0299999713897705,0,0.009999868459999561
angle,1780513060197789813,2.0299999713897705,0,0.009999940171837807
angle,1780513060207790409,2.0299999713897705,0,0.009999966248869896
angle,1780513060217790987,2.0299999713897705,0,0.01000000536441803
angle,1780513060227790854,2.0299999713897705,0,0.009999946691095829
angle,1780513060237791116,2.0299999713897705,0,0.00999998115003109
angle,1780513060247791243,2.0299999713897705,0,0.009999983943998814
angle,1780513060257791640,2.0299999713897705,0,0.009999953210353851
angle,1780513060267791685,2.0299999713897705,0,0.010000006295740604
angle,1780513060277792050,2.0299999713897705,0,0.009999940171837807
angle,1780513060287792400,2.0299999713897705,0,0.00999994482845068
angle,1780513060297792315,2.0299999713897705,0,0.00999994296580553
angle,1780513060307792625,2.0299999713897705,0,0.009999956004321575
angle,1780513060317793014,2.0299999713897705,0,0.009999866597354412
angle,1780513060327792899,2.0299999713897705,0,0.009999955072999
angle,1780513060337793191,2.0299999713897705,0,0.009999937377870083
angle,1780513060347793969,2.0299999713897705,0,0.009999946691095829
angle,1780513060357793745,2.0299999713897705,0,0.009999985806643963
angle,1780513060367793934,2.0299999713897705,0,0.009999934583902359
angle,1780513060377794367,2.0299999713897705,0,0.009999942034482956
angle,1780513060387794695,2.0299999713897705,0,0.009999936446547508
angle,1780513060397794546,2.0299999713897705,0,0.009999685920774937
angle,1780513060407794905,2.0299999713897705,0,0.009999990463256836
angle,1780513060417794955,2.0299999713897705,0,0.009999938309192657
angle,1780513060427795401,2.0299999713897705,0,0.009999966248869896
angle,1780513060437795307,2.0299999713897705,0,0.009999938309192657
angle,1780513060447795545,2.0299999713897705,0,0.009999977424740791
angle,1780513060457795843,2.0299999713897705,0,0.00999996904283762
angle,1780513060467796013,2.0299999713897705,0,0.009999964386224747
angle,1780513060477796313,2.0299999713897705,0,0.009999988600611687
angle,1780513060487796440,2.0299999713897705,0,0.009999947622418404
angle,1780513060497796566,2.0299999713897705,0,0.009999943897128105
angle,1780513060507796786,2.0299999713897705,0,0.00999992061406374
angle,1780513060517796892,2.0299999713897705,0,0.009999980218708515
angle,1780513060527797314,2.0299999713897705,0,0.009999968111515045
angle,1780513060537797726,2.0299999713897705,0,0.009999964386224747
angle,1780513060547797946,2.0299999713897705,0,0.00999994482845068
angle,1780513060557798145,2.0299999713897705,0,0.010000006295740604
angle,1780513060567798593,2.0299999713897705,0,0.009999968111515045
angle,1780513060577798872,2.0299999713897705,0,0.009999995119869709
angle,1780513060587799282,2.0299999713897705,0,0.009999938309192657
angle,1780513060597799381,2.0299999713897705,0,0.009999950416386127
angle,1780513060607799375,2.0299999713897705,0,0.009999952279031277
angle,1780513060617799623,2.0299999713897705,0,0.00999994296580553
angle,1780513060627800147,2.0299999713897705,0,0.009999988600611687
angle,1780513060637800070,2.0299999713897705,0,0.009999961592257023
angle,1780513060647800127,2.0299999713897705,0,0.009999974630773067
angle,1780513060657800455,2.0299999713897705,0,0.009999954141676426
angle,1780513060667800560,2.0299999713897705,0,0.009999942034482956
angle,1780513060677800928,2.0299999713897705,0,0.009999972768127918
angle,1780513060689433195,2.0299999713897705,0,0.011631349101662636
angle,1780513060699433398,2.0299999713897705,0,0.009999927133321762
angle,1780513060709433815,2.0299999713897705,0,0.00999997928738594
angle,1780513060719433885,2.0299999713897705,0,0.009999902918934822
angle,1780513060729434212,2.0299999713897705,0,0.010000002570450306
angle,1780513060739434240,2.0299999713897705,0,0.009999966248869896
angle,1780513060749434589,2.0299999713897705,0,0.010000002570450306
angle,1780513060759434842,2.0299999713897705,0,0.009999934583902359
angle,1780513060769435267,2.0299999713897705,0,0.009999951347708702
angle,1780513060779435551,2.0299999713897705,0,0.009999978356063366
angle,1780513060789435697,2.0299999713897705,0,0.00999987218528986
angle,1780513060799435721,2.0299999713897705,0,0.01000000536441803
angle,1780513060809435989,2.0299999713897705,0,0.009999964386224747
angle,1780513060819436182,2.0299999713897705,0,0.010000002570450306
angle,1780513060829436677,2.0299999713897705,0,0.009999880567193031
angle,1780513060839436967,2.0299999713897705,0,0.009999968111515045
angle,1780513060849437154,2.0299999713897705,0,0.009999938309192657
angle,1780513060859437512,2.0299999713897705,0,0.00999993272125721
angle,1780513060869437678,2.0299999713897705,0,0.009999971836805344
angle,1780513060879437885,2.0299999713897705,0,0.009999937377870083
angle,1780513060889438257,2.0299999713897705,0,0.010000009089708328
angle,1780513060899438291,2.0299999713897705,0,0.009999897330999374
angle,1780513060909438860,2.0299999713897705,0,0.009999997913837433
angle,1780513060919439101,2.0299999713897705,0,0.009999938309192657
angle,1780513060929439030,2.0299999713897705,0,0.009999970905482769
angle,1780513060939439425,2.0299999713897705,0,0.00999996718019247
angle,1780513060949439588,2.0299999713897705,0,0.009999994188547134
angle,1780513060959440052,2.0299999713897705,0,0.009999971836805344
angle,1780513060969440731,2.0299999713897705,0,0.009999957866966724
angle,1780513060979440412,2.0299999713897705,0,0.009999987669289112
angle,1780513060989441870,2.0299999713897705,0,0.009999959729611874
angle,1780513060999440778,2.0299999713897705,0,0.00999994296580553
angle,1780513061009441206,2.0299999713897705,0,0.009999969974160194
angle,1780513061019441354,2.0299999713897705,0,0.009999985806643963
angle,1780513061029441797,2.0299999713897705,0,0.009999963454902172
angle,1780513061039441738,2.0299999713897705,0,0.009999997913837433
angle,1780513061049442115,2.0299999713897705,0,0.009999969974160194
angle,1780513061059442448,2.0299999713897705,0,0.009999986737966537
angle,1780513061069442836,2.0299999713897705,0,0.009999983943998814
angle,1780513061079443039,2.0299999713897705,0,0.009999943897128105
angle,1780513061089443241,2.0299999713897705,0,0.00999999139457941
angle,1780513061099443872,2.0299999713897705,0,0.009999945759773254
angle,1780513061109443680,2.0299999713897705,0,0.00999996718019247
angle,1780513061119445954,2.0299999713897705,0,0.009999986737966537
angle,1780513061129444189,2.0299999713897705,0,0.009999904781579971
angle,1780513061139444417,2.0299999713897705,0,0.009999985806643963
angle,1780513061149444732,2.0299999713897705,0,0.009999951347708702
angle,1780513061159444895,2.0299999713897705,0,0.00999994482845068
angle,1780513061169445022,2.0299999713897705,0,0.00999994296580553
angle,1780513061179445563,2.0299999713897705,0,0.009999983012676239
angle,1780513061189445500,2.0299999713897705,0,0.010000010021030903
angle,1780513061199445796,2.0299999713897705,0,0.009999945759773254
angle,1780513061209445928,2.0299999713897705,0,0.00999997928738594
angle,1780513061219446657,2.0299999713897705,0,0.009999983943998814
angle,1780513061229446609,2.0299999713897705,0,0.009999957866966724
angle,1780513061239446449,2.0299999713897705,0,0.00999996904283762
angle,1780513061249446761,2.0299999713897705,0,0.010000000707805157
angle,1780513061259447025,2.0299999713897705,0,0.009999947622418404
angle,1780513061269447534,2.0299999713897705,0,0.009999975562095642
angle,1780513061279447629,2.0299999713897705,0,0.009999938309192657
angle,1780513061289447966,2.0299999713897705,0,0.009999952279031277
angle,1780513061299447973,2.0299999713897705,0,0.009999984875321388
angle,1780513061309448369,2.0299999713897705,0,0.009999995119869709
angle,1780513061319448299,2.0299999713897705,0,0.009999951347708702
angle,1780513061329448596,2.0299999713897705,0,0.009999965317547321
angle,1780513061339448690,2.0299999713897705,0,0.009999951347708702
angle,1780513061349449084,2.0299999713897705,0,0.00999999139457941
angle,1780513061359449240,2.0299999713897705,0,0.009999938309192657
angle,1780513061369449509,2.0299999713897705,0,0.009999937377870083
angle,1780513061379449606,2.0299999713897705,0,0.009999999776482582
angle,1780513061389449923,2.0299999713897705,0,0.009999996982514858
angle,1780513061399450239,2.0299999713897705,0,0.009999954141676426
angle,1780513061409450242,2.0299999713897705,0,0.00999995693564415
angle,1780513061419450685,2.0299999713897705,0,0.010000010021030903
angle,1780513061429450897,2.0299999713897705,0,0.009999951347708702
angle,1780513061439451097,2.0299999713897705,0,0.009999952279031277
angle,1780513061449451496,2.0299999713897705,0,0.009999973699450493
angle,1780513061459451615,2.0299999713897705,0,0.00999997928738594
angle,1780513061469452561,2.0299999713897705,0,0.009999999776482582
angle,1780513061479452177,2.0299999713897705,0,0.00999994296580553
angle,1780513061489452350,2.0299999713897705,0,0.009999914094805717
angle,1780513061499452391,2.0299999713897705,0,0.009999945759773254
angle,1780513061509452638,2.0299999713897705,0,0.009999952279031277
angle,1780513061519453379,2.0299999713897705,0,0.009999978356063366
angle,1780513061529453392,2.0299999713897705,0,0.009999973699450493
angle,1780513061539453359,2.0299999713897705,0,0.009999980218708515
angle,1780513061549453597,2.0299999713897705,0,0.010000006295740604
angle,1780513061559454514,2.0299999713897705,0,0.009999941103160381
angle,1780513061569453984,2.0299999713897705,0,0.009999956004321575
angle,1780513061579454256,2.0299999713897705,0,0.009999946691095829
angle,1780513061589454286,2.0299999713897705,0,0.009999963454902172
angle,1780513061599454930,2.0299999713897705,0,0.010000006295740604
angle,1780513061609454849,2.0299999713897705,0,0.009999995119869709
angle,1780513061619455157,2.0299999713897705,0,0.009999983012676239
angle,1780513061629455319,2.0299999713897705,0,0.010000006295740604
angle,1780513061639455509,2.0299999713897705,0,0.009999971836805344
angle,1780513061649456134,2.0299999713897705,0,0.010000010952353477
angle,1780513061659455936,2.0299999713897705,0,0.009999970905482769
angle,1780513061669456160,2.0299999713897705,0,0.009999937377870083
angle,1780513061679456330,2.0299999713897705,0,0.00999994296580553
angle,1780513061689457066,2.0299999713897705,0,0.00999994482845068
angle,1780513061699456901,2.0299999713897705,0,0.009999990463256836
angle,1780513061709457036,2.0299999713897705,0,0.01000000536441803
angle,1780513061719457645,2.0299999713897705,0,0.00999998115003109
angle,1780513061729458140,2.0299999713897705,0,0.00999985821545124
angle,1780513061739457661,2.0299999713897705,0,0.009999898262321949
angle,1780513061749457853,2.0299999713897705,0,0.009999985806643963
angle,1780513061759458243,2.0299999713897705,0,0.009999974630773067
angle,1780513061769458652,2.0299999713897705,0,0.010000007227063179
angle,1780513061779458831,2.0299999713897705,0,0.009999990463256836
angle,1780513061789458858,2.0299999713897705,0,0.009999938309192657
angle,1780513061799459017,2.0299999713897705,0,0.009999964386224747
angle,1780513061809459610,2.0299999713897705,0,0.009999997913837433
angle,1780513061819459738,2.0299999713897705,0,0.009999946691095829
angle,1780513061829459679,2.0299999713897705,0,0.009999982081353664
angle,1780513061839459953,2.0299999713897705,0,0.009999985806643963
angle,1780513061849460499,2.0299999713897705,0,0.010000007227063179
angle,1780513061859460414,2.0299999713897705,0,0.009999946691095829
angle,1780513061869460802,2.0299999713897705,0,0.009999960660934448
angle,1780513061879462484,2.0299999713897705,0,0.009999994188547134
angle,1780513061889461979,2.0299999713897705,0,0.009999917820096016
angle,1780513061899461566,2.0299999713897705,0,0.009999970905482769
angle,1780513061909461567,2.0299999713897705,0,0.009999947622418404
angle,1780513061919599975,2.0299999713897705,0,0.010135984979569912
angle,1780513061929600065,2.0299999713897705,0,0.009999847039580345
angle,1780513061939598744,2.0299999713897705,0,0.009999897330999374
angle,1780513061949598843,2.0299999713897705,0,0.009999992325901985
angle,1780513061959599279,2.0299999713897705,0,0.009999921545386314
angle,1780513061969599964,2.0299999713897705,0,0.00999988429248333
angle,1780513061979600863,2.0299999713897705,0,0.009999942034482956
angle,1780513061989601268,2.0299999713897705,0,0.009999915957450867
angle,1780513061999600166,2.0299999713897705,0,0.009999910369515419
angle,1780513062009600519,2.0299999713897705,0,0.009999983012676239
angle,1780513062019600454,2.0299999713897705,0,0.009999947622418404
angle,1780513062029600719,2.0299999713897705,0,0.009999947622418404
angle,1780513062039600956,2.0299999713897705,0,0.009999961592257023
angle,1780513062049601188,2.0299999713897705,0,0.009999946691095829
angle,1780513062059601331,2.0299999713897705,0,0.00999995693564415
angle,1780513062069601910,2.0299999713897705,0,0.009999942034482956
angle,1780513062079601597,2.0299999713897705,0,0.009999969974160194
angle,1780513062089601902,2.0299999713897705,0,0.009999965317547321
angle,1780513062099602226,2.0299999713897705,0,0.00999994482845068
angle,1780513062109602258,2.0299999713897705,0,0.00999993272125721
angle,1780513062119602690,2.0299999713897705,0,0.009999951347708702
angle,1780513062129603655,2.0299999713897705,0,0.009999984875321388
angle,1780513062139603407,2.0299999713897705,0,0.009999941103160381
angle,1780513062149603363,2.0299999713897705,0,0.009999983943998814
angle,1780513062161148299,2.0299999713897705,0,0.011544087901711464
angle,1780513062171148560,2.0299999713897705,0,0.009999953210353851
angle,1780513062181148998,2.0299999713897705,0,0.009999946691095829
angle,1780513062191149074,2.0299999713897705,0,0.009999958798289299
angle,1780513062201149595,2.0299999713897705,0,0.00999999139457941
angle,1780513062211149550,2.0299999713897705,0,0.009999968111515045
angle,1780513062221150039,2.0299999713897705,0,0.009999961592257023
angle,1780513062231149830,2.0299999713897705,0,0.009999960660934448
angle,1780513062241150107,2.0299999713897705,0,0.009999958798289299
angle,1780513062251150375,2.0299999713897705,0,0.009999983012676239
angle,1780513062261150726,2.0299999713897705,0,0.009999974630773067
angle,1780513062271151087,2.0299999713897705,0,0.009999972768127918
angle,1780513062281150968,2.0299999713897705,0,0.009999964386224747
angle,1780513062291151798,2.0299999713897705,0,0.009999972768127918
angle,1780513062301151609,2.0299999713897705,0,0.00999997928738594
angle,1780513062311151672,2.0299999713897705,0,0.00999999139457941
angle,1780513062321152177,2.0299999713897705,0,0.010000007227063179
angle,1780513062331152229,2.0299999713897705,0,0.010000008158385754
angle,1780513062341152490,2.0299999713897705,0,0.00999999325722456
angle,1780513062351152716,2.0299999713897705,0,0.009999975562095642
angle,1780513062361152948,2.0299999713897705,0,0.009999958798289299
angle,1780513062371153129,2.0299999713897705,0,0.009999975562095642
angle,1780513062381153651,2.0299999713897705,0,0.009999952279031277
angle,1780513062391153807,2.0299999713897705,0,0.009999965317547321
angle,1780513062401153953,2.0299999713897705,0,0.009999945759773254
angle,1780513062411154094,2.0299999713897705,0,0.009999992325901985
angle,1780513062421154744,2.0299999713897705,0,0.009999971836805344
angle,1780513062431154814,2.0299999713897705,0,0.00999996904283762
angle,1780513062441154952,2.0299999713897705,0,0.009999977424740791
angle,1780513062451155357,2.0299999713897705,0,0.009999987669289112
angle,1780513062461155608,2.0299999713897705,0,0.010000000707805157
angle,1780513062471156105,2.0299999713897705,0,0.009999980218708515
angle,1780513062481156118,2.0299999713897705,0,0.009999963454902172
angle,1780513062491156287,2.0299999713897705,0,0.009999968111515045
angle,1780513062501156319,2.0299999713897705,0,0.009999961592257023
angle,1780513062511156822,2.0299999713897705,0,0.010000006295740604
angle,1780513062521157379,2.0299999713897705,0,0.009999999776482582
angle,1780513062531157551,2.0299999713897705,0,0.009999980218708515
angle,1780513062541157574,2.0299999713897705,0,0.009999963454902172
angle,1780513062551157873,2.0299999713897705,0,0.009999948553740978
angle,1780513062561158246,2.0299999713897705,0,0.00999995693564415
angle,1780513062571158327,2.0299999713897705,0,0.009999960660934448
angle,1780513062581158480,2.0299999713897705,0,0.009999972768127918
angle,1780513062591159081,2.0299999713897705,0,0.009999937377870083
angle,1780513062601159364,2.0299999713897705,0,0.009999966248869896
angle,1780513062611159079,2.0299999713897705,0,0.009999972768127918
angle,1780513062621159481,2.0299999713897705,0,0.009999942034482956
angle,1780513062631159471,2.0299999713897705,0,0.010000010952353477
angle,1780513062641159744,2.0299999713897705,0,0.009999942034482956
angle,1780513062651159799,2.0299999713897705,0,0.009999992325901985
angle,1780513062661160262,2.0299999713897705,0,0.00999999325722456
angle,1780513062671160556,2.0299999713897705,0,0.010000000707805157
angle,1780513062681160555,2.0299999713897705,0,0.009999952279031277
angle,1780513062691161129,2.0299999713897705,0,0.009999950416386127
angle,1780513062701161561,2.0299999713897705,0,0.00999988429248333
angle,1780513062711161156,2.0299999713897705,0,0.009999951347708702
angle,1780513062721161568,2.0299999713897705,0,0.009999995119869709
angle,1780513062731162057,2.0299999713897705,0,0.010000000707805157
angle,1780513062741162151,2.0299999713897705,0,0.009999960660934448
angle,1780513062751162385,2.0299999713897705,0,0.009999994188547134
angle,1780513062761162880,2.0299999713897705,0,0.009999925270676613
angle,1780513062771163155,2.0299999713897705,0,0.009999987669289112
angle,1780513062781163442,2.0299999713897705,0,0.009999945759773254
angle,1780513062791163568,2.0299999713897705,0,0.00999995693564415
angle,1780513062801163520,2.0299999713897705,0,0.010000000707805157
angle,1780513062811163792,2.0299999713897705,0,0.009999973699450493
angle,1780513062821164123,2.0299999713897705,0,0.009999941103160381
angle,1780513062831164078,2.0299999713897705,0,0.009999971836805344
angle,1780513062841164309,2.0299999713897705,0,0.009999952279031277
angle,1780513062851164727,2.0299999713897705,0,0.009999963454902172
angle,1780513062861164828,2.0299999713897705,0,0.009999998845160007
angle,1780513062871165626,2.0299999713897705,0,0.009999977424740791
angle,1780513062881165416,2.0299999713897705,0,0.009999883361160755
angle,1780513062891166010,2.0299999713897705,0,0.009999965317547321
angle,1780513062901165915,2.0299999713897705,0,0.009999875910580158
angle,1780513062911166183,2.0299999713897705,0,0.009999956004321575
angle,1780513062921166098,2.0299999713897705,0,0.009999974630773067
angle,1780513062931166526,2.0299999713897705,0,0.009999956004321575
angle,1780513062941166648,2.0299999713897705,0,0.009999996982514858
angle,1780513062951167272,2.0299999713897705,0,0.009999987669289112
angle,1780513062961167940,2.0299999713897705,0,0.009999940171837807
angle,1780513062971167374,2.0299999713897705,0,0.009999940171837807
angle,1780513062981168095,2.0299999713897705,0,0.00999987218528986
angle,1780513062991169052,2.0299999713897705,0,0.009999898262321949
angle,1780513063001168182,2.0299999713897705,0,0.00999988429248333
angle,1780513063011168402,2.0299999713897705,0,0.009999977424740791
angle,1780513063021169653,2.0299999713897705,0,0.009999953210353851
angle,1780513063031171553,2.0299999713897705,0,0.010000035166740417
angle,1780513063041171120,2.0299999713897705,0,0.00999987218528986
angle,1780513063051169784,2.0299999713897705,0,0.009999888017773628
angle,1780513063061169552,2.0299999713897705,0,0.009999845176935196
angle,1780513063071169771,2.0299999713897705,0,0.009999990463256836
angle,1780513063081170170,2.0299999713897705,0,0.00999996904283762
angle,1780513063091172221,2.0299999713897705,0,0.009999937377870083
angle,1780513063101170563,2.0299999713897705,0,0.009999886155128479
angle,1780513063111170626,2.0299999713897705,0,0.009999919682741165
angle,1780513063121170862,2.0299999713897705,0,0.009999998845160007
angle,1780513063131171626,2.0299999713897705,0,0.010000000707805157
angle,1780513063141171188,2.0299999713897705,0,0.009999934583902359
angle,1780513063151171558,2.0299999713897705,0,0.009999975562095642
angle,1780513063161171879,2.0299999713897705,0,0.010000000707805157
angle,1780513063171172018,2.0299999713897705,0,0.010000009089708328
angle,1780513063181172277,2.0299999713897705,0,0.009999977424740791
angle,1780513063191172554,2.0299999713897705,0,0.009999987669289112
angle,1780513063201173092,2.0299999713897705,0,0.009999931789934635
angle,1780513063211173619,2.0299999713897705,0,0.009999978356063366
angle,1780513063221173213,2.0299999713897705,0,0.009999977424740791
angle,1780513063231173605,2.0299999713897705,0,0.009999994188547134
angle,1780513063241173779,2.0299999713897705,0,0.010000006295740604
angle,1780513063251174009,2.0299999713897705,0,0.00999999139457941
angle,1780513063261174370,2.0299999713897705,0,0.009999992325901985
angle,1780513063271174513,2.0299999713897705,0,0.010000008158385754
angle,1780513063281175267,2.0299999713897705,0,0.00999996718019247
angle,1780513063291175229,2.0299999713897705,0,0.009999874047935009
angle,1780513063301175608,2.0299999713897705,0,0.009999917820096016
angle,1780513063311175534,2.0299999713897705,0,0.009999983012676239
angle,1780513063321175890,2.0299999713897705,0,0.009999975562095642
angle,1780513063331176063,2.0299999713897705,0,0.01000000536441803
angle,1780513063341176449,2.0299999713897705,0,0.009999936446547508
angle,1780513063351176761,2.0299999713897705,0,0.009999968111515045
angle,1780513063361177135,2.0299999713897705,0,0.00999993085861206
angle,1780513063371177213,2.0299999713897705,0,0.00999998115003109
angle,1780513063381177362,2.0299999713897705,0,0.009999955072999
angle,1780513063391178099,2.0299999713897705,0,0.009999996051192284
angle,1780513063401177897,2.0299999713897705,0,0.00999988242983818
angle,1780513063411178183,2.0299999713897705,0,0.009999980218708515
angle,1780513063421178509,2.0299999713897705,0,0.010000014677643776
angle,1780513063431179166,2.0299999713897705,0,0.009999968111515045
angle,1780513063441179085,2.0299999713897705,0,0.009999947622418404
angle,1780513063451179396,2.0299999713897705,0,0.009999987669289112
angle,1780513063461179434,2.0299999713897705,0,0.009999937377870083
angle,1780513063471179939,2.0299999713897705,0,0.010000028647482395
angle,1780513063481180678,2.0299999713897705,0,0.010000023059546947
angle,1780513063491180671,2.0299999713897705,0,0.009999868459999561
angle,1780513063501180676,2.0299999713897705,0,0.00999987032264471
angle,1780513063511180811,2.0299999713897705,0,0.009999999776482582
angle,1780513063521181511,2.0299999713897705,0,0.010000052861869335
angle,1780513063531181470,2.0299999713897705,0,0.00999991875141859
angle,1780513063541181825,2.0299999713897705,0,0.009999919682741165
angle,1780513063551181770,2.0299999713897705,0,0.009999917820096016
angle,1780513063561181911,2.0299999713897705,0,0.009999974630773067
angle,1780513063571182311,2.0299999713897705,0,0.009999983012676239
angle,1780513063581182270,2.0299999713897705,0,0.009999994188547134
angle,1780513063591182846,2.0299999713897705,0,0.00999999139457941
angle,1780513063601183371,2.0299999713897705,0,0.009999943897128105
angle,1780513063611183497,2.0299999713897705,0,0.009999980218708515
angle,1780513063621187074,2.0299999713897705,0,0.009999977424740791
angle,1780513063631184052,2.0299999713897705,0,0.009999952279031277
angle,1780513063641183912,2.0299999713897705,0,0.009999934583902359
angle,1780513063651184385,2.0299999713897705,0,0.009999954141676426
angle,1780513063661184576,2.0299999713897705,0,0.009999990463256836
angle,1780513063671184862,2.0299999713897705,0,0.009999998845160007
angle,1780513063681185205,2.0299999713897705,0,0.009999940171837807
angle,1780513063691185378,2.0299999713897705,0,0.009999955072999
angle,1780513063701185840,2.0299999713897705,0,0.009999966248869896
angle,1780513063711185751,2.0299999713897705,0,0.009999947622418404
angle,1780513063721186087,2.0299999713897705,0,0.009999954141676426
angle,1780513063731186500,2.0299999713897705,0,0.009999925270676613
angle,1780513063741186458,2.0299999713897705,0,0.009999992325901985
angle,1780513063751186783,2.0299999713897705,0,0.009999977424740791
angle,1780513063761186989,2.0299999713897705,0,0.009999960660934448
angle,1780513063771187130,2.0299999713897705,0,0.009999970905482769
angle,1780513063781187356,2.0299999713897705,0,0.009999969974160194
angle,1780513063791187964,2.0299999713897705,0,0.009999955072999
angle,1780513063801187860,2.0299999713897705,0,0.009999990463256836
angle,1780513063811188337,2.0299999713897705,0,0.009999978356063366
angle,1780513063821188213,2.0299999713897705,0,0.009999968111515045
angle,1780513063831189100,2.0299999713897705,0,0.009999972768127918
angle,1780513063841188796,2.0299999713897705,0,0.009999903850257397
angle,1780513063851189042,2.0299999713897705,0,0.009999988600611687
angle,1780513063861189198,2.0299999713897705,0,0.00999999139457941
angle,1780513063871189662,2.0299999713897705,0,0.009999985806643963
angle,1780513063881189630,2.0299999713897705,0,0.009999966248869896
angle,1780513063891189956,2.0299999713897705,0,0.00999997928738594
angle,1780513063901190144,2.0299999713897705,0,0.010000001639127731
angle,1780513063911190278,2.0299999713897705,0,0.009999996982514858
angle,1780513063921190780,2.0299999713897705,0,0.009999947622418404
angle,1780513063931190754,2.0299999713897705,0,0.009999947622418404
angle,1780513063941192325,2.0299999713897705,0,0.009999984875321388
angle,1780513063951191150,2.0299999713897705,0,0.009999891743063927
angle,1780513063961191652,2.0299999713897705,0,0.009999957866966724
angle,1780513063971194069,2.0299999713897705,0,0.009999997913837433
angle,1780513063981192000,2.0299999713897705,0,0.00999988242983818
angle,1780513063991193262,2.0299999713897705,0,0.009999942034482956
angle,1780513064001192461,2.0299999713897705,0,0.00999992061406374
angle,1780513064011192710,2.0299999713897705,0,0.009999951347708702
angle,1780513064021193195,2.0299999713897705,0,0.00999996904283762
angle,1780513064031193188,2.0299999713897705,0,0.009999968111515045
angle,1780513064041193650,2.0299999713897705,0,0.009999940171837807
angle,1780513064051193693,2.0299999713897705,0,0.009999972768127918
angle,1780513064061193721,2.0299999713897705,0,0.009999985806643963
angle,1780513064071194109,2.0299999713897705,0,0.00999998115003109
angle,1780513064081194612,2.0299999713897705,0,0.009999926201999187
angle,1780513064091194475,2.0299999713897705,0,0.009999980218708515
angle,1780513064101194974,2.0299999713897705,0,0.009999978356063366
angle,1780513064111195007,2.0299999713897705,0,0.01000000536441803
angle,1780513064121195372,2.0299999713897705,0,0.010000020265579224
angle,1780513064131197607,2.0299999713897705,0,0.009999999776482582
angle,1780513064141195951,2.0299999713897705,0,0.009999933652579784
angle,1780513064151196241,2.0299999713897705,0,0.009999938309192657
angle,1780513064161196659,2.0299999713897705,0,0.010000004433095455
angle,1780513064171196825,2.0299999713897705,0,0.010000004433095455
angle,1780513064181197023,2.0299999713897705,0,0.009999951347708702
angle,1780513064191197270,2.0299999713897705,0,0.009999978356063366
angle,1780513064201197828,2.0299999713897705,0,0.009999948553740978
angle,1780513064211197855,2.0299999713897705,0,0.00999997928738594
angle,1780513064221197745,2.0299999713897705,0,0.00999994482845068
angle,1780513064231198788,2.0299999713897705,0,0.010000062175095081
angle,1780513064241198550,2.0299999713897705,0,0.00999984797090292
angle,1780513064251198911,2.0299999713897705,0,0.009999969974160194
angle,1780513064261199217,2.0299999713897705,0,0.009999973699450493
angle,1780513064271199369,2.0299999713897705,0,0.009999972768127918
angle,1780513064281199621,2.0299999713897705,0,0.009999943897128105
angle,1780513064291199892,2.0299999713897705,0,0.009999942034482956
angle,1780513064301200154,2.0299999713897705,0,0.009999980218708515
angle,1780513064311200344,2.0299999713897705,0,0.009999886155128479
angle,1780513064321200260,2.0299999713897705,0,0.009999869391322136
angle,1780513064331200994,2.0299999713897705,0,0.009999940171837807
angle,1780513064341200726,2.0299999713897705,0,0.009999960660934448
angle,1780513064351200830,2.0299999713897705,0,0.009999933652579784
angle,1780513064361201425,2.0299999713897705,0,0.010000006295740604
angle,1780513064371201546,2.0299999713897705,0,0.009999863803386688
angle,1780513064381201526,2.0299999713897705,0,0.009999975562095642
angle,1780513064391201811,2.0299999713897705,0,0.00999996718019247
angle,1780513064401202203,2.0299999713897705,0,0.009999963454902172
angle,1780513064411202280,2.0299999713897705,0,0.009999987669289112
angle,1780513064421202933,2.0299999713897705,0,0.009999957866966724
angle,1780513064431202809,2.0299999713897705,0,0.010000010952353477
angle,1780513064441203270,2.0299999713897705,0,0.009999933652579784
angle,1780513064451203278,2.0299999713897705,0,0.00999989453703165
angle,1780513064461203611,2.0299999713897705,0,0.009999953210353851
angle,1780513064471203923,2.0299999713897705,0,0.010000001639127731
angle,1780513064481204170,2.0299999713897705,0,0.009999999776482582
angle,1780513064491204306,2.0299999713897705,0,0.00999994296580553
angle,1780513064501204754,2.0299999713897705,0,0.00999994296580553
angle,1780513064511205011,2.0299999713897705,0,0.009999878704547882
angle,1780513064521205022,2.0299999713897705,0,0.009999985806643963
angle,1780513064531205408,2.0299999713897705,0,0.009999956004321575
angle,1780513064541205494,2.0299999713897705,0,0.009999995119869709
angle,1780513064551205885,2.0299999713897705,0,0.009999996982514858
angle,1780513064561206324,2.0299999713897705,0,0.009999961592257023
angle,1780513064571206494,2.0299999713897705,0,0.01000000536441803
angle,1780513064581206829,2.0299999713897705,0,0.009999950416386127
angle,1780513064591206834,2.0299999713897705,0,0.009999966248869896
angle,1780513064601207644,2.0299999713897705,0,0.009999943897128105
angle,1780513064611208853,2.0299999713897705,0,0.010000025853514671
angle,1780513064621209174,2.0299999713897705,0,0.009999857284128666
angle,1780513064631207828,2.0299999713897705,0,0.00999995693564415
angle,1780513064641208509,2.0299999713897705,0,0.009999975562095642
angle,1780513064651208173,2.0299999713897705,0,0.009999943897128105
angle,1780513064661208314,2.0299999713897705,0,0.009999945759773254
angle,1780513064671208606,2.0299999713897705,0,0.009999963454902172
angle,1780513064681208857,2.0299999713897705,0,0.009999983943998814
angle,1780513064691209185,2.0299999713897705,0,0.009999969974160194
angle,1780513064701209654,2.0299999713897705,0,0.00999994482845068
angle,1780513064711209621,2.0299999713897705,0,0.009999941103160381
angle,1780513064721209881,2.0299999713897705,0,0.009999985806643963
angle,1780513064731210282,2.0299999713897705,0,0.010000002570450306
angle,1780513064741210257,2.0299999713897705,0,0.009999950416386127
angle,1780513064751210915,2.0299999713897705,0,0.009999954141676426
angle,1780513064761211493,2.0299999713897705,0,0.009999974630773067
angle,1780513064771210928,2.0299999713897705,0,0.009999917820096016
angle,1780513064781211777,2.0299999713897705,0,0.009999956004321575
angle,1780513064791212155,2.0299999713897705,0,0.009999998845160007
angle,1780513064801212158,2.0299999713897705,0,0.009999953210353851
angle,1780513064811211963,2.0299999713897705,0,0.009999877773225307
angle,1780513064821211963,2.0299999713897705,0,0.009999955072999
angle,1780513064831212264,2.0299999713897705,0,0.009999936446547508
angle,1780513064841212558,2.0299999713897705,0,0.009999969974160194
angle,1780513064851212707,2.0299999713897705,0,0.00999994482845068
angle,1780513064861212838,2.0299999713897705,0,0.009999970905482769
angle,1780513064871213137,2.0299999713897705,0,0.00999996904283762
angle,1780513064881213416,2.0299999713897705,0,0.010000004433095455
angle,1780513064891213731,2.0299999713897705,0,0.009999997913837433
angle,1780513064901213818,2.0299999713897705,0,0.009999963454902172
angle,1780513064911214052,2.0299999713897705,0,0.009999978356063366
angle,1780513064921214040,2.0299999713897705,0,0.009999947622418404
angle,1780513064931214622,2.0299999713897705,0,0.009999941103160381
angle,1780513064941215196,2.0299999713897705,0,0.009999990463256836
angle,1780513064951215322,2.0299999713897705,0,0.009999984875321388
angle,1780513064961215742,2.0299999713897705,0,0.00999996718019247
angle,1780513064971215983,2.0299999713897705,0,0.009999996051192284
angle,1780513064981216275,2.0299999713897705,0,0.00999990664422512
angle,1780513064991217165,2.0299999713897705,0,0.009999927133321762
angle,1780513065001216537,2.0299999713897705,0,0.009999916888773441
angle,1780513065011216797,2.0299999713897705,0,0.00999992061406374
angle,1780513065021216857,2.0299999713897705,0,0.00999994482845068
angle,1780513065031217209,2.0299999713897705,0,0.009999997913837433
angle,1780513065041217511,2.0299999713897705,0,0.009999951347708702
angle,1780513065051217819,2.0299999713897705,0,0.009999936446547508
angle,1780513065061217916,2.0299999713897705,0,0.00999999325722456
angle,1780513065071218259,2.0299999713897705,0,0.009999980218708515
angle,1780513065081218963,2.0299999713897705,0,0.009999961592257023
angle,1780513065091218650,2.0299999713897705,0,0.009999977424740791
angle,1780513065101219208,2.0299999713897705,0,0.009999996982514858
angle,1780513065111219170,2.0299999713897705,0,0.009999978356063366
angle,1780513065121219696,2.0299999713897705,0,0.009999990463256836
angle,1780513065131221993,2.0299999713897705,0,0.009999963454902172
angle,1780513065141220128,2.0299999713897705,0,0.009999866597354412
angle,1780513065151220470,2.0299999713897705,0,0.009999968111515045
angle,1780513065161220910,2.0299999713897705,0,0.009999963454902172
angle,1780513065171221080,2.0299999713897705,0,0.00999994296580553
angle,1780513065181221039,2.0299999713897705,0,0.009999965317547321
angle,1780513065191221376,2.0299999713897705,0,0.009999996982514858
angle,1780513065201222163,2.0299999713897705,0,0.010000013746321201
angle,1780513065211222307,2.0299999713897705,0,0.009999864734709263
angle,1780513065221222297,2.0299999713897705,0,0.009999980218708515
angle,1780513065231222598,2.0299999713897705,0,0.009999999776482582
angle,1780513065241222669,2.0299999713897705,0,0.00999996904283762
angle,1780513065251223255,2.0299999713897705,0,0.009999958798289299
angle,1780513065261223483,2.0299999713897705,0,0.009999971836805344
angle,1780513065271223486,2.0299999713897705,0,0.00999994482845068
angle,1780513065281223925,2.0299999713897705,0,0.009999987669289112
angle,1780513065291224208,2.0299999713897705,0,0.009999966248869896
angle,1780513065301224606,2.0299999713897705,0,0.009999983012676239
angle,1780513065311224500,2.0299999713897705,0,0.01000000536441803
angle,1780513065321224744,2.0299999713897705,0,0.00999998115003109
angle,1780513065331225058,2.0299999713897705,0,0.009999980218708515
angle,1780513065341225546,2.0299999713897705,0,0.009999964386224747
angle,1780513065351226204,2.0299999713897705,0,0.009999982081353664
angle,1780513065361226202,2.0299999713897705,0,0.009999938309192657
angle,1780513065371226568,2.0299999713897705,0,0.009999974630773067
angle,1780513065381226428,2.0299999713897705,0,0.009999723173677921
angle,1780513065391226757,2.0299999713897705,0,0.00999998115003109
angle,1780513065401226976,2.0299999713897705,0,0.009999990463256836
angle,1780513065411227275,2.0299999713897705,0,0.00999993085861206
angle,1780513065421227360,2.0299999713897705,0,0.009999938309192657
angle,1780513065431227625,2.0299999713897705,0,0.009999973699450493
angle,1780513065441228243,2.0299999713897705,0,0.009999983012676239
angle,1780513065451229109,2.0299999713897705,0,0.00999995693564415
angle,1780513065461228566,2.0299999713897705,0,0.009999899193644524
angle,1780513065471228992,2.0299999713897705,0,0.01000005193054676
angle,1780513065481229745,2.0299999713897705,0,0.009999928995966911
angle,1780513065491231497,2.0299999713897705,0,0.009999952279031277
angle,1780513065501230742,2.0299999713897705,0,0.009999888949096203
angle,1780513065511229631,2.0299999713897705,0,0.009999904781579971
angle,1780513065521229946,2.0299999713897705,0,0.009999955072999
angle,1780513065531230544,2.0299999713897705,0,0.009999988600611687
angle,1780513065541230858,2.0299999713897705,0,0.009999953210353851
angle,1780513065551230743,2.0299999713897705,0,0.009999999776482582
angle,1780513065561230915,2.0299999713897705,0,0.010000006295740604
angle,1780513065571231124,2.0299999713897705,0,0.009999999776482582
angle,1780513065581231401,2.0299999713897705,0,0.01000000536441803
angle,1780513065591231564,2.0299999713897705,0,0.009999995119869709
angle,1780513065601231874,2.0299999713897705,0,0.009999945759773254
angle,1780513065611232067,2.0299999713897705,0,0.009999975562095642
angle,1780513065621232316,2.0299999713897705,0,0.009999961592257023
angle,1780513065631232818,2.0299999713897705,0,0.009999959729611874
angle,1780513065641232831,2.0299999713897705,0,0.009999973699450493
angle,1780513065651233045,2.0299999713897705,0,0.009999945759773254
angle,1780513065661233070,2.0299999713897705,0,0.009999983943998814
angle,1780513065671233653,2.0299999713897705,0,0.009999987669289112
angle,1780513065681233587,2.0299999713897705,0,0.009999952279031277
angle,1780513065691233824,2.0299999713897705,0,0.009999960660934448
angle,1780513065701234083,2.0299999713897705,0,0.009999968111515045
angle,1780513065711234443,2.0299999713897705,0,0.009999983943998814
angle,1780513065721234661,2.0299999713897705,0,0.00999994296580553
angle,1780513065731235386,2.0299999713897705,0,0.010000033304095268
angle,1780513065741235412,2.0299999713897705,0,0.009999909438192844
angle,1780513065751235506,2.0299999713897705,0,0.009999971836805344
angle,1780513065761235780,2.0299999713897705,0,0.00999998115003109
angle,1780513065771236149,2.0299999713897705,0,0.009999985806643963
angle,1780513065781236788,2.0299999713897705,0,0.009999971836805344
angle,1780513065791236203,2.0299999713897705,0,0.009999957866966724
angle,1780513065801236519,2.0299999713897705,0,0.009999960660934448
angle,1780513065811236804,2.0299999713897705,0,0.009999999776482582
angle,1780513065821236952,2.0299999713897705,0,0.009999959729611874
angle,1780513065831237171,2.0299999713897705,0,0.009999994188547134
angle,1780513065841237539,2.0299999713897705,0,0.009999960660934448
angle,1780513065851237669,2.0299999713897705,0,0.009999961592257023
angle,1780513065861237784,2.0299999713897705,0,0.00999995693564415
angle,1780513065871237953,2.0299999713897705,0,0.009999945759773254
angle,1780513065881238654,2.0299999713897705,0,0.009999945759773254
angle,1780513065891238395,2.0299999713897705,0,0.00999993272125721
angle,1780513065901238459,2.0299999713897705,0,0.009999978356063366
angle,1780513065911239285,2.0299999713897705,0,0.009999957866966724
angle,1780513065921239335,2.0299999713897705,0,0.009999877773225307
angle,1780513065931239366,2.0299999713897705,0,0.009999988600611687
angle,1780513065941239594,2.0299999713897705,0,0.009999964386224747
angle,1780513065951239818,2.0299999713897705,0,0.00999999325722456
angle,1780513065961240998,2.0299999713897705,0,0.010000001639127731
angle,1780513065971242612,2.0299999713897705,0,0.009999936446547508
angle,1780513065981240627,2.0299999713897705,0,0.00999987218528986
angle,1780513065991242865,2.0299999713897705,0,0.010000010952353477
angle,1780513066001241090,2.0299999713897705,0,0.009999931789934635
angle,1780513066011241432,2.0299999713897705,0,0.009999977424740791
angle,1780513066021241703,2.0299999713897705,0,0.00999993272125721
angle,1780513066031241848,2.0299999713897705,0,0.009999952279031277
angle,1780513066041242252,2.0299999713897705,0,0.009999996982514858
angle,1780513066051242650,2.0299999713897705,0,0.009999965317547321
angle,1780513066061242613,2.0299999713897705,0,0.009999963454902172
angle,1780513066071242622,2.0299999713897705,0,0.009999942034482956
angle,1780513066081242853,2.0299999713897705,0,0.009999975562095642
angle,1780513066091243468,2.0299999713897705,0,0.010000004433095455
angle,1780513066101243495,2.0299999713897705,0,0.009999953210353851
angle,1780513066111243717,2.0299999713897705,0,0.010000000707805157
angle,1780513066121243915,2.0299999713897705,0,0.010000002570450306
angle,1780513066131245838,2.0299999713897705,0,0.009999946691095829
angle,1780513066141244480,2.0299999713897705,0,0.009999955072999
angle,1780513066151244578,2.0299999713897705,0,0.009999992325901985
angle,1780513066161244792,2.0299999713897705,0,0.009999969974160194
angle,1780513066171245149,2.0299999713897705,0,0.009999983012676239
angle,1780513066181245286,2.0299999713897705,0,0.00999994482845068
angle,1780513066191245523,2.0299999713897705,0,0.009999960660934448
angle,1780513066201245739,2.0299999713897705,0,0.009999975562095642
angle,1780513066211246276,2.0299999713897705,0,0.009999984875321388
angle,1780513066221246895,2.0299999713897705,0,0.009999919682741165
angle,1780513066231246623,2.0299999713897705,0,0.009999953210353851
angle,1780513066241246722,2.0299999713897705,0,0.00999996904283762
angle,1780513066251246855,2.0299999713897705,0,0.00999994482845068
angle,1780513066261247014,2.0299999713897705,0,0.009999983012676239
angle,1780513066271247458,2.0299999713897705,0,0.009999990463256836
angle,1780513066281248171,2.0299999713897705,0,0.00999999325722456
angle,1780513066291247854,2.0299999713897705,0,0.009999929927289486
angle,1780513066301248250,2.0299999713897705,0,0.009999963454902172
angle,1780513066311248323,2.0299999713897705,0,0.009999965317547321
angle,1780513066321248487,2.0299999713897705,0,0.009999986737966537
angle,1780513066331248842,2.0299999713897705,0,0.010000000707805157
angle,1780513066341249024,2.0299999713897705,0,0.009999953210353851
angle,1780513066351249646,2.0299999713897705,0,0.009999958798289299
angle,1780513066361250203,2.0299999713897705,0,0.010000002570450306
angle,1780513066371250204,2.0299999713897705,0,0.00999999139457941
angle,1780513066381250683,2.0299999713897705,0,0.009999985806643963
angle,1780513066391250241,2.0299999713897705,0,0.009999887086451054
angle,1780513066401250512,2.0299999713897705,0,0.009999964386224747
angle,1780513066411250989,2.0299999713897705,0,0.009999961592257023
angle,1780513066421250952,2.0299999713897705,0,0.009999996051192284
angle,1780513066431251230,2.0299999713897705,0,0.009999987669289112
angle,1780513066441251446,2.0299999713897705,0,0.009999997913837433
angle,1780513066451251662,2.0299999713897705,0,0.009999958798289299
angle,1780513066461252293,2.0299999713897705,0,0.009999945759773254
angle,1780513066471252655,2.0299999713897705,0,0.009999942034482956
angle,1780513066481252471,2.0299999713897705,0,0.009999990463256836
angle,1780513066491252563,2.0299999713897705,0,0.009999971836805344
angle,1780513066501252888,2.0299999713897705,0,0.010000001639127731
angle,1780513066511253141,2.0299999713897705,0,0.009999951347708702
angle,1780513066521253368,2.0299999713897705,0,0.009999946691095829
angle,1780513066531253982,2.0299999713897705,0,0.009999965317547321
angle,1780513066541253822,2.0299999713897705,0,0.009999975562095642
angle,1780513066551253954,2.0299999713897705,0,0.009999983943998814
angle,1780513066561254207,2.0299999713897705,0,0.009999959729611874
angle,1780513066571254602,2.0299999713897705,0,0.009999955072999
angle,1780513066581254510,2.0299999713897705,0,0.009999975562095642
angle,1780513066591254879,2.0299999713897705,0,0.009999945759773254
angle,1780513066601254982,2.0299999713897705,0,0.009999940171837807
angle,1780513066611255671,2.0299999713897705,0,0.010000012814998627
angle,1780513066621256000,2.0299999713897705,0,0.009999876841902733
angle,1780513066631255750,2.0299999713897705,0,0.009999938309192657
angle,1780513066641256066,2.0299999713897705,0,0.00999999139457941
angle,1780513066651256336,2.0299999713897705,0,0.009999946691095829
angle,1780513066661256670,2.0299999713897705,0,0.009999959729611874
angle,1780513066671256601,2.0299999713897705,0,0.009999941103160381
angle,1780513066681256849,2.0299999713897705,0,0.010000000707805157
angle,1780513066691257295,2.0299999713897705,0,0.009999954141676426
angle,1780513066701257321,2.0299999713897705,0,0.010000007227063179
angle,1780513066711258007,2.0299999713897705,0,0.00999996904283762
angle,1780513066721257939,2.0299999713897705,0,0.009999861940741539
angle,1780513066731258689,2.0299999713897705,0,0.010000009089708328
angle,1780513066741258695,2.0299999713897705,0,0.010000001639127731
angle,1780513066751258934,2.0299999713897705,0,0.009999946691095829
angle,1780513066761258853,2.0299999713897705,0,0.009999914094805717
angle,1780513066771259127,2.0299999713897705,0,0.009999990463256836
angle,1780513066781259260,2.0299999713897705,0,0.00999996904283762
angle,1780513066791259401,2.0299999713897705,0,0.009999941103160381
angle,1780513066801260272,2.0299999713897705,0,0.009999983943998814
angle,1780513066811260366,2.0299999713897705,0,0.00999996718019247
angle,1780513066821260188,2.0299999713897705,0,0.009999907575547695
angle,1780513066831260459,2.0299999713897705,0,0.009999943897128105
angle,1780513066841260634,2.0299999713897705,0,0.009999952279031277
angle,1780513066851261033,2.0299999713897705,0,0.009999969974160194
angle,1780513066861261156,2.0299999713897705,0,0.009999969974160194
angle,1780513066871261566,2.0299999713897705,0,0.009999960660934448
angle,1780513066881261348,2.0299999713897705,0,0.009999936446547508
angle,1780513066891262073,2.0299999713897705,0,0.009999954141676426
angle,1780513066901261829,2.0299999713897705,0,0.009999954141676426
angle,1780513066911262281,2.0299999713897705,0,0.009999987669289112
angle,1780513066921262294,2.0299999713897705,0,0.009999874979257584
angle,1780513066931263007,2.0299999713897705,0,0.009999983012676239
angle,1780513066941265041,2.0299999713897705,0,0.010000023059546947
angle,1780513066951263885,2.0299999713897705,0,0.009999880567193031
angle,1780513066961264075,2.0299999713897705,0,0.009999942034482956
angle,1780513066971263994,2.0299999713897705,0,0.009999963454902172
angle,1780513066981264227,2.0299999713897705,0,0.009999957866966724
angle,1780513066991265768,2.0299999713897705,0,0.00999999139457941
angle,1780513067001264935,2.0299999713897705,0,0.00999987032264471
angle,1780513067011265199,2.0299999713897705,0,0.00999996904283762
angle,1780513067021265682,2.0299999713897705,0,0.00999996904283762
angle,1780513067031265664,2.0299999713897705,0,0.009999973699450493
angle,1780513067041265748,2.0299999713897705,0,0.009999977424740791
angle,1780513067051266177,2.0299999713897705,0,0.009999943897128105
angle,1780513067061266585,2.0299999713897705,0,0.009999966248869896
angle,1780513067071266591,2.0299999713897705,0,0.00999996718019247
angle,1780513067081266813,2.0299999713897705,0,0.009999977424740791
angle,1780513067091266989,2.0299999713897705,0,0.009999947622418404
angle,1780513067101267333,2.0299999713897705,0,0.00999997928738594
angle,1780513067111267890,2.0299999713897705,0,0.009999983012676239
angle,1780513067121267799,2.0299999713897705,0,0.009999954141676426
angle,1780513067131269355,2.0299999713897705,0,0.009999972768127918
angle,1780513067141268224,2.0299999713897705,0,0.009999866597354412
angle,1780513067151268619,2.0299999713897705,0,0.009999946691095829
angle,1780513067161268742,2.0299999713897705,0,0.009999998845160007
angle,1780513067171268883,2.0299999713897705,0,0.009999983943998814
angle,1780513067181269521,2.0299999713897705,0,0.009999963454902172
angle,1780513067191269508,2.0299999713897705,0,0.009999943897128105
angle,1780513067201269667,2.0299999713897705,0,0.009999980218708515
angle,1780513067211269766,2.0299999713897705,0,0.009999985806643963
angle,1780513067221270140,2.0299999713897705,0,0.009999965317547321
angle,1780513067231270468,2.0299999713897705,0,0.009999975562095642
angle,1780513067241270492,2.0299999713897705,0,0.009999971836805344
angle,1780513067251270905,2.0299999713897705,0,0.009999937377870083
angle,1780513067261270901,2.0299999713897705,0,0.009999961592257023
angle,1780513067271271799,2.0299999713897705,0,0.009999961592257023
angle,1780513067281271548,2.0299999713897705,0,0.009999948553740978
angle,1780513067291271632,2.0299999713897705,0,0.009999987669289112
angle,1780513067301271859,2.0299999713897705,0,0.009999952279031277
angle,1780513067311272240,2.0299999713897705,0,0.01000000536441803
angle,1780513067321273077,2.0299999713897705,0,0.009999987669289112
angle,1780513067331272681,2.0299999713897705,0,0.009999938309192657
angle,1780513067341273027,2.0299999713897705,0,0.009999972768127918
angle,1780513067351273069,2.0299999713897705,0,0.009999956004321575
angle,1780513067361273395,2.0299999713897705,0,0.00999995693564415
angle,1780513067371273893,2.0299999713897705,0,0.009999950416386127
angle,1780513067381273753,2.0299999713897705,0,0.009999975562095642
angle,1780513067391274087,2.0299999713897705,0,0.009999961592257023
angle,1780513067401274364,2.0299999713897705,0,0.009999907575547695
angle,1780513067411274636,2.0299999713897705,0,0.009999969974160194
angle,1780513067421275142,2.0299999713897705,0,0.009999936446547508
angle,1780513067431275455,2.0299999713897705,0,0.009999883361160755
angle,1780513067441275388,2.0299999713897705,0,0.009999956004321575
angle,1780513067451275913,2.0299999713897705,0,0.009999952279031277
angle,1780513067461276003,2.0299999713897705,0,0.009999917820096016
angle,1780513067471276113,2.0299999713897705,0,0.009999966248869896
angle,1780513067481276321,2.0299999713897705,0,0.010000004433095455
angle,1780513067491276496,2.0299999713897705,0,0.009999984875321388
angle,1780513067501276747,2.0299999713897705,0,0.009999952279031277
angle,1780513067511276821,2.0299999713897705,0,0.009999998845160007
angle,1780513067521277331,2.0299999713897705,0,0.009999996051192284
angle,1780513067531277640,2.0299999713897705,0,0.009999890811741352
angle,1780513067541277589,2.0299999713897705,0,0.009999869391322136
angle,1780513067551278232,2.0299999713897705,0,0.00999999325722456
angle,1780513067561277953,2.0299999713897705,0,0.009999942034482956
angle,1780513067571278245,2.0299999713897705,0,0.00999995693564415
angle,1780513067581278469,2.0299999713897705,0,0.009999973699450493
angle,1780513067591279010,2.0299999713897705,0,0.009999996051192284
angle,1780513067601278791,2.0299999713897705,0,0.009999934583902359
angle,1780513067611279045,2.0299999713897705,0,0.009999996051192284
angle,1780513067621279715,2.0299999713897705,0,0.010000000707805157
angle,1780513067631279706,2.0299999713897705,0,0.00999997928738594
angle,1780513067641279934,2.0299999713897705,0,0.009999973699450493
angle,1780513067651280251,2.0299999713897705,0,0.009999974630773067
angle,1780513067661280363,2.0299999713897705,0,0.009999941103160381
angle,1780513067671280621,2.0299999713897705,0,0.01000000536441803
angle,1780513067681281126,2.0299999713897705,0,0.009999948553740978
angle,1780513067691281000,2.0299999713897705,0,0.00999999325722456
angle,1780513067701281242,2.0299999713897705,0,0.009999996982514858
angle,1780513067711281407,2.0299999713897705,0,0.00999996718019247
angle,1780513067721281749,2.0299999713897705,0,0.009999943897128105
angle,1780513067731281873,2.0299999713897705,0,0.009999938309192657
angle,1780513067741282053,2.0299999713897705,0,0.009999950416386127
angle,1780513067751282328,2.0299999713897705,0,0.009999946691095829
angle,1780513067761282483,2.0299999713897705,0,0.009999927133321762
angle,1780513067771282608,2.0299999713897705,0,0.009999997913837433
angle,1780513067781282840,2.0299999713897705,0,0.009999952279031277
angle,1780513067791283119,2.0299999713897705,0,0.010000000707805157
angle,1780513067801283315,2.0299999713897705,0,0.009999980218708515
angle,1780513067811283917,2.0299999713897705,0,0.009999964386224747
angle,1780513067821284034,2.0299999713897705,0,0.009999948553740978
angle,1780513067831284064,2.0299999713897705,0,0.009999983943998814
angle,1780513067841284186,2.0299999713897705,0,0.009999957866966724
angle,1780513067851284727,2.0299999713897705,0,0.010000004433095455
angle,1780513067861284789,2.0299999713897705,0,0.00999994296580553
angle,1780513067871285088,2.0299999713897705,0,0.009999940171837807
angle,1780513067881285369,2.0299999713897705,0,0.009999978356063366
angle,1780513067891285437,2.0299999713897705,0,0.009999954141676426
angle,1780513067901285909,2.0299999713897705,0,0.009999953210353851
angle,1780513067911285833,2.0299999713897705,0,0.010000000707805157
angle,1780513067921286072,2.0299999713897705,0,0.009999963454902172
angle,1780513067931286221,2.0299999713897705,0,0.009999997913837433
angle,1780513067941287154,2.0299999713897705,0,0.009999992325901985
angle,1780513067951287370,2.0299999713897705,0,0.009999973699450493
angle,1780513067961287754,2.0299999713897705,0,0.009999990463256836
angle,1780513067971289397,2.0299999713897705,0,0.010000013746321201
angle,1780513067981287933,2.0299999713897705,0,0.009999861940741539
angle,1780513067991289881,2.0299999713897705,0,0.010000010952353477
angle,1780513068001288410,2.0299999713897705,0,0.010000002570450306
angle,1780513068011289864,2.0299999713897705,0,0.00999996718019247
angle,1780513068021289193,2.0299999713897705,0,0.00999993085861206
angle,1780513068031289213,2.0299999713897705,0,0.009999880567193031
angle,1780513068041289334,2.0299999713897705,0,0.009999992325901985
angle,1780513068051291761,2.0299999713897705,0,0.009999996051192284
angle,1780513068063536943,2.0299999713897705,0,0.012245693244040012
angle,1780513068073537054,2.0299999713897705,0,0.00999981164932251
angle,1780513068083537116,2.0299999713897705,0,0.009999947622418404
angle,1780513068093537104,2.0299999713897705,0,0.009999947622418404
angle,1780513068103537082,2.0299999713897705,0,0.009999973699450493
angle,1780513068113537624,2.0299999713897705,0,0.009999971836805344
angle,1780513068123538156,2.0299999713897705,0,0.009999966248869896
angle,1780513068133539633,2.0299999713897705,0,0.009999907575547695
angle,1780513068143538600,2.0299999713897705,0,0.009999911300837994
angle,1780513068153539197,2.0299999713897705,0,0.009999938309192657
angle,1780513068163538922,2.0299999713897705,0,0.009999965317547321
angle,1780513068173538975,2.0299999713897705,0,0.00999994296580553
angle,1780513068183539165,2.0299999713897705,0,0.00999997928738594
angle,1780513068193539687,2.0299999713897705,0,0.00999997928738594
angle,1780513068203539582,2.0299999713897705,0,0.009999980218708515
angle,1780513068213540087,2.0299999713897705,0,0.00999998115003109
angle,1780513068223540063,2.0299999713897705,0,0.009999941103160381
angle,1780513068233540322,2.0299999713897705,0,0.009999996982514858
angle,1780513068243540363,2.0299999713897705,0,0.009999971836805344
angle,1780513068253540648,2.0299999713897705,0,0.010000002570450306
angle,1780513068263540880,2.0299999713897705,0,0.00999999325722456
angle,1780513068273541230,2.0299999713897705,0,0.009999960660934448
angle,1780513068283541853,2.0299999713897705,0,0.009999933652579784
angle,1780513068293541781,2.0299999713897705,0,0.010000008158385754
angle,1780513068303541844,2.0299999713897705,0,0.009999960660934448
angle,1780513068313542084,2.0299999713897705,0,0.009999954141676426
angle,1780513068323542459,2.0299999713897705,0,0.009999999776482582
angle,1780513068333542500,2.0299999713897705,0,0.009999994188547134
angle,1780513068343543523,2.0299999713897705,0,0.010000002570450306
angle,1780513068353543424,2.0299999713897705,0,0.009999921545386314
angle,1780513068363543272,2.0299999713897705,0,0.009999969974160194
angle,1780513068373543757,2.0299999713897705,0,0.009999985806643963
angle,1780513068383543668,2.0299999713897705,0,0.009999982081353664
angle,1780513068393543972,2.0299999713897705,0,0.01000001560896635
angle,1780513068403544357,2.0299999713897705,0,0.00999996718019247
angle,1780513068413546150,2.0299999713897705,0,0.00999996718019247
angle,1780513068423545137,2.0299999713897705,0,0.009999938309192657
angle,1780513068433545291,2.0299999713897705,0,0.009999960660934448
angle,1780513068443545506,2.0299999713897705,0,0.009999997913837433
angle,1780513068453545754,2.0299999713897705,0,0.009999961592257023
angle,1780513068463546297,2.0299999713897705,0,0.009999956004321575
angle,1780513068473546098,2.0299999713897705,0,0.009999959729611874
angle,1780513068483546255,2.0299999713897705,0,0.009999995119869709
angle,1780513068493546644,2.0299999713897705,0,0.009999954141676426
angle,1780513068503547010,2.0299999713897705,0,0.009999956004321575
angle,1780513068513546932,2.0299999713897705,0,0.009999953210353851
angle,1780513068523547257,2.0299999713897705,0,0.009999996982514858
angle,1780513068533547553,2.0299999713897705,0,0.009999931789934635
angle,1780513068543548180,2.0299999713897705,0,0.009999977424740791
angle,1780513068553550394,2.0299999713897705,0,0.009999903850257397
angle,1780513068563548793,2.0299999713897705,0,0.009999880567193031
angle,1780513068573548321,2.0299999713897705,0,0.009999924339354038
angle,1780513068583548588,2.0299999713897705,0,0.009999956004321575
angle,1780513068593549019,2.0299999713897705,0,0.009999997913837433
angle,1780513068603548885,2.0299999713897705,0,0.009999925270676613
angle,1780513068613549123,2.0299999713897705,0,0.009999994188547134
angle,1780513068623549584,2.0299999713897705,0,0.009999953210353851
angle,1780513068633549890,2.0299999713897705,0,0.009999959729611874
angle,1780513068643550132,2.0299999713897705,0,0.009999954141676426
angle,1780513068653550477,2.0299999713897705,0,0.009999955072999
angle,1780513068663551268,2.0299999713897705,0,0.00999994482845068
angle,1780513068673550863,2.0299999713897705,0,0.009999869391322136
angle,1780513068683551277,2.0299999713897705,0,0.009999953210353851
angle,1780513068693551367,2.0299999713897705,0,0.009999947622418404
angle,1780513068703551372,2.0299999713897705,0,0.009999959729611874
angle,1780513068713551864,2.0299999713897705,0,0.009999973699450493
angle,1780513068723552455,2.0299999713897705,0,0.009999986737966537
angle,1780513068733552619,2.0299999713897705,0,0.009999956004321575
angle,1780513068743552776,2.0299999713897705,0,0.00999999139457941
angle,1780513068753553392,2.0299999713897705,0,0.009999960660934448
angle,1780513068763553375,2.0299999713897705,0,0.009999913163483143
angle,1780513068773553650,2.0299999713897705,0,0.009999983012676239
angle,1780513068783553913,2.0299999713897705,0,0.00999996904283762
angle,1780513068793553906,2.0299999713897705,0,0.009999973699450493
angle,1780513068803554126,2.0299999713897705,0,0.009999960660934448
angle,1780513068813554501,2.0299999713897705,0,0.009999982081353664
angle,1780513068823555090,2.0299999713897705,0,0.009999987669289112
angle,1780513068833555077,2.0299999713897705,0,0.009999961592257023
angle,1780513068843555353,2.0299999713897705,0,0.009999997913837433
angle,1780513068853555577,2.0299999713897705,0,0.009999990463256836
angle,1780513068863556224,2.0299999713897705,0,0.009999997913837433
angle,1780513068873556093,2.0299999713897705,0,0.009999940171837807
angle,1780513068883556623,2.0299999713897705,0,0.00999995693564415
angle,1780513068893556678,2.0299999713897705,0,0.009999914094805717
angle,1780513068903556897,2.0299999713897705,0,0.009999974630773067
angle,1780513068913557209,2.0299999713897705,0,0.009999999776482582
angle,1780513068923557323,2.0299999713897705,0,0.009999943897128105
angle,1780513068933557502,2.0299999713897705,0,0.009999988600611687
angle,1780513068943557827,2.0299999713897705,0,0.009999985806643963
angle,1780513068953558327,2.0299999713897705,0,0.009999968111515045
angle,1780513068963558454,2.0299999713897705,0,0.009999994188547134
angle,1780513068973558768,2.0299999713897705,0,0.009999961592257023
angle,1780513068983558665,2.0299999713897705,0,0.00999987032264471
angle,1780513068993559995,2.0299999713897705,0,0.00999997928738594
angle,1780513069003559403,2.0299999713897705,0,0.009999952279031277
angle,1780513069013559166,2.0299999713897705,0,0.009999936446547508
angle,1780513069023559763,2.0299999713897705,0,0.009999947622418404
angle,1780513069033559972,2.0299999713897705,0,0.009999891743063927
angle,1780513069043560087,2.0299999713897705,0,0.009999953210353851
angle,1780513069053560152,2.0299999713897705,0,0.01000000536441803
angle,1780513069063560532,2.0299999713897705,0,0.009999987669289112
angle,1780513069073560631,2.0299999713897705,0,0.009999948553740978
angle,1780513069083561237,2.0299999713897705,0,0.00999994296580553
angle,1780513069093561439,2.0299999713897705,0,0.009999995119869709
angle,1780513069103561327,2.0299999713897705,0,0.009999928995966911
angle,1780513069113561487,2.0299999713897705,0,0.009999983943998814
angle,1780513069123561884,2.0299999713897705,0,0.009999959729611874
angle,1780513069133562336,2.0299999713897705,0,0.009999983943998814
angle,1780513069143563057,2.0299999713897705,0,0.009999971836805344
angle,1780513069153562649,2.0299999713897705,0,0.010000001639127731
angle,1780513069163563019,2.0299999713897705,0,0.009999977424740791
angle,1780513069173563229,2.0299999713897705,0,0.010000004433095455
angle,1780513069183563505,2.0299999713897705,0,0.009999984875321388
angle,1780513069193563502,2.0299999713897705,0,0.009999997913837433
angle,1780513069203563832,2.0299999713897705,0,0.009999987669289112
angle,1780513069213564239,2.0299999713897705,0,0.009999996982514858
angle,1780513069223564710,2.0299999713897705,0,0.009999943897128105
angle,1780513069233566415,2.0299999713897705,0,0.010000012814998627
angle,1780513069243565399,2.0299999713897705,0,0.009999875910580158
angle,1780513069253565392,2.0299999713897705,0,0.009999959729611874
angle,1780513069263565331,2.0299999713897705,0,0.009999994188547134
angle,1780513069273565717,2.0299999713897705,0,0.009999964386224747
angle,1780513069283566313,2.0299999713897705,0,0.009999961592257023
angle,1780513069293566026,2.0299999713897705,0,0.009999941103160381
angle,1780513069303566335,2.0299999713897705,0,0.009999986737966537
angle,1780513069313566612,2.0299999713897705,0,0.009999942034482956
angle,1780513069323566792,2.0299999713897705,0,0.009999983943998814
angle,1780513069333567623,2.0299999713897705,0,0.009999975562095642
angle,1780513069343567251,2.0299999713897705,0,0.009999877773225307
angle,1780513069353567316,2.0299999713897705,0,0.009999934583902359
angle,1780513069363567672,2.0299999713897705,0,0.009999956004321575
angle,1780513069373568152,2.0299999713897705,0,0.009999945759773254
angle,1780513069383568265,2.0299999713897705,0,0.009999923408031464
angle,1780513069393568375,2.0299999713897705,0,0.009999947622418404
angle,1780513069403568324,2.0299999713897705,0,0.009999977424740791
angle,1780513069413568717,2.0299999713897705,0,0.009999966248869896
angle,1780513069423568826,2.0299999713897705,0,0.009999963454902172
angle,1780513069433569120,2.0299999713897705,0,0.0099998963996768
angle,1780513069443569305,2.0299999713897705,0,0.009999995119869709
angle,1780513069453569640,2.0299999713897705,0,0.009999972768127918
angle,1780513069463570100,2.0299999713897705,0,0.009999936446547508
angle,1780513069473569959,2.0299999713897705,0,0.009999985806643963
angle,1780513069483570100,2.0299999713897705,0,0.009999959729611874
angle,1780513069493570294,2.0299999713897705,0,0.009999941103160381
angle,1780513069503570812,2.0299999713897705,0,0.009999992325901985
angle,1780513069513570712,2.0299999713897705,0,0.009999936446547508
angle,1780513069523570820,2.0299999713897705,0,0.009999969974160194
angle,1780513069533571636,2.0299999713897705,0,0.009999933652579784
angle,1780513069543571593,2.0299999713897705,0,0.00999987218528986
angle,1780513069553571726,2.0299999713897705,0,0.009999933652579784
angle,1780513069563572113,2.0299999713897705,0,0.010000000707805157
angle,1780513069573572078,2.0299999713897705,0,0.009999947622418404
angle,1780513069583572266,2.0299999713897705,0,0.009999940171837807
angle,1780513069593572948,2.0299999713897705,0,0.009999940171837807
angle,1780513069603572706,2.0299999713897705,0,0.009999928995966911
angle,1780513069613572859,2.0299999713897705,0,0.009999997913837433
angle,1780513069623573279,2.0299999713897705,0,0.00999997928738594
angle,1780513069633573842,2.0299999713897705,0,0.00999983586370945
angle,1780513069643573656,2.0299999713897705,0,0.009999957866966724
angle,1780513069653573845,2.0299999713897705,0,0.009999987669289112
angle,1780513069663574292,2.0299999713897705,0,0.009999938309192657
angle,1780513069673574267,2.0299999713897705,0,0.00999997928738594
angle,1780513069683574424,2.0299999713897705,0,0.009999954141676426
angle,1780513069693574747,2.0299999713897705,0,0.01000000536441803
angle,1780513069703574776,2.0299999713897705,0,0.009999996982514858
angle,1780513069713575528,2.0299999713897705,0,0.009999982081353664
angle,1780513069723575314,2.0299999713897705,0,0.009999999776482582
angle,1780513069733575812,2.0299999713897705,0,0.00999996718019247
angle,1780513069743575866,2.0299999713897705,0,0.009999900124967098
angle,1780513069753576783,2.0299999713897705,0,0.009999990463256836
angle,1780513069763576879,2.0299999713897705,0,0.009999970905482769
angle,1780513069773576638,2.0299999713897705,0,0.009999889880418777
angle,1780513069783576698,2.0299999713897705,0,0.009999941103160381
angle,1780513069793576875,2.0299999713897705,0,0.009999942034482956
angle,1780513069803577251,2.0299999713897705,0,0.009999964386224747
angle,1780513069813578077,2.0299999713897705,0,0.00999994482845068
angle,1780513069823578807,2.0299999713897705,0,0.009999861940741539
angle,1780513069833578060,2.0299999713897705,0,0.00999992061406374
angle,1780513069843578356,2.0299999713897705,0,0.009999996051192284
angle,1780513069853578509,2.0299999713897705,0,0.009999943897128105
angle,1780513069863578776,2.0299999713897705,0,0.009999996982514858
angle,1780513069873578945,2.0299999713897705,0,0.009999923408031464
angle,1780513069883579542,2.0299999713897705,0,0.00999999139457941
angle,1780513069893579466,2.0299999713897705,0,0.00999998115003109
angle,1780513069903579754,2.0299999713897705,0,0.009999966248869896
angle,1780513069913579891,2.0299999713897705,0,0.00999996718019247
angle,1780513069923580034,2.0299999713897705,0,0.009999945759773254
angle,1780513069933580406,2.0299999713897705,0,0.009999950416386127
angle,1780513069943580567,2.0299999713897705,0,0.009999969974160194
angle,1780513069953580741,2.0299999713897705,0,0.009999968111515045
angle,1780513069963581527,2.0299999713897705,0,0.009999943897128105
angle,1780513069973582366,2.0299999713897705,0,0.009999887086451054
angle,1780513069983581580,2.0299999713897705,0,0.009999927133321762
angle,1780513069993582817,2.0299999713897705,0,0.009999951347708702
angle,1780513070003582924,2.0299999713897705,0,0.009999942034482956
angle,1780513070013582089,2.0299999713897705,0,0.009999873116612434
angle,1780513070023582191,2.0299999713897705,0,0.009999984875321388
angle,1780513070033582698,2.0299999713897705,0,0.009999985806643963
angle,1780513070043582663,2.0299999713897705,0,0.00999988429248333
angle,1780513070053582815,2.0299999713897705,0,0.00999994482845068
angle,1780513070063583283,2.0299999713897705,0,0.009999999776482582
angle,1780513070073583291,2.0299999713897705,0,0.009999971836805344
angle,1780513070083583493,2.0299999713897705,0,0.009999937377870083
angle,1780513070093583772,2.0299999713897705,0,0.00999997928738594
angle,1780513070103584375,2.0299999713897705,0,0.009999942034482956
angle,1780513070113584153,2.0299999713897705,0,0.009999952279031277
angle,1780513070123584320,2.0299999713897705,0,0.009999947622418404
angle,1780513070133584788,2.0299999713897705,0,0.00999998115003109
angle,1780513070143586641,2.0299999713897705,0,0.009999946691095829
angle,1780513070153585091,2.0299999713897705,0,0.009999928995966911
angle,1780513070163585363,2.0299999713897705,0,0.009999964386224747
angle,1780513070173585583,2.0299999713897705,0,0.009999998845160007
angle,1780513070183585945,2.0299999713897705,0,0.009999990463256836
angle,1780513070193586158,2.0299999713897705,0,0.010000000707805157
angle,1780513070203586311,2.0299999713897705,0,0.009999966248869896
angle,1780513070213586496,2.0299999713897705,0,0.009999885223805904
angle,1780513070223586694,2.0299999713897705,0,0.00999996904283762
angle,1780513070233587420,2.0299999713897705,0,0.009999943897128105
angle,1780513070243587075,2.0299999713897705,0,0.009999933652579784
angle,1780513070253587229,2.0299999713897705,0,0.009999970905482769
angle,1780513070263587652,2.0299999713897705,0,0.009999952279031277
angle,1780513070273587854,2.0299999713897705,0,0.009999974630773067
angle,1780513070283588467,2.0299999713897705,0,0.009999946691095829
angle,1780513070293588117,2.0299999713897705,0,0.00999999139457941
angle,1780513070303588278,2.0299999713897705,0,0.009999952279031277
angle,1780513070313588764,2.0299999713897705,0,0.009999943897128105
angle,1780513070323588745,2.0299999713897705,0,0.009999950416386127
angle,1780513070333589179,2.0299999713897705,0,0.009999974630773067
angle,1780513070343591404,2.0299999713897705,0,0.010000002570450306
angle,1780513070353590062,2.0299999713897705,0,0.009999923408031464
angle,1780513070367615900,2.0299999713897705,0,0.014025776647031307
angle,1780513070377616392,2.0299999713897705,0,0.009999866597354412
angle,1780513070387616659,2.0299999713897705,0,0.009999956004321575
angle,1780513070397616966,2.0299999713897705,0,0.009999965317547321
angle,1780513070407617373,2.0299999713897705,0,0.00999998115003109
angle,1780513070417617565,2.0299999713897705,0,0.009999966248869896
angle,1780513070427617352,2.0299999713897705,0,0.009999941103160381
angle,1780513070437617786,2.0299999713897705,0,0.009999970905482769
angle,1780513070447618368,2.0299999713897705,0,0.009999959729611874
angle,1780513070457618141,2.0299999713897705,0,0.010000002570450306
angle,1780513070467618517,2.0299999713897705,0,0.009999959729611874
angle,1780513070477618738,2.0299999713897705,0,0.009999939240515232
angle,1780513070487618974,2.0299999713897705,0,0.00999997928738594
angle,1780513070497619375,2.0299999713897705,0,0.009999958798289299
angle,1780513070507619370,2.0299999713897705,0,0.009999961592257023
angle,1780513070517619619,2.0299999713897705,0,0.009999980218708515
angle,1780513070527620019,2.0299999713897705,0,0.009999948553740978
angle,1780513070537620272,2.0299999713897705,0,0.009999934583902359
angle,1780513070547620207,2.0299999713897705,0,0.00999996904283762
angle,1780513070557620515,2.0299999713897705,0,0.009999946691095829
angle,1780513070567620843,2.0299999713897705,0,0.009999984875321388
angle,1780513070577620972,2.0299999713897705,0,0.009999939240515232
angle,1780513070587621192,2.0299999713897705,0,0.009999947622418404
angle,1780513070597621638,2.0299999713897705,0,0.009999936446547508
angle,1780513070607621761,2.0299999713897705,0,0.009999963454902172
angle,1780513070617622036,2.0299999713897705,0,0.00999996904283762
angle,1780513070627622237,2.0299999713897705,0,0.009999952279031277
angle,1780513070637622593,2.0299999713897705,0,0.009999994188547134
angle,1780513070647622856,2.0299999713897705,0,0.00999999325722456
angle,1780513070657622879,2.0299999713897705,0,0.00999999139457941
angle,1780513070667623151,2.0299999713897705,0,0.009999942034482956
angle,1780513070677623101,2.0299999713897705,0,0.009999934583902359
angle,1780513070687623613,2.0299999713897705,0,0.009999942034482956
angle,1780513070697623548,2.0299999713897705,0,0.009999972768127918
angle,1780513070707623769,2.0299999713897705,0,0.009999997913837433
angle,1780513070717623898,2.0299999713897705,0,0.009999941103160381
angle,1780513070727624134,2.0299999713897705,0,0.009999971836805344
angle,1780513070737624775,2.0299999713897705,0,0.009999983012676239
angle,1780513070747624586,2.0299999713897705,0,0.009999925270676613
angle,1780513070757624816,2.0299999713897705,0,0.009999961592257023
angle,1780513070767625813,2.0299999713897705,0,0.010000025853514671
angle,1780513070777625804,2.0299999713897705,0,0.009999878704547882
angle,1780513070787625616,2.0299999713897705,0,0.009999975562095642
angle,1780513070797625845,2.0299999713897705,0,0.009999998845160007
angle,1780513070807626125,2.0299999713897705,0,0.009999973699450493
angle,1780513070817626315,2.0299999713897705,0,0.009999959729611874
angle,1780513070827626686,2.0299999713897705,0,0.009999950416386127
angle,1780513070837626983,2.0299999713897705,0,0.009999969974160194
angle,1780513070847627112,2.0299999713897705,0,0.009999998845160007
angle,1780513070857627666,2.0299999713897705,0,0.009999994188547134
angle,1780513070867628086,2.0299999713897705,0,0.009999977424740791
angle,1780513070877627793,2.0299999713897705,0,0.009999946691095829
angle,1780513070887628238,2.0299999713897705,0,0.00999999325722456
angle,1780513070897628215,2.0299999713897705,0,0.009999988600611687
angle,1780513070907628824,2.0299999713897705,0,0.009999934583902359
angle,1780513070917629008,2.0299999713897705,0,0.009999953210353851
angle,1780513070927629208,2.0299999713897705,0,0.009999960660934448
angle,1780513070937629737,2.0299999713897705,0,0.009999998845160007
angle,1780513070947629702,2.0299999713897705,0,0.009999912232160568
angle,1780513070957630375,2.0299999713897705,0,0.009999969974160194
angle,1780513070967630523,2.0299999713897705,0,0.009999997913837433
angle,1780513070977630307,2.0299999713897705,0,0.009999964386224747
angle,1780513070987630618,2.0299999713897705,0,0.009999939240515232
angle,1780513070997632278,2.0299999713897705,0,0.009999972768127918
angle,1780513071007632113,2.0299999713897705,0,0.009999996051192284
angle,1780513071017631609,2.0299999713897705,0,0.009999965317547321
angle,1780513071027631944,2.0299999713897705,0,0.009999975562095642
angle,1780513071037632774,2.0299999713897705,0,0.009999943897128105
angle,1780513071047632606,2.0299999713897705,0,0.009999898262321949
angle,1780513071057632668,2.0299999713897705,0,0.009999950416386127
angle,1780513071067632715,2.0299999713897705,0,0.009999950416386127
angle,1780513071077632979,2.0299999713897705,0,0.009999977424740791
angle,1780513071087633359,2.0299999713897705,0,0.009999956004321575
angle,1780513071097633482,2.0299999713897705,0,0.009999996051192284
angle,1780513071107633782,2.0299999713897705,0,0.009999937377870083
angle,1780513071117633880,2.0299999713897705,0,0.00999997928738594
angle,1780513071127634105,2.0299999713897705,0,0.009999952279031277
angle,1780513071137634701,2.0299999713897705,0,0.009999984875321388
angle,1780513071147634657,2.0299999713897705,0,0.009999945759773254
angle,1780513071157634839,2.0299999713897705,0,0.009999985806643963
angle,1780513071167635020,2.0299999713897705,0,0.009999999776482582
angle,1780513071177635733,2.0299999713897705,0,0.009999950416386127
angle,1780513071187635592,2.0299999713897705,0,0.010000004433095455
angle,1780513071197635930,2.0299999713897705,0,0.009999960660934448
angle,1780513071207635950,2.0299999713897705,0,0.009999980218708515
angle,1780513071217636817,2.0299999713897705,0,0.009999998845160007
angle,1780513071227636901,2.0299999713897705,0,0.00999997928738594
angle,1780513071237637233,2.0299999713897705,0,0.009999961592257023
angle,1780513071249471816,2.0299999713897705,0,0.01183427032083273
angle,1780513071259472272,2.0299999713897705,0,0.009999928995966911
angle,1780513071269472762,2.0299999713897705,0,0.00999996904283762
angle,1780513071279473347,2.0299999713897705,0,0.010000012814998627
angle,1780513071289473151,2.0299999713897705,0,0.009999893605709076
angle,1780513071299473311,2.0299999713897705,0,0.009999988600611687
angle,1780513071309474636,2.0299999713897705,0,0.009999990463256836
angle,1780513071319474248,2.0299999713897705,0,0.00999989453703165
angle,1780513071329474722,2.0299999713897705,0,0.00999994482845068
angle,1780513071339475612,2.0299999713897705,0,0.009999947622418404
angle,1780513071349474812,2.0299999713897705,0,0.009999929927289486
angle,1780513071359474708,2.0299999713897705,0,0.009999946691095829
angle,1780513071369475056,2.0299999713897705,0,0.009999948553740978
angle,1780513071379474996,2.0299999713897705,0,0.00999994296580553
angle,1780513071389475348,2.0299999713897705,0,0.009999984875321388
angle,1780513071399475512,2.0299999713897705,0,0.00999995693564415
angle,1780513071409475686,2.0299999713897705,0,0.009999968111515045
angle,1780513071419475878,2.0299999713897705,0,0.009999927133321762
angle,1780513071429476579,2.0299999713897705,0,0.00999996718019247
angle,1780513071439476380,2.0299999713897705,0,0.010000001639127731
angle,1780513071449476560,2.0299999713897705,0,0.009999955072999
angle,1780513071459476748,2.0299999713897705,0,0.009999994188547134
angle,1780513071469478655,2.0299999713897705,0,0.010000001639127731
angle,1780513071479477311,2.0299999713897705,0,0.009999874047935009
angle,1780513071489477552,2.0299999713897705,0,0.01000000536441803
angle,1780513071499477729,2.0299999713897705,0,0.009999978356063366
angle,1780513071509477910,2.0299999713897705,0,0.010000001639127731
angle,1780513071519478057,2.0299999713897705,0,0.00999994296580553
angle,1780513071529478751,2.0299999713897705,0,0.00999998115003109
angle,1780513071539478800,2.0299999713897705,0,0.009999941103160381
angle,1780513071549479077,2.0299999713897705,0,0.010000007227063179
angle,1780513071559478928,2.0299999713897705,0,0.009999995119869709
angle,1780513071569479494,2.0299999713897705,0,0.010000001639127731
angle,1780513071579480203,2.0299999713897705,0,0.009999893605709076
angle,1780513071589480494,2.0299999713897705,0,0.009999891743063927
angle,1780513071599480237,2.0299999713897705,0,0.009999980218708515
angle,1780513071609480309,2.0299999713897705,0,0.009999953210353851
angle,1780513071619480696,2.0299999713897705,0,0.009999995119869709
angle,1780513071629481118,2.0299999713897705,0,0.009999947622418404
angle,1780513071639480991,2.0299999713897705,0,0.009999973699450493
angle,1780513071649481438,2.0299999713897705,0,0.010000007227063179
angle,1780513071659481545,2.0299999713897705,0,0.009999939240515232
angle,1780513071669481769,2.0299999713897705,0,0.009999971836805344
angle,1780513071679482099,2.0299999713897705,0,0.009999964386224747
angle,1780513071689482143,2.0299999713897705,0,0.009999942034482956
angle,1780513071699482321,2.0299999713897705,0,0.009999957866966724
angle,1780513071709482770,2.0299999713897705,0,0.00999999325722456
angle,1780513071719483144,2.0299999713897705,0,0.009999998845160007
angle,1780513071729483162,2.0299999713897705,0,0.00999995693564415
angle,1780513071739484037,2.0299999713897705,0,0.010000006295740604
angle,1780513071749483657,2.0299999713897705,0,0.009999966248869896
angle,1780513071759484192,2.0299999713897705,0,0.009999951347708702
angle,1780513071769483982,2.0299999713897705,0,0.00999996718019247
angle,1780513071779484652,2.0299999713897705,0,0.009999978356063366
angle,1780513071789484528,2.0299999713897705,0,0.009999903850257397
angle,1780513071799484711,2.0299999713897705,0,0.009999961592257023
angle,1780513071809485363,2.0299999713897705,0,0.00999999139457941
angle,1780513071819485130,2.0299999713897705,0,0.010000009089708328
angle,1780513071829485376,2.0299999713897705,0,0.009999994188547134
angle,1780513071839485655,2.0299999713897705,0,0.009999941103160381
angle,1780513071849486189,2.0299999713897705,0,0.010000004433095455
angle,1780513071859485955,2.0299999713897705,0,0.009999966248869896
angle,1780513071869486447,2.0299999713897705,0,0.009999938309192657
angle,1780513071879488091,2.0299999713897705,0,0.010000042617321014
angle,1780513071889486974,2.0299999713897705,0,0.009999865666031837
angle,1780513071899487026,2.0299999713897705,0,0.00999999139457941
angle,1780513071909487291,2.0299999713897705,0,0.009999985806643963
angle,1780513071919487684,2.0299999713897705,0,0.009999980218708515
angle,1780513071929488113,2.0299999713897705,0,0.009999985806643963
angle,1780513071939488422,2.0299999713897705,0,0.00999996718019247
angle,1780513071949491725,2.0299999713897705,0,0.010000080801546574
angle,1780513071959490239,2.0299999713897705,0,0.009999879635870457
angle,1780513071969490471,2.0299999713897705,0,0.009999963454902172
angle,1780513071979490419,2.0299999713897705,0,0.009999864734709263
angle,1780513071989489522,2.0299999713897705,0,0.009999879635870457
angle,1780513071999491018,2.0299999713897705,0,0.009999986737966537
angle,1780513072009490472,2.0299999713897705,0,0.009999862872064114
angle,1780513072019490522,2.0299999713897705,0,0.00999996904283762
angle,1780513072029490668,2.0299999713897705,0,0.009999978356063366
angle,1780513072039491084,2.0299999713897705,0,0.009999983943998814
angle,1780513072049491389,2.0299999713897705,0,0.009999983943998814
angle,1780513072059491557,2.0299999713897705,0,0.010000001639127731
angle,1780513072069492786,2.0299999713897705,0,0.009999977424740791
angle,1780513072079492082,2.0299999713897705,0,0.009999900124967098
angle,1780513072089492501,2.0299999713897705,0,0.009999996982514858
angle,1780513072099492763,2.0299999713897705,0,0.009999950416386127
angle,1780513072109492790,2.0299999713897705,0,0.009999952279031277
angle,1780513072119493128,2.0299999713897705,0,0.009999942034482956
angle,1780513072129493113,2.0299999713897705,0,0.009999990463256836
angle,1780513072139494351,2.0299999713897705,0,0.009999963454902172
angle,1780513072149493797,2.0299999713897705,0,0.009999931789934635
angle,1780513072159494273,2.0299999713897705,0,0.009999942034482956
angle,1780513072169494268,2.0299999713897705,0,0.010000010021030903
angle,1780513072179494460,2.0299999713897705,0,0.009999948553740978
angle,1780513072189494569,2.0299999713897705,0,0.009999969974160194
angle,1780513072199494673,2.0299999713897705,0,0.010000004433095455
angle,1780513072209494866,2.0299999713897705,0,0.009999977424740791
angle,1780513072219495330,2.0299999713897705,0,0.009999936446547508
angle,1780513072229495541,2.0299999713897705,0,0.009999948553740978
angle,1780513072239495747,2.0299999713897705,0,0.009999985806643963
angle,1780513072249496602,2.0299999713897705,0,0.009999998845160007
angle,1780513072259496379,2.0299999713897705,0,0.009999903850257397
angle,1780513072269496495,2.0299999713897705,0,0.009999942034482956
angle,1780513072279496914,2.0299999713897705,0,0.010000009089708328
angle,1780513072289497124,2.0299999713897705,0,0.010000002570450306
angle,1780513072299498185,2.0299999713897705,0,0.009999936446547508
angle,1780513072309498008,2.0299999713897705,0,0.009999904781579971
angle,1780513072319497754,2.0299999713897705,0,0.009999970905482769
angle,1780513072329498010,2.0299999713897705,0,0.009999999776482582
angle,1780513072339498641,2.0299999713897705,0,0.009999942034482956
angle,1780513072349498840,2.0299999713897705,0,0.009999970905482769
angle,1780513072359498772,2.0299999713897705,0,0.009999903850257397
angle,1780513072369499103,2.0299999713897705,0,0.009999969974160194
angle,1780513072379499795,2.0299999713897705,0,0.010000004433095455
angle,1780513072389499766,2.0299999713897705,0,0.009999885223805904
angle,1780513072399500224,2.0299999713897705,0,0.009999928064644337
angle,1780513072409500477,2.0299999713897705,0,0.009999938309192657
angle,1780513072419500550,2.0299999713897705,0,0.009999961592257023
angle,1780513072429501093,2.0299999713897705,0,0.009999943897128105
angle,1780513072439501113,2.0299999713897705,0,0.00999996718019247
angle,1780513072449501409,2.0299999713897705,0,0.009999974630773067
angle,1780513072459501656,2.0299999713897705,0,0.009999913163483143
angle,1780513072469501675,2.0299999713897705,0,0.009999952279031277
angle,1780513072479502087,2.0299999713897705,0,0.009999952279031277
angle,1780513072489502154,2.0299999713897705,0,0.00999994482845068
angle,1780513072499502281,2.0299999713897705,0,0.00999993272125721
angle,1780513072509502582,2.0299999713897705,0,0.009999936446547508
angle,1780513072519502931,2.0299999713897705,0,0.00999995693564415
angle,1780513072529502985,2.0299999713897705,0,0.009999964386224747
angle,1780513072539503101,2.0299999713897705,0,0.009999940171837807
angle,1780513072549503444,2.0299999713897705,0,0.009999938309192657
angle,1780513072559504071,2.0299999713897705,0,0.010000006295740604
angle,1780513072569503939,2.0299999713897705,0,0.009999973699450493
angle,1780513072579506664,2.0299999713897705,0,0.009999892674386501
angle,1780513072589504436,2.0299999713897705,0,0.009999516420066357
angle,1780513072599504592,2.0299999713897705,0,0.009999992325901985
angle,1780513072609504793,2.0299999713897705,0,0.009999973699450493
angle,1780513072619504927,2.0299999713897705,0,0.010000000707805157
angle,1780513072629505312,2.0299999713897705,0,0.010000002570450306
angle,1780513072639505386,2.0299999713897705,0,0.009999914094805717
angle,1780513072649505966,2.0299999713897705,0,0.009999998845160007
angle,1780513072659506007,2.0299999713897705,0,0.009999955072999
angle,1780513072669506193,2.0299999713897705,0,0.00999994296580553
angle,1780513072679506875,2.0299999713897705,0,0.009999956004321575
angle,1780513072689506608,2.0299999713897705,0,0.00999988429248333
angle,1780513072699506618,2.0299999713897705,0,0.009999941103160381
angle,1780513072709506989,2.0299999713897705,0,0.009999938309192657
angle,1780513072719507351,2.0299999713897705,0,0.009999970905482769
angle,1780513072729507482,2.0299999713897705,0,0.009999980218708515
angle,1780513072739507649,2.0299999713897705,0,0.009999958798289299
angle,1780513072749507800,2.0299999713897705,0,0.009999957866966724
angle,1780513072759508107,2.0299999713897705,0,0.009999942034482956
angle,1780513072769508170,2.0299999713897705,0,0.009999943897128105
angle,1780513072779508611,2.0299999713897705,0,0.009999990463256836
angle,1780513072789508644,2.0299999713897705,0,0.009999965317547321
angle,1780513072799508896,2.0299999713897705,0,0.009999960660934448
angle,1780513072809509571,2.0299999713897705,0,0.009999959729611874
angle,1780513072819509343,2.0299999713897705,0,0.009999937377870083
angle,1780513072829509620,2.0299999713897705,0,0.00999999325722456
angle,1780513072839509716,2.0299999713897705,0,0.00999994296580553
angle,1780513072849510184,2.0299999713897705,0,0.009999980218708515
angle,1780513072859510172,2.0299999713897705,0,0.009999939240515232
angle,1780513072869510572,2.0299999713897705,0,0.009999943897128105
angle,1780513072879510503,2.0299999713897705,0,0.009999983012676239
angle,1780513072889510924,2.0299999713897705,0,0.009999995119869709
angle,1780513072899511920,2.0299999713897705,0,0.010000009089708328
angle,1780513072909511402,2.0299999713897705,0,0.01000000536441803
angle,1780513072919511666,2.0299999713897705,0,0.009999933652579784
angle,1780513072929511961,2.0299999713897705,0,0.009999952279031277
angle,1780513072939512375,2.0299999713897705,0,0.00999996904283762
angle,1780513072949512668,2.0299999713897705,0,0.009999996982514858
angle,1780513072959513300,2.0299999713897705,0,0.010000006295740604
angle,1780513072969513379,2.0299999713897705,0,0.009999891743063927
angle,1780513072979513485,2.0299999713897705,0,0.009999999776482582
angle,1780513072989514344,2.0299999713897705,0,0.009999983012676239
angle,1780513072999514562,2.0299999713897705,0,0.00999996904283762
angle,1780513073009514246,2.0299999713897705,0,0.00999996718019247
angle,1780513073019514262,2.0299999713897705,0,0.009999957866966724
angle,1780513073029514741,2.0299999713897705,0,0.009999938309192657
angle,1780513073039514584,2.0299999713897705,0,0.009999970905482769
angle,1780513073049514759,2.0299999713897705,0,0.009999950416386127
angle,1780513073059515928,2.0299999713897705,0,0.009999952279031277
angle,1780513073069517643,2.0299999713897705,0,0.009999911300837994
angle,1780513073079517644,2.0299999713897705,0,0.00999993272125721
angle,1780513073089517877,2.0299999713897705,0,0.009999888949096203
angle,1780513073099516637,2.0299999713897705,0,0.009999853558838367
angle,1780513073109516608,2.0299999713897705,0,0.009999978356063366
angle,1780513073119516743,2.0299999713897705,0,0.009999969974160194
angle,1780513073129517012,2.0299999713897705,0,0.009999980218708515
angle,1780513073139517576,2.0299999713897705,0,0.010000007227063179
angle,1780513073149519469,2.0299999713897705,0,0.009999946691095829
angle,1780513073159517987,2.0299999713897705,0,0.009999947622418404
angle,1780513073169518029,2.0299999713897705,0,0.009999939240515232
angle,1780513073179518650,2.0299999713897705,0,0.009999937377870083
angle,1780513073189518775,2.0299999713897705,0,0.00999994482845068
angle,1780513073199521608,2.0299999713897705,0,0.009999959729611874
angle,1780513073209518896,2.0299999713897705,0,0.009999969974160194
angle,1780513073219519800,2.0299999713897705,0,0.009999956004321575
angle,1780513073229519319,2.0299999713897705,0,0.009999942034482956
angle,1780513073239519555,2.0299999713897705,0,0.009999958798289299
angle,1780513073250955568,2.0299999713897705,0,0.011435313150286674
angle,1780513073260956176,2.0299999713897705,0,0.009999982081353664
angle,1780513073270956310,2.0299999713897705,0,0.009999998845160007
angle,1780513073280956569,2.0299999713897705,0,0.009999951347708702
angle,1780513073290957304,2.0299999713897705,0,0.009999901056289673
angle,1780513073300956872,2.0299999713897705,0,0.009999957866966724
angle,1780513073310957191,2.0299999713897705,0,0.010000009089708328
angle,1780513073320957398,2.0299999713897705,0,0.009999958798289299
angle,1780513073330958137,2.0299999713897705,0,0.009999974630773067
angle,1780513073340957943,2.0299999713897705,0,0.009999937377870083
angle,1780513073350958165,2.0299999713897705,0,0.00999994296580553
angle,1780513073360958485,2.0299999713897705,0,0.009999947622418404
angle,1780513073370958528,2.0299999713897705,0,0.010000004433095455
angle,1780513073380958853,2.0299999713897705,0,0.009999865666031837
angle,1780513073390959315,2.0299999713897705,0,0.009999996982514858
angle,1780513073400959355,2.0299999713897705,0,0.009999971836805344
angle,1780513073410959600,2.0299999713897705,0,0.009999947622418404
angle,1780513073420960502,2.0299999713897705,0,0.009999952279031277
angle,1780513073430960021,2.0299999713897705,0,0.00999999139457941
angle,1780513073440960298,2.0299999713897705,0,0.009999984875321388
angle,1780513073450960373,2.0299999713897705,0,0.009999990463256836
angle,1780513073460961646,2.0299999713897705,0,0.009999951347708702
angle,1780513073470961241,2.0299999713897705,0,0.0099998963996768
angle,1780513073480961643,2.0299999713897705,0,0.00999999139457941
angle,1780513073490961680,2.0299999713897705,0,0.009999924339354038
angle,1780513073500961836,2.0299999713897705,0,0.009999940171837807
angle,1780513073510962021,2.0299999713897705,0,0.009999966248869896
angle,1780513073520962287,2.0299999713897705,0,0.009999995119869709
angle,1780513073530962540,2.0299999713897705,0,0.009999926201999187
angle,1780513073540962693,2.0299999713897705,0,0.009999934583902359
angle,1780513073550963009,2.0299999713897705,0,0.009999986737966537
angle,1780513073560963307,2.0299999713897705,0,0.009999957866966724
angle,1780513073570963788,2.0299999713897705,0,0.00999989453703165
angle,1780513073580963664,2.0299999713897705,0,0.009999983943998814
angle,1780513073590964039,2.0299999713897705,0,0.009999952279031277
angle,1780513073600964250,2.0299999713897705,0,0.009999947622418404
angle,1780513073610964407,2.0299999713897705,0,0.009999963454902172
angle,1780513073620964621,2.0299999713897705,0,0.009999953210353851
angle,1780513073630964817,2.0299999713897705,0,0.009999969974160194
angle,1780513073640964935,2.0299999713897705,0,0.00999994482845068
angle,1780513073650965210,2.0299999713897705,0,0.010000004433095455
angle,1780513073660965832,2.0299999713897705,0,0.010000000707805157
angle,1780513073670965752,2.0299999713897705,0,0.009999965317547321
angle,1780513073680966092,2.0299999713897705,0,0.010000000707805157
angle,1780513073690966380,2.0299999713897705,0,0.009999960660934448
angle,1780513073700966665,2.0299999713897705,0,0.010000004433095455
angle,1780513073710966875,2.0299999713897705,0,0.01000000536441803
angle,1780513073720967023,2.0299999713897705,0,0.009999960660934448
angle,1780513073730967355,2.0299999713897705,0,0.00999994296580553
angle,1780513073740967399,2.0299999713897705,0,0.009999972768127918
angle,1780513073750968492,2.0299999713897705,0,0.00999997928738594
angle,1780513073760968358,2.0299999713897705,0,0.009999965317547321
angle,1780513073770968127,2.0299999713897705,0,0.009999942034482956
angle,1780513073780968640,2.0299999713897705,0,0.009999950416386127
angle,1780513073790969277,2.0299999713897705,0,0.009999863803386688
angle,1780513073800968727,2.0299999713897705,0,0.009999898262321949
angle,1780513073810969183,2.0299999713897705,0,0.009999980218708515
angle,1780513073820969183,2.0299999713897705,0,0.009999961592257023
angle,1780513073830969423,2.0299999713897705,0,0.00999995693564415
angle,1780513073840969854,2.0299999713897705,0,0.00999996718019247
angle,1780513073850969930,2.0299999713897705,0,0.009999951347708702
angle,1780513073860970382,2.0299999713897705,0,0.009999961592257023
angle,1780513073870970460,2.0299999713897705,0,0.009999866597354412
angle,1780513073880970968,2.0299999713897705,0,0.009999948553740978
angle,1780513073890970884,2.0299999713897705,0,0.009999957866966724
angle,1780513073900971259,2.0299999713897705,0,0.009999998845160007
angle,1780513073910971356,2.0299999713897705,0,0.009999946691095829
angle,1780513073920971604,2.0299999713897705,0,0.00999997928738594
angle,1780513073930971713,2.0299999713897705,0,0.009999948553740978
angle,1780513073940973378,2.0299999713897705,0,0.009999997913837433
angle,1780513073950972315,2.0299999713897705,0,0.009999924339354038
angle,1780513073960972853,2.0299999713897705,0,0.009999998845160007
angle,1780513073970974000,2.0299999713897705,0,0.009999957866966724
angle,1780513073980973407,2.0299999713897705,0,0.009999996982514858
angle,1780513073990973582,2.0299999713897705,0,0.00999991875141859
angle,1780513074000974325,2.0299999713897705,0,0.00999991875141859
angle,1780513074010973610,2.0299999713897705,0,0.009999893605709076
angle,1780513074020973997,2.0299999713897705,0,0.00999994296580553
angle,1780513074030974194,2.0299999713897705,0,0.010000002570450306
angle,1780513074040974447,2.0299999713897705,0,0.009999992325901985
angle,1780513074050974840,2.0299999713897705,0,0.010000008158385754
angle,1780513074060975392,2.0299999713897705,0,0.010000000707805157
angle,1780513074070975263,2.0299999713897705,0,0.009999889880418777
angle,1780513074080975645,2.0299999713897705,0,0.009999999776482582
angle,1780513074090976067,2.0299999713897705,0,0.009999986737966537
angle,1780513074100976126,2.0299999713897705,0,0.009999925270676613
angle,1780513074110976310,2.0299999713897705,0,0.009999998845160007
angle,1780513074120976474,2.0299999713897705,0,0.009999958798289299
angle,1780513074130976961,2.0299999713897705,0,0.009999965317547321
angle,1780513074140976808,2.0299999713897705,0,0.009999968111515045
angle,1780513074150978379,2.0299999713897705,0,0.009999952279031277
angle,1780513074160977286,2.0299999713897705,0,0.009999910369515419
angle,1780513074170977441,2.0299999713897705,0,0.009999988600611687
angle,1780513074180977724,2.0299999713897705,0,0.009999939240515232
angle,1780513074190977985,2.0299999713897705,0,0.009999988600611687
angle,1780513074200978193,2.0299999713897705,0,0.00999998115003109
angle,1780513074210978434,2.0299999713897705,0,0.009999996982514858
angle,1780513074220979149,2.0299999713897705,0,0.009999988600611687
angle,1780513074230979358,2.0299999713897705,0,0.00999997928738594
angle,1780513074240979280,2.0299999713897705,0,0.009999925270676613
angle,1780513074250979696,2.0299999713897705,0,0.009999966248869896
angle,1780513074260979863,2.0299999713897705,0,0.009999937377870083
angle,1780513074270980067,2.0299999713897705,0,0.01000000536441803
angle,1780513074280980476,2.0299999713897705,0,0.009999987669289112
angle,1780513074290980837,2.0299999713897705,0,0.00999997928738594
angle,1780513074300980853,2.0299999713897705,0,0.009999982081353664
angle,1780513074310981486,2.0299999713897705,0,0.00999998115003109
angle,1780513074320981208,2.0299999713897705,0,0.009999939240515232
angle,1780513074330981486,2.0299999713897705,0,0.009999953210353851
angle,1780513074340981688,2.0299999713897705,0,0.009999984875321388
angle,1780513074350982035,2.0299999713897705,0,0.00999994482845068
angle,1780513074360983360,2.0299999713897705,0,0.00999996718019247
angle,1780513074370982873,2.0299999713897705,0,0.00999992061406374
angle,1780513074380982839,2.0299999713897705,0,0.009999951347708702
angle,1780513074390983509,2.0299999713897705,0,0.009999941103160381
angle,1780513074400983882,2.0299999713897705,0,0.009999914094805717
angle,1780513074410983648,2.0299999713897705,0,0.009999969974160194
angle,1780513074420983968,2.0299999713897705,0,0.010000002570450306
angle,1780513074430984647,2.0299999713897705,0,0.009999945759773254
angle,1780513074440984472,2.0299999713897705,0,0.00999994296580553
angle,1780513074450984623,2.0299999713897705,0,0.009999939240515232
angle,1780513074460985193,2.0299999713897705,0,0.00999999139457941
angle,1780513074470985276,2.0299999713897705,0,0.009999977424740791
angle,1780513074480985349,2.0299999713897705,0,0.009999948553740978
angle,1780513074490986043,2.0299999713897705,0,0.009999995119869709
angle,1780513074500985829,2.0299999713897705,0,0.009999984875321388
angle,1780513074510986029,2.0299999713897705,0,0.009999947622418404
angle,1780513074520986668,2.0299999713897705,0,0.01000000536441803
angle,1780513074530986875,2.0299999713897705,0,0.009999892674386501
angle,1780513074540986820,2.0299999713897705,0,0.009999995119869709
angle,1780513074550987019,2.0299999713897705,0,0.009999961592257023
angle,1780513074560987563,2.0299999713897705,0,0.010000007227063179
angle,1780513074570987331,2.0299999713897705,0,0.009999947622418404
angle,1780513074580987856,2.0299999713897705,0,0.00999994296580553
angle,1780513074590988053,2.0299999713897705,0,0.009999983943998814
angle,1780513074600988186,2.0299999713897705,0,0.009999969974160194
angle,1780513074610990320,2.0299999713897705,0,0.00999996718019247
angle,1780513074620990227,2.0299999713897705,0,0.009999845176935196
angle,1780513074630989197,2.0299999713897705,0,0.009999888017773628
angle,1780513074640989631,2.0299999713897705,0,0.009999971836805344
angle,1780513074650989406,2.0299999713897705,0,0.009999942034482956
angle,1780513074660989958,2.0299999713897705,0,0.009999938309192657
angle,1780513074670989698,2.0299999713897705,0,0.009999998845160007
angle,1780513074680990420,2.0299999713897705,0,0.009999948553740978
angle,1780513074690990914,2.0299999713897705,0,0.010000033304095268
angle,1780513074700990673,2.0299999713897705,0,0.00999993272125721
angle,1780513074710990892,2.0299999713897705,0,0.009999969974160194
angle,1780513074720991042,2.0299999713897705,0,0.009999977424740791
angle,1780513074730991394,2.0299999713897705,0,0.009999977424740791
angle,1780513074740991614,2.0299999713897705,0,0.009999982081353664
angle,1780513074750992185,2.0299999713897705,0,0.009999988600611687
angle,1780513074760992392,2.0299999713897705,0,0.00999996904283762
angle,1780513074770992503,2.0299999713897705,0,0.009999899193644524
angle,1780513074780992552,2.0299999713897705,0,0.009999961592257023
angle,1780513074790992605,2.0299999713897705,0,0.009999943897128105
angle,1780513074800992990,2.0299999713897705,0,0.009999992325901985
angle,1780513074810993565,2.0299999713897705,0,0.01000000536441803
angle,1780513074820993612,2.0299999713897705,0,0.009999956004321575
angle,1780513074830993840,2.0299999713897705,0,0.009999937377870083
angle,1780513074840994460,2.0299999713897705,0,0.010000001639127731
angle,1780513074850994994,2.0299999713897705,0,0.00999995693564415
angle,1780513074860994536,2.0299999713897705,0,0.009999986737966537
angle,1780513074870995145,2.0299999713897705,0,0.009999934583902359
angle,1780513074880994826,2.0299999713897705,0,0.009999536909162998
angle,1780513074890995169,2.0299999713897705,0,0.009999952279031277
angle,1780513074900995415,2.0299999713897705,0,0.009999994188547134
angle,1780513074910995760,2.0299999713897705,0,0.009999988600611687
angle,1780513074920995815,2.0299999713897705,0,0.009999960660934448
angle,1780513074930996435,2.0299999713897705,0,0.009999942034482956
angle,1780513074940996115,2.0299999713897705,0,0.00999996904283762
angle,1780513074950996445,2.0299999713897705,0,0.010000010021030903
angle,1780513074960996792,2.0299999713897705,0,0.010000002570450306
angle,1780513074970997063,2.0299999713897705,0,0.009999933652579784
angle,1780513074980997143,2.0299999713897705,0,0.009999963454902172
angle,1780513074990997756,2.0299999713897705,0,0.010000002570450306
angle,1780513075000998632,2.0299999713897705,0,0.009999900124967098
angle,1780513075010998026,2.0299999713897705,0,0.009999909438192844
angle,1780513075020997941,2.0299999713897705,0,0.009999998845160007
angle,1780513075030998591,2.0299999713897705,0,0.009999974630773067
angle,1780513075040998756,2.0299999713897705,0,0.009999996051192284
angle,1780513075050999059,2.0299999713897705,0,0.009999971836805344
angle,1780513075060999403,2.0299999713897705,0,0.00999994296580553
angle,1780513075070999707,2.0299999713897705,0,0.009999936446547508
angle,1780513075081000482,2.0299999713897705,0,0.009999957866966724
angle,1780513075091000038,2.0299999713897705,0,0.009999982081353664
angle,1780513075101000405,2.0299999713897705,0,0.009999965317547321
angle,1780513075111000344,2.0299999713897705,0,0.009999995119869709
angle,1780513075121000720,2.0299999713897705,0,0.009999938309192657
angle,1780513075131001013,2.0299999713897705,0,0.009999968111515045
angle,1780513075141001287,2.0299999713897705,0,0.009999996982514858
angle,1780513075151002586,2.0299999713897705,0,0.009999977424740791
angle,1780513075161002102,2.0299999713897705,0,0.009999897330999374
angle,1780513075171002121,2.0299999713897705,0,0.009999988600611687
angle,1780513075181002658,2.0299999713897705,0,0.009999954141676426
angle,1780513075191002464,2.0299999713897705,0,0.009999966248869896
angle,1780513075201002837,2.0299999713897705,0,0.00999996718019247
angle,1780513075211003002,2.0299999713897705,0,0.009999960660934448
angle,1780513075221003151,2.0299999713897705,0,0.009999921545386314
angle,1780513075231003314,2.0299999713897705,0,0.010000002570450306
angle,1780513075241003697,2.0299999713897705,0,0.009999997913837433
angle,1780513075251003892,2.0299999713897705,0,0.009999959729611874
angle,1780513075261004004,2.0299999713897705,0,0.010000000707805157
angle,1780513075271004745,2.0299999713897705,0,0.00999994482845068
angle,1780513075281004711,2.0299999713897705,0,0.009999974630773067
angle,1780513075291004730,2.0299999713897705,0,0.009999980218708515
angle,1780513075301005180,2.0299999713897705,0,0.009999970905482769
angle,1780513075311005363,2.0299999713897705,0,0.009999970905482769
angle,1780513075321005558,2.0299999713897705,0,0.009999987669289112
angle,1780513075331005826,2.0299999713897705,0,0.009999952279031277
angle,1780513075341005960,2.0299999713897705,0,0.009999955072999
angle,1780513075351006286,2.0299999713897705,0,0.009999975562095642
angle,1780513075361006960,2.0299999713897705,0,0.009999988600611687
angle,1780513075371007049,2.0299999713897705,0,0.009999925270676613
angle,1780513075381007027,2.0299999713897705,0,0.009999939240515232
angle,1780513075391007208,2.0299999713897705,0,0.009999966248869896
angle,1780513075401007753,2.0299999713897705,0,0.009999933652579784
angle,1780513075411007657,2.0299999713897705,0,0.009999973699450493
angle,1780513075421007863,2.0299999713897705,0,0.010000002570450306
angle,1780513075431008041,2.0299999713897705,0,0.009999934583902359
angle,1780513075441008225,2.0299999713897705,0,0.00999996718019247
angle,1780513075451008423,2.0299999713897705,0,0.010000018402934074
angle,1780513075461008613,2.0299999713897705,0,0.009999964386224747
angle,1780513075471009072,2.0299999713897705,0,0.01000000536441803
angle,1780513075481009151,2.0299999713897705,0,0.009999891743063927
angle,1780513075491011737,2.0299999713897705,0,0.010000009089708328
angle,1780513075501010962,2.0299999713897705,0,0.009999850764870644
angle,1780513075511009998,2.0299999713897705,0,0.009999891743063927
angle,1780513075521009963,2.0299999713897705,0,0.009999951347708702
angle,1780513075531010640,2.0299999713897705,0,0.009999957866966724
angle,1780513075541010794,2.0299999713897705,0,0.009999971836805344
angle,1780513075551010615,2.0299999713897705,0,0.010000002570450306
angle,1780513075561010885,2.0299999713897705,0,0.00999999325722456
angle,1780513075571011368,2.0299999713897705,0,0.009999943897128105
angle,1780513075581011673,2.0299999713897705,0,0.009999951347708702
angle,1780513075591011822,2.0299999713897705,0,0.009999959729611874
angle,1780513075601012365,2.0299999713897705,0,0.009999999776482582
angle,1780513075611012225,2.0299999713897705,0,0.009999957866966724
angle,1780513075621012296,2.0299999713897705,0,0.009999961592257023
angle,1780513075631012484,2.0299999713897705,0,0.009999995119869709
angle,1780513075641012690,2.0299999713897705,0,0.009999954141676426
angle,1780513075651012864,2.0299999713897705,0,0.009999969974160194
angle,1780513075661013297,2.0299999713897705,0,0.009999969974160194
angle,1780513075671014125,2.0299999713897705,0,0.00999996718019247
angle,1780513075681013741,2.0299999713897705,0,0.009999936446547508
angle,1780513075691013801,2.0299999713897705,0,0.009999970905482769
angle,1780513075701014206,2.0299999713897705,0,0.009999994188547134
angle,1780513075711014262,2.0299999713897705,0,0.009999925270676613
angle,1780513075721014627,2.0299999713897705,0,0.009999963454902172
angle,1780513075731014817,2.0299999713897705,0,0.009999933652579784
angle,1780513075741015114,2.0299999713897705,0,0.009999985806643963
angle,1780513075751015265,2.0299999713897705,0,0.009999974630773067
angle,1780513075761015764,2.0299999713897705,0,0.009999994188547134
angle,1780513075771015597,2.0299999713897705,0,0.009999957866966724
angle,1780513075781015846,2.0299999713897705,0,0.009999986737966537
angle,1780513075791016057,2.0299999713897705,0,0.009999926201999187
angle,1780513075801016689,2.0299999713897705,0,0.009999955072999
angle,1780513075811016610,2.0299999713897705,0,0.009999550879001617
angle,1780513075821017375,2.0299999713897705,0,0.009999961592257023
angle,1780513075831017040,2.0299999713897705,0,0.009999948553740978
angle,1780513075841017082,2.0299999713897705,0,0.009999934583902359
angle,1780513075851017338,2.0299999713897705,0,0.009999973699450493
angle,1780513075861017703,2.0299999713897705,0,0.00999996904283762
angle,1780513075871018042,2.0299999713897705,0,0.009999978356063366
angle,1780513075881018193,2.0299999713897705,0,0.009999887086451054
angle,1780513075891018735,2.0299999713897705,0,0.010000002570450306
angle,1780513075901018701,2.0299999713897705,0,0.009999968111515045
angle,1780513075911018841,2.0299999713897705,0,0.009999986737966537
angle,1780513075921018956,2.0299999713897705,0,0.009999983943998814
angle,1780513075931019140,2.0299999713897705,0,0.00999999325722456
angle,1780513075941019541,2.0299999713897705,0,0.009999972768127918
angle,1780513075951019912,2.0299999713897705,0,0.009999951347708702
angle,1780513075961019972,2.0299999713897705,0,0.009999985806643963
angle,1780513075971022824,2.0299999713897705,0,0.010000008158385754
angle,1780513075981020460,2.0299999713897705,0,0.00999986007809639
angle,1780513075991020760,2.0299999713897705,0,0.009999960660934448
angle,1780513076001022182,2.0299999713897705,0,0.009999957866966724
angle,1780513076011021214,2.0299999713897705,0,0.009999929927289486
angle,1780513076021021758,2.0299999713897705,0,0.009999973699450493
angle,1780513076031021622,2.0299999713897705,0,0.010000000707805157
angle,1780513076041021886,2.0299999713897705,0,0.009999950416386127
angle,1780513076051022015,2.0299999713897705,0,0.009999996982514858
angle,1780513076061022322,2.0299999713897705,0,0.009999953210353851
angle,1780513076071022533,2.0299999713897705,0,0.009999939240515232
angle,1780513076081022632,2.0299999713897705,0,0.00999996904283762
angle,1780513076091022961,2.0299999713897705,0,0.009999969974160194
angle,1780513076101023398,2.0299999713897705,0,0.00999999325722456
angle,1780513076111023732,2.0299999713897705,0,0.009999952279031277
angle,1780513076121023843,2.0299999713897705,0,0.009999980218708515
angle,1780513076131023859,2.0299999713897705,0,0.009999958798289299
angle,1780513076141024018,2.0299999713897705,0,0.009999941103160381
angle,1780513076151025752,2.0299999713897705,0,0.010000007227063179
angle,1780513076161024904,2.0299999713897705,0,0.009999916888773441
angle,1780513076171024961,2.0299999713897705,0,0.00999999325722456
angle,1780513076181025349,2.0299999713897705,0,0.009999988600611687
angle,1780513076191025310,2.0299999713897705,0,0.009999965317547321
angle,1780513076201025605,2.0299999713897705,0,0.009999994188547134
angle,1780513076211026034,2.0299999713897705,0,0.009999939240515232
angle,1780513076221026210,2.0299999713897705,0,0.009999961592257023
angle,1780513076231026274,2.0299999713897705,0,0.009999988600611687
angle,1780513076241026419,2.0299999713897705,0,0.009999990463256836
angle,1780513076251026511,2.0299999713897705,0,0.009999961592257023
angle,1780513076261026862,2.0299999713897705,0,0.009999978356063366
angle,1780513076271027232,2.0299999713897705,0,0.009999963454902172
angle,1780513076281027402,2.0299999713897705,0,0.009999937377870083
angle,1780513076291027835,2.0299999713897705,0,0.009999977424740791
angle,1780513076301027758,2.0299999713897705,0,0.009999974630773067
angle,1780513076311027959,2.0299999713897705,0,0.009999948553740978
angle,1780513076321028649,2.0299999713897705,0,0.009999968111515045
angle,1780513076331028228,2.0299999713897705,0,0.009999950416386127
angle,1780513076341028972,2.0299999713897705,0,0.009999960660934448
angle,1780513076351029405,2.0299999713897705,0,0.009999978356063366
angle,1780513076361029455,2.0299999713897705,0,0.009999992325901985
angle,1780513076371029418,2.0299999713897705,0,0.009999899193644524
angle,1780513076381029512,2.0299999713897705,0,0.009999966248869896
angle,1780513076391030132,2.0299999713897705,0,0.009999952279031277
angle,1780513076401030172,2.0299999713897705,0,0.00999996718019247
angle,1780513076411030017,2.0299999713897705,0,0.009999954141676426
angle,1780513076421030357,2.0299999713897705,0,0.009999971836805344
angle,1780513076431030819,2.0299999713897705,0,0.009999931789934635
angle,1780513076441030819,2.0299999713897705,0,0.009999970905482769
angle,1780513076451031041,2.0299999713897705,0,0.00999999325722456
angle,1780513076461031263,2.0299999713897705,0,0.009999955072999
angle,1780513076471032617,2.0299999713897705,0,0.009999986737966537
angle,1780513076481031500,2.0299999713897705,0,0.010000001639127731
angle,1780513076491031974,2.0299999713897705,0,0.009999998845160007
angle,1780513076501032894,2.0299999713897705,0,0.009999947622418404
angle,1780513076511032416,2.0299999713897705,0,0.009999902918934822
angle,1780513076521032731,2.0299999713897705,0,0.009999959729611874
angle,1780513076531032994,2.0299999713897705,0,0.009999964386224747
angle,1780513076541032951,2.0299999713897705,0,0.009999982081353664
angle,1780513076551033744,2.0299999713897705,0,0.010000006295740604
angle,1780513076561033579,2.0299999713897705,0,0.009999968111515045
angle,1780513076571033689,2.0299999713897705,0,0.009999996051192284
angle,1780513076581034035,2.0299999713897705,0,0.009999982081353664
angle,1780513076591034508,2.0299999713897705,0,0.009999961592257023
angle,1780513076601034632,2.0299999713897705,0,0.009999953210353851
angle,1780513076611034733,2.0299999713897705,0,0.009999929927289486
angle,1780513076621034867,2.0299999713897705,0,0.010000006295740604
angle,1780513076631035288,2.0299999713897705,0,0.009999951347708702
angle,1780513076641036233,2.0299999713897705,0,0.009999950416386127
angle,1780513076651035902,2.0299999713897705,0,0.009999911300837994
angle,1780513076661036080,2.0299999713897705,0,0.009999951347708702
angle,1780513076671035924,2.0299999713897705,0,0.00999999325722456
angle,1780513076681047864,2.0299999713897705,0,0.009999943897128105
angle,1780513076691037470,2.0299999713897705,0,0.009999938309192657
angle,1780513076701037865,2.0299999713897705,0,0.009999961592257023
angle,1780513076711037928,2.0299999713897705,0,0.009999951347708702
angle,1780513076721038297,2.0299999713897705,0,0.009999943897128105
angle,1780513076731038647,2.0299999713897705,0,0.009999955072999
angle,1780513076741039482,2.0299999713897705,0,0.009999999776482582
angle,1780513076751038952,2.0299999713897705,0,0.009999905712902546
angle,1780513076761039513,2.0299999713897705,0,0.009999966248869896
angle,1780513076771039720,2.0299999713897705,0,0.009999969974160194
angle,1780513076781040304,2.0299999713897705,0,0.009999915026128292
angle,1780513076791039910,2.0299999713897705,0,0.00999986007809639
angle,1780513076801040221,2.0299999713897705,0,0.009999950416386127
angle,1780513076811040576,2.0299999713897705,0,0.009999986737966537
angle,1780513076821040680,2.0299999713897705,0,0.009999941103160381
angle,1780513076831040805,2.0299999713897705,0,0.009999995119869709
angle,1780513076841041047,2.0299999713897705,0,0.009999938309192657
angle,1780513076851041722,2.0299999713897705,0,0.010000004433095455
angle,1780513076861041633,2.0299999713897705,0,0.009999995119869709
angle,1780513076871041878,2.0299999713897705,0,0.009999982081353664
angle,1780513076881042283,2.0299999713897705,0,0.009999968111515045
angle,1780513076891042533,2.0299999713897705,0,0.009999875910580158
angle,1780513076901042958,2.0299999713897705,0,0.009999997913837433
angle,1780513076911042871,2.0299999713897705,0,0.009999975562095642
angle,1780513076921043087,2.0299999713897705,0,0.009999943897128105
angle,1780513076931043893,2.0299999713897705,0,0.009999970905482769
angle,1780513076941043929,2.0299999713897705,0,0.009999958798289299
angle,1780513076951043858,2.0299999713897705,0,0.009999952279031277
angle,1780513076961047080,2.0299999713897705,0,0.00999998115003109
angle,1780513076971046728,2.0299999713897705,0,0.00999984797090292
angle,1780513076981044724,2.0299999713897705,0,0.00999991875141859
angle,1780513076991045020,2.0299999713897705,0,0.009999955072999
angle,1780513077001045952,2.0299999713897705,0,0.009999996051192284
angle,1780513077011045345,2.0299999713897705,0,0.009999921545386314
angle,1780513077021045550,2.0299999713897705,0,0.00999994296580553
angle,1780513077031045701,2.0299999713897705,0,0.009999961592257023
angle,1780513077041046117,2.0299999713897705,0,0.009999957866966724
angle,1780513077051046382,2.0299999713897705,0,0.009999910369515419
angle,1780513077061046541,2.0299999713897705,0,0.009999977424740791
angle,1780513077071046653,2.0299999713897705,0,0.009999945759773254
angle,1780513077081047076,2.0299999713897705,0,0.010000000707805157
angle,1780513077091047230,2.0299999713897705,0,0.009999874979257584
angle,1780513077101047552,2.0299999713897705,0,0.00999996904283762
angle,1780513077111047666,2.0299999713897705,0,0.009999990463256836
angle,1780513077121048062,2.0299999713897705,0,0.009999956004321575
angle,1780513077131048360,2.0299999713897705,0,0.009999942034482956
angle,1780513077141048752,2.0299999713897705,0,0.009999994188547134
angle,1780513077151049938,2.0299999713897705,0,0.009999964386224747
angle,1780513077161049036,2.0299999713897705,0,0.009999861009418964
angle,1780513077171048988,2.0299999713897705,0,0.009999942034482956
angle,1780513077181049217,2.0299999713897705,0,0.009999964386224747
angle,1780513077191049363,2.0299999713897705,0,0.009999939240515232
angle,1780513077201049886,2.0299999713897705,0,0.009999999776482582
angle,1780513077211049990,2.0299999713897705,0,0.009999974630773067
angle,1780513077221050222,2.0299999713897705,0,0.010000008158385754
angle,1780513077231050325,2.0299999713897705,0,0.009999975562095642
angle,1780513077241050571,2.0299999713897705,0,0.009999980218708515
angle,1780513077251051124,2.0299999713897705,0,0.009999985806643963
angle,1780513077261051234,2.0299999713897705,0,0.009999954141676426
angle,1780513077271051339,2.0299999713897705,0,0.009999992325901985
angle,1780513077281051623,2.0299999713897705,0,0.009999941103160381
angle,1780513077291052078,2.0299999713897705,0,0.009999960660934448
angle,1780513077301052202,2.0299999713897705,0,0.009999958798289299
angle,1780513077311052279,2.0299999713897705,0,0.009999966248869896
angle,1780513077321052470,2.0299999713897705,0,0.010000000707805157
angle,1780513077331052908,2.0299999713897705,0,0.009999963454902172
angle,1780513077341053000,2.0299999713897705,0,0.009999983012676239
angle,1780513077351053166,2.0299999713897705,0,0.009999939240515232
angle,1780513077361053485,2.0299999713897705,0,0.009999952279031277
angle,1780513077371053572,2.0299999713897705,0,0.00999997928738594
angle,1780513077381054520,2.0299999713897705,0,0.009999997913837433
angle,1780513077391054001,2.0299999713897705,0,0.009999931789934635
angle,1780513077401054342,2.0299999713897705,0,0.009999943897128105
angle,1780513077411054602,2.0299999713897705,0,0.009999959729611874
angle,1780513077421054944,2.0299999713897705,0,0.00999997928738594
angle,1780513077431054979,2.0299999713897705,0,0.009999945759773254
angle,1780513077441055239,2.0299999713897705,0,0.009999958798289299
angle,1780513077451055452,2.0299999713897705,0,0.009999997913837433
angle,1780513077461055518,2.0299999713897705,0,0.009999986737966537
angle,1780513077471055816,2.0299999713897705,0,0.009999996051192284
angle,1780513077481056220,2.0299999713897705,0,0.010000006295740604
angle,1780513077491056439,2.0299999713897705,0,0.009999931789934635
angle,1780513077501056589,2.0299999713897705,0,0.009999946691095829
angle,1780513077511057211,2.0299999713897705,0,0.009999994188547134
angle,1780513077521057039,2.0299999713897705,0,0.00999995693564415
angle,1780513077531057428,2.0299999713897705,0,0.009999942034482956
angle,1780513077541057529,2.0299999713897705,0,0.009999973699450493
angle,1780513077551057604,2.0299999713897705,0,0.009999988600611687
angle,1780513077561057998,2.0299999713897705,0,0.010000002570450306
angle,1780513077571058200,2.0299999713897705,0,0.009999950416386127
angle,1780513077581058706,2.0299999713897705,0,0.00999996904283762
angle,1780513077591058837,2.0299999713897705,0,0.009999972768127918
angle,1780513077601059263,2.0299999713897705,0,0.009999954141676426
angle,1780513077611059236,2.0299999713897705,0,0.009999982081353664
angle,1780513077621059399,2.0299999713897705,0,0.009999953210353851
angle,1780513077631059535,2.0299999713897705,0,0.009999945759773254
angle,1780513077641059874,2.0299999713897705,0,0.009999947622418404
angle,1780513077651060102,2.0299999713897705,0,0.00999999325722456
angle,1780513077661060793,2.0299999713897705,0,0.009999997913837433
angle,1780513077671060462,2.0299999713897705,0,0.009999980218708515
angle,1780513077681061204,2.0299999713897705,0,0.009999996051192284
angle,1780513077691061506,2.0299999713897705,0,0.009999889880418777
angle,1780513077701061534,2.0299999713897705,0,0.009999954141676426
angle,1780513077711061625,2.0299999713897705,0,0.009999950416386127
angle,1780513077721061768,2.0299999713897705,0,0.009999945759773254
angle,1780513077731062165,2.0299999713897705,0,0.009999996051192284
angle,1780513077741062452,2.0299999713897705,0,0.009999950416386127
angle,1780513077751062725,2.0299999713897705,0,0.009999988600611687
angle,1780513077761062936,2.0299999713897705,0,0.00999998115003109
angle,1780513077771063323,2.0299999713897705,0,0.009999983943998814
angle,1780513077781063929,2.0299999713897705,0,0.00999997928738594
angle,1780513077791063744,2.0299999713897705,0,0.009999995119869709
angle,1780513077801063942,2.0299999713897705,0,0.009999959729611874
angle,1780513077811064836,2.0299999713897705,0,0.009999995119869709
angle,1780513077821064476,2.0299999713897705,0,0.009999925270676613
angle,1780513077831064471,2.0299999713897705,0,0.00999999325722456
angle,1780513077841064808,2.0299999713897705,0,0.009999963454902172
angle,1780513077851065111,2.0299999713897705,0,0.009999988600611687
angle,1780513077861065386,2.0299999713897705,0,0.009999984875321388
angle,1780513077871065646,2.0299999713897705,0,0.009999939240515232
angle,1780513077881066146,2.0299999713897705,0,0.009999963454902172
angle,1780513077891065986,2.0299999713897705,0,0.009999901056289673
angle,1780513077901066097,2.0299999713897705,0,0.009999939240515232
angle,1780513077911066767,2.0299999713897705,0,0.009999953210353851
angle,1780513077921066691,2.0299999713897705,0,0.009999992325901985
angle,1780513077931066933,2.0299999713897705,0,0.009999995119869709
angle,1780513077941067185,2.0299999713897705,0,0.009999956004321575
angle,1780513077951067255,2.0299999713897705,0,0.009999941103160381
angle,1780513077961067565,2.0299999713897705,0,0.009999980218708515
angle,1780513077971069677,2.0299999713897705,0,0.009999952279031277
angle,1780513077981068305,2.0299999713897705,0,0.009999885223805904
angle,1780513077991068445,2.0299999713897705,0,0.009999971836805344
angle,1780513078001069688,2.0299999713897705,0,0.009999988600611687
angle,1780513078011070338,2.0299999713897705,0,0.009999890811741352
angle,1780513078021069508,2.0299999713897705,0,0.009999878704547882
angle,1780513078031069488,2.0299999713897705,0,0.00999994296580553
angle,1780513078041069766,2.0299999713897705,0,0.009999992325901985
angle,1780513078051069901,2.0299999713897705,0,0.009999965317547321
angle,1780513078061070050,2.0299999713897705,0,0.009999948553740978
angle,1780513078071070744,2.0299999713897705,0,0.010000004433095455
angle,1780513078081070570,2.0299999713897705,0,0.010000004433095455
angle,1780513078091073911,2.0299999713897705,0,0.01000005193054676
angle,1780513078101073577,2.0299999713897705,0,0.009999892674386501
angle,1780513078111073521,2.0299999713897705,0,0.00999994482845068
angle,1780513078121071973,2.0299999713897705,0,0.009999955072999
angle,1780513078131071999,2.0299999713897705,0,0.009999883361160755
angle,1780513078141072251,2.0299999713897705,0,0.009999999776482582
angle,1780513078151074195,2.0299999713897705,0,0.00999996904283762
angle,1780513078161072929,2.0299999713897705,0,0.009999834932386875
angle,1780513078171072905,2.0299999713897705,0,0.009999970905482769
angle,1780513078181073319,2.0299999713897705,0,0.009999995119869709
angle,1780513078191073736,2.0299999713897705,0,0.009999986737966537
angle,1780513078201073787,2.0299999713897705,0,0.009999952279031277
angle,1780513078211074110,2.0299999713897705,0,0.009999950416386127
angle,1780513078221074903,2.0299999713897705,0,0.00999994482845068
angle,1780513078231074433,2.0299999713897705,0,0.009999980218708515
angle,1780513078241074675,2.0299999713897705,0,0.009999933652579784
angle,1780513078251074807,2.0299999713897705,0,0.00999994296580553
angle,1780513078261075375,2.0299999713897705,0,0.009999997913837433
angle,1780513078271075610,2.0299999713897705,0,0.009999969974160194
angle,1780513078281075874,2.0299999713897705,0,0.009999968111515045
angle,1780513078291076027,2.0299999713897705,0,0.009999939240515232
angle,1780513078301076396,2.0299999713897705,0,0.009999996982514858
angle,1780513078311076848,2.0299999713897705,0,0.010000002570450306
angle,1780513078321076822,2.0299999713897705,0,0.009999996051192284
angle,1780513078331077062,2.0299999713897705,0,0.009999958798289299
angle,1780513078341077285,2.0299999713897705,0,0.009999943897128105
angle,1780513078351077680,2.0299999713897705,0,0.01000000536441803
angle,1780513078361077931,2.0299999713897705,0,0.009999996982514858
angle,1780513078371078097,2.0299999713897705,0,0.010000001639127731
angle,1780513078381078459,2.0299999713897705,0,0.00999996904283762
angle,1780513078391078771,2.0299999713897705,0,0.009999940171837807
angle,1780513078401079078,2.0299999713897705,0,0.009999899193644524
angle,1780513078411080390,2.0299999713897705,0,0.009999996051192284
angle,1780513078421079358,2.0299999713897705,0,0.009999929927289486
angle,1780513078431079546,2.0299999713897705,0,0.009999943897128105
angle,1780513078441079807,2.0299999713897705,0,0.009999982081353664
angle,1780513078451080212,2.0299999713897705,0,0.009999992325901985
angle,1780513078461080581,2.0299999713897705,0,0.010000004433095455
angle,1780513078471080481,2.0299999713897705,0,0.009999997913837433
angle,1780513078481080867,2.0299999713897705,0,0.009999998845160007
angle,1780513078491081207,2.0299999713897705,0,0.009999983012676239
angle,1780513078501081576,2.0299999713897705,0,0.009999921545386314
angle,1780513078511081354,2.0299999713897705,0,0.009999978356063366
angle,1780513078521081583,2.0299999713897705,0,0.009999996051192284
angle,1780513078531081966,2.0299999713897705,0,0.009999943897128105
angle,1780513078541081996,2.0299999713897705,0,0.010000000707805157
angle,1780513078551082104,2.0299999713897705,0,0.00999994296580553
angle,1780513078561082726,2.0299999713897705,0,0.009999978356063366
angle,1780513078571085002,2.0299999713897705,0,0.009999985806643963
angle,1780513078581084056,2.0299999713897705,0,0.00999993085861206
angle,1780513078591083333,2.0299999713897705,0,0.009999889880418777
angle,1780513078601083472,2.0299999713897705,0,0.009999948553740978
angle,1780513078611084065,2.0299999713897705,0,0.00999999139457941
angle,1780513078621083878,2.0299999713897705,0,0.009999919682741165
angle,1780513078631084019,2.0299999713897705,0,0.009999984875321388
angle,1780513078641084200,2.0299999713897705,0,0.009999936446547508
angle,1780513078651084733,2.0299999713897705,0,0.00999995693564415
angle,1780513078661084606,2.0299999713897705,0,0.009999985806643963
angle,1780513078671084958,2.0299999713897705,0,0.009999978356063366
angle,1780513078681085228,2.0299999713897705,0,0.009999942034482956
angle,1780513078691085589,2.0299999713897705,0,0.009999971836805344
angle,1780513078701085663,2.0299999713897705,0,0.009999945759773254
angle,1780513078711085883,2.0299999713897705,0,0.009999990463256836
angle,1780513078721086017,2.0299999713897705,0,0.009999941103160381
angle,1780513078731086094,2.0299999713897705,0,0.009999937377870083
angle,1780513078741086806,2.0299999713897705,0,0.00999996904283762
angle,1780513078752591294,2.0299999713897705,0,0.011503925547003746
angle,1780513078762592204,2.0299999713897705,0,0.009999952279031277
angle,1780513078772592129,2.0299999713897705,0,0.009999946691095829
angle,1780513078782592379,2.0299999713897705,0,0.009999955072999
angle,1780513078792592572,2.0299999713897705,0,0.00999999325722456
angle,1780513078802592862,2.0299999713897705,0,0.009999943897128105
angle,1780513078812593095,2.0299999713897705,0,0.009999956004321575
angle,1780513078822593220,2.0299999713897705,0,0.00999988242983818
angle,1780513078832593503,2.0299999713897705,0,0.009999978356063366
angle,1780513078842594031,2.0299999713897705,0,0.009999977424740791
angle,1780513078852594105,2.0299999713897705,0,0.00999999139457941
angle,1780513078862594153,2.0299999713897705,0,0.009999934583902359
angle,1780513078872594299,2.0299999713897705,0,0.009999963454902172
angle,1780513078882594554,2.0299999713897705,0,0.009999990463256836
angle,1780513078892595069,2.0299999713897705,0,0.009999938309192657
angle,1780513078902595312,2.0299999713897705,0,0.00999989453703165
angle,1780513078912595364,2.0299999713897705,0,0.009999936446547508
angle,1780513078922595426,2.0299999713897705,0,0.00999996904283762
angle,1780513078932595835,2.0299999713897705,0,0.009999961592257023
angle,1780513078942595867,2.0299999713897705,0,0.009999997913837433
angle,1780513078952596210,2.0299999713897705,0,0.009999954141676426
angle,1780513078962596444,2.0299999713897705,0,0.009999941103160381
angle,1780513078972597482,2.0299999713897705,0,0.009999999776482582
angle,1780513078982597006,2.0299999713897705,0,0.009999862872064114
angle,1780513078992597870,2.0299999713897705,0,0.00999999139457941
angle,1780513079002598565,2.0299999713897705,0,0.009999907575547695
angle,1780513079012597870,2.0299999713897705,0,0.009999883361160755
angle,1780513079022598273,2.0299999713897705,0,0.009999892674386501
angle,1780513079032598260,2.0299999713897705,0,0.009999983012676239
angle,1780513079042598685,2.0299999713897705,0,0.009999992325901985
angle,1780513079052598978,2.0299999713897705,0,0.010000006295740604
angle,1780513079062599158,2.0299999713897705,0,0.009999959729611874
angle,1780513079072599453,2.0299999713897705,0,0.009999938309192657
angle,1780513079082599576,2.0299999713897705,0,0.009999960660934448
angle,1780513079092600379,2.0299999713897705,0,0.010000004433095455
angle,1780513079102600045,2.0299999713897705,0,0.009999968111515045
angle,1780513079112600699,2.0299999713897705,0,0.009999978356063366
angle,1780513079122600514,2.0299999713897705,0,0.010000001639127731
angle,1780513079132600638,2.0299999713897705,0,0.009999978356063366
angle,1780513079142600850,2.0299999713897705,0,0.00999996718019247
angle,1780513079152603394,2.0299999713897705,0,0.009999960660934448
angle,1780513079162601254,2.0299999713897705,0,0.009999866597354412
angle,1780513079172601578,2.0299999713897705,0,0.009999974630773067
angle,1780513079182601884,2.0299999713897705,0,0.009999999776482582
angle,1780513079192602168,2.0299999713897705,0,0.00999994482845068
angle,1780513079202602376,2.0299999713897705,0,0.009999954141676426
angle,1780513079212602808,2.0299999713897705,0,0.009999948553740978
angle,1780513079222602996,2.0299999713897705,0,0.009999940171837807
angle,1780513079232603946,2.0299999713897705,0,0.010000079870223999
angle,1780513079242603434,2.0299999713897705,0,0.009999861940741539
angle,1780513079252603564,2.0299999713897705,0,0.009999902918934822
angle,1780513079262604048,2.0299999713897705,0,0.009999936446547508
angle,1780513079272604057,2.0299999713897705,0,0.009999969974160194
angle,1780513079282604261,2.0299999713897705,0,0.009999961592257023
angle,1780513079292604510,2.0299999713897705,0,0.009999985806643963
angle,1780513079302604653,2.0299999713897705,0,0.00999994482845068
angle,1780513079312604761,2.0299999713897705,0,0.009999942034482956
angle,1780513079322604942,2.0299999713897705,0,0.009999965317547321
angle,1780513079332605437,2.0299999713897705,0,0.009999971836805344
angle,1780513079342605469,2.0299999713897705,0,0.009999990463256836
angle,1780513079352605686,2.0299999713897705,0,0.009999978356063366
angle,1780513079362605959,2.0299999713897705,0,0.009999953210353851
angle,1780513079372606288,2.0299999713897705,0,0.009999951347708702
angle,1780513079382606504,2.0299999713897705,0,0.009999945759773254
angle,1780513079392606961,2.0299999713897705,0,0.01000001560896635
angle,1780513079402607104,2.0299999713897705,0,0.009999844245612621
angle,1780513079412607494,2.0299999713897705,0,0.009999992325901985
angle,1780513079422607471,2.0299999713897705,0,0.00999996718019247
angle,1780513079432607730,2.0299999713897705,0,0.009999965317547321
angle,1780513079442608276,2.0299999713897705,0,0.009999943897128105
angle,1780513079452608136,2.0299999713897705,0,0.009999862872064114
angle,1780513079462608611,2.0299999713897705,0,0.010000010021030903
angle,1780513079472609352,2.0299999713897705,0,0.009999982081353664
angle,1780513079482609148,2.0299999713897705,0,0.009999947622418404
angle,1780513079492609283,2.0299999713897705,0,0.009999938309192657
angle,1780513079502609699,2.0299999713897705,0,0.009999983012676239
angle,1780513079512610076,2.0299999713897705,0,0.00999994482845068
angle,1780513079522610206,2.0299999713897705,0,0.009999941103160381
angle,1780513079532610420,2.0299999713897705,0,0.009999988600611687
angle,1780513079542610710,2.0299999713897705,0,0.009999966248869896
angle,1780513079552610963,2.0299999713897705,0,0.009999957866966724
angle,1780513079562611246,2.0299999713897705,0,0.009999938309192657
angle,1780513079572611644,2.0299999713897705,0,0.009999948553740978
angle,1780513079582611660,2.0299999713897705,0,0.009999995119869709
angle,1780513079592612595,2.0299999713897705,0,0.009999986737966537
angle,1780513079602612550,2.0299999713897705,0,0.009999866597354412
angle,1780513079612612372,2.0299999713897705,0,0.009999947622418404
angle,1780513079622612832,2.0299999713897705,0,0.009999958798289299
angle,1780513079632612995,2.0299999713897705,0,0.009999971836805344
angle,1780513079642613128,2.0299999713897705,0,0.00999993272125721
angle,1780513079652613311,2.0299999713897705,0,0.00999996718019247
angle,1780513079662613473,2.0299999713897705,0,0.010000001639127731
angle,1780513079672613748,2.0299999713897705,0,0.009999996051192284
angle,1780513079682614016,2.0299999713897705,0,0.009999998845160007
angle,1780513079692614817,2.0299999713897705,0,0.009999964386224747
angle,1780513079702614612,2.0299999713897705,0,0.009999973699450493
angle,1780513079712614976,2.0299999713897705,0,0.009999916888773441
angle,1780513079722614996,2.0299999713897705,0,0.009999948553740978
angle,1780513079732615526,2.0299999713897705,0,0.009999947622418404
angle,1780513079742615605,2.0299999713897705,0,0.009999992325901985
angle,1780513079752616102,2.0299999713897705,0,0.00999999139457941
angle,1780513079762615879,2.0299999713897705,0,0.009999996982514858
angle,1780513079772616266,2.0299999713897705,0,0.009999983943998814
angle,1780513079782617438,2.0299999713897705,0,0.009999943897128105
angle,1780513079792616657,2.0299999713897705,0,0.009999995119869709
angle,1780513079802616953,2.0299999713897705,0,0.009999996051192284
angle,1780513079812617199,2.0299999713897705,0,0.009999961592257023
angle,1780513079822617671,2.0299999713897705,0,0.00999999139457941
angle,1780513079832617976,2.0299999713897705,0,0.009999971836805344
angle,1780513079842617822,2.0299999713897705,0,0.009999953210353851
angle,1780513079854275321,2.0299999713897705,0,0.011655720882117748
angle,1780513079864274937,2.0299999713897705,0,0.009999841451644897
angle,1780513079874275652,2.0299999713897705,0,0.00999998115003109
angle,1780513079884275469,2.0299999713897705,0,0.009999983943998814
angle,1780513079894275906,2.0299999713897705,0,0.009999990463256836
angle,1780513079904275749,2.0299999713897705,0,0.009999913163483143
angle,1780513079914276206,2.0299999713897705,0,0.009999972768127918
angle,1780513079924276819,2.0299999713897705,0,0.009999999776482582
angle,1780513079934276429,2.0299999713897705,0,0.009999972768127918
angle,1780513079944276767,2.0299999713897705,0,0.009999982081353664
angle,1780513079954277306,2.0299999713897705,0,0.00999999139457941
angle,1780513079964277541,2.0299999713897705,0,0.00999994482845068
angle,1780513079974279742,2.0299999713897705,0,0.009999992325901985
angle,1780513079984277772,2.0299999713897705,0,0.009999924339354038
angle,1780513079994278028,2.0299999713897705,0,0.00999994296580553
angle,1780513080004280467,2.0299999713897705,0,0.009999974630773067
angle,1780513080014278769,2.0299999713897705,0,0.009999909438192844
angle,1780513080024279606,2.0299999713897705,0,0.009999997913837433
angle,1780513080034279291,2.0299999713897705,0,0.009999966248869896
angle,1780513080044279349,2.0299999713897705,0,0.010000011883676052
angle,1780513080054279980,2.0299999713897705,0,0.009999973699450493
angle,1780513080064280581,2.0299999713897705,0,0.009999969974160194
angle,1780513080074280304,2.0299999713897705,0,0.009999997913837433
angle,1780513080084280986,2.0299999713897705,0,0.00999997928738594
angle,1780513080094280855,2.0299999713897705,0,0.009999874047935009
angle,1780513080104280869,2.0299999713897705,0,0.009999998845160007
angle,1780513080114282109,2.0299999713897705,0,0.009999982081353664
angle,1780513080124281773,2.0299999713897705,0,0.00999988429248333
angle,1780513080134281853,2.0299999713897705,0,0.009999988600611687
angle,1780513080144281854,2.0299999713897705,0,0.010000007227063179
angle,1780513080154284516,2.0299999713897705,0,0.010000022128224373
angle,1780513080164282529,2.0299999713897705,0,0.009999868459999561
angle,1780513080174282571,2.0299999713897705,0,0.009999968111515045
angle,1780513080184282901,2.0299999713897705,0,0.009999972768127918
angle,1780513080194283074,2.0299999713897705,0,0.009999985806643963
angle,1780513080204283711,2.0299999713897705,0,0.010000004433095455
angle,1780513080214283695,2.0299999713897705,0,0.010000000707805157
angle,1780513080224284145,2.0299999713897705,0,0.00999999139457941
angle,1780513080234284220,2.0299999713897705,0,0.009999947622418404
angle,1780513080244284405,2.0299999713897705,0,0.009999960660934448
angle,1780513080254284581,2.0299999713897705,0,0.009999957866966724
angle,1780513080264284808,2.0299999713897705,0,0.009999978356063366
angle,1780513080274285207,2.0299999713897705,0,0.009999986737966537
angle,1780513080284285564,2.0299999713897705,0,0.009999957866966724
angle,1780513080294285895,2.0299999713897705,0,0.009999992325901985
angle,1780513080304285969,2.0299999713897705,0,0.009999992325901985
angle,1780513080314285924,2.0299999713897705,0,0.00999997928738594
angle,1780513080324286262,2.0299999713897705,0,0.009999943897128105
angle,1780513080334286680,2.0299999713897705,0,0.009999973699450493
angle,1780513080344286893,2.0299999713897705,0,0.01000000536441803
angle,1780513080354286818,2.0299999713897705,0,0.00999998115003109
angle,1780513080364287534,2.0299999713897705,0,0.009999931789934635
angle,1780513080374287305,2.0299999713897705,0,0.009999952279031277
angle,1780513080384287605,2.0299999713897705,0,0.009999940171837807
angle,1780513080394287546,2.0299999713897705,0,0.009999973699450493
angle,1780513080404288126,2.0299999713897705,0,0.009999987669289112
angle,1780513080414288140,2.0299999713897705,0,0.009999952279031277
angle,1780513080424288434,2.0299999713897705,0,0.010000000707805157
angle,1780513080434289252,2.0299999713897705,0,0.009999958798289299
angle,1780513080444288835,2.0299999713897705,0,0.009999996051192284
angle,1780513080454289257,2.0299999713897705,0,0.009999955072999
angle,1780513080464289398,2.0299999713897705,0,0.010000000707805157
angle,1780513080474289548,2.0299999713897705,0,0.009999996051192284
angle,1780513080484289891,2.0299999713897705,0,0.009999975562095642
angle,1780513080494289936,2.0299999713897705,0,0.009999996982514858
angle,1780513080504290377,2.0299999713897705,0,0.009999997913837433
angle,1780513080514290467,2.0299999713897705,0,0.009999937377870083
angle,1780513080524291099,2.0299999713897705,0,0.009999966248869896
angle,1780513080534291760,2.0299999713897705,0,0.010000004433095455
angle,1780513080544291200,2.0299999713897705,0,0.009999875910580158
angle,1780513080554291397,2.0299999713897705,0,0.009999965317547321
angle,1780513080564291796,2.0299999713897705,0,0.009999987669289112
angle,1780513080574291770,2.0299999713897705,0,0.009999937377870083
angle,1780513080584292081,2.0299999713897705,0,0.00999994482845068
angle,1780513080594292327,2.0299999713897705,0,0.009999982081353664
angle,1780513080604292709,2.0299999713897705,0,0.009999978356063366
angle,1780513080614293152,2.0299999713897705,0,0.009999903850257397
angle,1780513080624293126,2.0299999713897705,0,0.009999948553740978
angle,1780513080634293242,2.0299999713897705,0,0.009999977424740791
angle,1780513080644293516,2.0299999713897705,0,0.009999959729611874
angle,1780513080654294085,2.0299999713897705,0,0.010000001639127731
angle,1780513080664293971,2.0299999713897705,0,0.009999954141676426
angle,1780513080674294136,2.0299999713897705,0,0.00999996904283762
angle,1780513080684294409,2.0299999713897705,0,0.009999954141676426
angle,1780513080694294715,2.0299999713897705,0,0.00999996718019247
angle,1780513080704294868,2.0299999713897705,0,0.009999937377870083
angle,1780513080714295041,2.0299999713897705,0,0.010000000707805157
angle,1780513080724295529,2.0299999713897705,0,0.009999972768127918
angle,1780513080734295597,2.0299999713897705,0,0.00999989453703165
angle,1780513080744296559,2.0299999713897705,0,0.009999968111515045
angle,1780513080754296040,2.0299999713897705,0,0.009999907575547695
angle,1780513080764296246,2.0299999713897705,0,0.009999945759773254
angle,1780513080774296531,2.0299999713897705,0,0.009999970905482769
angle,1780513080784296753,2.0299999713897705,0,0.00999996718019247
angle,1780513080794296999,2.0299999713897705,0,0.009999966248869896
angle,1780513080804297541,2.0299999713897705,0,0.009999963454902172
angle,1780513080814297715,2.0299999713897705,0,0.010000038892030716
angle,1780513080824298230,2.0299999713897705,0,0.009999977424740791
angle,1780513080834298389,2.0299999713897705,0,0.009999990463256836
angle,1780513080844298335,2.0299999713897705,0,0.009999948553740978
angle,1780513080854298575,2.0299999713897705,0,0.009999927133321762
angle,1780513080864298812,2.0299999713897705,0,0.009999974630773067
angle,1780513080874299132,2.0299999713897705,0,0.009999934583902359
angle,1780513080884299542,2.0299999713897705,0,0.009999970905482769
angle,1780513080894299718,2.0299999713897705,0,0.00999990664422512
angle,1780513080904300056,2.0299999713897705,0,0.010000000707805157
angle,1780513080914300212,2.0299999713897705,0,0.009999986737966537
angle,1780513080924300897,2.0299999713897705,0,0.009999953210353851
angle,1780513080934300619,2.0299999713897705,0,0.009999956004321575
angle,1780513080944301092,2.0299999713897705,0,0.010000004433095455
angle,1780513080954301238,2.0299999713897705,0,0.009999960660934448
angle,1780513080964301414,2.0299999713897705,0,0.010000007227063179
angle,1780513080974301994,2.0299999713897705,0,0.010000004433095455
angle,1780513080984301872,2.0299999713897705,0,0.009999907575547695
angle,1780513080994302365,2.0299999713897705,0,0.00999996904283762
angle,1780513081004304153,2.0299999713897705,0,0.009999941103160381
angle,1780513081014302992,2.0299999713897705,0,0.009999904781579971
angle,1780513081024302880,2.0299999713897705,0,0.009999990463256836
angle,1780513081034303148,2.0299999713897705,0,0.00999995693564415
angle,1780513081044303197,2.0299999713897705,0,0.00999994482845068
angle,1780513081054303800,2.0299999713897705,0,0.009999950416386127
angle,1780513081064303675,2.0299999713897705,0,0.00999994296580553
angle,1780513081074303978,2.0299999713897705,0,0.009999995119869709
angle,1780513081084304234,2.0299999713897705,0,0.009999994188547134
angle,1780513081094304513,2.0299999713897705,0,0.009999961592257023
angle,1780513081104305202,2.0299999713897705,0,0.00999996904283762
angle,1780513081114305032,2.0299999713897705,0,0.009999994188547134
angle,1780513081124305191,2.0299999713897705,0,0.00999994296580553
angle,1780513081134305441,2.0299999713897705,0,0.009999934583902359
angle,1780513081144305901,2.0299999713897705,0,0.009999945759773254
angle,1780513081154305726,2.0299999713897705,0,0.009999964386224747
angle,1780513081164306500,2.0299999713897705,0,0.009999972768127918
angle,1780513081174306073,2.0299999713897705,0,0.009999945759773254
angle,1780513081184306568,2.0299999713897705,0,0.00999998115003109
angle,1780513081194306665,2.0299999713897705,0,0.010000002570450306
angle,1780513081204307526,2.0299999713897705,0,0.00999996718019247
angle,1780513081214307528,2.0299999713897705,0,0.009999892674386501
angle,1780513081224307782,2.0299999713897705,0,0.00999999139457941
angle,1780513081234307896,2.0299999713897705,0,0.009999887086451054
angle,1780513081244307926,2.0299999713897705,0,0.009999955072999
angle,1780513081254308229,2.0299999713897705,0,0.009999977424740791
angle,1780513081264308374,2.0299999713897705,0,0.009999941103160381
angle,1780513081274308656,2.0299999713897705,0,0.009999972768127918
angle,1780513081284308921,2.0299999713897705,0,0.009999931789934635
angle,1780513081294308965,2.0299999713897705,0,0.009999992325901985
angle,1780513081304309931,2.0299999713897705,0,0.010000006295740604
angle,1780513081314309476,2.0299999713897705,0,0.00999999325722456
angle,1780513081324309792,2.0299999713897705,0,0.009999963454902172
angle,1780513081334310079,2.0299999713897705,0,0.009999939240515232
angle,1780513081344310628,2.0299999713897705,0,0.009999938309192657
angle,1780513081354310566,2.0299999713897705,0,0.009999934583902359
angle,1780513081364310836,2.0299999713897705,0,0.009999975562095642
angle,1780513081374311312,2.0299999713897705,0,0.009999955072999
angle,1780513081384311374,2.0299999713897705,0,0.00999999139457941
angle,1780513081394311507,2.0299999713897705,0,0.009999990463256836
angle,1780513081404312068,2.0299999713897705,0,0.010000010952353477
angle,1780513081414312016,2.0299999713897705,0,0.009999959729611874
angle,1780513081424312174,2.0299999713897705,0,0.009999988600611687
angle,1780513081434312760,2.0299999713897705,0,0.009999994188547134
angle,1780513081444312625,2.0299999713897705,0,0.009999987669289112
angle,1780513081454313660,2.0299999713897705,0,0.010000010021030903
angle,1780513081464313775,2.0299999713897705,0,0.00999999325722456
angle,1780513081474313552,2.0299999713897705,0,0.009999947622418404
angle,1780513081484313867,2.0299999713897705,0,0.009999938309192657
angle,1780513081494314726,2.0299999713897705,0,0.009999999776482582
angle,1780513081504314769,2.0299999713897705,0,0.009999960660934448
angle,1780513081514314543,2.0299999713897705,0,0.009999865666031837
angle,1780513081524314644,2.0299999713897705,0,0.00999995693564415
angle,1780513081534315343,2.0299999713897705,0,0.009999972768127918
angle,1780513081544315175,2.0299999713897705,0,0.010000002570450306
angle,1780513081554315097,2.0299999713897705,0,0.009999953210353851
angle,1780513081564315593,2.0299999713897705,0,0.010000002570450306
angle,1780513081574315681,2.0299999713897705,0,0.009999970905482769
angle,1780513081584315951,2.0299999713897705,0,0.009999950416386127
angle,1780513081594316538,2.0299999713897705,0,0.010000006295740604
angle,1780513081604316671,2.0299999713897705,0,0.010000001639127731
angle,1780513081614316773,2.0299999713897705,0,0.009999885223805904
angle,1780513081624317262,2.0299999713897705,0,0.00999996904283762
angle,1780513081634317278,2.0299999713897705,0,0.010000002570450306
angle,1780513081644317543,2.0299999713897705,0,0.010000002570450306
angle,1780513081654317691,2.0299999713897705,0,0.00999997928738594
angle,1780513081664317966,2.0299999713897705,0,0.010000010952353477
angle,1780513081674318110,2.0299999713897705,0,0.009999968111515045
angle,1780513081684318721,2.0299999713897705,0,0.009999950416386127
angle,1780513081694318738,2.0299999713897705,0,0.010000006295740604
angle,1780513081704319270,2.0299999713897705,0,0.009999957866966724
angle,1780513081714319666,2.0299999713897705,0,0.009999987669289112
angle,1780513081724319565,2.0299999713897705,0,0.009999947622418404
angle,1780513081734319725,2.0299999713897705,0,0.009999968111515045
angle,1780513081744320598,2.0299999713897705,0,0.009999973699450493
angle,1780513081754320212,2.0299999713897705,0,0.009999928064644337
angle,1780513081764320447,2.0299999713897705,0,0.009999984875321388
angle,1780513081774320904,2.0299999713897705,0,0.009999978356063366
angle,1780513081784321207,2.0299999713897705,0,0.00999999325722456
angle,1780513081794321210,2.0299999713897705,0,0.009999983012676239
angle,1780513081804321907,2.0299999713897705,0,0.009999980218708515
angle,1780513081814321856,2.0299999713897705,0,0.009999980218708515
angle,1780513081824321814,2.0299999713897705,0,0.009999947622418404
angle,1780513081834322175,2.0299999713897705,0,0.009999942034482956
angle,1780513081844322610,2.0299999713897705,0,0.009999982081353664
angle,1780513081854322890,2.0299999713897705,0,0.009999985806643963
angle,1780513081864323297,2.0299999713897705,0,0.01000000536441803
angle,1780513081874323268,2.0299999713897705,0,0.009999952279031277
angle,1780513081884324874,2.0299999713897705,0,0.009999970905482769
angle,1780513081894323829,2.0299999713897705,0,0.009999903850257397
angle,1780513081904324045,2.0299999713897705,0,0.010000000707805157
angle,1780513081914324670,2.0299999713897705,0,0.009999978356063366
angle,1780513081924324531,2.0299999713897705,0,0.00999994482845068
angle,1780513081934324718,2.0299999713897705,0,0.009999941103160381
angle,1780513081944325066,2.0299999713897705,0,0.01000000536441803
angle,1780513081954325728,2.0299999713897705,0,0.009999939240515232
angle,1780513081964325658,2.0299999713897705,0,0.009999998845160007
angle,1780513081974328214,2.0299999713897705,0,0.010000012814998627
angle,1780513081984328110,2.0299999713897705,0,0.009999843314290047
angle,1780513081994326438,2.0299999713897705,0,0.009999919682741165
angle,1780513082004328002,2.0299999713897705,0,0.009999996051192284
angle,1780513082014326998,2.0299999713897705,0,0.009999874047935009
angle,1780513082024327366,2.0299999713897705,0,0.009999974630773067
angle,1780513082034328002,2.0299999713897705,0,0.009999961592257023
angle,1780513082044327788,2.0299999713897705,0,0.00999997928738594
angle,1780513082054328071,2.0299999713897705,0,0.00999999325722456
angle,1780513082064328280,2.0299999713897705,0,0.009999996982514858
angle,1780513082074328870,2.0299999713897705,0,0.009999945759773254
angle,1780513082084329041,2.0299999713897705,0,0.009999939240515232
angle,1780513082094329232,2.0299999713897705,0,0.009999963454902172
angle,1780513082104329468,2.0299999713897705,0,0.009999999776482582
angle,1780513082114329717,2.0299999713897705,0,0.009999983012676239
angle,1780513082124330094,2.0299999713897705,0,0.010000007227063179
angle,1780513082134330271,2.0299999713897705,0,0.009999984875321388
angle,1780513082144330548,2.0299999713897705,0,0.010000002570450306
angle,1780513082154330563,2.0299999713897705,0,0.009999973699450493
angle,1780513082164331999,2.0299999713897705,0,0.009999983943998814
angle,1780513082174331102,2.0299999713897705,0,0.009999893605709076
angle,1780513082184331523,2.0299999713897705,0,0.009999969974160194
angle,1780513082194331747,2.0299999713897705,0,0.009999968111515045
angle,1780513082204332034,2.0299999713897705,0,0.009999934583902359
angle,1780513082214332465,2.0299999713897705,0,0.009999945759773254
angle,1780513082224332514,2.0299999713897705,0,0.009999892674386501
angle,1780513082234333164,2.0299999713897705,0,0.009999990463256836
angle,1780513082244333012,2.0299999713897705,0,0.009999996051192284
angle,1780513082254333095,2.0299999713897705,0,0.009999974630773067
angle,1780513082264333678,2.0299999713897705,0,0.00999994296580553
angle,1780513082274333888,2.0299999713897705,0,0.009999992325901985
angle,1780513082284334770,2.0299999713897705,0,0.010000008158385754
angle,1780513082294334641,2.0299999713897705,0,0.010000004433095455
angle,1780513082304334750,2.0299999713897705,0,0.009999983012676239
angle,1780513082314335752,2.0299999713897705,0,0.009999983012676239
angle,1780513082324335891,2.0299999713897705,0,0.009999877773225307
angle,1780513082334335489,2.0299999713897705,0,0.009999941103160381
angle,1780513082344335734,2.0299999713897705,0,0.009999938309192657
angle,1780513082354335909,2.0299999713897705,0,0.009999942034482956
angle,1780513082364336251,2.0299999713897705,0,0.009999934583902359
angle,1780513082374336451,2.0299999713897705,0,0.009999940171837807
angle,1780513082384336858,2.0299999713897705,0,0.010000010021030903
angle,1780513082394337113,2.0299999713897705,0,0.009999961592257023
angle,1780513082404337329,2.0299999713897705,0,0.009999945759773254
angle,1780513082414337447,2.0299999713897705,0,0.009999966248869896
angle,1780513082424337648,2.0299999713897705,0,0.009999975562095642
angle,1780513082434338067,2.0299999713897705,0,0.009999951347708702
angle,1780513082444338042,2.0299999713897705,0,0.00999996718019247
angle,1780513082454338550,2.0299999713897705,0,0.010000014677643776
angle,1780513082464338757,2.0299999713897705,0,0.00999997928738594
angle,1780513082474338923,2.0299999713897705,0,0.00999997928738594
angle,1780513082484339480,2.0299999713897705,0,0.009999978356063366
angle,1780513082494339642,2.0299999713897705,0,0.009999945759773254
angle,1780513082504340236,2.0299999713897705,0,0.009999973699450493
angle,1780513082514340065,2.0299999713897705,0,0.009999969974160194
angle,1780513082524340299,2.0299999713897705,0,0.009999939240515232
angle,1780513082534340993,2.0299999713897705,0,0.009999999776482582
angle,1780513082544341102,2.0299999713897705,0,0.009999910369515419
angle,1780513082554341227,2.0299999713897705,0,0.009999970905482769
angle,1780513082564341607,2.0299999713897705,0,0.009999987669289112
angle,1780513082574341664,2.0299999713897705,0,0.009999982081353664
angle,1780513082584341997,2.0299999713897705,0,0.009999999776482582
angle,1780513082594342570,2.0299999713897705,0,0.009999982081353664
angle,1780513082604342366,2.0299999713897705,0,0.009999953210353851
angle,1780513082614342807,2.0299999713897705,0,0.009999984875321388
angle,1780513082624342830,2.0299999713897705,0,0.009999975562095642
angle,1780513082634343543,2.0299999713897705,0,0.009999937377870083
angle,1780513082644343355,2.0299999713897705,0,0.009999910369515419
angle,1780513082654343526,2.0299999713897705,0,0.009999983012676239
angle,1780513082664343974,2.0299999713897705,0,0.009999986737966537
angle,1780513082674343842,2.0299999713897705,0,0.009999980218708515
angle,1780513082684344112,2.0299999713897705,0,0.009999959729611874
angle,1780513082694344347,2.0299999713897705,0,0.010000012814998627
angle,1780513082704344653,2.0299999713897705,0,0.009999934583902359
angle,1780513082714345041,2.0299999713897705,0,0.010000008158385754
angle,1780513082724345552,2.0299999713897705,0,0.009999859146773815
angle,1780513082734345485,2.0299999713897705,0,0.009999995119869709
angle,1780513082744345555,2.0299999713897705,0,0.009999964386224747
angle,1780513082754345869,2.0299999713897705,0,0.009999990463256836
angle,1780513082764346067,2.0299999713897705,0,0.009999954141676426
angle,1780513082774346362,2.0299999713897705,0,0.010000001639127731
angle,1780513082784346559,2.0299999713897705,0,0.009999969974160194
angle,1780513082794347001,2.0299999713897705,0,0.009999940171837807
angle,1780513082804347100,2.0299999713897705,0,0.009999998845160007
angle,1780513082814347972,2.0299999713897705,0,0.009999974630773067
angle,1780513082824347552,2.0299999713897705,0,0.00999990664422512
angle,1780513082834347985,2.0299999713897705,0,0.010000002570450306
angle,1780513082844348354,2.0299999713897705,0,0.009999977424740791
angle,1780513082854348272,2.0299999713897705,0,0.009999960660934448
angle,1780513082864348552,2.0299999713897705,0,0.009999951347708702
angle,1780513082874348793,2.0299999713897705,0,0.00999994482845068
angle,1780513082884348927,2.0299999713897705,0,0.009999956004321575
angle,1780513082894349197,2.0299999713897705,0,0.01000000536441803
angle,1780513082904349781,2.0299999713897705,0,0.009999996982514858
angle,1780513082914349925,2.0299999713897705,0,0.009999965317547321
angle,1780513082924350017,2.0299999713897705,0,0.010000004433095455
angle,1780513082934350055,2.0299999713897705,0,0.009999947622418404
angle,1780513082944350737,2.0299999713897705,0,0.009999985806643963
angle,1780513082954350926,2.0299999713897705,0,0.009999999776482582
angle,1780513082964351347,2.0299999713897705,0,0.009999996051192284
angle,1780513082974352085,2.0299999713897705,0,0.009999982081353664
angle,1780513082984351718,2.0299999713897705,0,0.009999898262321949
angle,1780513082994352277,2.0299999713897705,0,0.009999968111515045
angle,1780513083004353273,2.0299999713897705,0,0.009999974630773067
angle,1780513083014352728,2.0299999713897705,0,0.009999904781579971
angle,1780513083024352505,2.0299999713897705,0,0.009999898262321949
angle,1780513083034353183,2.0299999713897705,0,0.00999996904283762
angle,1780513083044353252,2.0299999713897705,0,0.009999974630773067
angle,1780513083054353597,2.0299999713897705,0,0.010000001639127731
angle,1780513083064353816,2.0299999713897705,0,0.00999994296580553
angle,1780513083074354001,2.0299999713897705,0,0.009999997913837433
angle,1780513083084354555,2.0299999713897705,0,0.009999975562095642
angle,1780513083094356061,2.0299999713897705,0,0.009999963454902172
angle,1780513083104354906,2.0299999713897705,0,0.009999937377870083
angle,1780513083114358039,2.0299999713897705,0,0.00999997928738594
angle,1780513083124357801,2.0299999713897705,0,0.009999966248869896
angle,1780513083134357865,2.0299999713897705,0,0.009999862872064114
angle,1780513083144356043,2.0299999713897705,0,0.009999937377870083
angle,1780513083154356195,2.0299999713897705,0,0.009999878704547882
angle,1780513083164357954,2.0299999713897705,0,0.009999964386224747
angle,1780513083174356436,2.0299999713897705,0,0.009999560192227364
angle,1780513083184356719,2.0299999713897705,0,0.009999994188547134
angle,1780513083194357039,2.0299999713897705,0,0.010000006295740604
angle,1780513083204357328,2.0299999713897705,0,0.00999996904283762
angle,1780513083214357597,2.0299999713897705,0,0.009999954141676426
angle,1780513083224357752,2.0299999713897705,0,0.009999964386224747
angle,1780513083234358163,2.0299999713897705,0,0.00999996904283762
angle,1780513083244358449,2.0299999713897705,0,0.009999974630773067
angle,1780513083254358414,2.0299999713897705,0,0.009999943897128105
angle,1780513083264358518,2.0299999713897705,0,0.009999995119869709
angle,1780513083274359058,2.0299999713897705,0,0.009999955072999
angle,1780513083284359336,2.0299999713897705,0,0.009999958798289299
angle,1780513083294359342,2.0299999713897705,0,0.009999996051192284
angle,1780513083304359666,2.0299999713897705,0,0.009999969974160194
angle,1780513083314360009,2.0299999713897705,0,0.009999988600611687
angle,1780513083324360042,2.0299999713897705,0,0.009999885223805904
angle,1780513083334360542,2.0299999713897705,0,0.009999940171837807
angle,1780513083344360466,2.0299999713897705,0,0.009999969974160194
angle,1780513083354360726,2.0299999713897705,0,0.00999999139457941
angle,1780513083364360917,2.0299999713897705,0,0.009999942034482956
angle,1780513083374361597,2.0299999713897705,0,0.009999940171837807
angle,1780513083384361522,2.0299999713897705,0,0.010000000707805157
angle,1780513083394361711,2.0299999713897705,0,0.009999859146773815
angle,1780513083404361817,2.0299999713897705,0,0.009999963454902172
angle,1780513083414362381,2.0299999713897705,0,0.009999996982514858
angle,1780513083424362208,2.0299999713897705,0,0.009999912232160568
angle,1780513083434362604,2.0299999713897705,0,0.009999980218708515
angle,1780513083444363435,2.0299999713897705,0,0.009999947622418404
angle,1780513083454363081,2.0299999713897705,0,0.010000000707805157
angle,1780513083464363205,2.0299999713897705,0,0.009999996982514858
angle,1780513083474363596,2.0299999713897705,0,0.009999994188547134
angle,1780513083484363795,2.0299999713897705,0,0.00999998115003109
angle,1780513083494366318,2.0299999713897705,0,0.009999994188547134
angle,1780513083504364399,2.0299999713897705,0,0.009999886155128479
angle,1780513083514364752,2.0299999713897705,0,0.010000000707805157
angle,1780513083524364817,2.0299999713897705,0,0.009999983012676239
angle,1780513083534365714,2.0299999713897705,0,0.010000007227063179
angle,1780513083544365614,2.0299999713897705,0,0.009999999776482582
angle,1780513083554365467,2.0299999713897705,0,0.009999984875321388
angle,1780513083564365880,2.0299999713897705,0,0.009999953210353851
angle,1780513083574366129,2.0299999713897705,0,0.009999961592257023
angle,1780513083584366381,2.0299999713897705,0,0.009999951347708702
angle,1780513083594366514,2.0299999713897705,0,0.009999987669289112
angle,1780513083604366655,2.0299999713897705,0,0.00999994482845068
angle,1780513083614366831,2.0299999713897705,0,0.010000008158385754
angle,1780513083624367361,2.0299999713897705,0,0.009999963454902172
angle,1780513083634367364,2.0299999713897705,0,0.009999975562095642
angle,1780513083644367709,2.0299999713897705,0,0.009999939240515232
angle,1780513083654367561,2.0299999713897705,0,0.009999950416386127
angle,1780513083664368191,2.0299999713897705,0,0.009999960660934448
angle,1780513083674368056,2.0299999713897705,0,0.009999990463256836
angle,1780513083684368301,2.0299999713897705,0,0.009999996982514858
angle,1780513083694368595,2.0299999713897705,0,0.009999997913837433
angle,1780513083704368965,2.0299999713897705,0,0.009999963454902172
angle,1780513083714369055,2.0299999713897705,0,0.009999950416386127
angle,1780513083724369383,2.0299999713897705,0,0.00999999139457941
angle,1780513083734369546,2.0299999713897705,0,0.009999999776482582
angle,1780513083744370067,2.0299999713897705,0,0.010000007227063179
angle,1780513083754370432,2.0299999713897705,0,0.009999926201999187
angle,1780513083764370221,2.0299999713897705,0,0.009999961592257023
angle,1780513083774370473,2.0299999713897705,0,0.009999942034482956
angle,1780513083784370789,2.0299999713897705,0,0.009999985806643963
angle,1780513083794371048,2.0299999713897705,0,0.009999977424740791
angle,1780513083804371226,2.0299999713897705,0,0.010000010021030903
angle,1780513083814371500,2.0299999713897705,0,0.009999957866966724
angle,1780513083824371972,2.0299999713897705,0,0.009999996051192284
angle,1780513083834371995,2.0299999713897705,0,0.009999946691095829
angle,1780513083844372675,2.0299999713897705,0,0.009999968111515045
angle,1780513083854372319,2.0299999713897705,0,0.009999957866966724
angle,1780513083864372517,2.0299999713897705,0,0.009999965317547321
angle,1780513083874372750,2.0299999713897705,0,0.009999943897128105
angle,1780513083884373268,2.0299999713897705,0,0.009999946691095829
angle,1780513083894373181,2.0299999713897705,0,0.009999953210353851
angle,1780513083904373347,2.0299999713897705,0,0.009999956004321575
angle,1780513083914373591,2.0299999713897705,0,0.009999998845160007
angle,1780513083924373924,2.0299999713897705,0,0.009999999776482582
angle,1780513083934375575,2.0299999713897705,0,0.010000002570450306
angle,1780513083944374583,2.0299999713897705,0,0.009999888949096203
angle,1780513083954374903,2.0299999713897705,0,0.009999982081353664
angle,1780513083964375252,2.0299999713897705,0,0.009999956004321575
angle,1780513083974376714,2.0299999713897705,0,0.009999982081353664
angle,1780513083984375753,2.0299999713897705,0,0.009999905712902546
angle,1780513083994375929,2.0299999713897705,0,0.009999975562095642
angle,1780513084004376922,2.0299999713897705,0,0.009999970905482769
angle,1780513084014376021,2.0299999713897705,0,0.009999933652579784
angle,1780513084024376266,2.0299999713897705,0,0.00999994482845068
angle,1780513084034376819,2.0299999713897705,0,0.009999934583902359
angle,1780513084044376555,2.0299999713897705,0,0.009999943897128105
angle,1780513084054376791,2.0299999713897705,0,0.00999998115003109
angle,1780513084064377002,2.0299999713897705,0,0.009999990463256836
angle,1780513084074377316,2.0299999713897705,0,0.009999975562095642
angle,1780513084084377486,2.0299999713897705,0,0.009999973699450493
angle,1780513084094377923,2.0299999713897705,0,0.009999947622418404
angle,1780513084104377834,2.0299999713897705,0,0.009999915957450867
angle,1780513084114377953,2.0299999713897705,0,0.009999916888773441
angle,1780513084124378696,2.0299999713897705,0,0.009999957866966724
angle,1780513084134378713,2.0299999713897705,0,0.009999961592257023
angle,1780513084144379172,2.0299999713897705,0,0.010000002570450306
angle,1780513084154379111,2.0299999713897705,0,0.009999902918934822
angle,1780513084164381141,2.0299999713897705,0,0.010000001639127731
angle,1780513084174379740,2.0299999713897705,0,0.009999915957450867
angle,1780513084184380084,2.0299999713897705,0,0.009999988600611687
angle,1780513084194380543,2.0299999713897705,0,0.009999951347708702
angle,1780513084204380443,2.0299999713897705,0,0.009999995119869709
angle,1780513084214381007,2.0299999713897705,0,0.00999997928738594
angle,1780513084224381470,2.0299999713897705,0,0.009999974630773067
angle,1780513084234381577,2.0299999713897705,0,0.009999917820096016
angle,1780513084244382042,2.0299999713897705,0,0.009999969974160194
angle,1780513084254382098,2.0299999713897705,0,0.010000002570450306
angle,1780513084264382203,2.0299999713897705,0,0.009999943897128105
angle,1780513084274382538,2.0299999713897705,0,0.009999965317547321
angle,1780513084284383297,2.0299999713897705,0,0.00999998115003109
angle,1780513084294382916,2.0299999713897705,0,0.009999957866966724
angle,1780513084304383081,2.0299999713897705,0,0.009999963454902172
angle,1780513084314383605,2.0299999713897705,0,0.00999994296580553
angle,1780513084324384061,2.0299999713897705,0,0.009999961592257023
angle,1780513084334384093,2.0299999713897705,0,0.009999965317547321
angle,1780513084344384746,2.0299999713897705,0,0.009999955072999
angle,1780513084354384680,2.0299999713897705,0,0.009999890811741352
angle,1780513084364385261,2.0299999713897705,0,0.010000055655837059
angle,1780513084374385514,2.0299999713897705,0,0.009999933652579784
angle,1780513084384385400,2.0299999713897705,0,0.010000002570450306
angle,1780513084394385801,2.0299999713897705,0,0.009999995119869709
angle,1780513084404385983,2.0299999713897705,0,0.009999952279031277
angle,1780513084414386241,2.0299999713897705,0,0.009999938309192657
angle,1780513084424387151,2.0299999713897705,0,0.009999969974160194
angle,1780513084434386770,2.0299999713897705,0,0.00999996904283762
angle,1780513084444387122,2.0299999713897705,0,0.009999947622418404
angle,1780513084454387040,2.0299999713897705,0,0.009999951347708702
angle,1780513084464387576,2.0299999713897705,0,0.00999993272125721
angle,1780513084474387621,2.0299999713897705,0,0.009999994188547134
angle,1780513084484387797,2.0299999713897705,0,0.009999964386224747
angle,1780513084494388018,2.0299999713897705,0,0.009999950416386127
angle,1780513084504388555,2.0299999713897705,0,0.009999936446547508
angle,1780513084514388770,2.0299999713897705,0,0.009999957866966724
angle,1780513084524389174,2.0299999713897705,0,0.009999942034482956
angle,1780513084534389061,2.0299999713897705,0,0.009999880567193031
angle,1780513084544389396,2.0299999713897705,0,0.010000010021030903
angle,1780513084554389728,2.0299999713897705,0,0.00999999139457941
angle,1780513084564389478,2.0299999713897705,0,0.009999982081353664
angle,1780513084574389777,2.0299999713897705,0,0.009999968111515045
angle,1780513084584389954,2.0299999713897705,0,0.009999940171837807
angle,1780513084594390850,2.0299999713897705,0,0.009999974630773067
angle,1780513084604390469,2.0299999713897705,0,0.00999994482845068
angle,1780513084614392885,2.0299999713897705,0,0.010000022128224373
angle,1780513084624392489,2.0299999713897705,0,0.009999834932386875
angle,1780513084634391175,2.0299999713897705,0,0.0099998963996768
angle,1780513084644391978,2.0299999713897705,0,0.009999980218708515
angle,1780513084654391720,2.0299999713897705,0,0.010000010952353477
angle,1780513084664391874,2.0299999713897705,0,0.009999950416386127
angle,1780513084674392079,2.0299999713897705,0,0.009999975562095642
angle,1780513084684392593,2.0299999713897705,0,0.009999969974160194
angle,1780513084694392695,2.0299999713897705,0,0.009999992325901985
angle,1780513084704392942,2.0299999713897705,0,0.009999980218708515
angle,1780513084714393145,2.0299999713897705,0,0.009999959729611874
angle,1780513084724393412,2.0299999713897705,0,0.009999965317547321
angle,1780513084736336086,2.0299999713897705,0,0.011941920965909958
angle,1780513084746336142,2.0299999713897705,0,0.009999904781579971
angle,1780513084756336736,2.0299999713897705,0,0.009999994188547134
angle,1780513084766338742,2.0299999713897705,0,0.009999996982514858
angle,1780513084776426708,2.0299999713897705,0,0.010086694732308388
angle,1780513084786427649,2.0299999713897705,0,0.009999933652579784
angle,1780513084796428222,2.0299999713897705,0,0.00999993085861206
angle,1780513084806427111,2.0299999713897705,0,0.00999990664422512
angle,1780513084816569313,2.0299999713897705,0,0.010142347775399685
angle,1780513084826570169,2.0299999713897705,0,0.009999926201999187
angle,1780513084836569800,2.0299999713897705,0,0.010000000707805157
angle,1780513084846570419,2.0299999713897705,0,0.009999975562095642
angle,1780513084856570397,2.0299999713897705,0,0.009999963454902172
angle,1780513084866570591,2.0299999713897705,0,0.009999978356063366
angle,1780513084876571022,2.0299999713897705,0,0.009999942034482956
angle,1780513084886571051,2.0299999713897705,0,0.009999982081353664
angle,1780513084896571132,2.0299999713897705,0,0.009999963454902172
angle,1780513084906571938,2.0299999713897705,0,0.009999936446547508
angle,1780513084916571626,2.0299999713897705,0,0.00999996718019247
angle,1780513084926571866,2.0299999713897705,0,0.009999994188547134
angle,1780513084936572193,2.0299999713897705,0,0.010000004433095455
angle,1780513084946572644,2.0299999713897705,0,0.010000000707805157
angle,1780513084956572587,2.0299999713897705,0,0.009999994188547134
angle,1780513084966572773,2.0299999713897705,0,0.009999963454902172
angle,1780513084976574026,2.0299999713897705,0,0.009999943897128105
angle,1780513084986573494,2.0299999713897705,0,0.009999916888773441
angle,1780513084996573451,2.0299999713897705,0,0.009999970905482769
angle,1780513085006575310,2.0299999713897705,0,0.00999999325722456
angle,1780513085016574506,2.0299999713897705,0,0.009999921545386314
angle,1780513085026574478,2.0299999713897705,0,0.009999992325901985
angle,1780513085036574572,2.0299999713897705,0,0.00999999139457941
angle,1780513085046574965,2.0299999713897705,0,0.009999996051192284
angle,1780513085056575193,2.0299999713897705,0,0.009999996982514858
angle,1780513085066575496,2.0299999713897705,0,0.00999996904283762
angle,1780513085076576039,2.0299999713897705,0,0.009999975562095642
angle,1780513085086575797,2.0299999713897705,0,0.009999953210353851
angle,1780513085096576050,2.0299999713897705,0,0.009999946691095829
angle,1780513085106576380,2.0299999713897705,0,0.00999996718019247
angle,1780513085116576365,2.0299999713897705,0,0.009999983012676239
angle,1780513085126576698,2.0299999713897705,0,0.009999978356063366
angle,1780513085136576764,2.0299999713897705,0,0.009999938309192657
angle,1780513085146577302,2.0299999713897705,0,0.009999983012676239
angle,1780513085156577539,2.0299999713897705,0,0.00999995693564415
angle,1780513085166579432,2.0299999713897705,0,0.009999952279031277
angle,1780513085176578599,2.0299999713897705,0,0.009999936446547508
angle,1780513085186578323,2.0299999713897705,0,0.009999974630773067
angle,1780513085196578617,2.0299999713897705,0,0.009999998845160007
angle,1780513085206579115,2.0299999713897705,0,0.009999956004321575
angle,1780513085216579364,2.0299999713897705,0,0.010000043548643589
angle,1780513085226584377,2.0299999713897705,0,0.009999933652579784
angle,1780513085236580581,2.0299999713897705,0,0.009999940171837807
angle,1780513085246580602,2.0299999713897705,0,0.009999939240515232
angle,1780513085256580787,2.0299999713897705,0,0.009999942034482956
angle,1780513085266581029,2.0299999713897705,0,0.009999984875321388
angle,1780513085276581299,2.0299999713897705,0,0.009999959729611874
angle,1780513085286581649,2.0299999713897705,0,0.009999996051192284
angle,1780513085296581939,2.0299999713897705,0,0.009999969974160194
angle,1780513085306581993,2.0299999713897705,0,0.009999999776482582
angle,1780513085316582130,2.0299999713897705,0,0.009999966248869896
angle,1780513085326582356,2.0299999713897705,0,0.009999975562095642
angle,1780513085336582554,2.0299999713897705,0,0.010000002570450306
angle,1780513085346583274,2.0299999713897705,0,0.01000000536441803
angle,1780513085356583254,2.0299999713897705,0,0.010000002570450306
angle,1780513085366583543,2.0299999713897705,0,0.00999995693564415
angle,1780513085376583608,2.0299999713897705,0,0.009999903850257397
angle,1780513085386583877,2.0299999713897705,0,0.010000002570450306
angle,1780513085396584105,2.0299999713897705,0,0.00999999325722456
angle,1780513085406584313,2.0299999713897705,0,0.00999997928738594
angle,1780513085416584482,2.0299999713897705,0,0.00999996718019247
angle,1780513085426584753,2.0299999713897705,0,0.009999994188547134
angle,1780513085436585048,2.0299999713897705,0,0.009999942034482956
angle,1780513085446585172,2.0299999713897705,0,0.009999936446547508
angle,1780513085456585429,2.0299999713897705,0,0.00999995693564415
angle,1780513085466585570,2.0299999713897705,0,0.009999973699450493
angle,1780513085476586241,2.0299999713897705,0,0.009999982081353664
angle,1780513085486586029,2.0299999713897705,0,0.009999965317547321
angle,1780513085496587822,2.0299999713897705,0,0.009999948553740978
angle,1780513085506587124,2.0299999713897705,0,0.00999994296580553
angle,1780513085516586839,2.0299999713897705,0,0.009999929927289486
angle,1780513085526587481,2.0299999713897705,0,0.009999980218708515
angle,1780513085536587441,2.0299999713897705,0,0.009999963454902172
angle,1780513085546587506,2.0299999713897705,0,0.00999995693564415
angle,1780513085556587983,2.0299999713897705,0,0.009999942034482956
angle,1780513085566588120,2.0299999713897705,0,0.009999983012676239
angle,1780513085576588309,2.0299999713897705,0,0.009999956004321575
angle,1780513085586589273,2.0299999713897705,0,0.009999975562095642
angle,1780513085596588754,2.0299999713897705,0,0.009999928064644337
angle,1780513085606589435,2.0299999713897705,0,0.009999951347708702
angle,1780513085616589439,2.0299999713897705,0,0.009999990463256836
angle,1780513085626589523,2.0299999713897705,0,0.009999974630773067
angle,1780513085636589946,2.0299999713897705,0,0.009999971836805344
angle,1780513085646590183,2.0299999713897705,0,0.00999997928738594
angle,1780513085656590395,2.0299999713897705,0,0.009999992325901985
angle,1780513085666590637,2.0299999713897705,0,0.009999943897128105
angle,1780513085676590871,2.0299999713897705,0,0.009999937377870083
angle,1780513085686591048,2.0299999713897705,0,0.010000010952353477
angle,1780513085696591448,2.0299999713897705,0,0.009999969974160194
angle,1780513085706591800,2.0299999713897705,0,0.009999963454902172
angle,1780513085716592232,2.0299999713897705,0,0.009999956004321575
angle,1780513085726592049,2.0299999713897705,0,0.009999985806643963
angle,1780513085736592229,2.0299999713897705,0,0.009999961592257023
angle,1780513085746592518,2.0299999713897705,0,0.009999972768127918
angle,1780513085756592569,2.0299999713897705,0,0.009999945759773254
angle,1780513085766592820,2.0299999713897705,0,0.009999966248869896
angle,1780513085776593121,2.0299999713897705,0,0.009999936446547508
angle,1780513085786593403,2.0299999713897705,0,0.00999999139457941
angle,1780513085796593921,2.0299999713897705,0,0.009999975562095642
angle,1780513085806593851,2.0299999713897705,0,0.009999952279031277
angle,1780513085816593991,2.0299999713897705,0,0.009999954141676426
angle,1780513085826594358,2.0299999713897705,0,0.009999984875321388
angle,1780513085836594941,2.0299999713897705,0,0.010000023059546947
angle,1780513085846594687,2.0299999713897705,0,0.009999942034482956
angle,1780513085856595257,2.0299999713897705,0,0.009999998845160007
angle,1780513085866595325,2.0299999713897705,0,0.009999942034482956
angle,1780513085876595426,2.0299999713897705,0,0.00999990664422512
angle,1780513085886596220,2.0299999713897705,0,0.00999993085861206
angle,1780513085896595819,2.0299999713897705,0,0.00999998115003109
angle,1780513085906596198,2.0299999713897705,0,0.009999956004321575
angle,1780513085916596239,2.0299999713897705,0,0.009999992325901985
angle,1780513085926596931,2.0299999713897705,0,0.009999974630773067
angle,1780513085936597153,2.0299999713897705,0,0.009999955072999
angle,1780513085946597145,2.0299999713897705,0,0.009999958798289299
angle,1780513085956597530,2.0299999713897705,0,0.009999996982514858
angle,1780513085966597783,2.0299999713897705,0,0.010000008158385754
angle,1780513085976600200,2.0299999713897705,0,0.009999937377870083
angle,1780513085986598054,2.0299999713897705,0,0.009999863803386688
angle,1780513085996599614,2.0299999713897705,0,0.009999946691095829
angle,1780513086006599186,2.0299999713897705,0,0.009999883361160755
angle,1780513086016598531,2.0299999713897705,0,0.009999933652579784
angle,1780513086026598756,2.0299999713897705,0,0.009999966248869896
angle,1780513086036599223,2.0299999713897705,0,0.009999954141676426
angle,1780513086046599710,2.0299999713897705,0,0.010000004433095455
angle,1780513086056600010,2.0299999713897705,0,0.00999999139457941
angle,1780513086066599902,2.0299999713897705,0,0.00999996718019247
angle,1780513086076600559,2.0299999713897705,0,0.009999964386224747
angle,1780513086086600650,2.0299999713897705,0,0.009999960660934448
angle,1780513086096600729,2.0299999713897705,0,0.009999963454902172
angle,1780513086106600844,2.0299999713897705,0,0.009999983943998814
angle,1780513086116601037,2.0299999713897705,0,0.009999982081353664
angle,1780513086126601485,2.0299999713897705,0,0.010000006295740604
angle,1780513086136602500,2.0299999713897705,0,0.009999988600611687
angle,1780513086146602064,2.0299999713897705,0,0.009999983012676239
angle,1780513086156602666,2.0299999713897705,0,0.009999942034482956
angle,1780513086166603788,2.0299999713897705,0,0.00999996904283762
angle,1780513086176602662,2.0299999713897705,0,0.009999901056289673
angle,1780513086186602996,2.0299999713897705,0,0.009999936446547508
angle,1780513086196603085,2.0299999713897705,0,0.009999961592257023
angle,1780513086206603258,2.0299999713897705,0,0.009999970905482769
angle,1780513086216603509,2.0299999713897705,0,0.00999996718019247
angle,1780513086226603785,2.0299999713897705,0,0.009999992325901985
angle,1780513086236604256,2.0299999713897705,0,0.009999961592257023
angle,1780513086246604153,2.0299999713897705,0,0.009999937377870083
angle,1780513086256605506,2.0299999713897705,0,0.009999959729611874
angle,1780513086266604759,2.0299999713897705,0,0.009999878704547882
angle,1780513086276604814,2.0299999713897705,0,0.009999978356063366
angle,1780513086286605179,2.0299999713897705,0,0.009999985806643963
angle,1780513086296605193,2.0299999713897705,0,0.009999937377870083
angle,1780513086306605364,2.0299999713897705,0,0.009999960660934448
angle,1780513086316606041,2.0299999713897705,0,0.009999987669289112
angle,1780513086326605852,2.0299999713897705,0,0.009999969974160194
angle,1780513086336606247,2.0299999713897705,0,0.009999992325901985
angle,1780513086346606394,2.0299999713897705,0,0.009999914094805717
angle,1780513086356606859,2.0299999713897705,0,0.009999953210353851
angle,1780513086366606938,2.0299999713897705,0,0.009999977424740791
angle,1780513086376606986,2.0299999713897705,0,0.00999996904283762
angle,1780513086386607309,2.0299999713897705,0,0.009999938309192657
angle,1780513086396608030,2.0299999713897705,0,0.009999940171837807
angle,1780513086406607719,2.0299999713897705,0,0.010000002570450306
angle,1780513086416608261,2.0299999713897705,0,0.009999982081353664
angle,1780513086426608144,2.0299999713897705,0,0.009999975562095642
angle,1780513086436608361,2.0299999713897705,0,0.00999995693564415
angle,1780513086446608616,2.0299999713897705,0,0.009999936446547508
angle,1780513086456608920,2.0299999713897705,0,0.009999953210353851
angle,1780513086466609308,2.0299999713897705,0,0.010000004433095455
angle,1780513086476609399,2.0299999713897705,0,0.009999928995966911
angle,1780513086486609556,2.0299999713897705,0,0.009999946691095829
angle,1780513086496609803,2.0299999713897705,0,0.009999959729611874
angle,1780513086506610042,2.0299999713897705,0,0.009999957866966724
angle,1780513086516610241,2.0299999713897705,0,0.009999983943998814
angle,1780513086526610428,2.0299999713897705,0,0.009999940171837807
angle,1780513086536611732,2.0299999713897705,0,0.009999945759773254
angle,1780513086546611147,2.0299999713897705,0,0.009999913163483143
angle,1780513086556611213,2.0299999713897705,0,0.009999959729611874
angle,1780513086566611367,2.0299999713897705,0,0.009999958798289299
angle,1780513086576611544,2.0299999713897705,0,0.009999986737966537
angle,1780513086586611951,2.0299999713897705,0,0.009999987669289112
angle,1780513086596612500,2.0299999713897705,0,0.009999994188547134
angle,1780513086606612726,2.0299999713897705,0,0.009999978356063366
angle,1780513086616612975,2.0299999713897705,0,0.009999983012676239
angle,1780513086626613155,2.0299999713897705,0,0.00999998115003109
angle,1780513086636614006,2.0299999713897705,0,0.01000000536441803
angle,1780513086646613696,2.0299999713897705,0,0.009999969974160194
angle,1780513086656614019,2.0299999713897705,0,0.009999971836805344
angle,1780513086666614174,2.0299999713897705,0,0.010000007227063179
angle,1780513086676614484,2.0299999713897705,0,0.009999951347708702
angle,1780513086686614761,2.0299999713897705,0,0.009999956004321575
angle,1780513086696614975,2.0299999713897705,0,0.009999939240515232
angle,1780513086706615441,2.0299999713897705,0,0.009999912232160568
angle,1780513086716615586,2.0299999713897705,0,0.009999873116612434
angle,1780513086726616062,2.0299999713897705,0,0.009999951347708702
angle,1780513086736616603,2.0299999713897705,0,0.010000007227063179
angle,1780513086746616740,2.0299999713897705,0,0.009999891743063927
angle,1780513086756617188,2.0299999713897705,0,0.01000000536441803
angle,1780513086766616749,2.0299999713897705,0,0.009999996982514858
angle,1780513086776617006,2.0299999713897705,0,0.009999936446547508
angle,1780513086786617805,2.0299999713897705,0,0.009999957866966724
angle,1780513086796617581,2.0299999713897705,0,0.00999996904283762
angle,1780513086806617713,2.0299999713897705,0,0.009999953210353851
angle,1780513086816617940,2.0299999713897705,0,0.009999937377870083
angle,1780513086826618368,2.0299999713897705,0,0.009999986737966537
angle,1780513086836618604,2.0299999713897705,0,0.009999975562095642
angle,1780513086846618861,2.0299999713897705,0,0.00999993272125721
angle,1780513086856619510,2.0299999713897705,0,0.009999988600611687
angle,1780513086866619455,2.0299999713897705,0,0.009999950416386127
angle,1780513086876619378,2.0299999713897705,0,0.009999890811741352
angle,1780513086886619703,2.0299999713897705,0,0.009999983943998814
angle,1780513086896619981,2.0299999713897705,0,0.009999971836805344
angle,1780513086906620117,2.0299999713897705,0,0.009999978356063366
angle,1780513086916620325,2.0299999713897705,0,0.009999968111515045
angle,1780513086926620479,2.0299999713897705,0,0.00999997928738594
angle,1780513086936620715,2.0299999713897705,0,0.00999997928738594
angle,1780513086946621536,2.0299999713897705,0,0.01000000536441803
angle,1780513086956621399,2.0299999713897705,0,0.009999950416386127
angle,1780513086966621578,2.0299999713897705,0,0.009999899193644524
angle,1780513086976621835,2.0299999713897705,0,0.009999980218708515
angle,1780513086986624579,2.0299999713897705,0,0.009999958798289299
angle,1780513086996623845,2.0299999713897705,0,0.009999824687838554
angle,1780513087006623386,2.0299999713897705,0,0.009999892674386501
angle,1780513087016622573,2.0299999713897705,0,0.009999887086451054
angle,1780513087026622857,2.0299999713897705,0,0.010000000707805157
angle,1780513087036622944,2.0299999713897705,0,0.009999990463256836
angle,1780513087046623422,2.0299999713897705,0,0.010000002570450306
angle,1780513087056623589,2.0299999713897705,0,0.00999999139457941
angle,1780513087066623828,2.0299999713897705,0,0.009999988600611687
angle,1780513087076624879,2.0299999713897705,0,0.009999958798289299
angle,1780513087086624335,2.0299999713897705,0,0.009999915026128292
angle,1780513087096624757,2.0299999713897705,0,0.009999983943998814
angle,1780513087106624610,2.0299999713897705,0,0.009999936446547508
angle,1780513087116624876,2.0299999713897705,0,0.009999971836805344
angle,1780513087126625112,2.0299999713897705,0,0.00999994296580553
angle,1780513087136625289,2.0299999713897705,0,0.009999939240515232
angle,1780513087146625641,2.0299999713897705,0,0.009999999776482582
angle,1780513087156625848,2.0299999713897705,0,0.009999961592257023
angle,1780513087166628316,2.0299999713897705,0,0.009999969974160194
angle,1780513087176626409,2.0299999713897705,0,0.009999919682741165
angle,1780513087186626500,2.0299999713897705,0,0.009999937377870083
angle,1780513087196626714,2.0299999713897705,0,0.00999997928738594
angle,1780513087206626923,2.0299999713897705,0,0.009999985806643963
angle,1780513087216627424,2.0299999713897705,0,0.009999959729611874
angle,1780513087226627512,2.0299999713897705,0,0.00999994482845068
angle,1780513087236627601,2.0299999713897705,0,0.009999998845160007
angle,1780513087246628200,2.0299999713897705,0,0.009999957866966724
angle,1780513087256628311,2.0299999713897705,0,0.009999938309192657
angle,1780513087266628867,2.0299999713897705,0,0.010000008158385754
angle,1780513087276629147,2.0299999713897705,0,0.009999992325901985
angle,1780513087286629200,2.0299999713897705,0,0.009999945759773254
angle,1780513087296629368,2.0299999713897705,0,0.009999937377870083
angle,1780513087306630359,2.0299999713897705,0,0.009999960660934448
angle,1780513087316629947,2.0299999713897705,0,0.009999934583902359
angle,1780513087326630097,2.0299999713897705,0,0.009999968111515045
angle,1780513087336630335,2.0299999713897705,0,0.00999996904283762
angle,1780513087346631160,2.0299999713897705,0,0.009999936446547508
angle,1780513087356630993,2.0299999713897705,0,0.009999878704547882
angle,1780513087366631257,2.0299999713897705,0,0.009999951347708702
angle,1780513087376631347,2.0299999713897705,0,0.009999943897128105
angle,1780513087386631701,2.0299999713897705,0,0.00999996718019247
angle,1780513087396632203,2.0299999713897705,0,0.01000000536441803
angle,1780513087406632265,2.0299999713897705,0,0.009999969974160194
angle,1780513087416632435,2.0299999713897705,0,0.009999954141676426
angle,1780513087426632533,2.0299999713897705,0,0.009999953210353851
angle,1780513087436633916,2.0299999713897705,0,0.009999990463256836
angle,1780513087446633073,2.0299999713897705,0,0.009999866597354412
angle,1780513087456633338,2.0299999713897705,0,0.009999923408031464
angle,1780513087468349296,2.0299999713897705,0,0.011715213768184185
angle,1780513087478349483,2.0299999713897705,0,0.009999890811741352
angle,1780513087488349652,2.0299999713897705,0,0.009999994188547134
angle,1780513087498349890,2.0299999713897705,0,0.009999975562095642
angle,1780513087508350196,2.0299999713897705,0,0.009999948553740978
angle,1780513087518350608,2.0299999713897705,0,0.009999994188547134
angle,1780513087528351115,2.0299999713897705,0,0.009999868459999561
angle,1780513087538350920,2.0299999713897705,0,0.009999887086451054
angle,1780513087548351460,2.0299999713897705,0,0.009999972768127918
angle,1780513087558351458,2.0299999713897705,0,0.009999963454902172
angle,1780513087568352000,2.0299999713897705,0,0.009999994188547134
angle,1780513087578351844,2.0299999713897705,0,0.009999980218708515
angle,1780513087588352095,2.0299999713897705,0,0.00999991875141859
angle,1780513087598352294,2.0299999713897705,0,0.010000001639127731
angle,1780513087608352455,2.0299999713897705,0,0.009999988600611687
angle,1780513087618352710,2.0299999713897705,0,0.009999951347708702
angle,1780513087628352999,2.0299999713897705,0,0.009999933652579784
angle,1780513087638353365,2.0299999713897705,0,0.009999945759773254
angle,1780513087648353591,2.0299999713897705,0,0.009999994188547134
angle,1780513087658353761,2.0299999713897705,0,0.00999997928738594
angle,1780513087668354184,2.0299999713897705,0,0.009999940171837807
angle,1780513087678354090,2.0299999713897705,0,0.009999964386224747
angle,1780513087688354364,2.0299999713897705,0,0.009999940171837807
angle,1780513087698354357,2.0299999713897705,0,0.009999934583902359
angle,1780513087708354747,2.0299999713897705,0,0.009999950416386127
angle,1780513087718354830,2.0299999713897705,0,0.009999958798289299
angle,1780513087728355117,2.0299999713897705,0,0.009999958798289299
angle,1780513087738355387,2.0299999713897705,0,0.009999988600611687
angle,1780513087748355988,2.0299999713897705,0,0.00999997928738594
angle,1780513087758355724,2.0299999713897705,0,0.009999928995966911
angle,1780513087768356211,2.0299999713897705,0,0.009999937377870083
angle,1780513087778356230,2.0299999713897705,0,0.009999977424740791
angle,1780513087788356439,2.0299999713897705,0,0.009999956004321575
angle,1780513087798356807,2.0299999713897705,0,0.009999965317547321
angle,1780513087808356853,2.0299999713897705,0,0.009999942034482956
angle,1780513087818357116,2.0299999713897705,0,0.009999958798289299
angle,1780513087828357216,2.0299999713897705,0,0.009999888017773628
angle,1780513087838357490,2.0299999713897705,0,0.009999961592257023
angle,1780513087848358265,2.0299999713897705,0,0.009999986737966537
angle,1780513087858358343,2.0299999713897705,0,0.009999929927289486
angle,1780513087868358329,2.0299999713897705,0,0.009999990463256836
angle,1780513087878358419,2.0299999713897705,0,0.009999974630773067
angle,1780513087888358612,2.0299999713897705,0,0.009999934583902359
angle,1780513087898359589,2.0299999713897705,0,0.00999991875141859
angle,1780513087908359147,2.0299999713897705,0,0.009999972768127918
angle,1780513087918359446,2.0299999713897705,0,0.009999974630773067
angle,1780513087928359624,2.0299999713897705,0,0.009999982081353664
angle,1780513087938359800,2.0299999713897705,0,0.009999966248869896
angle,1780513087948360586,2.0299999713897705,0,0.009999931789934635
angle,1780513087958360223,2.0299999713897705,0,0.009999995119869709
angle,1780513087968360496,2.0299999713897705,0,0.009999965317547321
angle,1780513087978362462,2.0299999713897705,0,0.009999983012676239
angle,1780513087988360949,2.0299999713897705,0,0.009999936446547508
angle,1780513087998361330,2.0299999713897705,0,0.00999999139457941
angle,1780513088008362814,2.0299999713897705,0,0.009999999776482582
angle,1780513088018362590,2.0299999713897705,0,0.009999928995966911
angle,1780513088028362485,2.0299999713897705,0,0.009999886155128479
angle,1780513088038362219,2.0299999713897705,0,0.009999998845160007
angle,1780513088048362624,2.0299999713897705,0,0.009999945759773254
angle,1780513088058362643,2.0299999713897705,0,0.009999943897128105
angle,1780513088068363296,2.0299999713897705,0,0.009999946691095829
angle,1780513088078362976,2.0299999713897705,0,0.00999994482845068
angle,1780513088088363203,2.0299999713897705,0,0.009999955072999
angle,1780513088098363539,2.0299999713897705,0,0.009999946691095829
angle,1780513088108364028,2.0299999713897705,0,0.009999939240515232
angle,1780513088118363985,2.0299999713897705,0,0.009999965317547321
angle,1780513088128364775,2.0299999713897705,0,0.00999999139457941
angle,1780513088138367030,2.0299999713897705,0,0.010000006295740604
angle,1780513088148366497,2.0299999713897705,0,0.009999859146773815
angle,1780513088158378649,2.0299999713897705,0,0.009999928995966911
angle,1780513088168366174,2.0299999713897705,0,0.009999924339354038
angle,1780513088178365825,2.0299999713897705,0,0.00999987218528986
angle,1780513088188366128,2.0299999713897705,0,0.009999998845160007
angle,1780513088198366233,2.0299999713897705,0,0.00999996904283762
angle,1780513088208367611,2.0299999713897705,0,0.010000008158385754
angle,1780513088218366946,2.0299999713897705,0,0.009999986737966537
angle,1780513088228366976,2.0299999713897705,0,0.009999968111515045
angle,1780513088238367059,2.0299999713897705,0,0.009999948553740978
angle,1780513088248367461,2.0299999713897705,0,0.009999983943998814
angle,1780513088258367804,2.0299999713897705,0,0.009999982081353664
angle,1780513088268368187,2.0299999713897705,0,0.009999938309192657
angle,1780513088278367950,2.0299999713897705,0,0.009999951347708702
angle,1780513088288368340,2.0299999713897705,0,0.009999970905482769
angle,1780513088298368564,2.0299999713897705,0,0.010000000707805157
angle,1780513088308368827,2.0299999713897705,0,0.009999945759773254
angle,1780513088318368898,2.0299999713897705,0,0.00999999139457941
angle,1780513088328369038,2.0299999713897705,0,0.00999998115003109
angle,1780513088338369405,2.0299999713897705,0,0.010000004433095455
angle,1780513088348369980,2.0299999713897705,0,0.009999940171837807
angle,1780513088358369882,2.0299999713897705,0,0.009999961592257023
angle,1780513088368370556,2.0299999713897705,0,0.009999948553740978
angle,1780513088378370335,2.0299999713897705,0,0.009999942034482956
angle,1780513088388370604,2.0299999713897705,0,0.009999995119869709
angle,1780513088398371032,2.0299999713897705,0,0.009999966248869896
angle,1780513088408372299,2.0299999713897705,0,0.009999975562095642
angle,1780513088418371259,2.0299999713897705,0,0.009999953210353851
angle,1780513088428371389,2.0299999713897705,0,0.00999998115003109
angle,1780513088438371519,2.0299999713897705,0,0.00999997928738594
angle,1780513088448371993,2.0299999713897705,0,0.00999998115003109
angle,1780513088458372128,2.0299999713897705,0,0.00999991875141859
angle,1780513088468372690,2.0299999713897705,0,0.009999960660934448
angle,1780513088478372511,2.0299999713897705,0,0.009999963454902172
angle,1780513088488372829,2.0299999713897705,0,0.009999997913837433
angle,1780513088498373136,2.0299999713897705,0,0.009999998845160007
angle,1780513088508373340,2.0299999713897705,0,0.010000006295740604
angle,1780513088518373573,2.0299999713897705,0,0.010000000707805157
angle,1780513088528373940,2.0299999713897705,0,0.009999996982514858
angle,1780513088538374030,2.0299999713897705,0,0.00999994296580553
angle,1780513088548374728,2.0299999713897705,0,0.009999961592257023
angle,1780513088558374745,2.0299999713897705,0,0.009999888017773628
angle,1780513088568374723,2.0299999713897705,0,0.009999925270676613
angle,1780513088578375368,2.0299999713897705,0,0.010000001639127731
angle,1780513088588377102,2.0299999713897705,0,0.009999862872064114
angle,1780513088598377085,2.0299999713897705,0,0.0099998963996768
angle,1780513088608375974,2.0299999713897705,0,0.00999988429248333
angle,1780513088618376093,2.0299999713897705,0,0.009999977424740791
angle,1780513088628376201,2.0299999713897705,0,0.009999933652579784
angle,1780513088638376372,2.0299999713897705,0,0.009999975562095642
angle,1780513088648376887,2.0299999713897705,0,0.009999972768127918
angle,1780513088658376898,2.0299999713897705,0,0.009999945759773254
angle,1780513088668377664,2.0299999713897705,0,0.009999956004321575
angle,1780513088678377383,2.0299999713897705,0,0.009999966248869896
angle,1780513088688377863,2.0299999713897705,0,0.009999972768127918
angle,1780513088698377916,2.0299999713897705,0,0.009999994188547134
angle,1780513088708378316,2.0299999713897705,0,0.009999984875321388
angle,1780513088718378226,2.0299999713897705,0,0.009999954141676426
angle,1780513088728378545,2.0299999713897705,0,0.009999972768127918
angle,1780513088738378677,2.0299999713897705,0,0.009999956004321575
angle,1780513088748378951,2.0299999713897705,0,0.009999974630773067
angle,1780513088758379318,2.0299999713897705,0,0.010000001639127731
angle,1780513088768379957,2.0299999713897705,0,0.009999992325901985
angle,1780513088778379793,2.0299999713897705,0,0.00999985821545124
angle,1780513088788380112,2.0299999713897705,0,0.009999961592257023
angle,1780513088798380559,2.0299999713897705,0,0.00999999139457941
angle,1780513088808380554,2.0299999713897705,0,0.00999993272125721
angle,1780513088818381220,2.0299999713897705,0,0.00999997928738594
angle,1780513088828381031,2.0299999713897705,0,0.009999851696193218
angle,1780513088838381298,2.0299999713897705,0,0.009999943897128105
angle,1780513088848381429,2.0299999713897705,0,0.01000000536441803
angle,1780513088858381951,2.0299999713897705,0,0.01000000536441803
angle,1780513088868382003,2.0299999713897705,0,0.009999936446547508
angle,1780513088878382203,2.0299999713897705,0,0.010000007227063179
angle,1780513088888382871,2.0299999713897705,0,0.009999945759773254
angle,1780513088898382621,2.0299999713897705,0,0.009999963454902172
angle,1780513088908382952,2.0299999713897705,0,0.00999999325722456
angle,1780513088918382958,2.0299999713897705,0,0.009999956004321575
angle,1780513088928383519,2.0299999713897705,0,0.009999946691095829
angle,1780513088938384751,2.0299999713897705,0,0.009999934583902359
angle,1780513088948384067,2.0299999713897705,0,0.009999996051192284
angle,1780513088958384414,2.0299999713897705,0,0.010000000707805157
angle,1780513088968384963,2.0299999713897705,0,0.010000014677643776
angle,1780513088978385220,2.0299999713897705,0,0.009999909438192844
angle,1780513088988385145,2.0299999713897705,0,0.010000007227063179
angle,1780513088998385341,2.0299999713897705,0,0.009999956004321575
angle,1780513089008386590,2.0299999713897705,0,0.009999942034482956
angle,1780513089018386079,2.0299999713897705,0,0.009999937377870083
angle,1780513089028386133,2.0299999713897705,0,0.010000002570450306
angle,1780513089038386279,2.0299999713897705,0,0.00999996904283762
angle,1780513089048386623,2.0299999713897705,0,0.009999973699450493
angle,1780513089058386952,2.0299999713897705,0,0.009999943897128105
angle,1780513089068387354,2.0299999713897705,0,0.009999898262321949
angle,1780513089078387168,2.0299999713897705,0,0.009999988600611687
angle,1780513089088387361,2.0299999713897705,0,0.009999983012676239
angle,1780513089098388054,2.0299999713897705,0,0.009999999776482582
angle,1780513089108388891,2.0299999713897705,0,0.010000035166740417
angle,1780513089118388589,2.0299999713897705,0,0.009999891743063927
angle,1780513089128388799,2.0299999713897705,0,0.009999977424740791
angle,1780513089138389159,2.0299999713897705,0,0.009999901056289673
angle,1780513089148389313,2.0299999713897705,0,0.009999994188547134
angle,1780513089158389955,2.0299999713897705,0,0.009999960660934448
angle,1780513089168389815,2.0299999713897705,0,0.009999912232160568
angle,1780513089178391748,2.0299999713897705,0,0.009999960660934448
angle,1780513089188390185,2.0299999713897705,0,0.009999925270676613
angle,1780513089198390967,2.0299999713897705,0,0.00999995693564415
angle,1780513089208390946,2.0299999713897705,0,0.0099998963996768
angle,1780513089218391062,2.0299999713897705,0,0.009999977424740791
angle,1780513089228391096,2.0299999713897705,0,0.010000000707805157
angle,1780513089238393072,2.0299999713897705,0,0.009999960660934448
angle,1780513089248391498,2.0299999713897705,0,0.009999914094805717
angle,1780513089258391957,2.0299999713897705,0,0.009999977424740791
angle,1780513089268392033,2.0299999713897705,0,0.009999951347708702
angle,1780513089278392198,2.0299999713897705,0,0.009999938309192657
angle,1780513089288392710,2.0299999713897705,0,0.009999966248869896
angle,1780513089298392917,2.0299999713897705,0,0.009999901987612247
angle,1780513089308392954,2.0299999713897705,0,0.009999960660934448
angle,1780513089318393332,2.0299999713897705,0,0.009999996051192284
angle,1780513089328394016,2.0299999713897705,0,0.009999943897128105
angle,1780513089338393898,2.0299999713897705,0,0.009999948553740978
angle,1780513089348394029,2.0299999713897705,0,0.010000010021030903
angle,1780513089358394293,2.0299999713897705,0,0.009999971836805344
angle,1780513089368394571,2.0299999713897705,0,0.009999880567193031
angle,1780513089378394801,2.0299999713897705,0,0.009999977424740791
angle,1780513089388395124,2.0299999713897705,0,0.009999940171837807
angle,1780513089398395373,2.0299999713897705,0,0.009999915957450867
angle,1780513089408395500,2.0299999713897705,0,0.009999969974160194
angle,1780513089418395770,2.0299999713897705,0,0.009999987669289112
angle,1780513089430151150,2.0299999713897705,0,0.011754709295928478
angle,1780513089440151778,2.0299999713897705,0,0.009999946691095829
angle,1780513089450151657,2.0299999713897705,0,0.009999996982514858
angle,1780513089460152405,2.0299999713897705,0,0.009999945759773254
angle,1780513089470152025,2.0299999713897705,0,0.009999938309192657
angle,1780513089480152336,2.0299999713897705,0,0.009999996982514858
angle,1780513089490152907,2.0299999713897705,0,0.009999983012676239
angle,1780513089500152826,2.0299999713897705,0,0.009999956004321575
angle,1780513089510153041,2.0299999713897705,0,0.009999958798289299
angle,1780513089520153492,2.0299999713897705,0,0.009999984875321388
angle,1780513089530153856,2.0299999713897705,0,0.009999933652579784
angle,1780513089540154287,2.0299999713897705,0,0.009999995119869709
angle,1780513089550154336,2.0299999713897705,0,0.009999996051192284
angle,1780513089560154966,2.0299999713897705,0,0.00999999139457941
angle,1780513089570154716,2.0299999713897705,0,0.009999974630773067
angle,1780513089580155296,2.0299999713897705,0,0.010000009089708328
angle,1780513089590155165,2.0299999713897705,0,0.009999951347708702
angle,1780513089600155432,2.0299999713897705,0,0.009999948553740978
angle,1780513089610155587,2.0299999713897705,0,0.009999964386224747
angle,1780513089620156178,2.0299999713897705,0,0.009999934583902359
angle,1780513089630155945,2.0299999713897705,0,0.009999977424740791
angle,1780513089640156275,2.0299999713897705,0,0.009999985806643963
angle,1780513089650156689,2.0299999713897705,0,0.00999998115003109
angle,1780513089660157126,2.0299999713897705,0,0.009999951347708702
angle,1780513089670156990,2.0299999713897705,0,0.009999874979257584
angle,1780513089680157234,2.0299999713897705,0,0.009999994188547134
angle,1780513089690157788,2.0299999713897705,0,0.009999964386224747
angle,1780513089700157676,2.0299999713897705,0,0.010000002570450306
angle,1780513089710158312,2.0299999713897705,0,0.009999938309192657
angle,1780513089720158555,2.0299999713897705,0,0.01000000536441803
angle,1780513089730159014,2.0299999713897705,0,0.009999940171837807
angle,1780513089740159006,2.0299999713897705,0,0.01000000536441803
angle,1780513089750159500,2.0299999713897705,0,0.009999983943998814
angle,1780513089760160456,2.0299999713897705,0,0.00999998115003109
angle,1780513089770159503,2.0299999713897705,0,0.009999973699450493
angle,1780513089780159770,2.0299999713897705,0,0.00999994482845068
angle,1780513089790160011,2.0299999713897705,0,0.009999941103160381
angle,1780513089800160496,2.0299999713897705,0,0.00999999325722456
angle,1780513089810160495,2.0299999713897705,0,0.009999984875321388
angle,1780513089820160752,2.0299999713897705,0,0.009999985806643963
angle,1780513089830161008,2.0299999713897705,0,0.00999995693564415
angle,1780513089840161146,2.0299999713897705,0,0.009999947622418404
angle,1780513089850161499,2.0299999713897705,0,0.00999999139457941
angle,1780513089860161755,2.0299999713897705,0,0.009999948553740978
angle,1780513089870162078,2.0299999713897705,0,0.00999995693564415
angle,1780513089880162294,2.0299999713897705,0,0.00999987032264471
angle,1780513089890162701,2.0299999713897705,0,0.009999878704547882
angle,1780513089900162567,2.0299999713897705,0,0.009999997913837433
angle,1780513089910162594,2.0299999713897705,0,0.009999940171837807
angle,1780513089920162829,2.0299999713897705,0,0.009999959729611874
angle,1780513089930163366,2.0299999713897705,0,0.009999948553740978
angle,1780513089940163811,2.0299999713897705,0,0.009999960660934448
angle,1780513089950163461,2.0299999713897705,0,0.009999931789934635
angle,1780513089960164235,2.0299999713897705,0,0.00999999325722456
angle,1780513089970165931,2.0299999713897705,0,0.010000035166740417
angle,1780513089980165998,2.0299999713897705,0,0.009999890811741352
angle,1780513089990164617,2.0299999713897705,0,0.009999855421483517
angle,1780513090000164902,2.0299999713897705,0,0.009999945759773254
angle,1780513090010167086,2.0299999713897705,0,0.009999951347708702
angle,1780513090020165299,2.0299999713897705,0,0.009999929927289486
angle,1780513090030165517,2.0299999713897705,0,0.00999999325722456
angle,1780513090040165649,2.0299999713897705,0,0.009999951347708702
angle,1780513090050165892,2.0299999713897705,0,0.00999994296580553
angle,1780513090060166688,2.0299999713897705,0,0.010000006295740604
angle,1780513090070166608,2.0299999713897705,0,0.009999938309192657
angle,1780513090080167221,2.0299999713897705,0,0.00999987218528986
angle,1780513090090166893,2.0299999713897705,0,0.009999970905482769
angle,1780513090100167164,2.0299999713897705,0,0.009999963454902172
angle,1780513090110167385,2.0299999713897705,0,0.009999947622418404
angle,1780513090120167643,2.0299999713897705,0,0.009999971836805344
angle,1780513090130167619,2.0299999713897705,0,0.009999966248869896
angle,1780513090140167942,2.0299999713897705,0,0.010000000707805157
angle,1780513090150168418,2.0299999713897705,0,0.009999964386224747
angle,1780513090160169348,2.0299999713897705,0,0.00999998115003109
angle,1780513090170169102,2.0299999713897705,0,0.009999889880418777
angle,1780513090180170542,2.0299999713897705,0,0.009999903850257397
angle,1780513090190169899,2.0299999713897705,0,0.009999941103160381
angle,1780513090200169694,2.0299999713897705,0,0.00999998115003109
angle,1780513090210170323,2.0299999713897705,0,0.009999984875321388
angle,1780513090220170788,2.0299999713897705,0,0.009999926201999187
angle,1780513090230171781,2.0299999713897705,0,0.009999942034482956
angle,1780513090240170663,2.0299999713897705,0,0.009999890811741352
angle,1780513090250170924,2.0299999713897705,0,0.00999995693564415
angle,1780513090260171354,2.0299999713897705,0,0.009999942034482956
angle,1780513090270171735,2.0299999713897705,0,0.009999923408031464
angle,1780513090280171788,2.0299999713897705,0,0.009999936446547508
angle,1780513090290171906,2.0299999713897705,0,0.01000000536441803
angle,1780513090300172136,2.0299999713897705,0,0.009999941103160381
angle,1780513090310172253,2.0299999713897705,0,0.009999986737966537
angle,1780513090320172539,2.0299999713897705,0,0.009999942034482956
angle,1780513090330172723,2.0299999713897705,0,0.009999970905482769
angle,1780513090340173058,2.0299999713897705,0,0.009999966248869896
angle,1780513090350173326,2.0299999713897705,0,0.00999996718019247
angle,1780513090360173969,2.0299999713897705,0,0.010000002570450306
angle,1780513090370173646,2.0299999713897705,0,0.00999991875141859
angle,1780513090380174016,2.0299999713897705,0,0.009999972768127918
angle,1780513090390174245,2.0299999713897705,0,0.009999996051192284
angle,1780513090400174278,2.0299999713897705,0,0.009999970905482769
angle,1780513090410174839,2.0299999713897705,0,0.010000000707805157
angle,1780513090420174782,2.0299999713897705,0,0.009999937377870083
angle,1780513090430174986,2.0299999713897705,0,0.009999973699450493
angle,1780513090440175305,2.0299999713897705,0,0.009999997913837433
angle,1780513090450175942,2.0299999713897705,0,0.009999936446547508
angle,1780513090460176045,2.0299999713897705,0,0.00999996718019247
angle,1780513090470176052,2.0299999713897705,0,0.009999915026128292
angle,1780513090480176445,2.0299999713897705,0,0.009999933652579784
angle,1780513090490176912,2.0299999713897705,0,0.009999903850257397
angle,1780513090500176700,2.0299999713897705,0,0.010000002570450306
angle,1780513090510177019,2.0299999713897705,0,0.009999996051192284
angle,1780513090520177095,2.0299999713897705,0,0.009999939240515232
angle,1780513090530177433,2.0299999713897705,0,0.009999955072999
angle,1780513090540177506,2.0299999713897705,0,0.00999994482845068
angle,1780513090550177955,2.0299999713897705,0,0.009999998845160007
angle,1780513090560178362,2.0299999713897705,0,0.00999998115003109
angle,1780513090570178340,2.0299999713897705,0,0.009999987669289112
angle,1780513090580179198,2.0299999713897705,0,0.009999999776482582
angle,1780513090590179393,2.0299999713897705,0,0.010000004433095455
angle,1780513090600179488,2.0299999713897705,0,0.009999950416386127
angle,1780513090610179469,2.0299999713897705,0,0.009999971836805344
angle,1780513090620179389,2.0299999713897705,0,0.009999963454902172
angle,1780513090630179682,2.0299999713897705,0,0.009999964386224747
angle,1780513090640180171,2.0299999713897705,0,0.009999951347708702
angle,1780513090650180234,2.0299999713897705,0,0.009999983012676239
angle,1780513090660180767,2.0299999713897705,0,0.009999966248869896
angle,1780513090670180851,2.0299999713897705,0,0.009999915026128292
angle,1780513090680181109,2.0299999713897705,0,0.009999998845160007
angle,1780513090690181564,2.0299999713897705,0,0.009999984875321388
angle,1780513090700181551,2.0299999713897705,0,0.010000002570450306
angle,1780513090710181689,2.0299999713897705,0,0.009999963454902172
angle,1780513090720182001,2.0299999713897705,0,0.009999995119869709
angle,1780513090730182447,2.0299999713897705,0,0.009999954141676426
angle,1780513090740182483,2.0299999713897705,0,0.009999957866966724
angle,1780513090750182922,2.0299999713897705,0,0.009999999776482582
angle,1780513090760183050,2.0299999713897705,0,0.009999946691095829
angle,1780513090770183060,2.0299999713897705,0,0.009999970905482769
angle,1780513090780183806,2.0299999713897705,0,0.009999931789934635
angle,1780513090790183580,2.0299999713897705,0,0.009999925270676613
angle,1780513090800183878,2.0299999713897705,0,0.009999968111515045
angle,1780513090810183976,2.0299999713897705,0,0.010000004433095455
angle,1780513090820184433,2.0299999713897705,0,0.00999999139457941
angle,1780513090830184631,2.0299999713897705,0,0.009999994188547134
angle,1780513090840184828,2.0299999713897705,0,0.00999995693564415
angle,1780513090850185106,2.0299999713897705,0,0.010000001639127731
angle,1780513090860185296,2.0299999713897705,0,0.01000000536441803
angle,1780513090870185568,2.0299999713897705,0,0.009999966248869896
angle,1780513090880185934,2.0299999713897705,0,0.009999996982514858
angle,1780513090890185922,2.0299999713897705,0,0.009999964386224747
angle,1780513090900186267,2.0299999713897705,0,0.009999959729611874
angle,1780513090910186767,2.0299999713897705,0,0.009999982081353664
angle,1780513090920187096,2.0299999713897705,0,0.009999974630773067
angle,1780513090930187294,2.0299999713897705,0,0.00999995693564415
angle,1780513090940187579,2.0299999713897705,0,0.009999996982514858
angle,1780513090950187872,2.0299999713897705,0,0.010000033304095268
angle,1780513090960188429,2.0299999713897705,0,0.009999954141676426
angle,1780513090970188438,2.0299999713897705,0,0.009999983012676239
angle,1780513090980188851,2.0299999713897705,0,0.009999936446547508
angle,1780513090990188820,2.0299999713897705,0,0.009999959729611874
angle,1780513091000189192,2.0299999713897705,0,0.009999970905482769
angle,1780513091010190490,2.0299999713897705,0,0.00999996718019247
angle,1780513091020189814,2.0299999713897705,0,0.009999869391322136
angle,1780513091030189735,2.0299999713897705,0,0.00999995693564415
angle,1780513091040197558,2.0299999713897705,0,0.009999960660934448
angle,1780513091050190220,2.0299999713897705,0,0.01000000536441803
angle,1780513091060190946,2.0299999713897705,0,0.010000002570450306
angle,1780513091070191047,2.0299999713897705,0,0.009999947622418404
angle,1780513091080191005,2.0299999713897705,0,0.009999873116612434
angle,1780513091090192678,2.0299999713897705,0,0.009999946691095829
angle,1780513091100191368,2.0299999713897705,0,0.009999956004321575
angle,1780513091110191999,2.0299999713897705,0,0.009999955072999
angle,1780513091120191760,2.0299999713897705,0,0.009999959729611874
angle,1780513091130191892,2.0299999713897705,0,0.009999982081353664
angle,1780513091140192151,2.0299999713897705,0,0.009999970905482769
angle,1780513091150192712,2.0299999713897705,0,0.009999987669289112
angle,1780513091160192555,2.0299999713897705,0,0.010000006295740604
angle,1780513091170193278,2.0299999713897705,0,0.009999994188547134
angle,1780513091181985317,2.0299999713897705,0,0.01179156918078661
angle,1780513091192016673,2.0299999713897705,0,0.009999983943998814
angle,1780513091201985840,2.0299999713897705,0,0.009999977424740791
angle,1780513091211986080,2.0299999713897705,0,0.009999968111515045
angle,1780513091221986462,2.0299999713897705,0,0.009999990463256836
angle,1780513091231986802,2.0299999713897705,0,0.009999996051192284
angle,1780513091241986675,2.0299999713897705,0,0.009999999776482582
angle,1780513091251987004,2.0299999713897705,0,0.009999948553740978
angle,1780513091261987213,2.0299999713897705,0,0.009999997913837433
angle,1780513091271987846,2.0299999713897705,0,0.009999953210353851
angle,1780513091281988425,2.0299999713897705,0,0.009999977424740791
angle,1780513091291988265,2.0299999713897705,0,0.010000007227063179
angle,1780513091301988381,2.0299999713897705,0,0.009999970905482769
angle,1780513091311988725,2.0299999713897705,0,0.009999951347708702
angle,1780513091321989231,2.0299999713897705,0,0.009999996982514858
angle,1780513091331989032,2.0299999713897705,0,0.009999995119869709
angle,1780513091341989642,2.0299999713897705,0,0.009999958798289299
angle,1780513091351989693,2.0299999713897705,0,0.009999974630773067
angle,1780513091361990236,2.0299999713897705,0,0.009999977424740791
angle,1780513091371990554,2.0299999713897705,0,0.010000008158385754
angle,1780513091381990697,2.0299999713897705,0,0.00999997928738594
angle,1780513091391990852,2.0299999713897705,0,0.009999977424740791
angle,1780513091401991002,2.0299999713897705,0,0.009999965317547321
angle,1780513091411991548,2.0299999713897705,0,0.009999897330999374
angle,1780513091421991454,2.0299999713897705,0,0.009999994188547134
angle,1780513091431991733,2.0299999713897705,0,0.00999999325722456
angle,1780513091441992176,2.0299999713897705,0,0.00999997928738594
angle,1780513091453781414,2.0299999713897705,0,0.01178835704922676
angle,1780513091463781367,2.0299999713897705,0,0.009999945759773254
angle,1780513091473782534,2.0299999713897705,0,0.009999938309192657
angle,1780513091483782276,2.0299999713897705,0,0.009999890811741352
angle,1780513091493782233,2.0299999713897705,0,0.009999940171837807
angle,1780513091503782219,2.0299999713897705,0,0.009999959729611874
angle,1780513091513782445,2.0299999713897705,0,0.009999996982514858
angle,1780513091523783163,2.0299999713897705,0,0.00999996904283762
angle,1780513091533783263,2.0299999713897705,0,0.009999985806643963
angle,1780513091543783248,2.0299999713897705,0,0.009999997913837433
angle,1780513091553783432,2.0299999713897705,0,0.009999959729611874
angle,1780513091563783809,2.0299999713897705,0,0.010000007227063179
angle,1780513091573784209,2.0299999713897705,0,0.00999994482845068
angle,1780513091583784173,2.0299999713897705,0,0.009999958798289299
angle,1780513091593784592,2.0299999713897705,0,0.009999988600611687
angle,1780513091603784486,2.0299999713897705,0,0.009999925270676613
angle,1780513091613785099,2.0299999713897705,0,0.009999994188547134
angle,1780513091623785010,2.0299999713897705,0,0.009999947622418404
angle,1780513091633785311,2.0299999713897705,0,0.009999988600611687
angle,1780513091643785461,2.0299999713897705,0,0.009999952279031277
angle,1780513091653785606,2.0299999713897705,0,0.010000002570450306
angle,1780513091663786235,2.0299999713897705,0,0.009999975562095642
angle,1780513091673786340,2.0299999713897705,0,0.009999983943998814
angle,1780513091683786654,2.0299999713897705,0,0.009999913163483143
angle,1780513091693786789,2.0299999713897705,0,0.009999880567193031
angle,1780513091703787394,2.0299999713897705,0,0.009999968111515045
angle,1780513091713787346,2.0299999713897705,0,0.009999969974160194
angle,1780513091723787465,2.0299999713897705,0,0.00999998115003109
angle,1780513091733787712,2.0299999713897705,0,0.009999999776482582
angle,1780513091743788242,2.0299999713897705,0,0.00999999139457941
angle,1780513091753788622,2.0299999713897705,0,0.010000006295740604
angle,1780513091763788530,2.0299999713897705,0,0.009999859146773815
angle,1780513091773788828,2.0299999713897705,0,0.009999983012676239
angle,1780513091783788867,2.0299999713897705,0,0.009999901987612247
angle,1780513091793788984,2.0299999713897705,0,0.009999973699450493
angle,1780513091803789116,2.0299999713897705,0,0.009999934583902359
angle,1780513091813789372,2.0299999713897705,0,0.009999965317547321
angle,1780513091823789684,2.0299999713897705,0,0.00999999325722456
angle,1780513091833790260,2.0299999713897705,0,0.010000008158385754
angle,1780513091843790171,2.0299999713897705,0,0.009999988600611687
angle,1780513091853790417,2.0299999713897705,0,0.009999966248869896
angle,1780513091863790667,2.0299999713897705,0,0.009999952279031277
angle,1780513091873791436,2.0299999713897705,0,0.009999953210353851
angle,1780513091883792754,2.0299999713897705,0,0.009999885223805904
angle,1780513091893791207,2.0299999713897705,0,0.009999879635870457
angle,1780513091903791561,2.0299999713897705,0,0.009999964386224747
angle,1780513091913791608,2.0299999713897705,0,0.009999995119869709
angle,1780513091923792066,2.0299999713897705,0,0.010000002570450306
angle,1780513091933792539,2.0299999713897705,0,0.009999943897128105
angle,1780513091943792509,2.0299999713897705,0,0.010000001639127731
angle,1780513091953792713,2.0299999713897705,0,0.009999952279031277
angle,1780513091963793046,2.0299999713897705,0,0.009999977424740791
angle,1780513091973795291,2.0299999713897705,0,0.009999956004321575
angle,1780513091983793704,2.0299999713897705,0,0.00999990664422512
angle,1780513091993795635,2.0299999713897705,0,0.009999959729611874
angle,1780513092003796539,2.0299999713897705,0,0.009999924339354038
angle,1780513092013794397,2.0299999713897705,0,0.009999880567193031
angle,1780513092023794210,2.0299999713897705,0,0.00999999325722456
angle,1780513092033794453,2.0299999713897705,0,0.009999983943998814
angle,1780513092043795045,2.0299999713897705,0,0.009999970905482769
angle,1780513092053795054,2.0299999713897705,0,0.009999988600611687
angle,1780513092063795231,2.0299999713897705,0,0.009999942034482956
angle,1780513092073795625,2.0299999713897705,0,0.009999986737966537
angle,1780513092083796285,2.0299999713897705,0,0.009999955072999
angle,1780513092093796751,2.0299999713897705,0,0.010000034235417843
angle,1780513092103796623,2.0299999713897705,0,0.009999883361160755
angle,1780513092113796869,2.0299999713897705,0,0.009999955072999
angle,1780513092123797081,2.0299999713897705,0,0.009999951347708702
angle,1780513092133797447,2.0299999713897705,0,0.009999947622418404
angle,1780513092143797306,2.0299999713897705,0,0.009999937377870083
angle,1780513092153797622,2.0299999713897705,0,0.009999960660934448
angle,1780513092163797837,2.0299999713897705,0,0.009999970905482769
angle,1780513092173798387,2.0299999713897705,0,0.009999983943998814
angle,1780513092183799368,2.0299999713897705,0,0.009999940171837807
angle,1780513092193798194,2.0299999713897705,0,0.009999888017773628
angle,1780513092203798563,2.0299999713897705,0,0.009999987669289112
angle,1780513092213799077,2.0299999713897705,0,0.009999943897128105
angle,1780513092223799088,2.0299999713897705,0,0.009999987669289112
angle,1780513092233799628,2.0299999713897705,0,0.009999968111515045
angle,1780513092243799469,2.0299999713897705,0,0.009999886155128479
angle,1780513092253799925,2.0299999713897705,0,0.009999990463256836
angle,1780513092263800095,2.0299999713897705,0,0.009999939240515232
angle,1780513092273800302,2.0299999713897705,0,0.009999964386224747
angle,1780513092283800559,2.0299999713897705,0,0.009999958798289299
angle,1780513092293801171,2.0299999713897705,0,0.009999964386224747
angle,1780513092303801392,2.0299999713897705,0,0.01000000536441803
angle,1780513092313801425,2.0299999713897705,0,0.010000004433095455
angle,1780513092323801495,2.0299999713897705,0,0.009999997913837433
angle,1780513092333801769,2.0299999713897705,0,0.00999999325722456
angle,1780513092343802141,2.0299999713897705,0,0.009999964386224747
angle,1780513092353802263,2.0299999713897705,0,0.009999961592257023
angle,1780513092363802630,2.0299999713897705,0,0.009999992325901985
angle,1780513092373803238,2.0299999713897705,0,0.009999937377870083
angle,1780513092383803353,2.0299999713897705,0,0.009999956004321575
angle,1780513092393803344,2.0299999713897705,0,0.00999989453703165
angle,1780513092403803665,2.0299999713897705,0,0.009999969974160194
angle,1780513092413803635,2.0299999713897705,0,0.009999988600611687
angle,1780513092423804222,2.0299999713897705,0,0.009999947622418404
angle,1780513092433804407,2.0299999713897705,0,0.009999948553740978
angle,1780513092443804573,2.0299999713897705,0,0.009999963454902172
angle,1780513092453805024,2.0299999713897705,0,0.009999966248869896
angle,1780513092463805156,2.0299999713897705,0,0.010000009089708328
angle,1780513092473805816,2.0299999713897705,0,0.010000004433095455
angle,1780513092483805752,2.0299999713897705,0,0.00999994482845068
angle,1780513092493806159,2.0299999713897705,0,0.009999997913837433
angle,1780513092503806391,2.0299999713897705,0,0.009999953210353851
angle,1780513092513806493,2.0299999713897705,0,0.009999943897128105
angle,1780513092523807074,2.0299999713897705,0,0.009999946691095829
angle,1780513092533807383,2.0299999713897705,0,0.009999873116612434
angle,1780513092543807251,2.0299999713897705,0,0.009999938309192657
angle,1780513092553807398,2.0299999713897705,0,0.009999983943998814
angle,1780513092563808075,2.0299999713897705,0,0.009999937377870083
angle,1780513092573808044,2.0299999713897705,0,0.009999983012676239
angle,1780513092583807999,2.0299999713897705,0,0.009999939240515232
angle,1780513092593808480,2.0299999713897705,0,0.00999999325722456
angle,1780513092603808726,2.0299999713897705,0,0.009999941103160381
angle,1780513092613808709,2.0299999713897705,0,0.00999994482845068
angle,1780513092623808889,2.0299999713897705,0,0.009999961592257023
angle,1780513092633809076,2.0299999713897705,0,0.00999994296580553
angle,1780513092643809725,2.0299999713897705,0,0.009999960660934448
angle,1780513092653809437,2.0299999713897705,0,0.00999998115003109
angle,1780513092663809815,2.0299999713897705,0,0.009999974630773067
angle,1780513092673810054,2.0299999713897705,0,0.009999936446547508
angle,1780513092683810002,2.0299999713897705,0,0.009999954141676426
angle,1780513092693810493,2.0299999713897705,0,0.009999961592257023
angle,1780513092703810753,2.0299999713897705,0,0.009999955072999
angle,1780513092713810665,2.0299999713897705,0,0.009999943897128105
angle,1780513092723810945,2.0299999713897705,0,0.009999958798289299
angle,1780513092733811578,2.0299999713897705,0,0.00999994482845068
angle,1780513092743811479,2.0299999713897705,0,0.009999982081353664
angle,1780513092753811621,2.0299999713897705,0,0.00999999139457941
angle,1780513092763811885,2.0299999713897705,0,0.009999987669289112
angle,1780513092773812555,2.0299999713897705,0,0.009999952279031277
angle,1780513092783812621,2.0299999713897705,0,0.009999940171837807
angle,1780513092793812889,2.0299999713897705,0,0.009999983012676239
angle,1780513092803813014,2.0299999713897705,0,0.00999996904283762
angle,1780513092813813288,2.0299999713897705,0,0.009999975562095642
angle,1780513092823814016,2.0299999713897705,0,0.009999998845160007
angle,1780513092833813835,2.0299999713897705,0,0.009999947622418404
angle,1780513092843814037,2.0299999713897705,0,0.00999994296580553
angle,1780513092853814269,2.0299999713897705,0,0.009999965317547321
angle,1780513092863814593,2.0299999713897705,0,0.010000000707805157
angle,1780513092873814973,2.0299999713897705,0,0.00999994482845068
angle,1780513092883815218,2.0299999713897705,0,0.009999966248869896
angle,1780513092893815580,2.0299999713897705,0,0.009999950416386127
angle,1780513092903815621,2.0299999713897705,0,0.009999992325901985
angle,1780513092913816265,2.0299999713897705,0,0.009999968111515045
angle,1780513092923816011,2.0299999713897705,0,0.009999980218708515
angle,1780513092933816391,2.0299999713897705,0,0.009999972768127918
angle,1780513092943816513,2.0299999713897705,0,0.009999943897128105
angle,1780513092953817075,2.0299999713897705,0,0.00999999325722456
angle,1780513092963817680,2.0299999713897705,0,0.010000052861869335
angle,1780513092973817852,2.0299999713897705,0,0.00999994296580553
angle,1780513092983817940,2.0299999713897705,0,0.009999953210353851
angle,1780513092993818170,2.0299999713897705,0,0.009999958798289299
angle,1780513093003818749,2.0299999713897705,0,0.009999945759773254
angle,1780513093013818788,2.0299999713897705,0,0.009999982081353664
angle,1780513093023818712,2.0299999713897705,0,0.009999995119869709
angle,1780513093033818950,2.0299999713897705,0,0.009999968111515045
angle,1780513093043819306,2.0299999713897705,0,0.009999960660934448
angle,1780513093053819891,2.0299999713897705,0,0.009999945759773254
angle,1780513093063819789,2.0299999713897705,0,0.009999971836805344
angle,1780513093073819915,2.0299999713897705,0,0.009999942034482956
angle,1780513093083820541,2.0299999713897705,0,0.009999964386224747
angle,1780513093093820545,2.0299999713897705,0,0.009999915957450867
angle,1780513093103821190,2.0299999713897705,0,0.009999913163483143
angle,1780513093113820843,2.0299999713897705,0,0.00999994482845068
angle,1780513093123821047,2.0299999713897705,0,0.00999996904283762
angle,1780513093133821131,2.0299999713897705,0,0.009999969974160194
angle,1780513093143821780,2.0299999713897705,0,0.009999970905482769
angle,1780513093153822524,2.0299999713897705,0,0.010000002570450306
angle,1780513093163824171,2.0299999713897705,0,0.009999964386224747
angle,1780513093173823688,2.0299999713897705,0,0.009999924339354038
angle,1780513093183823597,2.0299999713897705,0,0.009999857284128666
angle,1780513093193822924,2.0299999713897705,0,0.00999992061406374
angle,1780513093203822975,2.0299999713897705,0,0.009999980218708515
angle,1780513093213823474,2.0299999713897705,0,0.009999942034482956
angle,1780513093223823563,2.0299999713897705,0,0.009999971836805344
angle,1780513093233823705,2.0299999713897705,0,0.009999947622418404
angle,1780513093243823705,2.0299999713897705,0,0.009999950416386127
angle,1780513093253824399,2.0299999713897705,0,0.00999998115003109
angle,1780513093263824580,2.0299999713897705,0,0.009999959729611874
angle,1780513093273825034,2.0299999713897705,0,0.009999969974160194
angle,1780513093283825429,2.0299999713897705,0,0.009999950416386127
angle,1780513093293825408,2.0299999713897705,0,0.010000006295740604
angle,1780513093303825888,2.0299999713897705,0,0.009999974630773067
angle,1780513093313825520,2.0299999713897705,0,0.010000007227063179
angle,1780513093323825923,2.0299999713897705,0,0.009999978356063366
angle,1780513093333826069,2.0299999713897705,0,0.00999999139457941
angle,1780513093343826840,2.0299999713897705,0,0.009999982081353664
angle,1780513093353826815,2.0299999713897705,0,0.009999878704547882
angle,1780513093363827261,2.0299999713897705,0,0.009999960660934448
angle,1780513093373827324,2.0299999713897705,0,0.009999954141676426
angle,1780513093383828428,2.0299999713897705,0,0.009999966248869896
angle,1780513093393828218,2.0299999713897705,0,0.009999885223805904
angle,1780513093403828073,2.0299999713897705,0,0.00999998115003109
angle,1780513093413828276,2.0299999713897705,0,0.010000009089708328
angle,1780513093423828700,2.0299999713897705,0,0.009999983943998814
angle,1780513093433828953,2.0299999713897705,0,0.009999975562095642
angle,1780513093443829093,2.0299999713897705,0,0.009999968111515045
angle,1780513093453829478,2.0299999713897705,0,0.009999984875321388
angle,1780513093463829746,2.0299999713897705,0,0.00999999325722456
angle,1780513093473829908,2.0299999713897705,0,0.009999948553740978
angle,1780513093483830731,2.0299999713897705,0,0.009999963454902172
angle,1780513093493831494,2.0299999713897705,0,0.009999958798289299
angle,1780513093503830603,2.0299999713897705,0,0.009999934583902359
angle,1780513093513831411,2.0299999713897705,0,0.009999933652579784
angle,1780513093523831224,2.0299999713897705,0,0.009999914094805717
angle,1780513093533831807,2.0299999713897705,0,0.009999975562095642
angle,1780513093543831725,2.0299999713897705,0,0.009999988600611687
angle,1780513093553833758,2.0299999713897705,0,0.00999995693564415
angle,1780513093563832710,2.0299999713897705,0,0.00999988242983818
angle,1780513093573832813,2.0299999713897705,0,0.00999991875141859
angle,1780513093583833126,2.0299999713897705,0,0.009999959729611874
angle,1780513093593833287,2.0299999713897705,0,0.00999991875141859
angle,1780513093603833314,2.0299999713897705,0,0.009999997913837433
angle,1780513093613833358,2.0299999713897705,0,0.009999965317547321
angle,1780513093623833998,2.0299999713897705,0,0.009999999776482582
angle,1780513093633834264,2.0299999713897705,0,0.009999996051192284
angle,1780513093643834499,2.0299999713897705,0,0.009999954141676426
angle,1780513093653834774,2.0299999713897705,0,0.009999980218708515
angle,1780513093663834873,2.0299999713897705,0,0.009999941103160381
angle,1780513093673835411,2.0299999713897705,0,0.009999980218708515
angle,1780513093683835482,2.0299999713897705,0,0.009999937377870083
angle,1780513093693835813,2.0299999713897705,0,0.009999941103160381
angle,1780513093703835860,2.0299999713897705,0,0.009999973699450493
angle,1780513093713836133,2.0299999713897705,0,0.009999963454902172
angle,1780513093723836943,2.0299999713897705,0,0.009999994188547134
angle,1780513093733836386,2.0299999713897705,0,0.009999856352806091
angle,1780513093743836587,2.0299999713897705,0,0.009999968111515045
angle,1780513093753836817,2.0299999713897705,0,0.009999955072999
angle,1780513093763837157,2.0299999713897705,0,0.009999984875321388
angle,1780513093773837266,2.0299999713897705,0,0.009999943897128105
angle,1780513093783837730,2.0299999713897705,0,0.009999985806643963
angle,1780513093793837864,2.0299999713897705,0,0.00999993085861206
angle,1780513093803837981,2.0299999713897705,0,0.009999988600611687
angle,1780513093813838510,2.0299999713897705,0,0.009999983012676239
angle,1780513093823838741,2.0299999713897705,0,0.010000004433095455
angle,1780513093833838698,2.0299999713897705,0,0.009999940171837807
angle,1780513093843838878,2.0299999713897705,0,0.009999977424740791
angle,1780513093853839073,2.0299999713897705,0,0.009999969974160194
angle,1780513093863839426,2.0299999713897705,0,0.009999980218708515
angle,1780513093873839937,2.0299999713897705,0,0.009999999776482582
angle,1780513093883840330,2.0299999713897705,0,0.009999999776482582
angle,1780513093893840130,2.0299999713897705,0,0.009999874979257584
angle,1780513093903840289,2.0299999713897705,0,0.009999947622418404
angle,1780513093913840706,2.0299999713897705,0,0.009999969974160194
angle,1780513093923841096,2.0299999713897705,0,0.009999955072999
angle,1780513093933842908,2.0299999713897705,0,0.009999997913837433
angle,1780513093943841578,2.0299999713897705,0,0.0099997753277421
angle,1780513093953841769,2.0299999713897705,0,0.009999946691095829
angle,1780513093963842057,2.0299999713897705,0,0.009999995119869709
angle,1780513093973843898,2.0299999713897705,0,0.010000023990869522
angle,1780513093983843845,2.0299999713897705,0,0.009999869391322136
angle,1780513093993842963,2.0299999713897705,0,0.009999900124967098
angle,1780513094003843503,2.0299999713897705,0,0.009999996982514858
angle,1780513094013843481,2.0299999713897705,0,0.010000001639127731
angle,1780513094023843609,2.0299999713897705,0,0.009999934583902359
angle,1780513094033844162,2.0299999713897705,0,0.009999982081353664
angle,1780513094043844283,2.0299999713897705,0,0.009999971836805344
angle,1780513094053844595,2.0299999713897705,0,0.009999975562095642
angle,1780513094063845122,2.0299999713897705,0,0.00999999139457941
angle,1780513094073845054,2.0299999713897705,0,0.009999997913837433
angle,1780513094083845596,2.0299999713897705,0,0.009999970905482769
angle,1780513094093845550,2.0299999713897705,0,0.009999990463256836
angle,1780513094103845720,2.0299999713897705,0,0.009999948553740978
angle,1780513094113845739,2.0299999713897705,0,0.009999954141676426
angle,1780513094123846081,2.0299999713897705,0,0.009999938309192657
angle,1780513094133846325,2.0299999713897705,0,0.00999998115003109
angle,1780513094143846426,2.0299999713897705,0,0.009999998845160007
angle,1780513094153846491,2.0299999713897705,0,0.00999994482845068
angle,1780513094163847340,2.0299999713897705,0,0.009999999776482582
angle,1780513094173847154,2.0299999713897705,0,0.009999982081353664
angle,1780513094183848668,2.0299999713897705,0,0.009999951347708702
angle,1780513094193847504,2.0299999713897705,0,0.009999879635870457
angle,1780513094203848363,2.0299999713897705,0,0.009999998845160007
angle,1780513094213848196,2.0299999713897705,0,0.00999997928738594
angle,1780513094223848527,2.0299999713897705,0,0.009999998845160007
angle,1780513094233848663,2.0299999713897705,0,0.009999983012676239
angle,1780513094243849009,2.0299999713897705,0,0.009999956004321575
angle,1780513094253849070,2.0299999713897705,0,0.009999958798289299
angle,1780513094263849501,2.0299999713897705,0,0.009999938309192657
angle,1780513094273849804,2.0299999713897705,0,0.009999961592257023
angle,1780513094283850129,2.0299999713897705,0,0.009999968111515045
angle,1780513094293850196,2.0299999713897705,0,0.009999964386224747
angle,1780513094303851725,2.0299999713897705,0,0.00999988242983818
angle,1780513094313850611,2.0299999713897705,0,0.009999934583902359
angle,1780513094323850755,2.0299999713897705,0,0.009999978356063366
angle,1780513094333851500,2.0299999713897705,0,0.009999995119869709
angle,1780513094343851344,2.0299999713897705,0,0.009999986737966537
angle,1780513094353851729,2.0299999713897705,0,0.00999998115003109
angle,1780513094363852113,2.0299999713897705,0,0.00999996904283762
angle,1780513094373852321,2.0299999713897705,0,0.009999956004321575
angle,1780513094383852247,2.0299999713897705,0,0.00999999139457941
angle,1780513094393852208,2.0299999713897705,0,0.009999901987612247
angle,1780513094403852665,2.0299999713897705,0,0.009999963454902172
angle,1780513094413852823,2.0299999713897705,0,0.00999998115003109
angle,1780513094423852851,2.0299999713897705,0,0.009999983943998814
angle,1780513094433853125,2.0299999713897705,0,0.009999983012676239
angle,1780513094443853384,2.0299999713897705,0,0.00999994296580553
angle,1780513094453853715,2.0299999713897705,0,0.010000002570450306
angle,1780513094463854131,2.0299999713897705,0,0.009999947622418404
angle,1780513094473854127,2.0299999713897705,0,0.009999992325901985
angle,1780513094483854652,2.0299999713897705,0,0.00999994482845068
angle,1780513094493854705,2.0299999713897705,0,0.009999893605709076
angle,1780513094503854987,2.0299999713897705,0,0.009999983012676239
angle,1780513094513855166,2.0299999713897705,0,0.00999991875141859
angle,1780513094523855590,2.0299999713897705,0,0.009999965317547321
angle,1780513094533855702,2.0299999713897705,0,0.009999968111515045
angle,1780513094543855852,2.0299999713897705,0,0.009999977424740791
angle,1780513094553856226,2.0299999713897705,0,0.009999916888773441
angle,1780513094563856227,2.0299999713897705,0,0.009999945759773254
angle,1780513094573856346,2.0299999713897705,0,0.009999954141676426
angle,1780513094583856747,2.0299999713897705,0,0.009999998845160007
angle,1780513094593857398,2.0299999713897705,0,0.009999963454902172
angle,1780513094603858103,2.0299999713897705,0,0.00999998115003109
angle,1780513094613859511,2.0299999713897705,0,0.009999911300837994
angle,1780513094623859762,2.0299999713897705,0,0.009999852627515793
angle,1780513094633858367,2.0299999713897705,0,0.009999844245612621
angle,1780513094643858450,2.0299999713897705,0,0.010000006295740604
angle,1780513094653858517,2.0299999713897705,0,0.010000001639127731
angle,1780513094663858913,2.0299999713897705,0,0.010000000707805157
angle,1780513094673858991,2.0299999713897705,0,0.009999992325901985
angle,1780513094683859372,2.0299999713897705,0,0.00999999139457941
angle,1780513094693859649,2.0299999713897705,0,0.009999985806643963
angle,1780513094703859650,2.0299999713897705,0,0.009999980218708515
angle,1780513094713860166,2.0299999713897705,0,0.009999917820096016
angle,1780513094723860038,2.0299999713897705,0,0.00999996904283762
angle,1780513094733860341,2.0299999713897705,0,0.009999980218708515
angle,1780513094743860610,2.0299999713897705,0,0.009999999776482582
angle,1780513094753861289,2.0299999713897705,0,0.009999978356063366
angle,1780513094763863426,2.0299999713897705,0,0.010000023059546947
angle,1780513094773861409,2.0299999713897705,0,0.009999876841902733
angle,1780513094783862254,2.0299999713897705,0,0.009999996051192284
angle,1780513094793861892,2.0299999713897705,0,0.009999994188547134
angle,1780513094803862335,2.0299999713897705,0,0.009999980218708515
angle,1780513094813862387,2.0299999713897705,0,0.00999997928738594
angle,1780513094823863425,2.0299999713897705,0,0.01000000536441803
angle,1780513094833862857,2.0299999713897705,0,0.009999969974160194
angle,1780513094843862988,2.0299999713897705,0,0.009999974630773067
angle,1780513094853863300,2.0299999713897705,0,0.009999994188547134
angle,1780513094863863965,2.0299999713897705,0,0.009999953210353851
angle,1780513094873863831,2.0299999713897705,0,0.009999937377870083
angle,1780513094883864010,2.0299999713897705,0,0.009999903850257397
angle,1780513094893864365,2.0299999713897705,0,0.00999999139457941
angle,1780513094903864805,2.0299999713897705,0,0.009999904781579971
angle,1780513094913864988,2.0299999713897705,0,0.009999982081353664
angle,1780513094923865010,2.0299999713897705,0,0.009999936446547508
angle,1780513094933865211,2.0299999713897705,0,0.009999952279031277
angle,1780513094943865626,2.0299999713897705,0,0.009999940171837807
angle,1780513094953866070,2.0299999713897705,0,0.00999998115003109
angle,1780513094963865914,2.0299999713897705,0,0.009999954141676426
angle,1780513094973866306,2.0299999713897705,0,0.00999998115003109
angle,1780513094983866532,2.0299999713897705,0,0.009999912232160568
angle,1780513094993867189,2.0299999713897705,0,0.010000001639127731
angle,1780513095003867659,2.0299999713897705,0,0.009999999776482582
angle,1780513095013867684,2.0299999713897705,0,0.009999888017773628
angle,1780513095023867813,2.0299999713897705,0,0.009999946691095829
angle,1780513095033867905,2.0299999713897705,0,0.009999939240515232
angle,1780513095043868103,2.0299999713897705,0,0.009999957866966724
angle,1780513095053868259,2.0299999713897705,0,0.009999957866966724
angle,1780513095063868557,2.0299999713897705,0,0.00999996718019247
angle,1780513095073869136,2.0299999713897705,0,0.010000055655837059
angle,1780513095083870910,2.0299999713897705,0,0.009999853558838367
angle,1780513095093869604,2.0299999713897705,0,0.009999942034482956
angle,1780513095103870031,2.0299999713897705,0,0.009999983012676239
angle,1780513095113869869,2.0299999713897705,0,0.009999912232160568
angle,1780513095123870161,2.0299999713897705,0,0.009999959729611874
angle,1780513095133870262,2.0299999713897705,0,0.009999939240515232
angle,1780513095143870419,2.0299999713897705,0,0.009999947622418404
angle,1780513095153870676,2.0299999713897705,0,0.009999956004321575
angle,1780513095163870949,2.0299999713897705,0,0.009999975562095642
angle,1780513095173871334,2.0299999713897705,0,0.010000002570450306
angle,1780513095183872990,2.0299999713897705,0,0.009999956004321575
angle,1780513095193871688,2.0299999713897705,0,0.009999913163483143
angle,1780513095203871680,2.0299999713897705,0,0.009999941103160381
angle,1780513095213871853,2.0299999713897705,0,0.009999975562095642
angle,1780513095223872587,2.0299999713897705,0,0.009999995119869709
angle,1780513095233872812,2.0299999713897705,0,0.009999968111515045
angle,1780513095243872659,2.0299999713897705,0,0.009999903850257397
angle,1780513095253873045,2.0299999713897705,0,0.009999998845160007
angle,1780513095263873615,2.0299999713897705,0,0.009999983943998814
angle,1780513095273873585,2.0299999713897705,0,0.009999946691095829
angle,1780513095283873860,2.0299999713897705,0,0.009999940171837807
angle,1780513095293873931,2.0299999713897705,0,0.009999938309192657
angle,1780513095303874338,2.0299999713897705,0,0.009999957866966724
angle,1780513095313874681,2.0299999713897705,0,0.009999973699450493
angle,1780513095323874408,2.0299999713897705,0,0.009999953210353851
angle,1780513095333874853,2.0299999713897705,0,0.009999940171837807
angle,1780513095343875492,2.0299999713897705,0,0.009999965317547321
angle,1780513095353875368,2.0299999713897705,0,0.010000000707805157
angle,1780513095363875743,2.0299999713897705,0,0.009999948553740978
angle,1780513095373875835,2.0299999713897705,0,0.009999986737966537
angle,1780513095383875998,2.0299999713897705,0,0.009999972768127918
angle,1780513095393876107,2.0299999713897705,0,0.009999969974160194
angle,1780513095403876454,2.0299999713897705,0,0.009999974630773067
angle,1780513095413876667,2.0299999713897705,0,0.009999946691095829
angle,1780513095423876921,2.0299999713897705,0,0.009999941103160381
angle,1780513095433877042,2.0299999713897705,0,0.010000001639127731
angle,1780513095443877868,2.0299999713897705,0,0.01000002957880497
angle,1780513095453879393,2.0299999713897705,0,0.009999927133321762
angle,1780513095463878440,2.0299999713897705,0,0.009999953210353851
angle,1780513095473878820,2.0299999713897705,0,0.009999952279031277
angle,1780513095483879873,2.0299999713897705,0,0.009999977424740791
angle,1780513095493881656,2.0299999713897705,0,0.00999994482845068
angle,1780513095503879522,2.0299999713897705,0,0.009999926201999187
angle,1780513095513879394,2.0299999713897705,0,0.009999942034482956
angle,1780513095523879603,2.0299999713897705,0,0.009999982081353664
angle,1780513095533879918,2.0299999713897705,0,0.00999996718019247
angle,1780513095543880212,2.0299999713897705,0,0.009999960660934448
angle,1780513095553880474,2.0299999713897705,0,0.009999951347708702
angle,1780513095563880578,2.0299999713897705,0,0.009999969974160194
angle,1780513095573880634,2.0299999713897705,0,0.009999971836805344
angle,1780513095583881031,2.0299999713897705,0,0.009999961592257023
angle,1780513095593881480,2.0299999713897705,0,0.00999994296580553
angle,1780513095603881493,2.0299999713897705,0,0.009999994188547134
angle,1780513095613881593,2.0299999713897705,0,0.010000010021030903
angle,1780513095623881993,2.0299999713897705,0,0.009999971836805344
angle,1780513095633882173,2.0299999713897705,0,0.009999951347708702
angle,1780513095643882260,2.0299999713897705,0,0.00999999325722456
angle,1780513095653883007,2.0299999713897705,0,0.010000007227063179
angle,1780513095663882937,2.0299999713897705,0,0.009999997913837433
angle,1780513095673882990,2.0299999713897705,0,0.009999940171837807
angle,1780513095683883354,2.0299999713897705,0,0.00999996904283762
angle,1780513095693883957,2.0299999713897705,0,0.009999999776482582
angle,1780513095703883939,2.0299999713897705,0,0.009999913163483143
angle,1780513095713884023,2.0299999713897705,0,0.009999927133321762
angle,1780513095723884452,2.0299999713897705,0,0.009999988600611687
angle,1780513095733884800,2.0299999713897705,0,0.009999951347708702
angle,1780513095743884562,2.0299999713897705,0,0.009999934583902359
angle,1780513095753884915,2.0299999713897705,0,0.010000006295740604
angle,1780513095763885107,2.0299999713897705,0,0.010000006295740604
angle,1780513095773885698,2.0299999713897705,0,0.009999982081353664
angle,1780513095783886746,2.0299999713897705,0,0.00999994296580553
angle,1780513095793886481,2.0299999713897705,0,0.009999897330999374
angle,1780513095803886236,2.0299999713897705,0,0.009999883361160755
angle,1780513095813886167,2.0299999713897705,0,0.009999948553740978
angle,1780513095823886649,2.0299999713897705,0,0.00999999325722456
angle,1780513095833886667,2.0299999713897705,0,0.009999909438192844
angle,1780513095843887000,2.0299999713897705,0,0.010000006295740604
angle,1780513095853887226,2.0299999713897705,0,0.010000009089708328
angle,1780513095863887890,2.0299999713897705,0,0.009999959729611874
angle,1780513095873887742,2.0299999713897705,0,0.009999959729611874
angle,1780513095883888067,2.0299999713897705,0,0.009999994188547134
angle,1780513095893888451,2.0299999713897705,0,0.009999886155128479
angle,1780513095903888520,2.0299999713897705,0,0.01000000536441803
angle,1780513095913888871,2.0299999713897705,0,0.009999959729611874
angle,1780513095923889113,2.0299999713897705,0,0.009999953210353851
angle,1780513095933889150,2.0299999713897705,0,0.009999968111515045
angle,1780513095943889491,2.0299999713897705,0,0.009999992325901985
angle,1780513095953890076,2.0299999713897705,0,0.009999961592257023
angle,1780513095963889914,2.0299999713897705,0,0.009999984875321388
angle,1780513095973891819,2.0299999713897705,0,0.00999996904283762
angle,1780513095983890919,2.0299999713897705,0,0.00999989453703165
angle,1780513095993890947,2.0299999713897705,0,0.010000007227063179
angle,1780513096003891283,2.0299999713897705,0,0.009999984875321388
angle,1780513096013892107,2.0299999713897705,0,0.009999941103160381
angle,1780513096023891514,2.0299999713897705,0,0.00999989453703165
angle,1780513096033891875,2.0299999713897705,0,0.009999957866966724
angle,1780513096043892060,2.0299999713897705,0,0.010000004433095455
angle,1780513096053892354,2.0299999713897705,0,0.010000000707805157
angle,1780513096063892580,2.0299999713897705,0,0.009999986737966537
angle,1780513096073892809,2.0299999713897705,0,0.009999948553740978
angle,1780513096083893590,2.0299999713897705,0,0.009999986737966537
angle,1780513096093893503,2.0299999713897705,0,0.009999940171837807
angle,1780513096103893536,2.0299999713897705,0,0.009999999776482582
angle,1780513096113894073,2.0299999713897705,0,0.009999947622418404
angle,1780513096123893972,2.0299999713897705,0,0.009999933652579784
angle,1780513096133894147,2.0299999713897705,0,0.00999998115003109
angle,1780513096143894351,2.0299999713897705,0,0.009999950416386127
angle,1780513096153894480,2.0299999713897705,0,0.009999961592257023
angle,1780513096163894658,2.0299999713897705,0,0.010000000707805157
angle,1780513096173895401,2.0299999713897705,0,0.009999945759773254
angle,1780513096183895667,2.0299999713897705,0,0.009999953210353851
angle,1780513096193895788,2.0299999713897705,0,0.009999938309192657
angle,1780513096203895509,2.0299999713897705,0,0.00999994482845068
angle,1780513096213896016,2.0299999713897705,0,0.00999994296580553
angle,1780513096223896351,2.0299999713897705,0,0.009999951347708702
angle,1780513096233896400,2.0299999713897705,0,0.00999994296580553
angle,1780513096243896669,2.0299999713897705,0,0.009999948553740978
angle,1780513096253898891,2.0299999713897705,0,0.009999975562095642
angle,1780513096263897480,2.0299999713897705,0,0.009999912232160568
angle,1780513096273897721,2.0299999713897705,0,0.009999980218708515
angle,1780513096283898030,2.0299999713897705,0,0.00999999325722456
angle,1780513096293897935,2.0299999713897705,0,0.009999959729611874
angle,1780513096303898410,2.0299999713897705,0,0.009999959729611874
angle,1780513096313899737,2.0299999713897705,0,0.00999996904283762
angle,1780513096323898592,2.0299999713897705,0,0.009999959729611874
angle,1780513096333898774,2.0299999713897705,0,0.009999964386224747
angle,1780513096343899439,2.0299999713897705,0,0.010000004433095455
angle,1780513096353899665,2.0299999713897705,0,0.009999955072999
angle,1780513096363899798,2.0299999713897705,0,0.009999977424740791
angle,1780513096373900751,2.0299999713897705,0,0.009999961592257023
angle,1780513096383900159,2.0299999713897705,0,0.00999988242983818
angle,1780513096393900420,2.0299999713897705,0,0.009999995119869709
angle,1780513096403900731,2.0299999713897705,0,0.009999984875321388
angle,1780513096413901286,2.0299999713897705,0,0.00999999139457941
angle,1780513096423901086,2.0299999713897705,0,0.009999983012676239
angle,1780513096433901799,2.0299999713897705,0,0.009999996982514858
angle,1780513096443901738,2.0299999713897705,0,0.009999974630773067
angle,1780513096453901813,2.0299999713897705,0,0.009999983943998814
angle,1780513096463902284,2.0299999713897705,0,0.010000000707805157
angle,1780513096473903604,2.0299999713897705,0,0.009999951347708702
angle,1780513096483902583,2.0299999713897705,0,0.0099998963996768
angle,1780513096493902715,2.0299999713897705,0,0.009999947622418404
angle,1780513096503903186,2.0299999713897705,0,0.009999983012676239
angle,1780513096513903368,2.0299999713897705,0,0.009999936446547508
angle,1780513096523903817,2.0299999713897705,0,0.009999960660934448
angle,1780513096533903733,2.0299999713897705,0,0.009999990463256836
angle,1780513096543903967,2.0299999713897705,0,0.009999988600611687
angle,1780513096553904168,2.0299999713897705,0,0.009999992325901985
angle,1780513096563904580,2.0299999713897705,0,0.00999998115003109
angle,1780513096573904637,2.0299999713897705,0,0.009999947622418404
angle,1780513096583905033,2.0299999713897705,0,0.009999940171837807
angle,1780513096593905413,2.0299999713897705,0,0.009999978356063366
angle,1780513096603905415,2.0299999713897705,0,0.009999968111515045
angle,1780513096613906161,2.0299999713897705,0,0.009999969974160194
angle,1780513096623905892,2.0299999713897705,0,0.009999975562095642
angle,1780513096633905806,2.0299999713897705,0,0.009999973699450493
angle,1780513096643906353,2.0299999713897705,0,0.009999990463256836
angle,1780513096653906698,2.0299999713897705,0,0.009999964386224747
angle,1780513096663906630,2.0299999713897705,0,0.009999963454902172
angle,1780513096673906943,2.0299999713897705,0,0.009999937377870083
angle,1780513096683907107,2.0299999713897705,0,0.009999985806643963
angle,1780513096693907350,2.0299999713897705,0,0.00999998115003109
angle,1780513096703917312,2.0299999713897705,0,0.009999952279031277
angle,1780513096713910464,2.0299999713897705,0,0.00999998115003109
angle,1780513096723910426,2.0299999713897705,0,0.009999990463256836
angle,1780513096733910579,2.0299999713897705,0,0.009999952279031277
angle,1780513096743910795,2.0299999713897705,0,0.009999996051192284
angle,1780513096753911838,2.0299999713897705,0,0.009999985806643963
angle,1780513096763911834,2.0299999713897705,0,0.009999909438192844
angle,1780513096773911975,2.0299999713897705,0,0.009999990463256836
angle,1780513096783912167,2.0299999713897705,0,0.009999986737966537
angle,1780513096793912445,2.0299999713897705,0,0.009999964386224747
angle,1780513096803913254,2.0299999713897705,0,0.009999988600611687
angle,1780513096813913224,2.0299999713897705,0,0.009999888017773628
angle,1780513096823913071,2.0299999713897705,0,0.009999965317547321
angle,1780513096833913314,2.0299999713897705,0,0.009999988600611687
angle,1780513096843913740,2.0299999713897705,0,0.009999999776482582
angle,1780513096853913746,2.0299999713897705,0,0.009999945759773254
angle,1780513096863914203,2.0299999713897705,0,0.009999996051192284
angle,1780513096873914169,2.0299999713897705,0,0.00999996904283762
angle,1780513096883914766,2.0299999713897705,0,0.009999971836805344
angle,1780513096893914591,2.0299999713897705,0,0.00999999325722456
angle,1780513096903915136,2.0299999713897705,0,0.009999950416386127
angle,1780513096913915386,2.0299999713897705,0,0.009999965317547321
angle,1780513096923915276,2.0299999713897705,0,0.009999995119869709
angle,1780513096933915534,2.0299999713897705,0,0.009999945759773254
angle,1780513096943915916,2.0299999713897705,0,0.009999987669289112
angle,1780513096953915884,2.0299999713897705,0,0.009999961592257023
angle,1780513096963916445,2.0299999713897705,0,0.00999999325722456
angle,1780513096973916866,2.0299999713897705,0,0.009999986737966537
angle,1780513096983916999,2.0299999713897705,0,0.00999989453703165
angle,1780513096993916890,2.0299999713897705,0,0.009999972768127918
angle,1780513097003918472,2.0299999713897705,0,0.009999990463256836
angle,1780513097013919480,2.0299999713897705,0,0.009999919682741165
angle,1780513097023917661,2.0299999713897705,0,0.00999990664422512
angle,1780513097033917926,2.0299999713897705,0,0.009999945759773254
angle,1780513097043918066,2.0299999713897705,0,0.009999936446547508
angle,1780513097053918385,2.0299999713897705,0,0.009999943897128105
angle,1780513097063918651,2.0299999713897705,0,0.009999977424740791
angle,1780513097073918980,2.0299999713897705,0,0.009999972768127918
angle,1780513097083918989,2.0299999713897705,0,0.009999957866966724
angle,1780513097093919501,2.0299999713897705,0,0.010000004433095455
angle,1780513097103919814,2.0299999713897705,0,0.009999934583902359
angle,1780513097113919890,2.0299999713897705,0,0.009999927133321762
angle,1780513097123920075,2.0299999713897705,0,0.010000004433095455
angle,1780513097133920388,2.0299999713897705,0,0.009999978356063366
angle,1780513097143921604,2.0299999713897705,0,0.00999995693564415
angle,1780513097153920995,2.0299999713897705,0,0.009999959729611874
angle,1780513097163921394,2.0299999713897705,0,0.009999959729611874
angle,1780513097173921470,2.0299999713897705,0,0.009999982081353664
angle,1780513097183921723,2.0299999713897705,0,0.009999938309192657
angle,1780513097193923532,2.0299999713897705,0,0.009999966248869896
angle,1780513097203922327,2.0299999713897705,0,0.009999893605709076
angle,1780513097213922446,2.0299999713897705,0,0.009999917820096016
angle,1780513097223922410,2.0299999713897705,0,0.00999990664422512
angle,1780513097233922712,2.0299999713897705,0,0.009999983943998814
angle,1780513097243922983,2.0299999713897705,0,0.009999982081353664
angle,1780513097253923111,2.0299999713897705,0,0.009999971836805344
angle,1780513097263923374,2.0299999713897705,0,0.009999937377870083
angle,1780513097273923790,2.0299999713897705,0,0.009999957866966724
angle,1780513097283924263,2.0299999713897705,0,0.009999940171837807
angle,1780513097293924057,2.0299999713897705,0,0.009999943897128105
angle,1780513097303925119,2.0299999713897705,0,0.009999957866966724
angle,1780513097313924695,2.0299999713897705,0,0.009999841451644897
angle,1780513097323924907,2.0299999713897705,0,0.009999992325901985
angle,1780513097333924698,2.0299999713897705,0,0.010000000707805157
angle,1780513097343925156,2.0299999713897705,0,0.009999938309192657
angle,1780513097353925137,2.0299999713897705,0,0.009999923408031464
angle,1780513097363925376,2.0299999713897705,0,0.009999986737966537
angle,1780513097373925580,2.0299999713897705,0,0.009999957866966724
angle,1780513097383925899,2.0299999713897705,0,0.00999998115003109
angle,1780513097393925981,2.0299999713897705,0,0.00999996904283762
angle,1780513097403926795,2.0299999713897705,0,0.01000000536441803
angle,1780513097413926865,2.0299999713897705,0,0.009999880567193031
angle,1780513097423926750,2.0299999713897705,0,0.009999959729611874
angle,1780513097433926948,2.0299999713897705,0,0.009999990463256836
angle,1780513097443927115,2.0299999713897705,0,0.00999996718019247
angle,1780513097453927501,2.0299999713897705,0,0.009999995119869709
angle,1780513097463928057,2.0299999713897705,0,0.010000006295740604
angle,1780513097473928127,2.0299999713897705,0,0.010000002570450306
angle,1780513097483928310,2.0299999713897705,0,0.009999960660934448
angle,1780513097493928542,2.0299999713897705,0,0.009999934583902359
angle,1780513097503929008,2.0299999713897705,0,0.009999924339354038
angle,1780513097513929035,2.0299999713897705,0,0.010000006295740604
angle,1780513097523929356,2.0299999713897705,0,0.009999977424740791
angle,1780513097533929445,2.0299999713897705,0,0.00999995693564415
angle,1780513097543930006,2.0299999713897705,0,0.00999999325722456
angle,1780513097553930330,2.0299999713897705,0,0.009999995119869709
angle,1780513097563930603,2.0299999713897705,0,0.009999994188547134
angle,1780513097573930844,2.0299999713897705,0,0.009999996982514858
angle,1780513097583931137,2.0299999713897705,0,0.009999965317547321
angle,1780513097593931771,2.0299999713897705,0,0.009999997913837433
angle,1780513097603932222,2.0299999713897705,0,0.010000037960708141
angle,1780513097613932456,2.0299999713897705,0,0.009999899193644524
angle,1780513097623932383,2.0299999713897705,0,0.009999951347708702
angle,1780513097633932771,2.0299999713897705,0,0.010000000707805157
angle,1780513097643932807,2.0299999713897705,0,0.00999996718019247
angle,1780513097653932916,2.0299999713897705,0,0.009999984875321388
angle,1780513097663933127,2.0299999713897705,0,0.009999948553740978
angle,1780513097673933462,2.0299999713897705,0,0.009999996982514858
angle,1780513097683934115,2.0299999713897705,0,0.009999995119869709
angle,1780513097693933838,2.0299999713897705,0,0.009999942034482956
angle,1780513097703934489,2.0299999713897705,0,0.010000008158385754
angle,1780513097713934677,2.0299999713897705,0,0.009999825619161129
angle,1780513097723934903,2.0299999713897705,0,0.009999907575547695
angle,1780513097733934967,2.0299999713897705,0,0.009999936446547508
angle,1780513097743935022,2.0299999713897705,0,0.009999980218708515
angle,1780513097753935270,2.0299999713897705,0,0.009999928995966911
angle,1780513097763935669,2.0299999713897705,0,0.010000016540288925
angle,1780513097773936104,2.0299999713897705,0,0.009999963454902172
angle,1780513097783936070,2.0299999713897705,0,0.009999970905482769
angle,1780513097793936471,2.0299999713897705,0,0.00999999139457941
angle,1780513097803936668,2.0299999713897705,0,0.00999998115003109
angle,1780513097813937001,2.0299999713897705,0,0.00999999139457941
angle,1780513097823937286,2.0299999713897705,0,0.009999943897128105
angle,1780513097833937449,2.0299999713897705,0,0.009999986737966537
angle,1780513097843938243,2.0299999713897705,0,0.009999986737966537
angle,1780513097853938069,2.0299999713897705,0,0.009999947622418404
angle,1780513097863938609,2.0299999713897705,0,0.00999997928738594
angle,1780513097873939072,2.0299999713897705,0,0.009999963454902172
angle,1780513097883938694,2.0299999713897705,0,0.009999904781579971
angle,1780513097893938918,2.0299999713897705,0,0.009999983012676239
angle,1780513097903939216,2.0299999713897705,0,0.009999969974160194
angle,1780513097913939490,2.0299999713897705,0,0.010000009089708328
angle,1780513097923939894,2.0299999713897705,0,0.009999982081353664
angle,1780513097933940110,2.0299999713897705,0,0.009999983012676239
angle,1780513097943940180,2.0299999713897705,0,0.009999978356063366
angle,1780513097953940519,2.0299999713897705,0,0.009999999776482582
angle,1780513097963940788,2.0299999713897705,0,0.009999958798289299
angle,1780513097973942363,2.0299999713897705,0,0.009999982081353664
angle,1780513097983941793,2.0299999713897705,0,0.009999946691095829
angle,1780513097993941694,2.0299999713897705,0,0.009999865666031837
angle,1780513098003941804,2.0299999713897705,0,0.009999950416386127
angle,1780513098013944402,2.0299999713897705,0,0.009999996051192284
angle,1780513098023942824,2.0299999713897705,0,0.009999900124967098
angle,1780513098033942796,2.0299999713897705,0,0.010000001639127731
angle,1780513098043942933,2.0299999713897705,0,0.009999982081353664
angle,1780513098053943454,2.0299999713897705,0,0.010000000707805157
angle,1780513098063943472,2.0299999713897705,0,0.009999966248869896
angle,1780513098073943532,2.0299999713897705,0,0.009999959729611874
angle,1780513098083943720,2.0299999713897705,0,0.00999999139457941
angle,1780513098093944441,2.0299999713897705,0,0.009999966248869896
angle,1780513098103944449,2.0299999713897705,0,0.00999988242983818
angle,1780513098113945016,2.0299999713897705,0,0.009999987669289112
angle,1780513098123944648,2.0299999713897705,0,0.009999927133321762
angle,1780513098133944830,2.0299999713897705,0,0.009999994188547134
angle,1780513098143945054,2.0299999713897705,0,0.009999982081353664
angle,1780513098153945559,2.0299999713897705,0,0.009999980218708515
angle,1780513098163945662,2.0299999713897705,0,0.009999966248869896
angle,1780513098173945898,2.0299999713897705,0,0.00999995693564415
angle,1780513098183947877,2.0299999713897705,0,0.00999993272125721
angle,1780513098193948455,2.0299999713897705,0,0.009999902918934822
angle,1780513098203947945,2.0299999713897705,0,0.009999936446547508
angle,1780513098213947336,2.0299999713897705,0,0.009999934583902359
angle,1780513098223947131,2.0299999713897705,0,0.009999963454902172
angle,1780513098233947428,2.0299999713897705,0,0.009999983012676239
angle,1780513098243947320,2.0299999713897705,0,0.009999943897128105
angle,1780513098253947608,2.0299999713897705,0,0.009999956004321575
angle,1780513098263947642,2.0299999713897705,0,0.009999947622418404
angle,1780513098273948076,2.0299999713897705,0,0.00999996718019247
angle,1780513098283948214,2.0299999713897705,0,0.009999983943998814
angle,1780513098293948500,2.0299999713897705,0,0.010000002570450306
angle,1780513098303948745,2.0299999713897705,0,0.010000000707805157
angle,1780513098313949044,2.0299999713897705,0,0.009999987669289112
angle,1780513098323949574,2.0299999713897705,0,0.009999959729611874
angle,1780513098333949296,2.0299999713897705,0,0.009999958798289299
angle,1780513098343949940,2.0299999713897705,0,0.009999996982514858
angle,1780513098353950061,2.0299999713897705,0,0.009999986737966537
angle,1780513098363950327,2.0299999713897705,0,0.009999942034482956
angle,1780513098373950558,2.0299999713897705,0,0.009999970905482769
angle,1780513098383950943,2.0299999713897705,0,0.009999992325901985
angle,1780513098393951030,2.0299999713897705,0,0.009999897330999374
angle,1780513098403951216,2.0299999713897705,0,0.009999955072999
angle,1780513098413952862,2.0299999713897705,0,0.009999983012676239
angle,1780513098423951666,2.0299999713897705,0,0.009999903850257397
angle,1780513098433951788,2.0299999713897705,0,0.009999958798289299
angle,1780513098443952157,2.0299999713897705,0,0.009999953210353851
angle,1780513098453952186,2.0299999713897705,0,0.00999999139457941
angle,1780513098463952469,2.0299999713897705,0,0.009999940171837807
angle,1780513098473952680,2.0299999713897705,0,0.010000008158385754
angle,1780513098483953084,2.0299999713897705,0,0.009999965317547321
angle,1780513098493953231,2.0299999713897705,0,0.009999958798289299
angle,1780513098503953523,2.0299999713897705,0,0.00999994296580553
angle,1780513098513954348,2.0299999713897705,0,0.009999977424740791
angle,1780513098523954004,2.0299999713897705,0,0.009999947622418404
angle,1780513098533954267,2.0299999713897705,0,0.009999950416386127
angle,1780513098543954375,2.0299999713897705,0,0.009999970905482769
angle,1780513098553954509,2.0299999713897705,0,0.00999994296580553
angle,1780513098563954992,2.0299999713897705,0,0.009999972768127918
angle,1780513098573955029,2.0299999713897705,0,0.009999964386224747
angle,1780513098583955403,2.0299999713897705,0,0.009999983012676239
angle,1780513098593955571,2.0299999713897705,0,0.009999945759773254
angle,1780513098603958639,2.0299999713897705,0,0.01000006590038538
angle,1780513098613958773,2.0299999713897705,0,0.009999886155128479
angle,1780513098623956573,2.0299999713897705,0,0.009999916888773441
angle,1780513098633956641,2.0299999713897705,0,0.009999990463256836
angle,1780513098643956855,2.0299999713897705,0,0.009999996982514858
angle,1780513098653957513,2.0299999713897705,0,0.009999939240515232
angle,1780513098663957515,2.0299999713897705,0,0.009999947622418404
angle,1780513098673957657,2.0299999713897705,0,0.009999980218708515
angle,1780513098683958019,2.0299999713897705,0,0.009999994188547134
angle,1780513098693958436,2.0299999713897705,0,0.010000004433095455
angle,1780513098703958405,2.0299999713897705,0,0.009999998845160007
angle,1780513098713958621,2.0299999713897705,0,0.01000000536441803
angle,1780513098723958819,2.0299999713897705,0,0.009999933652579784
angle,1780513098733959230,2.0299999713897705,0,0.010000007227063179
angle,1780513098743959744,2.0299999713897705,0,0.009999973699450493
angle,1780513098753959472,2.0299999713897705,0,0.009999977424740791
angle,1780513098763959741,2.0299999713897705,0,0.009999972768127918
angle,1780513098773960053,2.0299999713897705,0,0.009999947622418404
angle,1780513098783960508,2.0299999713897705,0,0.009999950416386127
angle,1780513098793960425,2.0299999713897705,0,0.009999966248869896
angle,1780513098803960804,2.0299999713897705,0,0.009999997913837433
angle,1780513098813960953,2.0299999713897705,0,0.009999959729611874
angle,1780513098823961344,2.0299999713897705,0,0.009999983943998814
angle,1780513098833961260,2.0299999713897705,0,0.009999940171837807
angle,1780513098843961555,2.0299999713897705,0,0.009999978356063366
angle,1780513098853961721,2.0299999713897705,0,0.01000000536441803
angle,1780513098863962321,2.0299999713897705,0,0.010000026784837246
angle,1780513098873962903,2.0299999713897705,0,0.009999937377870083
angle,1780513098883962778,2.0299999713897705,0,0.009999980218708515
angle,1780513098893962775,2.0299999713897705,0,0.009999957866966724
angle,1780513098903963042,2.0299999713897705,0,0.009999919682741165
angle,1780513098913963689,2.0299999713897705,0,0.009999926201999187
angle,1780513098923963755,2.0299999713897705,0,0.009999957866966724
angle,1780513098933963967,2.0299999713897705,0,0.009999982081353664
angle,1780513098943964016,2.0299999713897705,0,0.009999997913837433
angle,1780513098953964308,2.0299999713897705,0,0.00999997928738594
angle,1780513098963965121,2.0299999713897705,0,0.009999984875321388
angle,1780513098973964940,2.0299999713897705,0,0.009999904781579971
angle,1780513098983965359,2.0299999713897705,0,0.00999996718019247
angle,1780513098993965308,2.0299999713897705,0,0.009999994188547134
angle,1780513099003966011,2.0299999713897705,0,0.009999995119869709
angle,1780513099013968324,2.0299999713897705,0,0.010000004433095455
angle,1780513099023966797,2.0299999713897705,0,0.009999910369515419
angle,1780513099033966622,2.0299999713897705,0,0.009999940171837807
angle,1780513099043966788,2.0299999713897705,0,0.009999950416386127
angle,1780513099053967196,2.0299999713897705,0,0.009999963454902172
angle,1780513099063967503,2.0299999713897705,0,0.009999964386224747
angle,1780513099073967973,2.0299999713897705,0,0.010000002570450306
angle,1780513099083968049,2.0299999713897705,0,0.009999968111515045
angle,1780513099093968567,2.0299999713897705,0,0.009999975562095642
angle,1780513099103968702,2.0299999713897705,0,0.009999937377870083
angle,1780513099113968758,2.0299999713897705,0,0.009999937377870083
angle,1780513099123969337,2.0299999713897705,0,0.009999937377870083
angle,1780513099133969263,2.0299999713897705,0,0.00999992061406374
angle,1780513099143969672,2.0299999713897705,0,0.00999994482845068
angle,1780513099153969737,2.0299999713897705,0,0.009999942034482956
angle,1780513099163969981,2.0299999713897705,0,0.009999942034482956
angle,1780513099173970257,2.0299999713897705,0,0.009999959729611874
angle,1780513099183970469,2.0299999713897705,0,0.009999954141676426
angle,1780513099193972700,2.0299999713897705,0,0.009999942034482956
angle,1780513099203970770,2.0299999713897705,0,0.009999923408031464
angle,1780513099213971321,2.0299999713897705,0,0.010000000707805157
angle,1780513099223971851,2.0299999713897705,0,0.009999880567193031
angle,1780513099233973586,2.0299999713897705,0,0.010000010021030903
angle,1780513099243971869,2.0299999713897705,0,0.009999798610806465
angle,1780513099254035832,2.0299999713897705,0,0.010062949731945992
angle,1780513099264036575,2.0299999713897705,0,0.009999961592257023
angle,1780513099274036585,2.0299999713897705,0,0.009999999776482582
angle,1780513099284037167,2.0299999713897705,0,0.009999994188547134
angle,1780513099294036920,2.0299999713897705,0,0.009999945759773254
angle,1780513099304037132,2.0299999713897705,0,0.00999999325722456
angle,1780513099314037835,2.0299999713897705,0,0.009999968111515045
angle,1780513099324037999,2.0299999713897705,0,0.009999878704547882
angle,1780513099334038035,2.0299999713897705,0,0.010000000707805157
angle,1780513099344038470,2.0299999713897705,0,0.009999942034482956
angle,1780513099354038811,2.0299999713897705,0,0.009999986737966537
angle,1780513099364038795,2.0299999713897705,0,0.009999943897128105
angle,1780513099374038933,2.0299999713897705,0,0.009999948553740978
angle,1780513099384039362,2.0299999713897705,0,0.009999954141676426
angle,1780513099394039422,2.0299999713897705,0,0.009999983012676239
angle,1780513099404039485,2.0299999713897705,0,0.009999977424740791
angle,1780513099414039905,2.0299999713897705,0,0.009999983012676239
angle,1780513099424040338,2.0299999713897705,0,0.009999964386224747
angle,1780513099434040291,2.0299999713897705,0,0.00999998115003109
angle,1780513099444040557,2.0299999713897705,0,0.009999966248869896
angle,1780513099454040840,2.0299999713897705,0,0.009999970905482769
angle,1780513099464041440,2.0299999713897705,0,0.009999971836805344
angle,1780513099474041210,2.0299999713897705,0,0.009999961592257023
angle,1780513099485920024,2.0299999713897705,0,0.011878018267452717
angle,1780513099495920189,2.0299999713897705,0,0.009999975562095642
angle,1780513099505920380,2.0299999713897705,0,0.009999933652579784
angle,1780513099515920858,2.0299999713897705,0,0.00999997928738594
angle,1780513099525921144,2.0299999713897705,0,0.00999993085861206
angle,1780513099535921537,2.0299999713897705,0,0.009999915957450867
angle,1780513099545921487,2.0299999713897705,0,0.009999947622418404
angle,1780513099555921870,2.0299999713897705,0,0.009999999776482582
angle,1780513099565922011,2.0299999713897705,0,0.009999986737966537
angle,1780513099575922456,2.0299999713897705,0,0.009999954141676426
angle,1780513099585922746,2.0299999713897705,0,0.009999956004321575
angle,1780513099595922908,2.0299999713897705,0,0.009999937377870083
angle,1780513099605923119,2.0299999713897705,0,0.009999963454902172
angle,1780513099615923769,2.0299999713897705,0,0.009999936446547508
angle,1780513099625923651,2.0299999713897705,0,0.009999961592257023
angle,1780513099635923899,2.0299999713897705,0,0.009999931789934635
angle,1780513099645924056,2.0299999713897705,0,0.00999996904283762
angle,1780513099655924323,2.0299999713897705,0,0.009999970905482769
angle,1780513099665924399,2.0299999713897705,0,0.009999954141676426
angle,1780513099675924563,2.0299999713897705,0,0.009999947622418404
angle,1780513099685924742,2.0299999713897705,0,0.009999948553740978
angle,1780513099695925182,2.0299999713897705,0,0.009999986737966537
angle,1780513099705925674,2.0299999713897705,0,0.00999999139457941
angle,1780513099715925736,2.0299999713897705,0,0.009999997913837433
angle,1780513099725925864,2.0299999713897705,0,0.00999997928738594
angle,1780513099735925957,2.0299999713897705,0,0.01000000536441803
angle,1780513099745926558,2.0299999713897705,0,0.009999937377870083
angle,1780513099755926989,2.0299999713897705,0,0.009999977424740791
angle,1780513099765926854,2.0299999713897705,0,0.009999959729611874
angle,1780513099775927014,2.0299999713897705,0,0.009999972768127918
angle,1780513099785927231,2.0299999713897705,0,0.009999994188547134
angle,1780513099795927732,2.0299999713897705,0,0.009999959729611874
angle,1780513099805928307,2.0299999713897705,0,0.009999974630773067
angle,1780513099815929090,2.0299999713897705,0,0.009999987669289112
angle,1780513099825929134,2.0299999713897705,0,0.009999942034482956
angle,1780513099835928818,2.0299999713897705,0,0.010000004433095455
angle,1780513099845928606,2.0299999713897705,0,0.009999975562095642
angle,1780513099855928872,2.0299999713897705,0,0.009999938309192657
angle,1780513099865929221,2.0299999713897705,0,0.009999942034482956
angle,1780513099875929305,2.0299999713897705,0,0.009999901056289673
angle,1780513099885929462,2.0299999713897705,0,0.009999934583902359
angle,1780513099895930518,2.0299999713897705,0,0.009999954141676426
angle,1780513099905929771,2.0299999713897705,0,0.009999907575547695
angle,1780513099915930097,2.0299999713897705,0,0.00999995693564415
angle,1780513099925930555,2.0299999713897705,0,0.009999975562095642
angle,1780513099935930403,2.0299999713897705,0,0.009999960660934448
angle,1780513099945930581,2.0299999713897705,0,0.009999960660934448
angle,1780513099955931011,2.0299999713897705,0,0.010000002570450306
angle,1780513099965931498,2.0299999713897705,0,0.009999977424740791
angle,1780513099975934320,2.0299999713897705,0,0.009999978356063366
angle,1780513099985932276,2.0299999713897705,0,0.009999948553740978
angle,1780513099995932164,2.0299999713897705,0,0.009999877773225307
angle,1780513100005933984,2.0299999713897705,0,0.00999994482845068
angle,1780513100015933495,2.0299999713897705,0,0.009999911300837994
angle,1780513100025933011,2.0299999713897705,0,0.00999995693564415
angle,1780513100035933200,2.0299999713897705,0,0.00999993272125721
angle,1780513100045933357,2.0299999713897705,0,0.009999945759773254
angle,1780513100055933839,2.0299999713897705,0,0.009999977424740791
angle,1780513100065933855,2.0299999713897705,0,0.009999945759773254
angle,1780513100075934091,2.0299999713897705,0,0.009999970905482769
angle,1780513100085934275,2.0299999713897705,0,0.010000009089708328
angle,1780513100095934792,2.0299999713897705,0,0.010000007227063179
angle,1780513100105934660,2.0299999713897705,0,0.009999951347708702
angle,1780513100115934767,2.0299999713897705,0,0.009999977424740791
angle,1780513100125935309,2.0299999713897705,0,0.009999998845160007
angle,1780513100135935356,2.0299999713897705,0,0.009999994188547134
angle,1780513100145935576,2.0299999713897705,0,0.009999953210353851
angle,1780513100155935714,2.0299999713897705,0,0.009999953210353851
angle,1780513100165935939,2.0299999713897705,0,0.009999937377870083
angle,1780513100175936236,2.0299999713897705,0,0.009999969974160194
angle,1780513100185936709,2.0299999713897705,0,0.00999995693564415
angle,1780513100195938969,2.0299999713897705,0,0.009999985806643963
angle,1780513100205937254,2.0299999713897705,0,0.009999875910580158
angle,1780513100215937314,2.0299999713897705,0,0.009999946691095829
angle,1780513100225937636,2.0299999713897705,0,0.009999966248869896
angle,1780513100235938211,2.0299999713897705,0,0.009999934583902359
angle,1780513100245938445,2.0299999713897705,0,0.009999974630773067
angle,1780513100255938580,2.0299999713897705,0,0.009999968111515045
angle,1780513100265938770,2.0299999713897705,0,0.009999982081353664
angle,1780513100275939107,2.0299999713897705,0,0.01000000536441803
angle,1780513100285939640,2.0299999713897705,0,0.009999940171837807
angle,1780513100295939406,2.0299999713897705,0,0.009999946691095829
angle,1780513100305939802,2.0299999713897705,0,0.009999996051192284
angle,1780513100315940074,2.0299999713897705,0,0.009999995119869709
angle,1780513100325940761,2.0299999713897705,0,0.00999999325722456
angle,1780513100335940639,2.0299999713897705,0,0.009999929927289486
angle,1780513100345943563,2.0299999713897705,0,0.010000008158385754
angle,1780513100355941396,2.0299999713897705,0,0.009999907575547695
angle,1780513100365941770,2.0299999713897705,0,0.009999998845160007
angle,1780513100375941764,2.0299999713897705,0,0.009999965317547321
angle,1780513100385942033,2.0299999713897705,0,0.009999956004321575
angle,1780513100395942135,2.0299999713897705,0,0.009999926201999187
angle,1780513100405943145,2.0299999713897705,0,0.009999952279031277
angle,1780513100415942408,2.0299999713897705,0,0.009999919682741165
angle,1780513100425942816,2.0299999713897705,0,0.009999947622418404
angle,1780513100435943043,2.0299999713897705,0,0.009999885223805904
angle,1780513100445943816,2.0299999713897705,0,0.010000001639127731
angle,1780513100455943562,2.0299999713897705,0,0.009999941103160381
angle,1780513100465943763,2.0299999713897705,0,0.009999996051192284
angle,1780513100475943851,2.0299999713897705,0,0.009999938309192657
angle,1780513100485944326,2.0299999713897705,0,0.009999975562095642
angle,1780513100495944427,2.0299999713897705,0,0.01000000536441803
angle,1780513100505944651,2.0299999713897705,0,0.010000006295740604
angle,1780513100515945036,2.0299999713897705,0,0.009999964386224747
angle,1780513100525945456,2.0299999713897705,0,0.010000001639127731
angle,1780513100535946039,2.0299999713897705,0,0.009999940171837807
angle,1780513100545945693,2.0299999713897705,0,0.009999886155128479
angle,1780513100555945937,2.0299999713897705,0,0.009999990463256836
angle,1780513100565946149,2.0299999713897705,0,0.009999972768127918
angle,1780513100575946339,2.0299999713897705,0,0.009999992325901985
angle,1780513100585946640,2.0299999713897705,0,0.00999994296580553
angle,1780513100595947013,2.0299999713897705,0,0.009999983943998814
angle,1780513100605947111,2.0299999713897705,0,0.009999940171837807
angle,1780513100615947125,2.0299999713897705,0,0.009999964386224747
angle,1780513100625948130,2.0299999713897705,0,0.00999999139457941
angle,1780513100635947874,2.0299999713897705,0,0.009999954141676426
angle,1780513100645947864,2.0299999713897705,0,0.009999964386224747
angle,1780513100655948151,2.0299999713897705,0,0.010000006295740604
angle,1780513100665948370,2.0299999713897705,0,0.009999996051192284
angle,1780513100675948621,2.0299999713897705,0,0.009999940171837807
angle,1780513100685949173,2.0299999713897705,0,0.009999950416386127
angle,1780513100695949195,2.0299999713897705,0,0.00999999325722456
angle,1780513100705949490,2.0299999713897705,0,0.00999999139457941
angle,1780513100715949570,2.0299999713897705,0,0.010000006295740604
angle,1780513100725950324,2.0299999713897705,0,0.009999988600611687
angle,1780513100735950395,2.0299999713897705,0,0.009999994188547134
angle,1780513100745950618,2.0299999713897705,0,0.009999972768127918
angle,1780513100755950615,2.0299999713897705,0,0.009999985806643963
angle,1780513100765950959,2.0299999713897705,0,0.010000010952353477
angle,1780513100775951599,2.0299999713897705,0,0.009999933652579784
angle,1780513100785951379,2.0299999713897705,0,0.009999947622418404
angle,1780513100795951629,2.0299999713897705,0,0.009999975562095642
angle,1780513100805951960,2.0299999713897705,0,0.009999946691095829
angle,1780513100815952322,2.0299999713897705,0,0.009999912232160568
angle,1780513100825953342,2.0299999713897705,0,0.010000006295740604
angle,1780513100835952860,2.0299999713897705,0,0.009999874979257584
angle,1780513100845953018,2.0299999713897705,0,0.009999959729611874
angle,1780513100855953250,2.0299999713897705,0,0.009999960660934448
angle,1780513100865953765,2.0299999713897705,0,0.009999966248869896
angle,1780513100875953827,2.0299999713897705,0,0.010000012814998627
angle,1780513100885953849,2.0299999713897705,0,0.00999999325722456
angle,1780513100895954140,2.0299999713897705,0,0.009999956004321575
angle,1780513100905954805,2.0299999713897705,0,0.009999954141676426
angle,1780513100915955626,2.0299999713897705,0,0.009999899193644524
angle,1780513100925955301,2.0299999713897705,0,0.009999936446547508
angle,1780513100935955596,2.0299999713897705,0,0.009999946691095829
angle,1780513100945955572,2.0299999713897705,0,0.009999974630773067
angle,1780513100955956465,2.0299999713897705,0,0.009999975562095642
angle,1780513100965956069,2.0299999713897705,0,0.010000007227063179
angle,1780513100975956504,2.0299999713897705,0,0.009999939240515232
angle,1780513100985957033,2.0299999713897705,0,0.010000022128224373
angle,1780513100995956844,2.0299999713897705,0,0.009999945759773254
angle,1780513101005957136,2.0299999713897705,0,0.009999947622418404
angle,1780513101015958619,2.0299999713897705,0,0.010000010021030903
angle,1780513101025957720,2.0299999713897705,0,0.009999994188547134
angle,1780513101035958125,2.0299999713897705,0,0.00999994482845068
angle,1780513101045958043,2.0299999713897705,0,0.009999998845160007
angle,1780513101055958206,2.0299999713897705,0,0.00999996718019247
angle,1780513101065958706,2.0299999713897705,0,0.009999978356063366
angle,1780513101075958772,2.0299999713897705,0,0.009999965317547321
angle,1780513101085959097,2.0299999713897705,0,0.009999938309192657
angle,1780513101095959307,2.0299999713897705,0,0.010000000707805157
angle,1780513101105959487,2.0299999713897705,0,0.009999975562095642
angle,1780513101115960150,2.0299999713897705,0,0.009999995119869709
angle,1780513101125960126,2.0299999713897705,0,0.010000009089708328
angle,1780513101135960200,2.0299999713897705,0,0.009999913163483143
angle,1780513101145960545,2.0299999713897705,0,0.01000000536441803
angle,1780513101155960842,2.0299999713897705,0,0.009999955072999
angle,1780513101165960991,2.0299999713897705,0,0.009999965317547321
angle,1780513101175961312,2.0299999713897705,0,0.00999999325722456
angle,1780513101185961323,2.0299999713897705,0,0.009999977424740791
angle,1780513101195963329,2.0299999713897705,0,0.009999999776482582
angle,1780513101205962170,2.0299999713897705,0,0.009999889880418777
angle,1780513101215962417,2.0299999713897705,0,0.009999953210353851
angle,1780513101225963080,2.0299999713897705,0,0.009999943897128105
angle,1780513101235962968,2.0299999713897705,0,0.009999900124967098
angle,1780513101245962982,2.0299999713897705,0,0.010000004433095455
angle,1780513101255963394,2.0299999713897705,0,0.01000000536441803
angle,1780513101265963608,2.0299999713897705,0,0.00999997928738594
angle,1780513101275963742,2.0299999713897705,0,0.009999972768127918
angle,1780513101285964180,2.0299999713897705,0,0.00999996904283762
angle,1780513101295964759,2.0299999713897705,0,0.010000000707805157
angle,1780513101305964461,2.0299999713897705,0,0.00999994296580553
angle,1780513101315965353,2.0299999713897705,0,0.009999994188547134
angle,1780513101325964924,2.0299999713897705,0,0.009999943897128105
angle,1780513101335965988,2.0299999713897705,0,0.00999996718019247
angle,1780513101345965468,2.0299999713897705,0,0.009999995119869709
angle,1780513101355965652,2.0299999713897705,0,0.009999996051192284
angle,1780513101365966518,2.0299999713897705,0,0.009999977424740791
angle,1780513101375966157,2.0299999713897705,0,0.009999931789934635
angle,1780513101385966528,2.0299999713897705,0,0.009999940171837807
angle,1780513101395966659,2.0299999713897705,0,0.009999928995966911
angle,1780513101405966686,2.0299999713897705,0,0.00999995693564415
angle,1780513101415967100,2.0299999713897705,0,0.009999984875321388
angle,1780513101425967495,2.0299999713897705,0,0.009999987669289112
angle,1780513101435967571,2.0299999713897705,0,0.009999986737966537
angle,1780513101445967731,2.0299999713897705,0,0.009999994188547134
angle,1780513101455968895,2.0299999713897705,0,0.010000008158385754
angle,1780513101465968392,2.0299999713897705,0,0.009999994188547134
angle,1780513101475970017,2.0299999713897705,0,0.009999934583902359
angle,1780513101485968843,2.0299999713897705,0,0.0099998963996768
angle,1780513101495969060,2.0299999713897705,0,0.009999972768127918
angle,1780513101505969821,2.0299999713897705,0,0.009999969974160194
angle,1780513101515969844,2.0299999713897705,0,0.009999923408031464
angle,1780513101525970045,2.0299999713897705,0,0.009999996982514858
angle,1780513101535970626,2.0299999713897705,0,0.009999940171837807
angle,1780513101545970173,2.0299999713897705,0,0.009999929927289486
angle,1780513101555970639,2.0299999713897705,0,0.009999951347708702
angle,1780513101565971124,2.0299999713897705,0,0.009999927133321762
angle,1780513101575970927,2.0299999713897705,0,0.009999982081353664
angle,1780513101585971081,2.0299999713897705,0,0.009999968111515045
angle,1780513101595971627,2.0299999713897705,0,0.009999965317547321
angle,1780513101605971707,2.0299999713897705,0,0.009999983943998814
angle,1780513101615971922,2.0299999713897705,0,0.010000002570450306
angle,1780513101625972415,2.0299999713897705,0,0.009999939240515232
angle,1780513101635972231,2.0299999713897705,0,0.009999924339354038
angle,1780513101645972502,2.0299999713897705,0,0.009999978356063366
angle,1780513101655972653,2.0299999713897705,0,0.009999948553740978
angle,1780513101665973070,2.0299999713897705,0,0.00999994482845068
angle,1780513101675973137,2.0299999713897705,0,0.009999983943998814
angle,1780513101685973396,2.0299999713897705,0,0.009999964386224747
angle,1780513101695974022,2.0299999713897705,0,0.009999938309192657
angle,1780513101705973877,2.0299999713897705,0,0.009999983943998814
angle,1780513101715974361,2.0299999713897705,0,0.009999975562095642
angle,1780513101725974391,2.0299999713897705,0,0.009999950416386127
angle,1780513101735974740,2.0299999713897705,0,0.010000001639127731
angle,1780513101745974986,2.0299999713897705,0,0.009999996982514858
angle,1780513101755975799,2.0299999713897705,0,0.010000014677643776
angle,1780513101765975135,2.0299999713897705,0,0.009999833069741726
angle,1780513101775975377,2.0299999713897705,0,0.009999971836805344
angle,1780513101785975661,2.0299999713897705,0,0.009999975562095642
angle,1780513101795976143,2.0299999713897705,0,0.009999985806643963
angle,1780513101805976337,2.0299999713897705,0,0.009999904781579971
angle,1780513101815976499,2.0299999713897705,0,0.009999997913837433
angle,1780513101825977520,2.0299999713897705,0,0.009999951347708702
angle,1780513101835976960,2.0299999713897705,0,0.009999951347708702
angle,1780513101845977135,2.0299999713897705,0,0.00999992061406374
angle,1780513101855977481,2.0299999713897705,0,0.00999999325722456
angle,1780513101865977736,2.0299999713897705,0,0.00999996718019247
angle,1780513101875978394,2.0299999713897705,0,0.009999996982514858
angle,1780513101885978855,2.0299999713897705,0,0.009999880567193031
angle,1780513101895978326,2.0299999713897705,0,0.009999915957450867
angle,1780513101905978671,2.0299999713897705,0,0.010000006295740604
angle,1780513101915978753,2.0299999713897705,0,0.009999996982514858
angle,1780513101925979181,2.0299999713897705,0,0.009999958798289299
angle,1780513101935979445,2.0299999713897705,0,0.009999996051192284
angle,1780513101945979466,2.0299999713897705,0,0.009999904781579971
angle,1780513101955979655,2.0299999713897705,0,0.009999961592257023
angle,1780513101965979844,2.0299999713897705,0,0.00999996904283762
angle,1780513101975981977,2.0299999713897705,0,0.009999960660934448
angle,1780513101985980293,2.0299999713897705,0,0.009999925270676613
angle,1780513101995980523,2.0299999713897705,0,0.009999957866966724
angle,1780513102005981310,2.0299999713897705,0,0.009999980218708515
angle,1780513102015983180,2.0299999713897705,0,0.009999996982514858
angle,1780513102025983205,2.0299999713897705,0,0.009999892674386501
angle,1780513102035981567,2.0299999713897705,0,0.009999911300837994
angle,1780513102045982028,2.0299999713897705,0,0.009999994188547134
angle,1780513102055982075,2.0299999713897705,0,0.009999955072999
angle,1780513102065983086,2.0299999713897705,0,0.00999998115003109
angle,1780513102075982383,2.0299999713897705,0,0.009999886155128479
angle,1780513102085982870,2.0299999713897705,0,0.009999998845160007
angle,1780513102095983099,2.0299999713897705,0,0.009999968111515045
angle,1780513102105983050,2.0299999713897705,0,0.00999999139457941
angle,1780513102115983381,2.0299999713897705,0,0.010000008158385754
angle,1780513102125983660,2.0299999713897705,0,0.009999939240515232
angle,1780513102135984156,2.0299999713897705,0,0.009999950416386127
angle,1780513102145984045,2.0299999713897705,0,0.00999993272125721
angle,1780513102155984253,2.0299999713897705,0,0.009999983943998814
angle,1780513102165984585,2.0299999713897705,0,0.010000007227063179
angle,1780513102175985135,2.0299999713897705,0,0.009999937377870083
angle,1780513102185985070,2.0299999713897705,0,0.009999996051192284
angle,1780513102195986554,2.0299999713897705,0,0.00999996904283762
angle,1780513102205985701,2.0299999713897705,0,0.009999886155128479
angle,1780513102215985935,2.0299999713897705,0,0.009999947622418404
angle,1780513102225985993,2.0299999713897705,0,0.00999997928738594
angle,1780513102235986426,2.0299999713897705,0,0.009999945759773254
angle,1780513102245986383,2.0299999713897705,0,0.009999875910580158
angle,1780513102255986636,2.0299999713897705,0,0.009999985806643963
angle,1780513102265987109,2.0299999713897705,0,0.009999980218708515
angle,1780513102275987373,2.0299999713897705,0,0.009999998845160007
angle,1780513102285988018,2.0299999713897705,0,0.009999965317547321
angle,1780513102295987819,2.0299999713897705,0,0.009999982081353664
angle,1780513102305988009,2.0299999713897705,0,0.00999999139457941
angle,1780513102315988815,2.0299999713897705,0,0.010000000707805157
angle,1780513102325988603,2.0299999713897705,0,0.009999945759773254
angle,1780513102335988420,2.0299999713897705,0,0.009999996982514858
angle,1780513102345988801,2.0299999713897705,0,0.009999968111515045
angle,1780513102355989246,2.0299999713897705,0,0.009999998845160007
angle,1780513102365989254,2.0299999713897705,0,0.009999959729611874
angle,1780513102375989406,2.0299999713897705,0,0.009999913163483143
angle,1780513102385989685,2.0299999713897705,0,0.009999936446547508
angle,1780513102395989874,2.0299999713897705,0,0.009999917820096016
angle,1780513102405990102,2.0299999713897705,0,0.010000006295740604
angle,1780513102415990291,2.0299999713897705,0,0.009999984875321388
angle,1780513102425990699,2.0299999713897705,0,0.010000006295740604
angle,1780513102435991079,2.0299999713897705,0,0.009999987669289112
angle,1780513102445991541,2.0299999713897705,0,0.009999983012676239
angle,1780513102455991370,2.0299999713897705,0,0.009999947622418404
angle,1780513102465991756,2.0299999713897705,0,0.009999983943998814
angle,1780513102475991813,2.0299999713897705,0,0.009999973699450493
angle,1780513102485992158,2.0299999713897705,0,0.01000000536441803
angle,1780513102495992537,2.0299999713897705,0,0.009999964386224747
angle,1780513102505992730,2.0299999713897705,0,0.009999954141676426
angle,1780513102515992989,2.0299999713897705,0,0.009999942034482956
angle,1780513102525992920,2.0299999713897705,0,0.009999975562095642
angle,1780513102535994201,2.0299999713897705,0,0.01000000536441803
angle,1780513102545993676,2.0299999713897705,0,0.00999989453703165
angle,1780513102555993729,2.0299999713897705,0,0.009999903850257397
angle,1780513102565993989,2.0299999713897705,0,0.00999998115003109
angle,1780513102575994550,2.0299999713897705,0,0.009999965317547321
angle,1780513102585994782,2.0299999713897705,0,0.009999958798289299
angle,1780513102595995099,2.0299999713897705,0,0.009999994188547134
angle,1780513102605995235,2.0299999713897705,0,0.009999957866966724
angle,1780513102615995471,2.0299999713897705,0,0.009999941103160381
angle,1780513102625995808,2.0299999713897705,0,0.00999994296580553
angle,1780513102635995992,2.0299999713897705,0,0.009999998845160007
angle,1780513102645996106,2.0299999713897705,0,0.009999946691095829
angle,1780513102655996329,2.0299999713897705,0,0.00999999139457941
angle,1780513102665996776,2.0299999713897705,0,0.00999996904283762
angle,1780513102675996985,2.0299999713897705,0,0.009999937377870083
angle,1780513102685997144,2.0299999713897705,0,0.009999964386224747
angle,1780513102695997444,2.0299999713897705,0,0.009999956004321575
angle,1780513102705997517,2.0299999713897705,0,0.009999992325901985
angle,1780513102715998312,2.0299999713897705,0,0.00999996904283762
angle,1780513102725998003,2.0299999713897705,0,0.009999998845160007
angle,1780513102735998204,2.0299999713897705,0,0.00999993272125721
angle,1780513102745998648,2.0299999713897705,0,0.009999994188547134
angle,1780513102755999057,2.0299999713897705,0,0.009999927133321762
angle,1780513102765998877,2.0299999713897705,0,0.009999994188547134
angle,1780513102775999282,2.0299999713897705,0,0.009999987669289112
angle,1780513102785999552,2.0299999713897705,0,0.009999983943998814
angle,1780513102795999709,2.0299999713897705,0,0.009999959729611874
angle,1780513102805999822,2.0299999713897705,0,0.009999939240515232
angle,1780513102816000306,2.0299999713897705,0,0.00999993272125721
angle,1780513102826000485,2.0299999713897705,0,0.009999996982514858
angle,1780513102836000643,2.0299999713897705,0,0.00999992061406374
angle,1780513102846001586,2.0299999713897705,0,0.009999988600611687
angle,1780513102856001059,2.0299999713897705,0,0.009999897330999374
angle,1780513102866001335,2.0299999713897705,0,0.010000002570450306
angle,1780513102876001723,2.0299999713897705,0,0.009999940171837807
angle,1780513102886001835,2.0299999713897705,0,0.009999946691095829
angle,1780513102896002486,2.0299999713897705,0,0.009999929927289486
angle,1780513102906002326,2.0299999713897705,0,0.009999982081353664
angle,1780513102916002392,2.0299999713897705,0,0.009999937377870083
angle,1780513102926002479,2.0299999713897705,0,0.009999992325901985
angle,1780513102936003306,2.0299999713897705,0,0.009999963454902172
angle,1780513102946003033,2.0299999713897705,0,0.009999947622418404
angle,1780513102956003215,2.0299999713897705,0,0.009999934583902359
angle,1780513102966003512,2.0299999713897705,0,0.009999957866966724
angle,1780513102976004100,2.0299999713897705,0,0.009999969974160194
angle,1780513102986004332,2.0299999713897705,0,0.009999998845160007
angle,1780513102996004666,2.0299999713897705,0,0.009999996051192284
angle,1780513103006005115,2.0299999713897705,0,0.010000006295740604
angle,1780513103016006136,2.0299999713897705,0,0.009999996982514858
angle,1780513103026005837,2.0299999713897705,0,0.009999796748161316
angle,1780513103036005708,2.0299999713897705,0,0.009999946691095829
angle,1780513103046005815,2.0299999713897705,0,0.00999990664422512
angle,1780513103056005878,2.0299999713897705,0,0.00999997928738594
angle,1780513103066006360,2.0299999713897705,0,0.009999951347708702
angle,1780513103076006743,2.0299999713897705,0,0.00999994482845068
angle,1780513103086006944,2.0299999713897705,0,0.009999999776482582
angle,1780513103096007446,2.0299999713897705,0,0.009999985806643963
angle,1780513103106007529,2.0299999713897705,0,0.00999998115003109
angle,1780513103116007741,2.0299999713897705,0,0.009999946691095829
angle,1780513103126007950,2.0299999713897705,0,0.01000000536441803
angle,1780513103136008252,2.0299999713897705,0,0.009999995119869709
angle,1780513103146008486,2.0299999713897705,0,0.009999965317547321
angle,1780513103156008917,2.0299999713897705,0,0.009999956004321575
angle,1780513103166009213,2.0299999713897705,0,0.009999996051192284
angle,1780513103176009232,2.0299999713897705,0,0.009999978356063366
angle,1780513103186009697,2.0299999713897705,0,0.010000009089708328
angle,1780513103196009905,2.0299999713897705,0,0.009999915026128292
angle,1780513103206012606,2.0299999713897705,0,0.010000008158385754
angle,1780513103216012221,2.0299999713897705,0,0.009999855421483517
angle,1780513103226012265,2.0299999713897705,0,0.009999801404774189
angle,1780513103236011399,2.0299999713897705,0,0.00999992061406374
angle,1780513103246011133,2.0299999713897705,0,0.00999999325722456
angle,1780513103256011284,2.0299999713897705,0,0.009999986737966537
angle,1780513103266011695,2.0299999713897705,0,0.009999983943998814
angle,1780513103276012055,2.0299999713897705,0,0.009999952279031277
angle,1780513103286012751,2.0299999713897705,0,0.009999945759773254
angle,1780513103296012292,2.0299999713897705,0,0.009999947622418404
angle,1780513103306012340,2.0299999713897705,0,0.009999978356063366
angle,1780513103316012658,2.0299999713897705,0,0.009999965317547321
angle,1780513103326013031,2.0299999713897705,0,0.009999942034482956
angle,1780513103336013274,2.0299999713897705,0,0.009999945759773254
angle,1780513103346013462,2.0299999713897705,0,0.009999942034482956
angle,1780513103356013427,2.0299999713897705,0,0.009999972768127918
angle,1780513103366014039,2.0299999713897705,0,0.00999999325722456
angle,1780513103376014116,2.0299999713897705,0,0.009999982081353664
angle,1780513103386014443,2.0299999713897705,0,0.009999955072999
angle,1780513103396014798,2.0299999713897705,0,0.009999996982514858
angle,1780513103406014874,2.0299999713897705,0,0.009999970905482769
angle,1780513103416015627,2.0299999713897705,0,0.009999957866966724
angle,1780513103426015365,2.0299999713897705,0,0.009999992325901985
angle,1780513103436015859,2.0299999713897705,0,0.010000008158385754
angle,1780513103446016724,2.0299999713897705,0,0.009999988600611687
angle,1780513103456016108,2.0299999713897705,0,0.009999965317547321
angle,1780513103466016475,2.0299999713897705,0,0.009999943897128105
angle,1780513103476016818,2.0299999713897705,0,0.009999948553740978
angle,1780513103486016813,2.0299999713897705,0,0.009999948553740978
angle,1780513103496018188,2.0299999713897705,0,0.009999940171837807
angle,1780513103506017269,2.0299999713897705,0,0.009999924339354038
angle,1780513103516017483,2.0299999713897705,0,0.009999977424740791
angle,1780513103526018026,2.0299999713897705,0,0.009999980218708515
angle,1780513103536018471,2.0299999713897705,0,0.009999960660934448
angle,1780513103546018565,2.0299999713897705,0,0.009999939240515232
angle,1780513103556018542,2.0299999713897705,0,0.009999942034482956
angle,1780513103566018744,2.0299999713897705,0,0.009999970905482769
angle,1780513103576019237,2.0299999713897705,0,0.009999948553740978
angle,1780513103586019333,2.0299999713897705,0,0.009999997913837433
angle,1780513103596021017,2.0299999713897705,0,0.009999973699450493
angle,1780513103606021483,2.0299999713897705,0,0.009999880567193031
angle,1780513103616020084,2.0299999713897705,0,0.009999897330999374
angle,1780513103626020289,2.0299999713897705,0,0.00999999325722456
angle,1780513103636020637,2.0299999713897705,0,0.010000011883676052
angle,1780513103646020897,2.0299999713897705,0,0.009999951347708702
angle,1780513103656021599,2.0299999713897705,0,0.009999943897128105
angle,1780513103666021304,2.0299999713897705,0,0.00999999139457941
angle,1780513103676021693,2.0299999713897705,0,0.01000000536441803
angle,1780513103686021831,2.0299999713897705,0,0.009999995119869709
angle,1780513103696022165,2.0299999713897705,0,0.009999973699450493
angle,1780513103706022406,2.0299999713897705,0,0.009999969974160194
angle,1780513103716022676,2.0299999713897705,0,0.00999996718019247
angle,1780513103726022814,2.0299999713897705,0,0.009999943897128105
angle,1780513103736023034,2.0299999713897705,0,0.009999936446547508
angle,1780513103746023648,2.0299999713897705,0,0.009999963454902172
angle,1780513103756023428,2.0299999713897705,0,0.009999943897128105
angle,1780513103766023846,2.0299999713897705,0,0.009999952279031277
angle,1780513103776023803,2.0299999713897705,0,0.009999969974160194
angle,1780513103786024388,2.0299999713897705,0,0.00999999325722456
angle,1780513103796024385,2.0299999713897705,0,0.010000002570450306
angle,1780513103806024590,2.0299999713897705,0,0.009999961592257023
angle,1780513103816024826,2.0299999713897705,0,0.009999983943998814
angle,1780513103826024877,2.0299999713897705,0,0.009999977424740791
angle,1780513103836025185,2.0299999713897705,0,0.009999953210353851
angle,1780513103846025767,2.0299999713897705,0,0.009999954141676426
angle,1780513103856025671,2.0299999713897705,0,0.009999978356063366
angle,1780513103866025995,2.0299999713897705,0,0.009999971836805344
angle,1780513103876026446,2.0299999713897705,0,0.009999939240515232
angle,1780513103886026558,2.0299999713897705,0,0.00999999139457941
angle,1780513103896026633,2.0299999713897705,0,0.010000002570450306
angle,1780513103906026804,2.0299999713897705,0,0.009999974630773067
angle,1780513103916027079,2.0299999713897705,0,0.00999997928738594
angle,1780513103926027288,2.0299999713897705,0,0.009999961592257023
angle,1780513103936028514,2.0299999713897705,0,0.009999943897128105
angle,1780513103946029404,2.0299999713897705,0,0.009999915026128292
angle,1780513103956028454,2.0299999713897705,0,0.009999925270676613
angle,1780513103966028309,2.0299999713897705,0,0.00999997928738594
angle,1780513103976030467,2.0299999713897705,0,0.009999965317547321
angle,1780513103986028870,2.0299999713897705,0,0.009999929927289486
angle,1780513103996029061,2.0299999713897705,0,0.00999999325722456
angle,1780513104006029902,2.0299999713897705,0,0.010000016540288925
angle,1780513104016030780,2.0299999713897705,0,0.009999937377870083
angle,1780513104026029946,2.0299999713897705,0,0.009999970905482769
angle,1780513104036030519,2.0299999713897705,0,0.009999937377870083
angle,1780513104046030327,2.0299999713897705,0,0.009999957866966724
angle,1780513104056030636,2.0299999713897705,0,0.009999996051192284
angle,1780513104066030783,2.0299999713897705,0,0.010000011883676052
angle,1780513104076031130,2.0299999713897705,0,0.009999958798289299
angle,1780513104086031296,2.0299999713897705,0,0.009999977424740791
angle,1780513104096031971,2.0299999713897705,0,0.009999974630773067
angle,1780513104106031769,2.0299999713897705,0,0.009999939240515232
angle,1780513104116032356,2.0299999713897705,0,0.009999943897128105
angle,1780513104126032563,2.0299999713897705,0,0.009999879635870457
angle,1780513104136032439,2.0299999713897705,0,0.009999986737966537
angle,1780513104146032848,2.0299999713897705,0,0.009999945759773254
angle,1780513104156032899,2.0299999713897705,0,0.009999931789934635
angle,1780513104166033244,2.0299999713897705,0,0.009999963454902172
angle,1780513104176033190,2.0299999713897705,0,0.009999996982514858
angle,1780513104186033471,2.0299999713897705,0,0.00999995693564415
angle,1780513104196034315,2.0299999713897705,0,0.009999969974160194
angle,1780513104206035112,2.0299999713897705,0,0.009999942034482956
angle,1780513104216034439,2.0299999713897705,0,0.009999873116612434
angle,1780513104226034464,2.0299999713897705,0,0.009999996982514858
angle,1780513104236035004,2.0299999713897705,0,0.009999990463256836
angle,1780513104246035127,2.0299999713897705,0,0.009999977424740791
angle,1780513104256035192,2.0299999713897705,0,0.009999912232160568
angle,1780513104266035774,2.0299999713897705,0,0.009999969974160194
angle,1780513104276035763,2.0299999713897705,0,0.009999983943998814
angle,1780513104286035920,2.0299999713897705,0,0.009999961592257023
angle,1780513104296036472,2.0299999713897705,0,0.009999972768127918
angle,1780513104306036263,2.0299999713897705,0,0.00999994482845068
angle,1780513104316036595,2.0299999713897705,0,0.009999978356063366
angle,1780513104326036667,2.0299999713897705,0,0.009999997913837433
angle,1780513104336037569,2.0299999713897705,0,0.00999999139457941
angle,1780513104346037401,2.0299999713897705,0,0.009999982081353664
angle,1780513104356037498,2.0299999713897705,0,0.009999868459999561
angle,1780513104366037792,2.0299999713897705,0,0.009999960660934448
angle,1780513104376037961,2.0299999713897705,0,0.009999978356063366
angle,1780513104386038309,2.0299999713897705,0,0.010000002570450306
angle,1780513104396038514,2.0299999713897705,0,0.009999969974160194
angle,1780513104406038474,2.0299999713897705,0,0.009999937377870083
angle,1780513104416038982,2.0299999713897705,0,0.009999998845160007
angle,1780513104426039464,2.0299999713897705,0,0.009999942034482956
angle,1780513104436039378,2.0299999713897705,0,0.009999980218708515
angle,1780513104446039867,2.0299999713897705,0,0.00999997928738594
angle,1780513104456039919,2.0299999713897705,0,0.00999997928738594
angle,1780513104466040164,2.0299999713897705,0,0.009999994188547134
angle,1780513104476040350,2.0299999713897705,0,0.01000000536441803
angle,1780513104486040536,2.0299999713897705,0,0.010000001639127731
angle,1780513104496040897,2.0299999713897705,0,0.009999996051192284
angle,1780513104506040813,2.0299999713897705,0,0.00999993272125721
angle,1780513104516041380,2.0299999713897705,0,0.009999958798289299
angle,1780513104526042205,2.0299999713897705,0,0.009999957866966724
angle,1780513104536041450,2.0299999713897705,0,0.009999950416386127
angle,1780513104546042254,2.0299999713897705,0,0.01000005193054676
angle,1780513104556042150,2.0299999713897705,0,0.009999910369515419
angle,1780513104566042416,2.0299999713897705,0,0.009999947622418404
angle,1780513104576042575,2.0299999713897705,0,0.009999972768127918
angle,1780513104586043123,2.0299999713897705,0,0.00999994482845068
angle,1780513104596043207,2.0299999713897705,0,0.009999983012676239
angle,1780513104606043312,2.0299999713897705,0,0.00999994482845068
angle,1780513104616046646,2.0299999713897705,0,0.009999951347708702
angle,1780513104626044941,2.0299999713897705,0,0.009999891743063927
angle,1780513104636044170,2.0299999713897705,0,0.009999878704547882
angle,1780513104646044445,2.0299999713897705,0,0.009999968111515045
angle,1780513104656045069,2.0299999713897705,0,0.010000008158385754
angle,1780513104666044857,2.0299999713897705,0,0.009999940171837807
angle,1780513104676045047,2.0299999713897705,0,0.009999933652579784
angle,1780513104686045230,2.0299999713897705,0,0.010000000707805157
angle,1780513104696045458,2.0299999713897705,0,0.00999999325722456
angle,1780513104706045790,2.0299999713897705,0,0.00999995693564415
angle,1780513104716046617,2.0299999713897705,0,0.010000008158385754
angle,1780513104726046477,2.0299999713897705,0,0.009999942034482956
angle,1780513104736046767,2.0299999713897705,0,0.010000012814998627
angle,1780513104746047047,2.0299999713897705,0,0.009999937377870083
angle,1780513104756047597,2.0299999713897705,0,0.009999985806643963
angle,1780513104766047236,2.0299999713897705,0,0.009999986737966537
angle,1780513104776047807,2.0299999713897705,0,0.009999958798289299
angle,1780513104786047551,2.0299999713897705,0,0.009999966248869896
angle,1780513104796047935,2.0299999713897705,0,0.009999961592257023
angle,1780513104806048108,2.0299999713897705,0,0.009999966248869896
angle,1780513104816048576,2.0299999713897705,0,0.009999934583902359
angle,1780513104826048986,2.0299999713897705,0,0.009999952279031277
angle,1780513104836049924,2.0299999713897705,0,0.009999873116612434
angle,1780513104846049013,2.0299999713897705,0,0.009999901056289673
angle,1780513104856049450,2.0299999713897705,0,0.009999933652579784
angle,1780513104866049559,2.0299999713897705,0,0.010000004433095455
angle,1780513104876049488,2.0299999713897705,0,0.009999945759773254
angle,1780513104886049835,2.0299999713897705,0,0.00999994296580553
angle,1780513104896050204,2.0299999713897705,0,0.009999966248869896
angle,1780513104906050289,2.0299999713897705,0,0.009999988600611687
angle,1780513104916050541,2.0299999713897705,0,0.009999925270676613
angle,1780513104926050708,2.0299999713897705,0,0.009999968111515045
angle,1780513104936050798,2.0299999713897705,0,0.009999943897128105
angle,1780513104946051176,2.0299999713897705,0,0.00999994296580553
angle,1780513104956051384,2.0299999713897705,0,0.009999938309192657
angle,1780513104966051510,2.0299999713897705,0,0.009999963454902172
angle,1780513104976052157,2.0299999713897705,0,0.009999969974160194
angle,1780513104986052040,2.0299999713897705,0,0.009999998845160007
angle,1780513104996052648,2.0299999713897705,0,0.010000004433095455
angle,1780513105006052731,2.0299999713897705,0,0.009999951347708702
angle,1780513105016053809,2.0299999713897705,0,0.009999973699450493
angle,1780513105026052975,2.0299999713897705,0,0.009999974630773067
angle,1780513105036053546,2.0299999713897705,0,0.00999999139457941
angle,1780513105046053601,2.0299999713897705,0,0.009999942034482956
angle,1780513105056053851,2.0299999713897705,0,0.009999951347708702
angle,1780513105066053967,2.0299999713897705,0,0.009999948553740978
angle,1780513105076054763,2.0299999713897705,0,0.009999996051192284
angle,1780513105086054660,2.0299999713897705,0,0.009999961592257023
angle,1780513105096055104,2.0299999713897705,0,0.009999984875321388
angle,1780513105106055134,2.0299999713897705,0,0.009999995119869709
angle,1780513105116055419,2.0299999713897705,0,0.009999972768127918
angle,1780513105126055910,2.0299999713897705,0,0.009999971836805344
angle,1780513105136056122,2.0299999713897705,0,0.009999978356063366
angle,1780513105146056221,2.0299999713897705,0,0.009999992325901985
angle,1780513105156056853,2.0299999713897705,0,0.009999965317547321
angle,1780513105166056657,2.0299999713897705,0,0.009999952279031277
angle,1780513105176056852,2.0299999713897705,0,0.009999973699450493
angle,1780513105186057208,2.0299999713897705,0,0.009999994188547134
angle,1780513105196057194,2.0299999713897705,0,0.00999998115003109
angle,1780513105206059261,2.0299999713897705,0,0.00999998115003109
angle,1780513105216057937,2.0299999713897705,0,0.009999933652579784
angle,1780513105226058025,2.0299999713897705,0,0.009999958798289299
angle,1780513105236058685,2.0299999713897705,0,0.009999968111515045
angle,1780513105246058713,2.0299999713897705,0,0.009999998845160007
angle,1780513105256059066,2.0299999713897705,0,0.009999965317547321
angle,1780513105266059075,2.0299999713897705,0,0.00999997928738594
angle,1780513105276059438,2.0299999713897705,0,0.009999978356063366
angle,1780513105286059650,2.0299999713897705,0,0.009999994188547134
angle,1780513105296059715,2.0299999713897705,0,0.009999999776482582
angle,1780513105306060051,2.0299999713897705,0,0.00999995693564415
angle,1780513105316060314,2.0299999713897705,0,0.009999978356063366
angle,1780513105326060501,2.0299999713897705,0,0.009999988600611687
angle,1780513105336060880,2.0299999713897705,0,0.009999972768127918
angle,1780513105346061368,2.0299999713897705,0,0.010000004433095455
angle,1780513105356061500,2.0299999713897705,0,0.009999975562095642
angle,1780513105366069569,2.0299999713897705,0,0.00999998115003109
angle,1780513105376061738,2.0299999713897705,0,0.009999954141676426
angle,1780513105386062220,2.0299999713897705,0,0.009999975562095642
angle,1780513105396062583,2.0299999713897705,0,0.00999995693564415
angle,1780513105406062676,2.0299999713897705,0,0.009999942034482956
angle,1780513105416062834,2.0299999713897705,0,0.00999994296580553
angle,1780513105426062940,2.0299999713897705,0,0.009999953210353851
angle,1780513105436063233,2.0299999713897705,0,0.009999972768127918
angle,1780513105446063380,2.0299999713897705,0,0.009999958798289299
angle,1780513105456064252,2.0299999713897705,0,0.009999952279031277
angle,1780513105466063977,2.0299999713897705,0,0.009999902918934822
angle,1780513105476064216,2.0299999713897705,0,0.009999985806643963
angle,1780513105486064303,2.0299999713897705,0,0.00999995693564415
angle,1780513105496066838,2.0299999713897705,0,0.009999954141676426
angle,1780513105506065073,2.0299999713897705,0,0.009999911300837994
angle,1780513105516065088,2.0299999713897705,0,0.009999957866966724
angle,1780513105526065369,2.0299999713897705,0,0.00999996718019247
angle,1780513105536065664,2.0299999713897705,0,0.009999999776482582
angle,1780513105546065737,2.0299999713897705,0,0.009999992325901985
angle,1780513105556066873,2.0299999713897705,0,0.009999977424740791
angle,1780513105566066288,2.0299999713897705,0,0.009999924339354038
angle,1780513105576066617,2.0299999713897705,0,0.009999982081353664
angle,1780513105586066845,2.0299999713897705,0,0.009999943897128105
angle,1780513105596067423,2.0299999713897705,0,0.00999997928738594
angle,1780513105606067315,2.0299999713897705,0,0.009999997913837433
angle,1780513105616067400,2.0299999713897705,0,0.009999934583902359
angle,1780513105626067611,2.0299999713897705,0,0.009999975562095642
angle,1780513105636067934,2.0299999713897705,0,0.009999982081353664
angle,1780513105646068064,2.0299999713897705,0,0.009999954141676426
angle,1780513105656068516,2.0299999713897705,0,0.00999993272125721
angle,1780513105666068447,2.0299999713897705,0,0.009999893605709076
angle,1780513105676068981,2.0299999713897705,0,0.009999945759773254
angle,1780513105686069056,2.0299999713897705,0,0.009999951347708702
angle,1780513105696069020,2.0299999713897705,0,0.009999978356063366
angle,1780513105706069293,2.0299999713897705,0,0.009999978356063366
angle,1780513105716070169,2.0299999713897705,0,0.009999939240515232
angle,1780513105726070037,2.0299999713897705,0,0.009999963454902172
angle,1780513105736070251,2.0299999713897705,0,0.009999950416386127
angle,1780513105746070485,2.0299999713897705,0,0.009999964386224747
angle,1780513105756070990,2.0299999713897705,0,0.009999980218708515
angle,1780513105766070886,2.0299999713897705,0,0.009999939240515232
angle,1780513105776071468,2.0299999713897705,0,0.009999953210353851
angle,1780513105786071634,2.0299999713897705,0,0.00999994482845068
angle,1780513105796071626,2.0299999713897705,0,0.009999961592257023
angle,1780513105806071953,2.0299999713897705,0,0.009999969974160194
angle,1780513105816072262,2.0299999713897705,0,0.00999994296580553
angle,1780513105826072712,2.0299999713897705,0,0.009999969974160194
angle,1780513105836072789,2.0299999713897705,0,0.00999996904283762
angle,1780513105846073481,2.0299999713897705,0,0.010000004433095455
angle,1780513105856073393,2.0299999713897705,0,0.009999943897128105
angle,1780513105866073924,2.0299999713897705,0,0.009999956004321575
angle,1780513105876073736,2.0299999713897705,0,0.009999948553740978
angle,1780513105886074422,2.0299999713897705,0,0.010000000707805157
angle,1780513105896074161,2.0299999713897705,0,0.009999970905482769
angle,1780513105906074357,2.0299999713897705,0,0.009999940171837807
angle,1780513105916074705,2.0299999713897705,0,0.009999933652579784
angle,1780513105926075129,2.0299999713897705,0,0.009999966248869896
angle,1780513105936075285,2.0299999713897705,0,0.009999983012676239
angle,1780513105946075341,2.0299999713897705,0,0.009999939240515232
angle,1780513105956075640,2.0299999713897705,0,0.009999959729611874
angle,1780513105966076113,2.0299999713897705,0,0.009999975562095642
angle,1780513105976077803,2.0299999713897705,0,0.00999998115003109
angle,1780513105986076320,2.0299999713897705,0,0.009999921545386314
angle,1780513105996076813,2.0299999713897705,0,0.009999963454902172
angle,1780513106006077070,2.0299999713897705,0,0.009999988600611687
angle,1780513106016077808,2.0299999713897705,0,0.009999969974160194
angle,1780513106026077296,2.0299999713897705,0,0.009999875910580158
angle,1780513106036077786,2.0299999713897705,0,0.009999948553740978
angle,1780513106046077845,2.0299999713897705,0,0.009999978356063366
angle,1780513106056078178,2.0299999713897705,0,0.009999988600611687
angle,1780513106066078189,2.0299999713897705,0,0.009999931789934635
angle,1780513106076078624,2.0299999713897705,0,0.009999950416386127
angle,1780513106086078581,2.0299999713897705,0,0.009999938309192657
angle,1780513106096079259,2.0299999713897705,0,0.009999960660934448
angle,1780513106106079097,2.0299999713897705,0,0.009999941103160381
angle,1780513106116079531,2.0299999713897705,0,0.009999933652579784
angle,1780513106126079870,2.0299999713897705,0,0.010000006295740604
angle,1780513106136080054,2.0299999713897705,0,0.009999943897128105
angle,1780513106146080318,2.0299999713897705,0,0.009999987669289112
angle,1780513106156080946,2.0299999713897705,0,0.010000002570450306
angle,1780513106166080859,2.0299999713897705,0,0.009999905712902546
angle,1780513106176080974,2.0299999713897705,0,0.009999953210353851
angle,1780513106186081275,2.0299999713897705,0,0.009999947622418404
angle,1780513106196081603,2.0299999713897705,0,0.009999986737966537
angle,1780513106206083232,2.0299999713897705,0,0.009999987669289112
angle,1780513106216081928,2.0299999713897705,0,0.009999897330999374
angle,1780513106226082495,2.0299999713897705,0,0.010000004433095455
angle,1780513106236082428,2.0299999713897705,0,0.00999999139457941
angle,1780513106246082578,2.0299999713897705,0,0.009999969974160194
angle,1780513106256084322,2.0299999713897705,0,0.01000000536441803
angle,1780513106266083480,2.0299999713897705,0,0.009999877773225307
angle,1780513106276083341,2.0299999713897705,0,0.01000000536441803
angle,1780513106286083997,2.0299999713897705,0,0.009999982081353664
angle,1780513106296083842,2.0299999713897705,0,0.009999950416386127
angle,1780513106306084494,2.0299999713897705,0,0.01000000536441803
angle,1780513106316084341,2.0299999713897705,0,0.009999969974160194
angle,1780513106326084625,2.0299999713897705,0,0.00999995693564415
angle,1780513106336084952,2.0299999713897705,0,0.010000006295740604
angle,1780513106346085517,2.0299999713897705,0,0.00999994482845068
angle,1780513106356085512,2.0299999713897705,0,0.00999996904283762
angle,1780513106366085767,2.0299999713897705,0,0.009999937377870083
angle,1780513106376085870,2.0299999713897705,0,0.010000000707805157
angle,1780513106386086132,2.0299999713897705,0,0.009999955072999
angle,1780513106396086254,2.0299999713897705,0,0.009999951347708702
angle,1780513106406086464,2.0299999713897705,0,0.009999961592257023
angle,1780513106416086617,2.0299999713897705,0,0.009999973699450493
angle,1780513106426086921,2.0299999713897705,0,0.009999940171837807
angle,1780513106436087411,2.0299999713897705,0,0.00999997928738594
angle,1780513106446087307,2.0299999713897705,0,0.009999965317547321
angle,1780513106456087705,2.0299999713897705,0,0.009999972768127918
angle,1780513106466088200,2.0299999713897705,0,0.010000000707805157
angle,1780513106476089211,2.0299999713897705,0,0.00999996718019247
angle,1780513106486088306,2.0299999713897705,0,0.00999988242983818
angle,1780513106496088522,2.0299999713897705,0,0.009999946691095829
angle,1780513106506088920,2.0299999713897705,0,0.009999954141676426
angle,1780513106516089277,2.0299999713897705,0,0.010000000707805157
angle,1780513106526089459,2.0299999713897705,0,0.00999994482845068
angle,1780513106536089829,2.0299999713897705,0,0.009999945759773254
angle,1780513106546090298,2.0299999713897705,0,0.009999983943998814
angle,1780513106556090603,2.0299999713897705,0,0.009999950416386127
angle,1780513106566090426,2.0299999713897705,0,0.009999912232160568
angle,1780513106576090634,2.0299999713897705,0,0.00999997928738594
angle,1780513106586090887,2.0299999713897705,0,0.009999942034482956
angle,1780513106596092220,2.0299999713897705,0,0.00999994296580553
angle,1780513106606091724,2.0299999713897705,0,0.009999995119869709
angle,1780513106616091815,2.0299999713897705,0,0.00999998115003109
angle,1780513106626091975,2.0299999713897705,0,0.009999951347708702
angle,1780513106636092243,2.0299999713897705,0,0.009999984875321388
angle,1780513106646092601,2.0299999713897705,0,0.01000000536441803
angle,1780513106656093086,2.0299999713897705,0,0.009999980218708515
angle,1780513106666093166,2.0299999713897705,0,0.009999997913837433
angle,1780513106676093259,2.0299999713897705,0,0.010000016540288925
angle,1780513106686093686,2.0299999713897705,0,0.009999943897128105
angle,1780513106696093724,2.0299999713897705,0,0.009999940171837807
angle,1780513106706094178,2.0299999713897705,0,0.009999997913837433
angle,1780513106716094088,2.0299999713897705,0,0.00999994296580553
angle,1780513106726094762,2.0299999713897705,0,0.009999999776482582
angle,1780513106736094708,2.0299999713897705,0,0.00999993272125721
angle,1780513106746094823,2.0299999713897705,0,0.009999945759773254
angle,1780513106756095131,2.0299999713897705,0,0.009999936446547508
angle,1780513106766095834,2.0299999713897705,0,0.009999984875321388
angle,1780513106776095473,2.0299999713897705,0,0.009999980218708515
angle,1780513106786095745,2.0299999713897705,0,0.009999947622418404
angle,1780513106796095916,2.0299999713897705,0,0.009999965317547321
angle,1780513106806096188,2.0299999713897705,0,0.009999977424740791
angle,1780513106816096453,2.0299999713897705,0,0.009999986737966537
angle,1780513106826097148,2.0299999713897705,0,0.00999995693564415
angle,1780513106836097000,2.0299999713897705,0,0.01000000536441803
angle,1780513106846097140,2.0299999713897705,0,0.009999947622418404
angle,1780513106856097482,2.0299999713897705,0,0.009999965317547321
angle,1780513106866098180,2.0299999713897705,0,0.009999992325901985
angle,1780513106876097893,2.0299999713897705,0,0.009999948553740978
angle,1780513106886098115,2.0299999713897705,0,0.010000006295740604
angle,1780513106896098630,2.0299999713897705,0,0.009999950416386127
angle,1780513106906098680,2.0299999713897705,0,0.009999973699450493
angle,1780513106916098781,2.0299999713897705,0,0.009999938309192657
angle,1780513106926099120,2.0299999713897705,0,0.010000007227063179
angle,1780513106936099425,2.0299999713897705,0,0.009999941103160381
angle,1780513106946099743,2.0299999713897705,0,0.010000001639127731
angle,1780513106956100019,2.0299999713897705,0,0.009999947622418404
angle,1780513106966100685,2.0299999713897705,0,0.009999968111515045
angle,1780513106976100744,2.0299999713897705,0,0.009999963454902172
angle,1780513106986101112,2.0299999713897705,0,0.0099998963996768
angle,1780513106996101470,2.0299999713897705,0,0.009999960660934448
angle,1780513107006101306,2.0299999713897705,0,0.009999985806643963
angle,1780513107016102458,2.0299999713897705,0,0.009999994188547134
angle,1780513107026101822,2.0299999713897705,0,0.00999993272125721
angle,1780513107036104457,2.0299999713897705,0,0.010000002570450306
angle,1780513107046102605,2.0299999713897705,0,0.009999859146773815
angle,1780513107056102825,2.0299999713897705,0,0.009999941103160381
angle,1780513107066103799,2.0299999713897705,0,0.010000050999224186
angle,1780513107076103380,2.0299999713897705,0,0.009999889880418777
angle,1780513107086103737,2.0299999713897705,0,0.009999987669289112
angle,1780513107096103985,2.0299999713897705,0,0.009999954141676426
angle,1780513107106104459,2.0299999713897705,0,0.00999998115003109
angle,1780513107116105078,2.0299999713897705,0,0.009999950416386127
angle,1780513107126104512,2.0299999713897705,0,0.009999995119869709
angle,1780513107136104889,2.0299999713897705,0,0.009999948553740978
angle,1780513107146105317,2.0299999713897705,0,0.009999960660934448
angle,1780513107156105317,2.0299999713897705,0,0.009999994188547134
angle,1780513107166106102,2.0299999713897705,0,0.010000001639127731
angle,1780513107176105617,2.0299999713897705,0,0.009999937377870083
angle,1780513107186106202,2.0299999713897705,0,0.00999993272125721
angle,1780513107196106248,2.0299999713897705,0,0.009999943897128105
angle,1780513107206108300,2.0299999713897705,0,0.00999994296580553
angle,1780513107216106667,2.0299999713897705,0,0.0099998963996768
angle,1780513107226106881,2.0299999713897705,0,0.009999933652579784
angle,1780513107236107156,2.0299999713897705,0,0.009999974630773067
angle,1780513107246107333,2.0299999713897705,0,0.009999977424740791
angle,1780513107256107744,2.0299999713897705,0,0.009999980218708515
angle,1780513107266108270,2.0299999713897705,0,0.009999985806643963
angle,1780513107276108563,2.0299999713897705,0,0.00999988429248333
angle,1780513107286108555,2.0299999713897705,0,0.009999946691095829
angle,1780513107296109424,2.0299999713897705,0,0.009999982081353664
angle,1780513107306109318,2.0299999713897705,0,0.009999940171837807
angle,1780513107316109299,2.0299999713897705,0,0.009999931789934635
angle,1780513107326109974,2.0299999713897705,0,0.009999942034482956
angle,1780513107336109370,2.0299999713897705,0,0.009999983012676239
angle,1780513107346109945,2.0299999713897705,0,0.009999996982514858
angle,1780513107356109970,2.0299999713897705,0,0.009999984875321388
angle,1780513107366110480,2.0299999713897705,0,0.009999996982514858
angle,1780513107376110407,2.0299999713897705,0,0.009999985806643963
angle,1780513107386111117,2.0299999713897705,0,0.009999996982514858
angle,1780513107396111119,2.0299999713897705,0,0.009999980218708515
angle,1780513107406111472,2.0299999713897705,0,0.009999961592257023
angle,1780513107416111524,2.0299999713897705,0,0.009999946691095829
angle,1780513107426112002,2.0299999713897705,0,0.009999969974160194
angle,1780513107436112127,2.0299999713897705,0,0.009999945759773254
angle,1780513107446112240,2.0299999713897705,0,0.009999947622418404
angle,1780513107456112665,2.0299999713897705,0,0.010000004433095455
angle,1780513107466113245,2.0299999713897705,0,0.009999994188547134
angle,1780513107476113374,2.0299999713897705,0,0.009999956004321575
angle,1780513107486113224,2.0299999713897705,0,0.009999945759773254
angle,1780513107496113587,2.0299999713897705,0,0.009999992325901985
angle,1780513107506113772,2.0299999713897705,0,0.009999937377870083
angle,1780513107516114344,2.0299999713897705,0,0.009999980218708515
angle,1780513107526114469,2.0299999713897705,0,0.009999982081353664
angle,1780513107536114810,2.0299999713897705,0,0.009999986737966537
angle,1780513107546114879,2.0299999713897705,0,0.009999957866966724
angle,1780513107556115257,2.0299999713897705,0,0.009999982081353664
angle,1780513107566116049,2.0299999713897705,0,0.00999994482845068
angle,1780513107576116020,2.0299999713897705,0,0.01000000536441803
angle,1780513107586116060,2.0299999713897705,0,0.009999966248869896
angle,1780513107596116241,2.0299999713897705,0,0.009999986737966537
angle,1780513107606116656,2.0299999713897705,0,0.009999980218708515
angle,1780513107616116817,2.0299999713897705,0,0.009999951347708702
angle,1780513107626117092,2.0299999713897705,0,0.009999984875321388
angle,1780513107636117433,2.0299999713897705,0,0.009999974630773067
angle,1780513107646117648,2.0299999713897705,0,0.009999992325901985
angle,1780513107656118160,2.0299999713897705,0,0.010000006295740604
angle,1780513107666118106,2.0299999713897705,0,0.00999999325722456
angle,1780513107676118469,2.0299999713897705,0,0.009999982081353664
angle,1780513107686118976,2.0299999713897705,0,0.00999998115003109
angle,1780513107696119251,2.0299999713897705,0,0.009999951347708702
angle,1780513107706119023,2.0299999713897705,0,0.009999938309192657
angle,1780513107716119313,2.0299999713897705,0,0.009999961592257023
angle,1780513107726119519,2.0299999713897705,0,0.009999961592257023
angle,1780513107736119741,2.0299999713897705,0,0.009999983943998814
angle,1780513107746120248,2.0299999713897705,0,0.009999971836805344
angle,1780513107756120113,2.0299999713897705,0,0.009999941103160381
angle,1780513107766120931,2.0299999713897705,0,0.009999985806643963
angle,1780513107776120685,2.0299999713897705,0,0.009999969974160194
angle,1780513107786121203,2.0299999713897705,0,0.009999984875321388
angle,1780513107796121087,2.0299999713897705,0,0.009999959729611874
angle,1780513107806121270,2.0299999713897705,0,0.009999983943998814
angle,1780513107816121490,2.0299999713897705,0,0.00999997928738594
angle,1780513107826121780,2.0299999713897705,0,0.010000010021030903
angle,1780513107836121933,2.0299999713897705,0,0.009999956004321575
angle,1780513107846122376,2.0299999713897705,0,0.010000006295740604
angle,1780513107856122359,2.0299999713897705,0,0.009999956004321575
angle,1780513107866122897,2.0299999713897705,0,0.009999938309192657
angle,1780513107876123066,2.0299999713897705,0,0.009999945759773254
angle,1780513107886123066,2.0299999713897705,0,0.010000010021030903
angle,1780513107896123107,2.0299999713897705,0,0.009999978356063366
angle,1780513107906123315,2.0299999713897705,0,0.009999994188547134
angle,1780513107916123868,2.0299999713897705,0,0.009999974630773067
angle,1780513107926124064,2.0299999713897705,0,0.010000002570450306
angle,1780513107936124353,2.0299999713897705,0,0.009999958798289299
angle,1780513107946124665,2.0299999713897705,0,0.010000001639127731
angle,1780513107956124961,2.0299999713897705,0,0.009999940171837807
angle,1780513107966125777,2.0299999713897705,0,0.00999993085861206
angle,1780513107976127307,2.0299999713897705,0,0.009999919682741165
angle,1780513107986125516,2.0299999713897705,0,0.009999953210353851
angle,1780513107996126022,2.0299999713897705,0,0.00999999139457941
angle,1780513108006126482,2.0299999713897705,0,0.010000002570450306
angle,1780513108016128148,2.0299999713897705,0,0.009999951347708702
angle,1780513108026126597,2.0299999713897705,0,0.009999880567193031
angle,1780513108036126866,2.0299999713897705,0,0.009999939240515232
angle,1780513108046127056,2.0299999713897705,0,0.009999963454902172
angle,1780513108056127508,2.0299999713897705,0,0.009999988600611687
angle,1780513108066127667,2.0299999713897705,0,0.00999999325722456
angle,1780513108076127643,2.0299999713897705,0,0.00999999139457941
angle,1780513108086128080,2.0299999713897705,0,0.009999957866966724
angle,1780513108096128482,2.0299999713897705,0,0.009999992325901985
angle,1780513108106128470,2.0299999713897705,0,0.009999972768127918
angle,1780513108116128804,2.0299999713897705,0,0.009999950416386127
angle,1780513108126129174,2.0299999713897705,0,0.00999997928738594
angle,1780513108136129099,2.0299999713897705,0,0.009999954141676426
angle,1780513108146129858,2.0299999713897705,0,0.009999988600611687
angle,1780513108156129725,2.0299999713897705,0,0.009999947622418404
angle,1780513108166132295,2.0299999713897705,0,0.009999953210353851
angle,1780513108176130068,2.0299999713897705,0,0.00999993272125721
angle,1780513108186130337,2.0299999713897705,0,0.00999994482845068
angle,1780513108196130570,2.0299999713897705,0,0.009999994188547134
angle,1780513108206130805,2.0299999713897705,0,0.010000002570450306
angle,1780513108216132796,2.0299999713897705,0,0.009999997913837433
angle,1780513108226132831,2.0299999713897705,0,0.009999912232160568
angle,1780513108236133546,2.0299999713897705,0,0.009999875910580158
angle,1780513108246133803,2.0299999713897705,0,0.009999958798289299
angle,1780513108256132384,2.0299999713897705,0,0.009999921545386314
angle,1780513108266132235,2.0299999713897705,0,0.010000000707805157
angle,1780513108276132809,2.0299999713897705,0,0.010000004433095455
angle,1780513108286132852,2.0299999713897705,0,0.009999978356063366
angle,1780513108296132977,2.0299999713897705,0,0.009999957866966724
angle,1780513108306133499,2.0299999713897705,0,0.009999948553740978
angle,1780513108316133402,2.0299999713897705,0,0.01000004168599844
angle,1780513108326133696,2.0299999713897705,0,0.009999995119869709
angle,1780513108336134063,2.0299999713897705,0,0.009999936446547508
angle,1780513108346134244,2.0299999713897705,0,0.00999994296580553
angle,1780513108356134729,2.0299999713897705,0,0.009999952279031277
angle,1780513108366134805,2.0299999713897705,0,0.009999977424740791
angle,1780513108376135023,2.0299999713897705,0,0.009999954141676426
angle,1780513108386135031,2.0299999713897705,0,0.009999986737966537
angle,1780513108396135539,2.0299999713897705,0,0.009999980218708515
angle,1780513108406136150,2.0299999713897705,0,0.010000000707805157
angle,1780513108416135944,2.0299999713897705,0,0.009999958798289299
angle,1780513108426136096,2.0299999713897705,0,0.009999947622418404
angle,1780513108436136238,2.0299999713897705,0,0.009999966248869896
angle,1780513108446136473,2.0299999713897705,0,0.009999977424740791
angle,1780513108456136852,2.0299999713897705,0,0.009999948553740978
angle,1780513108466137225,2.0299999713897705,0,0.009999996051192284
angle,1780513108476137583,2.0299999713897705,0,0.009999987669289112
angle,1780513108486137657,2.0299999713897705,0,0.009999996051192284
angle,1780513108496137901,2.0299999713897705,0,0.009999988600611687
angle,1780513108506138293,2.0299999713897705,0,0.009999960660934448
angle,1780513108516138389,2.0299999713897705,0,0.010000000707805157
angle,1780513108526138538,2.0299999713897705,0,0.010000009089708328
angle,1780513108536138816,2.0299999713897705,0,0.009999983943998814
angle,1780513108546139247,2.0299999713897705,0,0.009999940171837807
angle,1780513108556139572,2.0299999713897705,0,0.009999960660934448
angle,1780513108566139770,2.0299999713897705,0,0.00999996718019247
angle,1780513108576140238,2.0299999713897705,0,0.009999972768127918
angle,1780513108586140260,2.0299999713897705,0,0.009999905712902546
angle,1780513108596140715,2.0299999713897705,0,0.009999988600611687
angle,1780513108606140850,2.0299999713897705,0,0.009999943897128105
angle,1780513108616142887,2.0299999713897705,0,0.009999999776482582
angle,1780513108626144567,2.0299999713897705,0,0.009999982081353664
angle,1780513108636143973,2.0299999713897705,0,0.009999959729611874
angle,1780513108646142134,2.0299999713897705,0,0.009999913163483143
angle,1780513108656142276,2.0299999713897705,0,0.00999995693564415
angle,1780513108666142618,2.0299999713897705,0,0.010000001639127731
angle,1780513108676143715,2.0299999713897705,0,0.009999937377870083
angle,1780513108686143072,2.0299999713897705,0,0.009999985806643963
angle,1780513108696143491,2.0299999713897705,0,0.00999998115003109
angle,1780513108706143526,2.0299999713897705,0,0.009999955072999
angle,1780513108716144169,2.0299999713897705,0,0.009999945759773254
angle,1780513108726144016,2.0299999713897705,0,0.009999945759773254
angle,1780513108736144192,2.0299999713897705,0,0.009999963454902172
angle,1780513108746144501,2.0299999713897705,0,0.009999982081353664
angle,1780513108756144833,2.0299999713897705,0,0.00999996904283762
angle,1780513108766144940,2.0299999713897705,0,0.009999941103160381
angle,1780513108776145528,2.0299999713897705,0,0.009999974630773067
angle,1780513108786145393,2.0299999713897705,0,0.009999871253967285
angle,1780513108796145693,2.0299999713897705,0,0.010000006295740604
angle,1780513108806146113,2.0299999713897705,0,0.009999978356063366
angle,1780513108816146113,2.0299999713897705,0,0.009999994188547134
angle,1780513108826146484,2.0299999713897705,0,0.009999985806643963
angle,1780513108836146455,2.0299999713897705,0,0.00999994296580553
angle,1780513108846146986,2.0299999713897705,0,0.00999994296580553
angle,1780513108856146860,2.0299999713897705,0,0.009999964386224747
angle,1780513108866147235,2.0299999713897705,0,0.01000000536441803
angle,1780513108876147660,2.0299999713897705,0,0.009999988600611687
angle,1780513108886147669,2.0299999713897705,0,0.009999926201999187
angle,1780513108896147871,2.0299999713897705,0,0.009999968111515045
angle,1780513108906148022,2.0299999713897705,0,0.009999987669289112
angle,1780513108916148266,2.0299999713897705,0,0.00999997928738594
angle,1780513108926148453,2.0299999713897705,0,0.009999939240515232
angle,1780513108936149395,2.0299999713897705,0,0.009999956004321575
angle,1780513108946148830,2.0299999713897705,0,0.009999938309192657
angle,1780513108956149149,2.0299999713897705,0,0.009999973699450493
angle,1780513108966149494,2.0299999713897705,0,0.009999958798289299
angle,1780513108976150720,2.0299999713897705,0,0.009999999776482582
angle,1780513108986150231,2.0299999713897705,0,0.00999993272125721
angle,1780513108996150341,2.0299999713897705,0,0.009999941103160381
angle,1780513109006150615,2.0299999713897705,0,0.010000001639127731
angle,1780513109016152057,2.0299999713897705,0,0.009999888949096203
angle,1780513109026151268,2.0299999713897705,0,0.009999919682741165
angle,1780513109036151469,2.0299999713897705,0,0.009999939240515232
angle,1780513109046151678,2.0299999713897705,0,0.009999970905482769
angle,1780513109056151702,2.0299999713897705,0,0.009999968111515045
angle,1780513109066152132,2.0299999713897705,0,0.009999936446547508
angle,1780513109076153595,2.0299999713897705,0,0.009999942034482956
angle,1780513109086152549,2.0299999713897705,0,0.009999940171837807
angle,1780513109096153479,2.0299999713897705,0,0.010000037029385567
angle,1780513109106153337,2.0299999713897705,0,0.009999947622418404
angle,1780513109116154123,2.0299999713897705,0,0.009999978356063366
angle,1780513109126153575,2.0299999713897705,0,0.009999972768127918
angle,1780513109136153836,2.0299999713897705,0,0.010000004433095455
angle,1780513109146154068,2.0299999713897705,0,0.009999998845160007
angle,1780513109156154728,2.0299999713897705,0,0.009999990463256836
angle,1780513109166154610,2.0299999713897705,0,0.009999957866966724
angle,1780513109176155039,2.0299999713897705,0,0.009999947622418404
angle,1780513109186155061,2.0299999713897705,0,0.010000000707805157
angle,1780513109196155477,2.0299999713897705,0,0.010000007227063179
angle,1780513109206156086,2.0299999713897705,0,0.009999951347708702
angle,1780513109216158318,2.0299999713897705,0,0.009999958798289299
angle,1780513109226158504,2.0299999713897705,0,0.00999958161264658
angle,1780513109236158902,2.0299999713897705,0,0.009999859146773815
angle,1780513109246159529,2.0299999713897705,0,0.0099998963996768
angle,1780513109256159877,2.0299999713897705,0,0.010000010952353477
angle,1780513109266159852,2.0299999713897705,0,0.009999868459999561
