name,time,value,timeout,delta_time
angle,1780511797010864089,-0.000869323150254786,0,0.00999989453703165
angle,1780511797044328098,-0.000874211546033621,0,0.00999989453703165
angle,1780511797076280103,-0.000879090628586709,0,0.009999822825193405
angle,1780511797108667545,-0.000883960747160017,0,0.009999912232160568
angle,1780511797140999765,-0.000888821727130562,0,0.009999900124967098
angle,1780511797172725248,-0.000893672870006412,0,0.00999987032264471
angle,1780511797203882526,-0.000898513477295637,0,0.009999985806643963
angle,1780511797235156617,-0.000903342443052679,0,0.009999887086451054
angle,1780511797266989759,-0.000908158952370286,0,0.009999804198741913
angle,1780511797298929230,-0.000912962248548865,0,0.009999898262321949
angle,1780511797330178245,-0.000917751749511808,0,0.009999893605709076
angle,1780511797363712423,-0.000922527338843793,0,0.009999903850257397
angle,1780511797395118585,-0.000927289016544819,0,0.009999820962548256
angle,1780511797427517513,-0.000932037073653191,0,0.009999953210353851
angle,1780511797460442107,-0.000936772034037858,0,0.009999742731451988
angle,1780511797492905012,-0.000941494363360107,0,0.009999879635870457
angle,1780511797524895853,-0.000946204527281225,0,0.009999851696193218
angle,1780511797556472683,-0.00095090304967016,0,0.009999877773225307
angle,1780511797587672072,-0.000955590279772878,0,0.00999999139457941
angle,1780511797619549255,-0.000960266159381717,0,0.009999878704547882
angle,1780511797650987864,-0.000964930863119662,0,0.009999838657677174
angle,1780511797683547888,-0.000969584158156067,0,0.009999844245612621
angle,1780511797716315005,-0.00097422581166029,0,0.009999845176935196
angle,1780511797749597912,-0.000978855649009347,0,0.009999853558838367
angle,1780511797781911629,-0.000983473146334291,0,0.00999988429248333
angle,1780511797813634420,-0.00098807830363512,0,0.009999859146773815
angle,1780511797844580650,-0.000992670771665871,0,0.009999927133321762
angle,1780511797876382550,-0.000997250434011221,0,0.009999914094805717
angle,1780511797907255201,-0.001001817407086492,0,0.009999915957450867
angle,1780511797938025966,-0.001006371690891683,0,0.009999931789934635
angle,1780511797969860674,-0.001010913401842117,0,0.009999861940741539
angle,1780511798000971818,-0.001015442772768438,0,0.009999926201999187
angle,1780511798033061462,-0.001019959803670645,0,0.009999901056289673
angle,1780511798064831224,-0.001024464843794703,0,0.009999888949096203
angle,1780511798098276161,-0.001028957893140614,0,0.009999869391322136
angle,1780511798129337043,-0.001033438951708376,0,0.009999861009418964
angle,1780511798160558068,-0.001037908135913312,0,0.009999916888773441
angle,1780511798191739272,-0.001042365445755422,0,0.009999934583902359
angle,1780511798224749407,-0.001046810764819384,0,0.00999994482845068
angle,1780511798256222501,-0.001051243860274553,0,0.009999874979257584
angle,1780511798288095857,-0.001055664848536253,0,0.009999878704547882
angle,1780511798319986171,-0.001060073496773839,0,0.009999850764870644
angle,1780511798351655347,-0.001064469804987311,0,0.009999898262321949
angle,1780511798383294369,-0.001068853889591992,0,0.009999983012676239
angle,1780511798414405291,-0.001073225401341915,0,0.009999864734709263
angle,1780511798448426874,-0.001077584689483047,0,0.009999950416386127
angle,1780511798480969072,-0.001081931637600064,0,0.009999698027968407
angle,1780511798512967715,-0.001086266129277647,0,0.009999880567193031
angle,1780511798545623985,-0.001090588513761759,0,0.009999845176935196
angle,1780511798577532500,-0.001094898674637079,0,0.009999876841902733
angle,1780511798610008544,-0.00109919672831893,0,0.009999875910580158
angle,1780511798642176610,-0.001103482558391988,0,0.009999766945838928
angle,1780511798673794394,-0.001107756397686899,0,0.0099998340010643
angle,1780511798705128214,-0.001112018013373017,0,0.009999834932386875
angle,1780511798736764030,-0.001116267521865666,0,0.00999993272125721
angle,1780511798768328938,-0.001120504806749523,0,0.009999836795032024
angle,1780511798800143086,-0.001124729984439909,0,0.00999980978667736
angle,1780511798831152701,-0.001128942938521504,0,0.009999757632613182
angle,1780511798862936993,-0.001133143552578986,0,0.00999986007809639
angle,1780511798894910202,-0.001137332059442997,0,0.009999879635870457
angle,1780511798926197773,-0.001141508226282895,0,0.009999826550483704
angle,1780511798958440502,-0.001145672169514,0,0.009999910369515419
angle,1780511798989119771,-0.001149823889136314,0,0.009999903850257397
angle,1780511799009481787,-0.001153963385149837,0,0.009999841451644897
angle,1780511799037708676,-0.001158090657554567,0,0.009999743662774563
angle,1780511799070102396,-0.001162205706350505,0,0.009999810717999935
angle,1780511799102163297,-0.001166308647952974,0,0.009999686852097511
angle,1780511799129323043,-0.001170399249531329,0,0.0099997753277421
angle,1780511799157580753,-0.001174477743916214,0,0.009999929927289486
angle,1780511799189295983,-0.001178544131107628,0,0.009999885223805904
angle,1780511799224216373,-0.001182598294690251,0,0.009999919682741165
angle,1780511799257801070,-0.001186640351079404,0,0.009999892674386501
angle,1780511799290216771,-0.001190670183859766,0,0.009999873116612434
angle,1780511799321663973,-0.001194687793031335,0,0.009999911300837994
angle,1780511799353219592,-0.001198693295009434,0,0.00999992061406374
angle,1780511799385883950,-0.001202686573378742,0,0.00999993085861206
angle,1780511799416681820,-0.001206667744554579,0,0.009999880567193031
angle,1780511799449319719,-0.001210636692121625,0,0.009999868459999561
angle,1780511799480863956,-0.001214593416079879,0,0.009999851696193218
angle,1780511799515450843,-0.001218537916429341,0,0.009999855421483517
angle,1780511799547906862,-0.001222470309585333,0,0.009999848902225494
angle,1780511799579857030,-0.001226390479132533,0,0.009999941103160381
angle,1780511799611097615,-0.001230298425070941,0,0.009999955072999
angle,1780511799643311348,-0.00123419426381588,0,0.009999921545386314
angle,1780511799675344891,-0.001238077878952026,0,0.009999820962548256
angle,1780511799706709042,-0.001241949386894703,0,0.009999954141676426
angle,1780511799738607507,-0.001245808787643909,0,0.009999796748161316
angle,1780511799770783063,-0.001249655964784324,0,0.00999970082193613
angle,1780511799802974311,-0.001253491034731269,0,0.00999982375651598
angle,1780511799835298805,-0.001257313881069422,0,0.00999984610825777
angle,1780511799867326670,-0.001261124620214105,0,0.009999836795032024
angle,1780511799899768624,-0.001264923135749996,0,0.009999885223805904
angle,1780511799932591414,-0.001268709544092417,0,0.00999987032264471
angle,1780511799963083972,-0.001272483845241368,0,0.009999909438192844
angle,1780511799994357070,-0.001276245922781527,0,0.009999924339354038
angle,1780511800026094250,-0.001279996009543538,0,0.0099998963996768
angle,1780511800057883551,-0.001283733872696757,0,0.009999950416386127
angle,1780511800089915300,-0.001287459628656507,0,0.009999866597354412
angle,1780511800122930902,-0.001291173277422786,0,0.009999864734709263
angle,1780511800155381532,-0.001294874818995595,0,0.009999921545386314
angle,1780511800187762616,-0.001298564136959612,0,0.009999888017773628
angle,1780511800220292535,-0.001302241464145482,0,0.009999928995966911
angle,1780511800252922771,-0.001305906567722559,0,0.009999903850257397
angle,1780511800284892372,-0.001309559564106166,0,0.009999819099903107
angle,1780511800316711503,-0.001313200453296304,0,0.009999941103160381
angle,1780511800348781646,-0.001316829235292971,0,0.009999911300837994
angle,1780511800380685303,-0.001320445910096169,0,0.00999989453703165
angle,1780511800412636632,-0.001324050477705896,0,0.0099998340010643
angle,1780511800446572806,-0.001327642938122153,0,0.009999948553740978
angle,1780511800478133052,-0.001331223407760262,0,0.009999926201999187
angle,1780511800510066499,-0.00133479165378958,0,0.009999818168580532
angle,1780511800541553151,-0.001338347792625427,0,0.009999876841902733
angle,1780511800573181290,-0.001341891940683126,0,0.009999847039580345
angle,1780511800607938632,-0.001345423981547356,0,0.009999921545386314
angle,1780511800640610592,-0.001348943915218115,0,0.009999933652579784
angle,1780511800673630137,-0.001352451741695404,0,0.009999868459999561
angle,1780511800705731908,-0.001355947577394545,0,0.009999850764870644
angle,1780511800738130612,-0.001359431305900216,0,0.009999942034482956
angle,1780511800770118414,-0.001362903043627739,0,0.00999993085861206
angle,1780511800803295909,-0.001366362674161792,0,0.009999885223805904
angle,1780511800834818595,-0.001369810197502375,0,0.009999883361160755
angle,1780511800866814407,-0.001373245730064809,0,0.009999898262321949
angle,1780511800899245030,-0.001376669271849096,0,0.009999709203839302
angle,1780511800930988343,-0.001380080706439912,0,0.009999907575547695
angle,1780511800963198893,-0.001383480033837259,0,0.009999971836805344
angle,1780511800995220621,-0.001386867370456457,0,0.009999891743063927
angle,1780511801026994790,-0.001390242716297507,0,0.009999917820096016
angle,1780511801058431732,-0.001393605954945087,0,0.009999926201999187
angle,1780511801090038505,-0.001396957202814519,0,0.009999848902225494
angle,1780511801123132374,-0.001400296459905803,0,0.009999852627515793
angle,1780511801154916055,-0.001403623726218939,0,0.009999879635870457
angle,1780511801186630980,-0.001406939001753926,0,0.009999893605709076
angle,1780511801219083450,-0.001410242170095444,0,0.009999833069741726
angle,1780511801250742476,-0.001413533464074135,0,0.009999641217291355
angle,1780511801272669825,-0.001416812650859356,0,0.009999902918934822
angle,1780511801292893402,-0.001420079846866429,0,0.009999716654419899
angle,1780511801322921802,-0.001423335168510675,0,0.00999999139457941
angle,1780511801352892104,-0.001426578382961452,0,0.009999852627515793
angle,1780511801385034169,-0.001429809723049402,0,0.009999972768127918
angle,1780511801416667167,-0.001433028955943882,0,0.009999898262321949
angle,1780511801448350288,-0.001436236314475536,0,0.009999838657677174
angle,1780511801479527855,-0.001439431682229042,0,0.009999940171837807
angle,1780511801511253144,-0.001442615175619721,0,0.009999951347708702
angle,1780511801543121481,-0.001445786678232253,0,0.009999940171837807
angle,1780511801574925559,-0.001448946190066636,0,0.009999877773225307
angle,1780511801606224929,-0.001452093943953514,0,0.009999914094805717
angle,1780511801637994325,-0.001455229590646923,0,0.009999828413128853
angle,1780511801671235258,-0.001458353362977505,0,0.009999857284128666
angle,1780511801703288948,-0.001461465144529939,0,0.009999626316130161
angle,1780511801736971929,-0.001464565051719546,0,0.00999982189387083
angle,1780511801769011986,-0.001467652968131006,0,0.009999833069741726
angle,1780511801801366296,-0.001470729010179639,0,0.009999830275774002
angle,1780511801832994795,-0.001473793061450124,0,0.009999914094805717
angle,1780511801864862621,-0.001476845354773104,0,0.009999986737966537
angle,1780511801896629044,-0.001479885657317936,0,0.009999852627515793
angle,1780511801928938503,-0.001482914085499942,0,0.00999987032264471
angle,1780511801960687246,-0.001485930639319122,0,0.009999866597354412
angle,1780511801992107350,-0.001488935435190797,0,0.009999857284128666
angle,1780511802023765121,-0.001491928240284324,0,0.009999818168580532
angle,1780511802055225260,-0.001494909287430346,0,0.00999982189387083
angle,1780511802087191887,-0.00149787834379822,0,0.009999899193644524
angle,1780511802121402459,-0.00150083564221859,0,0.009999869391322136
angle,1780511802153425500,-0.001503781066276133,0,0.009999928064644337
angle,1780511802186446700,-0.001506714732386172,0,0.009999862872064114
angle,1780511802219774729,-0.00150994339492172,0,0.011052421294152737
angle,1780511802251519007,-0.001512852963060141,0,0.009999853558838367
angle,1780511802283240419,-0.001515750540420413,0,0.009999945759773254
angle,1780511802314304569,-0.001518636127002537,0,0.009999909438192844
angle,1780511802347023763,-0.001521509606391191,0,0.00999984610825777
angle,1780511802379174277,-0.001524371095001698,0,0.00999976322054863
angle,1780511802411161183,-0.001527220476418734,0,0.009999937377870083
angle,1780511802444264680,-0.001530057867057621,0,0.009999909438192844
angle,1780511802476763883,-0.001532883383333683,0,0.009999988600611687
angle,1780511802508699928,-0.00153569714166224,0,0.009999782778322697
angle,1780511802539586314,-0.001538499142043293,0,0.009999910369515419
angle,1780511802571365340,-0.001541289500892162,0,0.009999943897128105
angle,1780511802603420987,-0.001544068334624171,0,0.009999947622418404
angle,1780511802635497314,-0.001546835410408676,0,0.009999843314290047
angle,1780511802668354187,-0.001549590961076319,0,0.009999861009418964
angle,1780511802700377008,-0.001552334753796458,0,0.009999965317547321
angle,1780511802732153166,-0.001555067021399736,0,0.009999943897128105
angle,1780511802765200147,-0.00155778753105551,0,0.009999901987612247
angle,1780511802797261678,-0.001560496282763779,0,0.009999693371355534
angle,1780511802830236472,-0.001563193276524544,0,0.009999879635870457
angle,1780511802862353148,-0.001565878512337804,0,0.009999988600611687
angle,1780511802894503566,-0.001568551873788238,0,0.009999911300837994
angle,1780511802926911053,-0.001571213477291167,0,0.009999856352806091
angle,1780511802959199269,-0.001573863439261913,0,0.00999994296580553
angle,1780511802991487774,-0.001576501526869833,0,0.009999880567193031
angle,1780511803024238633,-0.001579127972945571,0,0.009999929927289486
angle,1780511803056880989,-0.001581742777489126,0,0.009999904781579971
angle,1780511803089390070,-0.00158434605691582,0,0.00999988242983818
angle,1780511803121996823,-0.001586937578395009,0,0.009999874979257584
angle,1780511803154524098,-0.001589517574757338,0,0.009999815374612808
angle,1780511803186424137,-0.001592085929587483,0,0.009999891743063927
angle,1780511803218789485,-0.001594642759300768,0,0.009999954141676426
angle,1780511803251130238,-0.001597187947481871,0,0.009999916888773441
angle,1780511803283214297,-0.00159972149413079,0,0.009999829344451427
angle,1780511803315528914,-0.001602243515662849,0,0.009999784640967846
angle,1780511803347395039,-0.001604753779247403,0,0.009999929927289486
angle,1780511803378945245,-0.001607252517715096,0,0.009999952279031277
angle,1780511803409735542,-0.001609739614650607,0,0.00999995693564415
angle,1780511803441358877,-0.001612215186469257,0,0.009999921545386314
angle,1780511803473575832,-0.001614679116755724,0,0.009999834932386875
angle,1780511803505910380,-0.001617131405510008,0,0.009999945759773254
angle,1780511803537830242,-0.001619572169147432,0,0.009999903850257397
angle,1780511803568923545,-0.001622001407667994,0,0.00999984797090292
angle,1780511803601359743,-0.001624419121071696,0,0.009999974630773067
angle,1780511803633873386,-0.001626825309358537,0,0.009999958798289299
angle,1780511803666185764,-0.001629219856113195,0,0.009999820031225681
angle,1780511803698233621,-0.001631603110581636,0,0.009999752976000309
angle,1780511803730539397,-0.001633974723517895,0,0.00999992061406374
angle,1780511803762671817,-0.001636334811337292,0,0.009999890811741352
angle,1780511803795936989,-0.001638683490455151,0,0.00999987032264471
angle,1780511803827626784,-0.001641020644456148,0,0.009999965317547321
angle,1780511803859711582,-0.001643346273340285,0,0.0099998963996768
angle,1780511803893656084,-0.001645660493522882,0,0.009999842382967472
angle,1780511803925483481,-0.001647963188588619,0,0.009999901056289673
angle,1780511803957471687,-0.001650254474952817,0,0.009999836795032024
angle,1780511803989151643,-0.001652534352615476,0,0.009999808855354786
angle,1780511804012287744,-0.001654802705161273,0,0.009999824687838554
angle,1780511804036182881,-0.001657059649005532,0,0.009999892674386501
angle,1780511804067976511,-0.001659305184148252,0,0.00999998115003109
angle,1780511804100617258,-0.001661539194174111,0,0.009999948553740978
angle,1780511804133497386,-0.001663761911913753,0,0.0099997753277421
angle,1780511804165143213,-0.001665973220951855,0,0.00999994482845068
angle,1780511804196991929,-0.001668173121288419,0,0.009999844245612621
angle,1780511804229202618,-0.001670361729338765,0,0.009999886155128479
angle,1780511804260312720,-0.001672538812272251,0,0.009999901987612247
angle,1780511804292021030,-0.001674704602919519,0,0.009999876841902733
angle,1780511804324438331,-0.00167685910128057,0,0.009999769739806652
angle,1780511804355740772,-0.001679002190940082,0,0.009999857284128666
angle,1780511804387972144,-0.001681133988313377,0,0.009999951347708702
angle,1780511804419884280,-0.001683254376985133,0,0.009999900124967098
angle,1780511804452782931,-0.001685363473370671,0,0.0099998340010643
angle,1780511804485457203,-0.001687461277469993,0,0.009999917820096016
angle,1780511804517502407,-0.001689547789283097,0,0.00999982375651598
angle,1780511804549753096,-0.001691622892394662,0,0.009999794885516167
angle,1780511804582017282,-0.001693686819635332,0,0.009999852627515793
angle,1780511804613888781,-0.001695739454589784,0,0.009999820962548256
angle,1780511804645728684,-0.001697780797258019,0,0.009999801404774189
angle,1780511804677316723,-0.001699810847640038,0,0.009999898262321949
angle,1780511804709499072,-0.00170182972215116,0,0.009999885223805904
angle,1780511804741133090,-0.001703837304376066,0,0.009999825619161129
angle,1780511804774151629,-0.001705833710730076,0,0.009999888017773628
angle,1780511804806295290,-0.001707818824797869,0,0.009999834932386875
angle,1780511804838541161,-0.001709792762994766,0,0.00999980978667736
angle,1780511804869737343,-0.001711755525320768,0,0.009999849833548069
angle,1780511804902176604,-0.001713706995360553,0,0.009999878704547882
angle,1780511804933593375,-0.001715647405944765,0,0.00999988429248333
angle,1780511804967182828,-0.001717576524242759,0,0.009999915957450867
angle,1780511804998805066,-0.001719494583085179,0,0.009999836795032024
angle,1780511805030997950,-0.001721401349641383,0,0.009999856352806091
angle,1780511805062947490,-0.001723297056742013,0,0.009999933652579784
angle,1780511805099687368,-0.001725181704387069,0,0.009999794885516167
angle,1780511805135143509,-0.001727055059745908,0,0.00999976135790348
angle,1780511805171517667,-0.001728917355649173,0,0.00999988242983818
angle,1780511805204068304,-0.001730768592096865,0,0.009999983943998814
angle,1780511805235953943,-0.001732608652673662,0,0.009999863803386688
angle,1780511805270317600,-0.001734437653794885,0,0.009999871253967285
angle,1780511805307981177,-0.001736255595460534,0,0.009999147616326809
angle,1780511805345436668,-0.001738062361255288,0,0.00999921839684248
angle,1780511805391754378,-0.00173985818400979,0,0.009999952279031277
angle,1780511805428556997,-0.001741642830893397,0,0.009999659843742847
angle,1780511805461956704,-0.001743416301906109,0,0.009999746456742287
angle,1780511805495460092,-0.001745178829878569,0,0.009999916888773441
angle,1780511805528769266,-0.001746930181980133,0,0.0099997753277421
angle,1780511805564026934,-0.001748670707456768,0,0.009999926201999187
angle,1780511805600277791,-0.001750400173477829,0,0.009999403730034828
angle,1780511805636399145,-0.001752118696458638,0,0.009999607689678669
angle,1780511805673385039,-0.001753826276399195,0,0.009999499656260014
angle,1780511805709652097,-0.001755522913299501,0,0.009999394416809082
angle,1780511805745086631,-0.001757208607159555,0,0.009999789297580719
angle,1780511805781042956,-0.001758883357979357,0,0.009999493137001991
angle,1780511805817612472,-0.001760547049343586,0,0.009999241679906845
angle,1780511805854074290,-0.001762199797667563,0,0.009999503381550312
angle,1780511805892369101,-0.001763841602951288,0,0.009999160654842854
angle,1780511805929843923,-0.001765472465194762,0,0.009999331086874008
angle,1780511805967574621,-0.001767092500813305,0,0.009999413974583149
angle,1780511806001973829,-0.001768701476976275,0,0.009999435395002365
angle,1780511806034910076,-0.001770299626514316,0,0.009999791160225868
angle,1780511806068848156,-0.001771886949427426,0,0.00999996904283762
angle,1780511806104350956,-0.001773463329300284,0,0.009999391622841358
angle,1780511806139664745,-0.001775028998963535,0,0.009999539703130722
angle,1780511806176343468,-0.001776583725586534,0,0.00999960582703352
angle,1780511806211006117,-0.001778127858415246,0,0.00999980978667736
angle,1780511806246483540,-0.001779661048203707,0,0.009999329224228859
angle,1780511806282552820,-0.001781183527782559,0,0.009999030269682407
angle,1780511806308897286,-0.001782695180736482,0,0.009999372996389866
angle,1780511806335511345,-0.001784196007065475,0,0.009999606758356094
angle,1780511806372283358,-0.001785685890354216,0,0.009999227710068226
angle,1780511806408846556,-0.001787165063433349,0,0.0099990488961339
angle,1780511806455748504,-0.001789812580682337,0,0.018067393451929092
angle,1780511806490740530,-0.001791266724467278,0,0.009998969733715057
angle,1780511806526801487,-0.001792708993889391,0,0.009999632835388184
angle,1780511806563575893,-0.001794139039702713,0,0.009999559260904789
angle,1780511806601757524,-0.001795556745491922,0,0.009999492205679417
angle,1780511806639122554,-0.001796962227672338,0,0.009999098256230354
angle,1780511806677244709,-0.001798355602659285,0,0.009999099187552929
angle,1780511806713464441,-0.001799737568944693,0,0.009999535046517849
angle,1780511806750325258,-0.001801108475774527,0,0.009999456815421581
angle,1780511806788460928,-0.001802468905225396,0,0.009999670088291168
angle,1780511806825084539,-0.001803819206543267,0,0.009999116882681847
angle,1780511806862638670,-0.001805159845389426,0,0.009999486617743969
angle,1780511806898456428,-0.001806490705348551,0,0.009999662637710571
angle,1780511806931934397,-0.001807811902835965,0,0.009999750182032585
angle,1780511806964961016,-0.001809123321436346,0,0.009999839588999748
angle,1780511807000651111,-0.001810424611903727,0,0.00999983586370945
angle,1780511807036604987,-0.001811715657822788,0,0.009999926201999187
angle,1780511807075252366,-0.001812996226362884,0,0.00999950896948576
angle,1780511807112697096,-0.001814265851862729,0,0.0099995918571949
angle,1780511807151774266,-0.001815524534322321,0,0.009998987428843975
angle,1780511807190235516,-0.001816772157326341,0,0.009999547153711319
angle,1780511807227554566,-0.001818008604459465,0,0.009998872876167297
angle,1780511807266225897,-0.001819234108552337,0,0.009999538771808147
angle,1780511807302540758,-0.001820448786020279,0,0.009999508038163185
angle,1780511807339760535,-0.001821652636863291,0,0.009999413043260574
angle,1780511807378830387,-0.001822846126742661,0,0.009998218156397343
angle,1780511807417193015,-0.001824029139243066,0,0.009999483823776245
angle,1780511807457121383,-0.001825202023610473,0,0.00999955739825964
angle,1780511807494231909,-0.00182636477984488,0,0.009999344125390053
angle,1780511807530793668,-0.001827517407946289,0,0.00999914575368166
angle,1780511807568964506,-0.001828659907914698,0,0.00999971479177475
angle,1780511807605610557,-0.001829792279750109,0,0.009999389760196209
angle,1780511807643228202,-0.001830914407037199,0,0.009998914785683155
angle,1780511807680046596,-0.001832026173360646,0,0.009999490343034267
angle,1780511807718569809,-0.001833127462305129,0,0.00999939814209938
angle,1780511807755849025,-0.001834218390285969,0,0.009999506175518036
angle,1780511807793716915,-0.001835298724472523,0,0.009999499656260014
angle,1780511807831347868,-0.001836368581280112,0,0.009999580681324005
angle,1780511807869507599,-0.001837427960708737,0,0.009999394416809082
angle,1780511807907163583,-0.001838476862758398,0,0.009999582543969154
angle,1780511807944787774,-0.001839515403844416,0,0.009999196976423264
angle,1780511807983020783,-0.001840543700382113,0,0.009999151341617107
angle,1780511808018135243,-0.001841561635956168,0,0.009999492205679417
angle,1780511808056835307,-0.001842569326981902,0,0.009999232366681099
angle,1780511808094358151,-0.001843566889874637,0,0.009999237023293972
angle,1780511808131573536,-0.001844554208219051,0,0.00999945867806673
angle,1780511808171214977,-0.001845531514845788,0,0.009999601170420647
angle,1780511808209982826,-0.001846498576924205,0,0.009999478235840797
angle,1780511808247718093,-0.001847455627284944,0,0.00999943446367979
angle,1780511808285455558,-0.001848402433097363,0,0.009999386966228485
angle,1780511808323543759,-0.001849339110776782,0,0.009999293833971024
angle,1780511808360370647,-0.001850265543907881,0,0.00999935157597065
angle,1780511808398309823,-0.001851181848905981,0,0.009999923408031464
angle,1780511808435017992,-0.00185208790935576,0,0.009999151341617107
angle,1780511808472271439,-0.00185298384167254,0,0.00999915786087513
angle,1780511808508594695,-0.001853869529440999,0,0.009999378584325314
angle,1780511808546623728,-0.001854745089076459,0,0.00999963004142046
angle,1780511808582973329,-0.001855610520578921,0,0.009999416768550873
angle,1780511808619513555,-0.001856465823948383,0,0.00999964214861393
angle,1780511808660495672,-0.001857311115600169,0,0.009998899884521961
angle,1780511808698684728,-0.001858146395534277,0,0.00999897439032793
angle,1780511808735150182,-0.001858971663750708,0,0.009999626316130161
angle,1780511808773165178,-0.00185978680383414,0,0.009999480098485947
angle,1780511808811347431,-0.001860592048615217,0,0.00999928917735815
angle,1780511808850210927,-0.001861387398093939,0,0.009998970665037632
angle,1780511808887709239,-0.001862172619439662,0,0.009999576024711132
angle,1780511808925815873,-0.001862947945483029,0,0.009999770671129227
angle,1780511808963251045,-0.001863713259808719,0,0.009999381378293037
angle,1780511809001979452,-0.001864468562416732,0,0.009999662637710571
angle,1780511809032369569,-0.00186521396972239,0,0.009999195113778114
angle,1780511809059182548,-0.001865949481725693,0,0.009999599307775497
angle,1780511809095245064,-0.001866674982011318,0,0.009999380446970463
angle,1780511809133736514,-0.001867390586994588,0,0.009998778812587261
angle,1780511809170603549,-0.001868096296675503,0,0.009999263100326061
angle,1780511809208924787,-0.001868791994638741,0,0.009999324567615986
angle,1780511809248634135,-0.001869477913714945,0,0.009999195113778114
angle,1780511809284248903,-0.001870153937488794,0,0.009999451227486134
angle,1780511809320348452,-0.001870820065960288,0,0.009999582543969154
angle,1780511809357661362,-0.001871476415544748,0,0.00999943446367979
angle,1780511809394615382,-0.001872123102657497,0,0.009999622590839863
angle,1780511809434500913,-0.00187275989446789,0,0.009999441914260387
angle,1780511809473948346,-0.00187338690739125,0,0.009999438188970089
angle,1780511809516034281,-0.001874004141427577,0,0.00999935157597065
angle,1780511809554176355,-0.001874611712992191,0,0.009999316185712814
angle,1780511809591370881,-0.001875209389254451,0,0.009999452158808708
angle,1780511809628533692,-0.001875797403044999,0,0.009999462403357029
angle,1780511809666981520,-0.001876375637948513,0,0.00999964028596878
angle,1780511809703342368,-0.001876944093964994,0,0.009999417699873447
angle,1780511809740001009,-0.001877502887509763,0,0.009999677538871765
angle,1780511809778042466,-0.001878052018582821,0,0.009999694302678108
angle,1780511809813823164,-0.001878591487184167,0,0.009999635629355907
angle,1780511809845964097,-0.001879121176898479,0,0.009999440051615238
angle,1780511809883549433,-0.001879641320556402,0,0.009999587200582027
angle,1780511809921093711,-0.001880151801742613,0,0.009999394416809082
angle,1780511809962246297,-0.001880652736872435,0,0.009999400936067104
angle,1780511809999927235,-0.001881143893115222,0,0.00999941024929285
angle,1780511810036449590,-0.001881625619716942,0,0.009999469853937626
angle,1780511810075237654,-0.001882097567431629,0,0.009962080977857113
angle,1780511810111474661,-0.001882559503428638,0,0.009999353438615799
angle,1780511810147505276,-0.001883010845631361,0,0.009999208152294159
angle,1780511810183976267,-0.001883452059701085,0,0.009999595582485199
angle,1780511810220586641,-0.001883883844129741,0,0.009999485686421394
angle,1780511810257479650,-0.001884306431747973,0,0.00999938789755106
angle,1780511810293984963,-0.001884720055386424,0,0.009999261237680912
angle,1780511810330764473,-0.001885124947875738,0,0.009999427944421768
angle,1780511810367256281,-0.001885521109215915,0,0.009999456815421581
angle,1780511810404463774,-0.001885908422991633,0,0.009999497793614864
angle,1780511810442447630,-0.001886286656372249,0,0.00999937579035759
angle,1780511810479539152,-0.001886655692942441,0,0.009964761324226856
angle,1780511810517058007,-0.001887014717794955,0,0.009999069385230541
angle,1780511810555040501,-0.001887363265268505,0,0.009999397210776806
angle,1780511810591646904,-0.001887701568193734,0,0.009999453090131283
angle,1780511810629520581,-0.001888029975816607,0,0.009999459609389305
angle,1780511810664689221,-0.001888348953798413,0,0.009999885223805904
angle,1780511810698622435,-0.001888658734969795,0,0.009999789297580719
angle,1780511810732384807,-0.001888959552161396,0,0.00999980978667736
angle,1780511810764782074,-0.001889251521788538,0,0.009999848902225494
angle,1780511810798543638,-0.001889534876681864,0,0.009999770671129227
angle,1780511810834244009,-0.00188980926759541,0,0.00999947264790535
angle,1780511810870759614,-0.001890074810944498,0,0.009999544359743595
angle,1780511810906778522,-0.001890331273898482,0,0.009999400936067104
angle,1780511810942925033,-0.001890578423626721,0,0.009999342262744904
angle,1780511810979984723,-0.001890816143713892,0,0.00999945867806673
angle,1780511811016692650,-0.001891044434159994,0,0.009999314323067665
angle,1780511811046348809,-0.001891263062134385,0,0.009999638423323631
angle,1780511811075503846,-0.001891472260467708,0,0.009999429807066917
angle,1780511811108477653,-0.001891671796329319,0,0.009999302215874195
angle,1780511811147866419,-0.001891862018965185,0,0.009999715723097324
angle,1780511811184002532,-0.001892043044790626,0,0.009999715723097324
angle,1780511811220194404,-0.00189221475739032,0,0.009999346919357777
angle,1780511811257311690,-0.001892377389594913,0,0.009999193251132965
angle,1780511811294245034,-0.001892531174235046,0,0.009999479167163372
angle,1780511811330539718,-0.001892675878480077,0,0.009999437257647514
angle,1780511811356494226,-0.001892811735160649,0,0.009998807683587074
angle,1780511811383906613,-0.001892938744276762,0,0.009999300353229046
angle,1780511811420372880,-0.001893056672997773,0,0.009999405592679977
angle,1780511811456875908,-0.001893165637739003,0,0.009999153204262257
angle,1780511811494697309,-0.001893265638500452,0,0.009999215602874756
angle,1780511811531456011,-0.001893356558866799,0,0.009998844936490059
angle,1780511811569197029,-0.001893438398838043,0,0.009999190457165241
angle,1780511811605745051,-0.001893511041998863,0,0.009998822584748268
angle,1780511811642480704,-0.001893574721179903,0,0.009999552741646767
angle,1780511811677845936,-0.001893629203550518,0,0.009999285452067852
angle,1780511811703509370,-0.001893674838356674,0,0.009999509900808334
angle,1780511811729222770,-0.001893711392767727,0,0.009999429807066917
angle,1780511811765088993,-0.001893738983199,0,0.009999336674809456
angle,1780511811801269995,-0.001893757726065814,0,0.009999377653002739
angle,1780511811839093322,-0.00189376762136817,0,0.009999014437198639
angle,1780511811877160153,-0.001893768669106066,0,0.009999383240938187
angle,1780511811913927477,-0.001893760869279504,0,0.009999697096645832
angle,1780511811949626129,-0.001893744338303804,0,0.009999625384807587
angle,1780511811982943923,-0.001893718959763646,0,0.009999719448387623
angle,1780511812017016440,-0.001893684733659029,0,0.009999851696193218
angle,1780511812051725329,-0.001893641776405275,0,0.009999888017773628
angle,1780511812088753839,-0.001893589971587062,0,0.009999816305935383
angle,1780511812126531247,-0.001893529435619712,0,0.009998898953199387
angle,1780511812163353482,-0.001893460052087903,0,0.009999347850680351
angle,1780511812201113893,-0.001893381937406957,0,0.009999440051615238
angle,1780511812238132569,-0.001893294858746231,0,0.009998775087296963
angle,1780511812284801589,-0.001893199165351689,0,0.009999576024711132
angle,1780511812322570256,-0.001893094624392688,0,0.009998789057135582
angle,1780511812363617226,-0.001892981235869229,0,0.009998693130910397
angle,1780511812397953468,-0.001892859349027276,0,0.009999392554163933
angle,1780511812436385375,-0.001892728614620864,0,0.009999413974583149
angle,1780511812473773741,-0.001892589381895959,0,0.009999391622841358
angle,1780511812511699685,-0.001892441418021917,0,0.009999578818678856
angle,1780511812547867582,-0.001892284955829382,0,0.009998835623264313
angle,1780511812584907029,-0.001892119878903031,0,0.009999489411711693
angle,1780511812622769302,-0.001891946303658187,0,0.009999696165323257
angle,1780511812660072532,-0.001891764113679528,0,0.009999467059969902
angle,1780511812697441107,-0.001891573425382376,0,0.009997855871915817
angle,1780511812734208902,-0.001891374122351408,0,0.009999454952776432
angle,1780511812770688916,-0.001891166321001947,0,0.009999699890613556
angle,1780511812806652910,-0.001890949904918671,0,0.009999469853937626
angle,1780511812841872915,-0.001890724874101579,0,0.009999684058129787
angle,1780511812877936761,-0.001890491344965994,0,0.009999033063650131
angle,1780511812915665579,-0.001890249433927238,0,0.009998914785683155
angle,1780511812953712740,-0.001889998908154666,0,0.009998909197747707
angle,1780511812990756480,-0.001889740000478923,0,0.009999805130064487
angle,1780511813026871928,-0.001889472594484687,0,0.009999529458582401
angle,1780511813064251711,-0.001889196806587279,0,0.009999438188970089
angle,1780511813101503379,-0.001888912636786699,0,0.009999105706810951
angle,1780511813139941536,-0.001888620085082948,0,0.009999164380133152
angle,1780511813178185514,-0.001888319151476026,0,0.009999402798712254
angle,1780511813215338744,-0.001888009835965931,0,0.009999541565775871
angle,1780511813253744164,-0.001887692254967988,0,0.009999504312872887
angle,1780511813290388095,-0.001887366292066872,0,0.009999440051615238
angle,1780511813327971982,-0.001887032063677907,0,0.009999411180615425
angle,1780511813365867704,-0.00188668945338577,0,0.009999669156968594
angle,1780511813402077268,-0.001886338577605784,0,0.009999571368098259
angle,1780511813438326582,-0.001885979319922626,0,0.009999462403357029
angle,1780511813474512133,-0.00188561191316694,0,0.00999936182051897
angle,1780511813509730529,-0.001885236124508083,0,0.009999576024711132
angle,1780511813545786662,-0.001884852186776698,0,0.009999306872487068
angle,1780511813583498772,-0.001884459983557463,0,0.009999186731874943
angle,1780511813620316627,-0.001884059514850378,0,0.009999413043260574
angle,1780511813656332326,-0.001883650897070765,0,0.009999146685004234
angle,1780511813692042281,-0.001883234130218625,0,0.009999098256230354
angle,1780511813728825756,-0.001882809214293957,0,0.009999467991292477
angle,1780511813765948202,-0.001882376032881439,0,0.009999372065067291
angle,1780511813801238909,-0.001881934818811715,0,0.00999885518103838
angle,1780511813837914393,-0.001881485572084785,0,0.009999467991292477
angle,1780511813874969098,-0.001881028176285326,0,0.009999475441873074
angle,1780511813912152218,-0.001880562631413341,0,0.009999111294746399
angle,1780511813949550393,-0.001880089053884149,0,0.009998979978263378
angle,1780511813985304569,-0.001879607443697751,0,0.009999421425163746
angle,1780511814022877974,-0.001879117800854146,0,0.009999374859035015
angle,1780511814049633135,-0.001878620125353336,0,0.00999952107667923
angle,1780511814071510121,-0.00187811441719532,0,0.009999914094805717
angle,1780511814103531428,-0.001877600676380098,0,0.009999857284128666
angle,1780511814138006028,-0.001877079019322991,0,0.009999876841902733
angle,1780511814174756892,-0.001876549446024001,0,0.009999292902648449
angle,1780511814210451355,-0.001876011956483126,0,0.009999392554163933
angle,1780511814247824747,-0.001875466434285045,0,0.009999014437198639
angle,1780511814285332639,-0.001874912995845079,0,0.009999450296163559
angle,1780511814322448416,-0.00187435164116323,0,0.009999290108680725
angle,1780511814360958547,-0.001873782370239496,0,0.009998799301683903
angle,1780511814398759064,-0.001873205183073878,0,0.009999619796872139
angle,1780511814435306169,-0.001872620196081698,0,0.009999159723520279
angle,1780511814470960639,-0.001872027292847633,0,0.009999413043260574
angle,1780511814508264984,-0.001871426473371685,0,0.009999706409871578
angle,1780511814543669522,-0.001870817970484495,0,0.00999939814209938
angle,1780511814581171152,-0.001870201667770743,0,0.00999938603490591
angle,1780511814619626397,-0.001869577565230429,0,0.009999413974583149
angle,1780511814655814311,-0.001868945779278874,0,0.009999508038163185
angle,1780511814694044623,-0.001868306193500757,0,0.009999570436775684
angle,1780511814731389457,-0.001867658807896078,0,0.009999435395002365
angle,1780511814767543554,-0.001867003855295479,0,0.009999009780585766
angle,1780511814804920807,-0.001866341102868319,0,0.009999426081776619
angle,1780511814842021079,-0.001865670667029917,0,0.009999317117035389
angle,1780511814878262567,-0.001864992547780275,0,0.009998803026974201
angle,1780511814914956871,-0.001864306745119393,0,0.009999227710068226
angle,1780511814952310899,-0.00186361325904727,0,0.009999508038163185
angle,1780511814990046779,-0.001862912089563906,0,0.009999476373195648
angle,1780511815026519198,-0.001862203353084624,0,0.009999335743486881
angle,1780511815063472000,-0.001861487049609423,0,0.009999362751841545
angle,1780511815099834861,-0.001860763062722981,0,0.009998894296586514
angle,1780511815137464352,-0.001860031625255942,0,0.009999454952776432
angle,1780511815174631562,-0.001859292620792985,0,0.009998919442296028
angle,1780511815211890335,-0.001858546049334109,0,0.009999356232583523
angle,1780511815248980357,-0.001857791910879314,0,0.009999766945838928
angle,1780511815282438263,-0.001857030321843922,0,0.009999831207096577
angle,1780511815317721812,-0.001856261282227933,0,0.009999768808484077
angle,1780511815354309696,-0.001855484792031348,0,0.009999477304518223
angle,1780511815391652375,-0.001854700734838843,0,0.009998863562941551
angle,1780511815430182558,-0.001853909343481064,0,0.009999292902648449
angle,1780511815467531169,-0.001853110385127366,0,0.00999947264790535
angle,1780511815504642693,-0.001852304092608392,0,0.00999954529106617
angle,1780511815541077708,-0.0018514902330935,0,0.009999615140259266
angle,1780511815578665878,-0.001850669039413333,0,0.009999549016356468
angle,1780511815615368381,-0.001849840511567891,0,0.009999486617743969
angle,1780511815651644639,-0.001849004649557173,0,0.00999938603490591
angle,1780511815688943026,-0.001848161453381181,0,0.009999537840485573
angle,1780511815726935367,-0.001847310806624591,0,0.00999933760613203
angle,1780511815763757281,-0.001846452942118049,0,0.00999930128455162
angle,1780511815800152263,-0.001845587859861553,0,0.009999423287808895
angle,1780511815838360968,-0.001844715443439782,0,0.009999055415391922
angle,1780511815874253525,-0.001843835809268057,0,0.00999941024929285
angle,1780511815911506881,-0.001842948840931058,0,0.009999371133744717
angle,1780511815948615677,-0.001842054654844105,0,0.009999258443713188
angle,1780511815985229298,-0.001841153251007199,0,0.009999614208936691
angle,1780511816020887747,-0.001840244745835662,0,0.009999493137001991
angle,1780511816060087829,-0.001839328906498849,0,0.009990816935896873
angle,1780511816096760325,-0.001838405965827405,0,0.009999544359743595
angle,1780511816133915285,-0.001837475690990686,0,0.00999884121119976
angle,1780511816172512042,-0.001836538314819336,0,0.009999308735132217
angle,1780511816208765112,-0.001835593837313354,0,0.009999576024711132
angle,1780511816245842165,-0.001834642258472741,0,0.009999553672969341
angle,1780511816282581132,-0.001833683694712818,0,0.009999454021453857
angle,1780511816321228164,-0.001832718146033585,0,0.009999539703130722
angle,1780511816358363339,-0.001831745612435043,0,0.009998793713748455
angle,1780511816385000980,-0.001830765977501869,0,0.009999513626098633
angle,1780511816410610638,-0.001829779474064708,0,0.009999598376452923
angle,1780511816447977777,-0.001828785869292915,0,0.00999931339174509
angle,1780511816485034589,-0.001827785163186491,0,0.00999950710684061
angle,1780511816521478174,-0.001826777472160757,0,0.009999344125390053
angle,1780511816559330696,-0.001825762796215713,0,0.009999285452067852
angle,1780511816595952398,-0.001824741018936038,0,0.00999954529106617
angle,1780511816631792881,-0.001823712373152375,0,0.009999370202422142
angle,1780511816670395901,-0.001822676742449403,0,0.009999065659940243
angle,1780511816707725750,-0.001821634126827121,0,0.009999592788517475
angle,1780511816745848537,-0.001820584642700851,0,0.009999584406614304
angle,1780511816783055630,-0.001819528406485915,0,0.009999021887779236
angle,1780511816819305352,-0.00181846518535167,0,0.00999926682561636
angle,1780511816857334531,-0.001817395212128758,0,0.009999120607972145
angle,1780511816893946544,-0.001816318486817181,0,0.00999949499964714
angle,1780511816931202891,-0.001815234893001616,0,0.009999148547649384
angle,1780511816968790935,-0.001814144663512707,0,0.009998997673392296
angle,1780511817005005587,-0.00181304756551981,0,0.009998848661780357
angle,1780511817038990359,-0.001811943715438247,0,0.009999606758356094
angle,1780511817072502976,-0.001810832996852696,0,0.0099998963996768
angle,1780511817103717663,-0.001809715642593801,0,0.009999817237257957
angle,1780511817131506842,-0.001808591652661562,0,0.009999580681324005
angle,1780511817168265284,-0.001807460794225335,0,0.009999513626098633
angle,1780511817209117926,-0.001806323300115764,0,0.009999004192650318
angle,1780511817246234350,-0.001805179170332849,0,0.009999326430261135
angle,1780511817283154826,-0.001804028288461268,0,0.00999938789755106
angle,1780511817319842725,-0.001802870770916343,0,0.009998400695621967
angle,1780511817358488526,-0.001801706734113395,0,0.00999925471842289
angle,1780511817394128869,-0.001800535945221782,0,0.00999885518103838
angle,1780511817432029686,-0.001799358520656824,0,0.00999793503433466
angle,1780511817470235224,-0.001798174576833844,0,0.009999831207096577
angle,1780511817508177788,-0.001796984113752842,0,0.009999439120292664
angle,1780511817545743661,-0.001795787131413817,0,0.009998825378715992
angle,1780511817583713509,-0.001794583629816771,0,0.009999322704970837
angle,1780511817620760293,-0.001793373608961701,0,0.009999080561101437
angle,1780511817656483848,-0.001792157185263932,0,0.009999091736972332
angle,1780511817693575834,-0.00179093424230814,0,0.00999952107667923
angle,1780511817731583242,-0.001789704780094326,0,0.009999445639550686
angle,1780511817769866029,-0.001788469031453133,0,0.009999191388487816
angle,1780511817807925437,-0.001787226647138596,0,0.009999611414968967
angle,1780511817843940539,-0.00178597797639668,0,0.009999612346291542
angle,1780511817879802056,-0.001784722786396742,0,0.009999101050198078
angle,1780511817916758060,-0.001783461193554103,0,0.00999931339174509
angle,1780511817955229099,-0.001782193314284086,0,0.009999565780162811
angle,1780511817991365191,-0.001780918915756047,0,0.009999523870646954
angle,1780511818028031488,-0.001779638230800629,0,0.00999921839684248
angle,1780511818064624272,-0.001778351259417832,0,0.009999309666454792
angle,1780511818102642473,-0.001777058001607656,0,0.009999570436775684
angle,1780511818139322218,-0.001775758457370102,0,0.009998793713748455
angle,1780511818177338367,-0.00177445262670517,0,0.0099992910400033
angle,1780511818216348834,-0.001773140509612858,0,0.009999561123549938
angle,1780511818254792575,-0.001771822106093168,0,0.009999416768550873
angle,1780511818292572508,-0.001770497532561421,0,0.009999454021453857
angle,1780511818329078279,-0.001769166789017618,0,0.009998961351811886
angle,1780511818365586674,-0.001767829759046435,0,0.009999455884099007
angle,1780511818402106212,-0.001766486675478518,0,0.009999469853937626
angle,1780511818443001916,-0.001765137305483222,0,0.009999390691518784
angle,1780511818480557761,-0.001763780950568616,0,0.010006529279053211
angle,1780511818517953417,-0.001762419356964529,0,0.009999669156968594
angle,1780511818555481730,-0.001761051593348384,0,0.009999502450227737
angle,1780511818592137965,-0.001759677659720182,0,0.009999239817261696
angle,1780511818629875368,-0.001758297788910568,0,0.009999336674809456
angle,1780511818669065635,-0.001756911748088896,0,0.009999273344874382
angle,1780511818707275226,-0.00175551965367049,0,0.009999516420066357
angle,1780511818743838673,-0.001754121505655348,0,0.009999329224228859
angle,1780511818782085089,-0.001752717420458794,0,0.009999562986195087
angle,1780511818818146449,-0.001751307281665504,0,0.009999043308198452
angle,1780511818855403042,-0.001749891089275479,0,0.009999549016356468
angle,1780511818892177142,-0.001748468959704041,0,0.009998309426009655
angle,1780511818930552294,-0.00174704089295119,0,0.009999396279454231
angle,1780511818967986155,-0.001745606889016926,0,0.009999553672969341
angle,1780511819005162697,-0.001744166947901249,0,0.00999938789755106
angle,1780511819045810300,-0.00174272118601948,0,0.009999388828873634
angle,1780511819073111133,-0.001741269370540977,0,0.009999432601034641
angle,1780511819099577926,-0.001739811734296381,0,0.009999407455325127
angle,1780511819130500955,-0.001738348277285695,0,0.009999037720263004
angle,1780511819166074661,-0.001736878999508917,0,0.009999397210776806
angle,1780511819204583777,-0.001735403784550726,0,0.009999698027968407
angle,1780511819238870503,-0.001733922865241766,0,0.009999233298003674
angle,1780511819273065108,-0.001732436008751392,0,0.009999378584325314
angle,1780511819309495874,-0.001730943447910249,0,0.009999788366258144
angle,1780511819345301328,-0.001729445066303015,0,0.009999243542551994
angle,1780511819380324208,-0.001727940980345011,0,0.009998827241361141
angle,1780511819417037074,-0.001726431073620915,0,0.009999404661357403
angle,1780511819454529707,-0.001724915462546051,0,0.00999954529106617
angle,1780511819493080105,-0.001723394263535738,0,0.009999527595937252
angle,1780511819530240628,-0.001721867243759334,0,0.009998230263590813
angle,1780511819566564401,-0.001720334636047482,0,0.009999232366681099
angle,1780511819603049182,-0.001718796323984861,0,0.009998910129070282
angle,1780511819641080060,-0.001717252307571471,0,0.009999372996389866
angle,1780511819679358905,-0.001715702819637954,0,0.009999452158808708
angle,1780511819715220605,-0.001714147627353668,0,0.0099992910400033
angle,1780511819752274591,-0.001712586847133934,0,0.009999001398682594
angle,1780511819789929244,-0.001711020595394075,0,0.009999499656260014
angle,1780511819826749556,-0.001709448639303446,0,0.009999438188970089
angle,1780511819863407136,-0.001707871211692691,0,0.00999931339174509
angle,1780511819900520313,-0.00170628831256181,0,0.009999526664614677
angle,1780511819937650968,-0.00170469970908016,0,0.009999053552746773
angle,1780511819973671112,-0.001703105750493705,0,0.009999011643230915
angle,1780511820011873708,-0.001701506203971803,0,0.00999945867806673
angle,1780511820050384706,-0.001699901302345097,0,0.009999587200582027
angle,1780511820089353341,-0.001698290812782943,0,0.009999594651162624
angle,1780511820125277685,-0.001696674968115985,0,0.009999611414968967
angle,1780511820161996966,-0.001695053651928902,0,0.009999227710068226
angle,1780511820199879777,-0.001693426980637014,0,0.009999368339776993
angle,1780511820238321936,-0.001691794837825,0,0.009998936206102371
angle,1780511820276964939,-0.001690157339908183,0,0.009998934343457222
angle,1780511820312630436,-0.001688514486886561,0,0.009999272413551807
angle,1780511820349544528,-0.001686866395175457,0,0.009999592788517475
angle,1780511820386075270,-0.001685212831944227,0,0.00999950710684061
angle,1780511820422910426,-0.001683554030023515,0,0.009998943656682968
angle,1780511820459520363,-0.001681889989413321,0,0.009999426081776619
angle,1780511820495905614,-0.001680220593698323,0,0.009999526664614677
angle,1780511820533794387,-0.001678545959293842,0,0.009999524801969528
angle,1780511820568853135,-0.00167686608619988,0,0.00999953132122755
angle,1780511820605105615,-0.001675180974416435,0,0.009999006986618042
angle,1780511820642730846,-0.001673490740358829,0,0.009999509900808334
angle,1780511820680989156,-0.00167179515119642,0,0.009999006986618042
angle,1780511820719302953,-0.001670094439759851,0,0.009999421425163746
angle,1780511820755574434,-0.00166838860604912,0,0.009999371133744717
angle,1780511820793219403,-0.001666677533648908,0,0.009999391622841358
angle,1780511820826273150,-0.001664961338974535,0,0.009999401867389679
angle,1780511820861688449,-0.001663240022026002,0,0.009999766945838928
angle,1780511820898609109,-0.001661513699218631,0,0.009999344125390053
angle,1780511820936180724,-0.001659782137721777,0,0.009999221190810204
angle,1780511820972553447,-0.001658045570366085,0,0.009999592788517475
angle,1780511821009916698,-0.001656303997151554,0,0.009999508038163185
angle,1780511821046822904,-0.001654557301662862,0,0.009998765774071217
angle,1780511821084475127,-0.001652805600315332,0,0.009999169036746025
angle,1780511821120261439,-0.001651048893108964,0,0.009999425150454044
angle,1780511821158165281,-0.001649287180043757,0,0.00999961793422699
angle,1780511821196128539,-0.001647520461119711,0,0.009999285452067852
angle,1780511821232621726,-0.001645748852752149,0,0.00999937392771244
angle,1780511821270145003,-0.001643972238525748,0,0.009999633766710758
angle,1780511821307567194,-0.001642190734855831,0,0.009999798610806465
angle,1780511821344359750,-0.001640404341742396,0,0.00999943446367979
angle,1780511821381012469,-0.001638612942770123,0,0.010000014677643776
angle,1780511821411613243,-0.001636816770769656,0,0.009999347850680351
angle,1780511821439229475,-0.001635015709325671,0,0.009999622590839863
angle,1780511821466038765,-0.00163320975843817,0,0.009999486617743969
angle,1780511821499233877,-0.001631398918107152,0,0.009999571368098259
angle,1780511821536599445,-0.001629583304747939,0,0.009999489411711693
angle,1780511821577036448,-0.001627762918360531,0,0.009999514557421207
angle,1780511821614098391,-0.001625937642529607,0,0.00999942235648632
angle,1780511821651646565,-0.001624107593670487,0,0.009999613277614117
angle,1780511821687481171,-0.001622272888198495,0,0.009999344125390053
angle,1780511821726095198,-0.001620433409698308,0,0.009998899884521961
angle,1780511821763642950,-0.001618589158169925,0,0.009999348782002926
angle,1780511821799204800,-0.00161674025002867,0,0.009999208152294159
angle,1780511821835774990,-0.001614886685274541,0,0.009999360889196396
angle,1780511821874114076,-0.00161302846390754,0,0.009999332949519157
angle,1780511821913477412,-0.001611165469512343,0,0.009999686852097511
angle,1780511821950348389,-0.001609297934919596,0,0.009999091736972332
angle,1780511821986862182,-0.001607425743713975,0,0.009999536909162998
angle,1780511822025209777,-0.001605548895895481,0,0.009999312460422516
angle,1780511822059370735,-0.001603667507879436,0,0.009999238885939121
angle,1780511822091079184,-0.001601781463250518,0,0.009999810717999935
angle,1780511822123213941,-0.001599890878424048,0,0.009999904781579971
angle,1780511822156709302,-0.001597995753400028,0,0.009999919682741165
angle,1780511822188150457,-0.001596096088178456,0,0.00999995693564415
angle,1780511822222622203,-0.001594191882759333,0,0.009999837726354599
angle,1780511822256277383,-0.001592283137142658,0,0.009999889880418777
angle,1780511822291101753,-0.001590369851328433,0,0.009999820962548256
angle,1780511822326339771,-0.001588452141731977,0,0.009999635629355907
angle,1780511822361630306,-0.001586529891937971,0,0.009999782778322697
angle,1780511822398016239,-0.001584603218361735,0,0.00999943632632494
angle,1780511822434894048,-0.00158267212100327,0,0.009999258443713188
angle,1780511822472056405,-0.001580736599862576,0,0.009999554604291916
angle,1780511822508536812,-0.001578796654939651,0,0.009999736212193966
angle,1780511822545241943,-0.00157685240264982,0,0.009999492205679417
angle,1780511822582370714,-0.001574903842993081,0,0.009999621659517288
angle,1780511822619236135,-0.001572950859554112,0,0.009999582543969154
angle,1780511822656990845,-0.001570993568748236,0,0.009999614208936691
angle,1780511822696150954,-0.001569032086990774,0,0.009999259375035763
angle,1780511822733046952,-0.001567066181451082,0,0.00999920628964901
angle,1780511822770070696,-0.001565096084959805,0,0.009999305009841919
angle,1780511822807715948,-0.001563121564686298,0,0.009998997673392296
angle,1780511822845779085,-0.001561142853461206,0,0.009999704547226429
angle,1780511822883984909,-0.001559159951284528,0,0.009999369271099567
angle,1780511822922008512,-0.001557172741740942,0,0.009999469853937626
angle,1780511822959265807,-0.00155518134124577,0,0.009999549016356468
angle,1780511822995099173,-0.001553185749799013,0,0.00999914389103651
angle,1780511823032463884,-0.001551186083815992,0,0.009999577887356281
angle,1780511823069751016,-0.001549182110466063,0,0.009999504312872887
angle,1780511823108615947,-0.00154717406257987,0,0.009999514557421207
angle,1780511823148574560,-0.001545161940157413,0,0.009999346919357777
angle,1780511823184588461,-0.001543145626783371,0,0.009999459609389305
angle,1780511823223331734,-0.001541125122457743,0,0.009999793954193592
angle,1780511823260604689,-0.001539100660011172,0,0.009998904541134834
angle,1780511823297394639,-0.001537072123028338,0,0.009999525733292103
angle,1780511823333673018,-0.001535039395093918,0,0.009998656809329987
angle,1780511823368890989,-0.001533002825453877,0,0.009999587200582027
angle,1780511823405142626,-0.001530962064862251,0,0.009999614208936691
angle,1780511823444083954,-0.001528917346149683,0,0.009999409317970276
angle,1780511823480216407,-0.001526868669316173,0,0.009999310597777367
angle,1780511823515526251,-0.00152481603436172,0,0.009999378584325314
angle,1780511823553151518,-0.001522759441286325,0,0.009999260306358337
angle,1780511823591038910,-0.001520698890089989,0,0.009999130852520466
angle,1780511823627995730,-0.00151863438077271,0,0.009999358095228672
angle,1780511823664268147,-0.001516566029749811,0,0.009999432601034641
angle,1780511823700561931,-0.001514493720605969,0,0.009999156929552555
angle,1780511823737693137,-0.001512417569756508,0,0.00999951921403408
angle,1780511823776271804,-0.001510337460786104,0,0.009999374859035015
angle,1780511823811499721,-0.001508253626525402,0,0.009999246336519718
angle,1780511823847167673,-0.001506165834143758,0,0.009999248199164867
angle,1780511823883249206,-0.001504074316471815,0,0.009999576956033707
angle,1780511823919612926,-0.00150197884067893,0,0.009999525733292103
angle,1780511823955212679,-0.001499879639595747,0,0.009999566711485386
angle,1780511823992778464,-0.001497771707363427,0,0.010023092851042747
angle,1780511824028654597,-0.001495665055699646,0,0.009999202564358711
angle,1780511824064365514,-0.001493554562330246,0,0.009999077767133713
angle,1780511824088353702,-0.001491440343670547,0,0.009942720644176006
angle,1780511824109865076,-0.001489322516135871,0,0.009999844245612621
angle,1780511824134609058,-0.001487201661802828,0,0.009999873116612434
angle,1780511824166702055,-0.001485077431425452,0,0.00999988429248333
angle,1780511824199567534,-0.001482950057834387,0,0.009999869391322136
angle,1780511824233194331,-0.001480819191783667,0,0.00999978743493557
angle,1780511824270534996,-0.001478684833273292,0,0.00999945867806673
angle,1780511824308014053,-0.001476546516641974,0,0.00999955739825964
angle,1780511824346063652,-0.001474404241889715,0,0.009999200701713562
angle,1780511824383352284,-0.001472258009016514,0,0.009999576956033707
angle,1780511824419805261,-0.001470107701607049,0,0.009943405166268349
angle,1780511824456588092,-0.001467953668907285,0,0.009999443776905537
angle,1780511824493560767,-0.001465796143747866,0,0.009999225847423077
angle,1780511824529245409,-0.001463635358959436,0,0.00999960582703352
angle,1780511824566606616,-0.001461471314541996,0,0.009999102912843227
angle,1780511824602267420,-0.001459304126910865,0,0.009998601861298084
angle,1780511824638945238,-0.001457133563235402,0,0.009999251924455166
angle,1780511824676381154,-0.001454959507100284,0,0.009999444708228111
angle,1780511824712639752,-0.001452781958505511,0,0.009999250993132591
angle,1780511824748861752,-0.00145060068462044,0,0.009999432601034641
angle,1780511824786005621,-0.001448415801860392,0,0.009999409317970276
angle,1780511824824130015,-0.001446227193810046,0,0.009998233988881111
angle,1780511824861537056,-0.001444034860469401,0,0.009999606758356094
angle,1780511824897943816,-0.001441838801838458,0,0.009999249130487442
angle,1780511824933963429,-0.001439639367163181,0,0.009998936206102371
angle,1780511824971941103,-0.001437436323612928,0,0.009999456815421581
angle,1780511825009320306,-0.001435230136848986,0,0.009999459609389305
angle,1780511825046985775,-0.001433020457625389,0,0.00999840535223484
angle,1780511825085316089,-0.001430807751603425,0,0.009999088011682034
angle,1780511825121657165,-0.001428591902367771,0,0.009999442845582962
angle,1780511825159358884,-0.001426372909918427,0,0.009999233298003674
angle,1780511825197057526,-0.001424150890670717,0,0.009999497793614864
angle,1780511825234094888,-0.001421925611793995,0,0.009999419562518597
angle,1780511825270219685,-0.001419697189703584,0,0.00999918021261692
angle,1780511825307805548,-0.001417465507984161,0,0.00999946054071188
angle,1780511825344555061,-0.001415230566635728,0,0.009999382309615612
angle,1780511825382770104,-0.001412992482073605,0,0.009999669156968594
angle,1780511825420039401,-0.001410751021467149,0,0.009998799301683903
angle,1780511825456868485,-0.001408506417647004,0,0.009999518282711506
angle,1780511825494072224,-0.001406258437782526,0,0.009998614899814129
angle,1780511825530510794,-0.001404007314704359,0,0.009999734349548817
angle,1780511825566849177,-0.001401753164827824,0,0.009999336674809456
angle,1780511825604687383,-0.001399495871737599,0,0.009990927763283253
angle,1780511825640883085,-0.001397235551849008,0,0.00999960582703352
angle,1780511825678701497,-0.00139497232157737,0,0.009999396279454231
angle,1780511825714886297,-0.001392706180922687,0,0.009999247267842293
angle,1780511825751932587,-0.001390437129884958,0,0.009999382309615612
angle,1780511825789472296,-0.001388165052048862,0,0.009999487549066544
angle,1780511825825733261,-0.00138589006382972,0,0.009999196976423264
angle,1780511825859797158,-0.001383612048812211,0,0.009999580681324005
angle,1780511825896061031,-0.001381331006996334,0,0.00999957975000143
angle,1780511825931589458,-0.001379046938382089,0,0.009999730624258518
angle,1780511825968841266,-0.001376759726554155,0,0.009999404661357403
angle,1780511826006309495,-0.001374469487927854,0,0.009999819099903107
angle,1780511826043234823,-0.001372176222503185,0,0.009999443776905537
angle,1780511826080942398,-0.001369880046695471,0,0.009999454021453857
angle,1780511826117735854,-0.001367580960504711,0,0.009999537840485573
angle,1780511826154042727,-0.001365278963930905,0,0.009999467991292477
angle,1780511826189915589,-0.001362974173389375,0,0.009998750872910023
angle,1780511826226279215,-0.001360666705295444,0,0.009999250993132591
angle,1780511826264040637,-0.001358356326818466,0,0.009999455884099007
angle,1780511826297619315,-0.001356043270789087,0,0.009999674744904041
angle,1780511826329131504,-0.001353727420791984,0,0.009999849833548069
angle,1780511826362024022,-0.001351408893242478,0,0.009999861940741539
angle,1780511826395842704,-0.001349087571725249,0,0.009999656118452549
angle,1780511826432681856,-0.001346763456240296,0,0.009999806061387062
angle,1780511826461768034,-0.00134443654678762,0,0.009999537840485573
angle,1780511826486998943,-0.001342106959782541,0,0.009999418631196022
angle,1780511826522748740,-0.001339774578809738,0,0.009999503381550312
angle,1780511826558595344,-0.001337439403869212,0,0.009998777881264687
angle,1780511826595742580,-0.001335101667791605,0,0.009999174624681473
angle,1780511826632793338,-0.001332761137746274,0,0.009999127127230167
angle,1780511826671155852,-0.001330418046563864,0,0.00999938603490591
angle,1780511826707629817,-0.001328072394244373,0,0.009999092668294907
angle,1780511826743987494,-0.00132572406437248,0,0.009999659843742847
angle,1780511826782125665,-0.001323373056948185,0,0.00999954342842102
angle,1780511826818948641,-0.001321019604802132,0,0.009999265894293785
angle,1780511826854812132,-0.00131866370793432,0,0.009999369271099567
angle,1780511826891137906,-0.001316305133514106,0,0.009999675676226616
angle,1780511826927536504,-0.001313943997956812,0,0.00999946054071188
angle,1780511826965752821,-0.001311580301262438,0,0.00999906100332737
angle,1780511827002262054,-0.001309214159846306,0,0.009999483823776245
angle,1780511827037903602,-0.001306845457293093,0,0.009999559260904789
angle,1780511827074818677,-0.001304474310018122,0,0.009999465197324753
angle,1780511827109607313,-0.001302100485190749,0,0.009999633766710758
angle,1780511827141623892,-0.00129972433205694,0,0.009999802336096764
angle,1780511827176853958,-0.001297345734201372,0,0.009999831207096577
angle,1780511827214910541,-0.001294964575208724,0,0.009999693371355534
angle,1780511827253921276,-0.001292581087909639,0,0.009999535046517849
angle,1780511827290616331,-0.001290195155888796,0,0.009999520145356655
angle,1780511827327915023,-0.001287806895561516,0,0.009998319670557976
angle,1780511827365474387,-0.001285416190512478,0,0.009999502450227737
angle,1780511827402240143,-0.001283023273572326,0,0.009998900815844536
angle,1780511827439992859,-0.001280627911910415,0,0.009999336674809456
angle,1780511827477158223,-0.001278230338357389,0,0.009999442845582962
angle,1780511827514484379,-0.001275830436497927,0,0.00999955739825964
angle,1780511827550228405,-0.001273428206332028,0,0.009999380446970463
angle,1780511827586356037,-0.001271023764275014,0,0.009999808855354786
angle,1780511827622189585,-0.001268617110326886,0,0.009999139234423637
angle,1780511827659984858,-0.001266208128072321,0,0.009999627247452736
angle,1780511827697405832,-0.00126379681751132,0,0.009999529458582401
angle,1780511827734166984,-0.001261383295059204,0,0.009999232366681099
angle,1780511827770339700,-0.001258967560715973,0,0.009999295696616173
angle,1780511827808312117,-0.001256549614481628,0,0.009998824447393417
angle,1780511827845451670,-0.001254129339940846,0,0.009999088011682034
angle,1780511827881693711,-0.001251707086339593,0,0.009999274276196957
angle,1780511827918475430,-0.001249282620847225,0,0.009999548085033894
angle,1780511827954239458,-0.001246855943463743,0,0.009999559260904789
angle,1780511827993178769,-0.001244427287019789,0,0.009999618865549564
angle,1780511828029124858,-0.001241996418684721,0,0.009999388828873634
angle,1780511828065969886,-0.001239563571289182,0,0.009999166242778301
angle,1780511828102392119,-0.001237128512002528,0,0.009999066591262817
angle,1780511828140152667,-0.001234691473655403,0,0.009998745284974575
angle,1780511828176606167,-0.001232252339832485,0,0.009999397210776806
angle,1780511828213364767,-0.001229811110533774,0,0.00999927707016468
angle,1780511828251606442,-0.001227367902174592,0,0.009999513626098633
angle,1780511828287534068,-0.001224922714754939,0,0.009999485686421394
angle,1780511828323759025,-0.001222475431859493,0,0.009999283589422703
angle,1780511828360013520,-0.001220026169903576,0,0.009999287314713001
angle,1780511828396040626,-0.00121757504530251,0,0.009999584406614304
angle,1780511828433369753,-0.001215121825225651,0,0.00999931525439024
angle,1780511828470553422,-0.001212666742503643,0,0.009999481961131096
angle,1780511828507323148,-0.001210209680721164,0,0.009999340400099754
angle,1780511828544264068,-0.001207750639878213,0,0.009999635629355907
angle,1780511828580829729,-0.001205289852805436,0,0.009998920373618603
angle,1780511828616817499,-0.001202827086672187,0,0.009999656118452549
angle,1780511828654158201,-0.001200362457893789,0,0.009999589994549751
angle,1780511828691819888,-0.001197895966470242,0,0.009999415837228298
angle,1780511828727568233,-0.001195427612401545,0,0.009999450296163559
angle,1780511828764109922,-0.001192957395687699,0,0.009999305941164494
angle,1780511828800077444,-0.001190485432744026,0,0.009999364614486694
angle,1780511828837364970,-0.001188011607155204,0,0.009999377653002739
angle,1780511828873539025,-0.001185536035336554,0,0.009999511763453484
angle,1780511828909058177,-0.001183058600872755,0,0.009999270550906658
angle,1780511828945729312,-0.001180579420179129,0,0.009999698027968407
angle,1780511828982294117,-0.001178098493255675,0,0.009999532252550125
angle,1780511829018784450,-0.001175615820102394,0,0.009999499656260014
angle,1780511829055953470,-0.001173131517134607,0,0.009999210014939308
angle,1780511829093962506,-0.001170641509816051,0,0.010015266947448254
angle,1780511829119884478,-0.001168153714388609,0,0.009999091736972332
angle,1780511829154075861,-0.001165664289146662,0,0.009999619796872139
angle,1780511829193482912,-0.001163173117674887,0,0.009999382309615612
angle,1780511829233830137,-0.001160680432803929,0,0.009999391622841358
angle,1780511829268686747,-0.001158186001703143,0,0.009999426081776619
angle,1780511829302915834,-0.001155690057203174,0,0.009999711066484451
angle,1780511829339658315,-0.001153192366473377,0,0.009999779053032398
angle,1780511829376562589,-0.001150693162344396,0,0.00999921839684248
angle,1780511829413367549,-0.00114819232840091,0,0.009999247267842293
angle,1780511829451839310,-0.001145689864642918,0,0.009999075904488564
angle,1780511829488139871,-0.001143185887485743,0,0.009999161586165428
angle,1780511829529566063,-0.001140680396929383,0,0.009999512694776058
angle,1780511829558073274,-0.001138173276558518,0,0.009999467059969902
angle,1780511829588068803,-0.001135664759203792,0,0.009999682195484638
angle,1780511829624700099,-0.001133154728449881,0,0.009999563917517662
angle,1780511829661708463,-0.001130643184296787,0,0.009999647736549377
angle,1780511829699471584,-0.001128130243159831,0,0.009999382309615612
angle,1780511829736118113,-0.001125615788623691,0,0.009998969733715057
angle,1780511829772766056,-0.001123099820688367,0,0.00999954342842102
angle,1780511829809245792,-0.001120582455769181,0,0.009999368339776993
angle,1780511829846763911,-0.001118063693866134,0,0.009999272413551807
angle,1780511829882153487,-0.001115543418563902,0,0.009999514557421207
angle,1780511829919243980,-0.001113021862693131,0,0.009999632835388184
angle,1780511829956451680,-0.001110498909838498,0,0.009999232366681099
angle,1780511829991668852,-0.001107974560000002,0,0.009999606758356094
angle,1780511830026023678,-0.001105448813177645,0,0.009999324567615986
angle,1780511830060806746,-0.001102921785786748,0,0.009999672882258892
angle,1780511830096180104,-0.001100393477827311,0,0.009999279864132404
angle,1780511830130511312,-0.001097863772884011,0,0.009999660775065422
angle,1780511830168863235,-0.001095332787372172,0,0.009999464266002178
angle,1780511830205326680,-0.001092800521291792,0,0.00999972503632307
angle,1780511830242222434,-0.001090266974642873,0,0.009999404661357403
angle,1780511830276474840,-0.001087732147425413,0,0.009999409317970276
angle,1780511830309351296,-0.001085196039639413,0,0.009999750182032585
angle,1780511830343351075,-0.001082658767700195,0,0.009999743662774563
angle,1780511830380315238,-0.001080120215192437,0,0.009999588131904602
angle,1780511830416865610,-0.001077580498531461,0,0.009999504312872887
angle,1780511830453642181,-0.001075039501301944,0,0.009999385103583336
angle,1780511830489306156,-0.001072497339919209,0,0.009999598376452923
angle,1780511830526510604,-0.001069954014383256,0,0.009999618865549564
angle,1780511830561604967,-0.001067409524694085,0,0.009999624453485012
angle,1780511830596510241,-0.001064863987267017,0,0.009999355301260948
angle,1780511830633111662,-0.00106231716927141,0,0.009999429807066917
angle,1780511830670765168,-0.001059769419953227,0,0.009999463334679604
angle,1780511830706905537,-0.001057220506481826,0,0.009999173693358898
angle,1780511830742544698,-0.001054670545272529,0,0.009999076835811138
angle,1780511830778161632,-0.001052119536325336,0,0.009999309666454792
angle,1780511830813519027,-0.001049567363224924,0,0.0099993497133255
angle,1780511830849994001,-0.001047014258801937,0,0.009999478235840797
angle,1780511830884563013,-0.001044460106641054,0,0.009999459609389305
angle,1780511830918470709,-0.001041904906742275,0,0.009999684989452362
angle,1780511830952896484,-0.001039348659105599,0,0.009999742731451988
angle,1780511830987748289,-0.001036791480146348,0,0.009999382309615612
angle,1780511831020934215,-0.00103423313703388,0,0.0099998340010643
angle,1780511831057582200,-0.001031673862598836,0,0.009999812580645084
angle,1780511831094797234,-0.001029113656841218,0,0.00999829638749361
angle,1780511831131219024,-0.001026552519761026,0,0.009999269619584084
angle,1780511831168932854,-0.001023990451358259,0,0.009999152272939682
angle,1780511831207916680,-0.001021427335217595,0,0.009999478235840797
angle,1780511831245997970,-0.001018863520585001,0,0.009999065659940243
angle,1780511831283453533,-0.001016298774629831,0,0.009999243542551994
angle,1780511831322570348,-0.001013733097352087,0,0.009999477304518223
angle,1780511831360631080,-0.001011166721582413,0,0.009999442845582962
angle,1780511831396984772,-0.001008599414490163,0,0.009999148547649384
angle,1780511831434893072,-0.001006031292490661,0,0.00999941024929285
angle,1780511831471834628,-0.001003462355583906,0,0.009998937137424946
angle,1780511831499795182,-0.001000892487354577,0,0.009999388828873634
angle,1780511831525917285,-0.000998321920633316,0,0.00999942235648632
angle,1780511831562104971,-0.000995750422589481,0,0.009999413974583149
angle,1780511831600237718,-0.000993178226053715,0,0.0099983811378479
angle,1780511831635656873,-0.000990605214610696,0,0.009999211877584457
angle,1780511831671627817,-0.000988031388260424,0,0.009999066591262817
angle,1780511831709686479,-0.000985456979833543,0,0.00999912153929472
angle,1780511831747664865,-0.00098288175649941,0,0.009999659843742847
angle,1780511831784680384,-0.000980305951088667,0,0.009999323636293411
angle,1780511831821773483,-0.000977729330770671,0,0.009999483823776245
angle,1780511831857523773,-0.000975152011960745,0,0.009999450296163559
angle,1780511831892885275,-0.000972573994658887,0,0.00999956764280796
angle,1780511831928131154,-0.00096999533707276,0,0.009999612346291542
angle,1780511831964176613,-0.000967415980994701,0,0.00999953132122755
angle,1780511832000406076,-0.000964835926424712,0,0.009999693371355534
angle,1780511832035600687,-0.000962255231570452,0,0.009998781606554985
angle,1780511832070796242,-0.000959674012847245,0,0.009999358095228672
angle,1780511832107163436,-0.000957092095632106,0,0.009999454021453857
angle,1780511832144528447,-0.00095450971275568,0,0.009999443776905537
angle,1780511832176663263,-0.000951926689594984,0,0.009998799301683903
angle,1780511832207914644,-0.000949343200773001,0,0.009999869391322136
angle,1780511832241015482,-0.000946759129874408,0,0.00999988429248333
angle,1780511832275135077,-0.000944174476899207,0,0.009999869391322136
angle,1780511832308548756,-0.000941589358262718,0,0.009999843314290047
angle,1780511832343792398,-0.00093900365754962,0,0.0099998340010643
angle,1780511832380324109,-0.000936417316552252,0,0.009999635629355907
angle,1780511832416002525,-0.000933830509893596,0,0.009999620728194714
angle,1780511832453846647,-0.000931243179365993,0,0.009998733177781105
angle,1780511832491079014,-0.000928655441384763,0,0.009998966008424759
angle,1780511832528344765,-0.000926067237742245,0,0.009999585337936878
angle,1780511832565050307,-0.000923478626646101,0,0.009999462403357029
angle,1780511832602303366,-0.000920889666303992,0,0.009999576024711132
angle,1780511832639910549,-0.000918300240300596,0,0.009999390691518784
angle,1780511832678190675,-0.000915710465051234,0,0.009999471716582775
angle,1780511832714204181,-0.000913120340555906,0,0.009999468922615051
angle,1780511832750732069,-0.000910529808606952,0,0.009999481029808521
angle,1780511832788277807,-0.000907938927412033,0,0.00999950896948576
angle,1780511832826049806,-0.000905347580555826,0,0.009999713860452175
angle,1780511832862588464,-0.000902756000868976,0,0.009999626316130161
angle,1780511832898979535,-0.000900164013728499,0,0.009999562054872513
angle,1780511832934182881,-0.000897571677342057,0,0.009999296627938747
angle,1780511832970045140,-0.00089497899170965,0,0.009999619796872139
angle,1780511833007191120,-0.000892386073246598,0,0.009999532252550125
angle,1780511833044876734,-0.000889792805537581,0,0.009999467991292477
angle,1780511833082220691,-0.000887199363205582,0,0.009999103844165802
angle,1780511833119940170,-0.000884605571627617,0,0.00999944657087326
angle,1780511833155018513,-0.000882011547219008,0,0.009999152272939682
angle,1780511833190277752,-0.000879417289979756,0,0.009999636560678482
angle,1780511833227224608,-0.000876822858117521,0,0.009999646805226803
angle,1780511833263720091,-0.000874228193424642,0,0.009999416768550873
angle,1780511833300243700,-0.000871633412316442,0,0.00999943446367979
angle,1780511833338748847,-0.000869038456585258,0,0.009999423287808895
angle,1780511833375273976,-0.00086644320981577,0,0.009999667294323444
angle,1780511833413483155,-0.000863847846630961,0,0.009999602101743221
angle,1780511833450353367,-0.000861252308823168,0,0.009999377653002739
angle,1780511833488949629,-0.000858656654600054,0,0.009999317117035389
angle,1780511833525358849,-0.000856060825753957,0,0.009999364614486694
angle,1780511833561931915,-0.000853464880492538,0,0.009999440982937813
angle,1780511833599687347,-0.000850868877023458,0,0.009999391622841358
angle,1780511833636603823,-0.000848272698931396,0,0.009999282658100128
angle,1780511833674477530,-0.000845676520839334,0,0.009999169036746025
angle,1780511833712637314,-0.000843080226331949,0,0.009999281726777554
angle,1780511833749036174,-0.000840483931824565,0,0.009999156929552555
angle,1780511833785646879,-0.000837887520901859,0,0.009999510832130909
angle,1780511833821027463,-0.000835291168186814,0,0.009999561123549938
angle,1780511833857867648,-0.000832694757264107,0,0.00999859906733036
angle,1780511833895454555,-0.000830098404549062,0,0.009999390691518784
angle,1780511833930701115,-0.000827502051834017,0,0.009999061934649944
angle,1780511833969367264,-0.000824905699118972,0,0.009999226778745651
angle,1780511834008324536,-0.000822309288196266,0,0.009999661706387997
angle,1780511834045013672,-0.00081971293548122,0,0.009998750872910023
angle,1780511834083293879,-0.000817116699181497,0,0.009999522939324379
angle,1780511834116589318,-0.000814520404674113,0,0.009999239817261696
angle,1780511834141463053,-0.000811924284789711,0,0.009998773224651814
angle,1780511834176934191,-0.000809328223112971,0,0.009999865666031837
angle,1780511834214487583,-0.000806732219643891,0,0.00999941024929285
angle,1780511834251589278,-0.000804136332590133,0,0.009999199770390987
angle,1780511834289206380,-0.000801540445536375,0,0.009999615140259266
angle,1780511834326326217,-0.0007989447331056,0,0.009999752044677734
angle,1780511834359937114,-0.000796349137090147,0,0.009999466128647327
angle,1780511834394959693,-0.000793753715697676,0,0.009999418631196022
angle,1780511834429875433,-0.000791158410720527,0,0.009999853558838367
angle,1780511834465957283,-0.000788563338574022,0,0.009999755769968033
angle,1780511834502121013,-0.000785968382842839,0,0.009999377653002739
angle,1780511834538228729,-0.000783373543526977,0,0.009999504312872887
angle,1780511834573869205,-0.00078077899524942,0,0.009999522008001804
angle,1780511834694981093,-0.000778184679802507,1,0.009999462403357029
angle,1780511834710384096,-0.00077558372868225,0,0.1311112493276596
angle,1780511834747081920,-0.000772969448007643,0,0.009998750872910023
angle,1780511834784519432,-0.00077042926568538,0,0.010159104131162167
angle,1780511834820011303,-0.000768148805946112,0,0.009999175556004047
angle,1780511834856023227,-0.000766032666433603,0,0.009999644942581654
angle,1780511834893646116,-0.000764006748795509,0,0.009999435395002365
angle,1780511834929166151,-0.000761990551836789,0,0.009999128989875317
angle,1780511834965726976,-0.000759910268243402,0,0.009999478235840797
angle,1780511835000526683,-0.000757709029130638,0,0.009999439120292664
angle,1780511835037745892,-0.000755352957639843,0,0.009999607689678669
angle,1780511835074792576,-0.000752833380829543,0,0.009998648427426815
angle,1780511835113457886,-0.000750164967030287,0,0.009999475441873074
angle,1780511835150019151,-0.000747380661778152,0,0.009999413974583149
angle,1780511835186975662,-0.000744524877518415,0,0.009999512694776058
angle,1780511835223450880,-0.000741645810194314,0,0.009999428875744343
angle,1780511835259001022,-0.000738788105081767,0,0.009999525733292103
angle,1780511835296569252,-0.000735987268853933,0,0.009999562054872513
angle,1780511835334292540,-0.000733265886083245,0,0.009999658912420273
angle,1780511835370966689,-0.000730632338672876,0,0.009999681264162064
angle,1780511835407388618,-0.000728081213310361,0,0.009999695234000683
angle,1780511835446259263,-0.000725596444681287,0,0.00999942421913147
angle,1780511835482442952,-0.000723154516890645,0,0.00999914389103651
angle,1780511835515884994,-0.000720729294698685,0,0.009999103844165802
angle,1780511835550961538,-0.000718295574188232,0,0.009999789297580719
angle,1780511835587764301,-0.000715832982677966,0,0.009999485686421394
angle,1780511835624308638,-0.000713327783159912,0,0.00999950896948576
angle,1780511835662018219,-0.00071077432949096,0,0.009999163448810577
angle,1780511835697050644,-0.000708174426108599,0,0.00999924074858427
angle,1780511835734811227,-0.000705536338500679,0,0.009999574162065983
angle,1780511835771359241,-0.000702872755937278,0,0.009999338537454605
angle,1780511835808565857,-0.000700198172125965,0,0.00999947264790535
angle,1780511835845467546,-0.000697526789736003,0,0.009999721311032772
angle,1780511835881968017,-0.000694870657753199,0,0.009997565299272537
angle,1780511835918285451,-0.000692237925250083,0,0.009999729692935944
angle,1780511835953850320,-0.00068963278317824,0,0.009999793022871017
angle,1780511835989783003,-0.000687054765876383,0,0.009999526664614677
angle,1780511836025530840,-0.000684499798808247,0,0.009999686852097511
angle,1780511836061210728,-0.000681961188092828,0,0.009998971596360207
angle,1780511836096767429,-0.000679430901072919,0,0.009999371133744717
angle,1780511836133526882,-0.000676901021506637,0,0.009999529458582401
angle,1780511836169260269,-0.00067436444805935,0,0.009998741559684277
angle,1780511836206529130,-0.000671816465910524,0,0.009999563917517662
angle,1780511836241713742,-0.000669254397507757,0,0.00999967660754919
angle,1780511836277614748,-0.000666678068228066,0,0.009999332949519157
angle,1780511836313394136,-0.000664089515339583,0,0.009999508038163185
angle,1780511836351248161,-0.000661492231301963,0,0.009999370202422142
angle,1780511836388917635,-0.000658890523482114,0,0.009999572299420834
angle,1780511836426502829,-0.000656289048492908,0,0.009999622590839863
angle,1780511836466090795,-0.000653691764455289,0,0.009999074041843414
angle,1780511836502670381,-0.000651101639959961,0,0.009999465197324753
angle,1780511836530679290,-0.000648520363029093,0,0.009999481029808521
angle,1780511836556260924,-0.000645948166493326,0,0.009999511763453484
angle,1780511836592818073,-0.00064338423544541,0,0.009999441914260387
angle,1780511836628987797,-0.000640826707240194,0,0.009999437257647514
angle,1780511836667080750,-0.000638273195363581,0,0.009999648667871952
angle,1780511836703895220,-0.000635721196886152,0,0.009999439120292664
angle,1780511836740741742,-0.00063316838350147,0,0.009999687783420086
angle,1780511836777460784,-0.00063061312539503,0,0.009999359957873821
angle,1780511836813440594,-0.000628054316621274,0,0.009999207220971584
angle,1780511836848311807,-0.000625491666141897,0,0.009999340400099754
angle,1780511836883655288,-0.000622925523202866,0,0.009999512694776058
angle,1780511836918712429,-0.000620356993749738,0,0.009999530389904976
angle,1780511836956140458,-0.000617787416558713,0,0.00999936182051897
angle,1780511836993764661,-0.000615218072198331,0,0.009999285452067852
angle,1780511837030836478,-0.000612650299444795,0,0.009999397210776806
angle,1780511837066966773,-0.00061008520424366,0,0.009999333880841732
angle,1780511837102720020,-0.000607523368671536,0,0.009999430738389492
angle,1780511837138025161,-0.000604965025559068,0,0.009998486377298832
angle,1780511837174917581,-0.000602410116698593,0,0.009999487549066544
angle,1780511837209802849,-0.000599858176428825,0,0.009999395348131657
angle,1780511837244678162,-0.000597308448050171,0,0.00999978557229042
angle,1780511837280593391,-0.00059476011665538,0,0.009999468922615051
angle,1780511837329893954,-0.000589205126743764,0,0.021768292412161827
angle,1780511837366996020,-0.000586640846449882,0,0.009999547153711319
angle,1780511837403863298,-0.000584077439270914,0,0.00999982189387083
angle,1780511837439581717,-0.000581517058890313,0,0.009999589994549751
angle,1780511837476080823,-0.000578961160499603,0,0.009999491274356842
angle,1780511837512542440,-0.000576410559006035,0,0.009999412111938
angle,1780511837548044061,-0.000573865370824933,0,0.009999578818678856
angle,1780511837586836521,-0.000571325013879687,0,0.009999655187129974
angle,1780511837622996229,-0.000568788615055382,0,0.009999139234423637
angle,1780511837661144025,-0.000566254835575819,0,0.009999711066484451
angle,1780511837696982943,-0.000563722394872457,0,0.009999481029808521
angle,1780511837734331444,-0.000561190128792077,0,0.00999926496297121
angle,1780511837773618054,-0.000558657164219767,0,0.009999454952776432
angle,1780511837809255648,-0.000556123035494238,0,0.009999518282711506
angle,1780511837845507638,-0.000553587567992508,0,0.009999416768550873
angle,1780511837881779641,-0.000551051052752882,0,0.009999473579227924
angle,1780511837917373740,-0.000548513955436647,0,0.009999442845582962
angle,1780511837952979146,-0.000545977090951055,0,0.00999965239316225
angle,1780511837988843992,-0.000543441041372716,0,0.009999585337936878
angle,1780511838025101502,-0.000540906621608883,0,0.009999374859035015
angle,1780511838061191082,-0.000538374297320843,0,0.009999572299420834
angle,1780511838099718890,-0.000535844417754561,0,0.009999102912843227
angle,1780511838135464478,-0.000533317099325359,0,0.009999529458582401
angle,1780511838171070885,-0.000530792283825576,0,0.009999294765293598
angle,1780511838207270285,-0.000528269738424569,0,0.009999381378293037
angle,1780511838243736387,-0.000525748997461051,0,0.00999955739825964
angle,1780511838279859993,-0.000523229769896716,0,0.009999328292906284
angle,1780511838312262501,-0.000520711590070277,0,0.009999598376452923
angle,1780511838349875313,-0.000518194166943431,0,0.009998445399105549
angle,1780511838385927980,-0.000515677384100854,0,0.009999006055295467
angle,1780511838423114342,-0.000513161066919565,0,0.009998930618166924
angle,1780511838461787526,-0.000510645331814885,0,0.009999087080359459
angle,1780511838497054544,-0.000508130469825119,0,0.009999171830713749
angle,1780511838533366154,-0.000505616480950266,0,0.009999417699873447
angle,1780511838571149723,-0.000503103598020971,0,0.009999483823776245
angle,1780511838607787863,-0.000500592170283198,0,0.009999357163906097
angle,1780511838644977563,-0.00049808225594461,0,0.009999570436775684
angle,1780511838682943088,-0.000495574029628187,0,0.009999009780585766
angle,1780511838718755783,-0.000493067549541593,0,0.009999100118875504
angle,1780511838756025868,-0.000490562815684825,0,0.00999950896948576
angle,1780511838791952397,-0.000488059769850224,0,0.009999322704970837
angle,1780511838827848205,-0.000485558295622468,0,0.009999601170420647
angle,1780511838862261177,-0.000483058334793895,0,0.009999380446970463
angle,1780511838897291738,-0.000480559800053015,0,0.009999415837228298
angle,1780511838932849489,-0.000478062516776845,0,0.009999166242778301
angle,1780511838969809841,-0.000475566484965384,0,0.009999358095228672
angle,1780511839007966542,-0.000473071646410972,0,0.009998898953199387
angle,1780511839048314185,-0.000470578030217439,0,0.009999656118452549
angle,1780511839079534667,-0.000468085665488616,0,0.009999525733292103
angle,1780511839116844364,-0.000465594581328332,0,0.009999039582908154
angle,1780511839142848744,-0.000463104923255742,0,0.009999376721680164
angle,1780511839175991056,-0.000460616749478504,0,0.009999305941164494
angle,1780511839213194741,-0.000458130118204281,0,0.009999415837228298
angle,1780511839250643228,-0.000455645029433072,0,0.009999364614486694
angle,1780511839283729026,-0.000453161570476368,0,0.009999494068324566
angle,1780511839317215902,-0.00045067974133417,0,0.009999747388064861
angle,1780511839349396917,-0.000448199512902647,0,0.0099991699680686
angle,1780511839385772450,-0.000445720826974139,0,0.009999856352806091
angle,1780511839422295191,-0.000443243712652475,0,0.009999353438615799
angle,1780511839460676664,-0.000440768082626164,0,0.009999549947679043
angle,1780511839497265595,-0.000438293995102867,0,0.00999873224645853
angle,1780511839533209321,-0.000435821420978755,0,0.009998711757361889
angle,1780511839568940247,-0.000433350360253826,0,0.009999558329582214
angle,1780511839604377379,-0.000430880900239572,0,0.009999614208936691
angle,1780511839640504894,-0.000428412953624502,0,0.009999513626098633
angle,1780511839676762021,-0.000425946607720107,0,0.009999355301260948
angle,1780511839714122251,-0.000423481833422557,0,0.009999404661357403
angle,1780511839750250586,-0.000421018659835681,0,0.009999198839068413
angle,1780511839792011667,-0.000418557086959481,0,0.009999304078519344
angle,1780511839826594708,-0.000416097085690126,0,0.009999225847423077
angle,1780511839863979744,-0.000413638743339106,0,0.009998852387070656
angle,1780511839899656996,-0.000411182118114084,0,0.009999370202422142
angle,1780511839936793510,-0.000408727180911228,0,0.009998072870075703
angle,1780511839972506207,-0.000406273931730539,0,0.009999362751841545
angle,1780511840008956296,-0.000403822370572016,0,0.009999459609389305
angle,1780511840044657143,-0.000401372497435659,0,0.009999594651162624
angle,1780511840082095588,-0.0003989243414253,0,0.009999473579227924
angle,1780511840118928832,-0.000396477757021785,0,0.009999598376452923
angle,1780511840156170333,-0.000394032889744267,0,0.009999562054872513
angle,1780511840193973180,-0.000391589681385085,0,0.009999320842325687
angle,1780511840231616946,-0.000389148102840409,0,0.009999534115195274
angle,1780511840268602511,-0.000386708241421729,0,0.00999949686229229
angle,1780511840305779009,-0.000384270126232877,0,0.009999280795454979
angle,1780511840343232538,-0.000381833669962361,0,0.009999619796872139
angle,1780511840379489586,-0.000379398989025503,0,0.009999015368521214
angle,1780511840415560121,-0.000376966083422303,0,0.009999069385230541
angle,1780511840453581648,-0.000374535011360422,0,0.00999935157597065
angle,1780511840491335710,-0.000372105772839859,0,0.009999245405197144
angle,1780511840528481847,-0.000369678280549124,0,0.009999621659517288
angle,1780511840564028464,-0.000367252650903538,0,0.00999918021261692
angle,1780511840600342291,-0.00036482882569544,0,0.00999944657087326
angle,1780511840635861516,-0.00036240674671717,0,0.009999614208936691
angle,1780511840672218572,-0.000359986472176388,0,0.00999988429248333
angle,1780511840708888590,-0.000357568002073094,0,0.009999368339776993
angle,1780511840746339587,-0.000355151307303458,0,0.009999088943004608
angle,1780511840782923628,-0.000352736416971311,0,0.009999538771808147
angle,1780511840821057483,-0.000350323360180482,0,0.009999365545809269
angle,1780511840859031542,-0.000347912136930972,0,0.009999617002904415
angle,1780511840895177718,-0.000345502805430442,0,0.00999933760613203
angle,1780511840931095024,-0.000343095336575061,0,0.009999611414968967
angle,1780511840964771314,-0.00034068978857249,0,0.009999622590839863
angle,1780511840999196330,-0.000338286103215069,0,0.009999643079936504
angle,1780511841035242886,-0.000335884280502796,0,0.009999743662774563
angle,1780511841071012938,-0.000333484407747164,0,0.009999511763453484
angle,1780511841108388058,-0.000331086368532851,0,0.009999052621424198
angle,1780511841144700592,-0.000328690279275179,0,0.00999956764280796
angle,1780511841180870168,-0.000326296139974147,0,0.009999466128647327
angle,1780511841217823709,-0.000323903921525925,0,0.009999473579227924
angle,1780511841254287475,-0.000321513623930514,0,0.009999725967645645
angle,1780511841291518663,-0.000319125276291743,0,0.009999564848840237
angle,1780511841328532615,-0.000316738849505782,0,0.00999949686229229
angle,1780511841365721979,-0.000314354401780292,0,0.009999250061810017
angle,1780511841402945067,-0.000311971904011443,0,0.009999367408454418
angle,1780511841442582511,-0.000309591414406896,0,0.00999942235648632
angle,1780511841480257387,-0.000307212903862819,0,0.009999156929552555
angle,1780511841517958927,-0.000304836401483044,0,0.009999300353229046
angle,1780511841555179159,-0.00030246190726757,0,0.009999505244195461
angle,1780511841582212059,-0.000300089421216398,0,0.00999914389103651
angle,1780511841606083241,-0.000297718943329528,0,0.009999487549066544
angle,1780511841642364458,-0.000295350473606959,0,0.009999430738389492
angle,1780511841678058448,-0.000292984041152522,0,0.009999504312872887
angle,1780511841713270393,-0.000290619587758556,0,0.0099996542558074
angle,1780511841750699285,-0.000288257229840383,0,0.009999504312872887
angle,1780511841789254669,-0.00028589682187885,0,0.009999503381550312
angle,1780511841826542656,-0.00028353848028928,0,0.009999755769968033
angle,1780511841862543401,-0.000281182205071673,0,0.009999207220971584
angle,1780511841897755556,-0.000278827996226028,0,0.009999629110097885
angle,1780511841934111853,-0.000276475824648514,0,0.00999995693564415
angle,1780511841971028112,-0.000274125777650625,0,0.009999091736972332
angle,1780511842007763611,-0.000271777826128528,0,0.0099995918571949
angle,1780511842043528446,-0.000269431970082223,0,0.009999467991292477
angle,1780511842079320287,-0.000267088267719373,0,0.009999464266002178
angle,1780511842116795647,-0.000264746689936146,0,0.009999598376452923
angle,1780511842152189622,-0.000262407265836373,0,0.009996885433793068
angle,1780511842187169201,-0.000260069937212393,0,0.009999601170420647
angle,1780511842223789628,-0.000257734820479527,0,0.009999571368098259
angle,1780511842262568375,-0.000255401915637776,0,0.009999454952776432
angle,1780511842294937909,-0.000253071164479479,0,0.009999766014516354
angle,1780511842332841458,-0.000250742537900805,0,0.009999866597354412
angle,1780511842371624386,-0.000248416035901755,0,0.009999402798712254
angle,1780511842410129545,-0.000246091600274667,0,0.009999651461839676
angle,1780511842449865837,-0.000243769318331033,0,0.009999358095228672
angle,1780511842486205679,-0.000241449175518937,0,0.009999632835388184
angle,1780511842523299757,-0.00023913117183838,0,0.009999098256230354
angle,1780511842559551089,-0.000236815380048938,0,0.009999469853937626
angle,1780511842595783123,-0.00023450177104678,0,0.009999044239521027
angle,1780511842634840715,-0.000232190432143398,0,0.00999941024929285
angle,1780511842673042324,-0.000229881363338791,0,0.009999504312872887
angle,1780511842708796610,-0.000227574535529129,0,0.009999475441873074
angle,1780511842744853019,-0.000225269992370158,0,0.009999358095228672
angle,1780511842781391236,-0.000222967675654218,0,0.009999549016356468
angle,1780511842817917613,-0.000220667643588968,0,0.009999437257647514
angle,1780511842854538566,-0.000218369837966748,0,0.009999237954616547
angle,1780511842891132973,-0.000216074287891388,0,0.009999414905905724
angle,1780511842926896314,-0.000213780964259058,0,0.009999418631196022
angle,1780511842963174192,-0.000211489910725504,0,0.00999951921403408
angle,1780511842999598011,-0.000209201127290726,0,0.009999796748161316
angle,1780511843038553524,-0.000206914599402808,0,0.009999413974583149
angle,1780511843075357180,-0.00020463035616558,0,0.009999348782002926
angle,1780511843110183413,-0.000202348383027129,0,0.009999500587582588
angle,1780511843146349233,-0.000200068723643199,0,0.009999323636293411
angle,1780511843184136791,-0.000197791363461874,0,0.009999321773648262
angle,1780511843220196482,-0.000195516346138902,0,0.009999467991292477
angle,1780511843257759671,-0.000193243657122366,0,0.009999553672969341
angle,1780511843293112835,-0.000190973310964182,0,0.00999944657087326
angle,1780511843328781740,-0.00018870530766435,0,0.009999523870646954
angle,1780511843365904533,-0.0001864396763267,0,0.009999136440455914
angle,1780511843403036287,-0.000184176402399316,0,0.009999614208936691
angle,1780511843441803068,-0.0001819154858822,0,0.009999525733292103
angle,1780511843479551113,-0.000179656926775351,0,0.009999405592679977
angle,1780511843515930446,-0.000177400739630684,0,0.009999380446970463
angle,1780511843552055685,-0.000175146895344369,0,0.00999964214861393
angle,1780511843589380286,-0.000172895481227897,0,0.00999936368316412
angle,1780511843625989595,-0.000170646439073607,0,0.009999462403357029
angle,1780511843664032995,-0.000168399739777669,0,0.009999527595937252
angle,1780511843701634324,-0.000166155456099659,0,0.009999044239521027
angle,1780511843738570907,-0.000163913544383831,0,0.00999980978667736
angle,1780511843774551556,-0.000161674062837847,0,0.00999903678894043
angle,1780511843810180614,-0.000159437011461705,0,0.009999300353229046
angle,1780511843847191224,-0.000157202404807322,0,0.009999471716582775
angle,1780511843883240446,-0.000154970257426612,0,0.009998735040426254
angle,1780511843922194164,-0.000152740540215746,0,0.009999600239098072
angle,1780511843958588930,-0.000150513296830468,0,0.009999334812164307
angle,1780511843995907426,-0.000148288512718864,0,0.00999903492629528
angle,1780511844031505645,-0.000146066187880933,0,0.009999400936067104
angle,1780511844067824319,-0.000143846322316676,0,0.009999445639550686
angle,1780511844103052778,-0.000141628916026093,0,0.00999915599822998
angle,1780511844139758422,-0.000139413983561099,0,0.0099996542558074
angle,1780511844166620154,-0.000137201539473608,0,0.009998437017202377
angle,1780511844190844495,-0.000134991583763622,0,0.009999603033065796
angle,1780511844216925874,-0.00013238558312878,0,0.011805223301053047
angle,1780511844249946281,-0.000130179803818464,0,0.00999986007809639
angle,1780511844282660769,-0.000127976556541398,0,0.009999887086451054
angle,1780511844317009000,-0.000125776001368649,0,0.00999982189387083
angle,1780511844351557258,-0.00012357825471554,0,0.009999165311455727
angle,1780511844386396472,-0.000121383360237814,0,0.009998456574976444
angle,1780511844422563851,-0.000119191405246966,0,0.00999944843351841
angle,1780511844459751465,-0.000117002287879586,0,0.009999629110097885
angle,1780511844496448014,-0.000114815986307804,0,0.009999492205679417
angle,1780511844532889511,-0.00011263231135672,0,0.009999729692935944
angle,1780511844571066578,-0.000110451204818673,0,0.009999607689678669
angle,1780511844608120681,-0.000108272564830258,0,0.00999948289245367
angle,1780511844644126759,-0.000106096325907856,0,0.00999935157597065
angle,1780511844682936900,-0.000103922437119763,0,0.009999272413551807
angle,1780511844720579433,-0.000101750854810234,0,0.00999954529106617
angle,1780511844756707300,-0.000099581717222463,0,0.009999089874327183
angle,1780511844792181133,-0.000097415031632408,0,0.009999357163906097
angle,1780511844828558268,-0.000095250863523688,0,0.009999401867389679
angle,1780511844865883862,-0.000093089263828006,0,0.009999523870646954
angle,1780511844901937639,-0.000090930341684725,0,0.00999919231981039
angle,1780511844937860617,-0.000088774089817889,0,0.009999155066907406
angle,1780511844974857871,-0.000086620595538989,0,0.009999101981520653
angle,1780511845010306614,-0.000084469844296109,0,0.009999647736549377
angle,1780511845047720617,-0.000082321843365207,0,0.009999330155551434
angle,1780511845086815017,-0.000080176585470326,0,0.009999512694776058
angle,1780511845122780341,-0.0000780301852501,0,0.010017186403274536
angle,1780511845160478775,-0.000075890187872574,0,0.00999954342842102
angle,1780511845197285046,-0.000073752831667662,0,0.009998607449233532
angle,1780511845233294009,-0.000071618087531533,0,0.0099988654255867
angle,1780511845270020683,-0.000069485889980569,0,0.009999641217291355
angle,1780511845306764402,-0.000067356319050305,0,0.009999357163906097
angle,1780511845344375405,-0.000065229374740738,0,0.009999483823776245
angle,1780511845382011139,-0.000063105042499956,0,0.009999142959713936
angle,1780511845418220320,-0.000060983387811575,0,0.009999711066484451
angle,1780511845455510379,-0.000058864421589533,0,0.009999464266002178
angle,1780511845492810802,-0.000056748132919893,0,0.009999457746744156
angle,1780511845530347449,-0.0000546345654584,0,0.009999261237680912
angle,1780511845566739193,-0.000052523722843034,0,0.00999887939542532
angle,1780511845602840222,-0.000050415575969964,0,0.009998929686844349
angle,1780511845639552790,-0.000048310223064618,0,0.009999264031648636
angle,1780511845677714588,-0.000046207576815505,0,0.009999695234000683
angle,1780511845716303283,-0.000044107728172094,0,0.009999400936067104
angle,1780511845752894940,-0.000042010593460873,0,0.009999270550906658
angle,1780511845790283087,-0.000039916161767906,0,0.009999589063227177
angle,1780511845826651644,-0.000037824458559044,0,0.009999525733292103
angle,1780511845864072681,-0.000035735458368436,0,0.009999142028391361
angle,1780511845901052051,-0.00003364919393789,0,0.009998439811170101
angle,1780511845936331521,-0.000031565647077514,0,0.009999374859035015
angle,1780511845972064614,-0.000029484841434169,0,0.009999518282711506
angle,1780511846007017918,-0.000027406849767431,0,0.009999399073421955
angle,1780511846043005061,-0.000025331626602565,0,0.009999376721680164
angle,1780511846078751765,-0.000023259151930688,0,0.009999138303101063
angle,1780511846115213811,-0.000021189447579673,0,0.009999493137001991
angle,1780511846150604740,-0.000019122504454572,0,0.009999285452067852
angle,1780511846186465492,-0.000017058388039004,0,0.009999367408454418
angle,1780511846223865367,-0.00001499696099927,0,0.009999276138842106
angle,1780511846259909139,-0.000012938387953909,0,0.009999455884099007
angle,1780511846297207136,-0.00001088263343263,0,0.009999701753258705
angle,1780511846333993601,-0.000008829689249978,0,0.00999896228313446
angle,1780511846370152033,-0.000006779573141102,0,0.009999320842325687
angle,1780511846405772780,-0.000004732278739539,0,0.009999421425163746
angle,1780511846442823163,-0.000002687774895094,0,0.009999618865549564
angle,1780511846478559107,-6.46081502964e-7,0,0.00999961793422699
angle,1780511846515572035,0.000001392764374941,0,0.009999350644648075
angle,1780511846552881089,0.00000342882140103,0,0.009999612346291542
angle,1780511846590656271,0.000005462064564199,0,0.009999694302678108
angle,1780511846616892020,0.000007492460554204,0,0.009999487549066544
angle,1780511846641683085,0.000009520032108412,0,0.009999585337936878
angle,1780511846678510933,0.000011544755579962,0,0.009999635629355907
angle,1780511846714302055,0.000013566655070463,0,0.009999599307775497
angle,1780511846750732043,0.000015585666915285,0,0.00999948289245367
angle,1780511846787745581,0.000017601825675229,0,0.009999494068324566
angle,1780511846824212877,0.000019615088604041,0,0.009999741800129414
angle,1780511846862221990,0.000021625452063745,0,0.009999069385230541
angle,1780511846897973090,0.000023632930606254,0,0.00999936368316412
angle,1780511846935946484,0.000025637536964496,0,0.009999549016356468
angle,1780511846974147726,0.000027639218387776,0,0.009999457746744156
angle,1780511847010277409,0.000029638000341947,0,0.009999281726777554
angle,1780511847046872200,0.000031633891921956,0,0.009999746456742287
angle,1780511847082536062,0.000033626904041739,0,0.009999231435358524
angle,1780511847112767917,0.000035617042158265,0,0.009999647736549377
angle,1780511847150184246,0.000037604237149935,0,0.009999540634453297
angle,1780511847185956619,0.000039588543586433,0,0.009999750182032585
angle,1780511847223109712,0.000041569957829779,0,0.00999913364648819
angle,1780511847260491965,0.000043548450776143,0,0.009999360889196396
angle,1780511847298175363,0.000045523978769779,0,0.009999405592679977
angle,1780511847331503506,0.000047496614570264,0,0.009999687783420086
angle,1780511847364035872,0.000049466267228127,0,0.009999888017773628
angle,1780511847394769627,0.000051432994951028,0,0.00999988242983818
angle,1780511847428298596,0.000053396790463012,0,0.009999836795032024
angle,1780511847464546637,0.000055357661040034,0,0.009999343194067478
angle,1780511847502234137,0.000057315613958053,0,0.00999956764280796
angle,1780511847539852005,0.000059270641941112,0,0.00999901071190834
angle,1780511847576836902,0.000061222715885378,0,0.00999945867806673
angle,1780511847614497836,0.000063171777583193,0,0.009999394416809082
angle,1780511847651667428,0.000065117885242216,0,0.009999147616326809
angle,1780511847689295245,0.000067060987930745,0,0.009999370202422142
angle,1780511847725993223,0.000069001085648779,0,0.009999522008001804
angle,1780511847762822863,0.000070938134740572,0,0.009998894296586514
angle,1780511847800863809,0.000072872186137829,0,0.009999479167163372
angle,1780511847838530402,0.000074803239840548,0,0.009999276138842106
angle,1780511847874941043,0.000076731303124689,0,0.009999475441873074
angle,1780511847911159734,0.000078656397818122,0,0.009999490343034267
angle,1780511847948809607,0.000080578516644891,0,0.009999489411711693
angle,1780511847985841669,0.000082497659604996,0,0.009999453090131283
angle,1780511848020380145,0.000084413812146522,0,0.00999945867806673
angle,1780511848056735887,0.000086326981545426,0,0.009999604895710945
angle,1780511848093262656,0.000088237153249793,0,0.009999033994972706
angle,1780511848155963130,0.000090144341811538,0,0.009999409317970276
angle,1780511848194325392,0.000092048510850873,0,0.009999357163906097
angle,1780511848232019178,0.000093951624876354,0,0.010009978897869587
angle,1780511848270211227,0.000095849689387251,0,0.009999574162065983
angle,1780511848306622212,0.000097744719823822,0,0.009999440982937813
angle,1780511848344142951,0.000099636701634154,0,0.009999629110097885
angle,1780511848381342799,0.000101525620266329,0,0.009999571368098259
angle,1780511848416702364,0.000103411482996307,0,0.00999882910400629
angle,1780511848455115211,0.000105294318927918,0,0.009999580681324005
angle,1780511848494200929,0.0001071740698535,0,0.00999973900616169
angle,1780511848531574916,0.000109050793980714,0,0.00999950710684061
angle,1780511848568467270,0.000110924447653815,0,0.009998767636716366
angle,1780511848605677235,0.000112795052700676,0,0.009999169036746025
angle,1780511848643705166,0.000114662572741508,0,0.00999942421913147
angle,1780511848681892769,0.000116527029604185,0,0.009999450296163559
angle,1780511848720770932,0.000118388423288707,0,0.009999371133744717
angle,1780511848760584829,0.000120246724691242,0,0.009999432601034641
angle,1780511848797487742,0.000122101992019452,0,0.009999520145356655
angle,1780511848833641768,0.000123954145237803,0,0.009999260306358337
angle,1780511848870249862,0.000125803213450126,0,0.009999464266002178
angle,1780511848907521083,0.000127649211208336,0,0.00999909732490778
angle,1780511848942647009,0.000129492109408602,0,0.00999926496297121
angle,1780511848980375463,0.000131331937154755,0,0.009999512694776058
angle,1780511849016130304,0.000133168650791049,0,0.009999386966228485
angle,1780511849053636698,0.000135002235765569,0,0.009999553672969341
angle,1780511849089385570,0.000136832721182145,0,0.009999476373195648
angle,1780511849125976281,0.000138660107040778,0,0.009999464266002178
angle,1780511849166113546,0.000140484393341467,0,0.009999467059969902
angle,1780511849193703019,0.000142305536428466,0,0.009999383240938187
angle,1780511849221585816,0.000144123594509438,0,0.009999467991292477
angle,1780511849255358860,0.000145938494824804,0,0.009999317117035389
angle,1780511849288724051,0.000147750295582227,0,0.009999740868806839
angle,1780511849324341501,0.000149558967677876,0,0.009999186731874943
angle,1780511849361804322,0.000151364496559836,0,0.009999326430261135
angle,1780511849397866386,0.000153166911331937,0,0.009999647736549377
angle,1780511849435524094,0.000154966153786518,0,0.009999302215874195
angle,1780511849471649459,0.00015676228213124,0,0.009999513626098633
angle,1780511849508863260,0.000158555267262273,0,0.009999427944421768
angle,1780511849545232690,0.000160345080075786,0,0.009999414905905724
angle,1780511849582161139,0.000162131749675609,0,0.009999452158808708
angle,1780511849618220554,0.000163915305165574,0,0.00999931525439024
angle,1780511849654953341,0.000165695673786104,0,0.009999589994549751
angle,1780511849691962205,0.000167472870089114,0,0.009999480098485947
angle,1780511849729784120,0.000169246908626519,0,0.009999372996389866
angle,1780511849767087697,0.00017101778939832,0,0.009999104775488377
angle,1780511849802903477,0.000172785468748771,0,0.009999525733292103
angle,1780511849839287024,0.000174549975781702,0,0.009999396279454231
angle,1780511849875793123,0.000176311325049028,0,0.00999921839684248
angle,1780511849913040126,0.000178069487446919,0,0.009999777190387249
angle,1780511849952538777,0.000179824492079206,0,0.009998845867812634
angle,1780511849989754758,0.000181576266186312,0,0.009999425150454044
angle,1780511850027397845,0.000183324867975898,0,0.00999949686229229
angle,1780511850062666432,0.000185070268344134,0,0.009999403730034828
angle,1780511850099581424,0.00018681249639485,0,0.009999493137001991
angle,1780511850136653337,0.000188551552128047,0,0.009999317117035389
angle,1780511850172901807,0.000190287391887978,0,0.00999971479177475
angle,1780511850209326491,0.000192020073882304,0,0.009999658912420273
angle,1780511850244264582,0.000193749539903365,0,0.009999478235840797
angle,1780511850281166670,0.000195475833606906,0,0.009999651461839676
angle,1780511850318598980,0.000197198911337182,0,0.009999343194067478
angle,1780511850356052680,0.000198918773094192,0,0.009999444708228111
angle,1780511850393554496,0.000200635433429852,0,0.00999963004142046
angle,1780511850431024705,0.000202348877792247,0,0.00999946054071188
angle,1780511850469298688,0.000204059077077545,0,0.009999454021453857
angle,1780511850506850930,0.000205766060389578,0,0.009999341331422329
angle,1780511850542034594,0.000207469813176431,0,0.009999415837228298
angle,1780511850578383841,0.000209170306334272,0,0.009998858906328678
angle,1780511850614082752,0.000210867568966933,0,0.00999926682561636
angle,1780511850649213154,0.000212561586522497,0,0.009999462403357029
angle,1780511850687007527,0.000214252329897135,0,0.009999360889196396
angle,1780511850724293495,0.000215939842746593,0,0.009999425150454044
angle,1780511850761023830,0.000217624095967039,0,0.009998977184295654
angle,1780511850798990782,0.000219305162318051,0,0.009999764151871204
angle,1780511850835532990,0.000220982969040051,0,0.009999066591262817
angle,1780511850873290427,0.000222657559788786,0,0.009998557157814503
angle,1780511850911198438,0.000224328934564255,0,0.009999201633036137
angle,1780511850948225720,0.000225997020606883,0,0.009999130852520466
angle,1780511850986387246,0.000227661817916669,0,0.009999273344874382
angle,1780511851022214350,0.000229323384701274,0,0.009999660775065422
angle,1780511851059750995,0.000230981691856869,0,0.009999178349971771
angle,1780511851095280273,0.000232636739383452,0,0.009998870082199574
angle,1780511851132104913,0.000234288527281024,0,0.00999956764280796
angle,1780511851170022953,0.000235937026445754,0,0.009999506175518036
angle,1780511851205777388,0.000237582280533388,0,0.009998910129070282
angle,1780511851241632050,0.000239224260440096,0,0.009999524801969528
angle,1780511851278501379,0.000240862980717793,0,0.009999526664614677
angle,1780511851315082716,0.000242498412262648,0,0.009999215602874756
angle,1780511851351573622,0.000244130613282323,0,0.009999288246035576
angle,1780511851388056409,0.000245759525569156,0,0.00999918021261692
angle,1780511851426318471,0.000247385178226978,0,0.009999502450227737
angle,1780511851463395268,0.000249007542151958,0,0.009998541325330734
angle,1780511851498466867,0.000250626617344096,0,0.009999559260904789
angle,1780511851533291788,0.000252242345595732,0,0.00999925285577774
angle,1780511851569472945,0.000253854843322188,0,0.00999964214861393
angle,1780511851605592140,0.000255464023211971,0,0.009999256581068039
angle,1780511851637515395,0.000257069885265082,0,0.009999442845582962
angle,1780511851663345147,0.000258672458585352,0,0.009999618865549564
angle,1780511851688282001,0.00026027174317278,0,0.009999440051615238
angle,1780511851724001852,0.000261867739027366,0,0.009999316185712814
angle,1780511851760564108,0.000263460475252941,0,0.00999843142926693
angle,1780511851798000922,0.000265049922745675,0,0.009999592788517475
angle,1780511851835145886,0.000266636052401736,0,0.009999453090131283
angle,1780511851872605875,0.000268218864221126,0,0.009999305009841919
angle,1780511851909713444,0.000269798387307674,0,0.009999404661357403
angle,1780511851946169961,0.000271374592557549,0,0.009999613277614117
angle,1780511851982906765,0.000272947450866923,0,0.009999709203839302
angle,1780511852019358909,0.000274516991339624,0,0.00999924261122942
angle,1780511852055201522,0.000276083213975653,0,0.009999053552746773
angle,1780511852093154350,0.000277646147878841,0,0.009999208152294159
angle,1780511852129815078,0.000279205763945356,0,0.00999948289245367
angle,1780511852166573767,0.000280762033071369,0,0.009999662637710571
angle,1780511852203052731,0.00028231498436071,0,0.009999318979680538
angle,1780511852239997974,0.000283864588709548,0,0.009999450296163559
angle,1780511852278036860,0.000285410904325545,0,0.009999455884099007
angle,1780511852314583151,0.000286953873001039,0,0.009999134577810764
angle,1780511852351315905,0.000288493552943692,0,0.009999444708228111
angle,1780511852387113066,0.000290029885945842,0,0.009999374859035015
angle,1780511852420117172,0.000291562872007489,0,0.009999837726354599
angle,1780511852454827992,0.000293092540232465,0,0.009999828413128853
angle,1780511852490140415,0.000294618890620768,0,0.009999803267419338
angle,1780511852527136133,0.000296141923172399,0,0.009999213740229607
angle,1780511852564885032,0.000297661637887359,0,0.009999080561101437
angle,1780511852600871389,0.000299178005661815,0,0.009999297559261322
angle,1780511852638638250,0.00030069102649577,0,0.009999719448387623
angle,1780511852674813585,0.000302200700389221,0,0.009999562986195087
angle,1780511852711039220,0.00030370699823834,0,0.009999722242355347
angle,1780511852747213181,0.000305209920043126,0,0.009999562986195087
angle,1780511852784307469,0.000306709524011239,0,0.009999552741646767
angle,1780511852820877263,0.00030820575193502,0,0.009999353438615799
angle,1780511852857568776,0.000309698603814468,0,0.009999069385230541
angle,1780511852895186161,0.000311188137857243,0,0.009999118745326996
angle,1780511852930800600,0.000312674295855686,0,0.009999002330005169
angle,1780511852968283280,0.000314157077809796,0,0.009999837726354599
angle,1780511853005466204,0.000315642479108647,0,0.01003932487219572
angle,1780511853045079885,0.000317118538077921,0,0.00999924074858427
angle,1780511853081167745,0.000318591221002862,0,0.009999239817261696
angle,1780511853118193747,0.000320060556987301,0,0.009999558329582214
angle,1780511853154773901,0.000321526546031237,0,0.009999341331422329
angle,1780511853191260176,0.00032298915903084,0,0.009999156929552555
angle,1780511853228341955,0.00032444839598611,0,0.009999704547226429
angle,1780511853265829270,0.000325904315104708,0,0.009999765083193779
angle,1780511853302348788,0.000327356858178973,0,0.009999588131904602
angle,1780511853337326068,0.000328806083416566,0,0.009999522008001804
angle,1780511853375404043,0.000330251932609826,0,0.009999730624258518
angle,1780511853412215117,0.000331694434862584,0,0.009999627247452736
angle,1780511853448182825,0.000333133561071008,0,0.009999124333262444
angle,1780511853484780376,0.0003345693112351,0,0.009999611414968967
angle,1780511853519063749,0.000336001685354859,0,0.009999741800129414
angle,1780511853554727249,0.000337430625222623,0,0.00999930314719677
angle,1780511853592986700,0.000338856218149886,0,0.009999535046517849
angle,1780511853629339497,0.000340278405928984,0,0.009999438188970089
angle,1780511853665307465,0.00034169721766375,0,0.009999432601034641
angle,1780511853701002458,0.000343112624250352,0,0.009999491274356842
angle,1780511853735403393,0.000344524625688791,0,0.009999713860452175
angle,1780511853770842565,0.000345933280186728,0,0.009999463334679604
angle,1780511853807957510,0.000347338529536501,0,0.009999355301260948
angle,1780511853843933672,0.000348740431945771,0,0.009999471716582775
angle,1780511853880286434,0.000350138987414539,0,0.009999574162065983
angle,1780511853917127298,0.000351534166838974,0,0.009998908266425133
angle,1780511853953623241,0.000352925941115245,0,0.009999552741646767
angle,1780511853989971375,0.000354314310243353,0,0.009999418631196022
angle,1780511854025753032,0.000355699274223298,0,0.009999104775488377
angle,1780511854062404149,0.000357080833055079,0,0.00999937579035759
angle,1780511854099378499,0.000358458986738697,0,0.009998790919780731
angle,1780511854135264089,0.000359833764377981,0,0.009999138303101063
angle,1780511854172136234,0.000361205078661442,0,0.0099993497133255
angle,1780511854199538532,0.0003625730460044,0,0.009999631904065609
angle,1780511854231393650,0.000363937637303025,0,0.009999853558838367
angle,1780511854264555218,0.000365298794349656,0,0.0099998340010643
angle,1780511854296514393,0.000366656575351954,0,0.009999917820096016
angle,1780511854332771617,0.000368011009413749,0,0.009999866597354412
angle,1780511854366483568,0.000369362125638872,0,0.009999709203839302
angle,1780511854400314928,0.000370709836715832,0,0.009999685920774937
angle,1780511854435278398,0.00037205420085229,0,0.00999948289245367
angle,1780511854469941410,0.000373395188944414,0,0.009999907575547695
angle,1780511854504471935,0.000374732742784545,0,0.009999631904065609
angle,1780511854541890999,0.000376066891476512,0,0.00999945867806673
angle,1780511854578443278,0.000377397635020316,0,0.009999464266002178
angle,1780511854614977226,0.000378724944312125,0,0.00999944657087326
angle,1780511854651123358,0.000380048790248111,0,0.009999388828873634
angle,1780511854689098713,0.000381369231035933,0,0.009999689646065235
angle,1780511854726363489,0.000382686208467931,0,0.009999443776905537
angle,1780511854763876492,0.000383999780751765,0,0.009999692440032959
angle,1780511854802334047,0.000385309918783605,0,0.00999937579035759
angle,1780511854840192583,0.000386616680771112,0,0.009999619796872139
angle,1780511854877548305,0.000387920066714287,0,0.009999380446970463
angle,1780511854913360573,0.000389220047509298,0,0.009999440051615238
angle,1780511854950558949,0.000390516652259976,0,0.009999428875744343
angle,1780511854988005445,0.00039180985186249,0,0.00999941024929285
angle,1780511855022899860,0.000393099675420672,0,0.009999570436775684
angle,1780511855060328335,0.00039438612293452,0,0.009999589994549751
angle,1780511855096113798,0.000395669136196375,0,0.009999670088291168
angle,1780511855133180840,0.000396948744310066,0,0.009999345988035202
angle,1780511855168809007,0.000398224947275594,0,0.009998798370361328
angle,1780511855204587406,0.000399497715989128,0,0.009999647736549377
angle,1780511855241299403,0.000400767050450668,0,0.009999587200582027
angle,1780511855278995927,0.000402032950660214,0,0.009998876601457596
angle,1780511855315786510,0.000403295445721596,0,0.009999443776905537
angle,1780511855352533285,0.000404554477427155,0,0.00999950710684061
angle,1780511855390587752,0.00040581013308838,0,0.009998474270105362
angle,1780511855427294325,0.000407062354497612,0,0.009998712688684464
angle,1780511855464703227,0.000408311112551019,0,0.009999299421906471
angle,1780511855500983516,0.000409556494560093,0,0.00999945867806673
angle,1780511855538767346,0.000410798471421003,0,0.009999487549066544
angle,1780511855574376954,0.00041203701402992,0,0.00999957975000143
angle,1780511855612043890,0.000413272209698334,0,0.009999367408454418
angle,1780511855648247134,0.000414504000218585,0,0.009999561123549938
angle,1780511855685385581,0.000415732414694503,0,0.0099991699680686
angle,1780511855721858712,0.000416957424022257,0,0.009999377653002739
angle,1780511855757980349,0.000418179057305679,0,0.00999950896948576
angle,1780511855795266350,0.000419397285440937,0,0.009999576956033707
angle,1780511855830878133,0.000420612079324201,0,0.009999246336519718
angle,1780511855868911829,0.000421823438955471,0,0.009999481961131096
angle,1780511855907058919,0.000423031393438578,0,0.00999942421913147
angle,1780511855943184977,0.00042423591366969,0,0.009999200701713562
angle,1780511855979688411,0.000425436999648809,0,0.009999345056712627
angle,1780511856016786581,0.000426637445343658,0,0.010022874921560287
angle,1780511856050314730,0.000427831662818789,0,0.009999140165746212
angle,1780511856085787062,0.000429264124250039,0,0.01203129906207323
angle,1780511856123252136,0.000430451560532674,0,0.009999837726354599
angle,1780511856159955347,0.000431635533459485,0,0.00999899860471487
angle,1780511856196585537,0.000432815955718979,0,0.009999756701290607
angle,1780511856232259906,0.000433992798207328,0,0.00999930314719677
angle,1780511856268677116,0.000435165973613039,0,0.009999283589422703
angle,1780511856305299361,0.000436335540143773,0,0.009999378584325314
angle,1780511856342917765,0.000437501526903361,0,0.00999955739825964
angle,1780511856379608449,0.000438663962995633,0,0.009999287314713001
angle,1780511856416598456,0.000439822964835912,0,0.00999980978667736
angle,1780511856456595066,0.000440978590631858,0,0.009999576024711132
angle,1780511856493034777,0.000442130898591131,0,0.009999609552323818
angle,1780511856528764725,0.000443279888713732,0,0.009999539703130722
angle,1780511856564484539,0.000444425619207323,0,0.009999544359743595
angle,1780511856601103954,0.000445568031864241,0,0.009999179281294346
angle,1780511856636778709,0.000446707155788317,0,0.009999181143939495
angle,1780511856674083623,0.000447842903668061,0,0.009999321773648262
angle,1780511856701509262,0.000448975275503471,0,0.009999454952776432
angle,1780511856734613254,0.000450104183983058,0,0.009999006986618042
angle,1780511856773136065,0.00045122962910682,0,0.009999576024711132
angle,1780511856809997224,0.000452351639978588,0,0.009999658912420273
angle,1780511856845338490,0.00045347012928687,0,0.009999147616326809
angle,1780511856881869367,0.000454585155239329,0,0.009999632835388184
angle,1780511856918402400,0.000455696717835963,0,0.009999320842325687
angle,1780511856954288846,0.000456804846180603,0,0.009999526664614677
angle,1780511856991186359,0.00045790956937708,0,0.009999668225646019
angle,1780511857028544111,0.000459010916529223,0,0.009999570436775684
angle,1780511857065022803,0.000460108858533204,0,0.009999385103583336
angle,1780511857101640529,0.000461203453596681,0,0.009999682195484638
angle,1780511857138973266,0.000462294672615826,0,0.009999268688261509
angle,1780511857177111298,0.000463382515590638,0,0.009999615140259266
angle,1780511857213401767,0.000464466982521117,0,0.009999219328165054
angle,1780511857250588893,0.000465548073407263,0,0.009999551810324192
angle,1780511857287606285,0.000466625730041414,0,0.00999932736158371
angle,1780511857324848439,0.000467699952423573,0,0.009999187663197517
angle,1780511857361531165,0.000468770769657567,0,0.009999251924455166
angle,1780511857397602852,0.000469838152639568,0,0.009999423287808895
angle,1780511857431887714,0.000470902130473405,0,0.009999014437198639
angle,1780511857464858135,0.000471962644951418,0,0.009999245405197144
angle,1780511857497932843,0.000473019725177437,0,0.009999808855354786
angle,1780511857532192730,0.000474073400255293,0,0.009999790228903294
angle,1780511857567256322,0.000475123699288815,0,0.009999537840485573
angle,1780511857604248266,0.000476170651381835,0,0.009999476373195648
angle,1780511857641861236,0.000477214227430522,0,0.009999502450227737
angle,1780511857678555216,0.000478254427434877,0,0.009999497793614864
angle,1780511857716824560,0.000479291251394898,0,0.00999937579035759
angle,1780511857753598721,0.000480324670206755,0,0.009999413974583149
angle,1780511857791106874,0.00048135471297428,0,0.009999305009841919
angle,1780511857827875519,0.000482381350593641,0,0.009999169036746025
angle,1780511857863034317,0.000483404524857178,0,0.00999942421913147
angle,1780511857900589182,0.000484424323076382,0,0.009999674744904041
angle,1780511857936472364,0.000485440687043592,0,0.009999425150454044
angle,1780511857972327245,0.000486453645862639,0,0.009999217465519905
angle,1780511858010618928,0.000487463257741183,0,0.009999576956033707
angle,1780511858047597081,0.000488469435367733,0,0.009758038446307182
angle,1780511858085287203,0.000489469734020531,0,0.00999951921403408
angle,1780511858124315465,0.000490462582092732,0,0.009998969733715057
angle,1780511858160567496,0.000491449551191181,0,0.009999562986195087
angle,1780511858198277462,0.000492432387545705,0,0.009999390691518784
angle,1780511858234623564,0.00049341277917847,0,0.009999682195484638
angle,1780511858272939630,0.000494391832035035,0,0.009999043308198452
angle,1780511858309173856,0.000495370419230312,0,0.009999535977840424
angle,1780511858345724696,0.000496348657179624,0,0.009999367408454418
angle,1780511858382111620,0.000497326371259987,0,0.009999552741646767
angle,1780511858419025346,0.000498302862979472,0,0.009999489411711693
angle,1780511858456401745,0.000499277375638485,0,0.009999451227486134
angle,1780511858493238274,0.000500248919706792,0,0.009999016299843788
angle,1780511858530285805,0.000501216563861817,0,0.009999306872487068
angle,1780511858567807286,0.000502179667819291,0,0.00999978557229042
angle,1780511858603143144,0.000503137824125588,0,0.009999385103583336
angle,1780511858640725767,0.000504090858157724,0,0.009999055415391922
angle,1780511858678760548,0.000505038886331022,0,0.009999253787100315
angle,1780511858717035494,0.000505982199683785,0,0.009999362751841545
angle,1780511858753248265,0.000506921263877302,0,0.009999449364840984
angle,1780511858790880288,0.000507856602780521,0,0.009999525733292103
angle,1780511858827007350,0.00050878879847005,0,0.009998966939747334
angle,1780511858863333268,0.000509718141984195,0,0.009999350644648075
angle,1780511858900346674,0.00051064498256892,0,0.00999924261122942
angle,1780511858936538916,0.000511569436639547,0,0.00999883096665144
angle,1780511858973984478,0.000512491445988417,0,0.009999376721680164
angle,1780511859010345406,0.000513410835992545,0,0.009999475441873074
angle,1780511859048239653,0.000514327373821288,0,0.009999305941164494
angle,1780511859084405755,0.000515240768436342,0,0.009998925030231476
angle,1780511859121029573,0.000516150787007064,0,0.009999624453485012
angle,1780511859156732198,0.000517057138495147,0,0.009999589063227177
angle,1780511859196194284,0.000517959706485271,0,0.009998744353652
angle,1780511859221705280,0.000518858316354454,0,0.009998965077102184
angle,1780511859249431888,0.000519753142725676,0,0.009999681264162064
angle,1780511859280066931,0.000520644127391279,0,0.010000155307352543
angle,1780511859313816736,0.000521531386766583,0,0.009999580681324005
angle,1780511859348884203,0.000522415153682232,0,0.009999468922615051
angle,1780511859385620094,0.000523295602761209,0,0.009999364614486694
angle,1780511859422806239,0.000524172850418836,0,0.00999927893280983
angle,1780511859460943479,0.000525047013070434,0,0.009999050758779049
angle,1780511859498897847,0.000525918090716004,0,0.00999893993139267
angle,1780511859535391856,0.000526786083355546,0,0.009999621659517288
angle,1780511859573603409,0.00052765104919672,0,0.009999038651585579
angle,1780511859609356997,0.000528512813616544,0,0.009999402798712254
angle,1780511859644545218,0.000529371260199696,0,0.009999578818678856
angle,1780511859682832699,0.000530226447153836,0,0.009999065659940243
angle,1780511859719269076,0.000531078199855983,0,0.00999955553561449
angle,1780511859754963382,0.000531926518306136,0,0.009999578818678856
angle,1780511859792693980,0.000532771286088973,0,0.009999453090131283
angle,1780511859828309094,0.000533612619619817,0,0.009999500587582588
angle,1780511859866519021,0.000534450402483344,0,0.009999510832130909
angle,1780511859902364447,0.000535284809302539,0,0.009999437257647514
angle,1780511859939589321,0.0005361158400774,0,0.009999517351388931
angle,1780511859975611330,0.000536943494807929,0,0.00999805610626936
angle,1780511860011800160,0.000537767831701785,0,0.009999293833971024
angle,1780511860048287015,0.000538588908966631,0,0.009999453090131283
angle,1780511860083789379,0.000539406726602465,0,0.009999539703130722
angle,1780511860120159849,0.000540221284609288,0,0.009998863562941551
angle,1780511860156522801,0.0005410325829871,0,0.00999931339174509
angle,1780511860192703748,0.000541840679943562,0,0.009999493137001991
angle,1780511860229770027,0.000542645459063351,0,0.009999017231166363
angle,1780511860266303693,0.000543446920346469,0,0.00999927893280983
angle,1780511860305337182,0.000544245063792914,0,0.009999523870646954
angle,1780511860341774795,0.000545039889402688,0,0.009999539703130722
angle,1780511860377864667,0.000545831338968128,0,0.00999946054071188
angle,1780511860417920819,0.000546619470696896,0,0.009999762289226055
angle,1780511860455328817,0.000547404284588993,0,0.009999132715165615
angle,1780511860491983398,0.000548185722436756,0,0.009999383240938187
angle,1780511860528399987,0.000548963842447847,0,0.009998517110943794
angle,1780511860566224245,0.000549738586414605,0,0.00999903492629528
angle,1780511860604066385,0.000550510012544692,0,0.009999494068324566
angle,1780511860641125088,0.000551278179045767,0,0.009999477304518223
angle,1780511860678773718,0.00055204302771017,0,0.009999156929552555
angle,1780511860714723909,0.0005528045585379,0,0.009998951107263565
angle,1780511860751027651,0.000553562887944281,0,0.00999945867806673
angle,1780511860788591601,0.00055431789951399,0,0.00999966636300087
angle,1780511860825932694,0.000555069651454687,0,0.009999438188970089
angle,1780511860861830573,0.000555818085558712,0,0.009999260306358337
angle,1780511860899484199,0.000556563318241388,0,0.00999941024929285
angle,1780511860936712077,0.000557305233087391,0,0.009999142028391361
angle,1780511860972646347,0.000558043888304383,0,0.009999559260904789
angle,1780511861010102563,0.000558779225684702,0,0.00999975111335516
angle,1780511861048674468,0.000559511303436011,0,0.009998994879424572
angle,1780511861082023298,0.000560240063350648,0,0.009999403730034828
angle,1780511861115034091,0.000560965505428612,0,0.009999740868806839
angle,1780511861150190833,0.000561687687877566,0,0.009999520145356655
angle,1780511861185784985,0.000562406552489847,0,0.009999600239098072
angle,1780511861220911507,0.000563122215680778,0,0.009999481029808521
angle,1780511861256079195,0.000563834502827376,0,0.00999950896948576
angle,1780511861292927165,0.000564543588552624,0,0.00999913364648819
angle,1780511861332049709,0.000565249414648861,0,0.009998995810747147
angle,1780511861368257029,0.000565951922908425,0,0.009999125264585018
angle,1780511861405000785,0.000566651171538979,0,0.009998860768973827
angle,1780511861441280500,0.000567347218748182,0,0.009999580681324005
angle,1780511861477234384,0.000568039948120713,0,0.009999166242778301
angle,1780511861514010279,0.000568729417864233,0,0.009998410940170288
angle,1780511861551136127,0.000569415627978742,0,0.009999603033065796
angle,1780511861586127881,0.000570098520256579,0,0.009999440051615238
angle,1780511861623920470,0.000570778211113065,0,0.0099994707852602
angle,1780511861660961627,0.000571454642340541,0,0.0099994707852602
angle,1780511861697918794,0.000572127872146666,0,0.00999937392771244
angle,1780511861724347752,0.000572797900531441,0,0.00999873224645853
angle,1780511861749274347,0.000573464611079544,0,0.009999450296163559
angle,1780511861785904576,0.000574128120206296,0,0.00999949686229229
angle,1780511861819871487,0.000574788427911699,0,0.00999957975000143
angle,1780511861856825296,0.00057544547598809,0,0.009999486617743969
angle,1780511861891859948,0.00057609926443547,0,0.009999439120292664
angle,1780511861927986457,0.000576749793253839,0,0.009999561123549938
angle,1780511861962620448,0.000577397120650858,0,0.009999368339776993
angle,1780511861995285795,0.000578041188418865,0,0.009999887086451054
angle,1780511862031120660,0.000578682112973183,0,0.009999215602874756
angle,1780511862068244464,0.00057931971969083,0,0.009999495930969715
angle,1780511862104919078,0.000579954124987125,0,0.009999136440455914
angle,1780511862140163940,0.000580585328862071,0,0.009999562054872513
angle,1780511862176855388,0.000581213331315666,0,0.009999263100326061
angle,1780511862213004861,0.000581838074140251,0,0.009999442845582962
angle,1780511862249226331,0.000582459557335824,0,0.009999234229326248
angle,1780511862286290355,0.000583077897317708,0,0.009999658912420273
angle,1780511862322275185,0.00058369297767058,0,0.009999372996389866
angle,1780511862359445284,0.000584304856602103,0,0.009999234229326248
angle,1780511862395817560,0.000584913534112275,0,0.009999697096645832
angle,1780511862434745189,0.000585519010201097,0,0.009999159723520279
angle,1780511862470477278,0.000586121284868568,0,0.009999522008001804
angle,1780511862502860878,0.000586720416322351,0,0.009999876841902733
angle,1780511862535492967,0.000587316288147122,0,0.009999850764870644
angle,1780511862568478051,0.000587909016758204,0,0.009999890811741352
angle,1780511862605273504,0.000588498543947935,0,0.009999324567615986
angle,1780511862642844661,0.000589084869716316,0,0.009999577887356281
angle,1780511862681085113,0.000589668052271008,0,0.009999404661357403
angle,1780511862718845614,0.00059024803340435,0,0.009999309666454792
angle,1780511862756126721,0.000590824813116342,0,0.009999370202422142
angle,1780511862791989613,0.000591398740652949,0,0.010004214011132717
angle,1780511862829106292,0.00059196911752224,0,0.00999950710684061
angle,1780511862864900993,0.000592536292970181,0,0.009998852387070656
angle,1780511862901003384,0.000593100325204432,0,0.00999954342842102
angle,1780511862938392924,0.000593661156017333,0,0.009999658912420273
angle,1780511862975074679,0.000594218843616545,0,0.00999925285577774
angle,1780511863012959907,0.000594773329794407,0,0.009999377653002739
angle,1780511863051471966,0.000595324672758579,0,0.009999223984777927
angle,1780511863088523426,0.000595872814301401,0,0.009999302215874195
angle,1780511863124823826,0.000596417870838195,0,0.009999190457165241
angle,1780511863160480372,0.000596959784161299,0,0.009999167174100876
angle,1780511863200999383,0.000597498496063054,0,0.00999907311052084
angle,1780511863236114105,0.000598034122958779,0,0.00999944843351841
angle,1780511863266264045,0.000598566548433155,0,0.009999453090131283
angle,1780511863292161050,0.000599095830693841,0,0.009999497793614864
angle,1780511863317315495,0.000599621969740838,0,0.009999444708228111
angle,1780511863344688501,0.000600145023781806,0,0.009999439120292664
angle,1780511863375775909,0.000600664876401424,0,0.009999561123549938
angle,1780511863410114765,0.000601181644015014,0,0.009999795816838741
angle,1780511863448033114,0.000601695210207254,0,0.009999440051615238
angle,1780511863485715082,0.000602205691393465,0,0.009999418631196022
angle,1780511863521648710,0.000602713087573647,0,0.009999292902648449
angle,1780511863558354199,0.00060321728233248,0,0.009999845176935196
angle,1780511863596574139,0.000603718392085284,0,0.009999656118452549
angle,1780511863632564890,0.000604216358624399,0,0.009999428875744343
angle,1780511863669012304,0.000604711240157485,0,0.009999489411711693
angle,1780511863704339942,0.000605202978476882,0,0.009999139234423637
angle,1780511863740777769,0.00060569157358259,0,0.009999453090131283
angle,1780511863777696396,0.000606177083682269,0,0.00999924074858427
angle,1780511863813245087,0.000606659450568259,0,0.00999879464507103
angle,1780511863849774989,0.00060713873244822,0,0.00999930128455162
angle,1780511863885792831,0.000607614929322153,0,0.009999466128647327
angle,1780511863923527100,0.000608087924774736,0,0.009999547153711319
angle,1780511863959046512,0.000608557893428952,0,0.00999951921403408
angle,1780511863995719828,0.000609024777077138,0,0.009999245405197144
angle,1780511864032859456,0.000609488575719297,0,0.009999202564358711
angle,1780511864070319642,0.000609949289355427,0,0.009999523870646954
angle,1780511864105952660,0.00061040697619319,0,0.009999421425163746
angle,1780511864141966126,0.000610861519817263,0,0.009999330155551434
angle,1780511864177231250,0.000611312978435308,0,0.009999549016356468
angle,1780511864214626084,0.000611761410254985,0,0.009999520145356655
angle,1780511864247403312,0.000612206698860973,0,0.009999455884099007
angle,1780511864281787973,0.000612648960668594,0,0.009999353438615799
angle,1780511864314120689,0.000613088137470186,0,0.009999888017773628
angle,1780511864349991950,0.000613524229265749,0,0.009999796748161316
angle,1780511864386313953,0.000613957294262946,0,0.009999757632613182
angle,1780511864423295818,0.000614387274254113,0,0.009999388828873634
angle,1780511864461598120,0.000614814227446914,0,0.009999260306358337
angle,1780511864499237944,0.000615238095633686,0,0.009999506175518036
angle,1780511864535475747,0.00061565893702209,0,0.009999588131904602
angle,1780511864656599052,0.000616076693404466,1,0.009999540634453297
angle,1780511866292837987,0.035123441368341446,0,0.015396108850836754
angle,1780511866329538274,0.033355917781591415,0,0.009999602101743221
angle,1780511866364899643,0.02799779362976551,0,0.009999571368098259
angle,1780511866400231581,0.020221885293722153,0,0.009999539703130722
angle,1780511866438522811,0.011400042101740837,0,0.009999549016356468
angle,1780511866475151880,0.002878417260944843,0,0.009998979046940804
angle,1780511866510635648,-0.004210547544062138,0,0.009998952969908714
angle,1780511866546331416,-0.009081758558750153,0,0.009999671950936317
angle,1780511866582052754,-0.01136309839785099,0,0.009999517351388931
angle,1780511866616592252,-0.011093677021563053,0,0.009999480098485947
angle,1780511866653599595,-0.008663971908390522,0,0.009999503381550312
angle,1780511866689587697,-0.004714342765510082,0,0.009999504312872887
angle,1780511866725144798,-0.000012069581316609,0,0.009999249130487442
angle,1780511866754830545,0.004673617426306009,0,0.009998844936490059
angle,1780511866780197061,0.008679854683578014,0,0.009999806992709637
angle,1780511866807014800,0.011529035866260529,0,0.009999621659517288
angle,1780511866857402319,0.012552914209663868,0,0.023759733885526657
angle,1780511866892782263,0.010714886710047722,0,0.00999924074858427
angle,1780511866928505680,0.008063613437116146,0,0.009999077767133713
angle,1780511866965934996,0.00507638230919838,0,0.009998979978263378
angle,1780511867004106064,0.002214847365394235,0,0.009998898021876812
angle,1780511867042589880,-0.000137994822580367,0,0.009998953901231289
angle,1780511867079846652,-0.001721558044664562,0,0.009999468922615051
angle,1780511867116266373,-0.002418224466964602,0,0.009999113157391548
angle,1780511867153058677,-0.002250751713290811,0,0.009998947381973267
angle,1780511867189647630,-0.001360380905680358,0,0.009999518282711506
angle,1780511867226100939,0.000028846163331764,0,0.009998848661780357
angle,1780511867265868256,0.001652774168178439,0,0.009999710135161877
angle,1780511867302259265,0.003249628935009241,0,0.009999276138842106
angle,1780511867339348676,0.004596593789756298,0,0.009999469853937626
angle,1780511867376883690,0.0055360347032547,0,0.009999499656260014
angle,1780511867414325888,0.005988921038806438,0,0.009999477304518223
angle,1780511867454551811,0.005955423228442669,0,0.009999413974583149
angle,1780511867491247151,0.005504291970282793,0,0.009997992776334286
angle,1780511867525213037,0.004753964953124523,0,0.009999282658100128
angle,1780511867558389332,0.003849202068522573,0,0.009999671019613743
angle,1780511867591236302,0.002937160898000002,0,0.009999810717999935
angle,1780511867624885859,0.00214632716961205,0,0.009999830275774002
angle,1780511867659566914,0.001570891006849706,0,0.009999677538871765
angle,1780511867697565529,0.001262075500562787,0,0.00999970082193613
angle,1780511867734680283,0.001226668013259768,0,0.009999302215874195
angle,1780511867771236066,0.001432011835277081,0,0.009999549016356468
angle,1780511867808704300,0.001815886003896594,0,0.009999621659517288
angle,1780511867845371978,0.002299240324646235,0,0.009999677538871765
angle,1780511867883127235,0.002799589186906815,0,0.009999592788517475
angle,1780511867920270722,0.003243098733946681,0,0.00999919231981039
angle,1780511867958577011,0.003573847701773047,0,0.009998895227909088
angle,1780511867994320158,0.003759300103411078,0,0.009999044239521027
angle,1780511868030898342,0.003791749244555831,0,0.009999367408454418
angle,1780511868066688875,0.003686095587909222,0,0.009999330155551434
angle,1780511868102901055,0.003474713070318103,0,0.009999354369938374
angle,1780511868140012854,0.003200537757948041,0,0.009999353438615799
angle,1780511868178399829,0.002909612376242876,0,0.0099995331838727
angle,1780511868215399692,0.002644171938300133,0,0.009999463334679604
angle,1780511868251355153,0.002437199000269175,0,0.00999948475509882
angle,1780511868287948998,0.002309022471308708,0,0.009999414905905724
angle,1780511868325014408,0.002266133902594447,0,0.009998997673392296
angle,1780511868363142591,0.002302138367667794,0,0.009999500587582588
angle,1780511868399800195,0.002400374505668879,0,0.009999444708228111
angle,1780511868439979192,0.002537642372772098,0,0.009999171830713749
angle,1780511868479191291,0.002688341774046421,0,0.009998549707233906
angle,1780511868516393146,0.0028284159488976,0,0.009999466128647327
angle,1780511868552585322,0.002938520861789584,0,0.009999123401939869
angle,1780511868590535986,0.003006131388247013,0,0.009999368339776993
angle,1780511868627545896,0.003026391612365842,0,0.009999208152294159
angle,1780511868665913600,0.003001768607646227,0,0.00999838300049305
angle,1780511868702838874,0.002940725767984986,0,0.009999142028391361
angle,1780511868740146689,0.002855726052075624,0,0.009999074041843414
angle,1780511868777790218,0.002760942559689283,0,0.009999310597777367
angle,1780511868815979944,0.00267002684995532,0,0.009999597445130348
angle,1780511868854455488,0.002594259800389409,0,0.009999273344874382
angle,1780511868893150173,0.002541271969676018,0,0.009999409317970276
angle,1780511868930593346,0.002514463849365711,0,0.009998875670135021
angle,1780511868968061150,0.002513088518753648,0,0.009999589063227177
angle,1780511869005046184,0.00253291567787528,0,0.009999241679906845
angle,1780511869041838841,0.002567291958257556,0,0.009999600239098072
angle,1780511869077249210,0.002608403097838163,0,0.009999381378293037
angle,1780511869114222711,0.002648534020408988,0,0.009999440051615238
angle,1780511869150065763,0.002681140555068851,0,0.009999499656260014
angle,1780511869186778398,0.002701615914702415,0,0.009999062865972519
angle,1780511869227517176,0.002707679755985737,0,0.009999330155551434
angle,1780511869257016094,0.002699389588087797,0,0.00999956764280796
angle,1780511869282078588,0.00267881853505969,0,0.009999321773648262
angle,1780511869314202804,0.002649493049830198,0,0.009999778121709824
angle,1780511869347082460,0.002615701174363494,0,0.009999818168580532
angle,1780511869380690816,0.002581786829978228,0,0.009999778121709824
angle,1780511869415397825,0.002551528392359614,0,0.009999779053032398
angle,1780511869453797494,0.002527683507651091,0,0.00999947264790535
angle,1780511869490998040,0.002511736704036593,0,0.009999419562518597
angle,1780511869531665830,0.00250386050902307,0,0.00999918021261692
angle,1780511869570176964,0.002503066090866923,0,0.009998863562941551
angle,1780511869608893380,0.00250749965198338,0,0.009999517351388931
angle,1780511869645592747,0.002514818450435996,0,0.009999278001487255
angle,1780511869682485072,0.002522586844861507,0,0.00999794527888298
angle,1780511869721035041,0.00252863229252398,0,0.00999847985804081
angle,1780511869758988394,0.002531316364184022,0,0.009999388828873634
angle,1780511869799157080,0.002529694000259042,0,0.00999930314719677
angle,1780511869829965066,0.002523553790524602,0,0.009999619796872139
angle,1780511869864602710,0.00251334928907454,0,0.00999951921403408
angle,1780511869901232444,0.002500047208741307,0,0.009999513626098633
angle,1780511869939197086,0.002484920667484403,0,0.009999425150454044
angle,1780511869975233239,0.002469330094754696,0,0.009999565780162811
angle,1780511870010350436,0.00245451950468123,0,0.009998772293329239
angle,1780511870046213361,0.002441455842927098,0,0.009999578818678856
angle,1780511870082576136,0.002430730499327183,0,0.009999728761613369
angle,1780511870118182832,0.002422526711598039,0,0.009999238885939121
angle,1780511870154675598,0.002416647505015135,0,0.009999442845582962
angle,1780511870191405899,0.002412594622001052,0,0.009999594651162624
angle,1780511870227396872,0.002409679582342505,0,0.009999285452067852
angle,1780511870263717988,0.002407146152108908,0,0.009999341331422329
angle,1780511870300204516,0.002404284896329045,0,0.009999183006584644
angle,1780511870336783971,0.002400528872385621,0,0.009999355301260948
angle,1780511870373526043,0.002395512536168098,0,0.0099985646083951
angle,1780511870408446544,0.002389097586274147,0,0.009999459609389305
angle,1780511870446519813,0.00238136132247746,0,0.00999948475509882
angle,1780511870482703300,0.002372557763010263,0,0.009998963214457035
angle,1780511870519139194,0.00236305664293468,0,0.009999128989875317
angle,1780511870555572146,0.002353277523070574,0,0.009999330155551434
angle,1780511870590755981,0.002343622501939535,0,0.00999895017594099
angle,1780511870626599400,0.002334423363208771,0,0.009998749010264874
angle,1780511870663850372,0.002325902692973614,0,0.00999932736158371
angle,1780511870702912446,0.002317394129931927,0,0.011044152081012726
angle,1780511870738140677,0.002310139592736959,0,0.01051132008433342
angle,1780511870775020123,0.002303858054801822,0,0.009999926201999187
angle,1780511870812453375,0.002297969767823815,0,0.009999409317970276
angle,1780511870849235283,0.002292240969836712,0,0.009959328919649124
angle,1780511870885241024,0.002286447212100029,0,0.009999546222388744
angle,1780511870922892857,0.002280404325574636,0,0.009999534115195274
angle,1780511870961406740,0.002273986814543605,0,0.009999184869229794
angle,1780511871000953778,0.002267139032483101,0,0.009999294765293598
angle,1780511871034359020,0.002259873552247882,0,0.009999382309615612
angle,1780511871066356935,0.002252260455861688,0,0.00999953132122755
angle,1780511871103031979,0.002244409639388323,0,0.009999139234423637
angle,1780511871140611340,0.002236450091004372,0,0.009999487549066544
angle,1780511871173945478,0.002228509169071913,0,0.009999522939324379
angle,1780511871206881756,0.002220694907009602,0,0.009999711997807026
angle,1780511871240617744,0.002213082741945982,0,0.009999741800129414
angle,1780511871276182172,0.002205710159614682,0,0.00999973900616169
angle,1780511871312283411,0.002198576461523771,0,0.009999225847423077
angle,1780511871348893368,0.002191647188737988,0,0.009999305009841919
angle,1780511871384933539,0.002184863900765777,0,0.009999561123549938
angle,1780511871420664645,0.002178156282752752,0,0.009999397210776806
angle,1780511871458337348,0.002171452855691314,0,0.009999268688261509
angle,1780511871494693837,0.002164690755307674,0,0.009999173693358898
angle,1780511871531586502,0.002157825278118253,0,0.009998049587011337
angle,1780511871568398093,0.002150831744074821,0,0.009998911060392857
angle,1780511871603652000,0.0021437075920403,0,0.009999563917517662
angle,1780511871639164529,0.002136469120159745,0,0.009999305941164494
angle,1780511871676918810,0.002129147294908762,0,0.009998935274779797
angle,1780511871714033189,0.00212178030051291,0,0.009999333880841732
angle,1780511871750243533,0.002114408416673541,0,0.009999368339776993
angle,1780511871787090513,0.002107067499309778,0,0.009999427013099194
angle,1780511871813464298,0.002099784556776285,0,0.0099995918571949
angle,1780511871837911883,0.002092575188726187,0,0.00999937579035759
angle,1780511871872946159,0.00208544242195785,0,0.009999614208936691
angle,1780511871909235639,0.002078379271551967,0,0.009999573230743408
angle,1780511871946285017,0.002071369905024767,0,0.009999360889196396
angle,1780511871983960033,0.002064392901957035,0,0.00999920628964901
angle,1780511872021025995,0.002057426143437624,0,0.009999264031648636
angle,1780511872057992803,0.002050448907539248,0,0.009999383240938187
angle,1780511872094952305,0.002043445827439427,0,0.009999791160225868
angle,1780511872132651419,0.002036406891420484,0,0.009998572058975697
angle,1780511872170944006,0.00202932907268405,0,0.009999439120292664
angle,1780511872208794903,0.00202221586368978,0,0.009999452158808708
angle,1780511872245760641,0.002015075413510203,0,0.009999378584325314
angle,1780511872283596847,0.002007919130846858,0,0.009999233298003674
angle,1780511872320438170,0.002000759588554502,0,0.0099993497133255
angle,1780511872357502359,0.001993608428165317,0,0.009999354369938374
angle,1780511872394335273,0.001986474962905049,0,0.009998383931815624
angle,1780511872431934966,0.001979365246370435,0,0.009999280795454979
angle,1780511872469783443,0.001972281606867909,0,0.009998204186558723
angle,1780511872506249350,0.001965222647413611,0,0.00999955739825964
angle,1780511872544190830,0.001958184409886599,0,0.009999346919357777
angle,1780511872577951176,0.001951160724274814,0,0.00999944843351841
angle,1780511872611011790,0.001944144605658948,0,0.009999660775065422
angle,1780511872645060098,0.001937129534780979,0,0.009999532252550125
angle,1780511872680183734,0.001930109923705459,0,0.009999589063227177
angle,1780511872715882693,0.001923082047142088,0,0.009999459609389305
angle,1780511872754876869,0.001916044508107007,0,0.009999562054872513
angle,1780511872796772937,0.001908997888676822,0,0.009999245405197144
angle,1780511872834129691,0.001901944167912006,0,0.009999376721680164
angle,1780511872870609602,0.00189488660544157,0,0.009999267756938934
angle,1780511872907997182,0.001887829159386456,0,0.009998181834816933
angle,1780511872963103913,0.001880775671452284,0,0.00999925285577774
angle,1780511872999290601,0.001873729517683387,0,0.009999353438615799
angle,1780511873035472827,0.001866692677140236,0,0.00999891385436058
angle,1780511873072909997,0.001859666313976049,0,0.00999924261122942
angle,1780511873110522392,0.001852650544606149,0,0.009999237954616547
angle,1780511873150814096,0.001845644088461995,0,0.009998925030231476
angle,1780511873191624916,0.001838645315729082,0,0.009998942725360394
angle,1780511873232906558,0.001831652014516294,0,0.009999429807066917
angle,1780511873271265382,0.001824662205763161,0,0.009999449364840984
angle,1780511873310401824,0.001817674026824534,0,0.009999409317970276
angle,1780511873346398887,0.001810685964301229,0,0.009999323636293411
angle,1780511873382659391,0.001803697785362601,0,0.009999234229326248
angle,1780511873419385106,0.001796709024347365,0,0.009998859837651253
angle,1780511873457033754,0.001789720496162772,0,0.009999368339776993
angle,1780511873493230823,0.001782733132131398,0,0.009999272413551807
angle,1780511873530231387,0.001775747863575816,0,0.009999494068324566
angle,1780511873566661399,0.001768766320310533,0,0.009999467991292477
angle,1780511873603063814,0.001761789433658123,0,0.009999199770390987
angle,1780511873638748531,0.001754817902110517,0,0.00999945867806673
angle,1780511873676617823,0.001747852307744324,0,0.009999576956033707
angle,1780511873713292709,0.001740892534144223,0,0.009998723864555359
angle,1780511873749240545,0.001733938814140856,0,0.009999321773648262
angle,1780511873784998045,0.001726990449242294,0,0.00999933760613203
angle,1780511873822306406,0.001720046740956604,0,0.009999295696616173
angle,1780511873859556774,0.001713107107207179,0,0.009999236091971397
angle,1780511873896189748,0.00170617108233273,0,0.009999508038163185
angle,1780511873932949116,0.001699237967841327,0,0.009999469853937626
angle,1780511873968026718,0.001692307647317648,0,0.009999457746744156
angle,1780511874005077227,0.001685380004346371,0,0.009999644942581654
angle,1780511874042164549,0.001678455388173461,0,0.009999261237680912
angle,1780511874077685942,0.001671533915214241,0,0.009998978115618229
angle,1780511874115570279,0.001664615934714675,0,0.009999400936067104
angle,1780511874151002444,0.00165770179592073,0,0.009999152272939682
angle,1780511874186492397,0.001650792080909014,0,0.009999236091971397
angle,1780511874224522973,0.001643886906094849,0,0.009999186731874943
angle,1780511874257548936,0.001636986504308879,0,0.00999908521771431
angle,1780511874293232408,0.001630090991966426,0,0.009999925270676613
angle,1780511874324888170,0.00162320036906749,0,0.009999523870646954
angle,1780511874359720128,0.001616314519196749,0,0.009999887086451054
angle,1780511874391573753,0.001609433209523559,0,0.009999801404774189
angle,1780511874426089141,0.001602556207217276,0,0.009999780915677547
angle,1780511874464248979,0.001595683279447258,0,0.009999280795454979
angle,1780511874500703010,0.001588814309798181,0,0.009999416768550873
angle,1780511874536844655,0.001581949298270047,0,0.009998124092817307
angle,1780511874572956883,0.001575088361278176,0,0.009998943656682968
angle,1780511874610185716,0.001568231615237892,0,0.009999438188970089
angle,1780511874646658093,0.001561379060149193,0,0.009999306872487068
angle,1780511874682940111,0.001554530812427402,0,0.009999599307775497
angle,1780511874721635377,0.00154768698848784,0,0.009999391622841358
angle,1780511874758161269,0.001540847821161151,0,0.009999217465519905
angle,1780511874795965463,0.001534013194032013,0,0.009999653324484825
angle,1780511874833798360,0.001527183456346393,0,0.009999201633036137
angle,1780511874870575314,0.001520358142443001,0,0.00999949499964714
angle,1780511874907172944,0.001513531431555748,0,0.010008463636040688
angle,1780511874944839661,0.001506715780124068,0,0.009999401867389679
angle,1780511874981294246,0.00149990466888994,0,0.009999321773648262
angle,1780511875018226348,0.001493098097853363,0,0.009999346919357777
angle,1780511875055853458,0.00148629629984498,0,0.009999333880841732
angle,1780511875092866189,0.001479499042034149,0,0.009999023750424385
angle,1780511875127917253,0.001472706440836191,0,0.009999661706387997
angle,1780511875162539950,0.001465918496251106,0,0.00999949686229229
angle,1780511875198760424,0.001459135324694216,0,0.009999294765293598
angle,1780511875234046777,0.001452356926165521,0,0.009999360889196396
angle,1780511875271049563,0.001445583184249699,0,0.009999466128647327
angle,1780511875306962763,0.001438814215362072,0,0.009999473579227924
angle,1780511875343835084,0.001432050135917962,0,0.009999394416809082
angle,1780511875378264410,0.001425290829502046,0,0.009999681264162064
angle,1780511875416052892,0.001418536412529647,0,0.009999354369938374
angle,1780511875454818277,0.001411787001416087,0,0.009999367408454418
angle,1780511875491704053,0.001405042596161366,0,0.009999314323067665
angle,1780511875528461405,0.001398303196765482,0,0.009999573230743408
angle,1780511875564779627,0.001391568686813116,0,0.009998731315135956
angle,1780511875601460918,0.00138483929913491,0,0.009999241679906845
angle,1780511875637892150,0.001378114917315543,0,0.009998859837651253
angle,1780511875675064039,0.001371395657770336,0,0.009999341331422329
angle,1780511875710132135,0.001364681520499289,0,0.009999348782002926
angle,1780511875747109433,0.001357972505502403,0,0.009999541565775871
angle,1780511875784202497,0.001351268496364355,0,0.009999358095228672
angle,1780511875822971790,0.001344569609500468,0,0.009999050758779049
angle,1780511875858602649,0.001337875728495419,0,0.00999977346509695
angle,1780511875897053665,0.001331187086179852,0,0.00999834667891264
angle,1780511875934328164,0.001324503566138446,0,0.00999949499964714
angle,1780511875971987809,0.001317825168371201,0,0.009999530389904976
angle,1780511876008511459,0.001311152009293437,0,0.00999967660754919
angle,1780511876045577497,0.001304484205320477,0,0.00999897439032793
angle,1780511876081486256,0.001297821640037,0,0.009999371133744717
angle,1780511876116341399,0.001291164313443005,0,0.009999329224228859
angle,1780511876153510111,0.001284512341953814,0,0.009999565780162811
angle,1780511876189773733,0.001277865725569427,0,0.009998669847846031
angle,1780511876226876164,0.001271224580705166,0,0.009999318048357964
angle,1780511876263185580,0.001264588674530387,0,0.009999440051615238
angle,1780511876299981533,0.001257958239875734,0,0.009999376721680164
angle,1780511876337073620,0.001251333276741207,0,0.009999412111938
angle,1780511876375336596,0.001244713668711483,0,0.009999236091971397
angle,1780511876411629298,0.001238099532201886,0,0.009999376721680164
angle,1780511876447655670,0.001231490867212415,0,0.009998969733715057
angle,1780511876478495092,0.001224887673743069,0,0.009999682195484638
angle,1780511876510323986,0.001218290068209171,0,0.00999961793422699
angle,1780511876543985112,0.001211697934195399,0,0.009999788366258144
angle,1780511876577557756,0.001205111271701753,0,0.009999701753258705
angle,1780511876613675007,0.001198530197143555,0,0.009999715723097324
angle,1780511876649788571,0.00119195447769016,0,0.009999235160648823
angle,1780511876685547544,0.001185384346172214,0,0.009999029338359833
angle,1780511876724560205,0.001178819919005036,0,0.009999445639550686
angle,1780511876762493574,0.001172261196188629,0,0.009999058209359646
angle,1780511876798790288,0.001165708294138312,0,0.009999428875744343
angle,1780511876830903419,0.001159161096438766,0,0.009999478235840797
angle,1780511876859837340,0.00115261971950531,0,0.009999513626098633
angle,1780511876886182046,0.001146084163337946,0,0.009999485686421394
angle,1780511876921497252,0.001139554427936673,0,0.009999355301260948
angle,1780511876958828581,0.00113303039688617,0,0.009999087080359459
angle,1780511876995244862,0.001126512070186436,0,0.009999092668294907
angle,1780511877031661828,0.001119999564252794,0,0.009999449364840984
angle,1780511877068949842,0.001113492995500565,0,0.009999486617743969
angle,1780511877105565865,0.001106992247514427,0,0.009999028407037258
angle,1780511877140578489,0.00110049732029438,0,0.009999558329582214
angle,1780511877173335440,0.001094008213840425,0,0.009999493137001991
angle,1780511877209562781,0.001087525044567883,0,0.00999942421913147
angle,1780511877246233558,0.001081047696061432,0,0.00999912153929472
angle,1780511877283501167,0.001074576284736395,0,0.009999686852097511
angle,1780511877318246726,0.001068110810592771,0,0.009999223053455353
angle,1780511877354587433,0.001061651506461203,0,0.009999321773648262
angle,1780511877390875215,0.001055198255926371,0,0.00999933760613203
angle,1780511877429720783,0.001048750942572951,0,0.00999861117452383
angle,1780511877469003106,0.001042309682816267,0,0.00999908335506916
angle,1780511877507838537,0.001035874709486961,0,0.009999440982937813
angle,1780511877544098967,0.001029445789754391,0,0.00999914389103651
angle,1780511877581480274,0.001023023040033877,0,0.009999359026551247
angle,1780511877616909376,0.001016606227494776,0,0.009998373687267303
angle,1780511877648817082,0.001010195701383054,0,0.00999926682561636
angle,1780511877681198693,0.001003791461698711,0,0.00999989453703165
angle,1780511877713752751,0.000997393275611103,0,0.009999830275774002
angle,1780511877747809852,0.000991001259535551,0,0.009999794885516167
angle,1780511877784121430,0.000984615297056735,0,0.009999014437198639
angle,1780511877821029378,0.000978235271759331,0,0.00999954342842102
angle,1780511877856932224,0.000971861649304628,0,0.00999930128455162
angle,1780511877892972287,0.000965494022239,0,0.009998849593102932
angle,1780511877930137563,0.00095913273980841,0,0.009999471716582775
angle,1780511877966223984,0.000952777802012861,0,0.0099994707852602
angle,1780511878003803953,0.000946429383475333,0,0.009999328292906284
angle,1780511878038989147,0.000940087367780507,0,0.009999397210776806
angle,1780511878076702510,0.000933751638513058,0,0.009998664259910583
angle,1780511878116000753,0.000927422428503633,0,0.009999699890613556
angle,1780511878149372643,0.00092109979595989,0,0.009999174624681473
angle,1780511878185397197,0.000914783508051187,0,0.009999489411711693
angle,1780511878221567834,0.000908473622985184,0,0.00999908335506916
angle,1780511878258586577,0.000902170198969543,0,0.0099994707852602
angle,1780511878296540367,0.000895873177796602,0,0.009999103844165802
angle,1780511878333913905,0.000889582501258701,0,0.009999320842325687
angle,1780511878370402183,0.000883298402186483,0,0.009999442845582962
angle,1780511878407659303,0.000877020764164627,0,0.009999336674809456
angle,1780511878445985876,0.00087074947077781,0,0.009999479167163372
angle,1780511878483700089,0.000864484754856676,0,0.009999599307775497
angle,1780511878521684061,0.000858226616401225,0,0.00999925285577774
angle,1780511878558493645,0.000851975113619119,0,0.009999183937907219
angle,1780511878596277610,0.000845730130095035,0,0.009999183006584644
angle,1780511878633696545,0.000839491724036634,0,0.009999159723520279
angle,1780511878670158732,0.00083326012827456,0,0.009999341331422329
angle,1780511878707832472,0.000827035109978169,0,0.009999549947679043
angle,1780511878745176275,0.000820816843770444,0,0.009999614208936691
angle,1780511878783528043,0.000814605387859046,0,0.009998985566198826
angle,1780511878819679225,0.000808400451205671,0,0.009999658912420273
angle,1780511878855700083,0.000802202441263944,0,0.009998856112360954
angle,1780511878891380500,0.0007960110087879,0,0.009999442845582962
angle,1780511878928770945,0.000789826386608183,0,0.009999437257647514
angle,1780511878966786579,0.000783648458309472,0,0.009998402558267117
angle,1780511879003230243,0.000777477282099426,0,0.009999478235840797
angle,1780511879040920461,0.000771312974393368,0,0.009999414905905724
angle,1780511879079778345,0.000765155535191298,0,0.00999936368316412
angle,1780511879116285548,0.000759004906285554,0,0.009998598136007786
angle,1780511879154031325,0.000752861087676138,0,0.009999479167163372
angle,1780511879191334303,0.000746724253986031,0,0.009999280795454979
angle,1780511879229350619,0.00074059417238459,0,0.00999940000474453
angle,1780511879265668792,0.000734470901079476,0,0.009998824447393417
angle,1780511879291038961,0.000728354672901332,0,0.009999857284128666
angle,1780511879326104942,0.000722245371434838,0,0.009999653324484825
angle,1780511879360976085,0.000716142996679991,0,0.009998573921620846
angle,1780511879396150861,0.000710047606844455,0,0.009999590925872326
angle,1780511879432507910,0.000703959085512906,0,0.00999948475509882
angle,1780511879469968451,0.000697877549100667,0,0.00999905914068222
angle,1780511879510065274,0.000691802881192416,0,0.00999928917735815
angle,1780511879548772051,0.000685735372826457,0,0.009998952969908714
angle,1780511879583935792,0.000679674791172147,0,0.009999659843742847
angle,1780511879619824499,0.000673621369060129,0,0.009999479167163372
angle,1780511879654990377,0.000667575106490403,0,0.009999186731874943
angle,1780511879690546299,0.000661535887047648,0,0.00999942235648632
angle,1780511879726538972,0.000655503652524203,0,0.009999358095228672
angle,1780511879764928944,0.000649478519335389,0,0.009999274276196957
angle,1780511879801130022,0.000643460603896528,0,0.00999952107667923
angle,1780511879837363595,0.000637449789792299,0,0.009999058209359646
angle,1780511879874139212,0.000631446193438023,0,0.009999423287808895
angle,1780511879911291225,0.000625449814833701,0,0.009999296627938747
angle,1780511879946948136,0.000619460653979331,0,0.009999076835811138
angle,1780511879983166651,0.000613478652667254,0,0.009998921304941177
angle,1780511880019063060,0.00060750381089747,0,0.009999539703130722
angle,1780511880052386755,0.000601536361500621,0,0.00999776367098093
angle,1780511880087586630,0.000595576129853725,0,0.009999255649745464
angle,1780511880126046843,0.000589623290579766,0,0.009999498724937439
angle,1780511880163467237,0.000583677785471082,0,0.00999927893280983
angle,1780511880199743634,0.00057773943990469,0,0.009999353438615799
angle,1780511880234612407,0.000571808428503573,0,0.009999417699873447
angle,1780511880272064345,0.000565884634852409,0,0.009999570436775684
angle,1780511880307376428,0.000559968058951199,0,0.009999607689678669
angle,1780511880344877034,0.000554058817215264,0,0.009999381378293037
angle,1780511880385148117,0.000548156851436943,0,0.009999440051615238
angle,1780511880423836851,0.000542262278031558,0,0.009999225847423077
angle,1780511880463489085,0.000536375038791448,0,0.009998942725360394
angle,1780511880501230179,0.000530495250131935,0,0.009999174624681473
angle,1780511880539606814,0.000524622853845358,0,0.009999281726777554
angle,1780511880577134409,0.0005187580245547,0,0.009999043308198452
angle,1780511880615941524,0.00051290076225996,0,0.00999957975000143
angle,1780511880650754726,0.000507050950545818,0,0.009999354369938374
angle,1780511880687679398,0.000501208531204611,0,0.009999214671552181
angle,1780511880728346112,0.000495373678859323,0,0.009999452158808708
angle,1780511880767025150,0.000489546277094632,0,0.009999129921197891
angle,1780511880803655345,0.000483724783407524,0,0.010001721791923046
angle,1780511880839977570,0.000477912544738501,0,0.009999296627938747
angle,1780511880876296479,0.000472107785753906,0,0.009999595582485199
angle,1780511880913010102,0.000466310710180551,0,0.009999236091971397
angle,1780511880948186723,0.000460521114291623,0,0.009999018162488937
angle,1780511880984990453,0.000454739027190953,0,0.009999561123549938
angle,1780511881021682856,0.000448964623501524,0,0.009999233298003674
angle,1780511881058079590,0.000443197728600353,0,0.009999388828873634
angle,1780511881095400442,0.00043743837159127,0,0.009999599307775497
angle,1780511881132582943,0.000431686610681936,0,0.009999445639550686
angle,1780511881169131080,0.000425942533183843,0,0.009999517351388931
angle,1780511881204465170,0.000420206051785499,0,0.009999476373195648
angle,1780511881236683620,0.000414477282902226,0,0.009999717585742474
angle,1780511881269394575,0.000408756255637854,0,0.009999715723097324
angle,1780511881301644827,0.000403042882680893,0,0.009999725967645645
angle,1780511881334855014,0.000397337222239003,0,0.009999722242355347
angle,1780511881372110375,0.000391639216104522,0,0.009999739937484264
angle,1780511881407601950,0.000385948835173622,0,0.009999529458582401
angle,1780511881444778230,0.000380266254069284,0,0.009999562054872513
angle,1780511881481217874,0.000374591414583847,0,0.00999952107667923
angle,1780511881518549147,0.000368924491340294,0,0.009999435395002365
angle,1780511881555659664,0.000363265338819474,0,0.009999336674809456
angle,1780511881591768762,0.000357614102540538,0,0.009998750872910023
angle,1780511881627713885,0.000351970753399655,0,0.009999029338359833
angle,1780511881663571370,0.000346335320500657,0,0.009998440742492676
angle,1780511881700005968,0.000340707862051204,0,0.00999935157597065
angle,1780511881736363628,0.000335088290739805,0,0.00999965239316225
angle,1780511881772257109,0.000329476606566459,0,0.009999457746744156
angle,1780511881808166020,0.000323872867738828,0,0.00999946054071188
angle,1780511881845033362,0.000318276986945421,0,0.009999350644648075
angle,1780511881877104072,0.000312688818667084,0,0.009999068453907967
angle,1780511881903385306,0.000307108566630632,0,0.00999897439032793
angle,1780511881930001265,0.000301536143524572,0,0.009999378584325314
angle,1780511881964841317,0.000295971578452736,0,0.009999517351388931
angle,1780511882001220617,0.000290414958726615,0,0.009999538771808147
angle,1780511882038160639,0.000284866313450038,0,0.00999939814209938
angle,1780511882073285008,0.000279325526207685,0,0.009999187663197517
angle,1780511882109922248,0.000273792771622539,0,0.00999893993139267
angle,1780511882147044184,0.000268268049694598,0,0.009998944588005543
angle,1780511882184125459,0.000262751476839185,0,0.009999441914260387
angle,1780511882221564869,0.000257242994848639,0,0.009999411180615425
angle,1780511882256668901,0.000251742399996147,0,0.009999129921197891
angle,1780511882293841056,0.000246250099735335,0,0.009999237954616547
angle,1780511882330907640,0.000240765803027898,0,0.009998811408877373
angle,1780511882368608708,0.000235289597185329,0,0.009998826310038567
angle,1780511882404210418,0.000229821584071033,0,0.009999304078519344
angle,1780511882442963486,0.000224361589062028,0,0.009999442845582962
angle,1780511882479718194,0.000218909757677466,0,0.009999033994972706
angle,1780511882517124101,0.000213465915294364,0,0.009999452158808708
angle,1780511882553162440,0.00020803022198379,0,0.009999321773648262
angle,1780511882590092550,0.000202602517674677,0,0.009999445639550686
angle,1780511882627290730,0.000197182831470855,0,0.00999913178384304
angle,1780511882664731703,0.000191771279787645,0,0.009999348782002926
angle,1780511882698728856,0.000186367877176963,0,0.00999915786087513
angle,1780511882732749419,0.000180972740054131,0,0.009999790228903294
angle,1780511882765845594,0.000175585766555741,0,0.009999820031225681
angle,1780511882799681168,0.000170206971233711,0,0.009999746456742287
angle,1780511882835000101,0.000164836383191869,0,0.009999734349548817
angle,1780511882871047712,0.000159473973326385,0,0.009999522008001804
angle,1780511882906331330,0.000154119756189175,0,0.009999265894293785
angle,1780511882944069316,0.000148773760884069,0,0.00999925285577774
angle,1780511882981581745,0.000143436031066813,0,0.009998876601457596
angle,1780511883016503880,0.000138106537633575,0,0.00999930314719677
angle,1780511883055003704,0.000132785469759256,0,0.009998739697039127
angle,1780511883093162697,0.000127472725580446,0,0.009999319911003113
angle,1780511883132491004,0.000122168348752894,0,0.009998492896556854
angle,1780511883169765688,0.000116872470243834,0,0.009998840279877186
angle,1780511883206227289,0.000111585002741776,0,0.009999369271099567
angle,1780511883244341489,0.000106305938970763,0,0.009999576956033707
angle,1780511883282238426,0.000101035227999091,0,0.009998982772231102
angle,1780511883318743449,0.000095772746135481,0,0.00999885518103838
angle,1780511883353542120,0.00009051855886355,0,0.009999120607972145
angle,1780511883391824770,0.000085272688011173,0,0.009999336674809456
angle,1780511883428315371,0.000080035009887069,0,0.009999321773648262
angle,1780511883464992769,0.000074805633630604,0,0.009999163448810577
angle,1780511883501492263,0.000069584595621563,0,0.009999405592679977
angle,1780511883540326916,0.000064371874032076,0,0.00999924261122942
angle,1780511883577836995,0.000059167541621719,0,0.009999466128647327
angle,1780511883613513645,0.000053971503803041,0,0.009999247267842293
angle,1780511883649806344,0.00004878404433839,0,0.009999452158808708
angle,1780511883686821653,0.00004360518505564,0,0.009999296627938747
angle,1780511883724810144,0.000038434667658294,0,0.009999736212193966
angle,1780511883760777297,0.000033272750442848,0,0.009999624453485012
angle,1780511883799335132,0.000028119260605308,0,0.009999798610806465
angle,1780511883836519465,0.000022974265448283,0,0.009999405592679977
angle,1780511883872459945,0.000017837735867943,0,0.009999243542551994
angle,1780511883908851499,0.000012709650945908,0,0.009999562054872513
angle,1780511883944834930,0.000007590109817102,0,0.00999943632632494
angle,1780511883981480163,0.000002479062004568,0,0.009999255649745464
angle,1780511884018549137,-0.000002623543878144,0,0.009999481029808521
angle,1780511884054663226,-0.000007717611879343,0,0.009998953901231289
angle,1780511884089378705,-0.000012803144272766,0,0.009998968802392483
angle,1780511884126028837,-0.000017880020095618,0,0.009999445639550686
angle,1780511884161899428,-0.000022948373953113,0,0.00999930314719677
angle,1780511884196870421,-0.00002800803304126,0,0.009999495930969715
angle,1780511884233555562,-0.000033059077395592,0,0.009999248199164867
angle,1780511884270813922,-0.000038101628888398,0,0.009999365545809269
angle,1780511884297393624,-0.000043135583837284,0,0.009999431669712067
angle,1780511884333907475,-0.000048160847654799,0,0.009999324567615986
angle,1780511884366818755,-0.000053177573136054,0,0.009999620728194714
angle,1780511884401154593,-0.000058185698435409,0,0.009999885223805904
angle,1780511884439963141,-0.000063185274484567,0,0.009999047964811325
angle,1780511884478451770,-0.000068176326749381,0,0.009999553672969341
angle,1780511884514338490,-0.000073158735176548,0,0.009998955763876438
angle,1780511884550258012,-0.000078132579801604,0,0.00999954529106617
angle,1780511884587957434,-0.000083097744209226,0,0.009999692440032959
angle,1780511884624035511,-0.000088054213847499,0,0.009999607689678669
angle,1780511884662196986,-0.000093001945060678,0,0.009999200701713562
angle,1780511884699804500,-0.000097940988780465,0,0.009999037720263004
angle,1780511884737167515,-0.000102871177659836,0,0.009999300353229046
angle,1780511884772372915,-0.00010779269359773,0,0.009999345988035202
angle,1780511884808528462,-0.000112705456558615,0,0.009999571368098259
angle,1780511884844697683,-0.000117609422886744,0,0.009999288246035576
angle,1780511884882771715,-0.000122504643513821,0,0.009999291971325874
angle,1780511884920131314,-0.000127391234855168,0,0.00999953132122755
angle,1780511884956963608,-0.000132269080495462,0,0.009999329224228859
angle,1780511884992128451,-0.000137138311401941,0,0.00999943446367979
angle,1780511885027998325,-0.000141998796607368,0,0.009999210946261883
angle,1780511885065947337,-0.000146850594319403,0,0.009999316185712814
angle,1780511885103555904,-0.000151693646330386,0,0.009999371133744717
angle,1780511885138801721,-0.000156527894432656,0,0.00999951921403408
angle,1780511885173996763,-0.000161353280418552,0,0.009999524801969528
angle,1780511885210718881,-0.000166169906151481,0,0.009999576024711132
angle,1780511885246130225,-0.00017097765521612,0,0.009999147616326809
angle,1780511885281161541,-0.000175776731339283,0,0.009999719448387623
angle,1780511885316136233,-0.000180566974449903,0,0.009999561123549938
angle,1780511885353259957,-0.000185348399099894,0,0.009999653324484825
angle,1780511885390742927,-0.000190120961633511,0,0.009999429807066917
angle,1780511885427814007,-0.000194884662050754,0,0.009999084286391735
angle,1780511885464775889,-0.000199639587663114,0,0.009999407455325127
angle,1780511885500361092,-0.000204385680262931,0,0.009999548085033894
angle,1780511885537776490,-0.000209122896194458,0,0.009999495930969715
angle,1780511885577541925,-0.000213851235457696,0,0.00999914389103651
angle,1780511885613792456,-0.000218570654396899,0,0.009998888708651066
angle,1780511885650620786,-0.000223281196667813,0,0.009999694302678108
angle,1780511885688356560,-0.000227982804062776,0,0.00999903492629528
angle,1780511885724611365,-0.000232675520237535,0,0.009999423287808895
angle,1780511885761059295,-0.00023735934519209,0,0.00999910943210125
angle,1780511885799058814,-0.000242034249822609,0,0.009999576956033707
angle,1780511885835853427,-0.000246700219577178,0,0.009999703615903854
angle,1780511885871276304,-0.000251357327215374,0,0.00999927893280983
angle,1780511885908807353,-0.00025600558728911,0,0.009999388828873634
angle,1780511885944074867,-0.000260644912486896,0,0.009999047964811325
angle,1780511885980619834,-0.000265275331912562,0,0.00999936368316412
angle,1780511886015050619,-0.00026989690377377,0,0.009999494068324566
angle,1780511886053098974,-0.000274509540759027,0,0.009999651461839676
angle,1780511886090580998,-0.000279113213764504,0,0.009999383240938187
angle,1780511886127804630,-0.00028370795189403,0,0.009999365545809269
angle,1780511886162959193,-0.000288293638732284,0,0.009999305009841919
angle,1780511886200139661,-0.000292870390694588,0,0.009999485686421394
angle,1780511886235365333,-0.000297438178677112,0,0.009999524801969528
angle,1780511886271717758,-0.000301996944472194,0,0.009999469853937626
angle,1780511886307226668,-0.000306546688079834,0,0.009998993948101997
angle,1780511886343995250,-0.000311087467707694,0,0.00999841745942831
angle,1780511886381154218,-0.00031561913783662,0,0.009999431669712067
angle,1780511886417296085,-0.000320141756674275,0,0.009998750872910023
angle,1780511886456229221,-0.000324655411532149,0,0.009999553672969341
angle,1780511886492083095,-0.000329159898683429,0,0.009998617693781853
angle,1780511886528917594,-0.000333655421854928,0,0.009999371133744717
angle,1780511886565104930,-0.000338141864631325,0,0.009999426081776619
angle,1780511886601026925,-0.00034261928522028,0,0.0099991699680686
angle,1780511886637516421,-0.000347087800037116,0,0.009999261237680912
angle,1780511886673727074,-0.000351547350874171,0,0.009999380446970463
angle,1780511886711331182,-0.000356005446519703,0,0.010016349144279957
angle,1780511886747696707,-0.000360447040293366,0,0.00999944657087326
angle,1780511886784828175,-0.000364879611879587,0,0.009999514557421207
angle,1780511886822251984,-0.000369303103070706,0,0.009998887777328491
angle,1780511886858867501,-0.000373717572074383,0,0.009999426081776619
angle,1780511886895239970,-0.000378122931579128,0,0.009999601170420647
angle,1780511886921861214,-0.0003825192397926,0,0.009999457746744156
angle,1780511886946403808,-0.000386906292987987,0,0.009999452158808708
angle,1780511886981684479,-0.000391284323995933,0,0.009999506175518036
angle,1780511887017174110,-0.000395653245504946,0,0.00999956764280796
angle,1780511887055401000,-0.000400012999307364,0,0.009999397210776806
angle,1780511887092121392,-0.000404363730922341,0,0.009999418631196022
angle,1780511887128778118,-0.000408705323934555,0,0.009999226778745651
angle,1780511887164779844,-0.000413037778344005,0,0.009999331086874008
angle,1780511887200279926,-0.000417361152358353,0,0.009999275207519531
angle,1780511887235709260,-0.000421675416873768,0,0.009999465197324753
angle,1780511887272002273,-0.000425980630097911,0,0.009999595582485199
angle,1780511887309520916,-0.00043027670471929,0,0.009999346919357777
angle,1780511887345629886,-0.000434563698945567,0,0.009999285452067852
angle,1780511887382984936,-0.000438841467257589,0,0.009999332018196583
angle,1780511887420471388,-0.000443110126070678,0,0.00999944657087326
angle,1780511887457634363,-0.000447369675384834,0,0.009999166242778301
angle,1780511887494897852,-0.000451619940577075,0,0.009998436085879803
angle,1780511887531311807,-0.000455861038062721,0,0.009999362751841545
angle,1780511887566350189,-0.000460092909634113,0,0.009999202564358711
angle,1780511887601727576,-0.000464315613498911,0,0.009999603033065796
angle,1780511887638590346,-0.000468529178760946,0,0.00999941024929285
angle,1780511887676234051,-0.000472733518108726,0,0.009998882189393044
angle,1780511887712503982,-0.000476928689749911,0,0.009998392313718796
angle,1780511887744936867,-0.000481114693684503,0,0.009999551810324192
angle,1780511887779364877,-0.000485291500808671,0,0.009999838657677174
angle,1780511887817052609,-0.000489459198433906,0,0.00999945867806673
angle,1780511887853633124,-0.000493617786560208,0,0.009999497793614864
angle,1780511887890588771,-0.000497767294291407,0,0.009999449364840984
angle,1780511887929358242,-0.000501907663419843,0,0.009999752044677734
angle,1780511887966561991,-0.000506038893945515,0,0.009999522939324379
angle,1780511888004643801,-0.000510160985868424,0,0.009999553672969341
angle,1780511888040541608,-0.000514273764565587,0,0.009999413043260574
angle,1780511888077864940,-0.000518377404659986,0,0.009999733418226242
angle,1780511888113706939,-0.00052247173152864,0,0.009999561123549938
angle,1780511888150521318,-0.000526556803379208,0,0.009998410008847713
angle,1780511888186914862,-0.000530632620211691,0,0.009999651461839676
angle,1780511888224509157,-0.000534699123818427,0,0.009999415837228298
angle,1780511888262481088,-0.000538756372407079,0,0.009999147616326809
angle,1780511888300314674,-0.000542804365977645,0,0.009999380446970463
angle,1780511888337494432,-0.000546843046322465,0,0.009998793713748455
angle,1780511888374907859,-0.000550884287804365,0,0.010028527118265629
angle,1780511888411444297,-0.000554904341697693,0,0.009998882189393044
angle,1780511888449762068,-0.000558915198780596,0,0.00999938603490591
angle,1780511888487052384,-0.000562916859053075,0,0.009999392554163933
angle,1780511888523680280,-0.000566909380722791,0,0.009999724105000496
angle,1780511888562135357,-0.000570892705582082,0,0.009998836554586887
angle,1780511888601556944,-0.000574866833630949,0,0.009999523870646954
angle,1780511888637571556,-0.00057883164845407,0,0.00999901257455349
angle,1780511888673050630,-0.000582787324674428,0,0.009999582543969154
angle,1780511888710838003,-0.000586733687669039,0,0.009999560192227364
angle,1780511888747059150,-0.000590670853853226,0,0.009998103603720665
angle,1780511888783879968,-0.000594598648604006,0,0.009999457746744156
angle,1780511888819384309,-0.0005985171883367,0,0.009999834932386875
angle,1780511888855402968,-0.000602426298428327,0,0.009999248199164867
angle,1780511888891721846,-0.000606326153501868,0,0.009999032132327557
angle,1780511888928028127,-0.000610216753557324,0,0.009999310597777367
angle,1780511888964254507,-0.000614098098594695,0,0.009999457746744156
angle,1780511889000707488,-0.00061797013040632,0,0.009999404661357403
angle,1780511889036511346,-0.00062183290719986,0,0.009999199770390987
angle,1780511889073711924,-0.000625686428975314,0,0.00999948289245367
angle,1780511889110032397,-0.000629530637525022,0,0.00999926682561636
angle,1780511889146610017,-0.000633365707471967,0,0.009999007917940617
angle,1780511889182758636,-0.000637191405985504,0,0.009999275207519531
angle,1780511889220983191,-0.000641007849480957,0,0.00999921839684248
angle,1780511889259728385,-0.000644815037958324,0,0.009999684989452362
angle,1780511889295602152,-0.000648612855002284,0,0.009999863803386688
angle,1780511889317894308,-0.000652401242405176,0,0.009999657981097698
angle,1780511889340197442,-0.000656180432997644,0,0.009999780915677547
angle,1780511889368110548,-0.000659950368572026,0,0.009999720379710197
angle,1780511889400719406,-0.000663711049128324,0,0.00999955553561449
angle,1780511889436373426,-0.000667462474666536,0,0.009999695234000683
angle,1780511889473961161,-0.000671204586979002,0,0.009999537840485573
angle,1780511889509272615,-0.000674937502481043,0,0.009999285452067852
angle,1780511889548466292,-0.000678661046549678,0,0.009999590925872326
angle,1780511889586102271,-0.000682375277392566,0,0.009999193251132965
angle,1780511889623562887,-0.000686080136802047,0,0.009998721070587635
angle,1780511889660275325,-0.000689775566570461,0,0.009998947381973267
angle,1780511889696526382,-0.000693461566697806,0,0.00999935157597065
angle,1780511889736565592,-0.000697138137184083,0,0.009999213740229607
angle,1780511889772749392,-0.000700805278029293,0,0.009998880326747894
angle,1780511889809929576,-0.000704463047441095,0,0.009999308735132217
angle,1780511889846713169,-0.000708111620042473,0,0.009999418631196022
angle,1780511889883700786,-0.000711750821210444,0,0.009999136440455914
angle,1780511889921890367,-0.00071538076736033,0,0.009999524801969528
angle,1780511889961197500,-0.00071900145849213,0,0.009999441914260387
angle,1780511889998599289,-0.000722612894605845,0,0.009999245405197144
angle,1780511890036050538,-0.000726215075701475,0,0.009999260306358337
angle,1780511890073142820,-0.000729807943571359,0,0.009999477304518223
angle,1780511890108590667,-0.000733391498215497,0,0.009999738074839115
angle,1780511890145613761,-0.000736965797841549,0,0.009999503381550312
angle,1780511890182359714,-0.000740530726034194,0,0.009998914785683155
angle,1780511890219903275,-0.000744086341001093,0,0.009999238885939121
angle,1780511890255171744,-0.000747632584534585,0,0.009999056346714497
angle,1780511890287934186,-0.000751169340219349,0,0.009999480098485947
angle,1780511890320873564,-0.000754696724470705,0,0.00999982189387083
angle,1780511890353534288,-0.000758214737288654,0,0.009999847039580345
angle,1780511890387612922,-0.000761723378673196,0,0.009999783709645271
angle,1780511890424298240,-0.000765222765039653,0,0.009999537840485573
angle,1780511890461400778,-0.000768712954595685,0,0.009999679401516914
angle,1780511890498632685,-0.000772193889133632,0,0.009999307803809643
angle,1780511890534477345,-0.000775665452238172,0,0.009999657049775124
angle,1780511890571663174,-0.000779127702116966,0,0.009998920373618603
angle,1780511890608118924,-0.000782580580562353,0,0.0099992286413908
angle,1780511890645101660,-0.000786024087574333,0,0.009999491274356842
angle,1780511890682851571,-0.000789458164945245,0,0.00999938789755106
angle,1780511890720279972,-0.000792882812675089,0,0.00999943446367979
angle,1780511890757839429,-0.000796298147179186,0,0.009998554363846779
angle,1780511890794153611,-0.000799703993834555,0,0.009998581372201443
angle,1780511890830882640,-0.000803100469056517,0,0.009999293833971024
angle,1780511890868524770,-0.000806487514637411,0,0.009999626316130161
angle,1780511890903299550,-0.000809865305200219,0,0.00999957975000143
angle,1780511890940026237,-0.000813233724329621,0,0.00999931339174509
angle,1780511890976501965,-0.000816592888440937,0,0.009999185800552368
angle,1780511891012773651,-0.000819942739326507,0,0.009999371133744717
angle,1780511891050042339,-0.000823283393401653,0,0.009999246336519718
angle,1780511891087229795,-0.000826614734251052,0,0.009999503381550312
angle,1780511891124329616,-0.000829936761874706,0,0.00999942421913147
angle,1780511891159834936,-0.000833249476272613,0,0.009999453090131283
angle,1780511891197909222,-0.000836552761029452,0,0.009999233298003674
angle,1780511891234316714,-0.000839846790768206,0,0.009999210946261883
angle,1780511891268999455,-0.000843131390865892,0,0.009999477304518223
angle,1780511891302572063,-0.00084640656132251,0,0.009999574162065983
angle,1780511891336371909,-0.000849672418553382,0,0.009999686852097511
angle,1780511891370291885,-0.000852928904350847,0,0.009999733418226242
angle,1780511891406303456,-0.000856176135130227,0,0.009999625384807587
angle,1780511891444221605,-0.00085941405268386,0,0.009999504312872887
angle,1780511891480570997,-0.000862642598804086,0,0.009999465197324753
angle,1780511891515891669,-0.000865861889906228,0,0.009997940622270107
angle,1780511891552235040,-0.000869071751367301,0,0.00999928917735815
angle,1780511891587766982,-0.000872272183187306,0,0.009999381378293037
angle,1780511891627005340,-0.000875463243573904,0,0.009999200701713562
angle,1780511891664165456,-0.000878644932527095,0,0.00999941024929285
angle,1780511891702249713,-0.000881817191839218,0,0.009999086149036884
angle,1780511891739751258,-0.000884980196133256,0,0.009999535046517849
angle,1780511891776521340,-0.000888133828993887,0,0.009999316185712814
angle,1780511891811132726,-0.000891278206836432,0,0.009999205358326435
angle,1780511891848355063,-0.000894413329660892,0,0.009999285452067852
angle,1780511891883794815,-0.000897539081051946,0,0.009999378584325314
angle,1780511891920093200,-0.000900655577424914,0,0.009999527595937252
angle,1780511891952922835,-0.000903762818779796,0,0.009999546222388744
angle,1780511891978569224,-0.000906860746908933,0,0.009999766945838928
angle,1780511892009202135,-0.000909949303604662,0,0.009999578818678856
angle,1780511892042614930,-0.000913028605282307,0,0.009999594651162624
angle,1780511892077478158,-0.000916098593734205,0,0.00999985821545124
angle,1780511892112718577,-0.000919159327168018,0,0.009999115951359272
angle,1780511892148008277,-0.000922210689168423,0,0.009999563917517662
angle,1780511892183368739,-0.000925252737943083,0,0.009999541565775871
angle,1780511892220065312,-0.000928285357076675,0,0.009999074041843414
angle,1780511892257204001,-0.000931308721192181,0,0.00999960582703352
angle,1780511892293591516,-0.00093432271387428,0,0.009997758083045483
angle,1780511892329389982,-0.000937327218707651,0,0.009999088943004608
angle,1780511892365368953,-0.000940322352107614,0,0.009999403730034828
angle,1780511892400609731,-0.000943308114074171,0,0.009999709203839302
angle,1780511892438332077,-0.000946284562814981,0,0.009999457746744156
angle,1780511892475484603,-0.000949251698330045,0,0.009999662637710571
angle,1780511892512123643,-0.000952209637034684,0,0.009999236091971397
angle,1780511892550484208,-0.000955158320721239,0,0.009999353438615799
angle,1780511892586968598,-0.00095809786580503,0,0.009999210946261883
angle,1780511892624327569,-0.000961028039455414,0,0.009999397210776806
angle,1780511892662979402,-0.000963949074503034,0,0.00999948475509882
angle,1780511892699963288,-0.000966860796324909,0,0.009998299181461334
angle,1780511892738404163,-0.000969763263128698,0,0.009999587200582027
angle,1780511892775793837,-0.00097265635849908,0,0.009999020025134087
angle,1780511892811245292,-0.000975540024228394,0,0.00999938603490591
angle,1780511892844643874,-0.000978414318524301,0,0.009999830275774002
angle,1780511892877282711,-0.000981279416009784,0,0.009999703615903854
angle,1780511892911708651,-0.000984135083854198,0,0.009999768808484077
angle,1780511892948020683,-0.000986981671303511,0,0.009999517351388931
angle,1780511892984476804,-0.000989818945527077,0,0.009999504312872887
angle,1780511893022009089,-0.000992647022940218,0,0.009999388828873634
angle,1780511893059383493,-0.000995465903542936,0,0.00999925471842289
angle,1780511893095085774,-0.000998275587335229,0,0.009999529458582401
angle,1780511893132718187,-0.001001075841486454,0,0.009999152272939682
angle,1780511893168121828,-0.001003866898827255,0,0.009999608621001244
angle,1780511893204865715,-0.001006648642942309,0,0.009999457746744156
angle,1780511893240697989,-0.001009421073831618,0,0.009998708963394165
angle,1780511893277743408,-0.00101218419149518,0,0.009999123401939869
angle,1780511893313785899,-0.001014937995932996,0,0.009999070316553116
angle,1780511893349156605,-0.001017682487145066,0,0.009999656118452549
angle,1780511893384622700,-0.00102041766513139,0,0.00999859906733036
angle,1780511893422201170,-0.00102314364630729,0,0.009999492205679417
angle,1780511893460574440,-0.001025860314257443,0,0.009998424910008907
angle,1780511893496726621,-0.001028567901812494,0,0.009999513626098633
angle,1780511893534942356,-0.001031266059726477,0,0.009999402798712254
angle,1780511893571957538,-0.001033955137245357,0,0.009999241679906845
angle,1780511893607061393,-0.001036634901538491,0,0.009999360889196396
angle,1780511893643884080,-0.001039305585436523,0,0.009999766014516354
angle,1780511893681582863,-0.00104196707252413,0,0.009999444708228111
angle,1780511893717708952,-0.001044619362801313,0,0.009998977184295654
angle,1780511893753508177,-0.001047262572683394,0,0.009999209083616734
angle,1780511893790746853,-0.001049896469339728,0,0.009999064728617668
angle,1780511893826402983,-0.001052521052770317,0,0.009999418631196022
angle,1780511893865476567,-0.001055136439390481,0,0.009999346919357777
angle,1780511893901980210,-0.001057742512784898,0,0.009998604655265808
angle,1780511893937560047,-0.001060339389368892,0,0.009999437257647514
angle,1780511893972547065,-0.001062926952727139,0,0.009999338537454605
angle,1780511894010231382,-0.001065736636519432,0,0.010897955857217312
angle,1780511894045583003,-0.001068305689841509,0,0.009999781847000122
angle,1780511894079485131,-0.00107086542993784,0,0.009999510832130909
angle,1780511894113033271,-0.001073415973223746,0,0.00999977346509695
angle,1780511894147505234,-0.001075957203283906,0,0.009999455884099007
angle,1780511894182714227,-0.001078489236533642,0,0.009999457746744156
angle,1780511894220293181,-0.001081011723726988,0,0.00999931525439024
angle,1780511894257594419,-0.00108352501410991,0,0.009999524801969528
angle,1780511894294431083,-0.001086029107682407,0,0.009999186731874943
angle,1780511894324650615,-0.001088523888029158,0,0.009999532252550125
angle,1780511894351490428,-0.001091009471565485,0,0.009999523870646954
angle,1780511894384071581,-0.001093485974706709,0,0.009998852387070656
angle,1780511894416950101,-0.001095953281037509,0,0.009999901056289673
angle,1780511894451288075,-0.001098411390557885,0,0.009999834932386875
angle,1780511894488022911,-0.001100860652513802,0,0.009999426081776619
angle,1780511894526186854,-0.001103300834074616,0,0.009999299421906471
angle,1780511894562565116,-0.001105731935240328,0,0.00999896414577961
angle,1780511894599462578,-0.001108153839595616,0,0.009999344125390053
angle,1780511894635516626,-0.001110566663555801,0,0.009998787194490433
angle,1780511894673542583,-0.001112970290705562,0,0.009999418631196022
angle,1780511894709965981,-0.001115364721044898,0,0.009999383240938187
angle,1780511894748526767,-0.001117750070989132,0,0.009999151341617107
angle,1780511894784245101,-0.001120126224122941,0,0.00999941024929285
angle,1780511894821496393,-0.001122493064031005,0,0.00999972689896822
angle,1780511894857148689,-0.001124850823543966,0,0.009999223053455353
angle,1780511894892994122,-0.001127199502661824,0,0.009999291971325874
angle,1780511894930381384,-0.00112953910138458,0,0.009998486377298832
angle,1780511894968453099,-0.001131869619712234,0,0.009998477064073086
angle,1780511895004452412,-0.001134190941229463,0,0.009998727589845657
angle,1780511895041811155,-0.001136503182351589,0,0.009999229572713375
angle,1780511895078758797,-0.001138806226663291,0,0.00999957975000143
angle,1780511895115859139,-0.001141100306995213,0,0.0099993497133255
angle,1780511895152899070,-0.001143385306932032,0,0.009998781606554985
angle,1780511895188283512,-0.001145661342889071,0,0.009999384172260761
angle,1780511895226673156,-0.001147928298451006,0,0.009999362751841545
angle,1780511895262161800,-0.001150186290033162,0,0.009999622590839863
angle,1780511895298553064,-0.001152435201220214,0,0.009999629110097885
angle,1780511895333800333,-0.001154675032012165,0,0.009999390691518784
angle,1780511895369216777,-0.001156905898824334,0,0.009999438188970089
angle,1780511895405091550,-0.001159127685241401,0,0.009999250993132591
angle,1780511895441350400,-0.001161340507678688,0,0.009999689646065235
angle,1780511895476077587,-0.001163544249720871,0,0.009999473579227924
angle,1780511895510006157,-0.001165738911367953,0,0.009999526664614677
angle,1780511895543547580,-0.001167924492619932,0,0.00999970082193613
angle,1780511895579254522,-0.00117010110989213,0,0.009999477304518223
angle,1780511895616153304,-0.001172268646769226,0,0.009999390691518784
angle,1780511895652639180,-0.001174427219666541,0,0.009999489411711693
angle,1780511895689326660,-0.001176576595753431,0,0.009999409317970276
angle,1780511895725265224,-0.001178717124275863,0,0.009999104775488377
angle,1780511895760737979,-0.001180848572403193,0,0.009999497793614864
angle,1780511895799134454,-0.001182971056550741,0,0.009998987428843975
angle,1780511895834494344,-0.001185084460303187,0,0.00999938603490591
angle,1780511895871712357,-0.001187188900075853,0,0.009999465197324753
angle,1780511895908736569,-0.001189284375868738,0,0.00999936368316412
angle,1780511895944667449,-0.001191370887681842,0,0.009999360889196396
angle,1780511895981110136,-0.001193448435515165,0,0.009999485686421394
angle,1780511896018635504,-0.001195517019368708,0,0.009999035857617855
angle,1780511896056110576,-0.00119757663924247,0,0.009999314323067665
angle,1780511896092382296,-0.001199627295136452,0,0.009999214671552181
angle,1780511896127986159,-0.001201669103465974,0,0.009998909197747707
angle,1780511896164783803,-0.001203701831400394,0,0.00999927707016468
angle,1780511896202679565,-0.001205725711770356,0,0.009999331086874008
angle,1780511896238615147,-0.001207740511745214,0,0.009998714551329613
angle,1780511896274442768,-0.001209746464155614,0,0.009999114088714123
angle,1780511896308966621,-0.001211743452586234,0,0.009999412111938
angle,1780511896342321263,-0.001213731477037072,0,0.009999824687838554
angle,1780511896379043355,-0.001215710653923452,0,0.009999364614486694
angle,1780511896416024448,-0.001217680983245373,0,0.009999265894293785
angle,1780511896451787511,-0.001219642348587513,0,0.009999051690101624
angle,1780511896489286683,-0.001221594866365194,0,0.009999540634453297
angle,1780511896526563104,-0.001223538536578417,0,0.009999391622841358
angle,1780511896562986896,-0.00122547335922718,0,0.009999076835811138
angle,1780511896599744576,-0.001227399217896163,0,0.009999319911003113
angle,1780511896637265826,-0.001229316345416009,0,0.00999948475509882
angle,1780511896673192353,-0.001231224392540753,0,0.00999924261122942
angle,1780511896710867162,-0.001233123708516359,0,0.009999727830290794
angle,1780511896747933662,-0.001235014176927507,0,0.009999405592679977
angle,1780511896785229810,-0.001236895681358874,0,0.009998961351811886
angle,1780511896822806788,-0.001238768338225782,0,0.0099994707852602
angle,1780511896859739696,-0.001240632263943553,0,0.009999353438615799
angle,1780511896896276975,-0.001242487225681543,0,0.009998629800975323
angle,1780511896932396530,-0.001244333339855075,0,0.009999202564358711
angle,1780511896969252580,-0.001246170722879469,0,0.009999367408454418
angle,1780511896996543980,-0.001247999258339405,0,0.009999462403357029
angle,1780511897020941552,-0.00124981882981956,0,0.009999188594520092
angle,1780511897050203992,-0.0012516297865659,0,0.009999511763453484
angle,1780511897083219878,-0.001253431895747781,0,0.009999335743486881
angle,1780511897117704558,-0.001255225273780525,0,0.009999571368098259
angle,1780511897153209316,-0.00125700980424881,0,0.009999374859035015
angle,1780511897190102955,-0.001258785603567958,0,0.009999904781579971
angle,1780511897226040517,-0.001260552671737969,0,0.009999399073421955
angle,1780511897263067714,-0.001262311008758843,0,0.009998748078942299
angle,1780511897300020122,-0.001264060498215258,0,0.00999920628964901
angle,1780511897338129729,-0.001265801372937858,0,0.009999634698033333
angle,1780511897376584248,-0.001267533400095999,0,0.009999007917940617
angle,1780511897412837174,-0.001269256579689682,0,0.009999250993132591
angle,1780511897449135114,-0.001270971144549549,0,0.009998980909585953
angle,1780511897484954854,-0.001272676861844957,0,0.009999156929552555
angle,1780511897521173564,-0.001274373847991228,0,0.009999288246035576
angle,1780511897558311786,-0.00127606198657304,0,0.009999485686421394
angle,1780511897597471693,-0.001277741510421038,0,0.009999196045100689
angle,1780511897635036642,-0.001279412303119898,0,0.00999845564365387
angle,1780511897673380347,-0.001281074364669621,0,0.009999186731874943
angle,1780511897710609168,-0.001282727811485529,0,0.009998963214457035
angle,1780511897747570326,-0.001284372643567622,0,0.009999527595937252
angle,1780511897783793835,-0.001286008744500577,0,0.009999357163906097
angle,1780511897819119821,-0.001287636230699718,0,0.009999221190810204
angle,1780511897854067263,-0.001289254985749722,0,0.009999522939324379
angle,1780511897886852524,-0.00129086512606591,0,0.009999793954193592
angle,1780511897921244212,-0.001292466651648283,0,0.009999817237257957
angle,1780511897955289405,-0.001294059562496841,0,0.009999792091548443
angle,1780511897990825319,-0.001295643975026906,0,0.009999489411711693
angle,1780511898027997489,-0.001297219656407833,0,0.009999367408454418
angle,1780511898063647664,-0.001298786839470267,0,0.009999295696616173
angle,1780511898099536508,-0.001300345291383564,0,0.009999249130487442
angle,1780511898137697603,-0.001301895244978368,0,0.009999402798712254
angle,1780511898173691737,-0.001303436351008713,0,0.009999104775488377
angle,1780511898208525397,-0.001304968958720565,0,0.009998312219977379
angle,1780511898245950685,-0.001306492835283279,0,0.009999522008001804
angle,1780511898282303263,-0.001308008097112179,0,0.009998762980103493
angle,1780511898319262358,-0.001309514627791941,0,0.009999287314713001
angle,1780511898356594668,-0.001311012543737888,0,0.009999345056712627
angle,1780511898393450665,-0.001312501961365342,0,0.009999049827456474
angle,1780511898431175371,-0.001313984394073486,0,0.009972451254725456
angle,1780511898467204449,-0.001315456116572022,0,0.00999938603490591
angle,1780511898503256470,-0.001316918176598847,0,0.009999576024711132
angle,1780511898539340611,-0.001318371156230569,0,0.009999172762036324
angle,1780511898576562971,-0.001319815521128476,0,0.009999402798712254
angle,1780511898612616026,-0.001321251620538533,0,0.009998992085456848
angle,1780511898649957869,-0.001322679920122027,0,0.009999891743063927
angle,1780511898686443508,-0.001324100536294281,0,0.009999333880841732
angle,1780511898723990451,-0.001325513469055295,0,0.00999936368316412
angle,1780511898761918685,-0.001326918718405068,0,0.009998698718845844
angle,1780511898799800176,-0.001328316051512957,0,0.009999104775488377
angle,1780511898836207790,-0.001329705119132996,0,0.009999452158808708
angle,1780511898873209123,-0.001331085804849863,0,0.009999077767133713
angle,1780511898909947392,-0.001332457759417593,0,0.009999524801969528
angle,1780511898947329092,-0.001333820866420865,0,0.009998778812587261
angle,1780511898983053104,-0.001335175125859678,0,0.009999582543969154
angle,1780511899020161806,-0.001336520304903388,0,0.00999937579035759
angle,1780511899056293363,-0.001337856752797961,0,0.009999746456742287
angle,1780511899092777157,-0.001339184353128076,0,0.009999627247452736
angle,1780511899129265756,-0.001340503338724375,0,0.009998765774071217
angle,1780511899164799858,-0.001341814058832824,0,0.009999560192227364
angle,1780511899202961843,-0.00134311628062278,0,0.009999409317970276
angle,1780511899243265659,-0.00134441046975553,0,0.009999565780162811
angle,1780511899276961509,-0.001345696509815753,0,0.009999171830713749
angle,1780511899313572151,-0.001346974400803447,0,0.009998966008424759
angle,1780511899345854272,-0.001348244259133935,0,0.00999937579035759
angle,1780511899369473621,-0.001349505735561252,0,0.009999425150454044
angle,1780511899420352464,-0.001352369552478194,0,0.02290075272321701
angle,1780511899456304198,-0.001353612868115306,0,0.009999283589422703
angle,1780511899492567866,-0.001354845939204097,0,0.009999129921197891
angle,1780511899530116612,-0.001356067950837314,0,0.009999300353229046
angle,1780511899566876796,-0.001357278553768992,0,0.009999291971325874
angle,1780511899602648406,-0.001358477864414454,0,0.009999159723520279
angle,1780511899639035177,-0.001359666581265628,0,0.009999234229326248
angle,1780511899675516000,-0.001360845286399126,0,0.009999288246035576
angle,1780511899710539530,-0.001362015027552843,0,0.009998505003750324
angle,1780511899747555510,-0.001363176736049354,0,0.009999648667871952
angle,1780511899784121081,-0.001364331226795912,0,0.009999500587582588
angle,1780511899821961870,-0.001365478849038482,0,0.00999918207526207
angle,1780511899850934706,-0.001366619952023029,0,0.009999503381550312
angle,1780511899884127366,-0.001367754535749555,0,0.009999698027968407
angle,1780511899919106953,-0.001368882367387414,0,0.009999657049775124
angle,1780511899955725440,-0.00137000298127532,0,0.009999457746744156
angle,1780511899992100979,-0.001371116377413273,0,0.010004534386098385
angle,1780511900028754414,-0.001372221042402089,0,0.009999537840485573
angle,1780511900065775675,-0.001373316976241767,0,0.009999372996389866
angle,1780511900101584436,-0.001374403946101665,0,0.009999431669712067
angle,1780511900138780927,-0.001375481835566461,0,0.009998672641813755
angle,1780511900176105371,-0.001376550411805511,0,0.009999086149036884
angle,1780511900212140148,-0.001377610140480101,0,0.009999282658100128
angle,1780511900249213085,-0.001378661021590233,0,0.009999452158808708
angle,1780511900287306654,-0.001379703287966549,0,0.009999493137001991
angle,1780511900324176872,-0.00138073752168566,0,0.009999394416809082
angle,1780511900360687559,-0.001381763722747564,0,0.009999049827456474
angle,1780511900397214864,-0.00138278235681355,0,0.009999236091971397
angle,1780511900435332394,-0.001383793307468295,0,0.0099993497133255
angle,1780511900471211406,-0.001384796807542443,0,0.009998985566198826
angle,1780511900508128377,-0.001385792624205351,0,0.009999199770390987
angle,1780511900545234893,-0.001386780757457018,0,0.009999384172260761
angle,1780511900580741592,-0.001387760974466801,0,0.009999317117035389
angle,1780511900619070620,-0.001388733158819377,0,0.009998859837651253
angle,1780511900655259530,-0.001389697194099426,0,0.0099992910400033
angle,1780511900692667563,-0.001390652963891625,0,0.00999961793422699
angle,1780511900730354593,-0.001391600351780653,0,0.009999171830713749
angle,1780511900767066069,-0.001392539474181831,0,0.009999394416809082
angle,1780511900803363393,-0.001393470214679837,0,0.009999360889196396
angle,1780511900840287214,-0.001394392806105316,0,0.009999359957873821
angle,1780511900878050565,-0.001395307132042944,0,0.009998347610235214
angle,1780511900914209737,-0.001396213425323367,0,0.00999938603490591
angle,1780511900950050847,-0.001397111802361906,0,0.009999356232583523
angle,1780511900987063355,-0.00139800226315856,0,0.009999403730034828
angle,1780511901023653154,-0.001398884924128652,0,0.009999163448810577
angle,1780511901061455278,-0.001399759785272181,0,0.009998680092394352
angle,1780511901098352639,-0.001400626846589148,0,0.009999348782002926
angle,1780511901135563031,-0.001401486108079553,0,0.009999115020036697
angle,1780511901170653270,-0.001402337453328073,0,0.00999935157597065
angle,1780511901206627984,-0.001403180882334709,0,0.009999478235840797
angle,1780511901243911976,-0.001404016395099461,0,0.00999958161264658
angle,1780511901280106782,-0.001404843991622329,0,0.009999386966228485
angle,1780511901319101368,-0.00140566355548799,0,0.009999078698456287
angle,1780511901351880369,-0.001406475203111768,0,0.009999471716582775
angle,1780511901385562308,-0.001407278818078339,0,0.009999869391322136
angle,1780511901416940182,-0.001408074516803026,0,0.009999803267419338
angle,1780511901450239997,-0.001408862299285829,0,0.009999807924032211
angle,1780511901485355732,-0.001409642165526748,0,0.0099997753277421
angle,1780511901519516102,-0.001410414231941104,0,0.009999344125390053
angle,1780511901553671991,-0.00141117861494422,0,0.009999755769968033
angle,1780511901589895710,-0.001411935081705451,0,0.00999907124787569
angle,1780511901626986459,-0.00141268374864012,0,0.009999030269682407
angle,1780511901663880670,-0.001413424615748227,0,0.009999181143939495
angle,1780511901699741801,-0.001414157683029771,0,0.009999560192227364
angle,1780511901736925387,-0.001414882950484753,0,0.009999590925872326
angle,1780511901773586504,-0.001415600418113172,0,0.009999261237680912
angle,1780511901810572727,-0.001416310085915029,0,0.009999223053455353
angle,1780511901848469731,-0.001417011953890324,0,0.009999093599617481
angle,1780511901884484404,-0.001417706138454378,0,0.009999137371778488
angle,1780511901921843771,-0.001418392406776547,0,0.009999343194067478
angle,1780511901961054703,-0.001419070991687477,0,0.009999442845582962
angle,1780511901998775495,-0.001419741776771843,0,0.009998738765716553
angle,1780511902029826796,-0.00142040487844497,0,0.00999868381768465
angle,1780511902056309226,-0.001421060180291533,0,0.009999417699873447
angle,1780511902086907304,-0.001421707915142179,0,0.009999426081776619
angle,1780511902122939020,-0.001422347850166261,0,0.009759018197655678
angle,1780511902159054761,-0.00142297672573477,0,0.009998666122555733
angle,1780511902195226257,-0.001423592446371913,0,0.009999549016356468
angle,1780511902232099594,-0.001424197456799448,0,0.009999442845582962
angle,1780511902268860662,-0.001424794550985098,0,0.00999921839684248
angle,1780511902305802748,-0.001425385940819979,0,0.009999291971325874
angle,1780511902342093933,-0.00142597290687263,0,0.009999538771808147
angle,1780511902381523040,-0.001426556380465627,0,0.009999405592679977
angle,1780511902419007496,-0.001427136361598969,0,0.009999262169003487
angle,1780511902455717672,-0.001427712384611368,0,0.009999319911003113
angle,1780511902493741618,-0.001428283401764929,0,0.009999389760196209
angle,1780511902530523340,-0.001428847899660468,0,0.009999429807066917
angle,1780511902566545623,-0.00142940494697541,0,0.009999061934649944
angle,1780511902602200914,-0.001429953030310571,0,0.009998961351811886
angle,1780511902636626724,-0.001430491684004664,0,0.009999465197324753
angle,1780511902673798388,-0.001431020209565759,0,0.009999251924455166
angle,1780511902709797735,-0.001431538723409176,0,0.009999679401516914
angle,1780511902747559535,-0.00143204745836556,0,0.009999250993132591
angle,1780511902784356509,-0.001432547112926841,0,0.009999335743486881
angle,1780511902821890920,-0.00143303838558495,0,0.009999269619584084
angle,1780511902856896960,-0.00143352197483182,0,0.009998777881264687
angle,1780511902892726993,-0.001433998695574701,0,0.009999238885939121
angle,1780511902924989279,-0.00143446889705956,0,0.009999671019613743
angle,1780511902957705925,-0.001434932928532362,0,0.009999905712902546
angle,1780511902991919180,-0.001435390906408429,0,0.009999857284128666
angle,1780511903026163351,-0.001435842714272439,0,0.009999711997807026
angle,1780511903062827730,-0.001436288002878428,0,0.009999689646065235
angle,1780511903099811190,-0.00143672653939575,0,0.009999158792197704
angle,1780511903134160485,-0.001437157741747797,0,0.009999006055295467
angle,1780511903170509407,-0.001437581144273281,0,0.009999559260904789
angle,1780511903205743637,-0.001437996630556881,0,0.009999278001487255
angle,1780511903241152709,-0.001438404084183276,0,0.00999949686229229
angle,1780511903278787690,-0.001438803155906498,0,0.009999479167163372
angle,1780511903315810180,-0.001439194194972515,0,0.009999477304518223
angle,1780511903354476624,-0.001439577434211969,0,0.00999944657087326
angle,1780511903390818662,-0.001439952873624861,0,0.009999263100326061
angle,1780511903428652058,-0.001440320746041834,0,0.009999452158808708
angle,1780511903465889002,-0.001440681517124176,0,0.009999196045100689
angle,1780511903502118581,-0.001441035303287208,0,0.00999930314719677
angle,1780511903538248340,-0.001441382104530931,0,0.009999481961131096
angle,1780511903574573569,-0.001441722037270665,0,0.009999335743486881
angle,1780511903611815454,-0.001442055101506412,0,0.009999300353229046
angle,1780511903647333252,-0.001442381297238171,0,0.009999134577810764
angle,1780511903685179965,-0.001442700275219977,0,0.009999502450227737
angle,1780511903721086166,-0.001443012151867151,0,0.009999417699873447
angle,1780511903757874561,-0.001443316694349051,0,0.009999312460422516
angle,1780511903794809685,-0.001443613902665675,0,0.009999805130064487
angle,1780511903830741611,-0.001443903660401702,0,0.009999343194067478
angle,1780511903866929258,-0.001444185967557132,0,0.00999914389103651
angle,1780511903903546873,-0.001444460707716644,0,0.009999451227486134
angle,1780511903939753721,-0.00144472811371088,0,0.009998982772231102
angle,1780511903975237812,-0.001444988301955163,0,0.009999522008001804
angle,1780511904011500440,-0.001445241156034172,0,0.009999237954616547
angle,1780511904047144537,-0.001445486792363226,0,0.009999378584325314
angle,1780511904086022517,-0.00144572532735765,0,0.00999937579035759
angle,1780511904122838719,-0.001445956877432764,0,0.009998826310038567
angle,1780511904159489837,-0.001446181442588568,0,0.009999468922615051
angle,1780511904195089248,-0.001446399022825062,0,0.009999229572713375
angle,1780511904231606805,-0.001446609618142247,0,0.009999416768550873
angle,1780511904268008703,-0.001446813112124801,0,0.009998668916523457
angle,1780511904305478558,-0.001447009504772723,0,0.00999911967664957
angle,1780511904342932143,-0.001447198912501335,0,0.009999181143939495
angle,1780511904367757393,-0.001447381102479994,0,0.009999617002904415
angle,1780511904399262334,-0.001447556191124022,0,0.009999830275774002
angle,1780511904433680382,-0.001447724178433418,0,0.009999369271099567
angle,1780511904468302840,-0.001447885064408183,0,0.009999847039580345
angle,1780511904506375451,-0.001448038849048316,0,0.009999400936067104
angle,1780511904543953433,-0.00144818564876914,0,0.009998899884521961
angle,1780511904580438897,-0.001448325347155333,0,0.00999895017594099
angle,1780511904617269107,-0.001448458060622215,0,0.00999931525439024
angle,1780511904654377064,-0.001448583672754467,0,0.009999657981097698
angle,1780511904690034486,-0.00144870241638273,0,0.009999653324484825
angle,1780511904727266299,-0.001448814175091684,0,0.009999438188970089
angle,1780511904764077941,-0.00144891906529665,0,0.009999227710068226
angle,1780511904802377452,-0.001449016970582306,0,0.009998934343457222
angle,1780511904839075746,-0.001449108007363975,0,0.009998678229749203
angle,1780511904877782872,-0.001449192059226334,0,0.00999931339174509
angle,1780511904913057289,-0.001449269242584705,0,0.009999544359743595
angle,1780511904949099005,-0.001449339441023767,0,0.009999620728194714
angle,1780511904984645394,-0.001449402770958841,0,0.009999247267842293
angle,1780511905022163209,-0.001449459232389927,0,0.009999322704970837
angle,1780511905060615751,-0.001449508708901703,0,0.009998713620007038
angle,1780511905097701862,-0.001449551433324814,0,0.009999330155551434
angle,1780511905135751335,-0.001449587172828615,0,0.009992625564336777
angle,1780511905172805871,-0.00144961616024375,0,0.009999001398682594
angle,1780511905208569741,-0.001449638046324253,0,0.009999430738389492
angle,1780511905246342314,-0.001449653063900769,0,0.009999103844165802
angle,1780511905284031933,-0.001449661329388618,0,0.009999324567615986
angle,1780511905320317601,-0.001449662842787802,0,0.009999278001487255
angle,1780511905356593455,-0.001449657720513642,0,0.009999428875744343
angle,1780511905393752677,-0.001449645846150815,0,0.009999229572713375
angle,1780511905431399593,-0.001449627219699323,0,0.009999572299420834
angle,1780511905467582790,-0.001449601957574487,0,0.009999007917940617
angle,1780511905502880599,-0.001449570059776306,0,0.009999305009841919
angle,1780511905538116989,-0.00144953140988946,0,0.00999941024929285
angle,1780511905575893552,-0.001449486007913947,0,0.009999451227486134
angle,1780511905611306194,-0.001449433853849769,0,0.00999890360981226
angle,1780511905647577713,-0.001449374831281602,0,0.009999435395002365
angle,1780511905684590993,-0.001449309173040092,0,0.009999302215874195
angle,1780511905721529647,-0.001449236762709916,0,0.009999163448810577
angle,1780511905757816981,-0.001449157600291073,0,0.009999357163906097
angle,1780511905795678852,-0.001449071802198887,0,0.009999525733292103
angle,1780511905833322582,-0.001448979368433356,0,0.0099991075694561
angle,1780511905871615716,-0.00144888018257916,0,0.009999621659517288
angle,1780511905907810851,-0.001448774477466941,0,0.009999304078519344
angle,1780511905943353402,-0.001448662136681378,0,0.009999376721680164
angle,1780511905980113131,-0.001448543276637793,0,0.009999150410294533
angle,1780511906017694918,-0.001448417897336185,0,0.009999440982937813
angle,1780511906054166776,-0.001448285882361233,0,0.009999471716582775
angle,1780511906089696086,-0.001448147348128259,0,0.009999662637710571
angle,1780511906125644829,-0.001448002294637263,0,0.009999070316553116
angle,1780511906164376607,-0.001447850605472922,0,0.009999423287808895
angle,1780511906202013247,-0.00144769239705056,0,0.009999374859035015
angle,1780511906237406888,-0.001447527669370174,0,0.009998763911426067
angle,1780511906274081901,-0.001447356306016445,0,0.009998870082199574
angle,1780511906310323271,-0.001447178539820015,0,0.009999209083616734
angle,1780511906344877478,-0.001446994137950242,0,0.009999409317970276
angle,1780511906372818403,-0.001446803333237767,0,0.009999841451644897
angle,1780511906398467464,-0.001446606009267271,0,0.009999826550483704
angle,1780511906433033517,-0.001446402282454073,0,0.009999770671129227
angle,1780511906468236028,-0.001446192036382854,0,0.009999445639550686
angle,1780511906504363988,-0.001445975503884256,0,0.009999412111938
angle,1780511906540374423,-0.001445752452127635,0,0.009999421425163746
angle,1780511906577603208,-0.001445523113943636,0,0.009999395348131657
angle,1780511906616047612,-0.001445287372916937,0,0.009999397210776806
angle,1780511906651202232,-0.001445045112632215,0,0.009999578818678856
angle,1780511906687575645,-0.001444796565920115,0,0.009999332949519157
angle,1780511906725666576,-0.001444541499949992,0,0.009998705238103867
angle,1780511906762564257,-0.00144428014755249,0,0.009999551810324192
angle,1780511906799674290,-0.001444012392312288,0,0.009999698959290981
angle,1780511906836770391,-0.001443738350644708,0,0.009999706409871578
angle,1780511906872560139,-0.001443457906134427,0,0.009999222122132778
angle,1780511906908364888,-0.001443171175196767,0,0.009999237023293972
angle,1780511906945734729,-0.001442878157831728,0,0.009999635629355907
angle,1780511906982648336,-0.001442578854039311,0,0.009999345056712627
angle,1780511907020999184,-0.001442273380234838,0,0.009999171830713749
angle,1780511907058571808,-0.001441961503587663,0,0.009998288936913013
angle,1780511907084395679,-0.001441643456928432,0,0.00999960582703352
angle,1780511907108901912,-0.001441319123841822,0,0.009999560192227364
angle,1780511907139077127,-0.001440988620743155,0,0.00999936368316412
angle,1780511907173937676,-0.00144065183121711,0,0.009999147616326809
angle,1780511907212097412,-0.001440308755263686,0,0.009999549947679043
angle,1780511907249720600,-0.001439959625713527,0,0.009999237023293972
angle,1780511907286238850,-0.00143960420973599,0,0.009999438188970089
angle,1780511907322551636,-0.001439242623746395,0,0.010000022128224373
