name,time,value,timeout,delta_time
angle,1780514204008627228,-0.000962078047450632,0,0.009999925270676613
angle,1780514204033185520,-0.000963174214120954,0,0.009999902918934822
angle,1780514204056499009,-0.000964264094363898,0,0.0099998963996768
angle,1780514204081223731,-0.000965347688179463,0,0.00999989453703165
angle,1780514204104629259,-0.000966425053775311,0,0.009999817237257957
angle,1780514204126898124,-0.000967496132943779,0,0.009999938309192657
angle,1780514204152616522,-0.000968560925684869,0,0.009999817237257957
angle,1780514204176384360,-0.000969619548413903,0,0.009999975562095642
angle,1780514204200461781,-0.000970671884715557,0,0.009999909438192844
angle,1780514204224316826,-0.000971717934589833,0,0.009999876841902733
angle,1780514204247744376,-0.000972757756244391,0,0.009999730624258518
angle,1780514204274929179,-0.000973791407886893,0,0.009999873116612434
angle,1780514204297227301,-0.000974818714894354,0,0.009999885223805904
angle,1780514204320564333,-0.000975839851889759,0,0.009999904781579971
angle,1780514204343392152,-0.000976854818873107,0,0.009999927133321762
angle,1780514204367192449,-0.000977863441221416,0,0.009999790228903294
angle,1780514204391880761,-0.000978865893557668,0,0.009999850764870644
angle,1780514204416326111,-0.000979862175881863,0,0.009999883361160755
angle,1780514204438807568,-0.000980852288194001,0,0.009999812580645084
angle,1780514204464850323,-0.00098183611407876,0,0.009999943897128105
angle,1780514204493364218,-0.000982813769951463,0,0.009999780915677547
angle,1780514204517862003,-0.000983785255812109,0,0.009999771602451801
angle,1780514204542590166,-0.000984750571660697,0,0.009999904781579971
angle,1780514204566097764,-0.00098570971749723,0,0.009999727830290794
angle,1780514204589105672,-0.000986662693321705,0,0.00999979954212904
angle,1780514204612376555,-0.000987609499134123,0,0.009999848902225494
angle,1780514204635500180,-0.000988550251349807,0,0.009999886155128479
angle,1780514204662627070,-0.000989484717138112,0,0.0099998963996768
angle,1780514204691977366,-0.000990413129329681,0,0.009999793022871017
angle,1780514204720222382,-0.000991335371509194,0,0.009999892674386501
angle,1780514204746919635,-0.000992251443676651,0,0.009999904781579971
angle,1780514204776886120,-0.000993161462247372,0,0.00999990664422512
angle,1780514204804051055,-0.000994065310806036,0,0.00999987032264471
angle,1780514204831495951,-0.000994962989352643,0,0.009999864734709263
angle,1780514204854308574,-0.000995854614302516,0,0.009999836795032024
angle,1780514204879048440,-0.000996740185655653,0,0.00999986007809639
angle,1780514204902961646,-0.000997619586996734,0,0.009999898262321949
angle,1780514204932398615,-0.00099849293474108,0,0.009999845176935196
angle,1780514204960619669,-0.00099936022888869,0,0.009999839588999748
angle,1780514204991816266,-0.001000221353024244,0,0.009999771602451801
angle,1780514205020226342,-0.001001076423563063,0,0.009999753907322884
angle,1780514205049924638,-0.001001925440505147,0,0.009999861940741539
angle,1780514205077501930,-0.001002768403850496,0,0.009999780915677547
angle,1780514205106086787,-0.00100360531359911,0,0.00999990664422512
angle,1780514205135988375,-0.001004436169750988,0,0.009999753907322884
angle,1780514205163567955,-0.001005260972306132,0,0.009999910369515419
angle,1780514205191378503,-0.001006079721264541,0,0.009999778121709824
angle,1780514205214494154,-0.001006892416626215,0,0.009999863803386688
angle,1780514205237963918,-0.001007699174806476,0,0.009999936446547508
angle,1780514205261134801,-0.001008499879390001,0,0.009999890811741352
angle,1780514205289824237,-0.001009294530376792,0,0.009999914094805717
angle,1780514205317337447,-0.001010083244182169,0,0.009999898262321949
angle,1780514205347496250,-0.001010865904390812,0,0.009999807924032211
angle,1780514205377558099,-0.001011642627418041,0,0.009999883361160755
angle,1780514205405154826,-0.001012413296848536,0,0.009999878704547882
angle,1780514205434372772,-0.001013178029097617,0,0.009999871253967285
angle,1780514205463182192,-0.001013936707749963,0,0.009999838657677174
angle,1780514205491789835,-0.001014689449220896,0,0.009999901987612247
angle,1780514205514831806,-0.001015436253510416,0,0.00999979954212904
angle,1780514205537958450,-0.0010161770042032,0,0.009999834932386875
angle,1780514205560693937,-0.001016911934129894,0,0.009999789297580719
angle,1780514205589201613,-0.001017640810459852,0,0.009999912232160568
angle,1780514205616512450,-0.001018363749608397,0,0.009999815374612808
angle,1780514205643321045,-0.00101908075157553,0,0.00999990664422512
angle,1780514205674271966,-0.00101979193277657,0,0.009999856352806091
angle,1780514205698531182,-0.001020497060380876,0,0.00999979954212904
angle,1780514205724909727,-0.00102119636721909,0,0.009999743662774563
angle,1780514205748447741,-0.001021889736875892,0,0.009999777190387249
angle,1780514205770113397,-0.00102257716935128,0,0.009999804198741913
angle,1780514205796762988,-0.001023258781060576,0,0.00999992061406374
angle,1780514205820741947,-0.00102393445558846,0,0.009999781847000122
angle,1780514205845104959,-0.00102460419293493,0,0.009999912232160568
angle,1780514205866963796,-0.001025268109515309,0,0.009999863803386688
angle,1780514205893061393,-0.001025926205329597,0,0.009999878704547882
angle,1780514205916887968,-0.001026578363962471,0,0.009999807924032211
angle,1780514205940169001,-0.001027224701829255,0,0.009999766014516354
angle,1780514205964294410,-0.001027865102514625,0,0.00999990664422512
angle,1780514205986709474,-0.001028499798849225,0,0.009999985806643963
angle,1780514206012725420,-0.001029128558002412,0,0.009999945759773254
angle,1780514206035236349,-0.001029751496389508,0,0.009999892674386501
angle,1780514206058859889,-0.001030368614010513,0,0.00999985821545124
angle,1780514206084943007,-0.001030979910865426,0,0.009999861009418964
angle,1780514206107344227,-0.001031585386954248,0,0.009999992325901985
angle,1780514206131670979,-0.0010321851586923,0,0.009999886155128479
angle,1780514206155572706,-0.00103277899324894,0,0.009999928064644337
angle,1780514206180681957,-0.001033367123454809,0,0.009999817237257957
angle,1780514206204530263,-0.001033949432894588,0,0.009999801404774189
angle,1780514206230896466,-0.001034525921568274,0,0.009999943897128105
angle,1780514206253788087,-0.001035096705891192,0,0.009999855421483517
angle,1780514206277665239,-0.001035661669448018,0,0.009999919682741165
angle,1780514206301486021,-0.001036220928654075,0,0.00999996718019247
angle,1780514206324637989,-0.001036774483509362,0,0.009999853558838367
angle,1780514206348817303,-0.001037322217598557,0,0.009999812580645084
angle,1780514206372652053,-0.001037864130921662,0,0.009999924339354038
angle,1780514206396507082,-0.001038400456309319,0,0.009999831207096577
angle,1780514206419586784,-0.001038930960930884,0,0.00999985821545124
angle,1780514206443724737,-0.00103945576120168,0,0.009999874047935009
angle,1780514206468590870,-0.001039974857121706,0,0.009999862872064114
angle,1780514206491704844,-0.001040488248690963,0,0.009999917820096016
angle,1780514206518255722,-0.00104099593590945,0,0.009999888949096203
angle,1780514206541748940,-0.00104149803519249,0,0.009999874047935009
angle,1780514206563549320,-0.001041994313709438,0,0.00999989453703165
angle,1780514206586810606,-0.001042485004290938,0,0.009999878704547882
angle,1780514206612353729,-0.001042969990521669,0,0.00999980978667736
angle,1780514206634724329,-0.001043449272401631,0,0.009999947622418404
angle,1780514206661020074,-0.001043922966346145,0,0.009999802336096764
angle,1780514206691026680,-0.001044390955939889,0,0.009999924339354038
angle,1780514206717148482,-0.001044853241182864,0,0.009999806061387062
angle,1780514206746604810,-0.001045310054905713,0,0.009999568574130535
angle,1780514206768665100,-0.001045761164277792,0,0.009999852627515793
angle,1780514206792283364,-0.001046206569299102,0,0.009999817237257957
angle,1780514206818505397,-0.001046646386384964,0,0.009999816305935383
angle,1780514206847274328,-0.001047080615535378,0,0.009999919682741165
angle,1780514206879680559,-0.001047509256750345,0,0.009999816305935383
angle,1780514206906752914,-0.001047932310029864,0,0.009999841451644897
angle,1780514206936000360,-0.001048349775373936,0,0.00999987218528986
angle,1780514206964118139,-0.001048761652782559,0,0.009999766014516354
angle,1780514206991063133,-0.001049167942255735,0,0.00999983586370945
angle,1780514207021440720,-0.001049568760208786,0,0.009999888017773628
angle,1780514207050174248,-0.001049963873811066,0,0.0099997753277421
angle,1780514207079213134,-0.001050353515893221,0,0.009999509900808334
angle,1780514207111822115,-0.00105073768645525,0,0.009999892674386501
angle,1780514207141112637,-0.001051116152666509,0,0.009999851696193218
angle,1780514207171258092,-0.001051489147357643,0,0.009999934583902359
angle,1780514207201072365,-0.00105185667052865,0,0.009999865666031837
angle,1780514207231061783,-0.00105221860576421,0,0.009999755769968033
angle,1780514207259584748,-0.001052575069479644,0,0.009999901987612247
angle,1780514207288395883,-0.001052926061674953,0,0.009999889880418777
angle,1780514207318666255,-0.001053271582350135,0,0.009999810717999935
angle,1780514207351009853,-0.001053611515089869,0,0.0099998963996768
angle,1780514207381094780,-0.0010539460927248,0,0.009999977424740791
angle,1780514207411485879,-0.001054275082424283,0,0.009999839588999748
angle,1780514207443503737,-0.001054598717018962,0,0.009999833069741726
angle,1780514207472755164,-0.001054916763678193,0,0.009999841451644897
angle,1780514207502084573,-0.00105522945523262,0,0.009999910369515419
angle,1780514207531658243,-0.001055536675266922,0,0.009999940171837807
angle,1780514207559865906,-0.001055838423781097,0,0.009999889880418777
angle,1780514207587531399,-0.001056134817190468,0,0.009999888017773628
angle,1780514207615764384,-0.001056425739079714,0,0.009999793022871017
angle,1780514207637044934,-0.001056711305864155,0,0.009999990463256836
angle,1780514207658160212,-0.001056991401128471,0,0.009999912232160568
angle,1780514207681353384,-0.001057266024872661,0,0.00999984797090292
angle,1780514207707985856,-0.001057535409927368,0,0.009999523870646954
angle,1780514207733455902,-0.00105779932346195,0,0.009999748319387436
angle,1780514207765855699,-0.001058057881891727,0,0.009999788366258144
angle,1780514207794682719,-0.001058310968801379,0,0.009999883361160755
angle,1780514207823500968,-0.001058558817021549,0,0.009999891743063927
angle,1780514207850141196,-0.001058801310136914,0,0.009999942034482956
angle,1780514207873019647,-0.001059038331732154,0,0.009999855421483517
angle,1780514207896839654,-0.001059270114637911,0,0.009999886155128479
angle,1780514207920853101,-0.001059496542438865,0,0.009999912232160568
angle,1780514207946073435,-0.001059760921634734,0,0.011982076801359653
angle,1780514207969948954,-0.001059975824318826,0,0.009999984875321388
angle,1780514207993088102,-0.001060185255482793,0,0.0099998963996768
angle,1780514208016553214,-0.001060389447957277,0,0.009999891743063927
angle,1780514208039393532,-0.001060588168911636,0,0.009999929927289486
angle,1780514208064824137,-0.001060781651176512,0,0.009999897330999374
angle,1780514208086807744,-0.001060969778336585,0,0.00999991875141859
angle,1780514208112396350,-0.001061152666807175,0,0.009999857284128666
angle,1780514208135725395,-0.001061330316588283,0,0.009999830275774002
angle,1780514208162361334,-0.001061502727679908,0,0.009999847039580345
angle,1780514208186779260,-0.001061669900082052,0,0.009999926201999187
angle,1780514208210296515,-0.001061831833794713,0,0.010000004433095455
angle,1780514208234190932,-0.001061988645233214,0,0.009999826550483704
angle,1780514208258396573,-0.001062140334397554,0,0.009999855421483517
angle,1780514208281948328,-0.001062286668457091,0,0.009999910369515419
angle,1780514208304524229,-0.001062427880242467,0,0.009999889880418777
angle,1780514208326889690,-0.001062563853338361,0,0.009999877773225307
angle,1780514208352729788,-0.001062694587744772,0,0.009999912232160568
angle,1780514208376617719,-0.001062820199877024,0,0.00999994296580553
angle,1780514208399780425,-0.001062940456904471,0,0.009999889880418777
angle,1780514208423454947,-0.00106305570807308,0,0.00999995693564415
angle,1780514208452223335,-0.001063165604136884,0,0.009999878704547882
angle,1780514208474760781,-0.00106327049434185,0,0.009999977424740791
angle,1780514208497970295,-0.001063370145857334,0,0.009999731555581093
angle,1780514208520381188,-0.001063464675098658,0,0.009999829344451427
angle,1780514208544985304,-0.001063554082065821,0,0.00999994296580553
angle,1780514208568155647,-0.001063638366758823,0,0.009999829344451427
angle,1780514208596227246,-0.001063717645592988,0,0.00999988429248333
angle,1780514208618743880,-0.001063791685737669,0,0.009999868459999561
angle,1780514208642331302,-0.001063860720023513,0,0.00999991875141859
angle,1780514208672972592,-0.001063924632035196,0,0.009999816305935383
angle,1780514208701324898,-0.001063983421772718,0,0.009999695234000683
angle,1780514208729958567,-0.001064037205651402,0,0.009999814443290234
angle,1780514208759328529,-0.001064085867255926,0,0.00999985821545124
angle,1780514208787865366,-0.001064129406586289,0,0.009999789297580719
angle,1780514208815346650,-0.001064167940057814,0,0.009999697096645832
angle,1780514208845373949,-0.0010642014676705,0,0.009999784640967846
angle,1780514208875923062,-0.001064229873009026,0,0.009999758563935757
angle,1780514208906525704,-0.001064253272488713,0,0.009999874979257584
angle,1780514208936043504,-0.001064271666109562,0,0.009999833069741726
angle,1780514208964674584,-0.001064285053871572,0,0.009999937377870083
angle,1780514208991567837,-0.001064293435774744,0,0.009999717585742474
angle,1780514209019703135,-0.001064296811819077,0,0.009999943897128105
angle,1780514209041644763,-0.001064295182004571,0,0.009999899193644524
angle,1780514209063573533,-0.001064288662746549,0,0.0099998963996768
angle,1780514209091658494,-0.001064277021214366,0,0.009999926201999187
angle,1780514209120643464,-0.001064260490238667,0,0.009999933652579784
angle,1780514209152076289,-0.00106423906981945,0,0.00999979767948389
angle,1780514209181449302,-0.001064212643541396,0,0.009999943897128105
angle,1780514209212731202,-0.001064181327819824,0,0.009999871253967285
angle,1780514209241066516,-0.001064145006239414,0,0.009999838657677174
angle,1780514209269508674,-0.001064103678800166,0,0.009999837726354599
angle,1780514209300199516,-0.001064057578332722,0,0.009999928064644337
angle,1780514209329957669,-0.00106400647200644,0,0.009999877773225307
angle,1780514209358587271,-0.001063950476236641,0,0.009999898262321949
angle,1780514209387430607,-0.001063889591023326,0,0.00999993085861206
angle,1780514209420685312,-0.001063823816366494,0,0.00999979954212904
angle,1780514209451264568,-0.001063753152266145,0,0.009999817237257957
angle,1780514209483725869,-0.001063677598722279,0,0.009999871253967285
angle,1780514209511004697,-0.001063597272150218,0,0.009999941103160381
angle,1780514209538756196,-0.001063512056134641,0,0.009999876841902733
angle,1780514209568012440,-0.001063421950675547,0,0.009999781847000122
angle,1780514209595314517,-0.001063327072188258,0,0.00999996904283762
angle,1780514209626045883,-0.001063227304257452,0,0.009999886155128479
angle,1780514209653162110,-0.001063122763298452,0,0.009999731555581093
angle,1780514209681361058,-0.001063013332895935,0,0.009999837726354599
angle,1780514209709114091,-0.001062899245880544,0,0.009999804198741913
angle,1780514209731156498,-0.001062780269421637,0,0.00999979954212904
angle,1780514209756661071,-0.001062656403519213,0,0.009999793022871017
angle,1780514209779563275,-0.001062527881003916,0,0.009999902918934822
angle,1780514209804862420,-0.001062394585460424,0,0.009999829344451427
angle,1780514209828294239,-0.001062256400473416,0,0.00999981164932251
angle,1780514209851549349,-0.001062113558873534,0,0.009999910369515419
angle,1780514209876578013,-0.001061966060660779,0,0.009999851696193218
angle,1780514209900759637,-0.001061813673004508,0,0.009999958798289299
angle,1780514209931056395,-0.001061611576005816,0,0.012811320833861828
angle,1780514209961500074,-0.001061448245309293,0,0.009999695234000683
angle,1780514209990227585,-0.001061280141584575,0,0.009999911300837994
angle,1780514210017492433,-0.001061107264831662,0,0.009999767877161503
angle,1780514210043613978,-0.001060929731465876,0,0.009999826550483704
angle,1780514210069621477,-0.001060747541487217,0,0.009999901056289673
angle,1780514210092109047,-0.001060560811311007,0,0.009999796748161316
angle,1780514210116340994,-0.001060369424521923,0,0.009999909438192844
angle,1780514210141210156,-0.00106017361395061,0,0.009999602101743221
angle,1780514210164034887,-0.001059973030351102,0,0.009999880567193031
angle,1780514210191208314,-0.001059768022969365,0,0.009999794885516167
angle,1780514210213390265,-0.001059558242559433,0,0.009999779053032398
angle,1780514210236095492,-0.00105934392195195,0,0.00999967660754919
angle,1780514210259556489,-0.001059124944731593,0,0.009999765083193779
angle,1780514210283018833,-0.001058901310898364,0,0.009999836795032024
angle,1780514210310946607,-0.001058673020452261,0,0.009999899193644524
angle,1780514210334299632,-0.001058440073393285,0,0.009999961592257023
angle,1780514210357567429,-0.001058202469721437,0,0.00999988429248333
angle,1780514210381870974,-0.001057960325852036,0,0.009999844245612621
angle,1780514210407115072,-0.001057713525369763,0,0.009999875910580158
angle,1780514210430129365,-0.001057462184689939,0,0.009999907575547695
angle,1780514210453790511,-0.001057206420227885,0,0.009999893605709076
angle,1780514210477798556,-0.001056945999152958,0,0.009999921545386314
angle,1780514210501168888,-0.00105668103788048,0,0.009999899193644524
angle,1780514210524940332,-0.001056411652825773,0,0.009999891743063927
angle,1780514210548072221,-0.001056137727573514,0,0.00999977346509695
angle,1780514210570939441,-0.001055859378539026,0,0.010000002570450306
angle,1780514210596575722,-0.001055576489306986,0,0.009999756701290607
angle,1780514210620659147,-0.001055289059877396,0,0.009999698959290981
angle,1780514210644443989,-0.001054997206665576,0,0.009999822825193405
angle,1780514210671660401,-0.001054700813256204,0,0.009999947622418404
angle,1780514210699130742,-0.001054399996064603,0,0.009999877773225307
angle,1780514210725969460,-0.001054094638675451,0,0.009999643079936504
angle,1780514210757238708,-0.001053784741088748,0,0.009999927133321762
angle,1780514210783940402,-0.001053470536135137,0,0.009999824687838554
angle,1780514210813704042,-0.001053151790983975,0,0.009999954141676426
angle,1780514210836615712,-0.001052828622050583,0,0.009999891743063927
angle,1780514210861279972,-0.001052501145750284,0,0.009999928995966911
angle,1780514210885832696,-0.001052169129252434,0,0.009999844245612621
angle,1780514210912776293,-0.001051832805387676,0,0.009999907575547695
angle,1780514210939131388,-0.001051492057740688,0,0.009999857284128666
angle,1780514210967698884,-0.001051147002726793,0,0.009999919682741165
angle,1780514210995132882,-0.001050797523930669,0,0.00999979954212904
angle,1780514211023820763,-0.001050443621352315,0,0.009999968111515045
angle,1780514211063574546,-0.001050085411407053,0,0.00999987032264471
angle,1780514211092226910,-0.001049722894094884,0,0.009999826550483704
angle,1780514211119607788,-0.001049355953000486,0,0.00999973900616169
angle,1780514211148169027,-0.00104898470453918,0,0.009999857284128666
angle,1780514211175182970,-0.001048609148710966,0,0.009999899193644524
angle,1780514211204173064,-0.001048229285515845,0,0.009999843314290047
angle,1780514211225348232,-0.001047844998538494,0,0.009999917820096016
angle,1780514211248599649,-0.001047456520609558,0,0.009999752976000309
angle,1780514211279388695,-0.001047063735313714,0,0.009999828413128853
angle,1780514211302948425,-0.001046666642650962,0,0.009999925270676613
angle,1780514211329664820,-0.001046265242621303,0,0.009999879635870457
angle,1780514211357507540,-0.001045859651640058,0,0.009999905712902546
angle,1780514211388067218,-0.001045449753291905,0,0.009999849833548069
angle,1780514211415633484,-0.001045035663992167,0,0.009999986737966537
angle,1780514211447461114,-0.001044617267325521,0,0.009999768808484077
angle,1780514211475705894,-0.001044194679707289,0,0.00999979767948389
angle,1780514211497037140,-0.001043767901137471,0,0.00999986007809639
angle,1780514211520215161,-0.001043336815200746,0,0.009999946691095829
angle,1780514211542901989,-0.001042901654727757,0,0.009999848902225494
angle,1780514211569013249,-0.00104246218688786,0,0.009999859146773815
angle,1780514211595712797,-0.001042018528096378,0,0.009999741800129414
angle,1780514211623691892,-0.00104157067835331,0,0.00999982375651598
angle,1780514211645102244,-0.001041118754073977,0,0.00999984610825777
angle,1780514211671205611,-0.00104066263884306,0,0.009999788366258144
angle,1780514211701831818,-0.001040202332660556,0,0.009999900124967098
angle,1780514211729318980,-0.001039737835526466,0,0.009999966248869896
angle,1780514211757088155,-0.001039269263856113,0,0.00999989453703165
angle,1780514211784967017,-0.001038796617649496,0,0.009999649599194527
angle,1780514211808513611,-0.001038319780491292,0,0.009999828413128853
angle,1780514211832687026,-0.001037838868796825,0,0.009999812580645084
angle,1780514211854948062,-0.001037353882566094,0,0.009999890811741352
angle,1780514211883947671,-0.001036864705383778,0,0.009999915026128292
angle,1780514211907107176,-0.001036371453665197,0,0.009999850764870644
angle,1780514211932264293,-0.001035874243825674,0,0.009999885223805904
angle,1780514211956583883,-0.001035372843034565,0,0.00999984610825777
angle,1780514211983242007,-0.001034867484122515,0,0.009999817237257957
angle,1780514212014038710,-0.001034357934258878,0,0.009999978356063366
angle,1780514212045293923,-0.001033834996633232,0,0.010184292681515217
angle,1780514212074268091,-0.001033317297697067,0,0.009999777190387249
angle,1780514212096649904,-0.001032795640639961,0,0.00999987218528986
angle,1780514212119651463,-0.001032270025461912,0,0.009999731555581093
angle,1780514212145362305,-0.0010317403357476,0,0.00999974925071001
angle,1780514212168766817,-0.001031206687912345,0,0.00999982375651598
angle,1780514212193899001,-0.001030669081956148,0,0.009999807924032211
angle,1780514212219050996,-0.001030010869726539,0,0.012141289189457893
angle,1780514212248429166,-0.001029463950544596,0,0.009999525733292103
angle,1780514212280467897,-0.001028913189657032,0,0.009982261806726456
angle,1780514212311313595,-0.001028358354233205,0,0.009999384172260761
angle,1780514212338008161,-0.001027799560688436,0,0.00999955553561449
angle,1780514212365612620,-0.001027236925438046,0,0.009999084286391735
angle,1780514212389363104,-0.001026670564897358,0,0.009999717585742474
angle,1780514212413052204,-0.001026100479066372,0,0.009999621659517288
angle,1780514212436700420,-0.001025526667945087,0,0.009999407455325127
angle,1780514212462468259,-0.001024949131533504,0,0.009999564848840237
angle,1780514212494300394,-0.001024367869831622,0,0.009999426081776619
angle,1780514212524508223,-0.001023782650008798,0,0.009999280795454979
angle,1780514212554609187,-0.001023193588480353,0,0.009999532252550125
angle,1780514212579281020,-0.001022600568830967,0,0.009999465197324753
angle,1780514212602340032,-0.001022003591060638,0,0.009999753907322884
angle,1780514212625472314,-0.001021402538754046,0,0.009999534115195274
angle,1780514212649232214,-0.001020797644741833,0,0.00999915786087513
angle,1780514212680881370,-0.001020188792608678,0,0.009999234229326248
angle,1780514212709047380,-0.001019576098769903,0,0.009999383240938187
angle,1780514212739308477,-0.001018959446810186,0,0.00999938603490591
angle,1780514212774570437,-0.00101833906956017,0,0.009999538771808147
angle,1780514212797925655,-0.001017714967019856,0,0.00999940000474453
angle,1780514212827633317,-0.001017087139189243,0,0.009999824687838554
angle,1780514212859796252,-0.001016455586068332,0,0.009999662637710571
angle,1780514212889603652,-0.001015820307657123,0,0.009999679401516914
angle,1780514212918942087,-0.001015181303955615,0,0.00999964028596878
angle,1780514212950835055,-0.00101453869137913,0,0.0099998963996768
angle,1780514212977612309,-0.001013892237097025,0,0.009999504312872887
angle,1780514213006569700,-0.001013242173939943,0,0.009999630972743034
angle,1780514213033966000,-0.001012588269077241,0,0.00999955553561449
angle,1780514213063733792,-0.001011930638924241,0,0.009999720379710197
angle,1780514213094398855,-0.001011269283480942,0,0.009999599307775497
angle,1780514213125554428,-0.001010604202747345,0,0.00999953132122755
angle,1780514213154804840,-0.001009935396723449,0,0.009999416768550873
angle,1780514213185047710,-0.001009262865409255,0,0.009999326430261135
angle,1780514213216630149,-0.001008586608804762,0,0.009999442845582962
angle,1780514213244957837,-0.001007906743325293,0,0.009999056346714497
angle,1780514213274499179,-0.001007223268970847,0,0.009999267756938934
angle,1780514213304919990,-0.001006536069326103,0,0.009999639354646206
angle,1780514213337270802,-0.001005845377221704,0,0.009999820031225681
angle,1780514213366765657,-0.001005151076242328,0,0.009999822825193405
angle,1780514213394983946,-0.001004453049972653,0,0.00999979954212904
angle,1780514213424669829,-0.001003751531243324,0,0.009999033994972706
angle,1780514213456979797,-0.00100304652005434,0,0.009999385103583336
angle,1780514213487487690,-0.001002337783575058,0,0.009998553432524204
angle,1780514213518445974,-0.001001625438220799,0,0.009999193251132965
angle,1780514213549452159,-0.001000909600406885,0,0.009999249130487442
angle,1780514213579166280,-0.001000190153717995,0,0.00999896228313446
angle,1780514213611722232,-0.000999467098154128,0,0.00999947264790535
angle,1780514213639187422,-0.000998740550130606,0,0.009999080561101437
angle,1780514213669666595,-0.000998010393232107,0,0.009999457746744156
angle,1780514213695483866,-0.000997276743873954,0,0.009999589063227177
angle,1780514213723151221,-0.000996539602056146,0,0.009999321773648262
angle,1780514213755726721,-0.000995798851363361,0,0.009998547844588757
angle,1780514213789593791,-0.000995054724626243,0,0.00999947264790535
angle,1780514213815114339,-0.000994307105429471,0,0.009998931549489498
angle,1780514213839395567,-0.000993555993773043,0,0.009999577887356281
angle,1780514213875724679,-0.000992801389656961,0,0.00999932736158371
angle,1780514213906810714,-0.000992043293081224,0,0.009999635629355907
angle,1780514213933513659,-0.000991281820461154,0,0.00999930128455162
angle,1780514213959719821,-0.000990516855381429,0,0.009999428875744343
angle,1780514213983669822,-0.000989748514257371,0,0.009999224916100502
angle,1780514214006961857,-0.000988976680673659,0,0.009999544359743595
angle,1780514214032132710,-0.000988201471045613,0,0.00999970268458128
angle,1780514214067546051,-0.000987422768957913,0,0.009999796748161316
angle,1780514214102370418,-0.00098664069082588,0,0.009998930618166924
angle,1780514214130406903,-0.000985855236649513,0,0.009999248199164867
angle,1780514214162543619,-0.000985066290013492,0,0.009999435395002365
angle,1780514214193694583,-0.00098427408374846,0,0.00999868381768465
angle,1780514214225341527,-0.000983478501439095,0,0.009999388828873634
angle,1780514214251109171,-0.000982679543085396,0,0.009999467059969902
angle,1780514214283957596,-0.000981877208687365,0,0.009999368339776993
angle,1780514214312022747,-0.000981071498245001,0,0.00999933760613203
angle,1780514214345558174,-0.000980262528173625,0,0.009999344125390053
angle,1780514214381165811,-0.000979450298473239,0,0.009999508038163185
angle,1780514214414195764,-0.000978634692728519,0,0.009999341331422329
angle,1780514214442783260,-0.000977815710939467,0,0.009999662637710571
angle,1780514214473842181,-0.000976993585936725,0,0.009999788366258144
angle,1780514214502684958,-0.000976168026681989,0,0.009999929927289486
angle,1780514214531393818,-0.000975339266005903,0,0.009999716654419899
angle,1780514214558644630,-0.000974507245700806,0,0.00999973714351654
angle,1780514214583991216,-0.000973671907559037,0,0.009999326430261135
angle,1780514214611186452,-0.000972833367995918,0,0.009999502450227737
angle,1780514214643271613,-0.000971991510596126,0,0.00999931339174509
angle,1780514214675063100,-0.000971146451774985,0,0.009999185800552368
angle,1780514214709128674,-0.000970298133324832,0,0.00999943446367979
angle,1780514214743544173,-0.000969446613453329,0,0.009999367408454418
angle,1780514214778589442,-0.000968591892160475,0,0.009999318979680538
angle,1780514214804579869,-0.000967733969446272,0,0.009999156929552555
angle,1780514214834190602,-0.000966872903518379,0,0.009999627247452736
angle,1780514214865029540,-0.000966008636169136,0,0.009999407455325127
angle,1780514214896933019,-0.000965141225606203,0,0.009999281726777554
angle,1780514214922215980,-0.000964270671829581,0,0.009999345056712627
angle,1780514214954801961,-0.000963396916631609,0,0.009999743662774563
angle,1780514214988010342,-0.000962520076427609,0,0.009999128989875317
angle,1780514215014223631,-0.000961640034802258,0,0.009999150410294533
angle,1780514215044831854,-0.000960756908170879,0,0.009999275207519531
angle,1780514215078350980,-0.00095987063832581,0,0.009999425150454044
angle,1780514215105306125,-0.000958981283474714,0,0.00999905914068222
angle,1780514215136298136,-0.000958088785409927,0,0.009999643079936504
angle,1780514215164528980,-0.000957193202339113,0,0.009999459609389305
angle,1780514215198042465,-0.00095629453426227,0,0.009999440051615238
angle,1780514215228318862,-0.000955392781179398,0,0.009999830275774002
angle,1780514215256967346,-0.000954488001298159,0,0.009999039582908154
angle,1780514215286305099,-0.000953580136410892,0,0.009999316185712814
angle,1780514215315734026,-0.000952669244725257,0,0.009999508038163185
angle,1780514215346279743,-0.000951755326241255,0,0.009999128989875317
angle,1780514215375335982,-0.000950838322751224,0,0.009999430738389492
angle,1780514215406476421,-0.000949918350670487,0,0.009999280795454979
angle,1780514215436989614,-0.000948995351791382,0,0.009999148547649384
angle,1780514215466707510,-0.000948069326113909,0,0.009998835623264313
angle,1780514215495738324,-0.000947140390053391,0,0.009999364614486694
angle,1780514215523710692,-0.000946208427194506,0,0.009999314323067665
angle,1780514215553231877,-0.000945273495744914,0,0.009999727830290794
angle,1780514215585032257,-0.000944335537496954,0,0.009999508038163185
angle,1780514215615206214,-0.000943394668865949,0,0.009875002317130566
angle,1780514215643906083,-0.000942450831644237,0,0.009998926892876625
angle,1780514215673654330,-0.000941504084039479,0,0.009999171830713749
angle,1780514215702627065,-0.000940554717089981,0,0.009999580681324005
angle,1780514215734856042,-0.000939602847211063,0,0.009999346919357777
angle,1780514215764894057,-0.000938648474402726,0,0.009998898953199387
angle,1780514215795093501,-0.000937691424041986,0,0.009999292902648449
angle,1780514215821184578,-0.000936731696128845,0,0.009999330155551434
angle,1780514215846133491,-0.000935768999624997,0,0.009999405592679977
angle,1780514215871151139,-0.000934803276322782,0,0.009999522008001804
angle,1780514215903550508,-0.000933834351599216,0,0.009999160654842854
angle,1780514215933043943,-0.00093286216724664,0,0.009998958557844162
angle,1780514215967893627,-0.000931886723265052,0,0.009999089874327183
angle,1780514216002444469,-0.000930908077862114,0,0.009999573230743408
angle,1780514216035291302,-0.000929926347453147,0,0.009999101981520653
angle,1780514216060805554,-0.000928941532038152,0,0.009999357163906097
angle,1780514216086702307,-0.000927953922655433,0,0.009999134577810764
angle,1780514216118319758,-0.000926963519304991,0,0.009999323636293411
angle,1780514216149947801,-0.000925970438402146,0,0.0099993497133255
angle,1780514216178518822,-0.000924974796362221,0,0.009998185560107231
angle,1780514216206632302,-0.000923976534977555,0,0.009999209083616734
angle,1780514216232251254,-0.000922975712455809,0,0.009999539703130722
angle,1780514216263866878,-0.000921972328796983,0,0.009998863562941551
angle,1780514216299114961,-0.000920966209378093,0,0.00999911967664957
angle,1780514216324302708,-0.000919957412406802,0,0.00999935157597065
angle,1780514216351322600,-0.000918945879675448,0,0.009999342262744904
angle,1780514216375827283,-0.00091793155297637,0,0.009999041445553303
angle,1780514216406950351,-0.000916914374101907,0,0.009999357163906097
angle,1780514216439993230,-0.00091589440125972,0,0.00999938789755106
angle,1780514216469040244,-0.000914871576242149,0,0.00999880488961935
angle,1780514216494338870,-0.000913846015464514,0,0.009999281726777554
angle,1780514216529172194,-0.000912817660719156,0,0.009999441914260387
angle,1780514216561046131,-0.000911786686629057,0,0.009999253787100315
angle,1780514216585681306,-0.000910752976778895,0,0.009999185800552368
angle,1780514216612381338,-0.000909716647583991,0,0.009999336674809456
angle,1780514216638260441,-0.000908677757252008,0,0.009999229572713375
angle,1780514216664288328,-0.000907636247575283,0,0.009999386966228485
angle,1780514216695591846,-0.000906592234969139,0,0.009999274276196957
angle,1780514216721113047,-0.000905545603018254,0,0.009998942725360394
angle,1780514216747968307,-0.000904496409930289,0,0.009999154135584831
angle,1780514216779305592,-0.000903444597497582,0,0.009999210014939308
angle,1780514216808684327,-0.000902390223927796,0,0.009999323636293411
angle,1780514216839277383,-0.000901333231013268,0,0.009999522008001804
angle,1780514216869544329,-0.00090027367696166,0,0.00999926682561636
angle,1780514216903485569,-0.000899211445357651,0,0.009999264031648636
angle,1780514216928916135,-0.000898146710824221,0,0.009999076835811138
angle,1780514216959579668,-0.00089707929873839,0,0.009998760186135769
angle,1780514216989078274,-0.00089600938372314,0,0.009998934343457222
angle,1780514217019894020,-0.00089493696577847,0,0.009999330155551434
angle,1780514217048874155,-0.000893861928489059,0,0.009999288246035576
angle,1780514217080042431,-0.00089278444647789,0,0.009999306872487068
angle,1780514217108729389,-0.000891704461537302,0,0.009999307803809643
angle,1780514217140402686,-0.000890622031874955,0,0.009999134577810764
angle,1780514217168798404,-0.000889537099283189,0,0.009999316185712814
angle,1780514217199394766,-0.000888449663762003,0,0.0099992286413908
angle,1780514217229311207,-0.000887359783519059,0,0.009999370202422142
angle,1780514217258825825,-0.000886267516762018,0,0.009999229572713375
angle,1780514217291383764,-0.000885172688867897,0,0.00999950710684061
angle,1780514217319614148,-0.000884075532667339,0,0.009999226778745651
angle,1780514217350161119,-0.000882975873537362,0,0.009999309666454792
angle,1780514217378373838,-0.000881873711477965,0,0.009999308735132217
angle,1780514217408154266,-0.000880769221112132,0,0.009999215602874756
angle,1780514217439329825,-0.000879662286024541,0,0.00999914389103651
angle,1780514217472598234,-0.000878552906215191,0,0.009999432601034641
angle,1780514217499340800,-0.000877441139891744,0,0.009999394416809082
angle,1780514217530056004,-0.000876326987054199,0,0.009998693130910397
angle,1780514217560789567,-0.000875210447702557,0,0.009999541565775871
angle,1780514217588348890,-0.000874091580044478,0,0.00999912153929472
angle,1780514217619962473,-0.000872970325872302,0,0.009999397210776806
angle,1780514217648909163,-0.000871846743393689,0,0.009999331086874008
angle,1780514217679359861,-0.000870720890816301,0,0.009999169036746025
angle,1780514217705220688,-0.000869592651724815,0,0.009998882189393044
angle,1780514217730362098,-0.000868462142534554,0,0.009999305941164494
angle,1780514217755977842,-0.000867329305037856,0,0.00999877043068409
angle,1780514217788931868,-0.000866194081027061,0,0.00999950896948576
angle,1780514217819041271,-0.000865056645125151,0,0.009999604895710945
angle,1780514217844251871,-0.000863916880916804,0,0.009999426081776619
angle,1780514217869912055,-0.000862774846609682,0,0.009999455884099007
angle,1780514217897255957,-0.000861630542203784,0,0.009999441914260387
angle,1780514217920181588,-0.000860483967699111,0,0.009999584406614304
angle,1780514217945392307,-0.000859335123095661,0,0.009999573230743408
angle,1780514217970905240,-0.000858184066601098,0,0.00999949499964714
angle,1780514217995697130,-0.000857030740007758,0,0.009999413043260574
angle,1780514218018613874,-0.000855875201523304,0,0.009999500587582588
angle,1780514218042479290,-0.000854717392940074,0,0.009999684989452362
angle,1780514218066932251,-0.000853557430673391,0,0.009999489411711693
angle,1780514218099018264,-0.000852395256515592,0,0.009999517351388931
angle,1780514218130472063,-0.000851230870466679,0,0.009998982772231102
angle,1780514218161043500,-0.000850064330734313,0,0.009999318979680538
angle,1780514218185515082,-0.000848895579110831,0,0.009999391622841358
angle,1780514218222245290,-0.000847724673803896,0,0.009999306872487068
angle,1780514218259001356,-0.000846551614813507,0,0.009998613968491554
angle,1780514218290836504,-0.000845376460347325,0,0.009999568574130535
angle,1780514218319904157,-0.000844199093990028,0,0.009999539703130722
angle,1780514218349928541,-0.000843019690364599,0,0.009999442845582962
angle,1780514218373963425,-0.000841838133055717,0,0.009999778121709824
angle,1780514218396396999,-0.000840654480271041,0,0.009999842382967472
angle,1780514218420875575,-0.000839468673802912,0,0.009999770671129227
angle,1780514218444527054,-0.00083828077185899,0,0.00999977346509695
angle,1780514218474178437,-0.000837090832646936,0,0.009999056346714497
angle,1780514218506616829,-0.000835898739751428,0,0.009999346919357777
angle,1780514218538538634,-0.000834704551380128,0,0.009999128989875317
angle,1780514218567647904,-0.000833508325740695,0,0.009999007917940617
angle,1780514218605758465,-0.00083231006283313,0,0.009999151341617107
angle,1780514218641610650,-0.000831109704449773,0,0.009999475441873074
angle,1780514218669100063,-0.000829907367005944,0,0.009999127127230167
angle,1780514218694910527,-0.000828703050501645,0,0.009999223984777927
angle,1780514218723223837,-0.000827496638521552,0,0.009999307803809643
angle,1780514218753930924,-0.000826288305688649,0,0.009999291971325874
angle,1780514218784583125,-0.000825077935587615,0,0.009999413974583149
angle,1780514218812771011,-0.000823865528218448,0,0.009999336674809456
angle,1780514218842864761,-0.000822651199996471,0,0.00999936368316412
angle,1780514218875596043,-0.000821434892714024,0,0.009999259375035763
angle,1780514218903232944,-0.000820216548163444,0,0.009999563917517662
angle,1780514218934922438,-0.000818996282760054,0,0.009999538771808147
angle,1780514218966398099,-0.000817774096503854,0,0.009999348782002926
angle,1780514218992102586,-0.000816549931187183,0,0.009999089874327183
angle,1780514219024405010,-0.00081532378681004,0,0.009999675676226616
angle,1780514219055501705,-0.000814095721580088,0,0.009998857975006104
angle,1780514219084970596,-0.000812865793704987,0,0.00999944657087326
angle,1780514219113299579,-0.000811633944977075,0,0.009999305941164494
angle,1780514219144284722,-0.000810400175396353,0,0.009999607689678669
angle,1780514219173268578,-0.000809164543170482,0,0.00999940000474453
angle,1780514219203026664,-0.000807926990091801,0,0.009999413043260574
angle,1780514219237692652,-0.000806687632575631,0,0.009999299421906471
angle,1780514219260840665,-0.000805446354206651,0,0.009999128058552742
angle,1780514219290719689,-0.000804203271400183,0,0.009999627247452736
angle,1780514219319885828,-0.000802958325948566,0,0.009999711997807026
angle,1780514219351079744,-0.0008017115178518,0,0.00999979767948389
angle,1780514219381638482,-0.000800462905317545,0,0.009999619796872139
angle,1780514219412731881,-0.000799212430138141,0,0.009999698959290981
angle,1780514219441423876,-0.000797960150521249,0,0.009999838657677174
angle,1780514219474881750,-0.000796706008259207,0,0.009999805130064487
angle,1780514219512957781,-0.000795450061559677,0,0.009999450296163559
angle,1780514219542204396,-0.00079419236863032,0,0.00999885331839323
angle,1780514219568549213,-0.000792932871263474,0,0.009999454952776432
angle,1780514219595817639,-0.00079167156945914,0,0.009998731315135956
angle,1780514219622705606,-0.000790408521424979,0,0.009999129921197891
angle,1780514219652965400,-0.000789143785368651,0,0.009999323636293411
angle,1780514219682544742,-0.000787877303082496,0,0.009998762980103493
angle,1780514219710507256,-0.000786609132774174,0,0.00999941024929285
angle,1780514219742683178,-0.000785339216236025,0,0.009999199770390987
angle,1780514219773753774,-0.000784067611675709,0,0.009999343194067478
angle,1780514219804968669,-0.000782794260885566,0,0.009999427944421768
angle,1780514219831122468,-0.000781519222073257,0,0.009999343194067478
angle,1780514219863927356,-0.00078024243703112,0,0.009999445639550686
angle,1780514219894590202,-0.000778964022174478,0,0.009999115951359272
angle,1780514219923325209,-0.000777683802880347,0,0.009999400936067104
angle,1780514219950885007,-0.00077640195377171,0,0.009999539703130722
angle,1780514219975615785,-0.000775118474848568,0,0.009999626316130161
angle,1780514219999202556,-0.000773833249695599,0,0.009999292902648449
angle,1780514220023664184,-0.000772546452935785,0,0.009999766014516354
angle,1780514220054473662,-0.000771258026361465,0,0.009999553672969341
angle,1780514220083806453,-0.000769967911764979,0,0.00999979767948389
angle,1780514220115715384,-0.000768676225561649,0,0.009999574162065983
angle,1780514220141398989,-0.000767382851336151,0,0.009999388828873634
angle,1780514220167529341,-0.00076608796371147,0,0.00999891385436058
angle,1780514220200707444,-0.000764791446272284,0,0.009999397210776806
angle,1780514220233525138,-0.000763493299018592,0,0.00999926682561636
angle,1780514220260234713,-0.000762193638365716,0,0.009999251924455166
angle,1780514220285845126,-0.000760892406105995,0,0.009999397210776806
angle,1780514220320013016,-0.00075958960223943,0,0.009999525733292103
angle,1780514220349633421,-0.000758285284973681,0,0.009999087080359459
angle,1780514220380978442,-0.000756979396101087,0,0.009999155066907406
angle,1780514220406537600,-0.00075567199382931,0,0.009999440051615238
angle,1780514220438854524,-0.000754363019950688,0,0.00999920628964901
angle,1780514220472042774,-0.000753052532672882,0,0.009998779743909836
angle,1780514220502219004,-0.000751740473788232,0,0.009999233298003674
angle,1780514220528029523,-0.000750427017919719,0,0.009999146685004234
angle,1780514220559458115,-0.000749112048652023,0,0.009999294765293598
angle,1780514220589724216,-0.00074779539136216,0,0.010000336915254593
angle,1780514220622341313,-0.000746477395296097,0,0.009999265894293785
angle,1780514220655574456,-0.00074515794403851,0,0.009999494068324566
angle,1780514220688470414,-0.000743837095797062,0,0.009999282658100128
angle,1780514220715109317,-0.000742514675948769,0,0.009999138303101063
angle,1780514220741648319,-0.000741190859116614,0,0.009999290108680725
angle,1780514220767191017,-0.000739865645300597,0,0.009998544119298458
angle,1780514220791969302,-0.000738538976293057,0,0.009999215602874756
angle,1780514220824343238,-0.000737210852093995,0,0.009999435395002365
angle,1780514220854053546,-0.000735881389118731,0,0.009999477304518223
angle,1780514220884674140,-0.000734550470951945,0,0.009998781606554985
angle,1780514220911553738,-0.000733218155801296,0,0.009999357163906097
angle,1780514220945281709,-0.000731884443666786,0,0.00999941024929285
angle,1780514220977519923,-0.000730549334548414,0,0.009999205358326435
angle,1780514221003951456,-0.000729212886653841,0,0.00999910943210125
angle,1780514221029452390,-0.000727875099983066,0,0.009999268688261509
angle,1780514221063660855,-0.000726535858120769,0,0.009999041445553303
angle,1780514221095814201,-0.000725195335689932,0,0.00999876856803894
angle,1780514221122576373,-0.000723853474482894,0,0.00999941024929285
angle,1780514221148509077,-0.000722510216291994,0,0.009998979978263378
angle,1780514221173553949,-0.000721165677532554,0,0.009999722242355347
angle,1780514221207007921,-0.000719819799996912,0,0.009999179281294346
angle,1780514221238960292,-0.000718472641892731,0,0.009999643079936504
angle,1780514221267243864,-0.00071712420322001,0,0.00999941024929285
angle,1780514221291967462,-0.000715774425771087,0,0.009999464266002178
angle,1780514221319608497,-0.000714423367753625,0,0.009999233298003674
angle,1780514221353985891,-0.000713071029167622,0,0.009999221190810204
angle,1780514221391250817,-0.00071171741001308,0,0.009999280795454979
angle,1780514221424066531,-0.000710362510289997,0,0.00999927893280983
angle,1780514221458246597,-0.000709006388206035,0,0.009998977184295654
angle,1780514221483969079,-0.000707648985553533,0,0.009999614208936691
angle,1780514221509566957,-0.000706290418747813,0,0.009999400936067104
angle,1780514221535080076,-0.000704930571373552,0,0.00999948475509882
angle,1780514221567356109,-0.000703569501638412,0,0.009999241679906845
angle,1780514221598197468,-0.000702207267750055,0,0.009999345988035202
angle,1780514221630103109,-0.000700843811500818,0,0.009999050758779049
angle,1780514221663128523,-0.000699479132890701,0,0.009999331086874008
angle,1780514221695324453,-0.000698113290127367,0,0.00999924261122942
angle,1780514221731789537,-0.000696746283210814,0,0.009999163448810577
angle,1780514221768046934,-0.00069537665694952,0,0.01000958401709795
angle,1780514221796105816,-0.000694007321726531,0,0.009999037720263004
angle,1780514221825828484,-0.000692636764142662,0,0.009999400936067104
angle,1780514221856095946,-0.000691265100613236,0,0.009999418631196022
angle,1780514221885986122,-0.000689892272930592,0,0.009999455884099007
angle,1780514221916234224,-0.000688518339302391,0,0.009999780915677547
angle,1780514221945200254,-0.000687143241520971,0,0.009999419562518597
angle,1780514221976968876,-0.000685767096001655,0,0.009999646805226803
angle,1780514222004862252,-0.00068438978632912,0,0.00999955553561449
angle,1780514222034353199,-0.000683011370711029,0,0.009999647736549377
angle,1780514222066493992,-0.000681631849147379,0,0.00999961793422699
angle,1780514222098705136,-0.000680251221638173,0,0.009999381378293037
angle,1780514222126767105,-0.000678869488183409,0,0.009998789057135582
angle,1780514222157045895,-0.000677486706990749,0,0.00999939814209938
angle,1780514222186018324,-0.000676102936267853,0,0.009999403730034828
angle,1780514222216184935,-0.0006747180595994,0,0.009999316185712814
angle,1780514222244877614,-0.00067333213519305,0,0.009998967871069908
angle,1780514222273940510,-0.000671945221256465,0,0.00999983586370945
angle,1780514222303342439,-0.000670557259581983,0,0.009999558329582214
angle,1780514222333613302,-0.000669168308377266,0,0.009999574162065983
angle,1780514222364764834,-0.000667778309434652,0,0.009999239817261696
angle,1780514222393265812,-0.000666387320961803,0,0.00999970268458128
angle,1780514222426537140,-0.000664937717374414,0,0.010413016192615032
angle,1780514222455612875,-0.00066354451701045,0,0.009999598376452923
angle,1780514222484217643,-0.000662150327116251,0,0.009999830275774002
angle,1780514222512282000,-0.000660755147691816,0,0.00999970082193613
angle,1780514222539892310,-0.000659359036944807,0,0.009999776259064674
angle,1780514222569247893,-0.000657961994875222,0,0.009999758563935757
angle,1780514222603369029,-0.000656564079690725,0,0.009999280795454979
angle,1780514222634668833,-0.000655165233183652,0,0.009999129921197891
angle,1780514222664881064,-0.000653765455354005,0,0.009999535977840424
angle,1780514222693282188,-0.000652364804409444,0,0.009999214671552181
angle,1780514222731299062,-0.000650234636850655,0,0.015188256278634071
angle,1780514222760196507,-0.000648655113764107,0,0.011233005672693253
angle,1780514222785894267,-0.000647247827146202,0,0.009999183937907219
angle,1780514222812921504,-0.00064584007486701,0,0.009999525733292103
angle,1780514222845367319,-0.000644432380795479,0,0.009999008849263191
angle,1780514222873872270,-0.000643024803139269,0,0.009999865666031837
angle,1780514222903723880,-0.000641617341898382,0,0.0099998340010643
angle,1780514222927485173,-0.000640209938865155,0,0.009999699890613556
angle,1780514222953258122,-0.000638802244793624,0,0.009999771602451801
angle,1780514222976487572,-0.000637394026853144,0,0.009999711066484451
angle,1780514223003534891,-0.000635984935797751,0,0.00999978743493557
angle,1780514223025550076,-0.000634574797004461,0,0.009999774396419525
angle,1780514223050794575,-0.000633163319434971,0,0.009999612346291542
angle,1780514223085868087,-0.000631750503089279,0,0.009999698027968407
angle,1780514223116711949,-0.000630336231552064,0,0.00999919418245554
angle,1780514223144865905,-0.000628920737653971,0,0.009999037720263004
angle,1780514223170223934,-0.000627504021394998,0,0.009999551810324192
angle,1780514223197028854,-0.00062608637381345,0,0.009999350644648075
angle,1780514223231828222,-0.00062466791132465,0,0.009999336674809456
angle,1780514223264351699,-0.00062324880855158,0,0.009999210014939308
angle,1780514223291645208,-0.000621829240117222,0,0.009999253787100315
angle,1780514223317833515,-0.000620409147813916,0,0.009999437257647514
angle,1780514223350405798,-0.000618988706264645,0,0.00999936182051897
angle,1780514223380399122,-0.000617567799054086,0,0.009999684989452362
angle,1780514223407979796,-0.000616146367974579,0,0.00999972689896822
angle,1780514223430485944,-0.000614724354818463,0,0.009999748319387436
angle,1780514223454689352,-0.000613301584962755,0,0.009999802336096764
angle,1780514223478689346,-0.000611878058407456,0,0.009999711066484451
angle,1780514223502976296,-0.000610453716944903,0,0.009999887086451054
angle,1780514223526582641,-0.000609028444159776,0,0.009999720379710197
angle,1780514223552491520,-0.000607602298259735,0,0.00999970082193613
angle,1780514223576737480,-0.000606175279244781,0,0.009999647736549377
angle,1780514223601404986,-0.000604747445322573,0,0.009999752976000309
angle,1780514223624629467,-0.000603318912908435,0,0.009999750182032585
angle,1780514223649652010,-0.000601889682002366,0,0.009999618865549564
angle,1780514223672096458,-0.000600459869019687,0,0.009999711066484451
angle,1780514223700502057,-0.0005990294739604,0,0.009999667294323444
angle,1780514223732978842,-0.000597598496824503,0,0.009999762289226055
angle,1780514223763041318,-0.000596167054027319,0,0.009999087080359459
angle,1780514223795925984,-0.000594735087361187,0,0.009999513626098633
angle,1780514223823459729,-0.000593302538618445,0,0.009999454021453857
angle,1780514223852353438,-0.000591869466006756,0,0.009999019093811512
angle,1780514223882878701,-0.000590435811318457,0,0.009998878464102745
angle,1780514223913075377,-0.000589001574553549,0,0.009999269619584084
angle,1780514223944535189,-0.000587566755712032,0,0.009998900815844536
angle,1780514223971915300,-0.000585541478358209,0,0.01410236582159996
angle,1780514224001687172,-0.000584102934226394,0,0.009999647736549377
angle,1780514224030441670,-0.00058266386622563,0,0.009999755769968033
angle,1780514224062620149,-0.000581224507186562,0,0.009999817237257957
angle,1780514224090605873,-0.000579785206355155,0,0.009999692440032959
angle,1780514224126037786,-0.000578345963731408,0,0.009999620728194714
angle,1780514224153015376,-0.000576906837522984,0,0.009999624453485012
angle,1780514224186471134,-0.00057546776952222,0,0.009999268688261509
angle,1780514224214146386,-0.000574028585106134,0,0.009998899884521961
angle,1780514224244919928,-0.000572589051444083,0,0.009999110363423824
angle,1780514224272800504,-0.000571149110328406,0,0.009999211877584457
angle,1780514224304733706,-0.000569708528928459,0,0.009999469853937626
angle,1780514224333618340,-0.000568267132621258,0,0.009998348541557789
angle,1780514224365500685,-0.000566824979614466,0,0.009999123401939869
angle,1780514224446004127,-0.000565381953492761,0,0.009999412111938
angle,1780514224493945806,-0.000563938112463802,0,0.009999522008001804
angle,1780514224547692844,-0.000562493689358234,0,0.009999223984777927
angle,1780514224583423477,-0.000561048567760736,0,0.009999550879001617
angle,1780514224621741486,-0.000559603038709611,0,0.009999760426580906
angle,1780514224658074691,-0.000558157102204859,0,0.009999444708228111
angle,1780514224684606284,-0.000556710874661803,0,0.009999765083193779
angle,1780514224712207978,-0.000555264414288104,0,0.009999586269259453
angle,1780514224735769917,-0.000553817662876099,0,0.00999955739825964
angle,1780514224762878299,-0.000552370678633451,0,0.009999684058129787
angle,1780514224789066224,-0.00055092346156016,0,0.009999455884099007
angle,1780514224817039690,-0.000549475837033242,0,0.009999430738389492
angle,1780514224843060646,-0.000548027921468019,0,0.009999534115195274
angle,1780514224868527694,-0.000546579598449171,0,0.009999394416809082
angle,1780514224896069950,-0.000545130867976695,0,0.009999237023293972
angle,1780514224921381769,-0.000543681671842933,0,0.009999426081776619
angle,1780514224944389083,-0.000542232010047883,0,0.009999670088291168
angle,1780514224968395485,-0.000540781940799206,0,0.009999669156968594
angle,1780514224991621760,-0.000539331405889243,0,0.009999570436775684
angle,1780514225015130477,-0.000537880521733314,0,0.009999607689678669
angle,1780514225038568019,-0.000536429230123758,0,0.00999964028596878
angle,1780514225062641646,-0.000534977647475898,0,0.009999561123549938
angle,1780514225085061794,-0.000533525773789734,0,0.009999649599194527
angle,1780514225108171165,-0.000532073609065264,0,0.009999510832130909
angle,1780514225130374877,-0.000530621211510152,0,0.009999560192227364
angle,1780514225154927469,-0.000529168522916734,0,0.009999672882258892
angle,1780514225178286263,-0.000527715601492673,0,0.00999969057738781
angle,1780514225201286344,-0.000526262447237968,0,0.00999915599822998
angle,1780514225225926798,-0.00052480906015262,0,0.009999671950936317
angle,1780514225251769814,-0.000523355382028967,0,0.00999941024929285
angle,1780514225278341063,-0.00052190141286701,0,0.009999086149036884
angle,1780514225304848343,-0.000520447152666748,0,0.009999631904065609
angle,1780514225334497529,-0.000518992659635842,0,0.009999425150454044
angle,1780514225359852055,-0.000517537933774292,0,0.009998939000070095
angle,1780514225386185434,-0.000516082916874439,0,0.009999532252550125
angle,1780514225411500775,-0.000514627667143941,0,0.009999333880841732
angle,1780514225439083647,-0.000513172242790461,0,0.009999087080359459
angle,1780514225467724365,-0.000511716527398676,0,0.009999388828873634
angle,1780514225497665582,-0.000510260695591569,0,0.009999118745326996
angle,1780514225522704085,-0.000508804630953819,0,0.009998996742069721
angle,1780514225546838226,-0.000507348391693085,0,0.009999756701290607
angle,1780514225569779340,-0.00050589197780937,0,0.009999585337936878
angle,1780514225594615981,-0.000504435389302671,0,0.009999547153711319
angle,1780514225617401007,-0.00050297862617299,0,0.009999293833971024
angle,1780514225641774837,-0.000501521630212665,0,0.009999680332839489
angle,1780514225666527162,-0.000500064517837018,0,0.009999707341194153
angle,1780514225690305463,-0.000498607289046049,0,0.009999633766710758
angle,1780514225716279326,-0.000497149827424437,0,0.009999626316130161
angle,1780514225740275382,-0.000495692249387503,0,0.009999725967645645
angle,1780514225767674243,-0.000494234496727586,0,0.009999762289226055
angle,1780514225789922793,-0.000492776627652347,0,0.009999564848840237
angle,1780514225813469529,-0.000491318642161787,0,0.009999692440032959
angle,1780514225836629256,-0.000489860540255904,0,0.009999619796872139
angle,1780514225864192016,-0.0004884023219347,0,0.009999590925872326
angle,1780514225887261721,-0.000486944045405835,0,0.009999671950936317
angle,1780514225910146335,-0.000485485652461648,0,0.009999710135161877
angle,1780514225934909010,-0.00048402717220597,0,0.00999970082193613
angle,1780514225959251173,-0.000482568662846461,0,0.009999653324484825
angle,1780514225982919032,-0.00048111003707163,0,0.009999627247452736
angle,1780514226008434961,-0.000479651353089139,0,0.009999440051615238
angle,1780514226035160822,-0.000478192640002817,0,0.009999571368098259
angle,1780514226062399590,-0.000476733868708834,0,0.009999278001487255
angle,1780514226086964572,-0.00047527503920719,0,0.009999439120292664
angle,1780514226112923888,-0.000473816180601716,0,0.009999413043260574
angle,1780514226138943581,-0.000472357292892411,0,0.009999517351388931
angle,1780514226165071918,-0.000470898346975446,0,0.009998689405620098
angle,1780514226191345805,-0.000469439459266141,0,0.009999154135584831
angle,1780514226219236974,-0.000467980542453006,0,0.009999372065067291
angle,1780514226244150745,-0.000466521625639871,0,0.009999374859035015
angle,1780514226272383013,-0.000465062708826736,0,0.009999620728194714
angle,1780514226301001007,-0.0004636037920136,0,0.009999345988035202
angle,1780514226325773649,-0.000462144904304296,0,0.009999299421906471
angle,1780514226351709111,-0.000460686016594991,0,0.009999362751841545
angle,1780514226376368241,-0.000459227157989517,0,0.009999586269259453
angle,1780514226403833093,-0.000457768270280212,0,0.009999659843742847
angle,1780514226428534823,-0.000456309440778568,0,0.009999426081776619
angle,1780514226454456130,-0.000454850640380755,0,0.009999214671552181
angle,1780514226483505683,-0.000453391898190603,0,0.009999186731874943
angle,1780514226509394567,-0.000451933214208111,0,0.009999343194067478
angle,1780514226537119345,-0.000450474617537111,0,0.009998748078942299
angle,1780514226565825900,-0.000449016108177602,0,0.009999270550906658
angle,1780514226591973935,-0.000447557657025754,0,0.009999281726777554
angle,1780514226617033476,-0.000446099351393059,0,0.009999307803809643
angle,1780514226642560122,-0.000444641133071855,0,0.009999212808907032
angle,1780514226670777737,-0.000443183002062142,0,0.009999348782002926
angle,1780514226696981746,-0.000441724987467751,0,0.009999532252550125
angle,1780514226723862115,-0.000440267031081021,0,0.009999171830713749
angle,1780514226751185185,-0.000438809220213443,0,0.009999269619584084
angle,1780514226778455339,-0.000437351525761187,0,0.009999449364840984
angle,1780514226805115968,-0.000435893947724253,0,0.009999044239521027
angle,1780514226830855933,-0.000434436486102641,0,0.009999215602874756
angle,1780514226857385670,-0.000432979170000181,0,0.009999331086874008
angle,1780514226883080531,-0.000431521999416873,0,0.009999197907745838
angle,1780514226912521150,-0.000430064945248887,0,0.009999505244195461
angle,1780514226940014471,-0.000428608065703884,0,0.009999453090131283
angle,1780514226965796453,-0.000427151360781863,0,0.009999426081776619
angle,1780514226994340968,-0.000425694830482826,0,0.009999473579227924
angle,1780514227023535601,-0.000424238474806771,0,0.00999944657087326
angle,1780514227051755345,-0.000422782293753698,0,0.00999950710684061
angle,1780514227080635097,-0.00042132634553127,0,0.009999259375035763
angle,1780514227106108085,-0.000419870542827994,0,0.009999753907322884
angle,1780514227133864483,-0.000418415002059191,0,0.009999028407037258
angle,1780514227161579655,-0.000416959665017202,0,0.0099993497133255
angle,1780514227192563732,-0.000415504531702027,0,0.00999897439032793
angle,1780514227219241620,-0.000414049573009834,0,0.009999344125390053
angle,1780514227245548012,-0.000412594905355945,0,0.009999383240938187
angle,1780514227274814546,-0.00041114044142887,0,0.00999942421913147
angle,1780514227302146618,-0.000409686239436269,0,0.009999259375035763
angle,1780514227334209763,-0.000408232270274311,0,0.00999948289245367
angle,1780514227363747016,-0.000406778533942997,0,0.009999516420066357
angle,1780514227393586426,-0.000405325059546158,0,0.009998779743909836
angle,1780514227419534436,-0.000403871847083792,0,0.009999539703130722
angle,1780514227446305661,-0.000402418925659731,0,0.00999969057738781
angle,1780514227478276157,-0.000400966266170144,0,0.009999585337936878
angle,1780514227507045686,-0.000399513897718862,0,0.009998939000070095
angle,1780514227533269441,-0.000398061820305884,0,0.009999757632613182
angle,1780514227560341884,-0.00039661000482738,0,0.009998824447393417
angle,1780514227588393036,-0.000395158509491012,0,0.009998833760619164
angle,1780514227614090068,-0.000393707334296778,0,0.009999020956456661
angle,1780514227644589371,-0.000392256479244679,0,0.009999237023293972
angle,1780514227670354552,-0.000390805944334716,0,0.009999269619584084
angle,1780514227700160112,-0.000389355758670717,0,0.009998942725360394
angle,1780514227726275144,-0.000387905922252685,0,0.009999154135584831
angle,1780514227752098773,-0.000386456435080618,0,0.009999215602874756
angle,1780514227777626757,-0.000385007268050686,0,0.009999248199164867
angle,1780514227806121827,-0.000383558450266719,0,0.0099994707852602
angle,1780514227832514117,-0.000382109952624887,0,0.009999075904488564
angle,1780514227859204940,-0.000380661804229021,0,0.00999941024929285
angle,1780514227883721053,-0.00037921400507912,0,0.009999413974583149
angle,1780514227910211610,-0.000377766584279016,0,0.0099997753277421
angle,1780514227936827377,-0.000376319512724876,0,0.009999755769968033
angle,1780514227964686430,-0.000374872848624364,0,0.009999697096645832
angle,1780514227990399547,-0.000373426533769816,0,0.009999757632613182
angle,1780514228019032507,-0.000371980626368895,0,0.009999213740229607
angle,1780514228044900743,-0.00037053509731777,0,0.00999915599822998
angle,1780514228071952422,-0.000369089975720271,0,0.009999278001487255
angle,1780514228098376634,-0.000367645261576399,0,0.009999293833971024
angle,1780514228126218109,-0.000366200983989984,0,0.00999944657087326
angle,1780514228155959903,-0.000364757172064856,0,0.009999269619584084
angle,1780514228182628725,-0.000363313796697184,0,0.009999514557421207
angle,1780514228208835719,-0.00036187085788697,0,0.009999078698456287
angle,1780514228236190023,-0.000360428384738043,0,0.009999551810324192
angle,1780514228265934261,-0.000358986348146573,0,0.009999394416809082
angle,1780514228293170633,-0.000357544748112559,0,0.009999222122132778
angle,1780514228322363831,-0.000356103642843664,0,0.009998826310038567
angle,1780514228350375675,-0.000354663003236055,0,0.009999427013099194
angle,1780514228377814040,-0.000353222829289734,0,0.009999404661357403
angle,1780514228405747008,-0.00035178309190087,0,0.009999333880841732
angle,1780514228428909263,-0.000350343849277124,0,0.00999982189387083
angle,1780514228455576278,-0.000348905101418495,0,0.009999744594097137
angle,1780514228477917538,-0.000347466819221154,0,0.009999789297580719
angle,1780514228504061728,-0.0003460290026851,0,0.009999808855354786
angle,1780514228528811648,-0.000344591680914164,0,0.009999865666031837
angle,1780514228553579050,-0.000343154853908345,0,0.009999483823776245
angle,1780514228579215375,-0.000341718521667644,0,0.009999742731451988
angle,1780514228601655789,-0.000340282713295892,0,0.009999731555581093
angle,1780514228624586739,-0.000338847428793088,0,0.009999807924032211
angle,1780514228649074478,-0.000337412668159232,0,0.00999965239316225
angle,1780514228674536506,-0.000335978489601985,0,0.009999776259064674
angle,1780514228698028682,-0.000334544834913686,0,0.009999662637710571
angle,1780514228726600654,-0.000333111733198166,0,0.009999659843742847
angle,1780514228753158475,-0.000331679184455425,0,0.009999374859035015
angle,1780514228779120913,-0.000330247246893123,0,0.009999037720263004
angle,1780514228806065804,-0.0003288158623036,0,0.009999535977840424
angle,1780514228833553289,-0.000327385059790686,0,0.00999918207526207
angle,1780514228862390383,-0.000325954868458211,0,0.009999307803809643
angle,1780514228890192168,-0.000324525230098516,0,0.009999331086874008
angle,1780514228918202391,-0.00032309623202309,0,0.009999264031648636
angle,1780514228943844517,-0.000321667816024274,0,0.009999576956033707
angle,1780514228970690291,-0.000320239982102066,0,0.009999481029808521
angle,1780514229001316787,-0.000318812759360299,0,0.009999495930969715
angle,1780514229027622701,-0.00031738611869514,0,0.009999278001487255
angle,1780514229053730180,-0.000315960089210421,0,0.00999892596155405
angle,1780514229077334772,-0.000314534670906141,0,0.009999389760196209
angle,1780514229107024216,-0.000313109892886132,0,0.009999532252550125
angle,1780514229133108759,-0.000311685696942732,0,0.00999930314719677
angle,1780514229158710615,-0.000310262170387432,0,0.009999502450227737
angle,1780514229182656439,-0.000308839284116402,0,0.009999618865549564
angle,1780514229207124844,-0.000307417038129643,0,0.00999948289245367
angle,1780514229232349610,-0.000305995432427153,0,0.00999940000474453
angle,1780514229257232352,-0.000304574496112764,0,0.009999476373195648
angle,1780514229283172485,-0.000303154229186475,0,0.009999580681324005
angle,1780514229308719760,-0.000301734631648287,0,0.009999764151871204
angle,1780514229332571599,-0.000300315674394369,0,0.009999725967645645
angle,1780514229357509671,-0.000298897415632382,0,0.009999340400099754
angle,1780514229382614690,-0.000297479826258495,0,0.00999914575368166
angle,1780514229408589326,-0.00029606293537654,0,0.009999845176935196
angle,1780514229436297202,-0.000294646713882685,0,0.009999074041843414
angle,1780514229463097351,-0.000293231219984591,0,0.009999427013099194
angle,1780514229493784670,-0.000291816424578428,0,0.009999423287808895
angle,1780514229519959995,-0.000290402356768027,0,0.009998136200010777
angle,1780514229547100578,-0.000288989016553387,0,0.00999938789755106
angle,1780514229573329472,-0.000287576433038339,0,0.009999324567615986
angle,1780514229602885924,-0.000286164577119052,0,0.009999346919357777
angle,1780514229629396381,-0.000284753448795527,0,0.009999186731874943
angle,1780514229662666194,-0.000283343048067763,0,0.009999269619584084
angle,1780514229691076753,-0.000281933433143422,0,0.009998984634876251
angle,1780514229718526682,-0.000280524516711012,0,0.009999233298003674
angle,1780514229749566723,-0.000279116356978193,0,0.009999146685004234
angle,1780514229802980958,-0.000277708953944966,0,0.009998761117458344
angle,1780514229859857012,-0.000276302307611331,0,0.009999500587582588
angle,1780514229911372329,-0.000274896388873458,0,0.009998372755944729
angle,1780514229947714454,-0.000273491255939007,0,0.0099992910400033
angle,1780514229981498756,-0.000272086879704148,0,0.00999910943210125
angle,1780514230013185154,-0.000270683318376541,0,0.009999279864132404
angle,1780514230043226178,-0.000269280571956187,0,0.009999535046517849
angle,1780514230071632673,-0.000267878582235426,0,0.009999250993132591
angle,1780514230099163657,-0.000266477407421917,0,0.009999386966228485
angle,1780514230126730773,-0.00026507701841183,0,0.009999050758779049
angle,1780514230154157322,-0.000263677444308996,0,0.009999316185712814
angle,1780514230180218945,-0.000262278685113415,0,0.009999503381550312
angle,1780514230205304187,-0.000260880711721256,0,0.009999548085033894
angle,1780514230233349621,-0.000259483582340181,0,0.009999201633036137
angle,1780514230264993119,-0.000258087209658697,0,0.009999359026551247
angle,1780514230292879567,-0.000256691710092127,0,0.00999924261122942
angle,1780514230323921046,-0.00025529699632898,0,0.009999566711485386
angle,1780514230349598507,-0.000253903155680746,0,0.009998858906328678
angle,1780514230375605384,-0.000252510188147426,0,0.009998644702136517
angle,1780514230402474757,-0.000251118064625189,0,0.009999233298003674
angle,1780514230427995556,-0.000249726785114035,0,0.009999340400099754
angle,1780514230454677521,-0.000248336378717795,0,0.009999492205679417
angle,1780514230480556245,-0.000246946874540299,0,0.009999383240938187
angle,1780514230514973725,-0.000245558243477717,0,0.009998875670135021
angle,1780514230541935103,-0.000244170485530049,0,0.009999412111938
angle,1780514230568237346,-0.000242783600697294,0,0.009999260306358337
angle,1780514230597509718,-0.000241397588979453,0,0.009999475441873074
angle,1780514230630250951,-0.000240012464928441,0,0.009999345056712627
angle,1780514230656358017,-0.000238628243096173,0,0.009999169036746025
angle,1780514230682204213,-0.000237244908930734,0,0.009998993948101997
angle,1780514230708301064,-0.000235862476984039,0,0.009999161586165428
angle,1780514230734848699,-0.000234480932704173,0,0.009999126195907593
angle,1780514230759712144,-0.000233100305194966,0,0.009999246336519718
angle,1780514230786491008,-0.000231720609008335,0,0.009999316185712814
angle,1780514230814511555,-0.000230341829592362,0,0.009999017231166363
angle,1780514230840772906,-0.000228963981498964,0,0.0099991075694561
angle,1780514230873141405,-0.000227587064728141,0,0.00999906100332737
angle,1780514230900392386,-0.000226211108383723,0,0.009999147616326809
angle,1780514230926351705,-0.000224836068809964,0,0.009999431669712067
angle,1780514230956006323,-0.000223462004214525,0,0.009999104775488377
angle,1780514230988940725,-0.000222088885493577,0,0.009998963214457035
angle,1780514231013493937,-0.000220716698095202,0,0.009998642839491367
angle,1780514231038328536,-0.000219345514778979,0,0.009999225847423077
angle,1780514231062661737,-0.000217975291889161,0,0.009999520145356655
angle,1780514231087388766,-0.000216606029425748,0,0.009999611414968967
angle,1780514231159668979,-0.000215237741940655,0,0.00999944843351841
angle,1780514231206548773,-0.000213870414881967,0,0.009999226778745651
angle,1780514231246314096,-0.000212504004593939,0,0.009999358095228672
angle,1780514231282621880,-0.000211138583836146,0,0.009997964836657047
angle,1780514231318974619,-0.000209774181712419,0,0.009998568333685398
angle,1780514231361436874,-0.000208410812774673,0,0.009998906403779984
angle,1780514231390152251,-0.000207048433367163,0,0.009999037720263004
angle,1780514231423547028,-0.000205687116249464,0,0.009999295696616173
angle,1780514231449977200,-0.000204326817765832,0,0.009999372065067291
angle,1780514231477617701,-0.00020296752336435,0,0.009999395348131657
angle,1780514231504552600,-0.00020160926214885,0,0.009998827241361141
angle,1780514231533476835,-0.0002002520050155,0,0.009999463334679604
angle,1780514231560515887,-0.000198895751964301,0,0.00999901071190834
angle,1780514231593718944,-0.000197540532099083,0,0.009998652152717113
angle,1780514231621118923,-0.000196186330867931,0,0.009999140165746212
angle,1780514231646855931,-0.000194833162822761,0,0.009999141097068787
angle,1780514231675593640,-0.000193481027963571,0,0.009999354369938374
angle,1780514231708202608,-0.000192129926290363,0,0.009999291971325874
angle,1780514231734124717,-0.000190779872355051,0,0.009999029338359833
angle,1780514231759372299,-0.000189430895261467,0,0.009999340400099754
angle,1780514231785611734,-0.000188082995009609,0,0.009999274276196957
angle,1780514231809554354,-0.000186736171599478,0,0.00999919418245554
angle,1780514231832871059,-0.000185390425031073,0,0.009999525733292103
angle,1780514231859440593,-0.000184045740752481,0,0.009999681264162064
angle,1780514231884304038,-0.0001827021187637,0,0.009999513626098633
angle,1780514231909521444,-0.000181359573616646,0,0.009999493137001991
angle,1780514231933458980,-0.000180018090759404,0,0.00999940000474453
angle,1780514232002033063,-0.000178677728399634,0,0.009999347850680351
angle,1780514232049853719,-0.000177338428329676,0,0.00999857485294342
angle,1780514232088852641,-0.000176000219653361,0,0.009998840279877186
angle,1780514232128591131,-0.000174663146026433,0,0.00999938603490591
angle,1780514232161627460,-0.000173327207448892,0,0.00999897439032793
angle,1780514232200637574,-0.00017199243302457,0,0.009999504312872887
angle,1780514232234270122,-0.000170658793649636,0,0.00999955553561449
angle,1780514232264098128,-0.000169326260220259,0,0.009999235160648823
angle,1780514232295356914,-0.000167994847288355,0,0.009999365545809269
angle,1780514232323629169,-0.000166664540302008,0,0.009999451227486134
angle,1780514232350174862,-0.000165335382916965,0,0.00999948475509882
angle,1780514232382872066,-0.000164007346029393,0,0.00999924261122942
angle,1780514232408807875,-0.00016268041508738,0,0.009999329224228859
angle,1780514232436160054,-0.000161354604642838,0,0.009999509900808334
angle,1780514232462769418,-0.0001600299437996,0,0.009999253787100315
angle,1780514232489849185,-0.000158706461661495,0,0.009999404661357403
angle,1780514232516179125,-0.000157384143676609,0,0.009999306872487068
angle,1780514232548098900,-0.000156062989844941,0,0.009999148547649384
angle,1780514232571958166,-0.000154743029270321,0,0.009999568574130535
angle,1780514232597800857,-0.000153424247400835,0,0.009999378584325314
angle,1780514232622752396,-0.000152106644236483,0,0.009999321773648262
angle,1780514232646993347,-0.000150790205225348,0,0.009999560192227364
angle,1780514232723518888,-0.000149474959471263,0,0.009999481961131096
angle,1780514232770179884,-0.000148160892422311,0,0.009998712688684464
angle,1780514232811728762,-0.000146848004078493,0,0.009998236782848835
angle,1780514232850064224,-0.000145536323543638,0,0.009999051690101624
angle,1780514232884858966,-0.000144225879921578,0,0.009998448193073273
angle,1780514232917732575,-0.000142916687764227,0,0.009999251924455166
angle,1780514232951897884,-0.000141608717967756,0,0.009999750182032585
angle,1780514232985137591,-0.000140301955980249,0,0.0099997129291296
angle,1780514233014912288,-0.00013899638724979,0,0.009999525733292103
angle,1780514233044265078,-0.00013769201177638,0,0.009999588131904602
angle,1780514233078645131,-0.000136388815008104,0,0.00999925285577774
angle,1780514233112318206,-0.000135086826048791,0,0.00999953132122755
angle,1780514233145038018,-0.000133786030346528,0,0.009999037720263004
angle,1780514233173256172,-0.000132486486108974,0,0.00999943632632494
angle,1780514233198662224,-0.000131188178784214,0,0.009999270550906658
angle,1780514233229977469,-0.000129891108372249,0,0.009999495930969715
angle,1780514233255221219,-0.000128595303976908,0,0.009999156929552555
angle,1780514233284366324,-0.000127300736494362,0,0.009999411180615425
angle,1780514233317792165,-0.000126007449580356,0,0.009999310597777367
angle,1780514233350194393,-0.000124715443234891,0,0.009999259375035763
angle,1780514233383253487,-0.000123424717457965,0,0.009999445639550686
angle,1780514233412155887,-0.000122135272249579,0,0.009998937137424946
angle,1780514233439811523,-0.000120847107609734,0,0.009999304078519344
angle,1780514233468732762,-0.000119560216262471,0,0.009999383240938187
angle,1780514233491515337,-0.000118274612759706,0,0.009999831207096577
angle,1780514233516934223,-0.000116990275273565,0,0.009999851696193218
angle,1780514233546456102,-0.000115707189252134,0,0.009999802336096764
angle,1780514233569928811,-0.000114425361971371,0,0.009999820031225681
angle,1780514233597997088,-0.000113144786155317,0,0.009999764151871204
angle,1780514233630701108,-0.00011186546907993,0,0.009999397210776806
angle,1780514233654512500,-0.000110587447124999,0,0.009999346919357777
angle,1780514233683395161,-0.000109310727566481,0,0.009999183937907219
angle,1780514233714947383,-0.00010803532495629,0,0.009999358095228672
angle,1780514233744583690,-0.000106761268398259,0,0.009999344125390053
angle,1780514233771386205,-0.000105488543340471,0,0.009998835623264313
angle,1780514233799290516,-0.000104217178886756,0,0.009999367408454418
angle,1780514233829366140,-0.000102947175037116,0,0.009998554363846779
angle,1780514233854625506,-0.000101678531791549,0,0.009999265894293785
angle,1780514233882463221,-0.000100411212770268,0,0.009999338537454605
angle,1780514233916537639,-0.000099145261629019,0,0.009999213740229607
angle,1780514233948987700,-0.000097880583780352,0,0.009999573230743408
angle,1780514233973948856,-0.000096617259259801,0,0.009999335743486881
angle,1780514234000090135,-0.000095355251687579,0,0.009999326430261135
angle,1780514234028659418,-0.0000940945756156,0,0.009999454021453857
angle,1780514234052976083,-0.000092835223767906,0,0.009999055415391922
angle,1780514234080080096,-0.000091577203420456,0,0.009999338537454605
angle,1780514234107812986,-0.00009032051457325,0,0.009999586269259453
angle,1780514234131786135,-0.000089065186330117,0,0.009999381378293037
angle,1780514234156751966,-0.000087811233242974,0,0.009999417699873447
angle,1780514234187182431,-0.000086558611656073,0,0.009999577887356281
angle,1780514234212787039,-0.000085307394328993,0,0.009999068453907967
angle,1780514234287578455,-0.000084057544881944,0,0.009999390691518784
angle,1780514234333076266,-0.000082809106970672,0,0.009998791851103306
angle,1780514234370211158,-0.000081562044215389,0,0.0099983811378479
angle,1780514234406008712,-0.000080316429375671,0,0.009998605586588383
angle,1780514234443472880,-0.0000790721969679,0,0.009999595582485199
angle,1780514234481616430,-0.000077829405199736,0,0.009999842382967472
angle,1780514234512220931,-0.000076588017691392,0,0.009999897330999374
angle,1780514234542399922,-0.000075348012614995,0,0.009999765083193779
angle,1780514234568706010,-0.000074109360866714,0,0.009999847039580345
angle,1780514234598530116,-0.000072872069722507,0,0.009999572299420834
angle,1780514234630079286,-0.000071636117354501,0,0.00999942235648632
angle,1780514234664331901,-0.000070401561970357,0,0.009999237954616547
angle,1780514234694060669,-0.000069168381742202,0,0.009999256581068039
angle,1780514234721168280,-0.000067936634877697,0,0.009999175556004047
angle,1780514234747951836,-0.000066706328652799,0,0.009999285452067852
angle,1780514234774100033,-0.000065477455791552,0,0.009999480098485947
angle,1780514234798000968,-0.000064250038121827,0,0.009999372065067291
angle,1780514234830032223,-0.000063024112023413,0,0.009998995810747147
angle,1780514234855094341,-0.00006179964839248,0,0.009998663328588009
angle,1780514234884056136,-0.000060576650867006,0,0.009999272413551807
angle,1780514234910356164,-0.000059355097619118,0,0.00999931525439024
angle,1780514234935076362,-0.000058134992286796,0,0.009999566711485386
angle,1780514234957022191,-0.000056916338508017,0,0.009999595582485199
angle,1780514234979048386,-0.000055699103540974,0,0.009999562986195087
angle,1780514235009496381,-0.000054483294661622,0,0.009999755769968033
angle,1780514235030939222,-0.000053268897318048,0,0.009999645873904228
angle,1780514235052915777,-0.000052055922424188,0,0.009999774396419525
angle,1780514235074694915,-0.000050844380893977,0,0.009999684058129787
angle,1780514235097956377,-0.000049634276365396,0,0.009999841451644897
angle,1780514235127368725,-0.000048425630666316,0,0.009999863803386688
angle,1780514235152092725,-0.000047218458348652,0,0.009999670088291168
angle,1780514235175077765,-0.000046012763050385,0,0.009999486617743969
angle,1780514235201512791,-0.000044808552047471,0,0.009999682195484638
angle,1780514235226527563,-0.00004360585444374,0,0.009998071007430553
angle,1780514235308687183,-0.000042404677515151,0,0.009999043308198452
angle,1780514235355732238,-0.000041205035813618,0,0.009999290108680725
angle,1780514235398850720,-0.000040006925701164,0,0.009999200701713562
angle,1780514235442727244,-0.000038810339901829,0,0.009999006986618042
angle,1780514235475736657,-0.000037615245673805,0,0.009998838417232037
angle,1780514235507814011,-0.000036421661206987,0,0.009999273344874382
angle,1780514235543896241,-0.000035229575587437,0,0.00999935157597065
angle,1780514235569536626,-0.000034038988815155,0,0.009999404661357403
angle,1780514235601864378,-0.000032849886338226,0,0.009999505244195461
angle,1780514235626300400,-0.000031662253604736,0,0.009999566711485386
angle,1780514235653390299,-0.000030476106985589,0,0.009999453090131283
angle,1780514235680539781,-0.000029291430109879,0,0.009999584406614304
angle,1780514235703674176,-0.000028108262995374,0,0.00999950896948576
angle,1780514235737657181,-0.000026926598366117,0,0.009999643079936504
angle,1780514235761161630,-0.000025746441679075,0,0.009999633766710758
angle,1780514235789583890,-0.000024567814762122,0,0.009999489411711693
angle,1780514235813715178,-0.000023390728529193,0,0.00999831035733223
angle,1780514235847268377,-0.000022215193894226,0,0.009999599307775497
angle,1780514235875473127,-0.000021041245418019,0,0.009998682886362076
angle,1780514235901451746,-0.000019868861272698,0,0.009999128058552742
angle,1780514235928072940,-0.000018698043277254,0,0.009999442845582962
angle,1780514235954882830,-0.000017528804164613,0,0.009999226778745651
angle,1780514235980687226,-0.000016361140296794,0,0.009999089874327183
angle,1780514236004426014,-0.000015195032574411,0,0.009999428875744343
angle,1780514236026772394,-0.000014030469174031,0,0.009999685920774937
angle,1780514236048942709,-0.000012867431905761,0,0.009999892674386501
angle,1780514236071168173,-0.000011705915312632,0,0.009999719448387623
angle,1780514236139866403,-0.000010545910299697,0,0.009999777190387249
angle,1780514236180150217,-0.000009387427780894,0,0.009999441914260387
angle,1780514236224371608,-0.000008230461389758,0,0.00999865960329771
angle,1780514236260084313,-0.000007075053872541,0,0.009999078698456287
angle,1780514236294055783,-0.000005921248884988,0,0.009999275207519531
angle,1780514236332488274,-0.000004769018687512,0,0.009999184869229794
angle,1780514236363241407,-0.000003618439222919,0,0.009998931549489498
angle,1780514236391985483,-0.000002469442051733,0,0.009999819099903107
angle,1780514236420596691,-0.000001322101184087,0,0.009999281726777554
angle,1780514236455389705,-1.76372878968e-7,0,0.009998834691941738
angle,1780514236486029189,9.67751930148e-7,0,0.009999237954616547
angle,1780514236513730646,0.000002110293735313,0,0.009999376721680164
angle,1780514236538926768,0.000003251267116866,0,0.009999413974583149
angle,1780514236569756433,0.000004390662979858,0,0.009999439120292664
angle,1780514236595049251,0.000005528488145501,0,0.009999346919357777
angle,1780514236622635748,0.000006664724878647,0,0.009999292902648449
angle,1780514236648314237,0.0000077993981904,0,0.00999941024929285
angle,1780514236682347737,0.000008932460332289,0,0.00999920628964901
angle,1780514236708704005,0.000010063924491988,0,0.009998251684010029
angle,1780514236734909162,0.000011193767932127,0,0.00999926682561636
angle,1780514236758588822,0.00001232196973433,0,0.009999223053455353
angle,1780514236782616943,0.000013448552635964,0,0.00999960582703352
angle,1780514236816813233,0.000014573499356629,0,0.009999382309615612
angle,1780514236845716148,0.000015696825357736,0,0.009999039582908154
angle,1780514236876808242,0.000016818508811411,0,0.009999174624681473
angle,1780514236906127409,0.000017938560631592,0,0.00999940000474453
angle,1780514236988325602,0.000019056984456256,0,0.00999937392771244
angle,1780514237035351204,0.00002017379301833,0,0.009998668916523457
angle,1780514237075641260,0.00002128896630893,0,0.009999014437198639
angle,1780514237114861455,0.000022402517060982,0,0.009999332949519157
angle,1780514237149208952,0.000023514425265603,0,0.009999295696616173
angle,1780514237178397241,0.000024624687284813,0,0.009998757392168045
angle,1780514237206975653,0.000025733306756592,0,0.009999238885939121
angle,1780514237239765517,0.000026840287318919,0,0.00999909546226263
angle,1780514237269913985,0.000027945632609772,0,0.009999255649745464
angle,1780514237299690351,0.00002904931352532,0,0.009999259375035763
angle,1780514237328214045,0.000030151357350405,0,0.009999370202422142
angle,1780514237356542869,0.000031251747714123,0,0.009999233298003674
angle,1780514237384669192,0.000032350475521525,0,0.0099991075694561
angle,1780514237418226681,0.000033447548048571,0,0.00999940000474453
angle,1780514237444998882,0.000034542950743344,0,0.009999241679906845
angle,1780514237476508065,0.000035636687243823,0,0.009999348782002926
angle,1780514237505011146,0.000036728764825966,0,0.009999307803809643
angle,1780514237533274371,0.000037819158023922,0,0.009999265894293785
angle,1780514237560252785,0.000038907892303541,0,0.00999925285577774
angle,1780514237594461399,0.000039994964026846,0,0.009999278001487255
angle,1780514237622250687,0.000041080376831815,0,0.00999927707016468
angle,1780514237654855024,0.000042164116166532,0,0.009998435154557228
angle,1780514237680721363,0.000043246156565147,0,0.009999290108680725
angle,1780514237713232379,0.000044326487113722,0,0.009999090805649757
angle,1780514237738598616,0.000045405147830024,0,0.009999481961131096
angle,1780514237769099190,0.00004648209142033,0,0.00999928917735815
angle,1780514237795581688,0.000047557350626448,0,0.009999348782002926
angle,1780514237827853260,0.000048630936362315,0,0.009999405592679977
angle,1780514237853988421,0.0000497028195241,0,0.009998716413974762
angle,1780514237884404629,0.000050773018301697,0,0.009999280795454979
angle,1780514237911733082,0.000051841529057128,0,0.009999369271099567
angle,1780514237960845809,0.000052908355428372,0,0.009999552741646767
angle,1780514238023486631,0.000053973497415427,0,0.009999478235840797
angle,1780514238071277952,0.000055036925914465,0,0.009998282417654991
angle,1780514238110650563,0.00005609865183942,0,0.009999090805649757
angle,1780514238143356941,0.000057158671552315,0,0.0099992286413908
angle,1780514238175797722,0.000058216963225277,0,0.00999948289245367
angle,1780514238206227430,0.000059273534134263,0,0.009999345988035202
angle,1780514238242941574,0.000060328380641295,0,0.00999925285577774
angle,1780514238270537624,0.00006138150638435,0,0.009999229572713375
angle,1780514238304511398,0.000062432933191303,0,0.009999537840485573
angle,1780514238331702985,0.000063482650148217,0,0.00999913364648819
angle,1780514238382789590,0.000064530649979133,0,0.009999359957873821
angle,1780514238407162380,0.000065576932684053,0,0.009999296627938747
angle,1780514238435282113,0.00006662148371106,0,0.009999285452067852
angle,1780514238461452728,0.000067664303060155,0,0.00999913178384304
angle,1780514238493819720,0.000068705412559211,0,0.009999261237680912
angle,1780514238516366112,0.00006974477582844,0,0.009999552741646767
angle,1780514238544610068,0.000070782407419756,0,0.009999794885516167
angle,1780514238569710329,0.000071818314609118,0,0.00999957975000143
angle,1780514238592982932,0.00007285248284461,0,0.009999752044677734
angle,1780514238617478751,0.000073884933954105,0,0.009999768808484077
angle,1780514238640615844,0.000074915660661645,0,0.009999889880418777
angle,1780514238668190516,0.000075944648415316,0,0.009999744594097137
angle,1780514238691883346,0.000076971904491074,0,0.009999394416809082
angle,1780514238722170852,0.000077997421612963,0,0.00999971479177475
angle,1780514238747451309,0.000079021199780982,0,0.009999371133744717
angle,1780514238774651353,0.000080043209891301,0,0.009999310597777367
angle,1780514238799826944,0.000081063459219877,0,0.00999937579035759
angle,1780514238825245709,0.00008208191866288,0,0.00999928917735815
angle,1780514238855616269,0.000083098602772225,0,0.009999317117035389
angle,1780514238883011719,0.00008411351882387,0,0.009999498724937439
angle,1780514238970476020,0.000085126674093772,0,0.009999490343034267
angle,1780514239026008760,0.000086138061305974,0,0.009998892433941364
angle,1780514239062595590,0.000087147687736433,0,0.009998825378715992
angle,1780514239107463166,0.000088155531557277,0,0.009999247267842293
angle,1780514239145566073,0.000089161621872336,0,0.009998705238103867
angle,1780514239176470423,0.000090165922301821,0,0.009998989291489124
angle,1780514239213334846,0.00009116847650148,0,0.009999200701713562
angle,1780514239243276489,0.000092169248091523,0,0.009999415837228298
angle,1780514239274611387,0.000093168244347908,0,0.009999510832130909
angle,1780514239301554962,0.000094165472546592,0,0.009999566711485386
angle,1780514239332581810,0.000095160947239492,0,0.009999635629355907
angle,1780514239362664271,0.000096154661150649,0,0.009999423287808895
angle,1780514239393522458,0.000097146607004106,0,0.009998892433941364
angle,1780514239417743965,0.000098136799351778,0,0.009999766014516354
angle,1780514239448947099,0.000099125201813877,0,0.009999758563935757
angle,1780514239474846458,0.000100111836218275,0,0.009999310597777367
angle,1780514239509503207,0.000101096688013058,0,0.009999246336519718
angle,1780514239535651680,0.000102079757198226,0,0.00999906100332737
angle,1780514239570026865,0.000103061014669947,0,0.009999512694776058
angle,1780514239597092783,0.000104040467704181,0,0.009999462403357029
angle,1780514239631839737,0.000105018109024968,0,0.009999304078519344
angle,1780514239656588620,0.000105993945908267,0,0.009999454952776432
angle,1780514239689703304,0.00010696797107812,0,0.009999117814004421
angle,1780514239719911815,0.000107940191810485,0,0.009999259375035763
angle,1780514239752986680,0.000108910608105361,0,0.009999412111938
angle,1780514239787258716,0.000109879212686792,0,0.009999280795454979
angle,1780514239813686021,0.000110846027382649,0,0.00999905914068222
angle,1780514239845712470,0.000111811059468891,0,0.009999193251132965
angle,1780514239875055679,0.000112774287117645,0,0.00999919231981039
angle,1780514239905926393,0.000113735724880826,0,0.009999598376452923
angle,1780514239935045432,0.000114695365482476,0,0.009999518282711506
angle,1780514239965989838,0.000115653208922595,0,0.009999525733292103
angle,1780514239995917459,0.000116609240649268,0,0.009999115020036697
angle,1780514240024888695,0.000117563475214411,0,0.009999495930969715
angle,1780514240056122014,0.000118515876238234,0,0.009999314323067665
angle,1780514240087833315,0.000119466458272655,0,0.009999774396419525
angle,1780514240114022463,0.000120415235869586,0,0.009999442845582962
angle,1780514240144854145,0.000121362201753072,0,0.009999101050198078
angle,1780514240175949298,0.00012230733409524,0,0.00999935157597065
angle,1780514240207338922,0.000123250647448003,0,0.009999312460422516
angle,1780514240234940262,0.000124192141811363,0,0.009999316185712814
angle,1780514240268997066,0.000125131773529574,0,0.00999915786087513
angle,1780514240298354694,0.000126069600810297,0,0.00999933760613203
angle,1780514240324199146,0.000127005579997785,0,0.00999901257455349
angle,1780514240355349455,0.00012793974019587,0,0.009999101050198078
angle,1780514240384577159,0.000128872081404552,0,0.009999060072004795
angle,1780514240414561907,0.000129802574519999,0,0.0099991699680686
angle,1780514240445297015,0.000130731234094128,0,0.0099992286413908
angle,1780514240475254809,0.000131658074678853,0,0.009999489411711693
angle,1780514240506400696,0.000132583067170344,0,0.009999572299420834
angle,1780514240534832715,0.000133506240672432,0,0.009999248199164867
angle,1780514240564845744,0.000134427595185116,0,0.00999957975000143
angle,1780514240595639657,0.000135347116156481,0,0.00999965239316225
angle,1780514240626848946,0.000136264818138443,0,0.009999261237680912
angle,1780514240658028275,0.000137180701131001,0,0.00999938603490591
angle,1780514240683666009,0.00013809472147841,0,0.009998162277042866
angle,1780514240719791215,0.0001390069082845,0,0.009999208152294159
angle,1780514240746341983,0.000139917246997356,0,0.009999435395002365
angle,1780514240775653605,0.000140825693961233,0,0.009999006986618042
angle,1780514240807321373,0.000141732307383791,0,0.009999165311455727
angle,1780514240834975162,0.000142637043609284,0,0.009999210946261883
angle,1780514240864921900,0.000143539931741543,0,0.009999190457165241
angle,1780514240894882681,0.000144441146403551,0,0.010001287795603275
angle,1780514240926116022,0.000145340338349342,0,0.009999069385230541
angle,1780514240955265111,0.000146237696753815,0,0.00999943632632494
angle,1780514240984481477,0.000147133192513138,0,0.00999867171049118
angle,1780514241014977976,0.000148026854731143,0,0.009999201633036137
angle,1780514241046624348,0.000148918668855913,0,0.009999634698033333
angle,1780514241074278927,0.000149808634887449,0,0.009999649599194527
angle,1780514241104128849,0.000150696752825752,0,0.009999126195907593
angle,1780514241135108175,0.00015158302267082,0,0.009999183006584644
angle,1780514241164971904,0.00015246742987074,0,0.009998314082622528
angle,1780514241196731099,0.00015334997442551,0,0.009999380446970463
angle,1780514241224347736,0.000154230641783215,0,0.009999462403357029
angle,1780514241254563669,0.000155109461047687,0,0.009999535046517849
angle,1780514241286220992,0.000155986388563178,0,0.009999262169003487
angle,1780514241316020379,0.000156861453433521,0,0.009999452158808708
angle,1780514241346035733,0.00015773467021063,0,0.009999321773648262
angle,1780514241376328312,0.000158606009790674,0,0.009998434223234653
angle,1780514241426312290,0.000159475501277484,0,0.009999467991292477
angle,1780514241458093913,0.000160343101015314,0,0.00999875832349062
angle,1780514241489927404,0.00016120882355608,0,0.009999275207519531
angle,1780514241522038393,0.000162072683451697,0,0.009999445639550686
angle,1780514241553999571,0.000162934680702165,0,0.009999367408454418
angle,1780514241585027268,0.000163794800755568,0,0.009999177418649197
angle,1780514241615959589,0.000164653058163822,0,0.009999423287808895
angle,1780514241647088550,0.000165509467478842,0,0.009999497793614864
angle,1780514241675369896,0.000166363985044882,0,0.009998979046940804
angle,1780514241705515564,0.000167216639965773,0,0.009999487549066544
angle,1780514241735618106,0.000168067417689599,0,0.009999261237680912
angle,1780514241765920382,0.000168916318216361,0,0.009999342262744904
angle,1780514241794384396,0.000169763341546059,0,0.009999279864132404
angle,1780514241827815691,0.000170608487678692,0,0.009999009780585766
angle,1780514241857005163,0.00017145175661426,0,0.009998928755521774
angle,1780514241885692965,0.000172293133800849,0,0.009999285452067852
angle,1780514241914268262,0.000173132619238459,0,0.009999166242778301
angle,1780514241947099154,0.000173970212927088,0,0.009999354369938374
angle,1780514241974499582,0.000174805929418653,0,0.00999911967664957
angle,1780514242004344112,0.000175639783265069,0,0.009999764151871204
angle,1780514242038881035,0.000176471716258675,0,0.009999684989452362
angle,1780514242065650162,0.000177301786607131,0,0.009999407455325127
angle,1780514242095942093,0.000178129994310439,0,0.009999547153711319
angle,1780514242125106891,0.000178956324816681,0,0.009999273344874382
angle,1780514242154936905,0.00017978077812586,0,0.009999480098485947
angle,1780514242186058615,0.000180603325134143,0,0.00999919418245554
angle,1780514242217956332,0.000181424009497277,0,0.009999248199164867
angle,1780514242245642367,0.000182242787559517,0,0.009998926892876625
angle,1780514242274572320,0.000183059659320861,0,0.009999259375035763
angle,1780514242308545348,0.000183874639333226,0,0.009999199770390987
angle,1780514242333799159,0.000184687713044696,0,0.009999612346291542
angle,1780514242366135132,0.000185498895007186,0,0.009999234229326248
angle,1780514242397332910,0.000186308170668781,0,0.00999931339174509
angle,1780514242426518845,0.000187115569133312,0,0.009999290108680725
angle,1780514242456108570,0.000187921075848863,0,0.009999681264162064
angle,1780514242484096218,0.000188724690815434,0,0.00999950710684061
angle,1780514242515740467,0.00018952639948111,0,0.009999687783420086
angle,1780514242544054962,0.000190326245501637,0,0.009999694302678108
angle,1780514242572482530,0.000191124199773185,0,0.009999710135161877
angle,1780514242601275778,0.000191920276847668,0,0.00999967660754919
angle,1780514242635780737,0.000192714462173171,0,0.009999728761613369
angle,1780514242662699818,0.00019350677030161,0,0.009999296627938747
angle,1780514242691341712,0.000194297157577239,0,0.009999704547226429
angle,1780514242721069010,0.000195085667655803,0,0.00999977346509695
angle,1780514242754068725,0.000195872256881557,0,0.009999558329582214
angle,1780514242794062933,0.000196656939806417,0,0.009999706409871578
angle,1780514242825187309,0.000197439716430381,0,0.009999120607972145
angle,1780514242857718651,0.000198220572201535,0,0.009999235160648823
angle,1780514242894106536,0.00019899953622371,0,0.009999469853937626
angle,1780514242934926161,0.000199776564841159,0,0.009999486617743969
angle,1780514242963509884,0.000200551687157713,0,0.009999348782002926
angle,1780514242992328912,0.000201324888621457,0,0.00999982189387083
angle,1780514243022508884,0.000202096183784306,0,0.0099997753277421
angle,1780514243054635333,0.000202865601750091,0,0.009999274276196957
angle,1780514243094105206,0.000203633127966896,0,0.00999903492629528
angle,1780514243125304546,0.000204398762434721,0,0.009998477064073086
angle,1780514243158958739,0.000205162476049736,0,0.009998947381973267
angle,1780514243192811486,0.000205924268811941,0,0.009999445639550686
angle,1780514243225017011,0.000206684155273251,0,0.009999316185712814
angle,1780514243261566119,0.000207442120881751,0,0.0099995331838727
angle,1780514243294512102,0.000208198165637441,0,0.009999049827456474
angle,1780514243324543310,0.000208952318644151,0,0.00999925285577774
angle,1780514243359581020,0.000209704550798051,0,0.009999305009841919
angle,1780514243394076118,0.000210454891202971,0,0.009999196045100689
angle,1780514243435538359,0.000211203325306997,0,0.009999320842325687
angle,1780514243475107419,0.000211949853110127,0,0.009998523630201817
angle,1780514243504282736,0.000212694489164278,0,0.009999235160648823
angle,1780514243535518522,0.000213437204365619,0,0.009999209083616734
angle,1780514243564255958,0.000214177998714149,0,0.009999413043260574
angle,1780514243593882910,0.000214916886761785,0,0.00999974925071001
angle,1780514243625551529,0.00021565385395661,0,0.009999729692935944
angle,1780514243655583492,0.000216388929402456,0,0.009999768808484077
angle,1780514243684098534,0.000217122098547406,0,0.009999815374612808
angle,1780514243705948777,0.000217853375943378,0,0.00999970268458128
angle,1780514243727843624,0.000218582761590369,0,0.009999673813581467
angle,1780514243751647996,0.000219310240936466,0,0.009999806061387062
angle,1780514243775874463,0.000220035828533582,0,0.00999984797090292
angle,1780514243801050802,0.000220759495277889,0,0.00999972503632307
angle,1780514243823834361,0.000221481241169386,0,0.009999692440032959
angle,1780514243847630263,0.000222201080759987,0,0.009999687783420086
angle,1780514243870776944,0.000222918984945863,0,0.009999670088291168
angle,1780514243895806192,0.00022363496827893,0,0.009999697096645832
angle,1780514243921713668,0.00022434901620727,0,0.009999656118452549
angle,1780514243944162169,0.000225061157834716,0,0.009999707341194153
angle,1780514243967642232,0.000225771378609352,0,0.009999798610806465
angle,1780514243990224778,0.000226479678531177,0,0.00999978557229042
angle,1780514244014992923,0.000227186057600193,0,0.009999653324484825
angle,1780514244037777863,0.000227890544920228,0,0.009999617002904415
angle,1780514244063724340,0.000228593111387454,0,0.0099997129291296
angle,1780514244087652337,0.000229293757001869,0,0.009999687783420086
angle,1780514244111132485,0.00022999249631539,0,0.009999757632613182
angle,1780514244135800500,0.000230689329328015,0,0.009999694302678108
angle,1780514244159626358,0.000231384256039746,0,0.009999684989452362
angle,1780514244183796712,0.000232077261898667,0,0.00999988429248333
angle,1780514244207943210,0.000232768361456692,0,0.009999644942581654
angle,1780514244236405699,0.000233457525609992,0,0.00999964028596878
angle,1780514244269903258,0.000234144783462398,0,0.009999584406614304
angle,1780514244299022733,0.000234830120461993,0,0.009999359026551247
angle,1780514244328138355,0.000235513536608778,0,0.009998876601457596
angle,1780514244353666028,0.000236195017350838,0,0.009999075904488564
angle,1780514244379915630,0.000236874577240087,0,0.009999402798712254
angle,1780514244413210105,0.000237555330386385,0,0.01004574354737997
angle,1780514244447550784,0.000238231019466184,0,0.00999966636300087
angle,1780514244475128937,0.000238904773141257,0,0.009999739937484264
angle,1780514244501665399,0.000239576635067351,0,0.00999978557229042
angle,1780514244533576738,0.00024024659069255,0,0.009999050758779049
angle,1780514244568595219,0.000240914640016854,0,0.009999479167163372
angle,1780514244595726951,0.000241580783040263,0,0.009999400936067104
angle,1780514244620964259,0.000242245019762777,0,0.009999282658100128
angle,1780514244653365242,0.000242907350184396,0,0.009999391622841358
angle,1780514244683146393,0.000243567759753205,0,0.009999262169003487
angle,1780514244714519743,0.000244226248469204,0,0.009999392554163933
angle,1780514244742495668,0.000244882830884308,0,0.009999208152294159
angle,1780514244773542327,0.00024553743423894,0,0.009999049827456474
angle,1780514244802603006,0.000246190145844594,0,0.009999141097068787
angle,1780514244833597782,0.000246840936597437,0,0.009999412111938
angle,1780514244862010484,0.000247489777393639,0,0.009999443776905537
angle,1780514244895652317,0.000248136726440862,0,0.009999418631196022
angle,1780514244921885033,0.000248781754635274,0,0.009998997673392296
angle,1780514244951127251,0.000249424861976877,0,0.00999947264790535
angle,1780514244983617124,0.0002500660775695,0,0.009999792091548443
angle,1780514245011248922,0.000250705372309312,0,0.009999544359743595
angle,1780514245040868432,0.000251342775300145,0,0.009999177418649197
angle,1780514245069169984,0.000251978286541998,0,0.009999576024711132
angle,1780514245097974941,0.000252611876931041,0,0.00999967660754919
angle,1780514245126520593,0.000253243546467274,0,0.00999963004142046
angle,1780514245156664231,0.000253873324254528,0,0.009999601170420647
angle,1780514245188011914,0.000254501181188971,0,0.009999675676226616
angle,1780514245218077205,0.000255127117270604,0,0.009999394416809082
angle,1780514245251620568,0.000255751161603257,0,0.009999232366681099
angle,1780514245284198021,0.00025637325597927,0,0.009999449364840984
angle,1780514245314285613,0.000256993429502472,0,0.00999931339174509
angle,1780514245342929695,0.000257611653069034,0,0.009999196045100689
angle,1780514245372889730,0.000258227984886616,0,0.00999926496297121
angle,1780514245403173985,0.000258842395851389,0,0.009999300353229046
angle,1780514245432946559,0.00025945485685952,0,0.009999467059969902
angle,1780514245463329627,0.000260065426118672,0,0.009999243542551994
angle,1780514245493195062,0.000260674074525014,0,0.009999452158808708
angle,1780514245522600147,0.000261280831182376,0,0.009999684989452362
angle,1780514245552895588,0.000261885696090758,0,0.009999430738389492
angle,1780514245581931969,0.00026248864014633,0,0.009999323636293411
angle,1780514245615398440,0.000263089692452922,0,0.009999562054872513
angle,1780514245645322928,0.000263688823906705,0,0.009999378584325314
angle,1780514245672520517,0.000264286063611507,0,0.009998848661780357
angle,1780514245704316609,0.00026488141156733,0,0.009998827241361141
angle,1780514245732120662,0.000265474809566513,0,0.00999907124787569
angle,1780514245756647134,0.000266066286712885,0,0.009998838417232037
angle,1780514245782019193,0.000266655843006447,0,0.009998846799135208
angle,1780514245806996608,0.000267243478447199,0,0.009999196045100689
angle,1780514245830580089,0.00026782916393131,0,0.009999187663197517
angle,1780514245854201684,0.000268412957666442,0,0.009999564848840237
angle,1780514245877847767,0.000268994859652594,0,0.009999629110097885
angle,1780514245902989774,0.000269574869889766,0,0.009999487549066544
angle,1780514245926092801,0.000270152959274128,0,0.009999506175518036
angle,1780514245949357394,0.000270729186013341,0,0.009999535046517849
angle,1780514245973531510,0.000271303550107405,0,0.00999943632632494
angle,1780514245997290612,0.000271875993348658,0,0.009999611414968967
angle,1780514246022321281,0.000272446544840932,0,0.009999468922615051
angle,1780514246047622076,0.000273015204584226,0,0.009999386966228485
angle,1780514246073005152,0.00027358194347471,0,0.009999365545809269
angle,1780514246098125185,0.000274146790616214,0,0.009998940862715244
angle,1780514246129952380,0.000274709687801078,0,0.009999148547649384
angle,1780514246162695857,0.000275270664133132,0,0.009999026544392109
angle,1780514246189552242,0.000275829719612375,0,0.009999220259487629
angle,1780514246215304764,0.000276386883342639,0,0.009999418631196022
angle,1780514246241451448,0.000276942097116262,0,0.009999232366681099
angle,1780514246274894546,0.000277495419140905,0,0.009999144822359085
angle,1780514246309342165,0.000278046849416569,0,0.009999328292906284
angle,1780514246336571964,0.000278596387943253,0,0.009998934343457222
angle,1780514246362370003,0.000279144005617127,0,0.009999438188970089
angle,1780514246393357434,0.000279689760645851,0,0.009999215602874756
angle,1780514246422748277,0.000280233623925596,0,0.0099992910400033
angle,1780514246453261290,0.000280775595456362,0,0.00999950896948576
angle,1780514246479344338,0.000281315675238147,0,0.009999215602874756
angle,1780514246506008764,0.000281853892374784,0,0.009999367408454418
angle,1780514246537038168,0.00028239018865861,0,0.009999380446970463
angle,1780514246567714593,0.000282924593193457,0,0.009999544359743595
angle,1780514246600157490,0.000283457105979323,0,0.009999305941164494
angle,1780514246625165090,0.000283987727016211,0,0.009999345988035202
angle,1780514246657730637,0.000284516427200288,0,0.009999444708228111
angle,1780514246693507853,0.000285043264739215,0,0.009999279864132404
angle,1780514246718461258,0.000285568181425333,0,0.00999927707016468
angle,1780514246746156826,0.000286091177258641,0,0.009999343194067478
angle,1780514246780304163,0.000286612310446799,0,0.00999925285577774
angle,1780514246809181583,0.000287131522782147,0,0.009999263100326061
angle,1780514246836075055,0.000287648843368515,0,0.009999316185712814
angle,1780514246865905188,0.000288164301309735,0,0.009999362751841545
angle,1780514246897087013,0.000288677838398144,0,0.009999136440455914
angle,1780514246927971073,0.000289189512841403,0,0.009999321773648262
angle,1780514246956776167,0.000289699295535684,0,0.009999232366681099
angle,1780514246985864301,0.000290207215584815,0,0.009999469853937626
angle,1780514247016537898,0.000290713214781135,0,0.009999437257647514
angle,1780514247046962948,0.000291217351332307,0,0.009999645873904228
angle,1780514247077611787,0.000291719625238329,0,0.00999942421913147
angle,1780514247106980122,0.000292219978291541,0,0.009999213740229607
angle,1780514247143960039,0.000293162534944713,0,0.018919505178928375
angle,1780514247169020033,0.000293659599265084,0,0.00999915786087513
angle,1780514247197620180,0.00029415448079817,0,0.009999370202422142
angle,1780514247227974324,0.000294646975817159,0,0.009999467991292477
angle,1780514247256982484,0.000295136938802898,0,0.009999320842325687
angle,1780514247289511316,0.000295624369755387,0,0.009999319911003113
angle,1780514247316371856,0.000296109326882288,0,0.009998536668717861
angle,1780514247347618713,0.000296591984806582,0,0.009999334812164307
angle,1780514247376805951,0.000297072518151253,0,0.00999892596155405
angle,1780514247406916648,0.000297551159746945,0,0.00999942235648632
angle,1780514247437061838,0.000298028026008978,0,0.009999225847423077
angle,1780514247468776143,0.000298503320664167,0,0.009999138303101063
angle,1780514247501625651,0.000298977043712512,0,0.009999451227486134
angle,1780514247529528350,0.000299449311569333,0,0.009998208843171597
angle,1780514247558488796,0.00029992003692314,0,0.009998967871069908
angle,1780514247588290783,0.000300389103358611,0,0.009999035857617855
angle,1780514247616901901,0.000300856481771916,0,0.009999319911003113
angle,1780514247647481456,0.000301322026643902,0,0.00999942421913147
angle,1780514247679863305,0.000301785650663078,0,0.009998547844588757
angle,1780514247707073793,0.000302247266517952,0,0.009999069385230541
angle,1780514247740616615,0.000302706816000864,0,0.009999305009841919
angle,1780514247766339869,0.000303164299111813,0,0.009999104775488377
angle,1780514247799296532,0.000303619744954631,0,0.009998978115618229
angle,1780514247831722789,0.000304073153529316,0,0.00999951921403408
angle,1780514247858210875,0.000304524583043531,0,0.009999418631196022
angle,1780514247885350097,0.000304974149912596,0,0.009999389760196209
angle,1780514247917076080,0.000305421883240342,0,0.009999200701713562
angle,1780514247948100884,0.000305867841234431,0,0.009999074973165989
angle,1780514247978437557,0.000306312023894861,0,0.009999560192227364
angle,1780514248001873496,0.000306754460325465,0,0.009999246336519718
angle,1780514248024633061,0.00030719515052624,0,0.009999701753258705
angle,1780514248050453438,0.000307634065393358,0,0.009999757632613182
angle,1780514248072441262,0.000308071204926819,0,0.0099996542558074
angle,1780514248095444893,0.00030850648181513,0,0.009999738074839115
angle,1780514248121369274,0.000308939925162122,0,0.00999976322054863
angle,1780514248145476995,0.000309371505863965,0,0.009999913163483143
angle,1780514248170952524,0.000309801136609167,0,0.009999819099903107
angle,1780514248194871543,0.000310228875605389,0,0.00999967660754919
angle,1780514248231480565,0.000310654722852632,0,0.009999376721680164
angle,1780514248264077241,0.000311078649247065,0,0.009999164380133152
angle,1780514248290198595,0.000311500683892518,0,0.009999403730034828
angle,1780514248318117905,0.000311920855892822,0,0.009999326430261135
angle,1780514248350839028,0.000312339136144146,0,0.009999523870646954
angle,1780514248386467631,0.000312755582854152,0,0.00999937392771244
angle,1780514248422175857,0.000313170225126669,0,0.009998882189393044
angle,1780514248453325490,0.000313583033857867,0,0.009999316185712814
angle,1780514248480892724,0.000313994009047747,0,0.009999224916100502
angle,1780514248506384288,0.000314403179800138,0,0.009998871013522148
angle,1780514248543968681,0.000314810546115041,0,0.00999928917735815
angle,1780514248580679867,0.000315216107992455,0,0.009999549016356468
angle,1780514248612575841,0.000315619807224721,0,0.00999973900616169
angle,1780514248643381807,0.000316021702019498,0,0.009999598376452923
angle,1780514248671563009,0.000316421734169126,0,0.009999837726354599
angle,1780514248696596452,0.000316819932777435,0,0.009999560192227364
angle,1780514248720261006,0.000317216268740594,0,0.00999943632632494
angle,1780514248746343258,0.000317610771162435,0,0.009999509900808334
angle,1780514248770652439,0.000318003440042958,0,0.00999948475509882
angle,1780514248795828522,0.000318394275382161,0,0.009999544359743595
angle,1780514248820635820,0.000318783248076215,0,0.009999534115195274
angle,1780514248854216096,0.000319170387228951,0,0.009999626316130161
angle,1780514248887701758,0.000319555721944198,0,0.009999574162065983
angle,1780514248913914160,0.000319939194014296,0,0.009999226778745651
angle,1780514248940110923,0.000320320890750736,0,0.009999480098485947
angle,1780514248966149193,0.000320700724842027,0,0.009999629110097885
angle,1780514248999590435,0.000321078754495829,0,0.009999364614486694
angle,1780514249031271855,0.000321454979712144,0,0.009999295696616173
angle,1780514249057252354,0.000321829342283309,0,0.009999469853937626
angle,1780514249081676936,0.000322201929520816,0,0.009999372996389866
angle,1780514249107286391,0.000322572654113173,0,0.009999318979680538
angle,1780514249132566249,0.000322941574268043,0,0.009999421425163746
angle,1780514249165075177,0.000323308689985424,0,0.009998936206102371
angle,1780514249196146856,0.000323673972161487,0,0.009999417699873447
angle,1780514249225248834,0.000324037449900061,0,0.00999950710684061
angle,1780514249252055949,0.000324399094097316,0,0.009999321773648262
angle,1780514249275724464,0.000324758933857083,0,0.009999450296163559
angle,1780514249300200184,0.000325116969179362,0,0.00999972503632307
angle,1780514249324221709,0.000325473200064152,0,0.009999748319387436
angle,1780514249346783101,0.000325827597407624,0,0.009999747388064861
angle,1780514249370510095,0.000326180219417438,0,0.009999670088291168
angle,1780514249392923708,0.000326531066093594,0,0.009999747388064861
angle,1780514249416741327,0.000326880079228431,0,0.009999741800129414
angle,1780514249441814617,0.00032722731702961,0,0.00999973714351654
angle,1780514249476419788,0.000327572750393301,0,0.009999762289226055
angle,1780514249506528049,0.000327916379319504,0,0.009999631904065609
angle,1780514249534494552,0.000328258203808218,0,0.009999844245612621
angle,1780514249558402794,0.000328598252963275,0,0.009999743662774563
angle,1780514249582980494,0.000328936468577012,0,0.009999683126807213
angle,1780514249607686773,0.000329272879753262,0,0.009999276138842106
angle,1780514249634611479,0.000329607486492023,0,0.009999184869229794
angle,1780514249661369137,0.000329940317897126,0,0.009999118745326996
angle,1780514249692894970,0.000330271315760911,0,0.009999562986195087
angle,1780514249723510642,0.000330600509187207,0,0.009999522008001804
angle,1780514249753516634,0.000330927927279845,0,0.009999360889196396
angle,1780514249783803062,0.000331253540934995,0,0.00999931339174509
angle,1780514249814025777,0.000331577379256487,0,0.00999945867806673
angle,1780514249848264762,0.000331899442244321,0,0.009999044239521027
angle,1780514249883482801,0.000332219729898497,0,0.009999429807066917
angle,1780514249908447719,0.000332538242219016,0,0.009999186731874943
angle,1780514249939266462,0.000332854950102046,0,0.009999529458582401
angle,1780514249969975631,0.000333169911755249,0,0.009998957626521587
angle,1780514250001429777,0.000333483098074794,0,0.009999331086874008
angle,1780514250030648577,0.00033379447995685,0,0.009999320842325687
angle,1780514250060361208,0.000334104086505249,0,0.009999414905905724
angle,1780514250143450476,0.00033441191771999,0,0.00999926682561636
angle,1780514250201238197,0.000334718002704903,0,0.009999184869229794
angle,1780514250242818051,0.000335022283252329,0,0.009958937764167786
angle,1780514250277599453,0.000335324613843113,0,0.009999350644648075
angle,1780514250307493330,0.000335624878061935,0,0.009999624453485012
angle,1780514250336295063,0.000335923250531778,0,0.009999205358326435
angle,1780514250363033062,0.000336219789460301,0,0.0099993497133255
angle,1780514250391524536,0.000336514669470489,0,0.009999618865549564
angle,1780514250418812497,0.000336807948770002,0,0.009999344125390053
angle,1780514250448684524,0.000337099656462669,0,0.00999938603490591
angle,1780514250480388218,0.000337389850756153,0,0.009999561123549938
angle,1780514250510542152,0.000337678444338962,0,0.009999251924455166
angle,1780514250540087010,0.000337965437211096,0,0.009999309666454792
angle,1780514250568632067,0.000338250742061064,0,0.009999250061810017
angle,1780514250598447426,0.000338534300681204,0,0.009999344125390053
angle,1780514250628277004,0.000338816054863855,0,0.009998965077102184
angle,1780514250659645963,0.000339095975505188,0,0.009999677538871765
angle,1780514250691528369,0.000339374004397541,0,0.009999462403357029
angle,1780514250721200618,0.000339650170644745,0,0.009999052621424198
angle,1780514250754658516,0.0003399244742468,0,0.009998980909585953
angle,1780514250789140318,0.000340196944307536,0,0.009999317117035389
angle,1780514250814405246,0.000340467609930784,0,0.009997895918786526
angle,1780514250839922790,0.000340736500220373,0,0.009999559260904789
angle,1780514250871351278,0.000341003673383966,0,0.009999174624681473
angle,1780514250897121167,0.000341269158525392,0,0.00999911967664957
angle,1780514250923161628,0.000341532955644652,0,0.009999139234423637
angle,1780514250954519739,0.000341795093845576,0,0.009999539703130722
angle,1780514250980207882,0.000342055573128164,0,0.009999250993132591
angle,1780514251003360448,0.000342314393492416,0,0.009999597445130348
angle,1780514251033787061,0.00034257149673067,0,0.009999520145356655
angle,1780514251058249345,0.000342826882842928,0,0.00999951921403408
angle,1780514251088087543,0.000343080551829189,0,0.009999296627938747
angle,1780514251119154412,0.000343332474585623,0,0.009999454021453857
angle,1780514251149542623,0.000343582622008398,0,0.009999290108680725
angle,1780514251173324622,0.000343830994097516,0,0.009999128989875317
angle,1780514251200189643,0.000344077619956806,0,0.009999478235840797
angle,1780514251228925541,0.000344322499586269,0,0.009999166242778301
angle,1780514251254360089,0.000344565603882074,0,0.009999549947679043
angle,1780514251332540755,0.000344806991051883,0,0.009998830035328865
angle,1780514251376051165,0.000345046661095694,0,0.009999285452067852
angle,1780514251412602120,0.000345284614013508,0,0.009999236091971397
angle,1780514251448775287,0.000345520849805325,0,0.009998654015362263
angle,1780514251485594326,0.000345755426678807,0,0.009999360889196396
angle,1780514251519931752,0.000345988286426291,0,0.009999041445553303
angle,1780514251557144157,0.000346219458151609,0,0.009999462403357029
angle,1780514251589778679,0.000346448970958591,0,0.009999396279454231
angle,1780514251618831033,0.000346676766639575,0,0.009999486617743969
angle,1780514251645883176,0.000346902845194563,0,0.009999086149036884
angle,1780514251678845639,0.000347127264831215,0,0.009999243542551994
angle,1780514251713208254,0.00034734993823804,0,0.009999602101743221
angle,1780514251738982519,0.000347570923622698,0,0.009999106638133526
angle,1780514251768956266,0.000347790191881359,0,0.009999455884099007
angle,1780514251793456151,0.000348007772117853,0,0.009999280795454979
angle,1780514251819933278,0.000348223635228351,0,0.009998991154134274
angle,1780514251845215251,0.000348437781212851,0,0.009999310597777367
angle,1780514251873822909,0.000348650239175186,0,0.009999139234423637
angle,1780514251899971889,0.000348861009115353,0,0.00999939814209938
angle,1780514251924935245,0.000349070091033354,0,0.009999432601034641
angle,1780514251958538538,0.00034927751403302,0,0.009999541565775871
angle,1780514251983906938,0.000349483219906688,0,0.009999604895710945
angle,1780514252016912161,0.00034968729596585,0,0.009999007917940617
angle,1780514252041951242,0.000349889654899016,0,0.009999590925872326
angle,1780514252073897750,0.000350090384017676,0,0.009999441914260387
angle,1780514252099608845,0.00035028942511417,0,0.009999477304518223
angle,1780514252129243285,0.000350486778188497,0,0.009999371133744717
angle,1780514252156743081,0.000350682443240657,0,0.00999910943210125
angle,1780514252188552520,0.000350876449374482,0,0.009999368339776993
angle,1780514252214290832,0.00035106876748614,0,0.009999465197324753
angle,1780514252238606636,0.000351259426679462,0,0.009999370202422142
angle,1780514252262751485,0.000351448397850618,0,0.009999687783420086
angle,1780514252286140005,0.000351635710103437,0,0.009999395348131657
angle,1780514252317180556,0.000351821363437921,0,0.009999558329582214
angle,1780514252343803833,0.000352005357854068,0,0.009999091736972332
angle,1780514252408242864,0.00035218769335188,0,0.009999272413551807
angle,1780514252474582646,0.000352368369931355,0,0.009999302215874195
angle,1780514252515596021,0.000352547387592494,0,0.009999245405197144
angle,1780514252563165131,0.000352724746335298,0,0.009999127127230167
angle,1780514252596777978,0.000352900446159765,0,0.009998619556427002
angle,1780514252629793354,0.000353074487065896,0,0.009999128989875317
angle,1780514252659982503,0.000353246898157522,0,0.009998898953199387
angle,1780514252690882303,0.000353417621226981,0,0.009999573230743408
angle,1780514252717082421,0.000353586714481935,0,0.009999198839068413
angle,1780514252743781691,0.000353754177922383,0,0.009999575093388557
angle,1780514252771454290,0.000353919982444495,0,0.009999239817261696
angle,1780514252799657667,0.000354084157152101,0,0.009999120607972145
angle,1780514252825030291,0.000354246702045202,0,0.009999547153711319
angle,1780514252850253824,0.000354407588019967,0,0.009999527595937252
angle,1780514252874709671,0.000354566873284057,0,0.009999201633036137
angle,1780514252904538452,0.000354724528733641,0,0.009999544359743595
angle,1780514252930234673,0.000354880554368719,0,0.009998863562941551
angle,1780514252956467791,0.000355034921085462,0,0.00999919418245554
angle,1780514252979179404,0.000355187687091529,0,0.00999920442700386
angle,1780514253003070555,0.000355338794179261,0,0.009999852627515793
angle,1780514253028394827,0.000355488300556317,0,0.009999403730034828
angle,1780514253055770119,0.000355636148015037,0,0.009999638423323631
angle,1780514253079547187,0.000355782394763082,0,0.009999534115195274
angle,1780514253103689396,0.000355927040800452,0,0.00999965239316225
angle,1780514253127262483,0.000356070057023317,0,0.009999499656260014
angle,1780514253154279054,0.000356211443431675,0,0.009999518282711506
angle,1780514253178878545,0.00035635125823319,0,0.009999540634453297
angle,1780514253209508527,0.000356489443220198,0,0.009999613277614117
angle,1780514253233899891,0.000356625998392701,0,0.00999903678894043
angle,1780514253257825460,0.000356760981958359,0,0.009999423287808895
angle,1780514253281587053,0.000356894335709512,0,0.00999907124787569
angle,1780514253305164462,0.00035702608874999,0,0.00999941024929285
angle,1780514253371977776,0.000357156211975962,0,0.009999285452067852
angle,1780514253419081620,0.000357284763595089,0,0.00999884121119976
angle,1780514253467775337,0.000357411685399711,0,0.00999861117452383
angle,1780514253505879562,0.000357537006493658,0,0.009999376721680164
angle,1780514253543109314,0.00035766075598076,0,0.009999756701290607
angle,1780514253581700808,0.000357782875653356,0,0.009999098256230354
angle,1780514253616021895,0.000357903423719108,0,0.009999255649745464
angle,1780514253647828522,0.000358022400178015,0,0.009999371133744717
angle,1780514253674654032,0.000358139775926247,0,0.009999674744904041
angle,1780514253700533242,0.000358255580067635,0,0.00999978557229042
angle,1780514253724835008,0.000358369812602177,0,0.00999972503632307
angle,1780514253752593154,0.000358482473529875,0,0.009999831207096577
angle,1780514253776321906,0.000358593533746898,0,0.009999766014516354
angle,1780514253800539455,0.000358703051460907,0,0.009999696165323257
angle,1780514253822687950,0.000358810997568071,0,0.00999978557229042
angle,1780514253846952697,0.00035891737206839,0,0.009999774396419525
angle,1780514253873673118,0.000359022174961865,0,0.009999695234000683
angle,1780514253900271031,0.000359125406248495,0,0.009999384172260761
angle,1780514253926748552,0.00035922703682445,0,0.009999404661357403
angle,1780514253952843059,0.00035932709579356,0,0.009998931549489498
angle,1780514253979710151,0.000359425612259656,0,0.009999178349971771
angle,1780514254008090564,0.000359522528015077,0,0.0099992910400033
angle,1780514254034477128,0.000359617872163653,0,0.009999407455325127
angle,1780514254062308160,0.000359711644705385,0,0.00999901257455349
angle,1780514254091816275,0.000359803874744102,0,0.009999402798712254
angle,1780514254120098429,0.000359894533175975,0,0.00999936368316412
angle,1780514254149205006,0.000359983678208664,0,0.009998784400522709
angle,1780514254177008678,0.000360071280738339,0,0.009999137371778488
angle,1780514254206297717,0.000360157311661169,0,0.009999183006584644
angle,1780514254234598194,0.000360241829184815,0,0.00999942421913147
angle,1780514254262979514,0.000360324804205447,0,0.00999911967664957
angle,1780514254289143807,0.000360406236723065,0,0.009998910129070282
angle,1780514254318553552,0.000360486126737669,0,0.009999394416809082
angle,1780514254346150469,0.000360564503353089,0,0.009998831897974014
angle,1780514254373319784,0.000360641308361664,0,0.009999123401939869
angle,1780514254401605316,0.000360716570867226,0,0.009999186731874943
angle,1780514254426790477,0.000360790319973603,0,0.009999427013099194
angle,1780514254451837073,0.000360862526576966,0,0.009999755769968033
angle,1780514254477977051,0.000360933190677315,0,0.00999972503632307
angle,1780514254505994367,0.000361002370482311,0,0.009998420253396034
angle,1780514254532713354,0.000361070007784292,0,0.009999278001487255
angle,1780514254558879090,0.000361136102583259,0,0.00999946054071188
angle,1780514254586088493,0.000361200713086873,0,0.009999611414968967
angle,1780514254615082816,0.000361263781087473,0,0.009999055415391922
angle,1780514254645074393,0.000361325364792719,0,0.009999205358326435
angle,1780514254672061869,0.000361385493306443,0,0.010014809668064117
angle,1780514254696605574,0.000361444050213322,0,0.009999362751841545
angle,1780514254769077441,0.000361501064617187,0,0.009999798610806465
angle,1780514254813864000,0.000361556594725698,0,0.00999949686229229
angle,1780514254851734797,0.000361610611435026,0,0.009999183937907219
angle,1780514254889179524,0.00036166311474517,0,0.009999096393585205
angle,1780514254924751053,0.000361714133759961,0,0.009998886846005917
angle,1780514254962612967,0.000361763639375567,0,0.00999943632632494
angle,1780514254993820514,0.000361811660695821,0,0.009999148547649384
angle,1780514255021983244,0.000361858168616891,0,0.009998544119298458
angle,1780514255052919853,0.000361903192242607,0,0.009999465197324753
angle,1780514255082841503,0.00036194670246914,0,0.009999296627938747
angle,1780514255110132062,0.00036198872840032,0,0.009999248199164867
angle,1780514255138100704,0.000362029299139977,0,0.009999251924455166
angle,1780514255164152541,0.000362068356480449,0,0.009999427013099194
angle,1780514255196686904,0.0003621059586294,0,0.009999396279454231
angle,1780514255224627635,0.000362142076482996,0,0.009999199770390987
angle,1780514255250391715,0.00036217671004124,0,0.009999378584325314
angle,1780514255276796041,0.000362209888407961,0,0.009999096393585205
angle,1780514255302555010,0.000362241582479328,0,0.009998896159231663
angle,1780514255326306308,0.000362271792255342,0,0.009998985566198826
angle,1780514255353280951,0.000362300546839833,0,0.009998973459005356
angle,1780514255380374616,0.000362327817128971,0,0.009999196976423264
angle,1780514255408374743,0.000362353603122756,0,0.009998375549912453
angle,1780514255487998695,0.000362377963028848,0,0.009999268688261509
angle,1780514255538042400,0.000362400809535757,0,0.009999391622841358
angle,1780514255580187335,0.000362422229954973,0,0.009998809546232224
angle,1780514255616104384,0.000362442195182666,0,0.009999102912843227
angle,1780514255650787046,0.000362460705218837,0,0.00999931339174509
angle,1780514255685402645,0.000362477760063484,0,0.009998836554586887
angle,1780514255714738596,0.000362493359716609,0,0.00999937579035759
angle,1780514255743704109,0.000362507533282042,0,0.00999930314719677
angle,1780514255771697246,0.000362520251655951,0,0.00999932736158371
angle,1780514255798745496,0.000362531543942168,0,0.00999936182051897
angle,1780514255829269970,0.000362541381036863,0,0.00999937579035759
angle,1780514255856918399,0.000362549792043865,0,0.00999941024929285
angle,1780514255884244744,0.000362556747859344,0,0.00999926496297121
angle,1780514255909602750,0.000362562277587131,0,0.009999449364840984
angle,1780514255934640325,0.000362566381227225,0,0.009999383240938187
angle,1780514255958979427,0.000362569058779627,0,0.009999630972743034
angle,1780514255984116312,0.000362570281140506,0,0.009999655187129974
angle,1780514256010320982,0.000362570077413693,0,0.009998507797718048
angle,1780514256034289604,0.000362568476703018,0,0.009999187663197517
angle,1780514256063232936,0.00036256542080082,0,0.009999722242355347
angle,1780514256087222287,0.00036256093881093,0,0.0099994707852602
angle,1780514256112264457,0.000362555059837177,0,0.00999955553561449
angle,1780514256137516631,0.000362547754775733,0,0.009999506175518036
angle,1780514256162024566,0.000362539052730426,0,0.009999476373195648
angle,1780514256189452881,0.000362528953701258,0,0.009999454021453857
angle,1780514256214499102,0.000362517428584397,0,0.009999645873904228
angle,1780514256240309719,0.000362504506483674,0,0.009999326430261135
angle,1780514256264704251,0.000362490158295259,0,0.009999370202422142
angle,1780514256290857665,0.000362474442226812,0,0.009999518282711506
angle,1780514256319448688,0.000362457300070673,0,0.0099995331838727
angle,1780514256344342656,0.000362438760930672,0,0.009999597445130348
angle,1780514256370281194,0.00036241885391064,0,0.009999452158808708
angle,1780514256395919152,0.000362397520802915,0,0.009999179281294346
angle,1780514256422102516,0.000362374790711328,0,0.00999942235648632
angle,1780514256448385964,0.00036235069273971,0,0.009999536909162998
angle,1780514256476052351,0.00036232519778423,0,0.00999936368316412
angle,1780514256500949801,0.000362298305844888,0,0.009999497793614864
angle,1780514256527033769,0.000362270046025515,0,0.009999427013099194
angle,1780514256552984825,0.000362240389222279,0,0.00999925471842289
angle,1780514256580503820,0.000362209364539012,0,0.009999626316130161
angle,1780514256608543597,0.000362176971975714,0,0.009999711997807026
angle,1780514256633979815,0.000362143211532384,0,0.00999961793422699
angle,1780514256659771917,0.000362108083209023,0,0.009999483823776245
angle,1780514256685733910,0.00036207158700563,0,0.009998947381973267
angle,1780514256712250323,0.000362033722922206,0,0.009853873401880264
angle,1780514256737521578,0.000361994141712785,0,0.009998955763876438
angle,1780514256764829664,0.000361952697858214,0,0.009999736212193966
angle,1780514256790731669,0.000361909653292969,0,0.009999353438615799
angle,1780514256818323371,0.000361865299055353,0,0.009999084286391735
angle,1780514256843687400,0.000361819838872179,0,0.00999955553561449
angle,1780514256867579403,0.00036177336005494,0,0.009999589063227177
angle,1780514256892770008,0.000361725979018956,0,0.009999413043260574
angle,1780514256918782967,0.000361677608452737,0,0.009999764151871204
angle,1780514256945054550,0.000361628219252452,0,0.009999248199164867
angle,1780514256972236963,0.000361577695002779,0,0.009999294765293598
angle,1780514256997927457,0.000361525861080736,0,0.009999405592679977
angle,1780514257026981329,0.000361472601071,0,0.00999940000474453
angle,1780514257053023196,0.000361417856765911,0,0.009999187663197517
angle,1780514257080478951,0.000361361511750147,0,0.009999165311455727
angle,1780514257107960418,0.000361303595127538,0,0.009999111294746399
angle,1780514257135564506,0.000361244077794254,0,0.009999261237680912
angle,1780514257161772073,0.000361183047061786,0,0.00999920628964901
angle,1780514257187177655,0.000361120561137795,0,0.009999334812164307
angle,1780514257216694336,0.000361056678229943,0,0.009998982772231102
angle,1780514257245798430,0.00036099151475355,0,0.009999043308198452
angle,1780514257272199740,0.000360925099812448,0,0.009999421425163746
angle,1780514257300138989,0.000360857491614297,0,0.009999526664614677
angle,1780514257328328192,0.000360788719262928,0,0.009999513626098633
angle,1780514257355090278,0.00036071878275834,0,0.009999332949519157
angle,1780514257382278151,0.000360647652996704,0,0.009999469853937626
angle,1780514257410234097,0.000360575300874189,0,0.009999348782002926
angle,1780514257439769214,0.000360501668183133,0,0.009999259375035763
angle,1780514257469141611,0.000360426725819707,0,0.009999068453907967
angle,1780514257497234221,0.00036035044468008,0,0.009999215602874756
angle,1780514257526381197,0.000360272795660421,0,0.009999249130487442
angle,1780514257553546813,0.000360193778760731,0,0.009999512694776058
angle,1780514257578999125,0.00036011339398101,0,0.009999455884099007
angle,1780514257606104274,0.000360031641321257,0,0.009999296627938747
angle,1780514257632600450,0.000359948549885303,0,0.009999336674809456
angle,1780514257660907364,0.000359864148776978,0,0.009999229572713375
angle,1780514257691616868,0.000359778467100114,0,0.009999126195907593
angle,1780514257722391614,0.000359691533958539,0,0.009999355301260948
angle,1780514257749114651,0.000359603349352255,0,0.009999292902648449
angle,1780514257775630769,0.000359513913281262,0,0.00999921839684248
angle,1780514257804722250,0.00035942328395322,0,0.009999467991292477
angle,1780514257831053116,0.000359331403160468,0,0.009999224916100502
angle,1780514257858311982,0.000359238270903006,0,0.009999382309615612
angle,1780514257886268674,0.000359143887180835,0,0.009999355301260948
angle,1780514257916182286,0.000359048251993954,0,0.009999237954616547
angle,1780514257943333992,0.000358951365342364,0,0.009999321773648262
angle,1780514257971280283,0.000358853169018403,0,0.009999348782002926
angle,1780514257998788778,0.000358753692125902,0,0.00999907311052084
angle,1780514258024120749,0.000358652963768691,0,0.009999033994972706
angle,1780514258047767129,0.00035855092573911,0,0.009999780915677547
angle,1780514258073867291,0.000358447636244819,0,0.009999802336096764
angle,1780514258100357230,0.000358343095285818,0,0.009999421425163746
angle,1780514258127187668,0.000358237302862108,0,0.009998828172683716
angle,1780514258154322464,0.000358130258973688,0,0.009999066591262817
angle,1780514258182472986,0.000358021992724389,0,0.009999142028391361
angle,1780514258208941527,0.000357912504114211,0,0.009999123401939869
angle,1780514258235644212,0.000357801793143153,0,0.009999003261327744
angle,1780514258261274621,0.000357689830707386,0,0.009999372996389866
angle,1780514258286813490,0.00035757667501457,0,0.009999598376452923
angle,1780514258311900221,0.000357462296960875,0,0.009999541565775871
angle,1780514258336875646,0.000357346667442471,0,0.009999554604291916
angle,1780514258363702375,0.000357229844667017,0,0.009999765083193779
angle,1780514258390026324,0.000357111799530685,0,0.009999615140259266
angle,1780514258416582929,0.000356992502929643,0,0.009999606758356094
angle,1780514258441862905,0.000356872013071552,0,0.009999562986195087
angle,1780514258468855987,0.000356750271748751,0,0.009999468922615051
angle,1780514258493662745,0.000356627337168902,0,0.009999181143939495
angle,1780514258519614534,0.000356503180228174,0,0.00999950896948576
angle,1780514258545142558,0.000356377800926566,0,0.009999537840485573
angle,1780514258570885187,0.00035625122836791,0,0.009999494068324566
angle,1780514258595094771,0.000356123433448374,0,0.0099995331838727
angle,1780514258620859383,0.00035599447437562,0,0.009999429807066917
angle,1780514258646096851,0.000355864292941988,0,0.00999965239316225
angle,1780514258671069763,0.000355732918251306,0,0.009999487549066544
angle,1780514258697933732,0.000355600350303575,0,0.009999633766710758
angle,1780514258721963520,0.000355466618202627,0,0.009999268688261509
angle,1780514258745007365,0.000355331692844629,0,0.00999951921403408
angle,1780514258769882595,0.000355195574229583,0,0.009999849833548069
angle,1780514258792952262,0.000355058262357488,0,0.009999768808484077
angle,1780514258816797216,0.000354919786332175,0,0.009999743662774563
angle,1780514258842641692,0.000354780117049813,0,0.00999966636300087
angle,1780514258865958887,0.000354639283614233,0,0.009999756701290607
angle,1780514258889324724,0.000354497286025435,0,0.009999721311032772
angle,1780514258914592904,0.000354354095179588,0,0.009999494068324566
angle,1780514258940792931,0.000354209740180522,0,0.009999582543969154
angle,1780514258969778714,0.000354064221028239,0,0.009999103844165802
angle,1780514258996858593,0.000353917508618906,0,0.009999340400099754
angle,1780514259022504377,0.000353769661160186,0,0.009999505244195461
angle,1780514259048845485,0.000353620620444417,0,0.009999388828873634
angle,1780514259077845649,0.00035347044467926,0,0.009999231435358524
angle,1780514259106955803,0.000353319104760885,0,0.00999872013926506
angle,1780514259133702156,0.000353166629793122,0,0.009999292902648449
angle,1780514259160927002,0.000353012990672141,0,0.009998993948101997
angle,1780514259187679737,0.000352858216501772,0,0.00999937579035759
angle,1780514259218998363,0.000352702307282016,0,0.009999440051615238
angle,1780514259247490011,0.000352545233909041,0,0.009999344125390053
angle,1780514259270925371,0.000352387025486678,0,0.009999625384807587
angle,1780514259293484060,0.000352227711118758,0,0.009999401867389679
angle,1780514259316658449,0.000352067232597619,0,0.009999752044677734
angle,1780514259339970944,0.000351905648130924,0,0.009999572299420834
angle,1780514259364318979,0.00035174292861484,0,0.009999729692935944
angle,1780514259389129645,0.000351579074049369,0,0.009999750182032585
angle,1780514259413741669,0.000351414084434509,0,0.009999866597354412
angle,1780514259438673473,0.000351247988874093,0,0.009999815374612808
angle,1780514259464449524,0.000351080758264288,0,0.00999947264790535
angle,1780514259489001084,0.000350912421708927,0,0.00999975111335516
angle,1780514259513897272,0.000350742950104177,0,0.0099997753277421
angle,1780514259537651745,0.00035057237255387,0,0.009999768808484077
angle,1780514259564502128,0.000350400689058006,0,0.009999686852097511
angle,1780514259596607184,0.000350227870512754,0,0.009999063797295094
angle,1780514259626921460,0.000350053946021944,0,0.009999006055295467
angle,1780514259655558310,0.000349878944689408,0,0.009999196976423264
angle,1780514259681788037,0.000349702808307484,0,0.009999096393585205
angle,1780514259708212436,0.000349525595083833,0,0.00999935157597065
angle,1780514259736549031,0.000349347275914624,0,0.009999092668294907
angle,1780514259765718615,0.000349167879903689,0,0.00999948289245367
angle,1780514259796829741,0.000348987377947196,0,0.009999520145356655
angle,1780514259825509621,0.000348805799148977,0,0.009999670088291168
angle,1780514259849586633,0.00034862314350903,0,0.009999643079936504
angle,1780514259873525006,0.000348439411027357,0,0.009999711066484451
angle,1780514259896593809,0.000348254572600126,0,0.00999981164932251
angle,1780514259920941989,0.000348068686434999,0,0.00999986007809639
angle,1780514259944059196,0.000347881723428145,0,0.00999986007809639
angle,1780514259973136794,0.000347693683579564,0,0.009999752976000309
angle,1780514260000137050,0.000347504566889256,0,0.009999138303101063
angle,1780514260027692316,0.000347314344253391,0,0.00999936368316412
angle,1780514260054166574,0.00034712310298346,0,0.009999058209359646
angle,1780514260082248636,0.000346930755767971,0,0.00999926496297121
angle,1780514260108958701,0.000346737360814586,0,0.009999144822359085
angle,1780514260142030022,0.000346542889019474,0,0.009999080561101437
angle,1780514260168983398,0.000346347369486466,0,0.009999419562518597
angle,1780514260198014467,0.000346150802215561,0,0.00999942235648632
angle,1780514260224675634,0.00034595315810293,0,0.009999072179198265
angle,1780514260250244203,0.000345754495356232,0,0.009999137371778488
angle,1780514260277852173,0.000345554784871638,0,0.0099993497133255
angle,1780514260304363989,0.000345354026649147,0,0.009999451227486134
angle,1780514260332911019,0.000345152249792591,0,0.009999378584325314
angle,1780514260358983026,0.000344949425198138,0,0.009999115951359272
angle,1780514260385354124,0.000344745552865788,0,0.009999077767133713
angle,1780514260412120819,0.000344540661899373,0,0.009999432601034641
angle,1780514260439829361,0.000344334752298892,0,0.00999911967664957
angle,1780514260469198617,0.000344127765856683,0,0.009999273344874382
angle,1780514260497940921,0.000343919789884239,0,0.009999223053455353
angle,1780514260527104485,0.000343710766173899,0,0.009999033063650131
angle,1780514260553745540,0.000343500723829493,0,0.009999201633036137
angle,1780514260578479466,0.000343289662851021,0,0.009999195113778114
angle,1780514260604471962,0.000343077583238482,0,0.00999944657087326
angle,1780514260631079194,0.000342864484991878,0,0.009999473579227924
angle,1780514260658789966,0.000342650368111208,0,0.009999561123549938
angle,1780514260685294392,0.000342435261700302,0,0.00999919418245554
angle,1780514260715028468,0.000342219165759161,0,0.009999383240938187
angle,1780514260790809352,0.000342002022080123,0,0.009999342262744904
angle,1780514260836767631,0.000341783917974681,0,0.009998436085879803
angle,1780514260878091110,0.000341564795235172,0,0.009999345056712627
angle,1780514260914741351,0.000341344682965428,0,0.009998807683587074
angle,1780514260949973665,0.000341123552061617,0,0.009999037720263004
angle,1780514260981330768,0.000340901431627572,0,0.009999247267842293
angle,1780514261011122927,0.000340678350767121,0,0.009999178349971771
angle,1780514261041281821,0.000340454251272604,0,0.009998890571296215
angle,1780514261070435577,0.000340229162247851,0,0.009999256581068039
angle,1780514261099560480,0.000340003112796694,0,0.009999427013099194
angle,1780514261130080421,0.000339776073815301,0,0.009999425150454044
angle,1780514261158209413,0.000339548074407503,0,0.009999391622841358
angle,1780514261183941380,0.000339319085469469,0,0.009999513626098633
angle,1780514261215752952,0.000339089136105031,0,0.009999111294746399
angle,1780514261244771122,0.000338858226314187,0,0.0099993497133255
angle,1780514261270232378,0.000338626326993108,0,0.00999918021261692
angle,1780514261299580549,0.000338393467245623,0,0.009999026544392109
angle,1780514261330889710,0.000338159647071734,0,0.009999050758779049
angle,1780514261357093761,0.00033792486647144,0,0.009999400936067104
angle,1780514261384655002,0.00033768912544474,0,0.009999250061810017
angle,1780514261410720813,0.000337452423991635,0,0.009999425150454044
angle,1780514261436570183,0.000337214762112126,0,0.009999372996389866
angle,1780514261464545526,0.000336976168910041,0,0.009999425150454044
angle,1780514261491565245,0.000336736615281552,0,0.009999478235840797
angle,1780514261517472651,0.000336496130330488,0,0.00999924261122942
angle,1780514261545048961,0.000336254714056849,0,0.009999156929552555
angle,1780514261621923218,0.000336012337356806,0,0.009998348541557789
angle,1780514261665569468,0.000335769029334188,0,0.009999368339776993
angle,1780514261711288997,0.000335524789988995,0,0.009999397210776806
angle,1780514261748546663,0.000335279619321227,0,0.009999058209359646
angle,1780514261782613019,0.000335033488227054,0,0.009999069385230541
angle,1780514261816314282,0.000334786454914138,0,0.009999263100326061
angle,1780514261845242630,0.000334538490278646,0,0.009999481029808521
angle,1780514261877536044,0.000334289623424411,0,0.009999187663197517
angle,1780514261908045225,0.000334039825247601,0,0.009998921304941177
angle,1780514261938176923,0.000333789095748216,0,0.009999300353229046
angle,1780514261965350322,0.000333537493133917,0,0.009999232366681099
angle,1780514261991151222,0.000333284930093214,0,0.009999183937907219
angle,1780514262015368086,0.000333031493937597,0,0.009999687783420086
angle,1780514262038794116,0.000332777126459405,0,0.009999779984354973
angle,1780514262062029059,0.000332521856762469,0,0.00999961793422699
angle,1780514262088471041,0.000332265713950619,0,0.009999566711485386
angle,1780514262112469878,0.000332008639816195,0,0.009999747388064861
angle,1780514262137048771,0.000331750663463026,0,0.009999645873904228
angle,1780514262162557160,0.000331491813994944,0,0.00999967660754919
angle,1780514262191954764,0.000331232062308118,0,0.009999683126807213
angle,1780514262216501606,0.000330971408402547,0,0.009999630972743034
angle,1780514262244573568,0.000330709852278233,0,0.009999671019613743
angle,1780514262270286686,0.000330447423039004,0,0.009999767877161503
angle,1780514262296806264,0.000330184120684862,0,0.009999016299843788
angle,1780514262322616675,0.000329919916111976,0,0.009999215602874756
angle,1780514262348008034,0.000329654838424176,0,0.009999400936067104
angle,1780514262373802543,0.000329388916725293,0,0.009999270550906658
angle,1780514262400672112,0.000329122092807665,0,0.009999370202422142
angle,1780514262427089724,0.000328854395775124,0,0.009999367408454418
angle,1780514262454060920,0.0003285858547315,0,0.009999220259487629
angle,1780514262482302092,0.000328316440572962,0,0.009998751804232597
angle,1780514262509995437,0.000328046182403341,0,0.009999111294746399
angle,1780514262540867982,0.000327775051118806,0,0.009999088943004608
angle,1780514262568449605,0.000327503046719357,0,0.009999504312872887
angle,1780514262597878653,0.000327230227412656,0,0.009999306872487068
angle,1780514262626824409,0.000326956534991041,0,0.00999911967664957
angle,1780514262654590806,0.000326681969454512,0,0.00999937579035759
angle,1780514262680950594,0.00032640658901073,0,0.009999403730034828
angle,1780514262708283293,0.000326130335452035,0,0.009999213740229607
angle,1780514262735836627,0.000325853266986087,0,0.009999367408454418
angle,1780514262762952074,0.000325575354509056,0,0.009999262169003487
angle,1780514262790883696,0.000325296598020941,0,0.009999383240938187
angle,1780514262818236079,0.000325016997521743,0,0.009999260306358337
angle,1780514262847863325,0.000324736553011462,0,0.009999186731874943
angle,1780514262874263449,0.000324455293593928,0,0.009999340400099754
angle,1780514262901485841,0.000324173219269142,0,0.00999920628964901
angle,1780514262929605332,0.000323890300933272,0,0.009999178349971771
angle,1780514262957392365,0.000323606567690149,0,0.009999300353229046
angle,1780514262985452293,0.000323321990435943,0,0.009999624453485012
angle,1780514263014352992,0.000323036598274484,0,0.009999554604291916
angle,1780514263037607403,0.000322750420309603,0,0.009999510832130909
angle,1780514263059654747,0.000322463427437469,0,0.009999752044677734
angle,1780514263087107804,0.000322175619658083,0,0.009999769739806652
angle,1780514263110910126,0.000321886996971443,0,0.009999758563935757
angle,1780514263135562883,0.000321597588481382,0,0.00999975111335516
angle,1780514263160511239,0.000321307365084067,0,0.009999845176935196
angle,1780514263188699230,0.0003210163267795,0,0.009999831207096577
angle,1780514263215360507,0.00032072450267151,0,0.009999237954616547
angle,1780514263242514461,0.000320431892760098,0,0.009999449364840984
angle,1780514263269619197,0.000320138467941433,0,0.009999537840485573
angle,1780514263300119261,0.000319844228215516,0,0.009999062865972519
angle,1780514263326330608,0.000319549231790006,0,0.009998667053878307
angle,1780514263353538221,0.000319253449561074,0,0.009999566711485386
angle,1780514263380223754,0.00031895688152872,0,0.009999139234423637
angle,1780514263409036514,0.000318659527692944,0,0.009999142959713936
angle,1780514263434894088,0.000318361417157575,0,0.009999475441873074
angle,1780514263462248740,0.000318062520818785,0,0.009999233298003674
angle,1780514263488967902,0.000317762838676572,0,0.009999455884099007
angle,1780514263516309133,0.000317462399834767,0,0.009999212808907032
angle,1780514263543086460,0.00031716120429337,0,0.009998797439038754
angle,1780514263569938283,0.000316859252052382,0,0.009999378584325314
angle,1780514263598484084,0.000316556514007971,0,0.009999480098485947
angle,1780514263625739592,0.000316253019263968,0,0.009998999536037445
angle,1780514263652313748,0.000315948767820373,0,0.009998985566198826
angle,1780514263679235785,0.000315643759677187,0,0.009999383240938187
angle,1780514263706955751,0.000315338023938239,0,0.009999534115195274
angle,1780514263733856576,0.000315031502395868,0,0.00999930314719677
angle,1780514263756780893,0.000314724253257737,0,0.00999944657087326
angle,1780514263779956044,0.000314416247420013,0,0.009999738074839115
angle,1780514263805959830,0.000314107484882697,0,0.009999742731451988
angle,1780514263828086281,0.000313797994749621,0,0.009999822825193405
angle,1780514263850872181,0.000313487777020782,0,0.009999843314290047
angle,1780514263874737988,0.000313176831696182,0,0.009999753907322884
angle,1780514263900041778,0.000312865129671991,0,0.00999945867806673
angle,1780514263923337943,0.000312552700052038,0,0.009999526664614677
angle,1780514263949454373,0.000312239542836323,0,0.009999609552323818
angle,1780514263978887774,0.000311925628921017,0,0.009999142028391361
angle,1780514264005215840,0.00031161101651378,0,0.009999396279454231
angle,1780514264030256680,0.000311295676510781,0,0.009999713860452175
angle,1780514264057369272,0.000310979638015851,0,0.009999154135584831
angle,1780514264083815164,0.00031066287192516,0,0.009999413043260574
angle,1780514264110682381,0.000310345378238708,0,0.009999173693358898
angle,1780514264138906360,0.000310027186060324,0,0.00999930314719677
angle,1780514264165968965,0.00030970829539001,0,0.009999452158808708
angle,1780514264192815195,0.000309388677123934,0,0.009999757632613182
angle,1780514264222403951,0.000309068389469758,0,0.009999321773648262
angle,1780514264249575842,0.00030874737421982,0,0.009999056346714497
angle,1780514264275558561,0.000308425689581782,0,0.009999493137001991
angle,1780514264303480098,0.000308103277347982,0,0.00999931525439024
angle,1780514264328216785,0.000307780195726082,0,0.009999367408454418
angle,1780514264354562523,0.000307456415612251,0,0.009999790228903294
angle,1780514264380050032,0.000307131937006488,0,0.00999978557229042
angle,1780514264404995147,0.000306806789012626,0,0.009999477304518223
angle,1780514264430804437,0.000306480942526832,0,0.009999504312872887
angle,1780514264460035886,0.000306154426652938,0,0.009999502450227737
angle,1780514264484938500,0.000305827212287113,0,0.009999247267842293
angle,1780514264511446379,0.000305499328533188,0,0.009999848902225494
angle,1780514264540341517,0.000305170746287331,0,0.009999808855354786
angle,1780514264567774099,0.000304841523757204,0,0.009999285452067852
angle,1780514264599837098,0.000304511631838977,0,0.009999199770390987
angle,1780514264626442468,0.000304181041428819,0,0.009999599307775497
angle,1780514264653097541,0.000303849810734391,0,0.009999362751841545
angle,1780514264681118914,0.000303517910651863,0,0.009999430738389492
angle,1780514264708192778,0.000303185370285064,0,0.009999407455325127
angle,1780514264736797428,0.000302852160530165,0,0.009999287314713001
angle,1780514264766162737,0.000302518281387165,0,0.00999927893280983
angle,1780514264793465093,0.000302183791063726,0,0.009999693371355534
angle,1780514264822244556,0.000301848602248356,0,0.009999020025134087
angle,1780514264854248539,0.000301512802252546,0,0.009999159723520279
angle,1780514264882712486,0.000301176361972466,0,0.009999210014939308
angle,1780514264908938514,0.000300839252304286,0,0.009999278001487255
angle,1780514264933007534,0.000300501531455666,0,0.00999961607158184
angle,1780514264957798074,0.000300163170322776,0,0.009999862872064114
angle,1780514264982064446,0.000299824168905616,0,0.00999974925071001
angle,1780514265005632487,0.000299484527204186,0,0.009999671950936317
angle,1780514265028533093,0.000299144274322316,0,0.009999784640967846
angle,1780514265053998037,0.000298803352052346,0,0.009999711997807026
angle,1780514265080215717,0.000298461847705767,0,0.00999942421913147
angle,1780514265106714908,0.000298119673971087,0,0.009999359026551247
angle,1780514265133389240,0.000297776918159798,0,0.009999304078519344
angle,1780514265160210917,0.000297433522064239,0,0.00999942421913147
angle,1780514265188465030,0.00029708951478824,0,0.00999938789755106
angle,1780514265214364609,0.000296744896331802,0,0.009999174624681473
angle,1780514265240923528,0.000296399637591094,0,0.009999419562518597
angle,1780514265268533908,0.000296053825877607,0,0.009999440051615238
angle,1780514265296684290,0.00029570737387985,0,0.00999940000474453
angle,1780514265323345018,0.000295360339805484,0,0.009999504312872887
angle,1780514265350013195,0.000295012694550678,0,0.00999937392771244
angle,1780514265375011031,0.000294664467219263,0,0.009999571368098259
angle,1780514265399390374,0.000294315628707409,0,0.009999425150454044
angle,1780514265426101978,0.000293966208118945,0,0.009999627247452736
angle,1780514265451346359,0.000293616205453873,0,0.009999415837228298
angle,1780514265478042966,0.00029326559160836,0,0.0099995331838727
angle,1780514265502552306,0.000292914395686239,0,0.009999453090131283
angle,1780514265525644373,0.000292562617687508,0,0.009999735280871391
angle,1780514265549620913,0.000292210257612169,0,0.009999723173677921
angle,1780514265574226668,0.00029185731546022,0,0.009999739937484264
angle,1780514265598715109,0.000291503791231662,0,0.009999791160225868
angle,1780514265627241030,0.000291149684926495,0,0.009999774396419525
angle,1780514265654896887,0.000290795025648549,0,0.009999114088714123
angle,1780514265682600360,0.000290439784293994,0,0.009998723864555359
angle,1780514265711059659,0.00029008396086283,0,0.009998776949942112
angle,1780514265741821856,0.000289727613562718,0,0.009999211877584457
angle,1780514265772016961,0.000289370655082166,0,0.009999419562518597
angle,1780514265799618590,0.000289013172732666,0,0.00999912153929472
angle,1780514265826503928,0.000288655137410387,0,0.009998895227909088
angle,1780514265854185115,0.00028829654911533,0,0.009999245405197144
angle,1780514265883705807,0.000287937407847494,0,0.009999329224228859
angle,1780514265914386284,0.00028757774271071,0,0.009999088011682034
angle,1780514265941717992,0.000287217495497316,0,0.009998582303524017
angle,1780514265968494150,0.000286856724414974,0,0.009999305009841919
angle,1780514265995986792,0.000286495400359854,0,0.009999317117035389
angle,1780514266022391781,0.000286133523331955,0,0.009999332949519157
angle,1780514266048256696,0.000285771122435108,0,0.00999948475509882
angle,1780514266077013197,0.000285408197669312,0,0.009999163448810577
angle,1780514266104589496,0.000285044719930738,0,0.009999082423746586
angle,1780514266133655133,0.000284680689219385,0,0.009999253787100315
angle,1780514266157692357,0.000284316163742915,0,0.009999511763453484
angle,1780514266182006697,0.000283951085293666,0,0.009999338537454605
angle,1780514266209350107,0.000283585482975468,0,0.009999338537454605
angle,1780514266234670074,0.000283219385892153,0,0.009999444708228111
angle,1780514266260158355,0.000282852735836059,0,0.009999483823776245
angle,1780514266285601117,0.000282485591014847,0,0.009999659843742847
angle,1780514266312669303,0.000282117922324687,0,0.009999493137001991
angle,1780514266337687738,0.000281749729765579,0,0.009999770671129227
angle,1780514266366028268,0.000281381071545184,0,0.009999514557421207
angle,1780514266392945306,0.00028101186035201,0,0.009999509900808334
angle,1780514266420501031,0.000280642154393718,0,0.00999931525439024
angle,1780514266448404123,0.000280271953670308,0,0.009999225847423077
angle,1780514266478871555,0.000279901258181781,0,0.009999539703130722
angle,1780514266506279784,0.000279530038824305,0,0.009999171830713749
angle,1780514266533296731,0.000279158353805542,0,0.009999268688261509
angle,1780514266560830315,0.000278786174021661,0,0.00999918207526207
angle,1780514266588301756,0.000278413499472663,0,0.009999159723520279
angle,1780514266615046454,0.000278040330158547,0,0.009999441914260387
angle,1780514266647240141,0.000277666666079313,0,0.009999288246035576
angle,1780514266674493899,0.000277292536338791,0,0.009999483823776245
angle,1780514266703365665,0.000276917940936983,0,0.00999920628964901
angle,1780514266738850545,0.000276542821666226,0,0.009999227710068226
angle,1780514266766054421,0.000276167265838012,0,0.009999297559261322
angle,1780514266794286048,0.000275791215244681,0,0.009999147616326809
angle,1780514266823920558,0.000275414698990062,0,0.009999338537454605
angle,1780514266857237219,0.000275037717074156,0,0.00999925285577774
angle,1780514266884191373,0.000274660269496962,0,0.009999307803809643
angle,1780514266912222216,0.000274282356258482,0,0.009999389760196209
angle,1780514266940476679,0.000273903977358714,0,0.009999264031648636
angle,1780514266968561359,0.000273525132797658,0,0.009998993016779423
angle,1780514266995296869,0.000273145851679146,0,0.009999485686421394
angle,1780514267022992818,0.000272766075795516,0,0.009999469853937626
angle,1780514267052755855,0.00027238589245826,0,0.009999454952776432
angle,1780514267079603083,0.000272005214355886,0,0.009999033063650131
angle,1780514267154175202,0.000271624128799886,0,0.009999480098485947
angle,1780514267198573311,0.000271242577582598,0,0.009999509900808334
angle,1780514267246886042,0.000270860589807853,0,0.009999232366681099
angle,1780514267285316184,0.000270478136371821,0,0.009999232366681099
angle,1780514267322218509,0.000270095275482163,0,0.009999323636293411
angle,1780514267355164983,0.000269711948931217,0,0.009999570436775684
angle,1780514267386189104,0.000269328214926645,0,0.009999392554163933
angle,1780514267420120565,0.000268944044364616,0,0.009999404661357403
angle,1780514267449917221,0.0002685594081413,0,0.009999562986195087
angle,1780514267480965836,0.000268174393568188,0,0.009999001398682594
angle,1780514267508053718,0.000267788913333789,0,0.009999014437198639
angle,1780514267538296845,0.000267403054749593,0,0.009999386966228485
angle,1780514267565763672,0.00026701673050411,0,0.009999021887779236
angle,1780514267592394299,0.000266630027908832,0,0.009999561123549938
angle,1780514267619769574,0.000266242888756096,0,0.009998965077102184
angle,1780514267645136645,0.000265855342149734,0,0.009999324567615986
angle,1780514267672581915,0.000265467388089746,0,0.009999187663197517
angle,1780514267711970680,0.000265079026576132,0,0.009999274276196957
angle,1780514267738968716,0.00026469022850506,0,0.009998937137424946
angle,1780514267766376428,0.000264301052084193,0,0.009999321773648262
angle,1780514267794130956,0.000263911468209699,0,0.009999511763453484
angle,1780514267823723483,0.000263521505985409,0,0.009999524801969528
angle,1780514267850275806,0.000263131136307493,0,0.009999633766710758
angle,1780514267876572455,0.00026274035917595,0,0.009999224916100502
angle,1780514267902183184,0.000262349174590781,0,0.009999002330005169
angle,1780514267927836774,0.000261957640759647,0,0.00999940000474453
angle,1780514267997672899,0.000261565670371056,0,0.009999438188970089
angle,1780514268049897665,0.000261173350736499,0,0.009998973459005356
angle,1780514268087320349,0.000260780623648316,0,0.009999249130487442
angle,1780514268118847294,0.000260387547314167,0,0.009999570436775684
angle,1780514268151695336,0.000259994063526392,0,0.009999659843742847
angle,1780514268187311844,0.000259600201388821,0,0.009999333880841732
angle,1780514268218355721,0.000259205990005285,0,0.009999229572713375
angle,1780514268247187649,0.000258811400271952,0,0.009998679161071777
angle,1780514268274504609,0.000258416432188824,0,0.009999227710068226
angle,1780514268309737772,0.0002580210857559,0,0.009999043308198452
angle,1780514268336703867,0.00025762539007701,0,0.00999935157597065
angle,1780514268363551053,0.000257229316048324,0,0.009998997673392296
angle,1780514268392603731,0.000256832892773673,0,0.009998989291489124
angle,1780514268431514330,0.000256436120253056,0,0.00999902281910181
angle,1780514268458980604,0.000256038969382644,0,0.009999166242778301
angle,1780514268485764221,0.000255641498370096,0,0.009999347850680351
angle,1780514268525859565,0.000255243649007753,0,0.00999932736158371
angle,1780514268553391411,0.000254845450399444,0,0.009999111294746399
angle,1780514268580597705,0.000254446931648999,0,0.009999245405197144
angle,1780514268609100527,0.000254048034548759,0,0.009999279864132404
angle,1780514268635706703,0.000253648817306384,0,0.009999604895710945
angle,1780514268711097243,0.000253249221714213,0,0.009999347850680351
angle,1780514268758283648,0.000252849335083738,0,0.009998761117458344
angle,1780514268798026891,0.000252449070103467,0,0.009999086149036884
angle,1780514268832834678,0.00025204851408489,0,0.009999585337936878
angle,1780514268870470150,0.000251647579716519,0,0.009998233988881111
angle,1780514268902724510,0.000251246354309842,0,0.009999179281294346
angle,1780514268934220243,0.0002508447796572,0,0.009999037720263004
angle,1780514268966718420,0.000250442884862423,0,0.009999454021453857
angle,1780514268995174730,0.000250040669925511,0,0.0099992286413908
angle,1780514269023738687,0.000249638134846464,0,0.009999336674809456
angle,1780514269050978803,0.000249235308729112,0,0.009999444708228111
angle,1780514269080032665,0.000248832133365795,0,0.009998474270105362
angle,1780514269106643079,0.000248428666964173,0,0.009999336674809456
angle,1780514269133385435,0.000248024880420417,0,0.009999269619584084
angle,1780514269160288612,0.000247620773734525,0,0.00999914389103651
angle,1780514269189993558,0.000247216376010329,0,0.00999925471842289
angle,1780514269219819492,0.000246811658143997,0,0.009999549016356468
angle,1780514269247431481,0.000246406649239361,0,0.009998892433941364
angle,1780514269276510612,0.00024600132019259,0,0.009998958557844162
angle,1780514269302387857,0.000245595700107515,0,0.009999554604291916
angle,1780514269328070218,0.000245189788984135,0,0.009999372065067291
angle,1780514269354395637,0.00024478358682245,0,0.009999443776905537
angle,1780514269382547989,0.000244377093622461,0,0.009999028407037258
angle,1780514269408454339,0.000243970294832252,0,0.009999490343034267
angle,1780514269435278889,0.000243563205003738,0,0.009999852627515793
angle,1780514269460906319,0.000243155853240751,0,0.009999582543969154
angle,1780514269482866001,0.000242748210439458,0,0.009999776259064674
angle,1780514269506939326,0.000242340276599862,0,0.009999727830290794
angle,1780514269529948926,0.000241932066273876,0,0.00999973900616169
angle,1780514269554397329,0.0002415235794615,0,0.009999804198741913
angle,1780514269577181802,0.000241114816162735,0,0.009999769739806652
angle,1780514269599628566,0.000240705761825666,0,0.009999782778322697
angle,1780514269623489120,0.000240296460106038,0,0.009999719448387623
angle,1780514269648045613,0.000239886867348105,0,0.009999709203839302
angle,1780514269674539457,0.000239477012655698,0,0.009998857043683529
angle,1780514269702547953,0.000239066896028817,0,0.009999685920774937
angle,1780514269730922024,0.000238656532019377,0,0.009999231435358524
angle,1780514269800820384,0.000238245906075463,0,0.009999171830713749
angle,1780514269847066262,0.000237835018197075,0,0.009999384172260761
angle,1780514269891390842,0.000237423897488043,0,0.009999098256230354
angle,1780514269927205426,0.000237012514844537,0,0.009999391622841358
angle,1780514269963286687,0.000236600899370387,0,0.009999126195907593
angle,1780514270001102272,0.000236189036513679,0,0.009999221190810204
angle,1780514270029032473,0.000235776926274411,0,0.009999668225646019
angle,1780514270060141610,0.000235364568652585,0,0.009999405592679977
angle,1780514270090837496,0.0002349519636482,0,0.009999193251132965
angle,1780514270121542205,0.000234539125813171,0,0.009998943656682968
angle,1780514270150006496,0.000234126055147499,0,0.009999123401939869
angle,1780514270177180919,0.000233712722547352,0,0.009999066591262817
angle,1780514270204577132,0.000233299171668477,0,0.009999355301260948
angle,1780514270237122319,0.000232885402510874,0,0.009999371133744717
angle,1780514270265942103,0.000232471385970712,0,0.009999430738389492
angle,1780514270291963189,0.000232057151151821,0,0.009999502450227737
angle,1780514270318684601,0.000231642683502287,0,0.00999949686229229
angle,1780514270348926395,0.000231227983022109,0,0.009999364614486694
angle,1780514270374505372,0.000230813078815117,0,0.009999400936067104
angle,1780514270399760314,0.000230397956329398,0,0.009999520145356655
angle,1780514270425508651,0.00022998261556495,0,0.009999440051615238
angle,1780514270452055268,0.000229567056521773,0,0.009998941794037819
angle,1780514270525798745,0.000229151279199868,0,0.009999153204262257
angle,1780514270586699552,0.00022873529815115,0,0.009998920373618603
angle,1780514270627295880,0.000228319127927534,0,0.009998543187975883
angle,1780514270660989579,0.00022790273942519,0,0.009999423287808895
angle,1780514270696128694,0.000227486161747947,0,0.009999223053455353
angle,1780514270729872187,0.000227069380343892,0,0.009999221190810204
angle,1780514270758768890,0.000226651478442363,0,0.010020684450864792
angle,1780514270787328228,0.000226234304136597,0,0.009999346919357777
angle,1780514270814894463,0.000225816940655932,0,0.009999359957873821
angle,1780514270846269016,0.000225399373448454,0,0.009999464266002178
angle,1780514270872470010,0.000224981602514163,0,0.009999537840485573
angle,1780514270901345068,0.000224563671508804,0,0.009999186731874943
angle,1780514270928054723,0.000224145522224717,0,0.009998907335102558
angle,1780514270956100350,0.000223727198317647,0,0.009999479167163372
angle,1780514270981956532,0.000223308685235679,0,0.009999418631196022
angle,1780514271012207350,0.000222889982978813,0,0.00999964028596878
angle,1780514271038534994,0.00022247112065088,0,0.009999139234423637
angle,1780514271064470137,0.000222052083699964,0,0.009999196976423264
angle,1780514271090118232,0.00022163285757415,0,0.009999159723520279
angle,1780514271116227527,0.000221213471377268,0,0.009999356232583523
angle,1780514271145537042,0.000220793910557404,0,0.009999196976423264
angle,1780514271171794897,0.000220374175114557,0,0.009999084286391735
angle,1780514271196713124,0.000219954294152558,0,0.009999513626098633
angle,1780514271223077757,0.000219534238567576,0,0.009999752976000309
angle,1780514271247854680,0.000219114022911526,0,0.009999183006584644
angle,1780514271272284757,0.000218693661736324,0,0.009999497793614864
angle,1780514271296763222,0.00021827312593814,0,0.009999619796872139
angle,1780514271321475537,0.000217852430068888,0,0.009999465197324753
angle,1780514271345535784,0.000217431588680483,0,0.009999476373195648
angle,1780514271373954678,0.000217010587221012,0,0.00999937579035759
angle,1780514271400347196,0.000216589425690472,0,0.009999364614486694
angle,1780514271426527743,0.000216168133192696,0,0.009999274276196957
angle,1780514271453791291,0.000215746680623852,0,0.009999477304518223
angle,1780514271477740265,0.000215325097087771,0,0.009999236091971397
angle,1780514271501905835,0.000214903368032537,0,0.009999609552323818
angle,1780514271525203088,0.000214481508010067,0,0.009999508038163185
angle,1780514271550827637,0.000214059502468444,0,0.009999553672969341
angle,1780514271574530448,0.000213637365959585,0,0.009999641217291355
angle,1780514271599051118,0.000213215098483488,0,0.009999554604291916
angle,1780514271623307205,0.000212792700040154,0,0.009999452158808708
angle,1780514271647741866,0.000212370170629583,0,0.009999752976000309
angle,1780514271672722643,0.000211947510251775,0,0.009999525733292103
angle,1780514271698264814,0.000211524733458646,0,0.009999389760196209
angle,1780514271727867491,0.000211101825698279,0,0.009999478235840797
angle,1780514271753820524,0.000210678786970675,0,0.009999535046517849
angle,1780514271783042249,0.000210255631827749,0,0.00999919418245554
angle,1780514271813748638,0.000209832360269502,0,0.009998749941587448
angle,1780514271840338232,0.000209408972295932,0,0.009999626316130161
angle,1780514271866381774,0.000208985482458957,0,0.009999148547649384
angle,1780514271892784255,0.000208561890758574,0,0.009999200701713562
angle,1780514271919991318,0.000208138197194785,0,0.009999043308198452
angle,1780514271945856786,0.000207714387215674,0,0.009999452158808708
angle,1780514271970157805,0.000207290489925072,0,0.009998908266425133
angle,1780514271998283241,0.000206866476219147,0,0.009999604895710945
angle,1780514272022373201,0.000206442360649817,0,0.009999630972743034
angle,1780514272048446392,0.000206018157768995,0,0.009999490343034267
angle,1780514272073089218,0.000205593838472851,0,0.009999487549066544
angle,1780514272097537150,0.000205169431865215,0,0.00999959371984005
angle,1780514272122449300,0.000204744923394173,0,0.009999536909162998
angle,1780514272150517020,0.000204320313059725,0,0.009999509900808334
angle,1780514272178006452,0.000203895615413785,0,0.009999158792197704
angle,1780514272203158177,0.000203470830456354,0,0.009999245405197144
angle,1780514272230182632,0.000203045958187431,0,0.009998941794037819
angle,1780514272257395726,0.000202620998607017,0,0.009999454021453857
angle,1780514272284755193,0.000202195966267027,0,0.009999253787100315
angle,1780514272311023637,0.000201770861167461,0,0.009999432601034641
angle,1780514272339665307,0.000201345668756403,0,0.009999323636293411
angle,1780514272366105406,0.0002009204326896,0,0.009998724795877934
angle,1780514272393457550,0.000200495109311305,0,0.009999630972743034
angle,1780514272420535482,0.000200069713173434,0,0.009998892433941364
angle,1780514272450666597,0.000199644258827902,0,0.009999512694776058
angle,1780514272479456707,0.000199218731722794,0,0.00999931525439024
angle,1780514272507460809,0.00019879313185811,0,0.00999893806874752
angle,1780514272537298633,0.000198367473785765,0,0.009998935274779797
angle,1780514272563443968,0.000197941742953844,0,0.009999165311455727
angle,1780514272591249377,0.000197515953914262,0,0.009999378584325314
angle,1780514272618603605,0.000197090106667019,0,0.009999207220971584
angle,1780514272645368621,0.000196664201212116,0,0.009999331086874008
angle,1780514272672823056,0.000196238237549551,0,0.009999172762036324
angle,1780514272701342062,0.00019581223023124,0,0.009999463334679604
angle,1780514272727246353,0.000195386164705269,0,0.009999541565775871
angle,1780514272757061353,0.000194960055523552,0,0.009999490343034267
angle,1780514272784404622,0.000194533902686089,0,0.009999333880841732
angle,1780514272814394340,0.000194107691640966,0,0.009999262169003487
angle,1780514272841225490,0.000193681451492012,0,0.009999263100326061
angle,1780514272873193251,0.000193255167687312,0,0.009999368339776993
angle,1780514272900810070,0.000192828840226866,0,0.00999949686229229
angle,1780514272928619108,0.00019240248366259,0,0.009999390691518784
angle,1780514272957356048,0.000191976083442569,0,0.009999237023293972
angle,1780514272985362880,0.000191549639566801,0,0.009999329224228859
angle,1780514273012936794,0.000191123181139119,0,0.009999411180615425
angle,1780514273040194349,0.000190696679055691,0,0.00999933760613203
angle,1780514273066310175,0.000190270162420347,0,0.009999464266002178
angle,1780514273089210745,0.000189843631233089,0,0.009999831207096577
angle,1780514273114326398,0.000189417056390084,0,0.009999915026128292
angle,1780514273144996815,0.000188990466995165,0,0.009999166242778301
angle,1780514273171000234,0.000188563833944499,0,0.009999562986195087
angle,1780514273197130641,0.000188137186341919,0,0.009999497793614864
angle,1780514273224946106,0.000187710524187423,0,0.00999914389103651
angle,1780514273251120632,0.000187283862032928,0,0.00999939814209938
angle,1780514273279169673,0.000186857170774601,0,0.009999418631196022
angle,1780514273307499860,0.000186430479516275,0,0.009999106638133526
angle,1780514273334873016,0.000186003788257949,0,0.009999492205679417
angle,1780514273360400121,0.000185577082447708,0,0.009999477304518223
angle,1780514273387267555,0.000185150376637466,0,0.009999480098485947
angle,1780514273413560019,0.000184723670827225,0,0.009999148547649384
angle,1780514273439859037,0.000184296950465068,0,0.009999332018196583
angle,1780514273467779197,0.000183870244654827,0,0.00999924261122942
angle,1780514273493559250,0.000183443538844585,0,0.009999297559261322
angle,1780514273519134449,0.000183016833034344,0,0.009999449364840984
angle,1780514273544021995,0.000182590127224103,0,0.009999442845582962
angle,1780514273568922729,0.000182163435965776,0,0.009999377653002739
angle,1780514273597787878,0.000181736759259365,0,0.009999597445130348
angle,1780514273624910817,0.000181310082552955,0,0.009999437257647514
angle,1780514273649507720,0.000180883405846544,0,0.009999696165323257
angle,1780514273673998368,0.000180456758243963,0,0.009999560192227364
angle,1780514273699483860,0.000180030125193298,0,0.00999962817877531
angle,1780514273725201733,0.000179603492142633,0,0.009999021887779236
angle,1780514273756073912,0.000179176888195798,0,0.009999532252550125
angle,1780514273782865395,0.000178750313352793,0,0.009999328292906284
angle,1780514273809219670,0.000178323753061704,0,0.009999614208936691
angle,1780514273835350780,0.000177897236426361,0,0.00999885331839323
angle,1780514273858887449,0.000177470734342933,0,0.009999574162065983
angle,1780514273883814604,0.00017704427591525,0,0.009999848902225494
angle,1780514273908862224,0.000176617832039483,0,0.009999599307775497
angle,1780514273953998593,0.000175510402186774,0,0.02589798904955387
angle,1780514273981608425,0.000175079519976862,0,0.00999918021261692
angle,1780514274006328155,0.000174649088876322,0,0.00999920442700386
angle,1780514274031150886,0.000174219647306018,0,0.009999627247452736
angle,1780514274055357891,0.000173791500856169,0,0.009999546222388744
angle,1780514274082904845,0.000173364795045927,0,0.009999574162065983
angle,1780514274108247572,0.000172939413459972,0,0.009999522939324379
angle,1780514274132821053,0.000172515079611912,0,0.009999618865549564
angle,1780514274157559937,0.000172091429703869,0,0.009999651461839676
angle,1780514274182322553,0.0001716680417303,0,0.009999673813581467
angle,1780514274208822018,0.000171244551893324,0,0.009999160654842854
angle,1780514274235370355,0.000170820625498891,0,0.009999371133744717
angle,1780514274261556750,0.000170396073372103,0,0.00999927893280983
angle,1780514274288085983,0.000169970808201469,0,0.009999480098485947
angle,1780514274315326761,0.00016954488819465,0,0.009999124333262444
angle,1780514274343581332,0.000169118429766968,0,0.009999452158808708
angle,1780514274369126769,0.00016869165119715,0,0.009999389760196209
angle,1780514274395215653,0.000168264770763926,0,0.009999589994549751
angle,1780514274423124185,0.000167838021297939,0,0.009999049827456474
angle,1780514274447299966,0.000167411591974087,0,0.009999953210353851
angle,1780514274477519326,0.000166985599207692,0,0.009999838657677174
angle,1780514274502683045,0.000166560101206414,0,0.009999757632613182
angle,1780514274529312207,0.000166135097970255,0,0.009999382309615612
angle,1780514274557925607,0.000165710502187721,0,0.00999920628964901
angle,1780514274584101673,0.000165286211995408,0,0.009999294765293598
angle,1780514274610073153,0.000164862110977992,0,0.009999320842325687
angle,1780514274636287893,0.000164438068168238,0,0.009998807683587074
angle,1780514274665341272,0.000164013996254653,0,0.009999511763453484
angle,1780514274692389336,0.000163589822477661,0,0.009999196045100689
angle,1780514274718340334,0.000163165503181517,0,0.009999320842325687
angle,1780514274744784705,0.000162741038366221,0,0.009999064728617668
angle,1780514274768439884,0.000162316457135603,0,0.009999237954616547
angle,1780514274792831492,0.000161891846801154,0,0.00999959371984005
angle,1780514274817301668,0.000161467251018621,0,0.009999734349548817
angle,1780514274842404022,0.000161042742547579,0,0.009999091736972332
angle,1780514274865463498,0.000160618379595689,0,0.009999706409871578
angle,1780514274889964324,0.000160194234922528,0,0.009999671019613743
angle,1780514274913402424,0.00015977029397618,0,0.00999965239316225
angle,1780514274937441881,0.000159346585860476,0,0.009999738074839115
angle,1780514274964192526,0.000158923081471585,0,0.009999500587582588
angle,1780514274992126557,0.000158499751705676,0,0.009999196976423264
angle,1780514275020626060,0.000158076582010835,0,0.009998958557844162
angle,1780514275047554961,0.000157653543283232,0,0.009999030269682407
angle,1780514275073639085,0.000157230591867119,0,0.009999148547649384
angle,1780514275100393759,0.000156807684106752,0,0.00999902281910181
angle,1780514275129306811,0.000156384849105962,0,0.009999305009841919
angle,1780514275155088657,0.000155962043209001,0,0.009999188594520092
angle,1780514275181957967,0.000155539295519702,0,0.009999308735132217
angle,1780514275208357833,0.000155116620589979,0,0.009998996742069721
angle,1780514275237230056,0.000154694047523662,0,0.009999251924455166
angle,1780514275264672201,0.000154271576320753,0,0.009999120607972145
angle,1780514275290780275,0.00015384923608508,0,0.009999299421906471
angle,1780514275319761202,0.000153427041368559,0,0.009998816065490246
angle,1780514275353459744,0.000153005021275021,0,0.009999082423746586
angle,1780514275380385262,0.000152583161252551,0,0.009998910129070282
angle,1780514275405235449,0.000152161446749233,0,0.00999936368316412
angle,1780514275432315613,0.000151739906868897,0,0.009999314323067665
angle,1780514275462804049,0.000151318512507714,0,0.009999425150454044
angle,1780514275489198237,0.000150897249113768,0,0.00999936368316412
angle,1780514275513673297,0.000150476102135144,0,0.009999505244195461
angle,1780514275536815500,0.000150055100675672,0,0.009999624453485012
angle,1780514275561136252,0.000149634215631522,0,0.009999819099903107
angle,1780514275587019643,0.000149213447002694,0,0.00999977346509695
angle,1780514275611135103,0.000148792794789188,0,0.009999575093388557
angle,1780514275635188611,0.000148372273542918,0,0.009999627247452736
angle,1780514275659181191,0.000147951868711971,0,0.009999728761613369
angle,1780514275684213315,0.000147531609400176,0,0.009999525733292103
angle,1780514275710285688,0.000147111495607533,0,0.009999229572713375
angle,1780514275736673464,0.000146691527334042,0,0.009999440982937813
angle,1780514275771809403,0.000146271733683534,0,0.00999955739825964
angle,1780514275798176010,0.000145852100104094,0,0.009999335743486881
angle,1780514275825187023,0.000145432626595721,0,0.009999381378293037
angle,1780514275851669901,0.000145013342262246,0,0.00999931525439024
angle,1780514275886480910,0.000144594217999838,0,0.009999124333262444
angle,1780514275913247801,0.000144175268360414,0,0.009999226778745651
angle,1780514275938761101,0.000143756464240141,0,0.009999541565775871
angle,1780514275965224615,0.000143337834742852,0,0.009999347850680351
angle,1780514276020187047,0.000142919365316629,0,0.009999215602874756
angle,1780514276073578057,0.000142501055961475,0,0.009999765083193779
angle,1780514276122749991,0.000142082892125472,0,0.009999100118875504
angle,1780514276162672952,0.000141664888360538,0,0.009999649599194527
angle,1780514276203351230,0.00014124704466667,0,0.009999201633036137
angle,1780514276243374205,0.000140829375595786,0,0.009999404661357403
angle,1780514276273801578,0.000140411866595969,0,0.009999321773648262
angle,1780514276303159899,0.000139994532219134,0,0.009999413043260574
angle,1780514276332212419,0.000139577387017198,0,0.009998839348554611
angle,1780514276367846778,0.000139160416438244,0,0.009999475441873074
angle,1780514276404464164,0.000138743635034189,0,0.009999245405197144
angle,1780514276431192375,0.000138327042805031,0,0.009998947381973267
angle,1780514276458092722,0.000137910639750771,0,0.009999114088714123
angle,1780514276493215781,0.000137494425871409,0,0.009999269619584084
angle,1780514276519725749,0.00013707838661503,0,0.00999946054071188
angle,1780514276544991530,0.000136662536533549,0,0.009999443776905537
angle,1780514276570718663,0.000136246875626966,0,0.009999223984777927
angle,1780514276603574266,0.000135831389343366,0,0.009999606758356094
angle,1780514276629512474,0.000135416092234664,0,0.009999128989875317
angle,1780514276655695934,0.000135000984300859,0,0.009999377653002739
angle,1780514276681277152,0.000134586080093868,0,0.009999355301260948
angle,1780514276710376060,0.00013417135050986,0,0.00999940000474453
angle,1780514276736941390,0.000133756824652664,0,0.009941110387444496
angle,1780514276762630457,0.000133342604385689,0,0.00999891571700573
angle,1780514276788583936,0.000132928762468509,0,0.009999344125390053
angle,1780514276814898018,0.000132515284349211,0,0.009999486617743969
angle,1780514276883866011,0.000132102082716301,0,0.009999441914260387
angle,1780514276936923588,0.000131689084810205,0,0.009999403730034828
angle,1780514276982310600,0.000131276246975176,0,0.009998410008847713
angle,1780514277020230818,0.000130863496451639,0,0.009999005123972893
angle,1780514277055739704,0.000130450818687677,0,0.00999865960329771
angle,1780514277094155203,0.000130038213683292,0,0.009999183006584644
angle,1780514277124623846,0.000129625681438483,0,0.009998857975006104
angle,1780514277155979793,0.000129213265608996,0,0.009999229572713375
angle,1780514277183293800,0.000128800995298661,0,0.009998136200010777
angle,1780514277214293503,0.000128388914163224,0,0.0099995918571949
angle,1780514277241590367,0.000127977080410346,0,0.009999430738389492
angle,1780514277269971746,0.000127565494040027,0,0.009999082423746586
angle,1780514277297916199,0.000127154213259928,0,0.009999293833971024
angle,1780514277329558571,0.000126743208966218,0,0.00999927893280983
angle,1780514277355345098,0.000126332510262728,0,0.009999716654419899
angle,1780514277382550518,0.000125922088045627,0,0.009999552741646767
angle,1780514277407520135,0.000125511913211085,0,0.009999625384807587
angle,1780514277442060341,0.000125102000311017,0,0.009999489411711693
angle,1780514277469147004,0.000124692291137762,0,0.00999885518103838
angle,1780514277497355139,0.000124282800243236,0,0.009999342262744904
angle,1780514277523727787,0.000123873483971693,0,0.009999262169003487
angle,1780514277549098243,0.000123464356875047,0,0.009999388828873634
angle,1780514277622805502,0.00012305544805713,0,0.009999264031648636
angle,1780514277669284995,0.000122646728414111,0,0.009999346919357777
angle,1780514277711691314,0.00012223822704982,0,0.009998791851103306
angle,1780514277747945393,0.000121829943964258,0,0.009998660534620285
angle,1780514277779948942,0.000121421908261254,0,0.009999272413551807
angle,1780514277810057269,0.000121014134492725,0,0.009998912923038006
angle,1780514277842216119,0.00012060662265867,0,0.009999465197324753
angle,1780514277871191954,0.000120199380035046,0,0.009999264031648636
angle,1780514277901799534,0.000119792406621855,0,0.009999264031648636
angle,1780514277931669798,0.000119385702419095,0,0.009998949244618416
angle,1780514277960315444,0.000118978954560589,0,0.01000613160431385
angle,1780514277987361652,0.000118572752398904,0,0.009999359026551247
angle,1780514278016311350,0.000118166797619779,0,0.009999382309615612
angle,1780514278042518311,0.000117761090223212,0,0.009999309666454792
angle,1780514278070668442,0.000117355622933246,0,0.009999213740229607
angle,1780514278099746637,0.000116950395749882,0,0.009999384172260761
angle,1780514278122879345,0.000116545415949076,0,0.009999362751841545
angle,1780514278146623133,0.00011614068353083,0,0.009999272413551807
angle,1780514278171171993,0.000115736198495142,0,0.009999826550483704
angle,1780514278195178215,0.000115331960842013,0,0.009999779984354973
angle,1780514278219591623,0.000114927985123359,0,0.009999713860452175
angle,1780514278242807028,0.000114524271339178,0,0.009999632835388184
angle,1780514278270640790,0.000114120819489472,0,0.009999635629355907
angle,1780514278294748258,0.000113717636850197,0,0.009999804198741913
angle,1780514278321337470,0.000113314723421354,0,0.009999388828873634
angle,1780514278348199231,0.0001129120864789,0,0.009998614899814129
angle,1780514278375089674,0.000112509711470921,0,0.009999345056712627
angle,1780514278401762439,0.000112107627501246,0,0.009999397210776806
angle,1780514278428054299,0.000111705812742002,0,0.009999509900808334
angle,1780514278458748095,0.000111304274469148,0,0.009999535046517849
angle,1780514278485702660,0.000110903027234599,0,0.009999418631196022
angle,1780514278511518631,0.000110502049210481,0,0.009999285452067852
angle,1780514278538496000,0.000110101347672753,0,0.00999914575368166
angle,1780514278564654089,0.000109700908069499,0,0.009999345988035202
angle,1780514278591566980,0.000109300737676676,0,0.009999672882258892
angle,1780514278620846641,0.000108900851046201,0,0.009999074041843414
angle,1780514278650807264,0.000108501248178072,0,0.009999344125390053
angle,1780514278679343775,0.000108101921796333,0,0.009999514557421207
angle,1780514278707316116,0.000107702879176941,0,0.009998551569879055
angle,1780514278737587242,0.000107304134871811,0,0.009999350644648075
angle,1780514278763925646,0.00010690566705307,0,0.009999452158808708
angle,1780514278792758646,0.000106507497548591,0,0.009999553672969341
angle,1780514278819656367,0.000106109619082417,0,0.009999336674809456
angle,1780514278849077245,0.000105712031654548,0,0.009999314323067665
angle,1780514278875957974,0.000105314735264983,0,0.00999944657087326
angle,1780514278902985504,0.00010491773718968,0,0.009998960420489311
angle,1780514278925960955,0.000104521030152682,0,0.009999762289226055
angle,1780514278950175275,0.000104124614153989,0,0.00999978743493557
angle,1780514278973063770,0.000103728496469557,0,0.009999719448387623
angle,1780514278999060260,0.000103332662547473,0,0.009999916888773441
angle,1780514279025299633,0.000102937126939651,0,0.009999378584325314
angle,1780514279051578852,0.000102541882370133,0,0.009999132715165615
angle,1780514279076086284,0.000102146936114877,0,0.009999382309615612
angle,1780514279100452999,0.000101752302725799,0,0.009999577887356281
angle,1780514279126466250,0.000101357974926941,0,0.009999457746744156
angle,1780514279153011825,0.000100963952718303,0,0.009999391622841358
angle,1780514279178156654,0.000100570236099884,0,0.009999634698033333
angle,1780514279203151860,0.000100176832347643,0,0.009999568574130535
angle,1780514279227030405,0.000099783748737536,0,0.009999599307775497
angle,1780514279252447256,0.000099390963441692,0,0.009999554604291916
angle,1780514279275558368,0.000098998498287983,0,0.009999511763453484
angle,1780514279301747978,0.000098606346000452,0,0.009999723173677921
angle,1780514279327509817,0.00009821449930314,0,0.009999565780162811
angle,1780514279352897871,0.000097822965472005,0,0.009999698027968407
angle,1780514279378015866,0.000097431744507048,0,0.009999723173677921
angle,1780514279404782281,0.000097040843684226,0,0.009999680332839489
angle,1780514279429547285,0.000096650248451624,0,0.009999707341194153
angle,1780514279456732392,0.000096259980637114,0,0.009999698027968407
angle,1780514279482171067,0.000095870025688782,0,0.0099998340010643
angle,1780514279506007996,0.000095480398158543,0,0.0099998963996768
angle,1780514279533892947,0.000095091090770438,0,0.009999752044677734
angle,1780514279561858930,0.000094702096248511,0,0.009999463334679604
angle,1780514279589371162,0.000094313443696592,0,0.00999926682561636
angle,1780514279616149460,0.00009392510401085,0,0.009998827241361141
angle,1780514279643142442,0.000093537106295116,0,0.009999549947679043
angle,1780514279669761209,0.000093149443273433,0,0.0099992286413908
angle,1780514279698791276,0.000092762114945799,0,0.009998696856200695
angle,1780514279728886841,0.000092375121312216,0,0.00999954529106617
angle,1780514279759794249,0.000091988476924598,0,0.009999319911003113
angle,1780514279785704737,0.000091602159955073,0,0.00999955739825964
angle,1780514279812949676,0.000091216177679598,0,0.009999418631196022
angle,1780514279843620829,0.000090830530098174,0,0.009999364614486694
angle,1780514279871013622,0.000090445217210799,0,0.009999462403357029
angle,1780514279897601396,0.000090060231741518,0,0.009999380446970463
angle,1780514279925524448,0.000089675580966286,0,0.009999287314713001
angle,1780514279954634308,0.000089291264885105,0,0.00999944657087326
angle,1780514279983465391,0.000088907290773932,0,0.00999905914068222
angle,1780514280009729603,0.000088523658632766,0,0.009998692199587822
angle,1780514280035251932,0.000088140361185651,0,0.009999715723097324
angle,1780514280058304656,0.000087757427536417,0,0.009999897330999374
angle,1780514280084261852,0.00008737483585719,0,0.009999669156968594
angle,1780514280110989529,0.000086992586147971,0,0.009999413043260574
angle,1780514280137329898,0.000086610692960676,0,0.009998373687267303
angle,1780514280162687227,0.000086229149019346,0,0.009999171830713749
angle,1780514280189331048,0.000085847954323981,0,0.009999357163906097
angle,1780514280213355431,0.000085467108874582,0,0.00999950896948576
angle,1780514280237135050,0.000085086627223063,0,0.009999826550483704
angle,1780514280265732927,0.000084706487541553,0,0.009999682195484638
angle,1780514280292400143,0.000084326704381965,0,0.00999967660754919
angle,1780514280316575304,0.000083947277744301,0,0.00999946054071188
angle,1780514280341501268,0.000083568200352602,0,0.009999358095228672
angle,1780514280366882314,0.000083189472206868,0,0.009999304078519344
angle,1780514280391791901,0.000082811100583058,0,0.009999707341194153
angle,1780514280419302496,0.000082433085481171,0,0.009999615140259266
angle,1780514280444030041,0.000082055434177164,0,0.009999780915677547
angle,1780514280476046469,0.000081678139395081,0,0.009999607689678669
angle,1780514280502536816,0.000081301208410878,0,0.009999380446970463
angle,1780514280532242353,0.000080924641224556,0,0.009999395348131657
angle,1780514280558187119,0.000080548445112072,0,0.009999356232583523
angle,1780514280586675732,0.000080172627349384,0,0.009999223053455353
angle,1780514280612095363,0.000079797166108619,0,0.00999955739825964
angle,1780514280638233877,0.000079422083217651,0,0.009999288246035576
angle,1780514280664130824,0.000079047378676478,0,0.009999391622841358
angle,1780514280690067788,0.000078673037933186,0,0.00999944657087326
angle,1780514280717730071,0.00007829907553969,0,0.009998922236263752
angle,1780514280745400016,0.000077925476944074,0,0.00999921839684248
angle,1780514280773944554,0.000077552256698254,0,0.00999907124787569
angle,1780514280802108035,0.000077179414802231,0,0.00999897439032793
angle,1780514280829176909,0.00007680692942813,0,0.00999940000474453
angle,1780514280856059389,0.000076434836955741,0,0.009999318048357964
angle,1780514280884948481,0.00007606311555719,0,0.009998885914683342
angle,1780514280911104392,0.000075691765232477,0,0.009999215602874756
angle,1780514280938048070,0.000075320800533518,0,0.00999944843351841
angle,1780514280963794714,0.000074950214184355,0,0.009999657049775124
angle,1780514280989858822,0.000074580006184988,0,0.009999307803809643
angle,1780514281016824893,0.000074210183811374,0,0.009999401867389679
angle,1780514281043291574,0.000073840739787556,0,0.009999562986195087
angle,1780514281069922491,0.000073471681389492,0,0.009999340400099754
angle,1780514281096510080,0.000073103001341224,0,0.009999153204262257
angle,1780514281121823151,0.000072734706918709,0,0.009998956695199013
angle,1780514281150035872,0.000072366805397905,0,0.009999402798712254
angle,1780514281176723636,0.000071999289502855,0,0.009999237954616547
angle,1780514281203368914,0.000071632159233559,0,0.009999444708228111
angle,1780514281229897340,0.000071265429141931,0,0.009999197907745838
angle,1780514281255201478,0.000070899099227972,0,0.009999335743486881
angle,1780514281281936492,0.000070533147663809,0,0.009999237954616547
angle,1780514281308549778,0.000070167596277315,0,0.009998898021876812
angle,1780514281338478800,0.000069802437792532,0,0.009999283589422703
angle,1780514281364955335,0.00006943767220946,0,0.009999214671552181
angle,1780514281392731812,0.0000690732995281,0,0.009998531080782413
angle,1780514281419544211,0.000068709327024408,0,0.009999377653002739
angle,1780514281450252970,0.000068345761974342,0,0.009999287314713001
angle,1780514281479043438,0.000067982589825988,0,0.009999345988035202
angle,1780514281507291001,0.000067619817855302,0,0.009998815134167671
angle,1780514281534134520,0.000067257438786328,0,0.009999407455325127
angle,1780514281564002538,0.000066895459895022,0,0.00999910943210125
angle,1780514281590862285,0.000066533888457343,0,0.009999261237680912
angle,1780514281617625934,0.000066172717197333,0,0.009999250993132591
angle,1780514281646881453,0.000065811946114991,0,0.009999462403357029
angle,1780514281671829057,0.000065451582486276,0,0.009999223053455353
angle,1780514281697902754,0.000065091619035229,0,0.009999243542551994
angle,1780514281724200545,0.000064732055761851,0,0.009999260306358337
angle,1780514281752570720,0.000064372907218058,0,0.00999941024929285
angle,1780514281779666508,0.00006401416612789,0,0.00999949686229229
angle,1780514281805881421,0.000063655825215392,0,0.009999183937907219
angle,1780514281831824575,0.000063297906308435,0,0.009999385103583336
angle,1780514281860492278,0.000062940394855104,0,0.009999538771808147
angle,1780514281888086068,0.0000625832908554,0,0.009998849593102932
angle,1780514281916074899,0.000062226616137195,0,0.009998291730880737
angle,1780514281942863113,0.000061870348872617,0,0.009999052621424198
angle,1780514281972163032,0.000061514496337622,0,0.009999273344874382
angle,1780514282000663611,0.000061159058532212,0,0.009999587200582027
angle,1780514282029555735,0.000060804053646279,0,0.009999287314713001
angle,1780514282057563692,0.000060449463489931,0,0.009998941794037819
angle,1780514282088758480,0.000060095291701145,0,0.009998973459005356
angle,1780514282115960584,0.000059741531003965,0,0.00999984797090292
angle,1780514282143519826,0.000059388188674347,0,0.009999159723520279
angle,1780514282170369231,0.000059035261074314,0,0.00999935157597065
angle,1780514282196759672,0.000058682751841843,0,0.009999239817261696
angle,1780514282222462628,0.000058330664614914,0,0.009999465197324753
angle,1780514282252128411,0.000057978995755548,0,0.009999338537454605
angle,1780514282279454653,0.000057627294154372,0,0.010012349113821983
angle,1780514282306356851,0.000057276469306089,0,0.00999895017594099
angle,1780514282333174600,0.000056926077377284,0,0.009999241679906845
angle,1780514282359510658,0.000056576114729978,0,0.009998909197747707
angle,1780514282388128355,0.000056226581364172,0,0.009999072179198265
angle,1780514282415121498,0.000055877477279864,0,0.00999947264790535
angle,1780514282441711561,0.000055528809753014,0,0.009999617002904415
angle,1780514282469651776,0.000055180571507663,0,0.00999884121119976
angle,1780514282501041589,0.000054832766181789,0,0.009998922236263752
angle,1780514282528379270,0.000054485397413373,0,0.009999174624681473
angle,1780514282557138148,0.000054138454288477,0,0.009999438188970089
angle,1780514282585008035,0.000053791944083059,0,0.009998743422329426
angle,1780514282611198482,0.000053445866797119,0,0.009999317117035389
angle,1780514282636771212,0.000053100222430658,0,0.009999367408454418
angle,1780514282662234932,0.000052755007345695,0,0.009999477304518223
angle,1780514282687990560,0.000052410225180211,0,0.009999457746744156
angle,1780514282715341795,0.000052065879572183,0,0.009999332018196583
angle,1780514282740993750,0.000051721974159591,0,0.009999258443713188
angle,1780514282774674157,0.000051378505304456,0,0.009999049827456474
angle,1780514282802837813,0.000051035469368799,0,0.009999288246035576
angle,1780514282832148581,0.000050692877266556,0,0.009999560192227364
angle,1780514282859407200,0.000050350725359749,0,0.009999285452067852
angle,1780514282886886920,0.000050009017286357,0,0.009999659843742847
angle,1780514282953870373,0.000049667760322336,0,0.009999513626098633
angle,1780514283004110155,0.000049326939915773,0,0.009999549947679043
angle,1780514283045498167,0.000048986570618581,0,0.009999250993132591
angle,1780514283087936956,0.000048646634240868,0,0.009999173693358898
angle,1780514283118308033,0.000048307152610505,0,0.009999009780585766
angle,1780514283150228087,0.000047968114813557,0,0.00999978743493557
angle,1780514283175202047,0.000047629528125981,0,0.00999943446367979
angle,1780514283202673732,0.000047291385271819,0,0.009999767877161503
angle,1780514283231937960,0.000046953686251072,0,0.009999779053032398
angle,1780514283266629836,0.00004661643106374,0,0.009999537840485573
angle,1780514283293210964,0.0000462796233478,0,0.009998902678489685
angle,1780514283321972334,0.000045943266741233,0,0.009998724795877934
angle,1780514283347906723,0.000045607361244038,0,0.009999609552323818
angle,1780514283379325165,0.000045271910494193,0,0.009999502450227737
angle,1780514283404838086,0.000044936918129679,0,0.009999344125390053
angle,1780514283430525719,0.000044602387788473,0,0.00999955553561449
angle,1780514283456688109,0.000044268312194617,0,0.009999367408454418
angle,1780514283482956342,0.000043934694986092,0,0.009999196045100689
angle,1780514283508921969,0.00004360152524896,0,0.009999440051615238
angle,1780514283536025932,0.000043268813897157,0,0.009999068453907967
angle,1780514283564901633,0.000042936557292705,0,0.009999064728617668
angle,1780514283593073336,0.000042604755435605,0,0.009999711997807026
angle,1780514283631361443,0.00004227342287777,0,0.009998973459005356
angle,1780514283658070268,0.000041942541429307,0,0.009999231435358524
angle,1780514283684556788,0.000041612125642132,0,0.009999221190810204
angle,1780514283712293042,0.000041282164602308,0,0.00999908335506916
angle,1780514283742124589,0.00004095266922377,0,0.009941453114151955
angle,1780514283770137292,0.000040623745007906,0,0.009999370202422142
angle,1780514283795902329,0.000040295471990248,0,0.00999939814209938
angle,1780514283823342425,0.000039967802877072,0,0.00999926682561636
angle,1780514283861467274,0.000039640657632845,0,0.00999941024929285
angle,1780514283924907942,0.00003931395986001,0,0.009998966939747334
angle,1780514283974957167,0.00003898764407495,0,0.009999276138842106
angle,1780514284009098405,0.000038661681173835,0,0.009999901056289673
angle,1780514284041608797,0.000038336038414855,0,0.009999646805226803
angle,1780514284073927794,0.000038010715798009,0,0.009999394416809082
angle,1780514284116220290,0.00003768573878915,0,0.00999943632632494
angle,1780514284148855328,0.000037361136492109,0,0.009999130852520466
angle,1780514284180005728,0.00003703695256263,0,0.009999287314713001
angle,1780514284217224963,0.000036713245208375,0,0.009999096393585205
angle,1780514284243987606,0.000036390043533174,0,0.009999477304518223
angle,1780514284271719663,0.000036067376640858,0,0.009999126195907593
angle,1780514284297661814,0.000035745259083342,0,0.009999278001487255
angle,1780514284324264959,0.000035423690860625,0,0.00999942235648632
angle,1780514284349924271,0.000035102675610688,0,0.009999276138842106
angle,1780514284380066538,0.00003478217695374,0,0.009999429807066917
angle,1780514284402809094,0.000034462187613826,0,0.009999562054872513
angle,1780514284426891437,0.000034142678487115,0,0.00999977346509695
angle,1780514284455541458,0.000033823624107754,0,0.009999756701290607
angle,1780514284478994601,0.000033505009923829,0,0.009999730624258518
angle,1780514284502445594,0.000033186825021403,0,0.009999660775065422
angle,1780514284528078164,0.000032869065762497,0,0.00999979767948389
angle,1780514284554890427,0.000032551735785091,0,0.009999166242778301
angle,1780514284587614290,0.000032234856917057,0,0.009999367408454418
angle,1780514284611954123,0.000031918436434353,0,0.009999425150454044
angle,1780514284638386841,0.000031602492526872,0,0.009999400936067104
angle,1780514284666547733,0.000031287047022488,0,0.009998936206102371
angle,1780514284717832033,0.0000309720999212,0,0.009999358095228672
angle,1780514284779309554,0.000030657673050882,0,0.009998763911426067
angle,1780514284819938007,0.000030343759135576,0,0.00999872200191021
angle,1780514284861564424,0.000030030356356292,0,0.009999267756938934
angle,1780514284892207829,0.000029717459256062,0,0.009998271241784096
angle,1780514284922634958,0.000029405055101961,0,0.009999427013099194
angle,1780514284952639985,0.000029093145712977,0,0.009999423287808895
angle,1780514284977956132,0.000028781716537196,0,0.009999657049775124
angle,1780514285002937740,0.000028470758479671,0,0.009999649599194527
angle,1780514285026230320,0.000028160266083432,0,0.009999661706387997
angle,1780514285049895553,0.000027850233891513,0,0.009999619796872139
angle,1780514285075229674,0.000027540667360881,0,0.009999689646065235
angle,1780514285102344493,0.000027231568310526,0,0.009999431669712067
angle,1780514285127665533,0.000026922942197416,0,0.00999964214861393
angle,1780514285153658995,0.000026614799935487,0,0.009999682195484638
angle,1780514285182937996,0.000026307156076655,0,0.009998999536037445
angle,1780514285207665001,0.00002600000698294,0,0.009999354369938374
angle,1780514285232164889,0.00002569336174929,0,0.009999404661357403
angle,1780514285258755928,0.000025387225832674,0,0.009999046102166176
angle,1780514285284381460,0.000025081597414101,0,0.009998733177781105
angle,1780514285309146151,0.00002477648013155,0,0.009999302215874195
angle,1780514285334818670,0.000024471857614117,0,0.009999425150454044
angle,1780514285357728488,0.000024167740775738,0,0.009999120607972145
angle,1780514285379444941,0.000023864116883487,0,0.009999524801969528
angle,1780514285402570414,0.000023560984118376,0,0.009999673813581467
angle,1780514285423973039,0.000023258335204446,0,0.009999683126807213
angle,1780514285447875403,0.000022956168322708,0,0.00999972689896822
angle,1780514285471301696,0.000022654483473161,0,0.0099996542558074
angle,1780514285493088043,0.000022353280655807,0,0.009999733418226242
angle,1780514285517055257,0.000022052567146602,0,0.009999696165323257
angle,1780514285539853480,0.000021752344764536,0,0.00999944843351841
angle,1780514285562931912,0.000021452615328599,0,0.009999588131904602
angle,1780514285585244085,0.000021153387933737,0,0.009999716654419899
angle,1780514285607348115,0.000020854664398939,0,0.009999713860452175
angle,1780514285634271753,0.000020556448362186,0,0.009999677538871765
angle,1780514285659314335,0.000020258734366507,0,0.009999547153711319
angle,1780514285686067207,0.000019961533325841,0,0.009999259375035763
angle,1780514285711136113,0.00001966483432625,0,0.009999673813581467
angle,1780514285739543503,0.000019368644643691,0,0.009999614208936691
angle,1780514285766442377,0.000019072960640187,0,0.009999391622841358
angle,1780514285839914571,0.000018777782315738,0,0.009999237954616547
angle,1780514285881318767,0.000018483102394384,0,0.009999113157391548
angle,1780514285923017565,0.000018188926333096,0,0.009999497793614864
angle,1780514285956751634,0.000017895250493893,0,0.009998500347137451
angle,1780514285987368986,0.000017602074876777,0,0.009831070899963379
angle,1780514286028109643,0.000017309712347924,0,0.00999945867806673
angle,1780514286056946080,0.000017018392099999,0,0.009997966699302197
angle,1780514286088129806,0.000016727939510019,0,0.009999453090131283
angle,1780514286117329157,0.000016438154489151,0,0.009999477304518223
angle,1780514286150577111,0.000016148827853613,0,0.009999175556004047
angle,1780514286175267537,0.000015859783161432,0,0.009999260306358337
angle,1780514286200828297,0.000015570900359307,0,0.009999253787100315
angle,1780514286226973923,0.000015282124877558,0,0.00999925471842289
angle,1780514286252851485,0.000014993463082646,0,0.009999566711485386
angle,1780514286278302953,0.00001470496863476,0,0.009999522008001804
angle,1780514286302941047,0.000014416747944779,0,0.009999442845582962
angle,1780514286327304068,0.000014128918337519,0,0.009999369271099567
angle,1780514286352001540,0.000013841599866282,0,0.00999938789755106
angle,1780514286384054920,0.000013554888937506,0,0.00999942235648632
angle,1780514286411462991,0.000013268870134198,0,0.009999824687838554
angle,1780514286440740668,0.000012983579836146,0,0.009999235160648823
angle,1780514286465933811,0.000012699022590823,0,0.009999285452067852
angle,1780514286490777170,0.000012415171113389,0,0.00999932736158371
angle,1780514286560367533,0.000012131967196183,0,0.009999525733292103
angle,1780514286604038331,0.000011849351722049,0,0.009999142028391361
angle,1780514286647394253,0.000011567260116863,0,0.0099990488961339
angle,1780514286680603763,0.000011285635082459,0,0.009999307803809643
angle,1780514286710927328,0.000011004432053596,0,0.009999293833971024
angle,1780514286750718043,0.000010723621926445,0,0.009999443776905537
angle,1780514286778872222,0.000010443200153532,0,0.00999903492629528
angle,1780514286807350396,0.000010163188562728,0,0.009999211877584457
angle,1780514286837209350,0.000009883609891403,0,0.009999258443713188
angle,1780514286864294073,0.000009604493243387,0,0.009999212808907032
angle,1780514286890798243,0.000009325884093414,0,0.009998718276619911
angle,1780514286914292935,0.000009047815183294,0,0.009999487549066544
angle,1780514286937299419,0.000008770314707363,0,0.00999949686229229
angle,1780514286960160220,0.000008493395398546,0,0.009999469853937626
angle,1780514286983215045,0.000008217060894822,0,0.009999561123549938
angle,1780514287010540105,0.000007941303920234,0,0.00999952107667923
angle,1780514287034028096,0.00000766611265135,0,0.009999523870646954
angle,1780514287056899358,0.000007391461622319,0,0.009999722242355347
angle,1780514287080609405,0.000007117339464457,0,0.009999562986195087
angle,1780514287103429610,0.00000684372298565,0,0.009999638423323631
angle,1780514287128904095,0.000006570597633981,0,0.009999733418226242
angle,1780514287151893769,0.00000629796204521,0,0.00999950896948576
angle,1780514287174479135,0.000006025808033883,0,0.00999950896948576
angle,1780514287196937958,0.000005754136054748,0,0.009999562054872513
angle,1780514287219617081,0.000005482962023962,0,0.00999941024929285
angle,1780514287241458669,0.000005212290943746,0,0.00999953132122755
angle,1780514287267727019,0.000004942139185005,0,0.009999522939324379
angle,1780514287292477220,0.000004672515387938,0,0.009999639354646206
angle,1780514287315228234,0.000004403428647493,0,0.009999673813581467
angle,1780514287337785032,0.000004134882601647,0,0.009999632835388184
angle,1780514287363090558,0.000003866879069392,0,0.009999661706387997
angle,1780514287387644126,0.000003599415094868,0,0.009999658912420273
angle,1780514287410653384,0.000003332491360197,0,0.00999963004142046
angle,1780514287436945547,0.000003066101044169,0,0.009999618865549564
angle,1780514287463524419,0.000002800235961331,0,0.009999883361160755
angle,1780514287486372029,0.000002534893155826,0,0.009999805130064487
angle,1780514287508595462,0.000002270066488563,0,0.009999719448387623
angle,1780514287531637019,0.000002005756641665,0,0.009999695234000683
angle,1780514287556655829,0.000001741959749779,0,0.00999968871474266
angle,1780514287581020694,0.000001478678882449,0,0.009999657049775124
angle,1780514287606606743,0.000001215914494423,0,0.009998727589845657
angle,1780514287632322925,9.53668347847e-7,0,0.009999659843742847
angle,1780514287661143255,6.91949708198e-7,0,0.009999438188970089
angle,1780514287691296472,4.30766021964e-7,0,0.00999931339174509
angle,1780514287717209925,1.70115299625e-7,0,0.009999169036746025
angle,1780514287743166546,-8.9997740815e-8,0,0.00999928917735815
angle,1780514287769452785,-3.49572246705e-7,0,0.009999202564358711
angle,1780514287799392085,-6.08617767739e-7,0,0.009999038651585579
angle,1780514287826033022,-8.67122992076e-7,0,0.00999956764280796
angle,1780514287854103979,-0.00000112510076633,0,0.009999459609389305
angle,1780514287880609944,-0.000001382548020956,0,0.00999938789755106
angle,1780514287907327301,-0.00000163946867815,0,0.00999913178384304
angle,1780514287934273807,-0.000001895864670587,0,0.009998858906328678
angle,1780514287959475565,-0.0000021517348614,0,0.009999290108680725
angle,1780514287984502372,-0.000002407081183264,0,0.009999671019613743
angle,1780514288008245778,-0.000002661895450728,0,0.009999485686421394
angle,1780514288032952201,-0.00000291618493975,0,0.009999548085033894
angle,1780514288058181550,-0.000003169947831339,0,0.009999467991292477
angle,1780514288085101676,-0.000003423184352869,0,0.009999624453485012
angle,1780514288109288275,-0.000003675893822219,0,0.009999766945838928
angle,1780514288135489926,-0.000003928070327675,0,0.009999483823776245
angle,1780514288163068573,-0.000004179713869235,0,0.009999506175518036
angle,1780514288189898305,-0.000004430827630131,0,0.009999613277614117
angle,1780514288213572666,-0.000004681406608142,0,0.0099996542558074
angle,1780514288240341634,-0.000004931453531754,0,0.009999625384807587
angle,1780514288265584038,-0.000005180962034501,0,0.009999437257647514
angle,1780514288291477398,-0.000005429937573354,0,0.009999572299420834
angle,1780514288316248116,-0.000005678376510332,0,0.00999942421913147
angle,1780514288341687612,-0.000005926284302404,0,0.009999590925872326
angle,1780514288365529556,-0.000006173658675834,0,0.009999431669712067
angle,1780514288390035804,-0.000006420497811632,0,0.009999619796872139
angle,1780514288415471235,-0.000006666803528788,0,0.009999364614486694
angle,1780514288439475399,-0.000006912577191542,0,0.009999475441873074
angle,1780514288464346916,-0.000007157818345149,0,0.009999614208936691
angle,1780514288489464641,-0.000007402525170619,0,0.00999955739825964
angle,1780514288514169300,-0.000007646695848962,0,0.009998904541134834
angle,1780514288537636060,-0.000007890335837146,0,0.00999960582703352
angle,1780514288563292166,-0.000008133434675983,0,0.009999435395002365
angle,1780514288587164047,-0.00000837599964143,0,0.00999947264790535
angle,1780514288611446541,-0.000008618028914498,0,0.009999494068324566
angle,1780514288635282947,-0.00000885952522367,0,0.009999503381550312
angle,1780514288663920578,-0.000009100485840463,0,0.009999498724937439
angle,1780514288688879815,-0.000009340910764877,0,0.009999440982937813
angle,1780514288713000311,-0.000009580799087416,0,0.009999552741646767
angle,1780514288738815931,-0.000009820151717577,0,0.009999601170420647
angle,1780514288763731606,-0.000010058969564852,0,0.009999456815421581
angle,1780514288788662671,-0.000010297249900759,0,0.00999943632632494
angle,1780514288814150901,-0.000010534996363276,0,0.009999629110097885
angle,1780514288841752593,-0.000010772203495435,0,0.009999417699873447
angle,1780514288866279835,-0.000011008876754204,0,0.009999600239098072
angle,1780514288890355694,-0.000011245011592109,0,0.009999612346291542
angle,1780514288916593405,-0.000011480608009151,0,0.009999576024711132
angle,1780514288941152836,-0.000011715667824319,0,0.009999563917517662
angle,1780514288965806357,-0.000011950191947108,0,0.009999589063227177
angle,1780514288989849327,-0.000012184181287012,0,0.009999674744904041
angle,1780514289015372281,-0.000012468985914893,0,0.012201040051877499
angle,1780514289038852762,-0.000012701938430837,0,0.009999866597354412
angle,1780514289062169833,-0.000012934340702486,0,0.009999778121709824
angle,1780514289084941255,-0.000013166172720958,0,0.009999758563935757
angle,1780514289107261390,-0.00001339742266282,0,0.009999850764870644
angle,1780514289130431726,-0.000013628085980599,0,0.009999738074839115
angle,1780514289154143512,-0.00001385816722177,0,0.009999758563935757
angle,1780514289179163382,-0.000014087671843299,0,0.009999716654419899
angle,1780514289203150935,-0.000014316615306598,0,0.009999743662774563
angle,1780514289226960325,-0.000014545009435096,0,0.009999536909162998
angle,1780514289252819423,-0.000014772869690205,0,0.009999646805226803
angle,1780514289276066217,-0.000015000207895355,0,0.009999727830290794
angle,1780514289300331629,-0.000015227029507514,0,0.009999669156968594
angle,1780514289325840454,-0.000015453335436177,0,0.009999625384807587
angle,1780514289357475648,-0.000015745112250443,0,0.01292371191084385
angle,1780514289385657210,-0.00001597045957169,0,0.009999485686421394
angle,1780514289414258069,-0.000016195257558138,0,0.009999088943004608
angle,1780514289440377620,-0.000016419469829998,0,0.00999902468174696
angle,1780514289468234985,-0.000016643072740408,0,0.009999236091971397
angle,1780514289496655364,-0.00001686605719442,0,0.009999302215874195
angle,1780514289519977210,-0.000017088417735067,0,0.0099998340010643
angle,1780514289544549584,-0.000017310172552243,0,0.00999978743493557
angle,1780514289566799105,-0.00001753134347382,0,0.009999843314290047
angle,1780514289592395710,-0.000017751954146661,0,0.009999766014516354
angle,1780514289615669039,-0.000017972031855606,0,0.009999693371355534
angle,1780514289639186446,-0.000018191594790551,0,0.009999670088291168
angle,1780514289663837372,-0.000018410657503409,0,0.009999791160225868
angle,1780514289688427619,-0.00001862922545115,0,0.00999971479177475
angle,1780514289711751500,-0.000018847296814783,0,0.009982232935726643
angle,1780514289738190154,-0.000019064838852501,0,0.009999764151871204
angle,1780514289762163166,-0.000019281818822492,0,0.009999694302678108
angle,1780514289785186577,-0.000019498238543747,0,0.009999684989452362
angle,1780514289810385646,-0.000019714103473234,0,0.009999740868806839
angle,1780514289833011476,-0.000019929420886911,0,0.009999661706387997
angle,1780514289855924194,-0.000020144199879724,0,0.009999660775065422
angle,1780514289880697827,-0.000020358442270663,0,0.009999614208936691
angle,1780514289907003358,-0.000020572151697706,0,0.009999752976000309
angle,1780514289930332093,-0.000020785331798834,0,0.00999943632632494
angle,1780514289954323773,-0.000020997980755055,0,0.009999706409871578
angle,1780514289978083875,-0.00002121010038536,0,0.00999981164932251
angle,1780514290003242455,-0.000021421683413791,0,0.009999476373195648
angle,1780514290027625471,-0.000021632728021359,0,0.009999715723097324
angle,1780514290051117337,-0.000021843232389074,0,0.009999645873904228
angle,1780514290076514754,-0.000022053192878957,0,0.009999783709645271
angle,1780514290100395820,-0.000022262607672019,0,0.00999954342842102
angle,1780514290125518870,-0.00002247147676826,0,0.009999711997807026
angle,1780514290149441756,-0.000022679796529701,0,0.009999513626098633
angle,1780514290172934805,-0.000022887568775332,0,0.009999580681324005
angle,1780514290195948073,-0.000023094793505152,0,0.009999752044677734
angle,1780514290218317037,-0.000023301472538151,0,0.00999961607158184
angle,1780514290240841723,-0.000023507609512308,0,0.009999612346291542
angle,1780514290266881379,-0.000023713204427622,0,0.009999657981097698
angle,1780514290290658688,-0.000023918260922073,0,0.009999703615903854
angle,1780514290314921475,-0.000024122778995661,0,0.009999779053032398
angle,1780514290341712038,-0.000024326758648385,0,0.009999716654419899
angle,1780514290367281870,-0.000024530201699235,0,0.009999771602451801
angle,1780514290390706327,-0.000024733106329222,0,0.009999738074839115
angle,1780514290413582101,-0.000024935470719356,0,0.009999674744904041
angle,1780514290439248674,-0.000025137294869637,0,0.009999725967645645
angle,1780514290463014641,-0.000025338580599055,0,0.00999971479177475
angle,1780514290486725904,-0.000025539320631651,0,0.0099997129291296
angle,1780514290510635543,-0.000025739514967427,0,0.009999625384807587
angle,1780514290534740669,-0.00002593916724436,0,0.009999703615903854
angle,1780514290560589265,-0.000026138273824472,0,0.009999597445130348
angle,1780514290585899661,-0.000026336838345742,0,0.009999692440032959
angle,1780514290611387282,-0.000026534855351201,0,0.009999360889196396
angle,1780514290635685952,-0.000026732328478829,0,0.009999377653002739
angle,1780514290662373437,-0.000026929259547614,0,0.00999950710684061
angle,1780514290687856648,-0.000027125644919579,0,0.009999440051615238
angle,1780514290712078094,-0.00002732149187068,0,0.009999494068324566
angle,1780514290736693325,-0.000027516796762939,0,0.009999506175518036
angle,1780514290761350741,-0.000027711561415344,0,0.009999554604291916
angle,1780514290786163010,-0.000027905785827897,0,0.009999442845582962
angle,1780514290813826817,-0.000028099471819587,0,0.009999459609389305
angle,1780514290838497865,-0.000028292615752434,0,0.009999427944421768
angle,1780514290864918595,-0.000028485217626439,0,0.0099995331838727
angle,1780514290889198073,-0.000028677279260592,0,0.009999372065067291
angle,1780514290915190989,-0.000028868798835902,0,0.009999346919357777
angle,1780514290939979587,-0.000029059776352369,0,0.009999469853937626
angle,1780514290964939825,-0.000029250213628984,0,0.009999487549066544
angle,1780514290991793026,-0.000029440108846757,0,0.009999540634453297
angle,1780514291018787580,-0.000029629462005687,0,0.009999622590839863
angle,1780514291047117292,-0.000029818271286786,0,0.009999413974583149
angle,1780514291076985693,-0.00003000654396601,0,0.0099995331838727
angle,1780514291101624650,-0.000030194272767403,0,0.009999489411711693
angle,1780514291126190646,-0.000030381463147933,0,0.009999671950936317
angle,1780514291154172145,-0.000030568109650631,0,0.009999468922615051
angle,1780514291180489214,-0.000030754217732465,0,0.009999421425163746
angle,1780514291208266808,-0.000030939787393436,0,0.009999645873904228
angle,1780514291234807694,-0.000031124818633543,0,0.009999467991292477
angle,1780514291261594782,-0.00003130930417683,0,0.009999478235840797
angle,1780514291289379789,-0.000031493254937232,0,0.009999293833971024
angle,1780514291316128069,-0.000031676660000812,0,0.00999881885945797
angle,1780514291341051368,-0.000031859519367572,0,0.009998887777328491
angle,1780514291365979986,-0.000032041836675489,0,0.009999449364840984
angle,1780514291393123410,-0.000032223608286586,0,0.00999945867806673
angle,1780514291421068267,-0.000032404841476819,0,0.009999541565775871
angle,1780514291445291039,-0.000032585536246188,0,0.009999582543969154
angle,1780514291471925002,-0.000032765692594694,0,0.009999562054872513
angle,1780514291497863327,-0.000032945314160315,0,0.00999905914068222
angle,1780514291525710715,-0.000033124393667094,0,0.009999175556004047
angle,1780514291554650358,-0.000033302938390989,0,0.009999400936067104
angle,1780514291582229271,-0.00003348094469402,0,0.009999346919357777
angle,1780514291608942333,-0.000033658412576187,0,0.00999931525439024
angle,1780514291633339023,-0.000033835342037492,0,0.009999326430261135
angle,1780514291661168037,-0.000034011725801975,0,0.009999101050198078
angle,1780514291684248039,-0.000034187571145594,0,0.009999736212193966
angle,1780514291709645181,-0.000034362874430371,0,0.009999255649745464
angle,1780514291735516015,-0.000034537639294285,0,0.00999893806874752
angle,1780514291764114688,-0.000034711865737336,0,0.009999320842325687
angle,1780514291799268012,-0.000034885553759523,0,0.009999300353229046
angle,1780514291824673184,-0.000035058699722867,0,0.009999498724937439
angle,1780514291851079292,-0.000035231310903328,0,0.009998764842748642
angle,1780514291878839901,-0.000035403383662924,0,0.009998980909585953
angle,1780514291906075483,-0.000035574918001657,0,0.009998591616749763
angle,1780514291948944833,-0.000035745913919527,0,0.009999380446970463
angle,1780514291989143730,-0.000035916364140576,0,0.009999520145356655
angle,1780514292022935144,-0.000036086283216719,0,0.009999382309615612
angle,1780514292054816084,-0.000036255660234019,0,0.009999428875744343
angle,1780514292086500029,-0.000036424506106414,0,0.009999441914260387
angle,1780514292118158123,-0.000036592813557945,0,0.009999347850680351
angle,1780514292146348024,-0.000036760586226592,0,0.009999505244195461
angle,1780514292174770124,-0.000036927827750333,0,0.009999559260904789
angle,1780514292202426679,-0.000037094534491189,0,0.009999275207519531
angle,1780514292229008818,-0.000037260702811182,0,0.009999136440455914
angle,1780514292255336023,-0.00003742633634829,0,0.009999439120292664
angle,1780514292288094310,-0.000037591431464534,0,0.009999237023293972
angle,1780514292314973682,-0.000037755988159915,0,0.009998899884521961
angle,1780514292339888161,-0.000037920010072412,0,0.00999931339174509
angle,1780514292365964255,-0.000038083486288087,0,0.009998895227909088
angle,1780514292414743180,-0.000038246424082899,0,0.00999893806874752
angle,1780514292477461057,-0.000038408827094827,0,0.00999885518103838
angle,1780514292527777375,-0.000038570691685891,0,0.009998536668717861
angle,1780514292563617153,-0.000038732017856091,0,0.009998492896556854
angle,1780514292597266467,-0.000038892809243407,0,0.009999402798712254
angle,1780514292627950902,-0.000039053058571881,0,0.009998982772231102
angle,1780514292660334062,-0.000039212780393427,0,0.009999237954616547
angle,1780514292690473365,-0.000039371971070068,0,0.009999550879001617
angle,1780514292718119905,-0.000039530626963824,0,0.009998368099331856
angle,1780514292746600154,-0.000039688755350653,0,0.009999236091971397
angle,1780514292772956269,-0.000039846352592576,0,0.00999926682561636
angle,1780514292800501958,-0.000040003418689594,0,0.009999378584325314
angle,1780514292827197097,-0.000040159950003726,0,0.009999018162488937
angle,1780514292854793287,-0.000040315950172953,0,0.009999481961131096
angle,1780514292881397850,-0.000040471419197274,0,0.009999549947679043
angle,1780514292906627736,-0.000040626349800732,0,0.009999435395002365
angle,1780514292934790179,-0.000040780749259284,0,0.009998532012104988
angle,1780514292960659906,-0.00004093461757293,0,0.00999952107667923
angle,1780514292989481838,-0.000041087947465712,0,0.00999908521771431
angle,1780514293015587796,-0.000041240746213589,0,0.009999227710068226
angle,1780514293044219073,-0.000041393010178581,0,0.009998753666877747
angle,1780514293068973830,-0.000041544739360688,0,0.0099990488961339
angle,1780514293096535291,-0.00004169593739789,0,0.009999383240938187
angle,1780514293121895661,-0.000041846600652207,0,0.009999130852520466
angle,1780514293146268835,-0.000041996736399597,0,0.009999497793614864
angle,1780514293173801842,-0.000042146337364102,0,0.009999836795032024
angle,1780514293197437123,-0.000042295414459659,0,0.00999977346509695
angle,1780514293223174737,-0.000042443964048289,0,0.009999689646065235
angle,1780514293246924079,-0.000042591989767971,0,0.009999747388064861
angle,1780514293272798941,-0.000042739487980725,0,0.009999865666031837
angle,1780514293295918930,-0.000042886458686553,0,0.009999777190387249
angle,1780514293322595420,-0.000043032901885454,0,0.009999720379710197
angle,1780514293346376160,-0.000043178821215406,0,0.009999746456742287
angle,1780514293369212043,-0.000043324205762474,0,0.009999687783420086
angle,1780514293393652845,-0.000043469062802615,0,0.009999805130064487
angle,1780514293418834335,-0.000043613385059871,0,0.009999611414968967
angle,1780514293442936168,-0.0000437571798102,0,0.009999632835388184
angle,1780514293467633302,-0.000043900439777644,0,0.009999698027968407
angle,1780514293490569876,-0.000044043168600183,0,0.009999646805226803
angle,1780514293517955736,-0.000044185366277816,0,0.009999589063227177
angle,1780514293543756674,-0.0000443270400865,0,0.009999255649745464
angle,1780514293569841155,-0.000044468182750279,0,0.009999199770390987
angle,1780514293595779919,-0.000044608794269152,0,0.0099993497133255
angle,1780514293621950845,-0.000044748881919077,0,0.009999438188970089
angle,1780514293647855776,-0.000044888445700053,0,0.009999565780162811
angle,1780514293677589103,-0.000045027481974103,0,0.009999229572713375
angle,1780514293704080727,-0.000045165994379204,0,0.009999506175518036
angle,1780514293732838887,-0.000045303975639399,0,0.009999425150454044
angle,1780514293759474332,-0.000045441440306604,0,0.009999452158808708
angle,1780514293786730989,-0.000045578377466882,0,0.009999172762036324
angle,1780514293816434394,-0.000045714787120232,0,0.00999927893280983
angle,1780514293841462569,-0.000045850676542614,0,0.009998989291489124
angle,1780514293867159067,-0.000045986038458068,0,0.009999383240938187
angle,1780514293892771287,-0.000046120872866595,0,0.009999318048357964
angle,1780514293927267093,-0.000046255183406174,0,0.009999449364840984
angle,1780514293953971193,-0.000046389166527661,0,0.010013519786298275
angle,1780514293982954272,-0.000046522425691364,0,0.009999400936067104
angle,1780514294011311427,-0.000046655164624099,0,0.009999134577810764
angle,1780514294036163762,-0.000046787383325864,0,0.009999359957873821
angle,1780514294060166244,-0.000046919070882723,0,0.009999717585742474
angle,1780514294082544075,-0.000047050238208612,0,0.009999494068324566
angle,1780514294104722187,-0.000047180888941512,0,0.009999760426580906
angle,1780514294132369206,-0.000047311015805462,0,0.009999684989452362
angle,1780514294158129805,-0.000047440626076423,0,0.009999090805649757
angle,1780514294183860489,-0.000047569723392371,0,0.009999367408454418
angle,1780514294209706484,-0.000047698296839371,0,0.00999936182051897
angle,1780514294236624919,-0.000047826346417423,0,0.009999025613069534
angle,1780514294263785405,-0.000047953875764506,0,0.009998757392168045
angle,1780514294298819941,-0.00004808088124264,0,0.009998899884521961
angle,1780514294324904200,-0.000048207366489805,0,0.009999231435358524
angle,1780514294351552453,-0.000048333327868022,0,0.009999154135584831
angle,1780514294379127516,-0.000048458761739312,0,0.009999402798712254
angle,1780514294412703490,-0.00004858368265559,0,0.009999397210776806
angle,1780514294439102928,-0.000048708079702919,0,0.009998978115618229
angle,1780514294468563849,-0.000048831963795237,0,0.009999215602874756
angle,1780514294496611345,-0.000048955331294565,0,0.009999183937907219
angle,1780514294529649496,-0.000049078182200901,0,0.009999733418226242
angle,1780514294552897719,-0.000049200516514247,0,0.00999980978667736
angle,1780514294576997540,-0.000049322337872582,0,0.009999777190387249
angle,1780514294599893066,-0.000049443646275904,0,0.009999793022871017
angle,1780514294622731778,-0.000049564445362194,0,0.00999973714351654
angle,1780514294650188602,-0.000049684727855492,0,0.009999647736549377
angle,1780514294671651843,-0.000049804497393779,0,0.009999788366258144
angle,1780514294694912766,-0.000049923750339076,0,0.009999667294323444
angle,1780514294717442451,-0.000050042490329361,0,0.009999806992709637
angle,1780514294740824232,-0.000050160713726655,0,0.009999612346291542
angle,1780514294771943024,-0.000050278420530958,0,0.009999692440032959
angle,1780514294794799740,-0.000050395610742271,0,0.009999647736549377
angle,1780514294818906125,-0.000050512284360593,0,0.009999723173677921
angle,1780514294842947647,-0.000050628441385925,0,0.009999635629355907
angle,1780514294869543287,-0.000050744081818266,0,0.009999736212193966
angle,1780514294898518972,-0.000050859212933574,0,0.009999771602451801
angle,1780514294921150853,-0.00005097383109387,0,0.009999502450227737
angle,1780514294948538143,-0.000051087936299155,0,0.009999644942581654
angle,1780514294975670865,-0.000051201528549427,0,0.009999444708228111
angle,1780514295013868538,-0.000051314615120646,0,0.009999001398682594
angle,1780514295039875044,-0.000051427188736852,0,0.009999046102166176
angle,1780514295067724550,-0.000051539249398047,0,0.009999335743486881
angle,1780514295095579982,-0.000051650800742209,0,0.009999288246035576
angle,1780514295131013663,-0.00005176183549338,0,0.009999142028391361
angle,1780514295156983400,-0.000051872364565497,0,0.009999485686421394
angle,1780514295183271346,-0.000051982384320581,0,0.00999952107667923
angle,1780514295210119520,-0.000052091891120654,0,0.009999305941164494
angle,1780514295238379006,-0.000052200892241672,0,0.009999261237680912
angle,1780514295302295737,-0.000052309384045657,0,0.009999330155551434
angle,1780514295345924540,-0.000052417370170588,0,0.009999074973165989
angle,1780514295387715861,-0.000052524850616464,0,0.009999190457165241
angle,1780514295424694149,-0.000052631825383287,0,0.009999717585742474
angle,1780514295460992467,-0.000052738294471055,0,0.009999057278037071
angle,1780514295500059489,-0.000052844254241791,0,0.009999114088714123
angle,1780514295528451471,-0.000052949708333472,0,0.009999006986618042
angle,1780514295554861735,-0.000053054656746099,0,0.009999239817261696
angle,1780514295584374213,-0.000053159095841693,0,0.009999344125390053
angle,1780514295616078585,-0.000053263029258233,0,0.009999562986195087
angle,1780514295643307420,-0.000053366460633697,0,0.009999627247452736
angle,1780514295670752912,-0.000053469386330107,0,0.009999332949519157
angle,1780514295699703741,-0.000053571809985442,0,0.009998803026974201
angle,1780514295732578425,-0.00005367373523768,0,0.009999711066484451
angle,1780514295758603808,-0.000053775154810864,0,0.009999338537454605
angle,1780514295785058232,-0.000053876072342973,0,0.009999292902648449
angle,1780514295810740816,-0.000053976487834007,0,0.009999695234000683
angle,1780514295836007294,-0.000054076401283965,0,0.009999331086874008
angle,1780514295862998539,-0.000054175812692847,0,0.009999414905905724
angle,1780514295889781773,-0.000054274722060654,0,0.009999163448810577
angle,1780514295914583089,-0.000054373133025365,0,0.009999155066907406
angle,1780514295940338905,-0.000054471041949,0,0.009998214431107044
angle,1780514295972075078,-0.00005456844883156,0,0.009999272413551807
angle,1780514295999163390,-0.000054665357311023,0,0.009999499656260014
angle,1780514296027910990,-0.000054761760111433,0,0.009999269619584084
angle,1780514296053859372,-0.000054857664508745,0,0.0099993497133255
angle,1780514296102051313,-0.00005495307414094,0,0.00999942421913147
angle,1780514296162548779,-0.000055047985370038,0,0.009998815134167671
angle,1780514296210285664,-0.00005514239819604,0,0.009999377653002739
angle,1780514296247461510,-0.000055236316256924,0,0.009997868910431862
angle,1780514296282584804,-0.00005532973955269,0,0.00999918207526207
angle,1780514296315064521,-0.000055422664445359,0,0.009999181143939495
angle,1780514296349029995,-0.000055515090934932,0,0.009999099187552929
angle,1780514296378545061,-0.000055607022659387,0,0.009997892193496227
angle,1780514296408803249,-0.000055698452342767,0,0.009999106638133526
angle,1780514296446502514,-0.000055789390899008,0,0.009999129921197891
angle,1780514296477280076,-0.000055879834690131,0,0.009998860768973827
angle,1780514296506798846,-0.000055969783716137,0,0.00999907124787569
angle,1780514296534281825,-0.000056059237977024,0,0.009998371824622154
angle,1780514296566140916,-0.000056148204748752,0,0.009999553672969341
angle,1780514296592806458,-0.00005623668039334,0,0.009999211877584457
angle,1780514296618082700,-0.00005632466491079,0,0.00999944843351841
angle,1780514296644341428,-0.0000564121583011,0,0.00999906100332737
angle,1780514296673496473,-0.000056499164202251,0,0.009999171830713749
angle,1780514296699539319,-0.000056585795391584,0,0.010012227110564709
angle,1780514296725050452,-0.000056671819038456,0,0.009999321773648262
angle,1780514296750603626,-0.000056757355196169,0,0.009999302215874195
angle,1780514296775222361,-0.000056842400226742,0,0.009999288246035576
angle,1780514296807572556,-0.000056926957768155,0,0.009999111294746399
angle,1780514296833799955,-0.00005701102418243,0,0.009999580681324005
angle,1780514296859038065,-0.000057094595831586,0,0.009999312460422516
angle,1780514296885123980,-0.000057177683629561,0,0.00999941024929285
angle,1780514296916188518,-0.000057260283938376,0,0.009999326430261135
angle,1780514296995652531,-0.000057342396758031,0,0.009999093599617481
angle,1780514297048588566,-0.000057424022088526,0,0.0099991075694561
angle,1780514297097622398,-0.000057505163567839,0,0.009999015368521214
angle,1780514297137019409,-0.000057585817557992,0,0.009999381378293037
angle,1780514297173912223,-0.000057665984058985,0,0.009999291971325874
angle,1780514297208129846,-0.000057745670346776,0,0.009999161586165428
angle,1780514297248575788,-0.000057824869145406,0,0.0099996542558074
angle,1780514297276054431,-0.000057903584092855,0,0.009999736212193966
angle,1780514297302816724,-0.000057981818827102,0,0.009998668916523457
angle,1780514297337252104,-0.000058059573348146,0,0.009999169036746025
angle,1780514297370489710,-0.000058136844018009,0,0.00999885331839323
angle,1780514297396598521,-0.00005821363083669,0,0.009999238885939121
angle,1780514297423025997,-0.000058289937442169,0,0.009999205358326435
angle,1780514297455333980,-0.000058365760196466,0,0.009999069385230541
angle,1780514297486752655,-0.000058441102737561,0,0.009999294765293598
angle,1780514297514507251,-0.000058515961427474,0,0.009999250061810017
angle,1780514297541766983,-0.000058590343542164,0,0.009999268688261509
angle,1780514297575134349,-0.000058664245443651,0,0.009999291971325874
angle,1780514297611047294,-0.000058737670769915,0,0.009999355301260948
angle,1780514297637559647,-0.000058810615882976,0,0.00999859906733036
angle,1780514297666304317,-0.000058883088058792,0,0.009999418631196022
angle,1780514297698094097,-0.000058955076383427,0,0.009998585097491741
angle,1780514297730567948,-0.000059026591770817,0,0.009999169036746025
angle,1780514297756672735,-0.000059097626945004,0,0.009999576956033707
angle,1780514297781955236,-0.000059168185543967,0,0.009999090805649757
angle,1780514297814186985,-0.000059238271205686,0,0.009999330155551434
angle,1780514297846232370,-0.00005930788393016,0,0.009999300353229046
angle,1780514297873126261,-0.00005937702007941,0,0.009998766705393791
angle,1780514297903565771,-0.000059445683291415,0,0.009999362751841545
angle,1780514297934792996,-0.000059513873566175,0,0.009999033994972706
angle,1780514297968074887,-0.00005958159090369,0,0.009999020956456661
angle,1780514297996063430,-0.00005964883530396,0,0.009999342262744904
angle,1780514298021971762,-0.000059715610404965,0,0.009999116882681847
angle,1780514298052148696,-0.000059781908930745,0,0.009999396279454231
angle,1780514298085693195,-0.000059847738157259,0,0.00999919418245554
angle,1780514298113529032,-0.000059913098084508,0,0.009998426772654057
angle,1780514298139991787,-0.000059977985074511,0,0.009999304078519344
angle,1780514298175225243,-0.000060042399127269,0,0.00999903492629528
angle,1780514298205622469,-0.00006010634751874,0,0.009999549947679043
angle,1780514298228936749,-0.000060169826610945,0,0.00999955553561449
angle,1780514298308683313,-0.000060232836403884,0,0.009999641217291355
angle,1780514298357310492,-0.000060295380535536,0,0.009998940862715244
angle,1780514298396097728,-0.0000603574590059,0,0.009999174624681473
angle,1780514298433036019,-0.000060419071814977,0,0.009999092668294907
angle,1780514298465056043,-0.000060480218962766,0,0.009999747388064861
angle,1780514298503765947,-0.000060540904087247,0,0.009999114088714123
angle,1780514298537117323,-0.000060601119912462,0,0.009999207220971584
angle,1780514298574035014,-0.000060660873714369,0,0.009999602101743221
angle,1780514298607936521,-0.000060720161854988,0,0.009999764151871204
angle,1780514298635116085,-0.000060778987972299,0,0.009999559260904789
angle,1780514298663743968,-0.000060837348428322,0,0.009999540634453297
angle,1780514298698576969,-0.000060895243223058,0,0.009998920373618603
angle,1780514298732375034,-0.000060952675994486,0,0.009999607689678669
angle,1780514298757997467,-0.000061009650380583,0,0.009999509900808334
angle,1780514298783612270,-0.000061066159105394,0,0.009999437257647514
angle,1780514298819553856,-0.000061122213082854,0,0.009999518282711506
angle,1780514298852730035,-0.000061177801399026,0,0.0099993497133255
angle,1780514298881383027,-0.000061232938605826,0,0.009999156929552555
angle,1780514298912284088,-0.000061287610151339,0,0.009999662637710571
angle,1780514298940394578,-0.000061341823311523,0,0.009998871013522148
angle,1780514298972134112,-0.000061395578086376,0,0.009999293833971024
angle,1780514298999199570,-0.0000614488744759,0,0.009999369271099567
angle,1780514299031526718,-0.000061501719756052,0,0.009999213740229607
angle,1780514299058207880,-0.000061554099374916,0,0.009999232366681099
angle,1780514299093648140,-0.000061606027884409,0,0.009947682730853558
angle,1780514299117803836,-0.000061657461628783,0,0.009999641217291355
angle,1780514299153259020,-0.00006170837150421,0,0.00999943446367979
angle,1780514299183538646,-0.000061758793890476,0,0.00999927707016468
angle,1780514299215737125,-0.000061808757891413,0,0.009997904300689697
angle,1780514299241556332,-0.000061858278058935,0,0.00999930128455162
angle,1780514299273406106,-0.000061912091041449,0,0.010961213149130344
angle,1780514299296363537,-0.000061960767197888,0,0.009999682195484638
angle,1780514299327374946,-0.000062009043176658,0,0.009998827241361141
angle,1780514299352058285,-0.000062056897149887,0,0.009999321773648262
angle,1780514299376318935,-0.000062104336393531,0,0.009999275207519531
angle,1780514299452009107,-0.000062151331803761,0,0.00999937579035759
angle,1780514299496867354,-0.000062197883380577,0,0.00999920628964901
angle,1780514299533536797,-0.000062243969296105,0,0.009999035857617855
angle,1780514299576101907,-0.000062289589550346,0,0.00999916810542345
angle,1780514299608012364,-0.000062336213886738,0,0.010330605320632458
angle,1780514299639943937,-0.000062380866438616,0,0.00999974925071001
angle,1780514299663911711,-0.000062425046053249,0,0.009999713860452175
angle,1780514299695606153,-0.000062468760006595,0,0.00999973714351654
angle,1780514299718480319,-0.000062512022850569,0,0.009999710135161877
angle,1780514299747443551,-0.000062554841861129,0,0.00999978557229042
angle,1780514299776059900,-0.000062597224314231,0,0.009999766014516354
angle,1780514299810923832,-0.000062639170209877,0,0.00999915786087513
angle,1780514299836208167,-0.000062680694099981,0,0.009999234229326248
angle,1780514299867216386,-0.000062721788708586,0,0.009998895227909088
angle,1780514299892302380,-0.000062762446759734,0,0.009999285452067852
angle,1780514299916969893,-0.000062802675529383,0,0.009999407455325127
angle,1780514299942275737,-0.000062842467741575,0,0.009998851455748081
angle,1780514299990240155,-0.000062944389355835,0,0.02606174908578396
angle,1780514300015556956,-0.000062982959207147,0,0.00999931339174509
angle,1780514300039017526,-0.000063020983361639,0,0.0099992286413908
angle,1780514300061716683,-0.000063058418163564,0,0.009999495930969715
angle,1780514300084802620,-0.00006309527088888,0,0.009999208152294159
angle,1780514300119234138,-0.000063131563365459,0,0.009999226778745651
angle,1780514300143035148,-0.000063167331973091,0,0.009999535046517849
angle,1780514300165916332,-0.000063202613091562,0,0.009999368339776993
angle,1780514300187992090,-0.000063237464928534,0,0.00999938603490591
angle,1780514300210792975,-0.000063271909311879,0,0.009999565780162811
angle,1780514300235665912,-0.000063305989897344,0,0.009999146685004234
angle,1780514300259901310,-0.000063339713960886,0,0.00999953132122755
angle,1780514300286599740,-0.000063373081502505,0,0.009999153204262257
angle,1780514300312222113,-0.0000634060925222,0,0.009999317117035389
angle,1780514300336648525,-0.000063438732468057,0,0.009999359026551247
angle,1780514300362237534,-0.000063470964960288,0,0.00999943446367979
angle,1780514300386483122,-0.00006350276817102,0,0.009999156929552555
angle,1780514300411357137,-0.000063534127548337,0,0.009998965077102184
angle,1780514300438262140,-0.000063565028540324,0,0.009999291971325874
angle,1780514300491608829,-0.000063595449319109,0,0.009999671950936317
angle,1780514300543958975,-0.000063625404436607,0,0.009998952969908714
angle,1780514300590995154,-0.00006365488661686,0,0.009998982772231102
angle,1780514300625058162,-0.000063683903135825,0,0.009999197907745838
angle,1780514300661717073,-0.000063712483097333,0,0.009999082423746586
angle,1780514300694871948,-0.000063740626501385,0,0.009999184869229794
angle,1780514300726051728,-0.000063768355175853,0,0.00999946054071188
angle,1780514300755876649,-0.000063795669120736,0,0.009999269619584084
angle,1780514300783811020,-0.000063822590163909,0,0.00999949686229229
angle,1780514300811314263,-0.000063849111029413,0,0.009999076835811138
angle,1780514300841874413,-0.000063875231717248,0,0.009999314323067665
angle,1780514300870754918,-0.000063900952227414,0,0.009999383240938187
angle,1780514300900145497,-0.000063926258007996,0,0.0099991075694561
angle,1780514300924769231,-0.000063951149058994,0,0.009998497553169727
angle,1780514300951105009,-0.000063975610828493,0,0.009999435395002365
angle,1780514300976750665,-0.00006399965059245,0,0.009999429807066917
angle,1780514301004306110,-0.00006402325379895,0,0.009999419562518597
angle,1780514301030402703,-0.000064046420447994,0,0.009998848661780357
angle,1780514301055770028,-0.000064069157815538,0,0.009999296627938747
angle,1780514301083523724,-0.000064091473177541,0,0.009999019093811512
angle,1780514301109910915,-0.000064113351982087,0,0.009999256581068039
angle,1780514301135085774,-0.000064134816057049,0,0.009999526664614677
angle,1780514301160115787,-0.000064155872678384,0,0.009999274276196957
angle,1780514301185168568,-0.000064176507294178,0,0.009999202564358711
angle,1780514301209287043,-0.000064196741732303,0,0.009999400936067104
angle,1780514301236872487,-0.000064216568716802,0,0.009999464266002178
angle,1780514301263838974,-0.000064235988247674,0,0.00999915786087513
angle,1780514301289230422,-0.00006425500032492,0,0.009999268688261509
angle,1780514301315936341,-0.000064273604948539,0,0.009999333880841732
angle,1780514301342673604,-0.000064291802118532,0,0.00999936368316412
angle,1780514301368296509,-0.000064309584558941,0,0.009999025613069534
angle,1780514301393318263,-0.000064326952269766,0,0.00999931525439024
angle,1780514301430694416,-0.000064343912526965,0,0.009999305941164494
angle,1780514301456799031,-0.000064360450778622,0,0.0099991699680686
angle,1780514301483538965,-0.000064376581576653,0,0.00999938603490591
angle,1780514301508386409,-0.000064392297645099,0,0.009999280795454979
angle,1780514301535345667,-0.000064407598983962,0,0.009999495930969715
angle,1780514301560486004,-0.000064422500145156,0,0.009999576956033707
angle,1780514301588042823,-0.000064436993852723,0,0.00999943446367979
angle,1780514301612470644,-0.000064451080106664,0,0.009999595582485199
angle,1780514301636106773,-0.000064464766182937,0,0.009999430738389492
angle,1780514301660393501,-0.000064478044805583,0,0.00999924261122942
angle,1780514301683774113,-0.000064490930526517,0,0.009999540634453297
angle,1780514301707625820,-0.000064503408793826,0,0.00999974925071001
angle,1780514301730684375,-0.000064515486883465,0,0.009999111294746399
angle,1780514301757445622,-0.000064527164795436,0,0.009999604895710945
angle,1780514301780262277,-0.000064538442529738,0,0.009999594651162624
angle,1780514301803153340,-0.000064549320086371,0,0.00999941024929285
angle,1780514301871470528,-0.000064559790189378,0,0.00999943446367979
angle,1780514301914616217,-0.000064569860114716,0,0.00999905914068222
angle,1780514301966157981,-0.000064579529862385,0,0.009999016299843788
angle,1780514302001124632,-0.000064588799432386,0,0.009999469853937626
angle,1780514302033855799,-0.000064597676100675,0,0.009998840279877186
angle,1780514302071038980,-0.000064606145315338,0,0.009999072179198265
angle,1780514302101752778,-0.00006461422162829,0,0.009999037720263004
angle,1780514302130766332,-0.000064621897763573,0,0.009999344125390053
angle,1780514302156807651,-0.000064629188273102,0,0.009999260306358337
angle,1780514302186119227,-0.000064636078604963,0,0.00999930314719677
angle,1780514302215140303,-0.000064642576035112,0,0.009999205358326435
angle,1780514302239922761,-0.00006464868056355,0,0.009999275207519531
angle,1780514302264852028,-0.000064654399466235,0,0.009999021887779236
angle,1780514302290078939,-0.000064659718191251,0,0.009998963214457035
angle,1780514302313997304,-0.000064664651290514,0,0.009998827241361141
angle,1780514302341117789,-0.000064669191488065,0,0.009999532252550125
angle,1780514302366370542,-0.000064673346059863,0,0.009999231435358524
angle,1780514302393368752,-0.000064677107729949,0,0.009999405592679977
angle,1780514302423756852,-0.000064680476498324,0,0.009998979046940804
angle,1780514302449570222,-0.000064683452364989,0,0.009999391622841358
angle,1780514302478095757,-0.000064686049881857,0,0.009999385103583336
angle,1780514302502086758,-0.000064688254497014,0,0.00999938603490591
angle,1780514302526747813,-0.000064690073486418,0,0.009999171830713749
angle,1780514302592890442,-0.000064691506850068,0,0.009999241679906845
angle,1780514302635314705,-0.000064692554587964,0,0.00999930128455162
angle,1780514302680617855,-0.000064693216700107,0,0.009999314323067665
angle,1780514302712984718,-0.000064693500462454,0,0.009999087080359459
angle,1780514302743984330,-0.000064693398599047,0,0.009999320842325687
angle,1780514302780359373,-0.000064692911109887,0,0.009999215602874756
angle,1780514302809726793,-0.000064692045270931,0,0.00999897439032793
angle,1780514302838664211,-0.000064690793806221,0,0.009999188594520092
angle,1780514302866091510,-0.000064689163991716,0,0.009999355301260948
angle,1780514302894061560,-0.000064687155827414,0,0.009999321773648262
angle,1780514302920374136,-0.000064684769313317,0,0.009999155066907406
angle,1780514302947106629,-0.000064682004449423,0,0.009999196976423264
angle,1780514302974097267,-0.000064678853959776,0,0.009999445639550686
angle,1780514302999194967,-0.000064675332396291,0,0.009999295696616173
angle,1780514303023683559,-0.00006467143248301,0,0.009999328292906284
angle,1780514303049263505,-0.000064667154219933,0,0.009999147616326809
angle,1780514303074820668,-0.00006466249760706,0,0.009999626316130161
angle,1780514303099804349,-0.000064657469920348,0,0.009999179281294346
angle,1780514303124192484,-0.000064652071159799,0,0.009999115020036697
angle,1780514303149152040,-0.000064646294049453,0,0.00999915599822998
angle,1780514303174278938,-0.000064640145865269,0,0.009999416768550873
angle,1780514303197249682,-0.000064633626607247,0,0.00999954342842102
angle,1780514303218916077,-0.000064626728999428,0,0.009999706409871578
angle,1780514303241949017,-0.000064619467593729,0,0.009999694302678108
angle,1780514303265003386,-0.000064611835114192,0,0.009999794885516167
angle,1780514303287533480,-0.000064603831560817,0,0.00999984610825777
angle,1780514303309286102,-0.00006459546420956,0,0.009999912232160568
angle,1780514303334629470,-0.000064586725784466,0,0.009999782778322697
angle,1780514303358309363,-0.000064577616285533,0,0.009999747388064861
angle,1780514303383961833,-0.000064568142988719,0,0.009999201633036137
angle,1780514303412127356,-0.000064558305894025,0,0.009999399073421955
angle,1780514303439270555,-0.000064548097725492,0,0.009999304078519344
angle,1780514303466800454,-0.000064537525759079,0,0.009999229572713375
angle,1780514303494717977,-0.000064526582718827,0,0.009999231435358524
angle,1780514303519583669,-0.000064515283156652,0,0.009999138303101063
angle,1780514303544627978,-0.000064503612520639,0,0.009999498724937439
angle,1780514303573060151,-0.000064491578086745,0,0.009999816305935383
angle,1780514303598787821,-0.000064479187130928,0,0.009999563917517662
angle,1780514303624159755,-0.00006446643237723,0,0.009999288246035576
angle,1780514303650218084,-0.00006445332110161,0,0.009999360889196396
angle,1780514303677740307,-0.000064439846028108,0,0.009999340400099754
angle,1780514303706357605,-0.000064426014432684,0,0.00999948475509882
angle,1780514303733952536,-0.000064411826315336,0,0.009999056346714497
angle,1780514303760126187,-0.000064397281676065,0,0.009998910129070282
angle,1780514303789106516,-0.000064382380514871,0,0.009999196976423264
angle,1780514303815938798,-0.000064367115555797,0,0.00999936182051897
angle,1780514303843561962,-0.000064351501350757,0,0.009998961351811886
angle,1780514303869231740,-0.000064335530623794,0,0.009999452158808708
angle,1780514303896894268,-0.00006431919609895,0,0.009999288246035576
angle,1780514303926269716,-0.000064302519604098,0,0.00999959371984005
angle,1780514303956138476,-0.000064285479311366,0,0.009998930618166924
angle,1780514303982196820,-0.000064268089772668,0,0.009999285452067852
angle,1780514304008165495,-0.000064250350988004,0,0.009999068453907967
angle,1780514304034909270,-0.000064232262957375,0,0.009999709203839302
angle,1780514304061915416,-0.000064213818404824,0,0.009998753666877747
angle,1780514304088781510,-0.000064195031882264,0,0.009999197907745838
angle,1780514304116137108,-0.000064175888837781,0,0.009999287314713001
angle,1780514304139111025,-0.00006415640382329,0,0.009999066591262817
angle,1780514304161940623,-0.000064136562286876,0,0.00999954529106617
angle,1780514304186299080,-0.000064116378780454,0,0.009999757632613182
angle,1780514304209191791,-0.000064095853304025,0,0.009999727830290794
angle,1780514304235734119,-0.000064074971305672,0,0.009999729692935944
angle,1780514304257659449,-0.000064053754613269,0,0.009999768808484077
angle,1780514304279929670,-0.000064032188674901,0,0.009999788366258144
angle,1780514304307461110,-0.000064010280766524,0,0.009999733418226242
angle,1780514304333092794,-0.00006398803088814,0,0.00999909732490778
angle,1780514304358594011,-0.000063965431763791,0,0.00999938789755106
angle,1780514304385155108,-0.000063942497945391,0,0.009999273344874382
angle,1780514304408326238,-0.000063919214881025,0,0.009999849833548069
angle,1780514304432642628,-0.00006389559712261,0,0.009999765083193779
angle,1780514304468097071,-0.000063871637394186,0,0.009998876601457596
angle,1780514304496862537,-0.000063847335695755,0,0.009999285452067852
angle,1780514304524497249,-0.000063822692027315,0,0.009998993016779423
angle,1780514304551329095,-0.000063797713664826,0,0.00999886728823185
angle,1780514304578841518,-0.000063772400608286,0,0.009999478235840797
angle,1780514304605754236,-0.000063746745581739,0,0.009999348782002926
angle,1780514304634305727,-0.000063720763137098,0,0.009999117814004421
angle,1780514304663800373,-0.00006369443872245,0,0.009999080561101437
angle,1780514304691182279,-0.00006366778688971,0,0.009999372065067291
angle,1780514304718548081,-0.000063640793086961,0,0.00999939814209938
angle,1780514304746291414,-0.00006361347186612,0,0.009999255649745464
angle,1780514304776728218,-0.000063585823227186,0,0.009998894296586514
angle,1780514304803985959,-0.000063557839894202,0,0.00999937392771244
angle,1780514304829861711,-0.000063529521867167,0,0.009999385103583336
angle,1780514304856208039,-0.00006350087642204,0,0.009999304078519344
angle,1780514304882979685,-0.000063471896282863,0,0.009999442845582962
angle,1780514304911577780,-0.000063442596001551,0,0.00999928917735815
angle,1780514304937059054,-0.000063412961026188,0,0.009999415837228298
angle,1780514304962999065,-0.000063382998632733,0,0.009999369271099567
angle,1780514304992262073,-0.000063352708821185,0,0.009999300353229046
angle,1780514305019956055,-0.000063322091591544,0,0.009999355301260948
angle,1780514305046313559,-0.000063291146943811,0,0.009999400936067104
angle,1780514305072844234,-0.000063259882153943,0,0.00999896228313446
angle,1780514305101400050,-0.000063228289945982,0,0.009999207220971584
angle,1780514305128071543,-0.000063196377595887,0,0.009999256581068039
angle,1780514305154463713,-0.000063164137827698,0,0.009999276138842106
angle,1780514305180916758,-0.000063131577917375,0,0.009998949244618416
angle,1780514305206527772,-0.000063098697864916,0,0.009999397210776806
angle,1780514305232290384,-0.000063065497670323,0,0.009998127818107605
angle,1780514305258204790,-0.000063031977333594,0,0.009999421425163746
angle,1780514305285935356,-0.000062998136854731,0,0.009999219328165054
angle,1780514305312982673,-0.000062963976233732,0,0.009999193251132965
angle,1780514305336494371,-0.000062929495470598,0,0.009999576024711132
angle,1780514305359867552,-0.000062894701841287,0,0.009999754838645458
angle,1780514305383347269,-0.000062859588069841,0,0.009999547153711319
angle,1780514305406471503,-0.000062824161432218,0,0.009999506175518036
angle,1780514305429771848,-0.000062788421928417,0,0.00999952107667923
angle,1780514305455979320,-0.000062752362282481,0,0.009999748319387436
angle,1780514305479947762,-0.000062715989770368,0,0.009999587200582027
angle,1780514305507031425,-0.000062679304392077,0,0.009999780915677547
angle,1780514305530508368,-0.000062642313423567,0,0.009999427944421768
angle,1780514305557093938,-0.000062605002312921,0,0.009999679401516914
angle,1780514305581835640,-0.000062567378336098,0,0.009999655187129974
angle,1780514305605690372,-0.000062529448769055,0,0.009999558329582214
angle,1780514305633587558,-0.000062491206335835,0,0.009999694302678108
angle,1780514305658372485,-0.000062452651036438,0,0.009999320842325687
angle,1780514305682902427,-0.00006241379014682,0,0.0099995331838727
angle,1780514305707751280,-0.000062374623666983,0,0.009999808855354786
angle,1780514305734331672,-0.000062335144320969,0,0.009999540634453297
angle,1780514305763514355,-0.000062295366660692,0,0.009999150410294533
angle,1780514305789652366,-0.000062255283410195,0,0.00999861117452383
angle,1780514305815783087,-0.000062214887293521,0,0.009999428875744343
angle,1780514305843676357,-0.000062174192862585,0,0.00999949686229229
angle,1780514305869362429,-0.000062133192841429,0,0.009999411180615425
angle,1780514305895908975,-0.000062091887230054,0,0.009999031201004982
angle,1780514305924227521,-0.000062050283304416,0,0.00999944657087326
angle,1780514305950522150,-0.000062008381064516,0,0.009998883120715618
angle,1780514305975917527,-0.000061966173234396,0,0.009999332949519157
angle,1780514305999643248,-0.000061923667090014,0,0.0099995331838727
angle,1780514306022889259,-0.000061880862631369,0,0.009999717585742474
angle,1780514306053674692,-0.000061837752582505,0,0.009999788366258144
angle,1780514306081186819,-0.000061794351495337,0,0.009999116882681847
angle,1780514306108244531,-0.000061750652093906,0,0.009998750872910023
angle,1780514306136983253,-0.000061706654378213,0,0.009998803026974201
angle,1780514306164819712,-0.000061662365624215,0,0.00999903678894043
angle,1780514306189040399,-0.000061617771279998,0,0.009999331086874008
angle,1780514306214511827,-0.000061572885897476,0,0.009999205358326435
angle,1780514306239023543,-0.00006152770947665,0,0.009999486617743969
angle,1780514306261971889,-0.000061482242017519,0,0.009999663569033146
angle,1780514306290048600,-0.000061436476244126,0,0.009999594651162624
angle,1780514306314829216,-0.000061390426708385,0,0.009999635629355907
angle,1780514306340788093,-0.000061344078858383,0,0.009999687783420086
angle,1780514306364286991,-0.000061297439970076,0,0.00999966636300087
angle,1780514306388469041,-0.000061250517319422,0,0.009999571368098259
angle,1780514306411811390,-0.000061203303630464,0,0.009999021887779236
angle,1780514306437250603,-0.000061155806179158,0,0.009999644942581654
angle,1780514306464909926,-0.000061108010413591,0,0.009999723173677921
angle,1780514306491315309,-0.000061059930885676,0,0.00999843142926693
angle,1780514306515838071,-0.000061011567595415,0,0.009999708272516727
angle,1780514306539706610,-0.000060962916904828,0,0.00999965239316225
angle,1780514306564547907,-0.000060913982451893,0,0.009999817237257957
angle,1780514306587798203,-0.000060864760598633,0,0.00999962817877531
angle,1780514306610470642,-0.000060815258621005,0,0.009999604895710945
angle,1780514306634080403,-0.00006076547288103,0,0.009999536909162998
angle,1780514306657691635,-0.000060715407016687,0,0.009999617002904415
angle,1780514306681759618,-0.000060665057389997,0,0.009999784640967846
angle,1780514306707382852,-0.000060614427638939,0,0.009999585337936878
angle,1780514306735999690,-0.000060563517763512,0,0.009999280795454979
angle,1780514306763499376,-0.000060512331401696,0,0.009999134577810764
angle,1780514306790101446,-0.000060460864915513,0,0.009998912923038006
angle,1780514306816185340,-0.00006040911830496,0,0.00999941024929285
angle,1780514306843201663,-0.000060357095208019,0,0.009999322704970837
angle,1780514306870834407,-0.000060304795624688,0,0.009999477304518223
angle,1780514306897857249,-0.000060252219554968,0,0.009999110363423824
angle,1780514306923629013,-0.000060199370636838,0,0.009999214671552181
angle,1780514306949513840,-0.000060146245232318,0,0.009999134577810764
angle,1780514306975656790,-0.000060092846979387,0,0.009999360889196396
angle,1780514307002853721,-0.000060039179516025,0,0.009999234229326248
angle,1780514307028987287,-0.000059985235566273,0,0.009999190457165241
angle,1780514307055129469,-0.00005993102240609,0,0.009999245405197144
angle,1780514307081193381,-0.000059876540035475,0,0.009999343194067478
angle,1780514307107098849,-0.00005982178481645,0,0.009999486617743969
angle,1780514307134704427,-0.000059766760386992,0,0.009999326430261135
angle,1780514307161301710,-0.000059711466747103,0,0.00999944843351841
angle,1780514307187707331,-0.000059655907534761,0,0.009999413974583149
angle,1780514307213962342,-0.000059600079111988,0,0.009999184869229794
angle,1780514307240345663,-0.000059543981478782,0,0.009999415837228298
angle,1780514307268653374,-0.000059487621911103,0,0.009999061934649944
angle,1780514307296809398,-0.000059430993132992,0,0.009998875670135021
angle,1780514307325375639,-0.000059374102420406,0,0.009999369271099567
angle,1780514307351788049,-0.000059316946135368,0,0.0099994707852602
angle,1780514307378542085,-0.000059259524277877,0,0.00999930128455162
angle,1780514307404405722,-0.000059201844123891,0,0.009999341331422329
angle,1780514307430683509,-0.00005914390203543,0,0.009999305009841919
angle,1780514307458179310,-0.000059085698012495,0,0.009999535046517849
angle,1780514307485205098,-0.000059027235693065,0,0.00999887939542532
angle,1780514307511269284,-0.000058968511439161,0,0.009999380446970463
angle,1780514307537536877,-0.000058909528888762,0,0.009999620728194714
angle,1780514307563649639,-0.000058850288041867,0,0.009998474270105362
angle,1780514307590255408,-0.000058790792536456,0,0.009999348782002926
angle,1780514307616946604,-0.000058731035096571,0,0.00999924074858427
angle,1780514307645941817,-0.000058671022998169,0,0.009999506175518036
angle,1780514307672259325,-0.000058610756241251,0,0.009999196045100689
angle,1780514307698238100,-0.000058550234825816,0,0.009999354369938374
angle,1780514307725847409,-0.000058489458751865,0,0.009999253787100315
angle,1780514307750736912,-0.000058428428019397,0,0.009999260306358337
angle,1780514307776394654,-0.00005836714990437,0,0.009999346919357777
angle,1780514307803025745,-0.000058305613492848,0,0.00999940000474453
angle,1780514307837107789,-0.000058243829698768,0,0.009998985566198826
angle,1780514307863543520,-0.000058181794884149,0,0.009999021887779236
angle,1780514307888861847,-0.000058119509048993,0,0.009999305941164494
angle,1780514307914760842,-0.000058056972193299,0,0.009999480098485947
angle,1780514307945268240,-0.000057994191593025,0,0.009999245405197144
angle,1780514308015241624,-0.000057931159972213,0,0.009999566711485386
angle,1780514308062762765,-0.000057867880968843,0,0.009999188594520092
angle,1780514308103308311,-0.000057804358220892,0,0.009998820722103119
angle,1780514308138582014,-0.000057740588090383,0,0.009998813271522522
angle,1780514308171126093,-0.000057676570577314,0,0.009999353438615799
angle,1780514308210206872,-0.000057612312957644,0,0.009999205358326435
angle,1780514308241169280,-0.000057547811593395,0,0.009999185800552368
angle,1780514308268913125,-0.000057483066484565,0,0.0099983224645257
angle,1780514308298360114,-0.000057418081269134,0,0.009999573230743408
angle,1780514308332862545,-0.000057352848671144,0,0.009999560192227364
angle,1780514308362862884,-0.000057287379604531,0,0.00999938789755106
angle,1780514308393224397,-0.000057221670431318,0,0.009999191388487816
angle,1780514308420761886,-0.000057155724789482,0,0.00999944657087326
angle,1780514308449482575,-0.000057089535403065,0,0.009998987428843975
angle,1780514308478458352,-0.000057023113186006,0,0.00999919418245554
angle,1780514308507249644,-0.000056956450862344,0,0.009999045170843601
angle,1780514308538352859,-0.000056889548432082,0,0.00999911967664957
angle,1780514308571795700,-0.000056822413171176,0,0.009999535046517849
angle,1780514308598317355,-0.000056755041441647,0,0.009999534115195274
angle,1780514308624287231,-0.000056687436881475,0,0.009999372996389866
angle,1780514308653039535,-0.000056619595852681,0,0.009999430738389492
angle,1780514308724608470,-0.000056551521993242,0,0.009999388828873634
angle,1780514308778874443,-0.000056483218941139,0,0.009999280795454979
angle,1780514308826588371,-0.000056414683058392,0,0.009998961351811886
angle,1780514308862043121,-0.000056345914345002,0,0.009999403730034828
angle,1780514308897639465,-0.000056276920076925,0,0.009998779743909836
angle,1780514308927676996,-0.000056207689340226,0,0.009999416768550873
angle,1780514308959876594,-0.000056138233048841,0,0.009999476373195648
angle,1780514308988189785,-0.00005606855120277,0,0.009999512694776058
angle,1780514309016340860,-0.000055998640164034,0,0.009999354369938374
angle,1780514309043115667,-0.000055928499932634,0,0.009999431669712067
angle,1780514309068859919,-0.000055858134146547,0,0.009999029338359833
angle,1780514309094597994,-0.000055787546443753,0,0.009999440051615238
angle,1780514309117783853,-0.000055716733186273,0,0.009999376721680164
angle,1780514309141188242,-0.000055645694374107,0,0.00999965239316225
angle,1780514309164628611,-0.000055574433645234,0,0.009999733418226242
angle,1780514309187004240,-0.000055502947361674,0,0.009999667294323444
angle,1780514309210924417,-0.000055431242799386,0,0.009999684989452362
angle,1780514309235068413,-0.000055359316320391,0,0.009999793022871017
angle,1780514309258528874,-0.000055287167924689,0,0.00999950710684061
angle,1780514309281720301,-0.00005521479761228,0,0.009999742731451988
angle,1780514309303417373,-0.000055142209021142,0,0.009999822825193405
angle,1780514309326967772,-0.000055069402151275,0,0.009999771602451801
angle,1780514309353517359,-0.000054996377002681,0,0.009999783709645271
angle,1780514309376749061,-0.000054923133575357,0,0.009999693371355534
angle,1780514309404462711,-0.000054849675507285,0,0.009999793954193592
angle,1780514309431281946,-0.000054775999160483,0,0.00999925285577774
angle,1780514309455795121,-0.000054702111810911,0,0.00999930314719677
angle,1780514309480649441,-0.00005462800982059,0,0.009999566711485386
angle,1780514309505235372,-0.00005455368955154,0,0.00999970082193613
angle,1780514309531197925,-0.000054479161917698,0,0.009999572299420834
angle,1780514309555367327,-0.000054404419643106,0,0.009999374859035015
angle,1780514309581715584,-0.000054329470003722,0,0.009999250993132591
angle,1780514309609735812,-0.000054254305723589,0,0.009999395348131657
angle,1780514309635367066,-0.000054178934078664,0,0.00999924074858427
angle,1780514309661043911,-0.000054103355068946,0,0.009999300353229046
angle,1780514309688160531,-0.000054027565056458,0,0.009999399073421955
angle,1780514309714914082,-0.000053951567679178,0,0.009999300353229046
angle,1780514309740884414,-0.000053875362937106,0,0.009999696165323257
angle,1780514309765994907,-0.000053798950830242,0,0.009999467991292477
angle,1780514309795213172,-0.000053722331358586,0,0.009998890571296215
angle,1780514309821455397,-0.000053645508160116,0,0.009998993016779423
angle,1780514309847557701,-0.000053568481234834,0,0.00999913364648819
angle,1780514309871574353,-0.000053491250582738,0,0.009999335743486881
angle,1780514309895440590,-0.000053413816203829,0,0.009999516420066357
angle,1780514309922688331,-0.000053336181736086,0,0.009999590925872326
angle,1780514309947050784,-0.000053258347179508,0,0.009999550879001617
angle,1780514309971090526,-0.000053180308896117,0,0.009999483823776245
angle,1780514309995759871,-0.000053102070523892,0,0.009999314323067665
angle,1780514310023624275,-0.000053023632062832,0,0.00999947264790535
angle,1780514310047869865,-0.000052944993512938,0,0.009999497793614864
angle,1780514310072217076,-0.000052866158512188,0,0.00999949499964714
angle,1780514310097008397,-0.000052787123422604,0,0.009999510832130909
angle,1780514310122008085,-0.000052707888244186,0,0.00999958161264658
angle,1780514310149808120,-0.00005262846025289,0,0.009999587200582027
angle,1780514310175316621,-0.00005254883581074,0,0.009999466128647327
angle,1780514310200597870,-0.000052469018555712,0,0.00999961793422699
angle,1780514310231669653,-0.000052389004849829,0,0.009998906403779984
angle,1780514310257830830,-0.000052308798331069,0,0.009999516420066357
angle,1780514310284768484,-0.000052228398999432,0,0.009999336674809456
angle,1780514310313572423,-0.000052147806854919,0,0.009999698959290981
angle,1780514310338909851,-0.000052067029173486,0,0.009999219328165054
angle,1780514310365054460,-0.000051986055041198,0,0.009999464266002178
angle,1780514310391504998,-0.00005190489537199,0,0.009999072179198265
angle,1780514310417607256,-0.000051823546527885,0,0.00999931525439024
angle,1780514310442260023,-0.000051742008508882,0,0.009999350644648075
angle,1780514310468192480,-0.00005166028131498,0,0.009999695234000683
angle,1780514310491137171,-0.00005157836858416,0,0.009999440051615238
angle,1780514310515279902,-0.00005149627031642,0,0.009999618865549564
angle,1780514310539229477,-0.000051413982873783,0,0.009999686852097511
angle,1780514310565362482,-0.000051331509894226,0,0.009999443776905537
angle,1780514310593852727,-0.00005124885137775,0,0.009999632835388184
angle,1780514310622097066,-0.000051166010962334,0,0.009999316185712814
angle,1780514310648603443,-0.000051082985009998,0,0.009999514557421207
angle,1780514310676380695,-0.000050999777158722,0,0.009999385103583336
angle,1780514310702390495,-0.000050916387408506,0,0.009999163448810577
angle,1780514310730368832,-0.00005083281575935,0,0.009998955763876438
angle,1780514310758050204,-0.000050749065849232,0,0.009999300353229046
angle,1780514310785594908,-0.000050665137678152,0,0.009999006986618042
angle,1780514310812494741,-0.000050581031246111,0,0.009999388828873634
angle,1780514310837019175,-0.000050496746553108,0,0.009999384172260761
angle,1780514310864544132,-0.000050412287237123,0,0.009999576024711132
angle,1780514310888889143,-0.000050327649660176,0,0.009999562986195087
angle,1780514310915056431,-0.000050242833822267,0,0.009999459609389305
angle,1780514310938878066,-0.000050157843361376,0,0.009999489411711693
angle,1780514310966478616,-0.000050072678277502,0,0.009999632835388184
angle,1780514310989440915,-0.000049987338570645,0,0.009999619796872139
angle,1780514311015034101,-0.000049901820602827,0,0.009999711997807026
angle,1780514311040203401,-0.000049816131650005,0,0.009999621659517288
angle,1780514311064456549,-0.0000497302680742,0,0.009999670088291168
angle,1780514311093802572,-0.000049644233513391,0,0.009999733418226242
angle,1780514311118843540,-0.000049558031605557,0,0.00999960396438837
angle,1780514311144231952,-0.00004947165507474,0,0.009999635629355907
angle,1780514311169576916,-0.000049385111196898,0,0.009999536909162998
angle,1780514311193282485,-0.000049298399972031,0,0.00999933760613203
angle,1780514311217959565,-0.00004921151776216,0,0.009999540634453297
angle,1780514311241447868,-0.000049124471843243,0,0.009999617002904415
angle,1780514311267819820,-0.0000490372585773,0,0.009999451227486134
angle,1780514311291665178,-0.000048949881602312,0,0.009999653324484825
angle,1780514311316660177,-0.000048862337280298,0,0.009999617002904415
angle,1780514311346173155,-0.000048774629249237,0,0.00999927893280983
angle,1780514311371636494,-0.000048686753871152,0,0.009998394176363945
angle,1780514311398528772,-0.000048598718421999,0,0.009999253787100315
angle,1780514311427756888,-0.000048510522901779,0,0.009999462403357029
angle,1780514311454545536,-0.000048422160034534,0,0.009999304078519344
angle,1780514311481193108,-0.000048333640734199,0,0.009998939000070095
angle,1780514311507975030,-0.000048244957724819,0,0.009999331086874008
angle,1780514311534173071,-0.000048156114644371,0,0.009999170899391174
angle,1780514311561149263,-0.000048067115130834,0,0.009999400936067104
angle,1780514311587764436,-0.000047977959184209,0,0.009999101981520653
angle,1780514311614953552,-0.000047888643166516,0,0.009999267756938934
angle,1780514311641180780,-0.000047799167077756,0,0.009998830035328865
angle,1780514311671738190,-0.000047709538193885,0,0.009999343194067478
angle,1780514311697354624,-0.000047619749238947,0,0.009999576024711132
angle,1780514311725689291,-0.0000475298074889,0,0.009999278001487255
angle,1780514311751550697,-0.000047439709305763,0,0.009999698959290981
angle,1780514311778365870,-0.000047349458327517,0,0.009999147616326809
angle,1780514311804367443,-0.000047259054554161,0,0.00999906100332737
angle,1780514311831594150,-0.000047168497985695,0,0.009999646805226803
angle,1780514311857292411,-0.000047077788622119,0,0.009999267756938934
angle,1780514311883491584,-0.000046986926463433,0,0.009999582543969154
angle,1780514311909186896,-0.000046895918785594,0,0.00999943632632494
angle,1780514311938696493,-0.000046804758312646,0,0.009999312460422516
angle,1780514311968330207,-0.000046713448682567,0,0.009999428875744343
angle,1780514311996079800,-0.000046621989895357,0,0.009999198839068413
angle,1780514312021263334,-0.000046530385588994,0,0.009999549016356468
angle,1780514312045835786,-0.000046438632125501,0,0.009999584406614304
angle,1780514312071516250,-0.000046346729504876,0,0.009999516420066357
angle,1780514312095830088,-0.000046254685003078,0,0.009999629110097885
angle,1780514312119538739,-0.000046162494982127,0,0.009999456815421581
angle,1780514312143515263,-0.000046070155804045,0,0.00999955739825964
angle,1780514312168005637,-0.00004597767474479,0,0.009999784640967846
angle,1780514312193991939,-0.000045885051804362,0,0.009999540634453297
angle,1780514312217782204,-0.00004579228698276,0,0.00999965239316225
angle,1780514312242592218,-0.000045699376642006,0,0.00999959371984005
angle,1780514312269149815,-0.000045606324420078,0,0.009999493137001991
angle,1780514312294389962,-0.000045513133954955,0,0.009998902678489685
angle,1780514312324209060,-0.000045419801608659,0,0.009999117814004421
angle,1780514312349480839,-0.000045326334657148,0,0.00999897625297308
angle,1780514312375972900,-0.000045232729462441,0,0.009999026544392109
angle,1780514312402371616,-0.00004513898602454,0,0.009999462403357029
angle,1780514312430520324,-0.000045045104343444,0,0.009999378584325314
angle,1780514312457537288,-0.000044951091695111,0,0.009999238885939121
angle,1780514312481259628,-0.000044856940803584,0,0.009999577887356281
angle,1780514312504539461,-0.00004476265530684,0,0.009999573230743408
angle,1780514312527963866,-0.000044668231566902,0,0.009999684058129787
angle,1780514312550979645,-0.000044573676859727,0,0.009999614208936691
angle,1780514312575999409,-0.000044478987547336,0,0.009999658912420273
angle,1780514312599963999,-0.00004438415999175,0,0.009999693371355534
angle,1780514312625134387,-0.000044289201468928,0,0.009999617002904415
angle,1780514312651126152,-0.000044194111978868,0,0.009999316185712814
angle,1780514312677719924,-0.000044098891521571,0,0.009999202564358711
angle,1780514312704385127,-0.000044003540097037,0,0.009999018162488937
angle,1780514312731152192,-0.000043908057705266,0,0.009999147616326809
angle,1780514312757163147,-0.000043812451622216,0,0.009999535046517849
angle,1780514312782978801,-0.000043716718209907,0,0.009999382309615612
angle,1780514312811612245,-0.000043620857468341,0,0.0099995918571949
angle,1780514312838176728,-0.000043524873035494,0,0.0099992910400033
angle,1780514312864124245,-0.00004342876127339,0,0.009999318048357964
angle,1780514312891090681,-0.000043332525820006,0,0.009998724795877934
angle,1780514312917270568,-0.000043236163037363,0,0.009999360889196396
angle,1780514312945019153,-0.000043139680201421,0,0.009998896159231663
angle,1780514312971902400,-0.000043043070036219,0,0.009999007917940617
angle,1780514312998476138,-0.000042946339817718,0,0.009999432601034641
angle,1780514313028876658,-0.000042849485907936,0,0.00999913178384304
angle,1780514313055664041,-0.000042752508306876,0,0.009999210014939308
angle,1780514313082316971,-0.000042655414290493,0,0.009998939000070095
angle,1780514313108139606,-0.000042558196582831,0,0.009999367408454418
angle,1780514313136529731,-0.000042460858821869,0,0.009999063797295094
angle,1780514313162394918,-0.000042363401007606,0,0.00999911967664957
angle,1780514313189990644,-0.000042265826778021,0,0.009999039582908154
angle,1780514313214507703,-0.000042168136133114,0,0.009999348782002926
angle,1780514313239576514,-0.000042070329072885,0,0.009999741800129414
angle,1780514313262935430,-0.000041972401959356,0,0.009999658912420273
angle,1780514313285137936,-0.000041874365706462,0,0.009999868459999561
angle,1780514313308394430,-0.000041776209400268,0,0.009999768808484077
angle,1780514313335643682,-0.000041677936678752,0,0.009998737834393978
angle,1780514313362715747,-0.000041579551179893,0,0.009999390691518784
angle,1780514313389608881,-0.000041481049265712,0,0.009999451227486134
angle,1780514313419362679,-0.000041382438212167,0,0.009999213740229607
angle,1780514313446711608,-0.000041283714381279,0,0.009999345056712627
angle,1780514313472926307,-0.000041184877773048,0,0.009999497793614864
angle,1780514313499778779,-0.000041085932025453,0,0.009999258443713188
angle,1780514313525602919,-0.000040986880776472,0,0.009999328292906284
angle,1780514313551835990,-0.000040887716750149,0,0.009999088011682034
angle,1780514313579138229,-0.00004078844722244,0,0.009999171830713749
angle,1780514313607075758,-0.000040689068555366,0,0.009850159287452698
angle,1780514313636573568,-0.000040589642594568,0,0.009999440051615238
angle,1780514313663004077,-0.000040490209357813,0,0.009999316185712814
angle,1780514313690201656,-0.000040390757931164,0,0.009999464266002178
angle,1780514313720257623,-0.000040291244658874,0,0.00999931525439024
angle,1780514313746796320,-0.000040191636799136,0,0.009999370202422142
angle,1780514313773133147,-0.000040091897972161,0,0.009999213740229607
angle,1780514313800540608,-0.000039991999074118,0,0.009999238885939121
angle,1780514313830041535,-0.000039891918277135,0,0.009998929686844349
angle,1780514313881560754,-0.000039791651943233,0,0.009999263100326061
angle,1780514313919953107,-0.000039691207348369,0,0.009999066591262817
angle,1780514313953187951,-0.000039590602682438,0,0.009999278001487255
angle,1780514313987185423,-0.000039489852497354,0,0.009999517351388931
angle,1780514314019108690,-0.000039388985896949,0,0.009999210946261883
angle,1780514314050231725,-0.000039288028347073,0,0.009999438188970089
angle,1780514314082033890,-0.000039186994399643,0,0.009999399073421955
angle,1780514314112477578,-0.000039085902244551,0,0.00999942235648632
angle,1780514314138612646,-0.000038984755519778,0,0.009999359026551247
angle,1780514314161530172,-0.000038883554225322,0,0.00999960582703352
