name,time,value,timeout,delta_time
angle,1780513902012398762,-0.001866977312602103,0,0.009999897330999374
angle,1780513902037105096,-0.001869610976427794,0,0.009999879635870457
angle,1780513902059124874,-0.00187223160173744,0,0.009999869391322136
angle,1780513902083126538,-0.001874839188531041,0,0.009999883361160755
angle,1780513902105110825,-0.00187743385322392,0,0.009999913163483143
angle,1780513902127579049,-0.001880015479400754,0,0.00999990664422512
angle,1780513902155665891,-0.001882584183476865,0,0.009999901056289673
angle,1780513902177880015,-0.001885139849036932,0,0.009999843314290047
angle,1780513902202986024,-0.001887682592496276,0,0.009999931789934635
angle,1780513902230888046,-0.001890212297439575,0,0.009999850764870644
angle,1780513902256379708,-0.001892729080282152,0,0.009999805130064487
angle,1780513902280844058,-0.001895232824608684,0,0.00999999325722456
angle,1780513902307238171,-0.001897723646834493,0,0.009999921545386314
angle,1780513902329974401,-0.001900201546959579,0,0.009999865666031837
angle,1780513902353953902,-0.001902666524983943,0,0.00999988429248333
angle,1780513902376975937,-0.001905118580907583,0,0.009999910369515419
angle,1780513902398828024,-0.001907557714730501,0,0.009999883361160755
angle,1780513902424691693,-0.001909984042868018,0,0.009999889880418777
angle,1780513902450168138,-0.001912397448904812,0,0.009999915026128292
angle,1780513902471756150,-0.001914798049256206,0,0.009999771602451801
angle,1780513902495759767,-0.001917185727506876,0,0.00999988242983818
angle,1780513902517211045,-0.001919560600072145,0,0.009999889880418777
angle,1780513902541096955,-0.001921922550536692,0,0.009999841451644897
angle,1780513902565569037,-0.00192427181173116,0,0.009999952279031277
angle,1780513902590950343,-0.001926608150824904,0,0.009999954141676426
angle,1780513902612734226,-0.001928931684233248,0,0.009999878704547882
angle,1780513902636770522,-0.001931242411956191,0,0.009999866597354412
angle,1780513902658645186,-0.001933540333993733,0,0.009999983012676239
angle,1780513902683158952,-0.001935825566761196,0,0.00999979954212904
angle,1780513902704889054,-0.001938097993843257,0,0.009999975562095642
angle,1780513902728142526,-0.001940357615239918,0,0.00999993085861206
angle,1780513902752111793,-0.001942604430951178,0,0.009999947622418404
angle,1780513902773570529,-0.001944838673807681,0,0.009999899193644524
angle,1780513902796926907,-0.001947060110978782,0,0.009999925270676613
angle,1780513902821606044,-0.001949268742464483,0,0.009999898262321949
angle,1780513902843077451,-0.001951464801095426,0,0.009999832138419151
angle,1780513902867175029,-0.00195364817045629,0,0.009999855421483517
angle,1780513902888229330,-0.001955818850547075,0,0.009999778121709824
angle,1780513902909113945,-0.001957976724952459,0,0.009999777190387249
angle,1780513902933981388,-0.001960122026503086,0,0.009999931789934635
angle,1780513902957361874,-0.001962254522368312,0,0.0099997129291296
angle,1780513902980662407,-0.00196437444537878,0,0.009999825619161129
angle,1780513903005568703,-0.001966481795534492,0,0.009999903850257397
angle,1780513903036560467,-0.001968576572835445,0,0.009999911300837994
angle,1780513903063249470,-0.001970658544450998,0,0.009999733418226242
angle,1780513903088295718,-0.001972728176042438,0,0.00999999325722456
angle,1780513903112090082,-0.001974785001948476,0,0.009999864734709263
angle,1780513903136699477,-0.0019768294878304,0,0.009999868459999561
angle,1780513903161452058,-0.001978861168026924,0,0.009999857284128666
angle,1780513903185782098,-0.001980880508199334,0,0.009999903850257397
angle,1780513903211324483,-0.001982887042686343,0,0.009999845176935196
angle,1780513903236704627,-0.001984881237149239,0,0.009999777190387249
angle,1780513903259942035,-0.001986862858757377,0,0.00999985821545124
angle,1780513903282165908,-0.001988832140341401,0,0.009999907575547695
angle,1780513903307773160,-0.001990788616240025,0,0.00999982189387083
angle,1780513903331756238,-0.001992732752114534,0,0.009999891743063927
angle,1780513903356190408,-0.001994664315134287,0,0.009999874047935009
angle,1780513903380004377,-0.001996583538129926,0,0.009999938309192657
angle,1780513903401995737,-0.001998490188270807,0,0.009999886155128479
angle,1780513903424178315,-0.002000384498387575,0,0.009999963454902172
angle,1780513903448578157,-0.002002266468480229,0,0.009999903850257397
angle,1780513903472110455,-0.002004135865718126,0,0.009999845176935196
angle,1780513903496532555,-0.00200599292293191,0,0.009999898262321949
angle,1780513903517158801,-0.002007837640121579,0,0.009999902918934822
angle,1780513903542469562,-0.002009669784456491,0,0.009999856352806091
angle,1780513903563302193,-0.002011489821597934,0,0.009999898262321949
angle,1780513903585156791,-0.002013297285884619,0,0.009999857284128666
angle,1780513903608890502,-0.00201509241014719,0,0.00999978557229042
angle,1780513903630075824,-0.002016875194385648,0,0.009999878704547882
angle,1780513903652873569,-0.002018645638599992,0,0.009999940171837807
angle,1780513903677247957,-0.002020403975620866,0,0.00999959371984005
angle,1780513903701051080,-0.002022149739786983,0,0.009999779984354973
angle,1780513903722474591,-0.002023883163928986,0,0.00999990664422512
angle,1780513903745482792,-0.002025604480877519,0,0.009999919682741165
angle,1780513903769742233,-0.002027313457801938,0,0.00999981164932251
angle,1780513903792727587,-0.002029010327532887,0,0.00999980978667736
angle,1780513903815585965,-0.002030694857239723,0,0.009999847039580345
angle,1780513903836570043,-0.002032367046922445,0,0.009999875910580158
angle,1780513903858981608,-0.002034027129411697,0,0.009999836795032024
angle,1780513903883688761,-0.002035675104707479,0,0.009999843314290047
angle,1780513903907673557,-0.002037310739979148,0,0.009999899193644524
angle,1780513903931354598,-0.002038934268057346,0,0.009999887086451054
angle,1780513903952855005,-0.002040545456111431,0,0.009999790228903294
angle,1780513903978788541,-0.00204214476980269,0,0.00999986007809639
angle,1780513903999944919,-0.002043731743469834,0,0.009999852627515793
angle,1780513904021524261,-0.002045306609943509,0,0.009999919682741165
angle,1780513904044210888,-0.002046869369223714,0,0.00999987218528986
angle,1780513904067582748,-0.002048420021310449,0,0.009999914094805717
angle,1780513904092081533,-0.002049958566203713,0,0.009999806992709637
angle,1780513904113506499,-0.002051485003903508,0,0.009999909438192844
angle,1780513904135085442,-0.002052999567240477,0,0.00999989453703165
angle,1780513904158261765,-0.002054501790553331,0,0.009999888949096203
angle,1780513904179746936,-0.00205599213950336,0,0.009999928064644337
angle,1780513904203851325,-0.002057470381259918,0,0.009999816305935383
angle,1780513904227501424,-0.00205893674865365,0,0.009999862872064114
angle,1780513904249772372,-0.002060391008853912,0,0.009999802336096764
angle,1780513904270711633,-0.002061833161860704,0,0.009999807924032211
angle,1780513904292947281,-0.00206326344050467,0,0.009999952279031277
angle,1780513904317358309,-0.002064681611955166,0,0.009999897330999374
angle,1780513904341585367,-0.002066087909042835,0,0.009999877773225307
angle,1780513904369081776,-0.002067482331767678,0,0.009999856352806091
angle,1780513904393010900,-0.002068864880129695,0,0.00999988242983818
angle,1780513904417037878,-0.002070235321298242,0,0.009999859146773815
angle,1780513904444497702,-0.002071593888103962,0,0.009999861009418964
angle,1780513904469612823,-0.002072940580546856,0,0.009999825619161129
angle,1780513904491784266,-0.002074275631457567,0,0.00999982375651598
angle,1780513904514963016,-0.002075598575174809,0,0.009999861009418964
angle,1780513904540232726,-0.002076909644529223,0,0.009999921545386314
angle,1780513904562456656,-0.002078208839520812,0,0.009999814443290234
angle,1780513904586388000,-0.002079496392980218,0,0.009999888949096203
angle,1780513904611049411,-0.002080772072076797,0,0.009999820031225681
angle,1780513904633443819,-0.002082035876810551,0,0.009999582543969154
angle,1780513904657512782,-0.002083288040012121,0,0.009999886155128479
angle,1780513904679064021,-0.002084528096020222,0,0.009999898262321949
angle,1780513904700388798,-0.002085756743326783,0,0.009999653324484825
angle,1780513904725315466,-0.002086973516270518,0,0.009999901056289673
angle,1780513904748443332,-0.002088178414851427,0,0.009999907575547695
angle,1780513904772103734,-0.002089371671900153,0,0.009999945759773254
angle,1780513904799038976,-0.002090553287416697,0,0.009999838657677174
angle,1780513904820512945,-0.002091723261401057,0,0.009999862872064114
angle,1780513904842376110,-0.002092881593853235,0,0.009999796748161316
angle,1780513904866909457,-0.002094028051942587,0,0.00999984797090292
angle,1780513904894104900,-0.0020951631013304,0,0.009999885223805904
angle,1780513904920462067,-0.002096286276355386,0,0.009999891743063927
angle,1780513904944260548,-0.002097398042678833,0,0.00999987218528986
angle,1780513904966801511,-0.002098497934639454,0,0.00999986007809639
angle,1780513904990264813,-0.002099586417898536,0,0.009999862872064114
angle,1780513905015176972,-0.002100663259625435,0,0.009999958798289299
angle,1780513905037393014,-0.002101728459820151,0,0.009999588131904602
angle,1780513905060933843,-0.002102782251313329,0,0.009999796748161316
angle,1780513905083293063,-0.002103824401274323,0,0.009999915957450867
angle,1780513905108443152,-0.002104854909703135,0,0.00999990664422512
angle,1780513905132603547,-0.002105874009430408,0,0.00999972689896822
angle,1780513905161066119,-0.002106927568092942,0,0.010457129217684269
angle,1780513905187826495,-0.002107923151925206,0,0.009999770671129227
angle,1780513905211720931,-0.002108907327055931,0,0.009999998845160007
angle,1780513905239136713,-0.002109880093485117,0,0.009999793022871017
angle,1780513905264283804,-0.00211084121838212,0,0.009999910369515419
angle,1780513905287786104,-0.002111790934577584,0,0.009999824687838554
angle,1780513905313719642,-0.002112729242071509,0,0.009999820962548256
angle,1780513905336956877,-0.002113656140863895,0,0.00999984610825777
angle,1780513905360941361,-0.002114571630954742,0,0.009999954141676426
angle,1780513905384544304,-0.00211547571234405,0,0.009999913163483143
angle,1780513905409162625,-0.002116368617862463,0,0.00999990664422512
angle,1780513905434260377,-0.002117250114679337,0,0.009999933652579784
angle,1780513905460498339,-0.002118120202794671,0,0.009999956004321575
angle,1780513905485418323,-0.00211897911503911,0,0.009999933652579784
angle,1780513905511666709,-0.00211982661858201,0,0.009999891743063927
angle,1780513905537557420,-0.002120662946254015,0,0.009999826550483704
angle,1780513905564649404,-0.002121487865224481,0,0.009999871253967285
angle,1780513905588925427,-0.002122301608324051,0,0.009999704547226429
angle,1780513905613952801,-0.002123104175552726,0,0.009999693371355534
angle,1780513905636118746,-0.002123895334079862,0,0.00999988242983818
angle,1780513905661279447,-0.002124675316736102,0,0.00999984610825777
angle,1780513905685966000,-0.002125443890690804,0,0.009999864734709263
angle,1780513905708263638,-0.002126201521605253,0,0.009999933652579784
angle,1780513905731394916,-0.002126947976648808,0,0.009999948553740978
angle,1780513905759196068,-0.002127683022990823,0,0.009999911300837994
angle,1780513905786071707,-0.002128407126292586,0,0.009999901056289673
angle,1780513905813897693,-0.002129120053723454,0,0.009999960660934448
angle,1780513905840936340,-0.002129822038114071,0,0.00999988429248333
angle,1780513905865194223,-0.002130512846633792,0,0.009999855421483517
angle,1780513905888396098,-0.002131192479282618,0,0.009999928995966911
angle,1780513905908931465,-0.002131861168891191,0,0.009999838657677174
angle,1780513905932554847,-0.00213251868262887,0,0.009999946691095829
angle,1780513905956196386,-0.002133165253326297,0,0.009999791160225868
angle,1780513905980060473,-0.002133800648152828,0,0.009999928064644337
angle,1780513906004203860,-0.002134425099939108,0,0.00999987218528986
angle,1780513906025576294,-0.002135038375854492,0,0.009999889880418777
angle,1780513906049112498,-0.002135640941560268,0,0.009999818168580532
angle,1780513906073535259,-0.002136232331395149,0,0.009999885223805904
angle,1780513906097153273,-0.002136812778189778,0,0.009999915026128292
angle,1780513906124169566,-0.002137382281944156,0,0.009999888949096203
angle,1780513906146923130,-0.002137940842658281,0,0.009999899193644524
angle,1780513906174084729,-0.002138488693162799,0,0.009999888017773628
angle,1780513906198842919,-0.002139025600627065,0,0.010000077076256275
angle,1780513906219895874,-0.002139551565051079,0,0.009999865666031837
angle,1780513906241605599,-0.002140066586434841,0,0.009999869391322136
angle,1780513906268290275,-0.002140570897608995,0,0.009999820962548256
angle,1780513906293619039,-0.002141064265742898,0,0.009999837726354599
angle,1780513906317166148,-0.002141546923667192,0,0.009999851696193218
angle,1780513906341374827,-0.002142018638551235,0,0.009999804198741913
angle,1780513906368281358,-0.00214247964322567,0,0.009999902918934822
angle,1780513906389846579,-0.002142929704859853,0,0.009999931789934635
angle,1780513906412224267,-0.002143369289115071,0,0.009999820031225681
angle,1780513906438256593,-0.002143797930330038,0,0.009999913163483143
angle,1780513906465128726,-0.002144215861335397,0,0.009999848902225494
angle,1780513906488867846,-0.002144623082131147,0,0.00999993085861206
angle,1780513906515693697,-0.00214501959271729,0,0.009999876841902733
angle,1780513906537928951,-0.002145405625924468,0,0.009999919682741165
angle,1780513906562441181,-0.002145780716091394,0,0.0099998340010643
angle,1780513906590481065,-0.002146145328879356,0,0.009999873116612434
angle,1780513906614597033,-0.00214649923145771,0,0.009999923408031464
angle,1780513906638966341,-0.002146842423826456,0,0.009999953210353851
angle,1780513906663654433,-0.002147175138816237,0,0.009999879635870457
angle,1780513906686827421,-0.002147497376427054,0,0.00999980978667736
angle,1780513906713219087,-0.002147808903828263,0,0.009999834932386875
angle,1780513906737708570,-0.002148109721019864,0,0.009999627247452736
angle,1780513906762951951,-0.0021484000608325,0,0.009999779984354973
angle,1780513906789807873,-0.002148679923266172,0,0.00999993272125721
angle,1780513906815333878,-0.00214894930832088,0,0.00999982375651598
angle,1780513906839321758,-0.002149208215996623,0,0.009999910369515419
angle,1780513906860926478,-0.002149456413462758,0,0.009999956004321575
angle,1780513906882726122,-0.002149694366380572,0,0.00999985821545124
angle,1780513906905451540,-0.002149921841919422,0,0.009999928064644337
angle,1780513906927715410,-0.002150138840079308,0,0.00999999325722456
angle,1780513906949523801,-0.002150345593690872,0,0.009999888017773628
angle,1780513906970815249,-0.002150541637092829,0,0.009999791160225868
angle,1780513906994600487,-0.002150727435946465,0,0.009999886155128479
angle,1780513907018872639,-0.00215090299025178,0,0.009999880567193031
angle,1780513907041270043,-0.00215106806717813,0,0.009999801404774189
angle,1780513907068885008,-0.00215122289955616,0,0.009999924339354038
angle,1780513907091987772,-0.002151367254555225,0,0.009999836795032024
angle,1780513907117672324,-0.00215150136500597,0,0.009999899193644524
angle,1780513907147529395,-0.00215162499807775,0,0.009999940171837807
angle,1780513907171656073,-0.002151738619431853,0,0.009999914094805717
angle,1780513907194561402,-0.002151841763406992,0,0.00999996718019247
angle,1780513907219364297,-0.002151934895664454,0,0.009999914094805717
angle,1780513907245139164,-0.002152017550542951,0,0.009999853558838367
angle,1780513907268313512,-0.002152090193703771,0,0.009999902918934822
angle,1780513907289366252,-0.00215215259231627,0,0.00999982375651598
angle,1780513907313640540,-0.002152204746380448,0,0.009999855421483517
angle,1780513907335613834,-0.002152246655896306,0,0.009999953210353851
angle,1780513907357455906,-0.002152278553694487,0,0.009999893605709076
angle,1780513907382047946,-0.002152300206944346,0,0.009999923408031464
angle,1780513907411691264,-0.002152311848476529,0,0.009999845176935196
angle,1780513907434235810,-0.002152313478291035,0,0.009999945759773254
angle,1780513907457172669,-0.00215230486355722,0,0.009999915957450867
angle,1780513907481445060,-0.002152286237105727,0,0.009999848902225494
angle,1780513907504557851,-0.002152257366105914,0,0.00999988429248333
angle,1780513907526504462,-0.002152218716219068,0,0.009999856352806091
angle,1780513907548095564,-0.0021521698217839,0,0.009999904781579971
angle,1780513907572843627,-0.002152111148461699,0,0.009999864734709263
angle,1780513907598639867,-0.002152042230591178,0,0.00999989453703165
angle,1780513907623299230,-0.002151963533833623,0,0.009999901987612247
angle,1780513907647232817,-0.002151874825358391,0,0.009999663569033146
angle,1780513907669937536,-0.002151776337996125,0,0.009999828413128853
angle,1780513907695702381,-0.002151667606085539,0,0.009999832138419151
angle,1780513907720360507,-0.002151549095287919,0,0.009999874047935009
angle,1780513907743638327,-0.002151420805603266,0,0.009999891743063927
angle,1780513907765840193,-0.002151282504200935,0,0.009999888949096203
angle,1780513907793251634,-0.002151134423911572,0,0.00999996718019247
angle,1780513907820480054,-0.002150976564735174,0,0.009999853558838367
angle,1780513907847840922,-0.0021508086938411,0,0.009999907575547695
angle,1780513907869117297,-0.002150631044059992,0,0.009999936446547508
angle,1780513907893347221,-0.002150443848222494,0,0.00999994296580553
angle,1780513907915801222,-0.002150246640667319,0,0.009999878704547882
angle,1780513907944632293,-0.002150039654225111,0,0.009999841451644897
angle,1780513907970512689,-0.002149823121726513,0,0.009999929927289486
angle,1780513907991009167,-0.002149596810340881,0,0.009999662637710571
angle,1780513908015760407,-0.002149360487237573,0,0.009999939240515232
angle,1780513908041372354,-0.002149114850908518,0,0.009999914094805717
angle,1780513908063132623,-0.002148859202861786,0,0.00999992061406374
angle,1780513908094085287,-0.002148594241589308,0,0.009999897330999374
angle,1780513908124720274,-0.002148319268599153,0,0.009999792091548443
angle,1780513908151507407,-0.002148034749552608,0,0.010005850344896317
angle,1780513908176211282,-0.002147740684449673,0,0.009999915957450867
angle,1780513908200940765,-0.002147437073290348,0,0.00999991875141859
angle,1780513908227693100,-0.002147123916074634,0,0.009999919682741165
angle,1780513908249682038,-0.002146801212802529,0,0.009999929927289486
angle,1780513908277228448,-0.002146468730643392,0,0.009999812580645084
angle,1780513908305019617,-0.002146126935258508,0,0.009999897330999374
angle,1780513908330716097,-0.002145775593817234,0,0.009999877773225307
angle,1780513908356367761,-0.002145414706319571,0,0.009999886155128479
angle,1780513908380531609,-0.002145044505596161,0,0.009999857284128666
angle,1780513908405276339,-0.002144664758816361,0,0.009999909438192844
angle,1780513908429514675,-0.002144275465980172,0,0.009999961592257023
angle,1780513908454394604,-0.002143876859918237,0,0.009999931789934635
angle,1780513908479257151,-0.002143468707799911,0,0.009999893605709076
angle,1780513908503354250,-0.00214305124245584,0,0.009999953210353851
angle,1780513908527539925,-0.002142624463886023,0,0.009999758563935757
angle,1780513908551125847,-0.002142188139259815,0,0.009999909438192844
angle,1780513908576925843,-0.002141742501407862,0,0.009999899193644524
angle,1780513908604237763,-0.002141287783160806,0,0.00999975111335516
angle,1780513908629648095,-0.00214082351885736,0,0.00999983586370945
angle,1780513908655532705,-0.002140349941328168,0,0.009999919682741165
angle,1780513908679545825,-0.002139867283403873,0,0.009999905712902546
angle,1780513908704584023,-0.002139375312253833,0,0.009999938309192657
angle,1780513908726374961,-0.002138874027878046,0,0.009999701753258705
angle,1780513908752879556,-0.002138363430276513,0,0.009999888949096203
angle,1780513908780116751,-0.002137843752279878,0,0.0099998340010643
angle,1780513908804935121,-0.002137314761057496,0,0.009999883361160755
angle,1780513908828636795,-0.002136776689440012,0,0.009999939240515232
angle,1780513908853261455,-0.002136229537427425,0,0.009999848902225494
angle,1780513908878368001,-0.002135673305019736,0,0.009999900124967098
angle,1780513908902094729,-0.002135107759386301,0,0.009999915026128292
angle,1780513908923649358,-0.002134533133357763,0,0.00999972503632307
angle,1780513908946170859,-0.002133949426934123,0,0.009999912232160568
angle,1780513908974006454,-0.00213318970054388,0,0.012785444036126137
angle,1780513908999741057,-0.002132349647581577,0,0.013840883038938046
angle,1780513909021470269,-0.002131731016561389,0,0.009999934583902359
angle,1780513909044391636,-0.002131103072315454,0,0.009999915957450867
angle,1780513909067855468,-0.002130466280505061,0,0.009999915026128292
angle,1780513909091447796,-0.002129820873960853,0,0.009999986737966537
angle,1780513909116552486,-0.002129167085513473,0,0.009999808855354786
angle,1780513909139354848,-0.002128505147993565,0,0.009999856352806091
angle,1780513909161181399,-0.002127834595739841,0,0.009999904781579971
angle,1780513909186296265,-0.00212715589441359,0,0.009999842382967472
angle,1780513909209905179,-0.002126468345522881,0,0.009999901987612247
angle,1780513909232529971,-0.002125772181898355,0,0.009999864734709263
angle,1780513909254733518,-0.002125067170709372,0,0.00999989453703165
angle,1780513909277671895,-0.002124353079125285,0,0.009999833069741726
angle,1780513909305452847,-0.002123531419783831,0,0.011350099928677082
angle,1780513909326685562,-0.002122797537595034,0,0.009999900124967098
angle,1780513909347463431,-0.002122054575011134,0,0.009999907575547695
angle,1780513909370966775,-0.002121302299201488,0,0.009999937377870083
angle,1780513909392194723,-0.002120541408658028,0,0.00999988242983818
angle,1780513909413021971,-0.002119771670550108,0,0.009999845176935196
angle,1780513909437336430,-0.002118993317708373,0,0.009999929927289486
angle,1780513909461283776,-0.002118206582963467,0,0.009999933652579784
angle,1780513909487835657,-0.002117411466315389,0,0.009999839588999748
angle,1780513909509987749,-0.002116607967764139,0,0.009999901056289673
angle,1780513909537817749,-0.002115795854479074,0,0.009999740868806839
angle,1780513909561812358,-0.002114975592121482,0,0.00999987032264471
angle,1780513909585857778,-0.00211414648219943,0,0.009999873116612434
angle,1780513909615036638,-0.002113308990374207,0,0.009999791160225868
angle,1780513909636992736,-0.002112462650984526,0,0.009999586269259453
angle,1780513909659085668,-0.002111607929691672,0,0.00999978743493557
angle,1780513909683214948,-0.00211074436083436,0,0.00999991875141859
angle,1780513909707503319,-0.002109871944412589,0,0.009999886155128479
angle,1780513909733091432,-0.002108991146087646,0,0.0099998340010643
angle,1780513909759690058,-0.002108101733028889,0,0.00999987032264471
angle,1780513909783344158,-0.002107203705236316,0,0.009999839588999748
angle,1780513909805943195,-0.002106297295540571,0,0.009999869391322136
angle,1780513909832739694,-0.002105382271111012,0,0.009999923408031464
angle,1780513909857966097,-0.002104459097608924,0,0.009999861940741539
angle,1780513909888293149,-0.002103527542203665,0,0.009999862872064114
angle,1780513909912816030,-0.002102587837725878,0,0.009999836795032024
angle,1780513909939160372,-0.002101639751344919,0,0.00999991875141859
angle,1780513909965430973,-0.002100683283060789,0,0.00999987032264471
angle,1780513909988799288,-0.002099718665704131,0,0.009999927133321762
angle,1780513910013906322,-0.002098745666444302,0,0.009999728761613369
angle,1780513910038936065,-0.002097764285281301,0,0.009999901056289673
angle,1780513910062293159,-0.002096774522215128,0,0.009999907575547695
angle,1780513910086349416,-0.002095776610076427,0,0.009999857284128666
angle,1780513910110180962,-0.002094770316034555,0,0.009999849833548069
angle,1780513910133605971,-0.002093755872920156,0,0.009999851696193218
angle,1780513910162492364,-0.002092733047902584,0,0.009999868459999561
angle,1780513910187923446,-0.002091702306643128,0,0.009999883361160755
angle,1780513910209934729,-0.002090662950649858,0,0.009999850764870644
angle,1780513910235334183,-0.002089615678414702,0,0.00999976135790348
angle,1780513910258917060,-0.002088560489937663,0,0.009999825619161129
angle,1780513910283904146,-0.002087496919557452,0,0.009999768808484077
angle,1780513910305610619,-0.002086425432935357,0,0.009999915026128292
angle,1780513910333748297,-0.002085345797240734,0,0.009999948553740978
angle,1780513910357514477,-0.002084258012473583,0,0.009999893605709076
angle,1780513910383502353,-0.002083162311464548,0,0.009999743662774563
angle,1780513910408380961,-0.002082058461382985,0,0.00999989453703165
angle,1780513910434591388,-0.002080946927890182,0,0.009999875910580158
angle,1780513910458909433,-0.002079827012494206,0,0.009999889880418777
angle,1780513910483309821,-0.002078699413686991,0,0.009999865666031837
angle,1780513910506353403,-0.002077563665807247,0,0.009999832138419151
angle,1780513910530561142,-0.002076420001685619,0,0.009999886155128479
angle,1780513910554942599,-0.002075268421322107,0,0.009999891743063927
angle,1780513910600804003,-0.002072034636512399,0,0.027625104412436485
angle,1780513910627144013,-0.002070837654173374,0,0.009999879635870457
angle,1780513910656245191,-0.002069632988423109,0,0.009999994188547134
angle,1780513910682503388,-0.00206841598264873,0,0.010051579214632511
angle,1780513910715546451,-0.002067201305180788,0,0.009999998845160007
angle,1780513910739423496,-0.002065983600914478,0,0.009999866597354412
angle,1780513910764005710,-0.002064762637019157,0,0.009999943897128105
angle,1780513910787846272,-0.002063538413494825,0,0.009999917820096016
angle,1780513910812955112,-0.002062309300526977,0,0.009999861009418964
angle,1780513910837642466,-0.002061074366793036,0,0.0099998963996768
angle,1780513910862568462,-0.002059831982478499,0,0.00999983586370945
angle,1780513910885490657,-0.002058581216260791,0,0.009999843314290047
angle,1780513910920987766,-0.002057313919067383,0,0.010052140802145004
angle,1780513910946438555,-0.00205604312941432,0,0.009999499656260014
angle,1780513910974876119,-0.002054762095212936,0,0.009999754838645458
angle,1780513910998370651,-0.002053470816463232,0,0.009999825619161129
angle,1780513911023718176,-0.002052170224487782,0,0.009999789297580719
angle,1780513911051048765,-0.002050861017778516,0,0.009999776259064674
angle,1780513911074725924,-0.00204954412765801,0,0.009999822825193405
angle,1780513911099184635,-0.00204822001978755,0,0.009999739937484264
angle,1780513911125159606,-0.002046889392659068,0,0.009999696165323257
angle,1780513911150958359,-0.002045552479103208,0,0.00999982189387083
angle,1780513911181200388,-0.002044209744781256,0,0.009999815374612808
angle,1780513911206406884,-0.002042860956862569,0,0.009999723173677921
angle,1780513911233492390,-0.00204150564968586,0,0.009999697096645832
angle,1780513911260538391,-0.002040143590420485,0,0.009999817237257957
angle,1780513911286607596,-0.0020387745462358,0,0.009999728761613369
angle,1780513911312527503,-0.002037397818639874,0,0.0099993497133255
angle,1780513911339040479,-0.002036013174802065,0,0.009999733418226242
angle,1780513911366352870,-0.002034620381891727,0,0.009999577887356281
angle,1780513911392047992,-0.002033219672739506,0,0.009999727830290794
angle,1780513911418506457,-0.002031810581684113,0,0.009999758563935757
angle,1780513911444083260,-0.002030393574386835,0,0.009999707341194153
angle,1780513911469839092,-0.002028968883678317,0,0.009999536909162998
angle,1780513911497185614,-0.002027536975219846,0,0.009999681264162064
angle,1780513911522630066,-0.002026097616180778,0,0.0099997753277421
angle,1780513911547772965,-0.002024651505053043,0,0.009999667294323444
angle,1780513911572997918,-0.002023198409006,0,0.009999755769968033
angle,1780513911602653043,-0.00202173856087029,0,0.009999565780162811
angle,1780513911627389048,-0.002020272193476558,0,0.009999826550483704
angle,1780513911653173545,-0.002018798841163516,0,0.009999876841902733
angle,1780513911680751078,-0.002017318736761808,0,0.009999820962548256
angle,1780513911708073437,-0.002015831414610147,0,0.009999861940741539
angle,1780513911734655863,-0.002014337107539177,0,0.009999750182032585
angle,1780513911760347130,-0.002012835582718253,0,0.00999976322054863
angle,1780513911786001296,-0.002011326840147376,0,0.009999701753258705
angle,1780513911813065806,-0.002009810646995902,0,0.009999711066484451
angle,1780513911838998552,-0.002008287236094475,0,0.009999419562518597
angle,1780513911867924584,-0.002006756607443094,0,0.009999475441873074
angle,1780513911895036023,-0.00200521876104176,0,0.009999285452067852
angle,1780513911923758551,-0.002003673929721117,0,0.009999090805649757
angle,1780513911951104144,-0.002002122113481164,0,0.009999617002904415
angle,1780513911983262569,-0.002000563312321901,0,0.009999344125390053
angle,1780513912009099367,-0.001998997759073973,0,0.009999715723097324
angle,1780513912037312593,-0.001997425453737378,0,0.009999268688261509
angle,1780513912065797215,-0.001995846396312118,0,0.00999908335506916
angle,1780513912091967725,-0.001994260586798191,0,0.009999426081776619
angle,1780513912121739190,-0.001992668258026242,0,0.009999604895710945
angle,1780513912148681300,-0.001991068944334984,0,0.0099994707852602
angle,1780513912177838158,-0.001989462645724416,0,0.009999269619584084
angle,1780513912205618596,-0.001987849827855825,0,0.009999405592679977
angle,1780513912235155278,-0.001986230025067925,0,0.009999362751841545
angle,1780513912268621240,-0.00198460347019136,0,0.009999589994549751
angle,1780513912294701322,-0.001982969930395484,0,0.009999662637710571
angle,1780513912321483531,-0.001981329638510942,0,0.009999668225646019
angle,1780513912347405108,-0.001979682594537735,0,0.00999944657087326
angle,1780513912375780435,-0.001978029031306505,0,0.009999495930969715
angle,1780513912404007989,-0.001976368483155966,0,0.009999631904065609
angle,1780513912430787877,-0.001974701415747404,0,0.009999196045100689
angle,1780513912463000814,-0.001973027596250176,0,0.009999520145356655
angle,1780513912495263717,-0.00197134749032557,0,0.009999439120292664
angle,1780513912521644139,-0.001969660632312298,0,0.009999418631196022
angle,1780513912550075757,-0.001967967255041003,0,0.009999497793614864
angle,1780513912580878815,-0.001966267358511686,0,0.009999612346291542
angle,1780513912611937347,-0.001964560942724347,0,0.009999046102166176
angle,1780513912642973582,-0.001962847774848342,0,0.009999552741646767
angle,1780513912668526522,-0.001961128320544958,0,0.009998930618166924
angle,1780513912696810583,-0.001959402346983552,0,0.00999955739825964
angle,1780513912725315833,-0.001957670086994767,0,0.00999939814209938
angle,1780513912754185905,-0.001955931074917316,0,0.009999743662774563
angle,1780513912784537255,-0.001954185543581843,0,0.00999937579035759
angle,1780513912814048900,-0.001952433725818992,0,0.009999041445553303
angle,1780513912843016346,-0.001950675388798118,0,0.009999512694776058
angle,1780513912869182850,-0.001948910765349865,0,0.009999674744904041
angle,1780513912901123187,-0.001947139739058912,0,0.009999885223805904
angle,1780513912931503849,-0.001945362309925258,0,0.009999503381550312
angle,1780513912959075107,-0.001943578594364226,0,0.009999538771808147
angle,1780513912990581487,-0.001941788592375815,0,0.009999561123549938
angle,1780513913019736606,-0.001939992303960025,0,0.009999250061810017
angle,1780513913049012186,-0.001938189729116857,0,0.009999430738389492
angle,1780513913075064498,-0.00193638086784631,0,0.009999335743486881
angle,1780513913101267464,-0.001934565836563706,0,0.009999421425163746
angle,1780513913141655523,-0.001932744518853724,0,0.00999944657087326
angle,1780513913175252703,-0.001930917031131685,0,0.009999378584325314
angle,1780513913206548353,-0.001929083256982267,0,0.009999560192227364
angle,1780513913237189357,-0.001927243429236114,0,0.009999644011259079
angle,1780513913270069830,-0.001925397431477904,0,0.009999647736549377
angle,1780513913297629317,-0.001923545263707638,0,0.009999721311032772
angle,1780513913323985149,-0.001921686925925314,0,0.009999612346291542
angle,1780513913350658670,-0.001919822534546256,0,0.009998994879424572
angle,1780513913378999751,-0.001917952089570463,0,0.009999589063227177
angle,1780513913407186892,-0.001916075590997934,0,0.00999906100332737
angle,1780513913433569493,-0.001914193038828671,0,0.009999304078519344
angle,1780513913462849904,-0.001912304433062673,0,0.00999940000474453
angle,1780513913489582886,-0.001910409890115261,0,0.009999478235840797
angle,1780513913518780779,-0.001908509293571115,0,0.009999209083616734
angle,1780513913546973349,-0.001906602759845555,0,0.00999938603490591
angle,1780513913575485163,-0.001904690288938582,0,0.009999397210776806
angle,1780513913605241657,-0.001902771880850196,0,0.009998860768973827
angle,1780513913633028813,-0.001900847535580397,0,0.009999362751841545
angle,1780513913658995599,-0.001898917253129184,0,0.00999968871474266
angle,1780513913685347378,-0.00189698114991188,0,0.00999965239316225
angle,1780513913716593793,-0.001895039109513164,0,0.009999617002904415
angle,1780513913750539777,-0.001893091364763677,0,0.009999452158808708
angle,1780513913776016404,-0.001891137682832778,0,0.009999677538871765
angle,1780513913800369137,-0.001889178180135787,0,0.009999829344451427
angle,1780513913823545494,-0.001887212973088026,0,0.009999808855354786
angle,1780513913850999581,-0.001885241945274174,0,0.009999790228903294
angle,1780513913873514925,-0.001883265096694231,0,0.009999720379710197
angle,1780513913899716954,-0.001881282543763518,0,0.009999819099903107
angle,1780513913926769070,-0.001879294170066714,0,0.009999769739806652
angle,1780513913952614462,-0.001877300208434463,0,0.009999838657677174
angle,1780513913978572031,-0.001875300426036119,0,0.009999757632613182
angle,1780513914004187350,-0.001873295055702329,0,0.0099998340010643
angle,1780513914029664122,-0.00187128409743309,0,0.009999859146773815
angle,1780513914057270596,-0.001869267434813082,0,0.009999765083193779
angle,1780513914086046405,-0.001867245067842305,0,0.009999510832130909
angle,1780513914115181601,-0.001865217229351401,0,0.009999553672969341
angle,1780513914145880042,-0.001863183686509728,0,0.009999784640967846
angle,1780513914177151652,-0.001861144788563251,0,0.009998706169426441
angle,1780513914207945445,-0.001859100186266005,0,0.009999283589422703
angle,1780513914236631581,-0.001857050112448633,0,0.00999944657087326
angle,1780513914266546826,-0.001854994567111135,0,0.009999397210776806
angle,1780513914298179131,-0.00185293355025351,0,0.009999558329582214
angle,1780513914326322166,-0.001850867178291082,0,0.009999489411711693
angle,1780513914350356089,-0.001848795218393207,0,0.009999750182032585
angle,1780513914380984860,-0.001846717903390527,0,0.0099996542558074
angle,1780513914405305105,-0.001844635116867721,0,0.009999603033065796
angle,1780513914433890081,-0.00184254685882479,0,0.00999948475509882
angle,1780513914457784806,-0.001840453362092376,0,0.00999969057738781
angle,1780513914481967390,-0.001838354393839836,0,0.009999734349548817
angle,1780513914506431015,-0.001836250186897814,0,0.009999766014516354
angle,1780513914535402042,-0.001834140508435667,0,0.009999633766710758
angle,1780513914562588001,-0.001832025591284037,0,0.009999735280871391
angle,1780513914588655768,-0.001829905435442924,0,0.009999473579227924
angle,1780513914615291845,-0.001827779924497008,0,0.009999440982937813
angle,1780513914641028239,-0.00182564917486161,0,0.009999671950936317
angle,1780513914667951117,-0.001823513186536729,0,0.009999627247452736
angle,1780513914694861389,-0.001821371959522367,0,0.009999585337936878
angle,1780513914720052970,-0.001819225493818521,0,0.009999662637710571
angle,1780513914746511467,-0.001817073905840516,0,0.009999362751841545
angle,1780513914774965026,-0.00181491719558835,0,0.009999601170420647
angle,1780513914802155688,-0.001812755246646702,0,0.009999562054872513
angle,1780513914828227093,-0.001810588291846216,0,0.009999369271099567
angle,1780513914858697285,-0.001808416098356247,0,0.009999541565775871
angle,1780513914881689146,-0.00180623889900744,0,0.009999651461839676
angle,1780513914905786409,-0.001804056577384472,0,0.00999976135790348
angle,1780513914930993762,-0.001801869249902666,0,0.009999734349548817
angle,1780513914957048242,-0.001799676916562021,0,0.009999768808484077
angle,1780513914979169476,-0.001797479460947216,0,0.009999760426580906
angle,1780513915006231383,-0.001795276999473572,0,0.009999750182032585
angle,1780513915033389539,-0.001793069648556411,0,0.009999742731451988
angle,1780513915064215951,-0.00179085717536509,0,0.009999671950936317
angle,1780513915092226894,-0.001788639812730253,0,0.009999526664614677
angle,1780513915119853060,-0.001786417444236577,0,0.009999509900808334
angle,1780513915145768252,-0.001784190186299384,0,0.009999849833548069
angle,1780513915173285016,-0.001781958038918674,0,0.009999466128647327
angle,1780513915199001841,-0.001779721002094448,0,0.009999367408454418
angle,1780513915230291188,-0.001777479192242026,0,0.009999383240938187
angle,1780513915256454225,-0.001775232492946088,0,0.00999938603490591
angle,1780513915282499106,-0.001772980904206634,0,0.009999679401516914
angle,1780513915309801019,-0.001770724542438984,0,0.009999525733292103
angle,1780513915335032437,-0.001768463524058461,0,0.009999497793614864
angle,1780513915361947229,-0.001766197616234422,0,0.009999517351388931
angle,1780513915389095179,-0.001763927051797509,0,0.009999500587582588
angle,1780513915417624347,-0.001761651714332402,0,0.009999694302678108
angle,1780513915444359299,-0.001759371603839099,0,0.009999604895710945
angle,1780513915473566433,-0.001757086720317602,0,0.009999624453485012
angle,1780513915499875886,-0.001754797296598554,0,0.009998983703553677
angle,1780513915528021479,-0.00175250309985131,0,0.009999574162065983
angle,1780513915550513414,-0.001750204246491194,0,0.00999977346509695
angle,1780513915573804156,-0.001747900736518204,0,0.009999767877161503
angle,1780513915598945269,-0.001745592686347663,0,0.009999687783420086
angle,1780513915622444197,-0.001743280095979571,0,0.009999698027968407
angle,1780513915649152381,-0.001740962732583284,0,0.009999570436775684
angle,1780513915676465294,-0.001738640945404768,0,0.00999985821545124
angle,1780513915704680736,-0.0017363146180287,0,0.009999747388064861
angle,1780513915733770384,-0.00173398363403976,0,0.009999467059969902
angle,1780513915762822826,-0.001731648226268589,0,0.009999492205679417
angle,1780513915790973465,-0.001729308278299868,0,0.009999251924455166
angle,1780513915817636977,-0.001726963790133595,0,0.00999976135790348
angle,1780513915848019699,-0.001724614994600415,0,0.009999412111938
angle,1780513915873106485,-0.001722261658869684,0,0.009999407455325127
angle,1780513915901093938,-0.001719904015772045,0,0.009999092668294907
angle,1780513915927776565,-0.001717541948892176,0,0.009999453090131283
angle,1780513915956703019,-0.001715175458230078,0,0.009999547153711319
angle,1780513915989674921,-0.001712804660201073,0,0.009999516420066357
angle,1780513916012063418,-0.001710429438389838,0,0.00999976135790348
angle,1780513916036276892,-0.001708050025627017,0,0.009999839588999748
angle,1780513916063874636,-0.001705666189081967,0,0.009999459609389305
angle,1780513916095351164,-0.001703278045170009,0,0.009999622590839863
angle,1780513916121116422,-0.001700885593891144,0,0.009999463334679604
angle,1780513916150199382,-0.001698488835245371,0,0.009999548085033894
angle,1780513916175205873,-0.001696087885648012,0,0.009999401867389679
angle,1780513916205729960,-0.001693682628683746,0,0.009999452158808708
angle,1780513916227989776,-0.001691273180767894,0,0.009999720379710197
angle,1780513916251776810,-0.001688859658315778,0,0.009999630972743034
angle,1780513916274905719,-0.001686441828496754,0,0.009999784640967846
angle,1780513916299863467,-0.001684019924141467,0,0.009999863803386688
angle,1780513916325823697,-0.001681593828834593,0,0.009999841451644897
angle,1780513916348686489,-0.001679163542576134,0,0.009999868459999561
angle,1780513916373847993,-0.001676729298196733,0,0.009999818168580532
angle,1780513916401987609,-0.001674290862865746,0,0.009999425150454044
angle,1780513916428091278,-0.001671848352998495,0,0.00999942421913147
angle,1780513916460630972,-0.00166940176859498,0,0.009999635629355907
angle,1780513916489453179,-0.001666951109655201,0,0.009999308735132217
angle,1780513916519448174,-0.001664496492594481,0,0.009999421425163746
angle,1780513916548763922,-0.001662037800997496,0,0.009998719207942486
angle,1780513916578119442,-0.001659575151279569,0,0.009999318048357964
angle,1780513916605526894,-0.001657108659856021,0,0.009999164380133152
angle,1780513916639359477,-0.001654638210311532,0,0.009999045170843601
angle,1780513916668200089,-0.001652163802646101,0,0.009999684058129787
angle,1780513916697606793,-0.001649685436859727,0,0.009999721311032772
angle,1780513916724598369,-0.001647203229367733,0,0.009999353438615799
angle,1780513916754240143,-0.001644717180170119,0,0.009999169036746025
angle,1780513916784862753,-0.001642227289266884,0,0.009999269619584084
angle,1780513916811395519,-0.001639733440242708,0,0.00999945867806673
angle,1780513916840494403,-0.001637235749512911,0,0.009999177418649197
angle,1780513916869703118,-0.001634734333492815,0,0.009999233298003674
angle,1780513916899647614,-0.0016322290757671,0,0.009999626316130161
angle,1780513916926292487,-0.001629719976335764,0,0.009999305009841919
angle,1780513916955044376,-0.00162720715161413,0,0.009999673813581467
angle,1780513916984507857,-0.001624690485186875,0,0.009999522008001804
angle,1780513917014758253,-0.001622170209884644,0,0.009999246336519718
angle,1780513917041599968,-0.001619646209292114,0,0.009999709203839302
angle,1780513917067352381,-0.001617118483409286,0,0.009999395348131657
angle,1780513917096171906,-0.001614587032236159,0,0.00999935157597065
angle,1780513917125521329,-0.001612051972188056,0,0.009999492205679417
angle,1780513917152249018,-0.001609513303264976,0,0.009999514557421207
angle,1780513917180037400,-0.001606970909051597,0,0.009999438188970089
angle,1780513917209177050,-0.001604425022378564,0,0.009999481961131096
angle,1780513917235883493,-0.001601875526830554,0,0.009999757632613182
angle,1780513917264249907,-0.001599322422407568,0,0.009999111294746399
angle,1780513917292576656,-0.001596765709109604,0,0.009999523870646954
angle,1780513917321938483,-0.001594205503351986,0,0.009999643079936504
angle,1780513917352046898,-0.001591641805134714,0,0.009998844936490059
angle,1780513917379659593,-0.001589074498042464,0,0.009999187663197517
angle,1780513917410368886,-0.001586503814905882,0,0.009999658912420273
angle,1780513917436570283,-0.001583929639309645,0,0.009999728761613369
angle,1780513917464586522,-0.001581351971253753,0,0.009999425150454044
angle,1780513917491504200,-0.001578770810738206,0,0.009999708272516727
angle,1780513917518523635,-0.001576186390593648,0,0.009999378584325314
angle,1780513917547260318,-0.001573598477989435,0,0.009999560192227364
angle,1780513917574313768,-0.001571007305756211,0,0.009999340400099754
angle,1780513917601249128,-0.001568412641063333,0,0.009999250993132591
angle,1780513917630358409,-0.001565814600326121,0,0.009999225847423077
angle,1780513917657744421,-0.001563213299959898,0,0.009999243542551994
angle,1780513917687132068,-0.001560608623549342,0,0.00999905914068222
angle,1780513917713717555,-0.001558000571094453,0,0.009999539703130722
angle,1780513917741974254,-0.001555389375425875,0,0.0099995331838727
angle,1780513917775746521,-0.001552774803712964,0,0.009999522939324379
angle,1780513917801512653,-0.001550156972371042,0,0.009999671019613743
angle,1780513917830095410,-0.00154753599781543,0,0.009999259375035763
angle,1780513917863465004,-0.001544911763630807,0,0.009999428875744343
angle,1780513917889537689,-0.001542284386232495,0,0.009999365545809269
angle,1780513917916583942,-0.001539653749205172,0,0.0099992286413908
angle,1780513917944724227,-0.001537019968964159,0,0.009999554604291916
angle,1780513917970870510,-0.001534383045509458,0,0.009999566711485386
angle,1780513918002054040,-0.001531742978841066,0,0.009999414905905724
angle,1780513918029625428,-0.001529099652543664,0,0.009999562054872513
angle,1780513918056557665,-0.001526453299447894,0,0.009999582543969154
angle,1780513918086761767,-0.001523803919553757,0,0.009999778121709824
angle,1780513918114238622,-0.00152115139644593,0,0.00999935157597065
angle,1780513918141617932,-0.001518495846539736,0,0.009999539703130722
angle,1780513918172568758,-0.001515837269835174,0,0.009999227710068226
angle,1780513918209464659,-0.001513175666332245,0,0.009999535046517849
angle,1780513918242928072,-0.00151051115244627,0,0.00999909732490778
angle,1780513918272119971,-0.001507843611761928,0,0.009999231435358524
angle,1780513918299287467,-0.00150517316069454,0,0.00999970268458128
angle,1780513918330664294,-0.001502499682828784,0,0.009999397210776806
angle,1780513918360263933,-0.001499823294579983,0,0.009999306872487068
angle,1780513918389279338,-0.001497143995948136,0,0.009999679401516914
angle,1780513918418372993,-0.001494461786933243,0,0.009999429807066917
angle,1780513918449090446,-0.001491776667535305,0,0.009999464266002178
angle,1780513918481889973,-0.001489088754169643,0,0.009999395348131657
angle,1780513918511300399,-0.001486397930420935,0,0.00999942235648632
angle,1780513918537465910,-0.001483704312704504,0,0.009999656118452549
angle,1780513918565148727,-0.001481007784605026,0,0.009999290108680725
angle,1780513918594629624,-0.001478308462537825,0,0.009999639354646206
angle,1780513918624787690,-0.0014756063465029,0,0.009999646805226803
angle,1780513918653642921,-0.001472901436500251,0,0.00999941024929285
angle,1780513918683278712,-0.0014701938489452,0,0.009999432601034641
angle,1780513918711222005,-0.001467483467422426,0,0.00999953132122755
angle,1780513918741711626,-0.001464770408347249,0,0.009998942725360394
angle,1780513918771922453,-0.00146205467171967,0,0.009999238885939121
angle,1780513918799685947,-0.00145933625753969,0,0.00999947264790535
angle,1780513918830398163,-0.001456615165807307,0,0.00999936368316412
angle,1780513918858126494,-0.001453891396522522,0,0.00999970268458128
angle,1780513918886403776,-0.001451165066100657,0,0.00999939814209938
angle,1780513918917528436,-0.00144843605812639,0,0.009999636560678482
angle,1780513918943623076,-0.001445704372599721,0,0.009999388828873634
angle,1780513918974031260,-0.001442970125935972,0,0.009999509900808334
angle,1780513919002021741,-0.001440233318135142,0,0.009999255649745464
angle,1780513919028545416,-0.001437493949197233,0,0.009999645873904228
angle,1780513919057937775,-0.001434752135537565,0,0.009999202564358711
angle,1780513919179247327,-0.001432007644325495,1,0.009999770671129227
angle,1780513920504268059,0.035173673182725906,0,0.017084460705518723
angle,1780513920532779850,0.03350762277841568,0,0.009999382309615612
angle,1780513920559038691,0.028371263295412064,0,0.009998983703553677
angle,1780513920587465081,0.020892467349767685,0,0.009999468922615051
angle,1780513920617073175,0.01239190436899662,0,0.00999945867806673
angle,1780513920643651090,0.004168418236076832,0,0.009999478235840797
angle,1780513920678831763,-0.002684019273146987,0,0.009999621659517288
angle,1780513920704970257,-0.007404944393783808,0,0.009999358095228672
angle,1780513920738582340,-0.009631599299609661,0,0.009999695234000683
angle,1780513920764389785,-0.00939786434173584,0,0.009999302215874195
angle,1780513920796838953,-0.007077050395309925,0,0.009999629110097885
angle,1780513920825716122,-0.003284533740952611,0,0.00999943632632494
angle,1780513920850032785,0.001240983488969505,0,0.009999356232583523
angle,1780513920874774508,0.005757643841207027,0,0.009999627247452736
angle,1780513920904998276,0.009625048376619816,0,0.00999980978667736
angle,1780513920932136815,0.012380925938487053,0,0.009999355301260948
angle,1780513920958114066,0.013782243244349957,0,0.009999626316130161
angle,1780513920982288260,0.01380988024175167,0,0.00999948475509882
angle,1780513921010190566,0.012641198001801968,0,0.009999478235840797
angle,1780513921034003550,0.01059864740818739,0,0.009999594651162624
angle,1780513921056963322,0.008084852248430252,0,0.009999879635870457
angle,1780513921083680823,0.005515092052519321,0,0.009999844245612621
angle,1780513921110902276,0.003257029689848423,0,0.009999890811741352
angle,1780513921142267845,0.001585221849381924,0,0.009999613277614117
angle,1780513921171070529,0.000654936127830297,0,0.009999636560678482
angle,1780513921198884399,0.000496120424941182,0,0.009999548085033894
angle,1780513921225654573,0.001026008510962129,0,0.009999594651162624
angle,1780513921250068693,0.00207586120814085,0,0.009999810717999935
angle,1780513921279914728,0.003426273353397846,0,0.009999493137001991
angle,1780513921309757021,0.004844897426664829,0,0.009999526664614677
angle,1780513921337388256,0.006120897363871336,0,0.009999378584325314
angle,1780513921362083203,0.007091776002198458,0,0.009999105706810951
angle,1780513921388267989,0.007659834809601307,0,0.009999571368098259
angle,1780513921413833067,0.007797249592840672,0,0.009999405592679977
angle,1780513921441915739,0.007540636695921421,0,0.009999576956033707
angle,1780513921469473401,0.00697723776102066,0,0.009999644011259079
angle,1780513921496356620,0.006225871853530407,0,0.009999270550906658
angle,1780513921521498270,0.005415935534983873,0,0.009999409317970276
angle,1780513921549613568,0.004667742177844048,0,0.009999720379710197
angle,1780513921577264878,0.004076795652508736,0,0.009999423287808895
angle,1780513921605365742,0.00370363611727953,0,0.009999378584325314
angle,1780513921631239265,0.003570009488612413,0,0.00999943632632494
angle,1780513921662608313,0.003660967340692878,0,0.009999608621001244
angle,1780513921689253193,0.003931918647140265,0,0.009999716654419899
angle,1780513921715774117,0.004318864084780216,0,0.00999953132122755
angle,1780513921739627292,0.004750022199004889,0,0.009999768808484077
angle,1780513921763925302,0.00515700550749898,0,0.009999938309192657
angle,1780513921788319156,0.005483991466462612,0,0.009999914094805717
angle,1780513921812650838,0.005693911109119654,0,0.009999888949096203
angle,1780513921836729424,0.005771163385361433,0,0.009999868459999561
angle,1780513921861891147,0.00572093715891242,0,0.00999984610825777
angle,1780513921884698440,0.005565694533288479,0,0.009999874979257584
angle,1780513921907853173,0.005339690484106541,0,0.009999865666031837
angle,1780513921932577389,0.00508256908506155,0,0.00999981164932251
angle,1780513921954378073,0.00483304588124156,0,0.009999792091548443
angle,1780513921982196007,0.004623580258339643,0,0.009999816305935383
angle,1780513922014666942,0.004476637579500675,0,0.009999378584325314
angle,1780513922046222825,0.004402859136462212,0,0.009999385103583336
angle,1780513922083133430,0.004401150159537792,0,0.009998999536037445
angle,1780513922108152352,0.004460403695702553,0,0.00999893806874752
angle,1780513922138302574,0.004562404006719589,0,0.009999350644648075
angle,1780513922165339250,0.004685353953391314,0,0.009999411180615425
angle,1780513922200855731,0.004807417280972004,0,0.009999522008001804
angle,1780513922226343432,0.004909809678792953,0,0.009999224916100502
angle,1780513922254479360,0.004979037214070559,0,0.009999784640967846
angle,1780513922281713002,0.00500808609649539,0,0.009999510832130909
angle,1780513922313018982,0.004996546544134617,0,0.00999957975000143
angle,1780513922339442760,0.004949783906340599,0,0.009999615140259266
angle,1780513922367068003,0.00487741082906723,0,0.009999440982937813
angle,1780513922396370098,0.00479136174544692,0,0.009999538771808147
angle,1780513922424518119,0.004703901708126068,0,0.009999163448810577
angle,1780513922455517019,0.004625849425792694,0,0.009999670088291168
angle,1780513922480286789,0.004565250594168901,0,0.009999408386647701
angle,1780513922504790766,0.004526609554886818,0,0.00999966636300087
angle,1780513922532539545,0.004510735627263784,0,0.009999566711485386
angle,1780513922566078690,0.004515117965638638,0,0.009999530389904976
angle,1780513922596955878,0.004534727428108454,0,0.009999429807066917
angle,1780513922626223265,0.004563061520457268,0,0.009999530389904976
angle,1780513922655112214,0.004593259189277887,0,0.009999469853937626
angle,1780513922687324864,0.004619115963578224,0,0.009999586269259453
angle,1780513922716006981,0.004635869991034269,0,0.009999471716582775
angle,1780513922744089504,0.004640680737793446,0,0.009999465197324753
angle,1780513922769809987,0.004632770549505949,0,0.009998790919780731
angle,1780513922806067411,0.004613260272890329,0,0.009999332949519157
angle,1780513922832941690,0.004584755282849073,0,0.0099994707852602
angle,1780513922859237386,0.004550779238343239,0,0.009999674744904041
angle,1780513922887844259,0.004515156615525484,0,0.009999467991292477
angle,1780513922921439803,0.004481430165469646,0,0.00999896228313446
angle,1780513922948731288,0.004452401772141457,0,0.009999412111938
angle,1780513922982209360,0.004429835826158524,0,0.009999307803809643
angle,1780513923010727195,0.004414348863065243,0,0.009999333880841732
angle,1780513923046092257,0.004405477549880743,0,0.009999517351388931
angle,1780513923074757296,0.0044018873013556,0,0.009999222122132778
angle,1780513923101473239,0.004401679150760174,0,0.009999125264585018
angle,1780513923129725882,0.004402730613946915,0,0.00999949686229229
angle,1780513923164234985,0.004403026774525642,0,0.009999588131904602
angle,1780513923191920672,0.004400928970426321,0,0.009999794885516167
angle,1780513923224891399,0.004395355004817247,0,0.009999479167163372
angle,1780513923263995619,0.004385858308523893,0,0.009999480098485947
angle,1780513923298080970,0.004372605588287115,0,0.009999517351388931
angle,1780513923326932479,0.004356269724667072,0,0.009999400936067104
angle,1780513923356921694,0.004337869118899107,0,0.009999696165323257
angle,1780513923392736944,0.00431857630610466,0,0.009999663569033146
angle,1780513923420534234,0.004299532622098923,0,0.009999643079936504
angle,1780513923451871911,0.004281691741198301,0,0.009999378584325314
angle,1780513923482532225,0.004265711177140474,0,0.009999408386647701
angle,1780513923514837578,0.004251895938068628,0,0.009999925270676613
angle,1780513923542059743,0.004240207374095917,0,0.009999455884099007
angle,1780513923570075614,0.00423031160607934,0,0.009999516420066357
angle,1780513923598869595,0.004221666138619184,0,0.009999400936067104
angle,1780513923632129255,0.004213626496493816,0,0.00999955739825964
angle,1780513923660634114,0.004205548204481602,0,0.009999457746744156
angle,1780513923689263183,0.004196879453957081,0,0.009999372996389866
angle,1780513923718119160,0.004187224898487329,0,0.009999249130487442
angle,1780513923751728679,0.004176382441073656,0,0.009999267756938934
angle,1780513923779545882,0.004164343699812889,0,0.009999264031648636
angle,1780513923808150893,0.004151271190494299,0,0.009999044239521027
angle,1780513923832886347,0.004137450829148293,0,0.009999695234000683
angle,1780513923859038509,0.004123236518353224,0,0.009999497793614864
angle,1780513923883885702,0.004108990076929331,0,0.00999962817877531
angle,1780513923910194749,0.004095029551535845,0,0.009999665431678295
angle,1780513923933764593,0.004081590566784143,0,0.009999738074839115
angle,1780513923960568250,0.00406880397349596,0,0.009999584406614304
angle,1780513923990516914,0.004056691192090511,0,0.009999414905905724
angle,1780513924014307113,0.004045176785439253,0,0.009999777190387249
angle,1780513924038981442,0.004034109879285097,0,0.00999978743493557
angle,1780513924064083888,0.004023298155516386,0,0.009999748319387436
angle,1780513924089579588,0.004012539051473141,0,0.009999687783420086
angle,1780513924123328100,0.004001650493592024,0,0.009999777190387249
angle,1780513924151897907,0.003990492317825556,0,0.009999713860452175
angle,1780513924177731027,0.00397898256778717,0,0.009999429807066917
angle,1780513924204172663,0.003967099357396364,0,0.009999407455325127
angle,1780513924240535636,0.003954877145588398,0,0.009999495930969715
angle,1780513924268915126,0.003942393232136965,0,0.009999551810324192
angle,1780513924294225863,0.003929753322154284,0,0.009999442845582962
angle,1780513924318659606,0.003917069640010595,0,0.0099997753277421
angle,1780513924341752104,0.003904446726664901,0,0.009999595582485199
angle,1780513924365515240,0.00389196677133441,0,0.009999657049775124
angle,1780513924389314044,0.003879680996760726,0,0.009999655187129974
angle,1780513924415382032,0.003867607098072767,0,0.009999768808484077
angle,1780513924440724008,0.003855730872601271,0,0.009999445639550686
angle,1780513924473014820,0.003844012040644884,0,0.009999469853937626
angle,1780513924499639413,0.003832394490018487,0,0.009999092668294907
angle,1780513924523779267,0.00382081582210958,0,0.00999961793422699
angle,1780513924549117967,0.003809216432273388,0,0.009999656118452549
angle,1780513924574677605,0.003797548357397318,0,0.009999831207096577
angle,1780513924603400273,0.003785780165344477,0,0.00999964214861393
angle,1780513924629565491,0.003773899050429463,0,0.009999638423323631
angle,1780513924657285782,0.003761910367757082,0,0.009999857284128666
angle,1780513924685728693,0.003749833907932043,0,0.009999101050198078
angle,1780513924721886160,0.003737700637429953,0,0.0099996542558074
angle,1780513924748759842,0.003725545248016715,0,0.009999522939324379
angle,1780513924774150761,0.003713400801643729,0,0.009999575093388557
angle,1780513924802203799,0.003701295936480165,0,0.009999689646065235
angle,1780513924837879339,0.003689249511808157,0,0.00999950710684061
angle,1780513924865496339,0.003677271073684096,0,0.009999661706387997
angle,1780513924900156178,0.00366535852663219,0,0.009999524801969528
angle,1780513924928995786,0.003653502324596047,0,0.009999413043260574
angle,1780513924963505679,0.003641686169430614,0,0.009999516420066357
angle,1780513924990599691,0.003629890969023108,0,0.00999946054071188
angle,1780513925016193859,0.00361809809692204,0,0.009999353438615799
angle,1780513925047124446,0.003606291022151709,0,0.009999750182032585
angle,1780513925081458419,0.003594458103179932,0,0.009999604895710945
angle,1780513925109020732,0.003582593984901905,0,0.00999921839684248
angle,1780513925136893889,0.003570698201656342,0,0.009999453090131283
angle,1780513925165602065,0.003558776108548045,0,0.009999562054872513
angle,1780513925192666595,0.003546835854649544,0,0.00999954529106617
angle,1780513925219609404,0.003534888383001089,0,0.00999941024929285
angle,1780513925247621397,0.003522944170981646,0,0.00999975111335516
angle,1780513925273974632,0.003511012764647603,0,0.009999340400099754
angle,1780513925301773710,0.003499100683256984,0,0.009999615140259266
angle,1780513925333321097,0.003487212117761374,0,0.009998869150876999
angle,1780513925358883292,0.003475347766652703,0,0.00999970268458128
angle,1780513925385821091,0.003463504835963249,0,0.009999611414968967
angle,1780513925410433701,0.003451679600402713,0,0.009999326430261135
angle,1780513925437560058,0.003439866006374359,0,0.009977966547012329
angle,1780513925466508935,0.003428059397265315,0,0.009999721311032772
angle,1780513925492569709,0.003416255349293351,0,0.009999589994549751
angle,1780513925518605534,0.003404449205845594,0,0.009999211877584457
angle,1780513925542858667,0.003392638172954321,0,0.00999936368316412
angle,1780513925567054439,0.003380820620805025,0,0.009999627247452736
angle,1780513925591212891,0.003368996782228351,0,0.009999713860452175
angle,1780513925614439425,0.00335716875270009,0,0.009999839588999748
angle,1780513925636151785,0.003345339093357325,0,0.009999826550483704
angle,1780513925662948445,0.003333511063829064,0,0.009999806992709637
angle,1780513925688681581,0.003321688156574965,0,0.009999752976000309
angle,1780513925712361409,0.003309873165562749,0,0.009999767877161503
angle,1780513925738613790,0.003298067953437567,0,0.009999766014516354
angle,1780513925760577548,0.003286273451521993,0,0.009999627247452736
angle,1780513925786399367,0.003274490125477314,0,0.009999826550483704
angle,1780513925810613809,0.003262716811150312,0,0.009999832138419151
angle,1780513925834297348,0.00325095234438777,0,0.009999713860452175
angle,1780513925859311224,0.00323919509537518,0,0.009999862872064114
angle,1780513925884952755,0.003227442968636751,0,0.009999756701290607
angle,1780513925913671787,0.003215694567188621,0,0.009999802336096764
angle,1780513925938529538,0.00320394872687757,0,0.009999777190387249
angle,1780513925965647460,0.003192204982042313,0,0.009999468922615051
angle,1780513925991632380,0.003180463099852204,0,0.009999148547649384
angle,1780513926024284796,0.003168723778799176,0,0.00999993272125721
angle,1780513926049041218,0.003156987717375159,0,0.009999592788517475
angle,1780513926080909387,0.003145255846902728,0,0.009999829344451427
angle,1780513926108462684,0.003133529564365745,0,0.009999890811741352
angle,1780513926135360411,0.003121809335425496,0,0.009999455884099007
angle,1780513926162993624,0.003110096091404557,0,0.009999305941164494
angle,1780513926188698163,0.003098390065133572,0,0.009847511537373066
angle,1780513926214813115,0.003086700337007642,0,0.00999931339174509
angle,1780513926240328189,0.00307503342628479,0,0.009999722242355347
angle,1780513926264268572,0.003063384909182787,0,0.009999683126807213
angle,1780513926291532665,0.003051748732104897,0,0.009999710135161877
angle,1780513926326372828,0.003040118375793099,0,0.00999979954212904
angle,1780513926352787321,0.003028488019481301,0,0.009999717585742474
angle,1780513926384039100,0.003016853705048561,0,0.009999371133744717
angle,1780513926409615211,0.003005213104188442,0,0.009999060072004795
angle,1780513926442786149,0.002993565751239657,0,0.009999212808907032
angle,1780513926472296417,0.002981913043186069,0,0.009999404661357403
angle,1780513926501769485,0.002970258006826043,0,0.0099994707852602
angle,1780513926529708405,0.002958604134619236,0,0.009998749010264874
angle,1780513926563254586,0.002946955151855946,0,0.00999955739825964
angle,1780513926590362105,0.002935314550995827,0,0.009999425150454044
angle,1780513926616406667,0.002923685126006603,0,0.009999449364840984
angle,1780513926640718217,0.002912068506702781,0,0.009999590925872326
angle,1780513926670697335,0.002900465158745646,0,0.009999805130064487
angle,1780513926701886459,0.00288887438364327,0,0.009999758563935757
angle,1780513926727530165,0.002877294551581144,0,0.009999793022871017
angle,1780513926755370922,0.002865724032744765,0,0.009999804198741913
angle,1780513926781950683,0.002854160964488983,0,0.009999226778745651
angle,1780513926817344251,0.002842603018507361,0,0.009999928064644337
angle,1780513926844501556,0.002831049263477325,0,0.009999625384807587
angle,1780513926869547130,0.002819498535245657,0,0.009999358095228672
angle,1780513926894920899,0.002807950833812356,0,0.009999285452067852
angle,1780513926929915239,0.002796406392008066,0,0.009999727830290794
angle,1780513926957910164,0.002784865908324718,0,0.009999021887779236
angle,1780513926986395736,0.002773330546915531,0,0.009999473579227924
angle,1780513927015201924,0.002761801471933722,0,0.009999598376452923
angle,1780513927051036238,0.002750279614701867,0,0.0099996542558074
angle,1780513927077003182,0.00273876590654254,0,0.009999832138419151
angle,1780513927102103221,0.002727261278778315,0,0.009999497793614864
angle,1780513927131604526,0.002715765498578548,0,0.009999382309615612
angle,1780513927155976565,0.002704278798773885,0,0.0099992910400033
angle,1780513927181306755,0.002692800713703036,0,0.009999307803809643
angle,1780513927210793738,0.002681330777704716,0,0.009999269619584084
angle,1780513927236327595,0.002669868292286992,0,0.009999525733292103
angle,1780513927264123910,0.002658413024619222,0,0.009999305941164494
angle,1780513927289198343,0.002646964276209474,0,0.009999580681324005
angle,1780513927315681682,0.002635521814227104,0,0.009999343194067478
angle,1780513927342829511,0.00262408540584147,0,0.009999602101743221
angle,1780513927372858614,0.002612655516713858,0,0.009999248199164867
angle,1780513927402598406,0.002601231914013624,0,0.00999961607158184
angle,1780513927427736339,0.002589815063402057,0,0.00999948289245367
angle,1780513927456010753,0.002578405430540442,0,0.00999945867806673
angle,1780513927481219426,0.002567003015428782,0,0.00999950710684061
angle,1780513927511653029,0.002555608749389648,0,0.009999392554163933
angle,1780513927546778025,0.002544222166761756,0,0.009999196976423264
angle,1780513927574576363,0.002532844198867679,0,0.009999452158808708
angle,1780513927599467468,0.002521474380046129,0,0.009998500347137451
angle,1780513927627031486,0.002510112710297108,0,0.009999321773648262
angle,1780513927654691671,0.002498759422451258,0,0.009999237023293972
angle,1780513927682265088,0.002487414050847292,0,0.00999921839684248
angle,1780513927707926635,0.00247607659548521,0,0.009999538771808147
angle,1780513927741111884,0.002464747056365013,0,0.009999290108680725
angle,1780513927767559811,0.002453424967825413,0,0.009999467059969902
angle,1780513927798197941,0.002442110562697053,0,0.009999369271099567
angle,1780513927825884749,0.002430803375318646,0,0.009999336674809456
angle,1780513927851054006,0.00241950387135148,0,0.009999643079936504
angle,1780513927880731135,0.002408212050795555,0,0.009999444708228111
angle,1780513927907865497,0.00239692791365087,0,0.009999504312872887
angle,1780513927933455527,0.00238565169274807,0,0.009999491274356842
angle,1780513927961280662,0.002374383620917797,0,0.009999368339776993
angle,1780513927987545249,0.002363123930990696,0,0.009999110363423824
angle,1780513928015813757,0.00235187285579741,0,0.009999342262744904
angle,1780513928041849069,0.002340630162507296,0,0.00999950896948576
angle,1780513928070955920,0.002329396083950996,0,0.009999624453485012
angle,1780513928101143650,0.002318170387297869,0,0.00999964214861393
angle,1780513928131119784,0.002306953072547913,0,0.009999601170420647
angle,1780513928158087255,0.002295744139701128,0,0.009999957866966724
angle,1780513928184012847,0.002284543821588159,0,0.009999551810324192
angle,1780513928217527605,0.002273351419717073,0,0.009999559260904789
angle,1780513928245265696,0.002262167632579803,0,0.009999731555581093
angle,1780513928282265305,0.002250992227345705,0,0.009999524801969528
angle,1780513928317011881,0.002239824971184134,0,0.009999450296163559
angle,1780513928346928335,0.002228666329756379,0,0.009999172762036324
angle,1780513928378158661,0.002217516070231795,0,0.00999948475509882
angle,1780513928402904372,0.002206374891102314,0,0.00999926682561636
angle,1780513928429138647,0.002195242093876004,0,0.009999512694776058
angle,1780513928463960540,0.002184118609875441,0,0.009999425150454044
angle,1780513928494376779,0.002173003740608692,0,0.009999612346291542
angle,1780513928519219300,0.002161897951737046,0,0.009999381378293037
angle,1780513928548540062,0.002150801010429859,0,0.009999344125390053
angle,1780513928580990711,0.002139713149517775,0,0.00999927707016468
angle,1780513928611910538,0.002128633903339505,0,0.009999516420066357
angle,1780513928639673545,0.002117563737556338,0,0.009999360889196396
angle,1780513928666475200,0.002106502652168274,0,0.009999246336519718
angle,1780513928698656565,0.002095450181514025,0,0.009999304078519344
angle,1780513928730907645,0.002084407024085522,0,0.009999336674809456
angle,1780513928757854187,0.002073372714221478,0,0.009999675676226616
angle,1780513928787811896,0.002062347484752536,0,0.009999272413551807
angle,1780513928821648895,0.002051331335678697,0,0.00999950710684061
angle,1780513928848091504,0.002040324499830604,0,0.009999281726777554
angle,1780513928874227611,0.002029326744377613,0,0.009999467059969902
angle,1780513928905550784,0.002018338302150369,0,0.009999502450227737
angle,1780513928937937694,0.002007358940318227,0,0.009999580681324005
angle,1780513928967375212,0.001996389124542475,0,0.00999942421913147
angle,1780513928996754743,0.001985428621992469,0,0.009999394416809082
angle,1780513929024037350,0.001974477432668209,0,0.009999631904065609
angle,1780513929059572958,0.001963535556569695,0,0.009999599307775497
angle,1780513929089407085,0.001952603575773537,0,0.009998921304941177
angle,1780513929115519489,0.001941680908203125,0,0.00999961607158184
angle,1780513929144554455,0.001930767553858459,0,0.009999619796872139
angle,1780513929176847385,0.001919863861985505,0,0.00999953132122755
angle,1780513929205957138,0.00190896971616894,0,0.0099993497133255
angle,1780513929231710798,0.001898085349239409,0,0.009999571368098259
angle,1780513929259524409,0.001887210528366268,0,0.009999340400099754
angle,1780513929291065753,0.00187634548638016,0,0.009998966008424759
angle,1780513929323561808,0.001865489990450442,0,0.009999738074839115
angle,1780513929350398016,0.001854644273407757,0,0.009999657049775124
angle,1780513929374865299,0.001843808218836784,0,0.009999782778322697
angle,1780513929409733374,0.001832981943152845,0,0.009999741800129414
angle,1780513929439478186,0.001822165446355939,0,0.009999347850680351
angle,1780513929466620845,0.001811358844861388,0,0.009998949244618416
angle,1780513929494774016,0.001800562022253871,0,0.009999517351388931
angle,1780513929530299818,0.001789775327779353,0,0.009999509900808334
angle,1780513929561473058,0.001778998645022511,0,0.00999940000474453
angle,1780513929588840204,0.001768232090398669,0,0.009999198839068413
angle,1780513929618946510,0.001757475547492504,0,0.00999953132122755
angle,1780513929652265419,0.001746728899888694,0,0.00999958161264658
angle,1780513929681693166,0.001735992496833205,0,0.009998881258070469
angle,1780513929707889405,0.001725266454741359,0,0.009999547153711319
angle,1780513929735460422,0.001714550424367189,0,0.009999454021453857
angle,1780513929770811384,0.001703844638541341,0,0.00999896228313446
angle,1780513929800204063,0.001693149097263813,0,0.009999381378293037
angle,1780513929828785521,0.001682393834926188,0,0.010064731352031231
angle,1780513929857871191,0.001671718549914658,0,0.009999535977840424
angle,1780513929892673037,0.001661053276620805,0,0.00999960396438837
angle,1780513929920187272,0.001650398713536561,0,0.00999941024929285
angle,1780513929950901226,0.001639754395000637,0,0.00999930128455162
angle,1780513929977531035,0.001629120553843677,0,0.009998572058975697
angle,1780513930012216415,0.001618497306481004,0,0.009998664259910583
angle,1780513930039133751,0.001607884420081973,0,0.009999299421906471
angle,1780513930067253421,0.001597282360307872,0,0.009999592788517475
angle,1780513930093025834,0.001586690894328058,0,0.009999708272516727
angle,1780513930118601700,0.001576109905727208,0,0.009999590925872326
angle,1780513930147303773,0.001565539510920644,0,0.0099995918571949
angle,1780513930175112071,0.001554979709908366,0,0.009999549016356468
angle,1780513930200094545,0.001544430037029088,0,0.009999747388064861
angle,1780513930228741561,0.001533891074359417,0,0.009999576956033707
angle,1780513930265061245,0.001523362705484033,0,0.009999413043260574
angle,1780513930291945712,0.001512844813987613,0,0.009999462403357029
angle,1780513930321797066,0.001502337632700801,0,0.009999033063650131
angle,1780513930352014257,0.001491841045208275,0,0.009999656118452549
angle,1780513930385007807,0.001481355633586645,0,0.00999937392771244
angle,1780513930413109882,0.001470880815759301,0,0.009999305009841919
angle,1780513930441965442,0.001460417290218174,0,0.009999167174100876
angle,1780513930468641053,0.001449942123144865,0,0.01002122275531292
angle,1780513930504273157,0.001439500832930207,0,0.009999041445553303
angle,1780513930547817633,0.0014151765499264,0,0.02328759804368019
angle,1780513930577574597,0.001404688809998333,0,0.009999258443713188
angle,1780513930614958380,0.001394220045767725,0,0.009999451227486134
angle,1780513930646359327,0.001383759197779,0,0.010018986649811268
angle,1780513930679314110,0.001373353647068143,0,0.009999391622841358
angle,1780513930706367516,0.001362984417937696,0,0.00999924261122942
angle,1780513930739518076,0.001352649531327188,0,0.009999378584325314
angle,1780513930766953742,0.001342343748547137,0,0.009999016299843788
angle,1780513930792371994,0.001332060433924198,0,0.009999560192227364
angle,1780513930819555486,0.001321791904047132,0,0.009999439120292664
angle,1780513930856749953,0.001311531290411949,0,0.009999455884099007
angle,1780513930884990761,0.001301272539421916,0,0.009999037720263004
angle,1780513930913152085,0.001291012507863343,0,0.009999360889196396
angle,1780513930943974785,0.001280749798752367,0,0.00999941024929285
angle,1780513930975986182,0.001270485226996243,0,0.009999562986195087
angle,1780513931005600813,0.001260221586562693,0,0.00999964214861393
angle,1780513931032238627,0.001249962369911373,0,0.009999253787100315
angle,1780513931061547880,0.001239712117239833,0,0.009999293833971024
angle,1780513931091230499,0.00122947443742305,0,0.00999924074858427
angle,1780513931115126547,0.001219252939336002,0,0.009999517351388931
angle,1780513931143517684,0.001209049834869802,0,0.009999856352806091
angle,1780513931169784418,0.001198865938931704,0,0.009999857284128666
angle,1780513931197936528,0.001188701135106385,0,0.009999819099903107
angle,1780513931221865106,0.001178554026409984,0,0.00999976322054863
angle,1780513931255830987,0.001168422633782029,0,0.009999818168580532
angle,1780513931281605323,0.001158304628916085,0,0.009999758563935757
angle,1780513931307916812,0.001148197916336358,0,0.009999822825193405
angle,1780513931338915450,0.001138100400567055,0,0.00999984610825777
angle,1780513931374810865,0.00112801103387028,0,0.009999861009418964
angle,1780513931399684466,0.001117929117754102,0,0.009999489411711693
angle,1780513931425883762,0.001107855001464486,0,0.009999001398682594
angle,1780513931462885193,0.001097789034247398,0,0.009999625384807587
angle,1780513931498202973,0.001087732845917344,0,0.009999509900808334
angle,1780513931531226320,0.00107768748421222,0,0.00999969057738781
angle,1780513931558332433,0.001067654113285244,0,0.009999466128647327
angle,1780513931587593879,0.001057633897289634,0,0.009999493137001991
angle,1780513931618216268,0.001047627418302,0,0.009999586269259453
angle,1780513931649381325,0.00103763525839895,0,0.009999540634453297
angle,1780513931677207488,0.001027657417580485,0,0.009999681264162064
angle,1780513931708850570,0.00101769354660064,0,0.009999651461839676
angle,1780513931744379661,0.001007743179798126,0,0.009999527595937252
angle,1780513931778212225,0.000997805735096335,0,0.009999459609389305
angle,1780513931811205002,0.000987880397588015,0,0.009999891743063927
angle,1780513931842164495,0.000977966585196555,0,0.00999936368316412
angle,1780513931869393922,0.000968063715845346,0,0.009999632835388184
angle,1780513931903677407,0.000958171614911407,0,0.009999824687838554
angle,1780513931939082068,0.000948290573433042,0,0.009999481961131096
angle,1780513931975856513,0.000938420707825571,0,0.009999300353229046
angle,1780513932009890073,0.00092856225091964,0,0.009999468922615051
angle,1780513932036853091,0.000918715784791857,0,0.009999261237680912
angle,1780513932063100776,0.000908881309442222,0,0.009999752976000309
angle,1780513932095209320,0.000899059639777988,0,0.00999956764280796
angle,1780513932120312112,0.000889250950422138,0,0.009999137371778488
angle,1780513932150550600,0.000879455415997654,0,0.009999374859035015
angle,1780513932179166030,0.000869672803673893,0,0.009999479167163372
angle,1780513932206105869,0.00085990340448916,0,0.00999938789755106
angle,1780513932235399054,0.000850146810989827,0,0.00999946054071188
angle,1780513932262315695,0.000840402906760573,0,0.009999824687838554
angle,1780513932288220436,0.000830671517178416,0,0.009999467059969902
angle,1780513932323906740,0.000820952584035695,0,0.009999551810324192
angle,1780513932351896916,0.000811245874501765,0,0.009999401867389679
angle,1780513932383974280,0.000801551272161305,0,0.00999895203858614
angle,1780513932411923027,0.000791868893429637,0,0.009999669156968594
angle,1780513932445577960,0.000782198738306761,0,0.009999357163906097
angle,1780513932474758369,0.000772540806792676,0,0.009999267756938934
angle,1780513932508511680,0.000762895564548671,0,0.009999738074839115
angle,1780513932536902724,0.000753262836951762,0,0.00999897439032793
angle,1780513932563738156,0.000743642740417272,0,0.009999562054872513
angle,1780513932595102864,0.000734035740606487,0,0.009999419562518597
angle,1780513932625307764,0.000724441721104085,0,0.009999465197324753
angle,1780513932651648868,0.000714860507287085,0,0.009999491274356842
angle,1780513932683467527,0.000705292273778468,0,0.009999644011259079
angle,1780513932710683392,0.000695737195201218,0,0.009999179281294346
angle,1780513932742837473,0.000686194805894047,0,0.009999589994549751
angle,1780513932769891392,0.000676665280479938,0,0.009999305009841919
angle,1780513932806731727,0.000667148677166551,0,0.009999455884099007
angle,1780513932835098548,0.000657644646707922,0,0.009999382309615612
angle,1780513932861930223,0.000648153654765338,0,0.009999455884099007
angle,1780513932887819046,0.000638675352092832,0,0.009999100118875504
angle,1780513932915738004,0.00062920997152105,0,0.009999587200582027
angle,1780513932938657230,0.000619757571257651,0,0.009999641217291355
angle,1780513932970651125,0.000610318093094975,0,0.00999957975000143
angle,1780513932998019656,0.000600891537033021,0,0.009999553672969341
angle,1780513933022475161,0.000591477961279452,0,0.009999520145356655
angle,1780513933046132614,0.000582077133003622,0,0.009999486617743969
angle,1780513933070061186,0.000572689692489803,0,0.009999534115195274
angle,1780513933105390335,0.000563315174076706,0,0.009999684989452362
angle,1780513933134451362,0.000553953868802637,0,0.009999399073421955
angle,1780513933162271321,0.000544605776667595,0,0.009999092668294907
angle,1780513933194771813,0.000535270955879241,0,0.009999427013099194
angle,1780513933219846169,0.000525949522852898,0,0.009999440051615238
angle,1780513933250646781,0.000516641244757921,0,0.009999571368098259
angle,1780513933285102521,0.000507346238009632,0,0.009998992085456848
angle,1780513933317035096,0.000498064502608031,0,0.009999693371355534
angle,1780513933353611603,0.000488796038553119,0,0.009999694302678108
angle,1780513933390477098,0.000479540787637234,0,0.009999673813581467
angle,1780513933421356295,0.000470298662548885,0,0.009999237023293972
angle,1780513933451373232,0.000461069692391902,0,0.00999938603490591
angle,1780513933483761932,0.000451854051789269,0,0.009999634698033333
angle,1780513933520080512,0.000442651828052476,0,0.009999175556004047
angle,1780513933552235275,0.000433462817454711,0,0.009999571368098259
angle,1780513933579853917,0.000424287311034277,0,0.009998869150876999
angle,1780513933605521164,0.000415125192375854,0,0.009999495930969715
angle,1780513933637473025,0.000405976665206254,0,0.009999360889196396
angle,1780513933672754624,0.000396841525798663,0,0.009999439120292664
angle,1780513933710480281,0.000387720065191388,0,0.009999594651162624
angle,1780513933738962671,0.000378612021449953,0,0.009999076835811138
angle,1780513933766966157,0.000369517627405003,0,0.00999938603490591
angle,1780513933799457914,0.000360436679329723,0,0.009999439120292664
angle,1780513933835592682,0.000351369206327945,0,0.009999248199164867
angle,1780513933872278168,0.000342315383022651,0,0.009999399073421955
angle,1780513933898482899,0.000333274947479367,0,0.009999463334679604
angle,1780513933928222618,0.000324248132528737,0,0.009999279864132404
angle,1780513933964298182,0.000315234588924795,0,0.009999850764870644
angle,1780513933996504230,0.000306234782328829,0,0.009999316185712814
angle,1780513934030000759,0.000297248654533178,0,0.009999201633036137
angle,1780513934061241201,0.00028827614733018,0,0.009999457746744156
angle,1780513934088323894,0.000279317435342818,0,0.009999397210776806
angle,1780513934121288185,0.000270372431259602,0,0.00999960582703352
angle,1780513934147730723,0.000261441280599684,0,0.009999450296163559
angle,1780513934180274025,0.000252523925155401,0,0.009999407455325127
angle,1780513934207481046,0.000243620204855688,0,0.009999653324484825
angle,1780513934243062680,0.000234730163356289,0,0.00999945867806673
angle,1780513934269714353,0.000225853931624442,0,0.009999510832130909
angle,1780513934305529033,0.000216991567867808,0,0.009999452158808708
angle,1780513934335527145,0.000208142984774895,0,0.00999937392771244
angle,1780513934364900579,0.000199308080482297,0,0.009999563917517662
angle,1780513934390748098,0.000190487175132148,0,0.009999419562518597
angle,1780513934422092318,0.000181680050445721,0,0.00999950896948576
angle,1780513934451314507,0.000172886895597912,0,0.00999939814209938
angle,1780513934485855791,0.000164107390446588,0,0.00999952107667923
angle,1780513934511901546,0.000155342000653036,0,0.009999576956033707
angle,1780513934544062257,0.000146590624353848,0,0.009999513626098633
angle,1780513934571276376,0.000137853276100941,0,0.00999928917735815
angle,1780513934607734660,0.000129129883134738,0,0.00999948289245367
angle,1780513934636465342,0.000120420547318645,0,0.009999190457165241
angle,1780513934663949417,0.000111725239548832,0,0.009999113157391548
angle,1780513934690502761,0.00010304380703019,0,0.009999711997807026
angle,1780513934725939455,0.000094376489869319,0,0.009999395348131657
angle,1780513934754346183,0.000085723149823025,0,0.009999631904065609
angle,1780513934785643547,0.000077084048825782,0,0.009999354369938374
angle,1780513934818802717,0.000068458750320133,0,0.009999693371355534
angle,1780513934848515504,0.000059847770899069,0,0.009999316185712814
angle,1780513934876148158,0.000051250786782475,0,0.009998609311878681
angle,1780513934906223506,0.000042667885281844,0,0.00999911967664957
angle,1780513934930861193,0.000034099171898561,0,0.009999585337936878
angle,1780513934963822051,0.000025544743039063,0,0.009999742731451988
angle,1780513934992877035,0.00001700463508314,0,0.009999564848840237
angle,1780513935023467527,0.000008478556082991,0,0.009999614208936691
angle,1780513935052529046,-3.3273082067e-8,0,0.009999478235840797
angle,1780513935082595120,-0.000008530939339835,0,0.009999220259487629
angle,1780513935112455622,-0.0000170145467564,0,0.009999619796872139
angle,1780513935145478257,-0.000025483948775218,0,0.009999413974583149
angle,1780513935180502646,-0.000033939264540095,0,0.009999409317970276
angle,1780513935214371037,-0.000042380117520224,0,0.00999950896948576
angle,1780513935240287330,-0.00005080664777779,0,0.009999338537454605
angle,1780513935268359566,-0.000059218826208962,0,0.009999299421906471
angle,1780513935304003714,-0.000067616580054164,0,0.00999928917735815
angle,1780513935337226366,-0.000076000142144039,0,0.009999686852097511
angle,1780513935370270780,-0.000084369159594644,0,0.009999378584325314
angle,1780513935398647349,-0.000092723763373215,0,0.009999608621001244
angle,1780513935429213001,-0.000101064011687413,0,0.009999306872487068
angle,1780513935465770794,-0.000109389904537238,0,0.009999117814004421
angle,1780513935498530495,-0.00011770138371503,0,0.009999504312872887
angle,1780513935529803325,-0.000125998471048661,0,0.009999270550906658
angle,1780513935557979157,-0.000134281217469834,0,0.009999779053032398
angle,1780513935585132529,-0.000142549484735355,0,0.009999722242355347
angle,1780513935618650268,-0.000150803418364376,0,0.009999810717999935
angle,1780513935651640243,-0.000159042945597321,0,0.009999609552323818
angle,1780513935681266812,-0.000167268037330359,0,0.009999291971325874
angle,1780513935712899303,-0.000175478795426898,0,0.009999150410294533
angle,1780513935742484663,-0.000183675030712038,0,0.00999948289245367
angle,1780513935776693721,-0.000191856612218544,0,0.009999359026551247
angle,1780513935810178974,-0.000200023569050245,0,0.00999960582703352
angle,1780513935838919359,-0.000208175712032244,0,0.009998910129070282
angle,1780513935865126815,-0.000216313172131777,0,0.009999385103583336
angle,1780513935897471808,-0.00022443596390076,0,0.009999486617743969
angle,1780513935932150733,-0.000232544203754514,0,0.009999233298003674
angle,1780513935961926966,-0.000240637760725804,0,0.009998607449233532
angle,1780513935990947672,-0.000248716678470373,0,0.009998795576393604
angle,1780513936021941566,-0.000256781000643969,0,0.009999510832130909
angle,1780513936060775059,-0.000264830596279353,0,0.00999869778752327
angle,1780513936092702191,-0.000272865610895678,0,0.009999490343034267
angle,1780513936120672738,-0.000280885928077623,0,0.00999878253787756
angle,1780513936149143058,-0.00028889172244817,0,0.009999332018196583
angle,1780513936175632884,-0.000296882790280506,0,0.009999780915677547
angle,1780513936202567700,-0.000304859247989953,0,0.00999978743493557
angle,1780513936227929507,-0.00031282109557651,0,0.009999820962548256
angle,1780513936260719102,-0.000320768420351669,0,0.009999859146773815
angle,1780513936286926328,-0.000328701222315431,0,0.009999897330999374
angle,1780513936315911084,-0.000336619472363964,0,0.00999993085861206
angle,1780513936343852116,-0.000344523083185777,0,0.00999984610825777
angle,1780513936374914258,-0.000352411967469379,0,0.009999798610806465
angle,1780513936400956450,-0.00036028609611094,0,0.009999865666031837
angle,1780513936438955376,-0.000368145469110459,0,0.009999673813581467
angle,1780513936471033203,-0.000375990057364106,0,0.009999471716582775
angle,1780513936503573814,-0.000383819657145068,0,0.009999511763453484
angle,1780513936531196592,-0.000391634122934192,0,0.009999330155551434
angle,1780513936563012386,-0.000399433600250632,0,0.009999478235840797
angle,1780513936591807991,-0.000407218001782894,0,0.00999924074858427
angle,1780513936644369977,-0.000414987443946302,0,0.00999950710684061
angle,1780513936679553598,-0.000422741897637025,0,0.009999169036746025
angle,1780513936709138904,-0.000430481479270384,0,0.009999639354646206
angle,1780513936749190188,-0.000438206159742549,0,0.009999571368098259
angle,1780513936778815372,-0.000445916026365012,0,0.009999696165323257
angle,1780513936806067288,-0.000453611079137772,0,0.009999568574130535
angle,1780513936832565591,-0.000461291347164661,0,0.009999428875744343
angle,1780513936866060014,-0.000468956946860999,0,0.009999378584325314
angle,1780513936893924093,-0.000476607587188482,0,0.009999356232583523
angle,1780513936924157410,-0.000484243384562433,0,0.009999276138842106
angle,1780513936951192996,-0.000491864222567528,0,0.009999300353229046
angle,1780513936985085895,-0.000499469984788448,0,0.00999909546226263
angle,1780513937015012439,-0.000507060787640512,0,0.009999535046517849
angle,1780513937041902865,-0.0005146365147084,0,0.009999561123549938
angle,1780513937068029507,-0.00052219710778445,0,0.009999636560678482
angle,1780513937102289355,-0.000529742625076324,0,0.00999955739825964
angle,1780513937131125419,-0.000537273124791682,0,0.009999320842325687
angle,1780513937158878039,-0.000544788490515202,0,0.009999287314713001
angle,1780513937186301691,-0.00055228901328519,0,0.0099995918571949
angle,1780513937211192595,-0.000559774518478662,0,0.009999477304518223
angle,1780513937239948499,-0.000567244947887957,0,0.009999066591262817
angle,1780513937267469011,-0.000574700301513076,0,0.009999405592679977
angle,1780513937290922926,-0.000582140579354018,0,0.00999971479177475
angle,1780513937318339103,-0.000589565839618444,0,0.009999620728194714
angle,1780513937344823576,-0.000596976024098694,0,0.009999655187129974
angle,1780513937370350313,-0.000604371249210089,0,0.009999665431678295
angle,1780513937402954656,-0.00061175151495263,0,0.00999949499964714
angle,1780513937430888876,-0.000619116704910994,0,0.009999250061810017
angle,1780513937457346354,-0.00062646676087752,0,0.009999589063227177
angle,1780513937484591977,-0.000633801508229226,0,0.009999391622841358
angle,1780513937519815364,-0.000641121005173773,0,0.009999316185712814
angle,1780513937548513289,-0.000648425309918821,0,0.009999399073421955
angle,1780513937579236721,-0.000655714422464371,0,0.009999333880841732
angle,1780513937607577811,-0.000662988284602761,0,0.009999213740229607
angle,1780513937640144901,-0.000670247012749314,0,0.00999933760613203
angle,1780513937668599960,-0.000677490490488708,0,0.009999524801969528
angle,1780513937695812588,-0.000684718892443925,0,0.009999671019613743
angle,1780513937721864438,-0.000691932102199644,0,0.009999292902648449
angle,1780513937754191123,-0.000699130177963525,0,0.009999151341617107
angle,1780513937780104312,-0.000706313003320247,0,0.00999968871474266
angle,1780513937805812882,-0.00071348063647747,0,0.009999032132327557
angle,1780513937830909885,-0.000720633019227535,0,0.009999667294323444
angle,1780513937855808831,-0.000727770151570439,0,0.009999572299420834
angle,1780513937880768540,-0.000734892149921507,0,0.009999746456742287
angle,1780513937903190364,-0.000741998897865415,0,0.009999649599194527
angle,1780513937930393660,-0.000749090511817485,0,0.009999723173677921
angle,1780513937955692630,-0.000756166933570057,0,0.009999696165323257
angle,1780513937990871366,-0.000763228163123131,0,0.009999674744904041
angle,1780513938017750699,-0.000770274258684367,0,0.00999938603490591
angle,1780513938046578493,-0.000777304987423122,0,0.009999235160648823
angle,1780513938072475665,-0.000784320407547057,0,0.00999946054071188
angle,1780513938100541305,-0.000791320344433188,0,0.009999312460422516
angle,1780513938128849696,-0.000798304914496839,0,0.009999500587582588
angle,1780513938162102238,-0.000805274117738008,0,0.00999936368316412
angle,1780513938190174547,-0.000812227895949036,0,0.00999944843351841
angle,1780513938220084685,-0.000819166307337582,0,0.009999002330005169
angle,1780513938249094323,-0.000826089410111308,0,0.009999148547649384
angle,1780513938282205842,-0.000832997146062553,0,0.009999612346291542
angle,1780513938310852138,-0.000839889398775995,0,0.009999584406614304
angle,1780513938338142550,-0.000846766342874616,0,0.009999452158808708
angle,1780513938367924721,-0.0008536281529814,0,0.009999701753258705
angle,1780513938398164628,-0.000860474596265703,0,0.009999571368098259
angle,1780513938430904059,-0.000867305905558169,0,0.00999972689896822
angle,1780513938461747499,-0.000874121906235814,0,0.009999459609389305
angle,1780513938492918786,-0.000880922714713961,0,0.00999945867806673
angle,1780513938521315663,-0.000887708214577287,0,0.009999394416809082
angle,1780513938549299128,-0.000894478289410472,0,0.009999427013099194
angle,1780513938577598837,-0.000901232764590532,0,0.00999946054071188
angle,1780513938608478169,-0.00090797187294811,0,0.009999550879001617
angle,1780513938636527149,-0.000914695381652564,0,0.009999185800552368
angle,1780513938663538355,-0.000921403465326875,0,0.009999310597777367
angle,1780513938693318262,-0.000928096123971045,0,0.009999457746744156
angle,1780513938724225795,-0.000934773474000394,0,0.009999669156968594
angle,1780513938749978006,-0.000941435166168958,0,0.00999950710684061
angle,1780513938785720002,-0.000948081375099719,0,0.009999321773648262
angle,1780513938810983167,-0.00095471233362332,0,0.009999497793614864
angle,1780513938843699843,-0.000961327750701457,0,0.009999442845582962
angle,1780513938872084065,-0.000967927917372435,0,0.0099994707852602
angle,1780513938904091612,-0.00097451254259795,0,0.009998975321650505
angle,1780513938931211314,-0.000981081975623965,0,0.009999618865549564
angle,1780513938966354394,-0.000987635808996856,0,0.009999473579227924
angle,1780513938992111897,-0.000994174275547266,0,0.009999357163906097
angle,1780513939024746710,-0.001000697258859873,0,0.009999283589422703
angle,1780513939053366275,-0.001007204758934677,0,0.009999138303101063
angle,1780513939084215387,-0.001013696775771677,0,0.00999916810542345
angle,1780513939112675187,-0.001020173309370875,0,0.009999353438615799
angle,1780513939142281122,-0.001026634126901627,0,0.009999439120292664
angle,1780513939168853299,-0.001033079461194575,0,0.009999394416809082
angle,1780513939204460853,-0.001039509428665042,0,0.009999565780162811
angle,1780513939232101859,-0.001045923796482384,0,0.009999161586165428
angle,1780513939262798630,-0.001052322913892567,0,0.009999343194067478
angle,1780513939288021561,-0.001058706431649625,0,0.009999782778322697
angle,1780513939329188418,-0.00106507446616888,0,0.009999730624258518
angle,1780513939354310181,-0.001071427017450333,0,0.009999438188970089
angle,1780513939382155234,-0.001077764201909304,0,0.009999655187129974
angle,1780513939411527910,-0.001084086019545794,0,0.009999504312872887
angle,1780513939441867906,-0.001090392237529159,0,0.00999957975000143
angle,1780513939470997741,-0.001096683088690042,0,0.009999670088291168
angle,1780513939505309718,-0.001102958456613123,0,0.00999937392771244
angle,1780513939532713176,-0.001109218341298401,0,0.009999430738389492
angle,1780513939568933559,-0.001115462509915233,0,0.009999753907322884
angle,1780513939597157421,-0.001121691195294261,0,0.009999513626098633
angle,1780513939629074615,-0.001127904281020164,0,0.009999205358326435
angle,1780513939657530933,-0.001134101767092943,0,0.009999452158808708
angle,1780513939684673584,-0.001140283653512597,0,0.009999190457165241
angle,1780513939713373096,-0.001146449940279126,0,0.009999274276196957
angle,1780513939745285334,-0.00115260062739253,0,0.009999564848840237
angle,1780513939772994985,-0.001158735831268132,0,0.009999639354646206
angle,1780513939808681963,-0.001164855435490608,0,0.009999625384807587
angle,1780513939837586828,-0.001170959323644638,0,0.009999245405197144
angle,1780513939865171653,-0.001177047961391509,0,0.009999170899391174
angle,1780513939893304324,-0.001183120999485254,0,0.009999213740229607
angle,1780513939924712043,-0.001189178554341197,0,0.009999163448810577
angle,1780513939955076756,-0.001195220625959337,0,0.009999478235840797
angle,1780513939986943138,-0.001201247097924352,0,0.009999318979680538
angle,1780513940011029117,-0.00120725785382092,0,0.009999825619161129
angle,1780513940040294632,-0.001213253126479685,0,0.009999524801969528
angle,1780513940068815693,-0.001219232915900648,0,0.009999767877161503
angle,1780513940104012331,-0.001225197222083807,0,0.009999248199164867
angle,1780513940137358288,-0.001231145928613842,0,0.009999326430261135
angle,1780513940169960759,-0.001237079151906073,0,0.009999342262744904
angle,1780513940197348925,-0.001242996891960502,0,0.009999750182032585
angle,1780513940225956936,-0.001248899032361805,0,0.009999520145356655
angle,1780513940256086267,-0.001254785456694663,0,0.009999305941164494
angle,1780513940283650914,-0.001260656397789717,0,0.009999265894293785
angle,1780513940314056744,-0.001266511739231646,0,0.00999948289245367
angle,1780513940346126211,-0.001272351364605129,0,0.00999932736158371
angle,1780513940371951176,-0.001278175273910165,0,0.009999592788517475
angle,1780513940405404782,-0.00128398381639272,0,0.00999941024929285
angle,1780513940437591374,-0.001289776642806828,0,0.009999452158808708
angle,1780513940466749819,-0.001295553869567811,0,0.009999283589422703
angle,1780513940493396143,-0.001301315613090992,0,0.009999388828873634
angle,1780513940522776524,-0.001307061756961048,0,0.009999381378293037
angle,1780513940551298654,-0.0013127924175933,0,0.009998999536037445
angle,1780513940587923460,-0.001318507478572428,0,0.009999440051615238
angle,1780513940616228520,-0.001324207056313753,0,0.00999946054071188
angle,1780513940644308477,-0.001329890917986631,0,0.009999561123549938
angle,1780513940675197069,-0.001335559296421707,0,0.009999407455325127
angle,1780513940704126955,-0.001341212075203657,0,0.009999423287808895
angle,1780513940732852460,-0.001346849370747805,0,0.00999950896948576
angle,1780513940765558100,-0.001352470950223505,0,0.009999479167163372
angle,1780513940793070158,-0.001358077046461403,0,0.009999493137001991
angle,1780513940825744360,-0.001363667543046176,0,0.009999381378293037
angle,1780513940853476871,-0.001369242323562503,0,0.009998989291489124
angle,1780513940883598351,-0.001374801620841026,0,0.009999338537454605
angle,1780513940912389197,-0.001380345202051103,0,0.009999416768550873
angle,1780513940945777145,-0.001385873300023377,0,0.00999947264790535
angle,1780513940974093848,-0.001391385681927204,0,0.009999243542551994
angle,1780513941007906546,-0.001396882580593228,0,0.009999377653002739
angle,1780513941033389196,-0.001402363763190806,0,0.009999267756938934
angle,1780513941066535681,-0.001407829462550581,0,0.009999118745326996
angle,1780513941092367963,-0.00141327956225723,0,0.009999371133744717
angle,1780513941129120828,-0.001418714178726077,0,0.009999413974583149
angle,1780513941157201421,-0.001424133195541799,0,0.00999931525439024
angle,1780513941185022242,-0.001429536729119718,0,0.009999495930969715
angle,1780513941210768082,-0.001434924663044512,0,0.009999248199164867
angle,1780513941240861779,-0.001440297113731503,0,0.009999367408454418
angle,1780513941276844107,-0.00144565396476537,0,0.00999985821545124
angle,1780513941301811459,-0.001450995216146111,0,0.009999747388064861
angle,1780513941332063357,-0.00145632098428905,0,0.009999819099903107
angle,1780513941361202613,-0.001461631269194186,0,0.009999807924032211
angle,1780513941392622355,-0.001466925954446197,0,0.00999979954212904
angle,1780513941425773010,-0.001472205272875726,0,0.00999930314719677
angle,1780513941455925771,-0.001477469108067453,0,0.00999968871474266
angle,1780513941486944763,-0.001482717343606055,0,0.009999419562518597
angle,1780513941513101014,-0.00148794986307621,0,0.009999275207519531
angle,1780513941544455963,-0.001493166899308562,0,0.00999968871474266
angle,1780513941577559160,-0.001498368103057146,0,0.009999263100326061
angle,1780513941604290724,-0.001503553590737283,0,0.009999174624681473
angle,1780513941636860656,-0.001508723595179617,0,0.009999575093388557
angle,1780513941669800143,-0.001513877883553505,0,0.009999606758356094
angle,1780513941699227384,-0.00151901668868959,0,0.009999634698033333
angle,1780513941729984602,-0.001524140010587871,0,0.009999452158808708
angle,1780513941771517319,-0.001529247732833028,0,0.009998935274779797
angle,1780513941804134820,-0.001534340204671025,0,0.009999729692935944
angle,1780513941835515605,-0.001539416960440576,0,0.00999970082193613
angle,1780513941869693501,-0.001544478232972324,0,0.009999806061387062
angle,1780513941902013592,-0.001549524138681591,0,0.009999394416809082
angle,1780513941937899536,-0.001554554677568376,0,0.009999641217291355
angle,1780513941969290713,-0.001559569500386715,0,0.009998461231589317
angle,1780513941999599428,-0.001564568956382573,0,0.00999980978667736
angle,1780513942029024062,-0.001569552696309984,0,0.009999403730034828
angle,1780513942056308189,-0.00157452083658427,0,0.00995130930095911
angle,1780513942081444955,-0.001579471281729639,0,0.00999949499964714
angle,1780513942115937325,-0.001584402518346906,0,0.009999401867389679
angle,1780513942141940951,-0.001589316059835255,0,0.009999409317970276
angle,1780513942168507293,-0.001594213303178549,0,0.009999473579227924
angle,1780513942199060627,-0.00159909576177597,0,0.009999396279454231
angle,1780513942226908686,-0.001603964483365417,0,0.00999964028596878
angle,1780513942263778678,-0.00160882028285414,0,0.009999407455325127
angle,1780513942299687897,-0.001613663276657462,0,0.009999638423323631
angle,1780513942338357383,-0.00161849323194474,0,0.009999377653002739
angle,1780513942373186899,-0.001623309915885329,0,0.009999514557421207
angle,1780513942398995179,-0.001628112280741334,0,0.009999171830713749
angle,1780513942425300945,-0.001632899744436145,0,0.009999502450227737
angle,1780513942457368672,-0.001637671259231865,0,0.009999126195907593
angle,1780513942482463360,-0.001642426359467208,0,0.00999920442700386
angle,1780513942512384334,-0.001647164579480886,0,0.009999513626098633
angle,1780513942544118865,-0.001651885802857578,0,0.009999481029808521
angle,1780513942580674710,-0.001656589913181961,0,0.009999478235840797
angle,1780513942612333830,-0.001661277376115322,0,0.00999946054071188
angle,1780513942640724405,-0.00166594865731895,0,0.009998857975006104
angle,1780513942670868629,-0.001670604222454131,0,0.009999291971325874
angle,1780513942701921317,-0.001675244304351509,0,0.009999183937907219
angle,1780513942732320377,-0.001679869601503015,0,0.009999520145356655
angle,1780513942762393988,-0.001684480113908648,0,0.009999205358326435
angle,1780513942791947826,-0.001689075957983732,0,0.009999322704970837
angle,1780513942821995351,-0.001693657366558909,0,0.009998519904911518
angle,1780513942851995824,-0.001698223990388215,0,0.009999621659517288
angle,1780513942880745739,-0.001702775596641004,0,0.009999214671552181
angle,1780513942907791550,-0.001707312068901956,0,0.009999606758356094
angle,1780513942940200143,-0.001711832941509783,0,0.009999822825193405
angle,1780513942973627464,-0.001716338330879807,0,0.00999951921403408
angle,1780513943001904750,-0.001720827887766063,0,0.009999395348131657
angle,1780513943030204413,-0.001725301728583872,0,0.009999552741646767
angle,1780513943067220441,-0.001729759736917913,0,0.009999485686421394
angle,1780513943100916893,-0.001734202029183507,0,0.009999498724937439
angle,1780513943138112234,-0.001738628605380654,0,0.009999502450227737
angle,1780513943166175135,-0.001743039581924677,0,0.00999942421913147
angle,1780513943197897848,-0.00174743530806154,0,0.00999962817877531
angle,1780513943225897735,-0.001751815667375922,0,0.009999371133744717
angle,1780513943259708171,-0.001756181009113789,0,0.009999578818678856
angle,1780513943285578951,-0.001760531100444496,0,0.009999757632613182
angle,1780513943319630552,-0.001764865941368043,0,0.00999930314719677
angle,1780513943346726658,-0.001769190421327949,0,0.010010316967964172
angle,1780513943385396372,-0.001773494994267821,0,0.009999046102166176
angle,1780513943412689552,-0.001777784316800535,0,0.009999467059969902
angle,1780513943447561697,-0.001782058272510767,0,0.00999932736158371
angle,1780513943490833073,-0.00178631697781384,0,0.00999947264790535
angle,1780513943520990497,-0.001790560083463788,0,0.009998802095651627
angle,1780513943553616456,-0.001794787822291255,0,0.009999747388064861
angle,1780513943582336995,-0.001799000194296241,0,0.009999830275774002
angle,1780513943617046217,-0.001803196966648102,0,0.00999918207526207
angle,1780513943643755875,-0.001807378488592803,0,0.00999975111335516
angle,1780513943676627775,-0.001811544643715024,0,0.009999193251132965
angle,1780513943704814817,-0.001815695432014763,0,0.009999269619584084
angle,1780513943741394144,-0.001819830969907343,0,0.009999140165746212
angle,1780513943771975070,-0.001823951373808086,0,0.009999086149036884
angle,1780513943804925275,-0.001828056527301669,0,0.009999587200582027
angle,1780513943833061426,-0.001832146546803415,0,0.00999971479177475
angle,1780513943863306406,-0.001836221315898001,0,0.009999438188970089
angle,1780513943892384667,-0.001840280834585428,0,0.009999502450227737
angle,1780513943922144421,-0.001844325219281018,0,0.0099994707852602
angle,1780513943948656525,-0.001848354353569448,0,0.009999736212193966
angle,1780513943980565303,-0.001852368353866041,0,0.009999454021453857
angle,1780513944007537683,-0.001856367103755474,0,0.009999537840485573
angle,1780513944045145823,-0.00186035071965307,0,0.009999429807066917
angle,1780513944071636579,-0.001864318968728185,0,0.009999469853937626
angle,1780513944105173066,-0.00186827196739614,0,0.009999401867389679
angle,1780513944131353680,-0.001872209715656936,0,0.00999965239316225
angle,1780513944164736638,-0.001876132213510573,0,0.009999134577810764
angle,1780513944200368609,-0.001880039577372372,0,0.009999527595937252
angle,1780513944233564471,-0.00188393157441169,0,0.009998949244618416
angle,1780513944261314938,-0.001887808553874493,0,0.00999936182051897
angle,1780513944291170039,-0.001891670282930136,0,0.00999931339174509
angle,1780513944324848108,-0.001895516761578619,0,0.009999443776905537
angle,1780513944360293720,-0.001899348106235266,0,0.009999323636293411
angle,1780513944391830974,-0.001903164433315396,0,0.009999662637710571
angle,1780513944416312826,-0.001906965742819011,0,0.009999181143939495
angle,1780513944450627896,-0.001910751801915467,0,0.009999465197324753
angle,1780513944484616973,-0.001914522843435407,0,0.00999946054071188
angle,1780513944520996841,-0.001918278750963509,0,0.009999560192227364
angle,1780513944556091567,-0.001922019640915096,0,0.009999899193644524
angle,1780513944590014498,-0.001925745396874845,0,0.00999983586370945
angle,1780513944614914895,-0.001929456135258079,0,0.00999980978667736
angle,1780513944642800438,-0.001933151856064796,0,0.0099996542558074
angle,1780513944672756334,-0.001936832559294999,0,0.009999574162065983
angle,1780513944701366114,-0.001940498244948685,0,0.009999668225646019
angle,1780513944726095824,-0.001944148913025856,0,0.009999711997807026
angle,1780513944760344541,-0.001947784447111189,0,0.009999589994549751
angle,1780513944791598254,-0.001951404847204685,0,0.009999695234000683
angle,1780513944819187158,-0.001955010229721665,0,0.009999578818678856
angle,1780513944844391620,-0.001958600478246808,0,0.00999951921403408
angle,1780513944879535594,-0.001962175825610757,0,0.009999707341194153
angle,1780513944914945305,-0.001965736038982868,0,0.009999347850680351
angle,1780513944950456997,-0.001969281118363142,0,0.00999876856803894
angle,1780513944978363940,-0.001972811063751578,0,0.009999332018196583
angle,1780513945004375731,-0.001976326107978821,0,0.00999950896948576
angle,1780513945040522574,-0.001979826251044869,0,0.009999502450227737
angle,1780513945074381246,-0.001983311260119081,0,0.009999695234000683
angle,1780513945100764912,-0.001986781368032098,0,0.00999896414577961
angle,1780513945128277450,-0.001990236574783921,0,0.009999532252550125
angle,1780513945160176430,-0.001993676647543907,0,0.009999214671552181
angle,1780513945192517707,-0.001997102051973343,0,0.009999429807066917
angle,1780513945220135057,-0.002000512555241585,0,0.009999199770390987
angle,1780513945247749649,-0.002003908157348633,0,0.009998981840908527
angle,1780513945278561747,-0.002007288858294487,0,0.009999486617743969
angle,1780513945312369645,-0.002010654658079147,0,0.00999939814209938
angle,1780513945337301272,-0.002014005556702614,0,0.009999523870646954
angle,1780513945363324594,-0.002017341554164886,0,0.00999936182051897
angle,1780513945397301619,-0.002020662650465965,0,0.009999321773648262
angle,1780513945432329504,-0.00202396884560585,0,0.00999944657087326
angle,1780513945460592065,-0.002027260139584541,0,0.009999497793614864
angle,1780513945491435497,-0.002030536765232682,0,0.009999510832130909
angle,1780513945524396171,-0.002033798489719629,0,0.009976738132536411
angle,1780513945561461808,-0.002037044614553452,0,0.009999043308198452
angle,1780513945598211720,-0.002040274674072862,0,0.00999960396438837
angle,1780513945631982940,-0.002043488901108503,0,0.009999620728194714
angle,1780513945658176531,-0.002046688226982951,0,0.00999956764280796
angle,1780513945686831173,-0.002049872884526849,0,0.009999025613069534
angle,1780513945720297372,-0.002053043805062771,0,0.009999467059969902
angle,1780513945755878875,-0.00205620052292943,0,0.009999290108680725
angle,1780513945791387091,-0.002059343736618757,0,0.009999452158808708
angle,1780513945818330896,-0.002062472980469465,0,0.009999132715165615
angle,1780513945849168599,-0.002065588254481554,0,0.009999302215874195
angle,1780513945884346073,-0.00206868932582438,0,0.0099988067522645
angle,1780513945916628871,-0.002071775728836656,0,0.009999529458582401
angle,1780513945952195502,-0.002074846997857094,0,0.009999416768550873
angle,1780513945982105583,-0.002077903365716338,0,0.00999950896948576
angle,1780513946008560365,-0.002080944366753101,0,0.00999943632632494
angle,1780513946035495047,-0.002083970233798027,0,0.009999724105000496
angle,1780513946061381825,-0.002086980734020472,0,0.00999982189387083
angle,1780513946088243512,-0.002090561902150512,0,0.011958575807511806
angle,1780513946123493455,-0.002093541668727994,0,0.00999947264790535
angle,1780513946161396659,-0.002096506534144282,0,0.009999402798712254
angle,1780513946191644716,-0.002099456265568733,0,0.009999197907745838
angle,1780513946216862445,-0.002102391328662634,0,0.009999638423323631
angle,1780513946243896691,-0.002105311257764697,0,0.009999378584325314
angle,1780513946274935703,-0.00210821651853621,0,0.009999389760196209
angle,1780513946296120966,-0.002111106878146529,0,0.009999904781579971
angle,1780513946319223837,-0.002113982569426298,0,0.009999808855354786
angle,1780513946340926719,-0.002116844058036804,0,0.00999983586370945
angle,1780513946362559400,-0.002119691111147404,0,0.009999893605709076
angle,1780513946396034202,-0.002122523728758097,0,0.009999105706810951
angle,1780513946421580295,-0.00212534237653017,0,0.009999617002904415
angle,1780513946447210853,-0.002128146355971694,0,0.009999665431678295
angle,1780513946482990853,-0.002130936132743955,0,0.009999288246035576
angle,1780513946516929283,-0.002133711241185665,0,0.009999372065067291
angle,1780513946550107511,-0.002136471914127469,0,0.00999960396438837
angle,1780513946576547394,-0.002139217918738723,0,0.00999937392771244
angle,1780513946602646969,-0.00214194948785007,0,0.009999430738389492
angle,1780513946642336888,-0.002144666388630867,0,0.009999364614486694
angle,1780513946671568384,-0.002147368621081114,0,0.00999972503632307
angle,1780513946694687169,-0.002150056418031454,0,0.009999670088291168
angle,1780513946721186022,-0.002152729779481888,0,0.00999972689896822
angle,1780513946752927501,-0.002155388705432415,0,0.009999689646065235
angle,1780513946796806677,-0.002158033195883036,0,0.009999662637710571
angle,1780513946832853991,-0.002160663483664393,0,0.009999674744904041
angle,1780513946860573702,-0.002163279335945845,0,0.009999497793614864
angle,1780513946889295965,-0.002165880985558033,0,0.009999459609389305
angle,1780513946927251595,-0.002168468432500958,0,0.009999045170843601
angle,1780513946957585888,-0.002171041443943977,0,0.009999383240938187
angle,1780513946992212282,-0.00217360001988709,0,0.009999729692935944
angle,1780513947022681120,-0.002176144393160939,0,0.009999409317970276
angle,1780513947050530238,-0.002178674330934882,0,0.009999598376452923
angle,1780513947087386180,-0.002181190066039562,0,0.00999955553561449
angle,1780513947120150663,-0.002183691132813692,0,0.00999928917735815
angle,1780513947158145109,-0.002186178229749203,0,0.009999608621001244
angle,1780513947187395602,-0.002188650891184807,0,0.00999948289245367
angle,1780513947222692192,-0.002191109349951148,0,0.009999648667871952
angle,1780513947251332639,-0.002193553373217583,0,0.00999942235648632
angle,1780513947284039316,-0.002195983426645398,0,0.009999455884099007
angle,1780513947312271237,-0.002198399277403951,0,0.009999462403357029
angle,1780513947342880154,-0.00220080092549324,0,0.009999648667871952
angle,1780513947370049586,-0.002203188138082623,0,0.009999739937484264
angle,1780513947405867805,-0.002205561613664031,0,0.009999527595937252
angle,1780513947432601291,-0.002207920653745532,0,0.009999465197324753
angle,1780513947466876105,-0.00221026549115777,0,0.009999576956033707
angle,1780513947494118120,-0.002212596358731389,0,0.009999538771808147
angle,1780513947525270337,-0.002214913023635745,0,0.009999374859035015
angle,1780513947555583585,-0.002217215485870838,0,0.00999918021261692
angle,1780513947587603077,-0.002219503745436668,0,0.009998980909585953
angle,1780513947615598679,-0.002221778035163879,0,0.009999200701713562
angle,1780513947644812886,-0.002224038122221828,0,0.009999527595937252
angle,1780513947674472057,-0.002226284239441156,0,0.009999548085033894
angle,1780513947704402661,-0.002228515921160579,0,0.009999317117035389
angle,1780513947734321138,-0.002230733865872025,0,0.009999582543969154
angle,1780513947762710902,-0.002232937840744853,0,0.009999904781579971
angle,1780513947794328484,-0.002235127612948418,0,0.009999463334679604
angle,1780513947824718095,-0.002237303648144007,0,0.009999511763453484
angle,1780513947853781012,-0.002239465480670333,0,0.00999954529106617
angle,1780513947884097529,-0.002241613576188684,0,0.009998939000070095
angle,1780513947909730744,-0.002243747701868415,0,0.009999374859035015
angle,1780513947944610327,-0.002245867857709527,0,0.009999380446970463
angle,1780513947973363873,-0.002247973810881376,0,0.00999942235648632
angle,1780513948002914004,-0.00225006602704525,0,0.009999563917517662
angle,1780513948032093181,-0.002252144273370504,0,0.009999794885516167
angle,1780513948069297207,-0.00225420854985714,0,0.009999646805226803
angle,1780513948100753244,-0.002256258856505156,0,0.009998925030231476
angle,1780513948128298562,-0.002258295426145196,0,0.00999936182051897
angle,1780513948156712325,-0.002260318025946617,0,0.009999573230743408
angle,1780513948187624557,-0.002262326655909419,0,0.009999452158808708
angle,1780513948222431115,-0.002264321548864245,0,0.009999722242355347
angle,1780513948252591778,-0.002266302704811096,0,0.00999930314719677
angle,1780513948282894367,-0.002268270123749971,0,0.009999320842325687
angle,1780513948310377188,-0.002270223572850227,0,0.009999249130487442
angle,1780513948347588333,-0.002272163284942508,0,0.009999421425163746
angle,1780513948379848030,-0.002274089492857456,0,0.00999960396438837
angle,1780513948416225716,-0.002276001498103142,0,0.009999413974583149
angle,1780513948451352906,-0.002277899999171495,0,0.009999181143939495
angle,1780513948480171382,-0.002279784763231874,0,0.009999431669712067
angle,1780513948519880859,-0.002281655790284276,0,0.009999598376452923
angle,1780513948556193525,-0.002283513080328703,0,0.009999452158808708
angle,1780513948589685407,-0.002285356633365154,0,0.009999614208936691
angle,1780513948623744256,-0.00228718644939363,0,0.009999300353229046
angle,1780513948660198158,-0.002289002761244774,0,0.009999399073421955
angle,1780513948693535052,-0.002290805336087942,0,0.009999076835811138
angle,1780513948731653675,-0.002292594173923135,0,0.009999268688261509
angle,1780513948759929334,-0.002294369507580996,0,0.009999256581068039
angle,1780513948787933119,-0.002296474762260914,0,0.011957619339227676
angle,1780513948822857279,-0.002298221224918962,0,0.009999695234000683
angle,1780513948856482233,-0.00229995371773839,0,0.009999765083193779
angle,1780513948891570002,-0.002301672706380486,0,0.009999473579227924
angle,1780513948919285400,-0.002303377725183964,0,0.009998529218137264
angle,1780513948946356229,-0.002305068774148822,0,0.009999493137001991
angle,1780513948978824797,-0.002306746086105704,0,0.009998845867812634
angle,1780513949012367020,-0.002308409661054611,0,0.009999653324484825
angle,1780513949040203127,-0.002310059731826186,0,0.009999126195907593
angle,1780513949067107407,-0.002311696298420429,0,0.009999549016356468
angle,1780513949107201946,-0.00231331936083734,0,0.00999961607158184
angle,1780513949139635709,-0.002314929151907563,0,0.009998835623264313
angle,1780513949174936858,-0.002316525904461741,0,0.009999425150454044
angle,1780513949211800496,-0.002318109152838588,0,0.009999440982937813
angle,1780513949238671698,-0.002319679362699389,0,0.009999181143939495
angle,1780513949267273596,-0.002321513369679451,0,0.01178752165287733
angle,1780513949297307379,-0.002323055407032371,0,0.00999951921403408
angle,1780513949321294243,-0.002324583940207958,0,0.009999735280871391
angle,1780513949346089745,-0.00232609873637557,0,0.00999970268458128
angle,1780513949377516949,-0.002327599795535207,0,0.009999646805226803
angle,1780513949412473833,-0.002329087350517511,0,0.009999740868806839
angle,1780513949434608303,-0.002330561401322484,0,0.009999873116612434
angle,1780513949459678188,-0.002332021715119481,0,0.009999790228903294
angle,1780513949489554093,-0.00233346875756979,0,0.00999981164932251
angle,1780513949513937740,-0.002334902761504054,0,0.009999878704547882
angle,1780513949547435051,-0.00233632349409163,0,0.009999866597354412
angle,1780513949581483983,-0.002337730955332518,0,0.009999848902225494
angle,1780513949614686793,-0.002339125610888004,0,0.009999839588999748
angle,1780513949643883753,-0.002340506995096803,0,0.009999838657677174
angle,1780513949676012470,-0.0023418755736202,0,0.009999001398682594
angle,1780513949704300731,-0.002343231113627553,0,0.00999935157597065
angle,1780513949737509610,-0.002344573382288218,0,0.009999585337936878
angle,1780513949772362166,-0.002345902379602194,0,0.009999183006584644
angle,1780513949812142773,-0.002347218338400126,0,0.009998716413974762
angle,1780513949839262955,-0.002348520793020725,0,0.00999913364648819
angle,1780513949871837955,-0.00234981020912528,0,0.009999603033065796
angle,1780513949904983444,-0.002351086353883147,0,0.009998971596360207
angle,1780513949938241050,-0.002352349227294326,0,0.009999469853937626
angle,1780513949978888050,-0.002353599295020103,0,0.009999454021453857
angle,1780513950012888141,-0.002354836091399193,0,0.009999074973165989
angle,1780513950041312518,-0.002356060082092881,0,0.009999235160648823
angle,1780513950071800658,-0.002357271034270525,0,0.009999659843742847
angle,1780513950102611837,-0.002358468947932124,0,0.00999942421913147
angle,1780513950132311401,-0.002359654288738966,0,0.009999279864132404
angle,1780513950161299595,-0.002360826591029763,0,0.009999724105000496
angle,1780513950190600090,-0.002361986087635159,0,0.009999473579227924
angle,1780513950222797414,-0.002363132545724511,0,0.009999385103583336
angle,1780513950252914848,-0.002364266198128462,0,0.009999125264585018
angle,1780513950291036828,-0.002365387044847012,0,0.009998979978263378
angle,1780513950317449959,-0.002366494853049517,0,0.009999670088291168
angle,1780513950349280808,-0.002367589622735977,0,0.009999344125390053
angle,1780513950384505708,-0.002368671586737037,0,0.009998935274779797
angle,1780513950421378088,-0.002369740745052695,0,0.009999020025134087
angle,1780513950454257115,-0.002370796864852309,0,0.009999874047935009
angle,1780513950482566488,-0.002371840178966522,0,0.009998218156397343
angle,1780513950510120869,-0.002372870687395334,0,0.009999430738389492
angle,1780513950541073375,-0.002373888390138745,0,0.009999595582485199
angle,1780513950573042356,-0.002374893520027399,0,0.009999587200582027
angle,1780513950602345694,-0.002375885844230652,0,0.009999683126807213
angle,1780513950628400021,-0.002376865595579147,0,0.009998654015362263
angle,1780513950663573068,-0.002377832541242242,0,0.00999933760613203
angle,1780513950697239335,-0.002378786914050579,0,0.009999614208936691
angle,1780513950731807304,-0.002379728714004159,0,0.009999441914260387
angle,1780513950761308295,-0.002380657708272338,0,0.009999839588999748
angle,1780513950788985798,-0.002381574362516403,0,0.00999950896948576
angle,1780513950822943978,-0.002382478211075068,0,0.009999409317970276
angle,1780513950859759638,-0.002383369253948331,0,0.009999464266002178
angle,1780513950892986870,-0.002384247956797481,0,0.009999481029808521
angle,1780513950922281589,-0.002385113853961229,0,0.00999948289245367
angle,1780513950949400335,-0.002385967178270221,0,0.00999948475509882
angle,1780513950983926694,-0.002386808162555099,0,0.009999392554163933
angle,1780513951016966351,-0.002387636341154575,0,0.009999544359743595
angle,1780513951042210945,-0.002388452179729939,0,0.009999536909162998
angle,1780513951070377040,-0.002389255212619901,0,0.009999357163906097
angle,1780513951107388384,-0.002390046138316393,0,0.009999562054872513
angle,1780513951140380161,-0.002390824258327484,0,0.009999502450227737
angle,1780513951166573179,-0.002391590271145105,0,0.009999441914260387
angle,1780513951204368690,-0.002392343711107969,0,0.009999767877161503
angle,1780513951237872524,-0.00239308481104672,0,0.009999345056712627
angle,1780513951274559428,-0.002393813338130713,0,0.009999382309615612
angle,1780513951309163815,-0.002394529758021235,0,0.00999941024929285
angle,1780513951332137908,-0.002395233605057001,0,0.00999961607158184
angle,1780513951358930185,-0.002395925112068653,0,0.009999804198741913
angle,1780513951386242838,-0.002396604511886835,0,0.00999986007809639
angle,1780513951420265545,-0.00239727133885026,0,0.009999139234423637
angle,1780513951456202204,-0.002397926058620214,0,0.009999480098485947
angle,1780513951492074841,-0.002398568438366055,0,0.009999245405197144
angle,1780513951527929828,-0.002399198478087783,0,0.00999967660754919
angle,1780513951562649022,-0.002399816177785397,0,0.009999674744904041
angle,1780513951593807820,-0.00240042177028954,0,0.009999512694776058
angle,1780513951625935907,-0.00240101502276957,0,0.00999939814209938
angle,1780513951660431258,-0.00240159616805613,0,0.009999529458582401
angle,1780513951695597425,-0.00240216520614922,0,0.009999617002904415
angle,1780513951732152996,-0.002402721904218197,0,0.009999185800552368
angle,1780513951768986472,-0.002403266495093703,0,0.009999587200582027
angle,1780513951816022619,-0.00240379897877574,0,0.00999961793422699
angle,1780513951843139849,-0.002404319355264306,0,0.009999537840485573
angle,1780513951873863438,-0.002404827624559402,0,0.009999523870646954
angle,1780513951905906525,-0.002405323786661029,0,0.00999976135790348
angle,1780513951935383950,-0.002405808074399829,0,0.00999982189387083
angle,1780513951961327588,-0.002406280254945159,0,0.00999982375651598
angle,1780513951996197532,-0.002406740328297019,0,0.009999794885516167
angle,1780513952027800976,-0.002407188527286053,0,0.009999784640967846
angle,1780513952056774617,-0.00240762485191226,0,0.009999768808484077
angle,1780513952079823352,-0.002408049069344997,0,0.009999681264162064
angle,1780513952107153269,-0.002408461179584265,0,0.00999973714351654
angle,1780513952130456454,-0.002408861648291349,0,0.00999982375651598
angle,1780513952156667647,-0.002409250009804964,0,0.009999880567193031
angle,1780513952181510684,-0.002409626264125109,0,0.009999851696193218
angle,1780513952207406471,-0.002409990876913071,0,0.009999874979257584
angle,1780513952240050603,-0.002410343382507563,0,0.009999627247452736
angle,1780513952272007736,-0.002410684246569872,0,0.009999729692935944
angle,1780513952300993497,-0.002411013236269355,0,0.009999742731451988
angle,1780513952332460061,-0.002411330118775368,0,0.009999674744904041
angle,1780513952361320226,-0.002411635359749198,0,0.009999598376452923
angle,1780513952393438408,-0.002411928959190845,0,0.009999722242355347
angle,1780513952424064882,-0.002412210684269667,0,0.009999649599194527
angle,1780513952452870108,-0.002412480534985662,0,0.009999708272516727
angle,1780513952480513202,-0.002412738744169474,0,0.009999653324484825
angle,1780513952515850171,-0.002412985311821103,0,0.009999362751841545
angle,1780513952546122881,-0.00241322023794055,0,0.009999329224228859
angle,1780513952571222039,-0.00241344328969717,0,0.009999622590839863
angle,1780513952603253638,-0.002413654699921608,0,0.009999489411711693
angle,1780513952633026525,-0.002413854701444507,0,0.009999595582485199
angle,1780513952664815623,-0.002414042828604579,0,0.009999584406614304
angle,1780513952696249851,-0.002414219314232469,0,0.009999466128647327
angle,1780513952724118475,-0.002414384391158819,0,0.009999653324484825
angle,1780513952753606990,-0.002414537826552987,0,0.009999442845582962
angle,1780513952783090791,-0.002414679620414972,0,0.009999530389904976
angle,1780513952811958774,-0.002414810005575418,0,0.00999952107667923
angle,1780513952841551267,-0.002414928749203682,0,0.009999333880841732
angle,1780513952870239594,-0.002415036084130406,0,0.009999329224228859
angle,1780513952904374382,-0.002415131777524948,0,0.009999445639550686
angle,1780513952937586017,-0.002415216062217951,0,0.009999574162065983
angle,1780513952963601054,-0.002415288938209414,0,0.009999385103583336
angle,1780513952994874654,-0.002415350405499339,0,0.009999400936067104
angle,1780513953025711435,-0.002415400464087725,0,0.009999328292906284
angle,1780513953052824350,-0.002415439113974571,0,0.009999512694776058
angle,1780513953085106023,-0.002415466355159879,0,0.00999926682561636
angle,1780513953113347705,-0.002415482187643647,0,0.009999367408454418
angle,1780513953141874489,-0.002415486611425877,0,0.009999405592679977
angle,1780513953176685273,-0.002415479859337211,0,0.009999485686421394
angle,1780513953210390786,-0.002415461931377649,0,0.009999440051615238
angle,1780513953239138748,-0.002415432361885905,0,0.009999279864132404
angle,1780513953266124324,-0.002415391849353909,0,0.009999756701290607
angle,1780513953302336126,-0.002415339928120375,0,0.00999932736158371
angle,1780513953338681088,-0.002415276831015944,0,0.009999280795454979
angle,1780513953374682051,-0.002415202558040619,0,0.00999909732490778
angle,1780513953409074172,-0.002415116876363754,0,0.009999380446970463
angle,1780513953435815151,-0.002415020251646638,0,0.009999174624681473
angle,1780513953466765922,-0.002414912218227983,0,0.009999269619584084
angle,1780513953501785207,-0.002414793241769075,0,0.00999972689896822
angle,1780513953536163436,-0.002414663089439273,0,0.009999400936067104
angle,1780513953574088091,-0.002414521761238575,0,0.009999209083616734
angle,1780513953610919848,-0.002414369257166982,0,0.010017147287726402
angle,1780513953648532636,-0.002414205810055137,0,0.009999231435358524
angle,1780513953679019703,-0.002414031187072396,0,0.0099992910400033
angle,1780513953705571876,-0.002413845621049404,0,0.009999395348131657
angle,1780513953741796901,-0.00241364911198616,0,0.009999383240938187
angle,1780513953774164407,-0.002413441659882665,0,0.009999248199164867
angle,1780513953810311529,-0.002413223031908274,0,0.009999595582485199
angle,1780513953840106232,-0.002412993693724275,0,0.00999954342842102
angle,1780513953868688627,-0.00241275317966938,0,0.009999179281294346
angle,1780513953902650538,-0.002412501955404878,0,0.009999214671552181
angle,1780513953937964132,-0.002412239788100123,0,0.009999663569033146
angle,1780513953970781298,-0.002411966677755117,0,0.009999428875744343
angle,1780513954008633192,-0.00241168262436986,0,0.009999568574130535
angle,1780513954036909660,-0.002411387860774994,0,0.009999368339776993
angle,1780513954065295095,-0.002411082154139876,0,0.009999624453485012
angle,1780513954099283722,-0.002410765737295151,0,0.009999636560678482
angle,1780513954138134729,-0.002410438610240817,0,0.00999942235648632
angle,1780513954171928460,-0.002410100540146232,0,0.00999933760613203
angle,1780513954203027686,-0.002409751759842038,0,0.009999595582485199
angle,1780513954233050296,-0.002409392269328237,0,0.00999948289245367
angle,1780513954263455091,-0.002409022068604827,0,0.009999520145356655
angle,1780513954293841688,-0.002408641157671809,0,0.009998977184295654
angle,1780513954321761600,-0.002408249536529183,0,0.009999077767133713
angle,1780513954352826446,-0.00240784720517695,0,0.00999958161264658
angle,1780513954388557668,-0.002407434163615108,0,0.009999354369938374
angle,1780513954419458084,-0.002407010644674301,0,0.00999931339174509
angle,1780513954446778305,-0.002406576415523887,0,0.009999832138419151
angle,1780513954474299704,-0.002406131708994508,0,0.009999792091548443
angle,1780513954501947721,-0.002405676292255521,0,0.009999888017773628
angle,1780513954532128163,-0.002405210630968213,0,0.00999988429248333
angle,1780513954560479512,-0.002404734259471297,0,0.009999820031225681
angle,1780513954594854178,-0.002404247410595417,0,0.009999767877161503
angle,1780513954620904111,-0.002403750317171216,0,0.009999948553740978
angle,1780513954647581470,-0.002403242513537407,0,0.009999819099903107
angle,1780513954680020150,-0.002402724232524633,0,0.009999816305935383
angle,1780513954715861483,-0.002402195706963539,0,0.009999831207096577
angle,1780513954741948623,-0.002401656471192837,0,0.009999816305935383
angle,1780513954770804394,-0.002401106990873814,0,0.009999779984354973
angle,1780513954802463619,-0.002400547033175826,0,0.009999951347708702
angle,1780513954829570710,-0.002399976598098874,0,0.009999709203839302
angle,1780513954860952004,-0.002399396151304245,0,0.009999659843742847
angle,1780513954889713450,-0.002398804994300008,0,0.009999558329582214
angle,1780513954919778510,-0.002398203825578094,0,0.009999782778322697
angle,1780513954953831616,-0.002397592179477215,0,0.009999730624258518
angle,1780513954983683078,-0.002396970288828015,0,0.009999604895710945
angle,1780513955012490459,-0.002396338386461139,0,0.009999536909162998
angle,1780513955041119299,-0.002395696006715298,0,0.009999486617743969
angle,1780513955071008053,-0.00239504361525178,0,0.009999233298003674
angle,1780513955103690747,-0.002394380979239941,0,0.009999513626098633
angle,1780513955133525451,-0.002393708098679781,0,0.009999338537454605
angle,1780513955161841678,-0.002393024973571301,0,0.0099997129291296
angle,1780513955198333226,-0.002392332069575787,0,0.009999564848840237
angle,1780513955232179218,-0.002391628688201308,0,0.009999590925872326
angle,1780513955257602031,-0.002390915527939796,0,0.009999599307775497
angle,1780513955287184543,-0.002390192123129964,0,0.009999663569033146
angle,1780513955323118846,-0.002389458706602454,0,0.009998776949942112
angle,1780513955358258173,-0.002388715278357267,0,0.009999477304518223
angle,1780513955391999584,-0.00238796160556376,0,0.009999402798712254
angle,1780513955421403027,-0.002387198153883219,0,0.009999620728194714
angle,1780513955447711072,-0.002386424690485001,0,0.009999487549066544
angle,1780513955482922603,-0.002385641215369105,0,0.009999329224228859
angle,1780513955515705853,-0.002384847961366177,0,0.009999390691518784
angle,1780513955553863627,-0.002384044695645571,0,0.009998981840908527
angle,1780513955589024625,-0.002383231418207288,0,0.009999390691518784
angle,1780513955616763316,-0.002382408594712615,0,0.00999941024929285
angle,1780513955645226370,-0.002381575526669621,0,0.009999624453485012
angle,1780513955683204820,-0.002380732912570238,0,0.009999389760196209
angle,1780513955717833372,-0.002379880286753178,0,0.009999608621001244
angle,1780513955750174539,-0.002379017882049084,0,0.009999536909162998
angle,1780513955776258488,-0.0023781459312886,0,0.00999945867806673
angle,1780513955803563715,-0.002377263968810439,0,0.009999713860452175
angle,1780513955837107849,-0.002376372460275888,0,0.009998851455748081
angle,1780513955870128752,-0.002375471172854304,0,0.009999577887356281
angle,1780513955894720140,-0.002374560106545687,0,0.009999588131904602
angle,1780513955922587675,-0.002373639261350036,0,0.009999696165323257
angle,1780513955959341060,-0.002372708870097995,0,0.009999407455325127
angle,1780513956000000285,-0.00237176869995892,0,0.009999269619584084
angle,1780513956030153183,-0.0023708192165941,0,0.009999086149036884
angle,1780513956057635035,-0.002369859954342246,0,0.009999571368098259
angle,1780513956083214462,-0.002368890913203359,0,0.009998995810747147
angle,1780513956115771310,-0.002367912558838725,0,0.009999435395002365
angle,1780513956150723574,-0.002366924425587058,0,0.009999353438615799
angle,1780513956187157672,-0.002365926979109645,0,0.009999142028391361
angle,1780513956220663656,-0.002364919986575842,0,0.009999544359743595
angle,1780513956260130046,-0.002362663857638836,0,0.022031309083104134
angle,1780513956289810183,-0.002361618913710117,0,0.009999396279454231
angle,1780513956320029432,-0.002360563725233078,0,0.009999354369938374
angle,1780513956347959925,-0.00235949014313519,0,0.010093855671584606
angle,1780513956371003723,-0.002358418423682451,0,0.009999711997807026
angle,1780513956400879685,-0.002357339952141047,0,0.009999861009418964
angle,1780513956429660512,-0.002356254495680332,0,0.009999888017773628
angle,1780513956462910180,-0.002355161821469665,0,0.009999839588999748
angle,1780513956490047181,-0.002354061929509044,0,0.009999842382967472
angle,1780513956525180236,-0.002352953888475895,0,0.009999613277614117
angle,1780513956554866621,-0.002351836999878287,0,0.009999516420066357
angle,1780513956587087832,-0.00235071056522429,0,0.009999614208936691
angle,1780513956616672104,-0.002349574118852615,0,0.009999662637710571
angle,1780513956646536368,-0.002348427195101976,0,0.009999694302678108
angle,1780513956672589509,-0.002347269561141729,0,0.009999677538871765
angle,1780513956701850619,-0.002346101682633162,0,0.009999561123549938
angle,1780513956730066180,-0.002344923326745629,0,0.009999818168580532
angle,1780513956764808789,-0.002343735191971064,0,0.009999344125390053
angle,1780513956792258093,-0.002342537743970752,0,0.009999511763453484
angle,1780513956824652187,-0.002341331215575337,0,0.009999495930969715
angle,1780513956854825971,-0.002340116305276752,0,0.009999286383390427
angle,1780513956885271385,-0.002338892081752419,0,0.010004608891904354
angle,1780513956909793565,-0.002337660407647491,0,0.009999490343034267
angle,1780513956944097837,-0.00233642035163939,0,0.009999537840485573
angle,1780513956973021265,-0.002335171913728118,0,0.009999627247452736
angle,1780513957004201539,-0.002333915093913674,0,0.009999464266002178
angle,1780513957032100919,-0.002332649426534772,0,0.009999658912420273
angle,1780513957064545133,-0.002331374678760767,0,0.009999413043260574
angle,1780513957095767875,-0.002330091083422303,0,0.009999475441873074
angle,1780513957121834787,-0.00232879794202745,0,0.009999167174100876
angle,1780513957154112351,-0.002327495720237494,0,0.009999332949519157
angle,1780513957190347576,-0.002326184185221791,0,0.009999463334679604
angle,1780513957220045194,-0.002324863569810987,0,0.009999888949096203
angle,1780513957248896925,-0.002323533641174436,0,0.009999395348131657
angle,1780513957277306031,-0.002322194864973426,0,0.009999584406614304
angle,1780513957313516033,-0.002320847474038601,0,0.009999535046517849
angle,1780513957349457975,-0.002319491235539317,0,0.00999936182051897
angle,1780513957385910716,-0.002318126615136862,0,0.009999381378293037
angle,1780513957411104171,-0.002316753380000591,0,0.009999394416809082
angle,1780513957439910681,-0.002315371762961149,0,0.00999918207526207
angle,1780513957478480310,-0.002313981531187892,0,0.009999589063227177
angle,1780513957516032873,-0.002312582917511463,0,0.00999909546226263
angle,1780513957552499660,-0.002311175921931863,0,0.009999214671552181
angle,1780513957592189595,-0.002309760078787804,0,0.009999779053032398
angle,1780513957627923083,-0.002308335620909929,0,0.009999219328165054
angle,1780513957661158054,-0.00230690254829824,0,0.00999952107667923
angle,1780513957687197858,-0.002305460860952735,0,0.009998556226491928
angle,1780513957715505609,-0.002304010558873415,0,0.009999551810324192
angle,1780513957746457807,-0.00230255164206028,0,0.009999394416809082
angle,1780513957781047272,-0.002301083877682686,0,0.009999264031648636
angle,1780513957810062458,-0.002299607964232564,0,0.00999931525439024
angle,1780513957836320569,-0.002298123436048627,0,0.009999396279454231
angle,1780513957870086337,-0.002296630293130875,0,0.009999427944421768
angle,1780513957908556179,-0.002295129001140594,0,0.009999615140259266
angle,1780513957940247947,-0.002293619327247143,0,0.009999295696616173
angle,1780513957970820531,-0.002292101504281163,0,0.009999391622841358
angle,1780513957999169521,-0.002290575299412012,0,0.009999559260904789
angle,1780513958033777710,-0.002289040712639689,0,0.00999905914068222
angle,1780513958065550689,-0.002287497976794839,0,0.00999914389103651
angle,1780513958101550288,-0.002285946859046817,0,0.009999454952776432
angle,1780513958130703910,-0.002284387359395623,0,0.009998771362006664
angle,1780513958157477744,-0.002282819710671902,0,0.009999425150454044
angle,1780513958185371833,-0.002281243912875652,0,0.009998922236263752
angle,1780513958212659083,-0.002279659733176231,0,0.009999589994549751
angle,1780513958244847475,-0.002278067404404283,0,0.009999350644648075
angle,1780513958275909215,-0.002276466693729162,0,0.009999539703130722
angle,1780513958304081112,-0.002274858066812158,0,0.009999187663197517
angle,1780513958329471685,-0.002273241057991982,0,0.009999514557421207
angle,1780513958365391354,-0.002271616132929921,0,0.009999222122132778
angle,1780513958392653552,-0.002269983058795333,0,0.00999940000474453
angle,1780513958426254267,-0.00226834206841886,0,0.009999578818678856
angle,1780513958455029003,-0.00226669292896986,0,0.009999435395002365
angle,1780513958485156944,-0.002265035873278975,0,0.009999520145356655
angle,1780513958512739731,-0.002263370668515563,0,0.009999684058129787
angle,1780513958544132295,-0.002261697547510266,0,0.009999128058552742
angle,1780513958570324094,-0.002260016510263085,0,0.009999459609389305
angle,1780513958602990302,-0.00225832755677402,0,0.009999357163906097
angle,1780513958649148208,-0.002256630454212427,0,0.009999185800552368
angle,1780513958689790070,-0.002254925668239594,0,0.009999380446970463
angle,1780513958726276785,-0.002253212966024876,0,0.009999368339776993
angle,1780513958757361742,-0.00225149211473763,0,0.00999942421913147
angle,1780513958782546049,-0.002249763580039144,0,0.009999464266002178
angle,1780513958813679854,-0.002248027361929417,0,0.009998369961977005
angle,1780513958845862822,-0.002246283227577806,0,0.009999516420066357
angle,1780513958874308271,-0.00224453117698431,0,0.009999205358326435
angle,1780513958900188887,-0.002242771442979574,0,0.009999663569033146
angle,1780513958931682703,-0.002241004025563598,0,0.009999549016356468
angle,1780513958964653430,-0.002239228924736381,0,0.009999490343034267
angle,1780513958994653520,-0.002237446140497923,0,0.009999262169003487
angle,1780513959021265358,-0.002235655440017581,0,0.00999968871474266
angle,1780513959054095455,-0.002233857288956642,0,0.009999466128647327
angle,1780513959083078749,-0.002232051454484463,0,0.00999948289245367
angle,1780513959113924362,-0.002230238169431686,0,0.009999539703130722
angle,1780513959143372882,-0.002228416968137026,0,0.009999485686421394
angle,1780513959174288861,-0.002226588316261768,0,0.009999562054872513
angle,1780513959201342119,-0.002224752213805914,0,0.009999495930969715
angle,1780513959236788746,-0.002222908427938819,0,0.009999455884099007
angle,1780513959265587040,-0.002221056958660483,0,0.009999663569033146
angle,1780513959294743951,-0.002219198271632195,0,0.009999852627515793
angle,1780513959324207494,-0.002217331901192665,0,0.009999845176935196
angle,1780513959350214614,-0.002215458080172539,0,0.009999558329582214
angle,1780513959381851729,-0.002213576808571815,0,0.009999648667871952
angle,1780513959409651259,-0.002211688319221139,0,0.009999747388064861
angle,1780513959442553518,-0.002209792146459222,0,0.009999825619161129
angle,1780513959469652916,-0.002207888755947351,0,0.009999907575547695
angle,1780513959500483275,-0.002205978147685528,0,0.009999857284128666
angle,1780513959530762886,-0.002204059856012464,0,0.009999832138419151
angle,1780513959564195419,-0.00220213457942009,0,0.009999333880841732
angle,1780513959592857071,-0.002200201619416475,0,0.009999532252550125
angle,1780513959623841429,-0.002198261674493551,0,0.009999573230743408
angle,1780513959656534684,-0.00219631427899003,0,0.009999285452067852
angle,1780513959683462131,-0.0021943598985672,0,0.009999372996389866
angle,1780513959709527106,-0.002192398067563772,0,0.009999187663197517
angle,1780513959743624756,-0.002190429018810391,0,0.009999300353229046
angle,1780513959772191388,-0.002188452985137701,0,0.009999438188970089
angle,1780513959801533822,-0.002186469500884414,0,0.009999548085033894
angle,1780513959830523504,-0.00218447926454246,0,0.009999310597777367
angle,1780513959862450347,-0.00218248157761991,0,0.00999939814209938
angle,1780513959891161784,-0.00218047690577805,0,0.00999955739825964
angle,1780513959925177984,-0.002178465249016881,0,0.009999269619584084
angle,1780513959953970657,-0.002176446607336402,0,0.009999442845582962
angle,1780513959982149166,-0.00217442074790597,0,0.009999491274356842
angle,1780513960010782578,-0.002172388136386871,0,0.009999489411711693
angle,1780513960047086561,-0.00217034830711782,0,0.009999544359743595
angle,1780513960073033071,-0.002168301492929459,0,0.009999807924032211
angle,1780513960105232005,-0.002166247693821788,0,0.009998744353652
angle,1780513960134358883,-0.002164186909794807,0,0.009999594651162624
angle,1780513960162913387,-0.002162119373679161,0,0.009998699650168419
angle,1780513960192406481,-0.002160044852644205,0,0.009999465197324753
angle,1780513960217293110,-0.002157963346689939,0,0.009999355301260948
angle,1780513960242937035,-0.002155875088647008,0,0.009999429807066917
angle,1780513960273974898,-0.00215378007851541,0,0.009999312460422516
angle,1780513960299983897,-0.002151678316295147,0,0.009999636560678482
angle,1780513960326178625,-0.002149569569155574,0,0.009999617002904415
angle,1780513960357125771,-0.002147454069927335,0,0.009999657049775124
angle,1780513960391161023,-0.002145332051441073,0,0.009999711997807026
angle,1780513960418027805,-0.002143203048035502,0,0.009999670088291168
angle,1780513960442345490,-0.002141067292541265,0,0.009999630972743034
angle,1780513960474079205,-0.002138925017789006,0,0.009999704547226429
angle,1780513960509639735,-0.002136775990948081,0,0.009999600239098072
angle,1780513960540658526,-0.00213462021201849,0,0.00999939814209938
angle,1780513960565299158,-0.002132457913830876,0,0.00999942421913147
angle,1780513960595459692,-0.002130288863554597,0,0.009999330155551434
angle,1780513960633006253,-0.002128113294020295,0,0.009999249130487442
angle,1780513960661145591,-0.002125931205227971,0,0.009999653324484825
angle,1780513960691244547,-0.002123742364346981,0,0.009999604895710945
angle,1780513960721550402,-0.002121547237038612,0,0.009999483823776245
angle,1780513960757652004,-0.002119345590472221,0,0.009999106638133526
angle,1780513960790828488,-0.002117137191817164,0,0.009999784640967846
angle,1780513960819622770,-0.002114922506734729,0,0.009999368339776993
angle,1780513960849265005,-0.002112701535224915,0,0.009999226778745651
angle,1780513960881625999,-0.002110474044457078,0,0.00999948289245367
angle,1780513960917061186,-0.002108240034431219,0,0.009999444708228111
angle,1780513960951555626,-0.002105999737977982,0,0.009999265894293785
angle,1780513960979602054,-0.002103752922266722,0,0.009999499656260014
angle,1780513961009070150,-0.002101499820128083,0,0.009999359026551247
angle,1780513961044736940,-0.002099240431562066,0,0.009999453090131283
angle,1780513961079950957,-0.00209697475656867,0,0.009999345988035202
angle,1780513961117551256,-0.002094702795147896,0,0.009999302215874195
angle,1780513961150787301,-0.002092424547299743,0,0.009991162456572056
angle,1780513961189390608,-0.002090139780193567,0,0.00999985821545124
angle,1780513961220999635,-0.002087849192321301,0,0.009999037720263004
angle,1780513961251785720,-0.002085552318021655,0,0.009999467991292477
angle,1780513961283550186,-0.002083249157294631,0,0.009999317117035389
angle,1780513961313570977,-0.002080940175801516,0,0.009999549016356468
angle,1780513961345591231,-0.002078624907881021,0,0.009999467991292477
angle,1780513961373008565,-0.002076303353533149,0,0.009999439120292664
angle,1780513961398740191,-0.002073975978419185,0,0.009999466128647327
angle,1780513961432572402,-0.002071642316877842,0,0.009999871253967285
angle,1780513961463088204,-0.002069302601739764,0,0.009999627247452736
angle,1780513961493867088,-0.002066956600174308,0,0.009999483823776245
angle,1780513961524252537,-0.002064604545012116,0,0.009999608621001244
angle,1780513961550767702,-0.002062246669083834,0,0.00999955553561449
angle,1780513961585879703,-0.002059882506728172,0,0.009999648667871952
angle,1780513961615079201,-0.002057512290775776,0,0.009999736212193966
angle,1780513961643329040,-0.002055136254057288,0,0.009999560192227364
angle,1780513961671808493,-0.002052754396572709,0,0.009999183937907219
angle,1780513961701550339,-0.002050366485491395,0,0.009999211877584457
angle,1780513961733100942,-0.00204797275364399,0,0.00999953132122755
angle,1780513961761892140,-0.002045573433861136,0,0.009999481029808521
angle,1780513961795606510,-0.002043168060481548,0,0.009999464266002178
angle,1780513961821981409,-0.002040756866335869,0,0.009999629110097885
angle,1780513961860537283,-0.002038339851424098,0,0.00999961793422699
angle,1780513961889086201,-0.002035917015746236,0,0.009999548085033894
angle,1780513961914493210,-0.002033488592132926,0,0.009999866597354412
angle,1780513961940887847,-0.002031054347753525,0,0.009999888949096203
angle,1780513961969965784,-0.002028614282608032,0,0.009999885223805904
angle,1780513961997903159,-0.002026168629527092,0,0.009999873116612434
angle,1780513962027602170,-0.00202371715568006,0,0.009999834932386875
angle,1780513962057990431,-0.002021260093897581,0,0.009999831207096577
angle,1780513962091712296,-0.00201879721134901,0,0.00999978743493557
angle,1780513962127253365,-0.002016328740864992,0,0.009999439120292664
angle,1780513962153794427,-0.002013854682445526,0,0.00999907124787569
angle,1780513962188914250,-0.002011374803259969,0,0.009999727830290794
angle,1780513962220922239,-0.002008889568969607,0,0.009999698959290981
angle,1780513962250121677,-0.002006398746743798,0,0.009999682195484638
angle,1780513962279912362,-0.002003902569413185,0,0.009999415837228298
angle,1780513962314377288,-0.002001400804147124,0,0.00999942235648632
angle,1780513962345816725,-0.001998893450945616,0,0.009999417699873447
angle,1780513962380329354,-0.001996380742639303,0,0.009999246336519718
angle,1780513962409334964,-0.001993862679228187,0,0.009999818168580532
angle,1780513962437571459,-0.001991339027881622,0,0.009999371133744717
angle,1780513962475634324,-0.001988804200664163,0,0.010022515431046486
angle,1780513962504884929,-0.00198626983910799,0,0.009999711066484451
angle,1780513962540818221,-0.001983730122447014,0,0.009999575093388557
angle,1780513962570917232,-0.00198118481785059,0,0.009999314323067665
angle,1780513962599092702,-0.001978634390980005,0,0.009999099187552929
angle,1780513962631715100,-0.001976078609004617,0,0.00999959371984005
angle,1780513962666268076,-0.001973517471924424,0,0.009999661706387997
angle,1780513962701245859,-0.001970951212570071,0,0.009999415837228298
angle,1780513962728726786,-0.001968379598110914,0,0.009999445639550686
angle,1780513962756373448,-0.001965802861377597,0,0.009999497793614864
angle,1780513962792522411,-0.001963220769539475,0,0.009998655878007412
angle,1780513962828101606,-0.001960633555427194,0,0.009999455884099007
angle,1780513962861134368,-0.001958041219040751,0,0.009999318048357964
angle,1780513962888007885,-0.001955443527549505,0,0.00999941024929285
angle,1780513962914614511,-0.001952840946614742,0,0.009999378584325314
angle,1780513962948724011,-0.001950233243405819,0,0.009999409317970276
angle,1780513962981244109,-0.001947620417922735,0,0.009999517351388931
angle,1780513963009121214,-0.001945002470165491,0,0.009999432601034641
angle,1780513963035332176,-0.001942379400134087,0,0.009999332018196583
angle,1780513963069468747,-0.001939751324243844,0,0.009999142959713936
angle,1780513963103051363,-0.001937118242494762,0,0.009999150410294533
angle,1780513963138946087,-0.001934480154886842,0,0.009999350644648075
angle,1780513963171109222,-0.001931837177835405,0,0.009998774155974388
angle,1780513963204496371,-0.001929189194925129,0,0.009999509900808334
angle,1780513963236553376,-0.001926536322571337,0,0.009999267756938934
angle,1780513963271934829,-0.001923878444358706,0,0.00999969057738781
angle,1780513963302175552,-0.001921215793117881,0,0.009999493137001991
angle,1780513963334565593,-0.001918548136018217,0,0.009999456815421581
angle,1780513963363356569,-0.001915875705890357,0,0.009999449364840984
angle,1780513963391056795,-0.001913198386318982,0,0.009999330155551434
angle,1780513963422278550,-0.001910516293719411,0,0.009999857284128666
angle,1780513963455923828,-0.001907829311676323,0,0.009999539703130722
angle,1780513963485985192,-0.001905137556605041,0,0.00999945867806673
angle,1780513963510844706,-0.001902441028505564,0,0.009999438188970089
angle,1780513963545509507,-0.001899739843793213,0,0.009999520145356655
angle,1780513963571110129,-0.001897033886052668,0,0.009999499656260014
angle,1780513963605101347,-0.001894323155283928,0,0.009999305009841919
angle,1780513963632715818,-0.001891607767902315,0,0.00999961793422699
angle,1780513963660625041,-0.00188888784032315,0,0.009999611414968967
angle,1780513963709909000,-0.001886163139715791,0,0.009999444708228111
angle,1780513963751485591,-0.00188343389891088,0,0.00999943632632494
angle,1780513963785035632,-0.001880700001493096,0,0.009999224916100502
angle,1780513963813790172,-0.001877961563877761,0,0.009999211877584457
angle,1780513963842466254,-0.001875218586064875,0,0.009998961351811886
angle,1780513963872183058,-0.001872471068054438,0,0.00999918021261692
angle,1780513963905494028,-0.001869719009846449,0,0.009999397210776806
angle,1780513963932315963,-0.001866962411440909,0,0.009999275207519531
angle,1780513963965331474,-0.001864201389253139,0,0.009999655187129974
angle,1780513963991025868,-0.001861435943283141,0,0.009999818168580532
angle,1780513964028976442,-0.001858665957115591,0,0.009999551810324192
angle,1780513964055345929,-0.001855891547165811,0,0.009999342262744904
angle,1780513964082973631,-0.001853112829849124,0,0.0099995918571949
angle,1780513964114690125,-0.001850329572334886,0,0.009999576956033707
angle,1780513964141262533,-0.001847541891038418,0,0.009999219328165054
angle,1780513964172667032,-0.001844749902375042,0,0.009999342262744904
angle,1780513964205680963,-0.001841953606344759,0,0.009999464266002178
angle,1780513964239049975,-0.001839153002947569,0,0.009999609552323818
angle,1780513964267283919,-0.001836348092183471,0,0.009999532252550125
angle,1780513964293557014,-0.001833538990467787,0,0.00999970268458128
angle,1780513964322816472,-0.001830725581385195,0,0.009999849833548069
angle,1780513964345869609,-0.001827907981351018,0,0.009999866597354412
angle,1780513964369850333,-0.001825086073949933,0,0.00999979954212904
angle,1780513964404527950,-0.001822260092012584,0,0.009999850764870644
angle,1780513964430067993,-0.001819429802708328,0,0.009999717585742474
angle,1780513964454978620,-0.001816595322452486,0,0.009999790228903294
angle,1780513964488687828,-0.001813756767660379,0,0.009999234229326248
angle,1780513964518937887,-0.001810914138332009,0,0.009999419562518597
angle,1780513964545517100,-0.001808067318052053,0,0.009999916888773441
angle,1780513964572433158,-0.001805216423235834,0,0.009999878704547882
angle,1780513964606989732,-0.00180236145388335,0,0.009999853558838367
angle,1780513964639536674,-0.001799502409994602,0,0.00999978743493557
angle,1780513964666748950,-0.001796639407984912,0,0.009999805130064487
angle,1780513964693317209,-0.001793772331438959,0,0.009999684989452362
angle,1780513964728049170,-0.001790901413187385,0,0.009999370202422142
angle,1780513964760706533,-0.001788026420399547,0,0.009999372065067291
angle,1780513964791355898,-0.001785147585906088,0,0.00999949499964714
angle,1780513964815443100,-0.001782264676876366,0,0.009999395348131657
angle,1780513964849963196,-0.001779378042556345,0,0.009999510832130909
angle,1780513964883080070,-0.001776487450115383,0,0.009999008849263191
angle,1780513964910181832,-0.0017735930159688,0,0.00999938603490591
angle,1780513964936552654,-0.001770694740116596,0,0.009999508038163185
angle,1780513964965524184,-0.001767792622558773,0,0.009999500587582588
angle,1780513964990953315,-0.001764886663295329,0,0.00999955553561449
angle,1780513965017676735,-0.001761976978741586,0,0.009999344125390053
angle,1780513965050183553,-0.001759063452482224,0,0.009999560192227364
angle,1780513965082989004,-0.001756146200932562,0,0.009999660775065422
angle,1780513965120325753,-0.001753225224092603,0,0.0099993497133255
angle,1780513965148827688,-0.001750300521962345,0,0.009999729692935944
angle,1780513965176311375,-0.001747371978126466,0,0.009999167174100876
angle,1780513965202353498,-0.001744439825415611,0,0.009999269619584084
angle,1780513965230898055,-0.00174150406382978,0,0.009999454021453857
angle,1780513965260900658,-0.00173856457695365,0,0.009999360889196396
angle,1780513965291379780,-0.001735621481202543,0,0.009999469853937626
angle,1780513965326320007,-0.001732674776576459,0,0.009999445639550686
angle,1780513965354987398,-0.001729724579490721,0,0.009999699890613556
angle,1780513965389671233,-0.001726770889945328,0,0.009999226778745651
angle,1780513965419684448,-0.001723813591524959,0,0.009999372996389866
angle,1780513965448245666,-0.001720852684229612,0,0.009999808855354786
angle,1780513965480315155,-0.001717888284474611,0,0.009999721311032772
angle,1780513965506339096,-0.001714920508675277,0,0.009998893365263939
angle,1780513965531396830,-0.001711949124000967,0,0.009999711066484451
angle,1780513965562070763,-0.001708974246867001,0,0.009999639354646206
angle,1780513965594857366,-0.001705996110104024,0,0.009999594651162624
angle,1780513965621237877,-0.001703014364466071,0,0.009999622590839863
angle,1780513965655848810,-0.001700029242783785,0,0.009999418631196022
angle,1780513965686327502,-0.001697040745057166,0,0.009999415837228298
angle,1780513965712604039,-0.001694048987701535,0,0.009999037720263004
angle,1780513965744068455,-0.00169105373788625,0,0.009999427013099194
angle,1780513965773298465,-0.001688055344857275,0,0.009998941794037819
angle,1780513965803589481,-0.001685053459368646,0,0.009999614208936691
angle,1780513965834515861,-0.001682048430666327,0,0.009999562986195087
angle,1780513965861573601,-0.001679040142334998,0,0.009999365545809269
angle,1780513965894235730,-0.001676028710789979,0,0.009999344125390053
angle,1780513965921755679,-0.001673013903200626,0,0.00999935157597065
angle,1780513965957227231,-0.001669995952397585,0,0.009999692440032959
angle,1780513965985973889,-0.001666974741965532,0,0.009999475441873074
angle,1780513966014005983,-0.00166395038831979,0,0.00999939814209938
angle,1780513966046314153,-0.001660922891460359,0,0.009999514557421207
angle,1780513966077643946,-0.001657892251387239,0,0.009999403730034828
angle,1780513966106549677,-0.001654858351685107,0,0.009999439120292664
angle,1780513966134445410,-0.001651821425184608,0,0.009999547153711319
angle,1780513966166672362,-0.001648781471885741,0,0.009999644011259079
angle,1780513966193641142,-0.001645738258957863,0,0.009999532252550125
angle,1780513966222827056,-0.001642692135646939,0,0.009999526664614677
angle,1780513966254626234,-0.001639642985537648,0,0.00999937579035759
angle,1780513966282768845,-0.001636590925045311,0,0.009999423287808895
angle,1780513966313351498,-0.001633535721339285,0,0.009999115951359272
angle,1780513966346695254,-0.001630477607250214,0,0.009999627247452736
angle,1780513966381829555,-0.001627416582778096,0,0.00999905914068222
angle,1780513966410744201,-0.001624352531507611,0,0.009999211877584457
angle,1780513966437088075,-0.001621285686269403,0,0.009999514557421207
angle,1780513966463850932,-0.001618215930648148,0,0.009999837726354599
angle,1780513966492301737,-0.00161514338105917,0,0.009999789297580719
angle,1780513966520126927,-0.001612067921087146,0,0.009999927133321762
angle,1780513966555588761,-0.001608989550732076,0,0.009999836795032024
angle,1780513966584206069,-0.001605908269993961,0,0.009999296627938747
angle,1780513966613274938,-0.001602824195288122,0,0.009999499656260014
angle,1780513966644336984,-0.001599737326614559,0,0.009999523870646954
angle,1780513966675184744,-0.001596647663973272,0,0.009999684989452362
angle,1780513966703707643,-0.001593555207364261,0,0.009999525733292103
angle,1780513966732461331,-0.001590460073202848,0,0.00999947264790535
angle,1780513966762355635,-0.001587362145073712,0,0.009999128058552742
angle,1780513966792756805,-0.001584261539392173,0,0.009999673813581467
angle,1780513966824001016,-0.001581158372573555,0,0.00999932736158371
angle,1780513966854833792,-0.001578052528202534,0,0.00999937579035759
angle,1780513966887511851,-0.001574944006279111,0,0.00999986007809639
angle,1780513966918780891,-0.001571832923218608,0,0.009999394416809082
angle,1780513966947607897,-0.001568719279021025,0,0.009999418631196022
angle,1780513966978924155,-0.001565603073686361,0,0.0099997129291296
angle,1780513967009604399,-0.001562484190799296,0,0.009999430738389492
angle,1780513967041555715,-0.001559362863190472,0,0.009999550879001617
angle,1780513967068520785,-0.001556238858029246,0,0.009999500587582588
angle,1780513967097167523,-0.001553112408146262,0,0.009999492205679417
angle,1780513967129060560,-0.001549983397126198,0,0.009999520145356655
angle,1780513967155618660,-0.001546851824969053,0,0.009999345056712627
angle,1780513967186168768,-0.00154371780809015,0,0.009999836795032024
angle,1780513967222663906,-0.001540581462904811,0,0.009999489411711693
angle,1780513967257039407,-0.001537442556582391,0,0.009999627247452736
angle,1780513967291180834,-0.001534301321953535,0,0.009998997673392296
angle,1780513967320900944,-0.001531157642602921,0,0.009999534115195274
angle,1780513967349478331,-0.001528011634945869,0,0.009999455884099007
angle,1780513967382336876,-0.00152486318256706,0,0.00999954529106617
angle,1780513967417457197,-0.001521712518297136,0,0.009999413043260574
angle,1780513967452781939,-0.001518559642136097,0,0.009999390691518784
angle,1780513967490707369,-0.001515404437668622,0,0.009999453090131283
angle,1780513967516622538,-0.001512246788479388,0,0.009999497793614864
angle,1780513967546901117,-0.001509087043814361,0,0.009999391622841358
angle,1780513967583138387,-0.001505924970842898,0,0.009999382309615612
angle,1780513967617052952,-0.001502760569564998,0,0.009999753907322884
angle,1780513967650966300,-0.001499594072811306,0,0.009999452158808708
angle,1780513967679695213,-0.001496425364166498,0,0.009999388828873634
angle,1780513967707156178,-0.001493254327215254,0,0.0099985646083951
angle,1780513967742938543,-0.001490081194788218,0,0.009999390691518784
angle,1780513967777284746,-0.001486905966885388,0,0.009999685920774937
angle,1780513967811934255,-0.001483728527091444,0,0.009999540634453297
angle,1780513967849198913,-0.001480549108237028,0,0.009999430738389492
angle,1780513967879275060,-0.00147736759390682,0,0.00999938603490591
angle,1780513967908553240,-0.001474183867685497,0,0.009999662637710571
angle,1780513967945455944,-0.001470998162403703,0,0.009999438188970089
angle,1780513967976580380,-0.001467810478061438,0,0.009999390691518784
angle,1780513968011552352,-0.00146462069824338,0,0.009999147616326809
angle,1780513968049495790,-0.001461428939364851,0,0.009999524801969528
angle,1780513968077863636,-0.00145823520142585,0,0.009999489411711693
angle,1780513968104148791,-0.001455039368011057,0,0.009999480098485947
angle,1780513968138022977,-0.001451841788366437,0,0.009999367408454418
angle,1780513968170903347,-0.001448642113246024,0,0.0099995918571949
angle,1780513968207098775,-0.001445440575480461,0,0.009999547153711319
angle,1780513968242358792,-0.001442237175069749,0,0.009999377653002739
angle,1780513968273944204,-0.001439031795598567,0,0.00999948475509882
angle,1780513968302131206,-0.001435824553482234,0,0.009999498724937439
angle,1780513968334529520,-0.001432615448720753,0,0.009999372996389866
angle,1780513968361281584,-0.001429404597729445,0,0.009999430738389492
angle,1780513968392355419,-0.001426191884092987,0,0.009999451227486134
angle,1780513968422303283,-0.001422977424226701,0,0.009999342262744904
angle,1780513968457174141,-0.001419761101715267,0,0.009999540634453297
angle,1780513968483475463,-0.001416543149389327,0,0.009999357163906097
angle,1780513968514181541,-0.001413323334418237,0,0.009999201633036137
angle,1780513968545232763,-0.001410101889632642,0,0.009999481029808521
angle,1780513968573044041,-0.00140687869861722,0,0.009999463334679604
angle,1780513968602339208,-0.00140365376137197,0,0.0099990488961339
angle,1780513968631470267,-0.001400427194312215,0,0.009999469853937626
angle,1780513968667452507,-0.001397198881022632,0,0.00999960582703352
angle,1780513968698695704,-0.001393968937918544,0,0.009999454952776432
angle,1780513968727262566,-0.001390737481415272,0,0.00999915599822998
angle,1780513968770020365,-0.001387504395097494,0,0.009999382309615612
angle,1780513968810190767,-0.001384269678965211,0,0.009999372996389866
angle,1780513968844824248,-0.001381033333018422,0,0.009999524801969528
angle,1780513968872632477,-0.001377795590087771,0,0.009999401867389679
angle,1780513968904542446,-0.001374556217342615,0,0.009999486617743969
angle,1780513968935689621,-0.001371315214782953,0,0.009999288246035576
angle,1780513968961853762,-0.001368072815239429,0,0.009999411180615425
angle,1780513968993663675,-0.001364828902296722,0,0.009999537840485573
angle,1780513969027149153,-0.001361583592370152,0,0.009999423287808895
angle,1780513969055997116,-0.001358336652629077,0,0.009999347850680351
angle,1780513969083804780,-0.00135508831590414,0,0.0099996542558074
angle,1780513969111150843,-0.001351838582195342,0,0.00999965239316225
angle,1780513969142888497,-0.001348587451502681,0,0.009999672882258892
angle,1780513969173670049,-0.001345334807410836,0,0.009999440982937813
angle,1780513969208738276,-0.001342080882750452,0,0.009999268688261509
angle,1780513969244971042,-0.001338825561106205,0,0.00999949686229229
angle,1780513969270720235,-0.001335568958893418,0,0.009999179281294346
angle,1780513969295109613,-0.001332311076112092,0,0.009999746456742287
angle,1780513969325927809,-0.001329051912762225,0,0.009999757632613182
angle,1780513969350004556,-0.001325791352428496,0,0.009999739937484264
angle,1780513969374158489,-0.001322529627941549,0,0.009999851696193218
angle,1780513969407749196,-0.00131926650647074,0,0.0099998340010643
angle,1780513969440677563,-0.001316002104431391,0,0.009999485686421394
angle,1780513969467966763,-0.001312736538238823,0,0.00999951921403408
angle,1780513969499845387,-0.001309469691477716,0,0.009999916888773441
angle,1780513969531830153,-0.001306201796978712,0,0.009999875910580158
angle,1780513969561061571,-0.001302932505495846,0,0.009999838657677174
angle,1780513969591067977,-0.001299662166275084,0,0.009999747388064861
angle,1780513969616802288,-0.001296390662901103,0,0.009999177418649197
angle,1780513969647772420,-0.001293118111789227,0,0.009999532252550125
angle,1780513969682598826,-0.001289844280108809,0,0.00999954342842102
angle,1780513969710250047,-0.001286569517105818,0,0.009999369271099567
angle,1780513969735287486,-0.00128329370636493,0,0.009999365545809269
angle,1780513969769797776,-0.001280016847886145,0,0.009999354369938374
angle,1780513969801968502,-0.001276738941669464,0,0.009999328292906284
angle,1780513969831663969,-0.001273459987714887,0,0.009999764151871204
angle,1780513969862080938,-0.001270180102437735,0,0.00999948475509882
angle,1780513969894887007,-0.001266899285838008,0,0.009999338537454605
angle,1780513969927381885,-0.001263617421500385,0,0.009999572299420834
angle,1780513969962007439,-0.001260334509424865,0,0.00999941024929285
angle,1780513969991874081,-0.001257050666026771,0,0.009999493137001991
angle,1780513970017764819,-0.001253765891306102,0,0.009999635629355907
angle,1780513970048712032,-0.001250480185262859,0,0.009999651461839676
angle,1780513970080905421,-0.001247193664312363,0,0.00999973900616169
angle,1780513970108850634,-0.00124390609562397,0,0.009999661706387997
angle,1780513970139536689,-0.001240617828443646,0,0.009999452158808708
angle,1780513970174227435,-0.001237328513525426,0,0.009999329224228859
angle,1780513970205160209,-0.001234038500115275,0,0.009999307803809643
angle,1780513970234224102,-0.00123074755538255,0,0.00999938789755106
angle,1780513970267666839,-0.001227455912157893,0,0.009999413974583149
angle,1780513970297835583,-0.001224163454025984,0,0.009999466128647327
angle,1780513970328916584,-0.001220870180986822,0,0.009999464266002178
angle,1780513970355996605,-0.00121757632587105,0,0.009999136440455914
angle,1780513970387511682,-0.001214281772263348,0,0.009999537840485573
angle,1780513970416491389,-0.001210986403748393,0,0.00999933760613203
angle,1780513970441485820,-0.001207690453156829,0,0.009999701753258705
angle,1780513970471853576,-0.001204393687658012,0,0.009999683126807213
angle,1780513970506499940,-0.001201096340082586,0,0.009999781847000122
angle,1780513970533528501,-0.001197798177599907,0,0.009999392554163933
angle,1780513970568697080,-0.001194499316625297,0,0.009999947622418404
angle,1780513970594075010,-0.001191199757158756,0,0.009999493137001991
angle,1780513970623645940,-0.001187899732030928,0,0.009999589994549751
angle,1780513970655358841,-0.001184599008411169,0,0.009999667294323444
angle,1780513970682917836,-0.001181297702714801,0,0.009999677538871765
angle,1780513970711333641,-0.001177995931357145,0,0.00999942421913147
angle,1780513970744929064,-0.001174693461507559,0,0.009999587200582027
angle,1780513970776000702,-0.001171390642412007,0,0.009999146685004234
angle,1780513970802087102,-0.001168087241239846,0,0.009999518282711506
angle,1780513970831402091,-0.001164783374406397,0,0.009999376721680164
angle,1780513970863632813,-0.001161479041911662,0,0.009999634698033333
angle,1780513970894532250,-0.001158174243755639,0,0.009999437257647514
angle,1780513970925838959,-0.001154868979938328,0,0.009999372996389866
angle,1780513970957971768,-0.001151563366875052,0,0.00999956764280796
angle,1780513970987903997,-0.001148257171735168,0,0.009999340400099754
angle,1780513971015947143,-0.001144950743764639,0,0.009999550879001617
angle,1780513971042769903,-0.001141643733717501,0,0.009999468922615051
angle,1780513971073733897,-0.001138336374424398,0,0.009999525733292103
angle,1780513971104146115,-0.001135028665885329,0,0.009999223984777927
angle,1780513971137610002,-0.001131720608100295,0,0.0099997753277421
angle,1780513971167253244,-0.001128412201069295,0,0.009999223053455353
angle,1780513971197484294,-0.00112510344479233,0,0.009999564848840237
angle,1780513971233478364,-0.001121794455684721,0,0.009999223053455353
angle,1780513971266257115,-0.001118485233746469,0,0.009999618865549564
angle,1780513971304050316,-0.001115175662562251,0,0.009999480098485947
angle,1780513971338954307,-0.001111865974962711,0,0.009999259375035763
angle,1780513971368336332,-0.001108555938117206,0,0.009999544359743595
angle,1780513971397071490,-0.001105245668441057,0,0.00999950710684061
angle,1780513971435476051,-0.001101935165934265,0,0.009999573230743408
angle,1780513971468309144,-0.00109862454701215,0,0.00999915599822998
angle,1780513971501592106,-0.001095313695259392,0,0.009999859146773815
angle,1780513971528962968,-0.001092002727091312,0,0.009999834932386875
angle,1780513971553906618,-0.001088691526092589,0,0.009999825619161129
angle,1780513971585266527,-0.001085380208678544,0,0.009999871253967285
angle,1780513971608875287,-0.001082068658433855,0,0.009999861940741539
angle,1780513971637159006,-0.001078756991773844,0,0.009999832138419151
angle,1780513971667359198,-0.001075445325113833,0,0.009999876841902733
angle,1780513971698214497,-0.001072133425623178,0,0.009999815374612808
angle,1780513971724378336,-0.001068821526132524,0,0.009999689646065235
angle,1780513971754596101,-0.001065509510226548,0,0.009999534115195274
angle,1780513971786722054,-0.001062197494320571,0,0.009999217465519905
angle,1780513971821369234,-0.001058885478414595,0,0.009999184869229794
angle,1780513971850455756,-0.001055573578923941,0,0.009999629110097885
angle,1780513971878812316,-0.001052261563017964,0,0.009999586269259453
angle,1780513971919735622,-0.00104894966352731,0,0.009999566711485386
angle,1780513971957585483,-0.001045637996867299,0,0.009999453090131283
angle,1780513971993522361,-0.001042326330207288,0,0.009999861009418964
angle,1780513972031215707,-0.001039014779962599,0,0.009999442845582962
angle,1780513972067809680,-0.001035703346133232,0,0.009995809756219387
angle,1780513972102270219,-0.001032391912303865,0,0.009999551810324192
angle,1780513972130794882,-0.001029080827720463,0,0.009998581372201443
angle,1780513972157237279,-0.001025769743137062,0,0.00999982375651598
angle,1780513972189829009,-0.001022458891384304,0,0.009999463334679604
angle,1780513972225734192,-0.001019148272462189,0,0.009999477304518223
angle,1780513972254363989,-0.001015837769955397,0,0.009999600239098072
angle,1780513972283628993,-0.001012527267448604,0,0.009999457746744156
angle,1780513972311030023,-0.001009216997772455,0,0.009999328292906284
angle,1780513972341736793,-0.001005906844511628,0,0.009999752044677734
angle,1780513972372780133,-0.001002596807666123,0,0.009999450296163559
angle,1780513972406198840,-0.000999287120066583,0,0.009999329224228859
angle,1780513972435130465,-0.000995977665297687,0,0.009999526664614677
angle,1780513972464234918,-0.000992668443359435,0,0.009999377653002739
angle,1780513972494116623,-0.000989359454251826,0,0.009999524801969528
angle,1780513972525273674,-0.000986050814390182,0,0.009999364614486694
angle,1780513972552545526,-0.000982742523774505,0,0.009999395348131657
angle,1780513972583621328,-0.000979434698820114,0,0.009999644942581654
angle,1780513972616541391,-0.000976127223111689,0,0.009999304078519344
angle,1780513972645225736,-0.00097282009664923,0,0.009999649599194527
angle,1780513972675363952,-0.000969513377640396,0,0.009999464266002178
angle,1780513972703835087,-0.000966207007877529,0,0.009999089874327183
angle,1780513972732061891,-0.000962900987360626,0,0.009999320842325687
angle,1780513972764850060,-0.000959595490712672,0,0.0099994707852602
angle,1780513972794116481,-0.000956290343310684,0,0.009999426081776619
angle,1780513972827941070,-0.000952985661569983,0,0.009999416768550873
angle,1780513972856735544,-0.000949681445490569,0,0.009999248199164867
angle,1780513972885042208,-0.00094637757865712,0,0.009999625384807587
angle,1780513972915540429,-0.000943074352107942,0,0.00999941024929285
angle,1780513972944017474,-0.000939771474804729,0,0.009999549947679043
angle,1780513972972032234,-0.000936469237785786,0,0.009999529458582401
angle,1780513973002706840,-0.000933167466428131,0,0.009999662637710571
angle,1780513973035519741,-0.000929866218939424,0,0.009999183937907219
angle,1780513973064574316,-0.000926565611734986,0,0.00999933760613203
angle,1780513973094935703,-0.000923265470191836,0,0.00999952107667923
angle,1780513973124770944,-0.000919966027140617,0,0.009999103844165802
angle,1780513973156024743,-0.000916667107958347,0,0.009999777190387249
angle,1780513973181967990,-0.000913368829060346,0,0.009999153204262257
angle,1780513973210906168,-0.000910071190446615,0,0.009999418631196022
angle,1780513973236811616,-0.000906774250324816,0,0.00999913178384304
angle,1780513973263279906,-0.000903477892279625,0,0.0099995331838727
angle,1780513973297707587,-0.000900182232726365,0,0.009999552741646767
angle,1780513973331270390,-0.000896887329872698,0,0.009999480098485947
angle,1780513973357497362,-0.000893593009095639,0,0.009998827241361141
angle,1780513973385158794,-0.000890299445018172,0,0.009999429807066917
angle,1780513973418507636,-0.000887006521224976,0,0.009998958557844162
angle,1780513973452009134,-0.000883714412339032,0,0.00999924074858427
angle,1780513973480808740,-0.00088042306015268,0,0.009998215362429619
angle,1780513973509642871,-0.00087713252287358,0,0.009999613277614117
angle,1780513973543271424,-0.000873842742294073,0,0.00999954529106617
angle,1780513973576925218,-0.000870553834829479,0,0.009999402798712254
angle,1780513973610058584,-0.000867265684064478,0,0.009999061934649944
angle,1780513973636231798,-0.000863978289999068,0,0.009999413974583149
angle,1780513973663736517,-0.000860691769048572,0,0.009999175556004047
angle,1780513973699812310,-0.000857406063005328,0,0.009999486617743969
angle,1780513973733324984,-0.000854121113661677,0,0.009999437257647514
angle,1780513973771581769,-0.000850836979225278,0,0.009999624453485012
angle,1780513973813536085,-0.000847553892526776,0,0.009998759254813194
angle,1780513973866065691,-0.000844271562527865,0,0.00999940000474453
angle,1780513973902671497,-0.000840990163851529,0,0.009999546222388744
angle,1780513973937279000,-0.000837709754705429,0,0.009999037720263004
angle,1780513973973109338,-0.000834430276881903,0,0.009999459609389305
angle,1780513973999743575,-0.000831151672173291,0,0.009999163448810577
angle,1780513974027252044,-0.000827874173410237,0,0.009999134577810764
angle,1780513974059200573,-0.000824597547762096,0,0.009999603033065796
angle,1780513974091130062,-0.000821321969851851,0,0.00999948475509882
angle,1780513974118152144,-0.000818047381471843,0,0.009999522939324379
angle,1780513974150082783,-0.00081477384082973,0,0.009999312460422516
angle,1780513974183970813,-0.000811501231510192,0,0.009999608621001244
angle,1780513974215613303,-0.000808229669928551,0,0.009999401867389679
angle,1780513974243064897,-0.000804959214292467,0,0.00999946054071188
angle,1780513974275905493,-0.000801689748186618,0,0.009999362751841545
angle,1780513974303525570,-0.000798421388026327,0,0.009999402798712254
angle,1780513974334174599,-0.000795154075603932,0,0.009999425150454044
angle,1780513974362012518,-0.000791887869127095,0,0.009998928755521774
angle,1780513974397163907,-0.000788622826803476,0,0.009999345988035202
angle,1780513974425915147,-0.000785358832217753,0,0.00999951921403408
angle,1780513974461530719,-0.000782096059992909,0,0.009999667294323444
angle,1780513974491403193,-0.000778834393713623,0,0.009999416768550873
angle,1780513974516867286,-0.000775574008002877,0,0.009999733418226242
angle,1780513974542628245,-0.000772314786445349,0,0.009999897330999374
angle,1780513974571751695,-0.000769056787248701,0,0.009999844245612621
angle,1780513974604268834,-0.00076579989399761,0,0.009999863803386688
angle,1780513974633954453,-0.000762544164899737,0,0.00999984610825777
angle,1780513974661927103,-0.000759289658162743,0,0.009999649599194527
angle,1780513974693114860,-0.000756036315578967,0,0.009999852627515793
angle,1780513974722796789,-0.000752784195356071,0,0.009999756701290607
angle,1780513974754778706,-0.000749533355701715,0,0.009999699890613556
angle,1780513974785046986,-0.00074628385482356,0,0.009999699890613556
angle,1780513974816144434,-0.000743035576306283,0,0.009999621659517288
angle,1780513974844671360,-0.000739788636565208,0,0.009999517351388931
angle,1780513974870490584,-0.000736543093807995,0,0.009999532252550125
angle,1780513974905502021,-0.000733298889826983,0,0.009999723173677921
angle,1780513974931090105,-0.000730056082829833,0,0.009999594651162624
angle,1780513974964958342,-0.000726814672816545,0,0.009999651461839676
angle,1780513974991668905,-0.000723574659787118,0,0.009999368339776993
angle,1780513975026986345,-0.000720336043741554,0,0.009999032132327557
angle,1780513975053311970,-0.000717098824679852,0,0.00999941024929285
angle,1780513975087295216,-0.000713863002602011,0,0.009999452158808708
angle,1780513975112956289,-0.000710628519300371,0,0.009999449364840984
angle,1780513975146304045,-0.000707395549397916,0,0.009999372996389866
angle,1780513975174631117,-0.000704163976479322,0,0.00999951921403408
angle,1780513975206993236,-0.00070093380054459,0,0.009999169036746025
angle,1780513975233084278,-0.000697705079801381,0,0.009999321773648262
angle,1780513975260869504,-0.000694477930665016,0,0.00999958161264658
angle,1780513975296852755,-0.000691252236720175,0,0.009999550879001617
angle,1780513975323180997,-0.000688028056174517,0,0.009999359026551247
angle,1780513975353016044,-0.000684805389028043,0,0.009999343194067478
angle,1780513975385839868,-0.000681584235280752,0,0.009999550879001617
angle,1780513975414780204,-0.000678364653140306,0,0.00999927893280983
angle,1780513975441276054,-0.000675146642606705,0,0.00999941024929285
angle,1780513975475034679,-0.000671930145472288,0,0.009999332949519157
angle,1780513975505314542,-0.000668715278152376,0,0.009999449364840984
angle,1780513975530463776,-0.000665501982439309,0,0.009999601170420647
angle,1780513975564250100,-0.000662290258333087,0,0.009999523870646954
angle,1780513975595820859,-0.00065908016404137,0,0.0099995918571949
angle,1780513975626236717,-0.000655871583148837,0,0.009999635629355907
angle,1780513975651546857,-0.000652664690278471,0,0.00999982375651598
angle,1780513975682566453,-0.000649459369014949,0,0.009999730624258518
angle,1780513975715469357,-0.000646255735773593,0,0.009999684989452362
angle,1780513975741338494,-0.000643053732346743,0,0.009999753907322884
angle,1780513975773031053,-0.00063985341694206,0,0.009999549947679043
angle,1780513975799880253,-0.000636654789559543,0,0.00999966636300087
angle,1780513975835715992,-0.000633457850199193,0,0.009999643079936504
angle,1780513975864112621,-0.00063026265706867,0,0.009999618865549564
angle,1780513975892968448,-0.000627069151960313,0,0.009999550879001617
angle,1780513975925487861,-0.000623877451289445,0,0.009999582543969154
angle,1780513975952538330,-0.000620687438640743,0,0.009999153204262257
angle,1780513975980494201,-0.000617499288637191,0,0.00999956764280796
angle,1780513976015910117,-0.000614312884863466,0,0.009999459609389305
angle,1780513976046194506,-0.000611128401942551,0,0.009999258443713188
angle,1780513976072968402,-0.000607945548836142,0,0.00999944843351841
angle,1780513976106983793,-0.000604764616582543,0,0.009999568574130535
angle,1780513976134552168,-0.000601585546974093,0,0.009999267756938934
angle,1780513976166457325,-0.000598408281803131,0,0.00999933760613203
angle,1780513976193029317,-0.000595232064370066,0,0.010001683607697487
angle,1780513976218682182,-0.000592058408074081,0,0.009999638423323631
angle,1780513976245791685,-0.000588886730838567,0,0.009999324567615986
angle,1780513976273085271,-0.000585716858040541,0,0.009999134577810764
angle,1780513976307520051,-0.000582548906095326,0,0.009999522939324379
angle,1780513976341320873,-0.000579382758587599,0,0.009999503381550312
angle,1780513976369486217,-0.000576218531932682,0,0.009999527595937252
angle,1780513976398934567,-0.000573056167922914,0,0.009999540634453297
angle,1780513976435679259,-0.000569895782973617,0,0.00999944657087326
angle,1780513976468954932,-0.000566737377084792,0,0.009999667294323444
angle,1780513976499560402,-0.000563580833841115,0,0.009999417699873447
angle,1780513976526150072,-0.000560426327865571,0,0.009999783709645271
angle,1780513976551864285,-0.000557273800950497,0,0.00999986007809639
angle,1780513976586969227,-0.000554123253095895,0,0.00999947264790535
angle,1780513976621642984,-0.000550974626094103,0,0.00999973900616169
angle,1780513976651083531,-0.000547827978152782,0,0.00999913364648819
angle,1780513976678261483,-0.000544683425687253,0,0.009999452158808708
angle,1780513976714169209,-0.000541540852282196,0,0.009999350644648075
angle,1780513976746128450,-0.000538400316145271,0,0.009999535046517849
angle,1780513976780560478,-0.000535261875484139,0,0.009999508038163185
angle,1780513976809999131,-0.000532125530298799,0,0.009999671019613743
angle,1780513976834362073,-0.000528991222381592,0,0.009999475441873074
angle,1780513976865790360,-0.000525859126355499,0,0.00999964028596878
angle,1780513976887979326,-0.000522729067597538,0,0.00999951921403408
angle,1780513976916486735,-0.00051960110431537,0,0.009999649599194527
angle,1780513976955812622,-0.000516475178301334,0,0.009999412111938
angle,1780513976992120256,-0.000513351405970752,0,0.009998828172683716
angle,1780513977026742041,-0.000510229729115963,0,0.009999498724937439
angle,1780513977060676312,-0.000507110264152288,0,0.009999455884099007
angle,1780513977090405833,-0.000503993011079729,0,0.009999419562518597
angle,1780513977121679980,-0.000500877795275301,0,0.009999450296163559
angle,1780513977154912684,-0.000497764849569649,0,0.009999435395002365
angle,1780513977187331864,-0.000494654115755111,0,0.00999942421913147
angle,1780513977223535913,-0.000491545535624027,0,0.00999960396438837
angle,1780513977254327925,-0.000488439225591719,0,0.009999572299420834
angle,1780513977284712015,-0.000485335069242865,0,0.00999952107667923
angle,1780513977313732320,-0.000482233153888956,0,0.009999390691518784
angle,1780513977343535200,-0.000479133450426161,0,0.009999381378293037
angle,1780513977373642359,-0.000476035987958312,0,0.009999166242778301
angle,1780513977403256531,-0.000472940824693069,0,0.00999965239316225
angle,1780513977433916307,-0.000469847931526601,0,0.009999415837228298
angle,1780513977466282769,-0.000466757308458909,0,0.009999445639550686
angle,1780513977495009370,-0.000463668926386163,0,0.009999636560678482
angle,1780513977522799845,-0.000460582930827513,0,0.009999163448810577
angle,1780513977552084139,-0.00045749920536764,0,0.009999535046517849
angle,1780513977586070658,-0.000454417837318033,0,0.009999445639550686
angle,1780513977614540284,-0.000451338768471032,0,0.009999572299420834
angle,1780513977648655854,-0.000448262086138129,0,0.009999359026551247
angle,1780513977677296543,-0.000445187732111663,0,0.009998838417232037
angle,1780513977704995748,-0.000442115735495463,0,0.009998898021876812
angle,1780513977731130363,-0.00043904609628953,0,0.009999564848840237
angle,1780513977763723696,-0.000435978930909187,0,0.009999357163906097
angle,1780513977791620904,-0.000432914181146771,0,0.009999451227486134
angle,1780513977821267243,-0.000429851788794622,0,0.009999564848840237
angle,1780513977852277160,-0.000426791841164231,0,0.009999343194067478
angle,1780513977881051784,-0.000423734338255599,0,0.009999518282711506
angle,1780513977916028146,-0.000420679163653404,0,0.009999698027968407
angle,1780513977942702953,-0.000417626404669136,0,0.009999418631196022
angle,1780513977976117164,-0.000414576032198966,0,0.009999559260904789
angle,1780513978004196418,-0.000411528133554384,0,0.009999163448810577
angle,1780513978034061781,-0.000408482679631561,0,0.00999958161264658
angle,1780513978060949626,-0.000405439728638157,0,0.00999958161264658
angle,1780513978095940219,-0.000402399251470342,0,0.00999960396438837
angle,1780513978126350452,-0.000399361335439608,0,0.00999924261122942
angle,1780513978153292068,-0.000396325922338292,0,0.009999136440455914
angle,1780513978189292507,-0.000393293041270226,0,0.00999940000474453
angle,1780513978215502462,-0.000390262750443071,0,0.009999855421483517
angle,1780513978241400098,-0.000387235049856827,0,0.009999367408454418
angle,1780513978274642574,-0.000384209852200001,0,0.009999411180615425
angle,1780513978306121116,-0.000381187215680256,0,0.009999356232583523
angle,1780513978333818575,-0.000378167111193761,0,0.009999584406614304
angle,1780513978362249132,-0.000375149567844346,0,0.009999478235840797
angle,1780513978397465986,-0.000372134643839672,0,0.009999459609389305
angle,1780513978422893203,-0.000369122251868248,0,0.009999236091971397
angle,1780513978451880740,-0.000366112450137734,0,0.009999586269259453
angle,1780513978485009738,-0.000363105267751962,0,0.009999514557421207
angle,1780513978512287792,-0.0003601006756071,0,0.00999955739825964
angle,1780513978542291387,-0.00035709876101464,0,0.009999520145356655
angle,1780513978570386430,-0.000354099494870752,0,0.009999332949519157
angle,1780513978602563002,-0.000351102848071605,0,0.00999954529106617
angle,1780513978635220832,-0.00034810887882486,0,0.009999480098485947
angle,1780513978663476292,-0.000345117616234347,0,0.009999418631196022
angle,1780513978694049640,-0.000342129031196237,0,0.009999241679906845
angle,1780513978722729162,-0.000339143094606698,0,0.009999508038163185
angle,1780513978750823958,-0.000336159893777221,0,0.009999511763453484
angle,1780513978784354525,-0.000333179399603978,0,0.009999368339776993
angle,1780513978813042158,-0.000330201641190797,0,0.009999201633036137
angle,1780513978843052848,-0.000327226560330018,0,0.009999782778322697
angle,1780513978882026432,-0.000324254244333133,0,0.009999611414968967
angle,1780513978920549748,-0.000321284693200141,0,0.00999943632632494
angle,1780513978959820605,-0.000318317848723382,0,0.009999440982937813
angle,1780513978992083032,-0.000315353740006685,0,0.00999920628964901
angle,1780513979027902821,-0.000312392425257713,0,0.00999928917735815
angle,1780513979051867341,-0.000309433904476464,0,0.009999333880841732
angle,1780513979086054113,-0.000306478148559108,0,0.009999510832130909
angle,1780513979111931002,-0.000303525186609477,0,0.009999423287808895
angle,1780513979143511122,-0.000300574960419908,0,0.009999199770390987
angle,1780513979174297570,-0.000297627644613385,0,0.00999931339174509
angle,1780513979201530990,-0.000294683151878417,0,0.009999451227486134
angle,1780513979234736512,-0.000291741482215002,0,0.00999979954212904
angle,1780513979261503479,-0.000288802548311651,0,0.009999625384807587
angle,1780513979286931593,-0.000285866582999006,0,0.009999822825193405
angle,1780513979318191461,-0.000282933469861746,0,0.009999825619161129
angle,1780513979352065800,-0.00028000317979604,0,0.009999865666031837
angle,1780513979381139683,-0.000277075712801889,0,0.009999792091548443
angle,1780513979404062413,-0.000274151127086952,0,0.009999481961131096
angle,1780513979437078958,-0.000271229393547401,0,0.009999686852097511
angle,1780513979470876360,-0.000268310512183234,0,0.009999822825193405
angle,1780513979496949982,-0.000265394541202113,0,0.009999825619161129
angle,1780513979523672275,-0.000262481451500207,0,0.009999871253967285
angle,1780513979555369108,-0.000259571301285177,0,0.009999847039580345
angle,1780513979581459256,-0.000256664090557024,0,0.009999862872064114
angle,1780513979609769262,-0.000253759819315746,0,0.009999848902225494
angle,1780513979645811748,-0.000250858516665176,0,0.009999720379710197
angle,1780513979681739597,-0.00024796012439765,0,0.009999814443290234
angle,1780513979715979910,-0.000245064788032323,0,0.009999580681324005
angle,1780513979749847444,-0.000242172405705787,0,0.009999481961131096
angle,1780513979777464812,-0.000239277025684714,0,0.010019946843385696
angle,1780513979803744450,-0.000236390624195337,0,0.009999535046517849
angle,1780513979839308901,-0.000233507293160073,0,0.009999599307775497
angle,1780513979877064095,-0.000230626959819347,0,0.009999736212193966
angle,1780513979902092131,-0.000227749682380818,0,0.00999952107667923
angle,1780513979931324813,-0.000224875519052148,0,0.00999931525439024
angle,1780513979961573133,-0.000222004382521845,0,0.009999457746744156
angle,1780513979994405668,-0.000219136200030334,0,0.009999570436775684
angle,1780513980021639760,-0.000216271044337191,0,0.009999758563935757
angle,1780513980046569285,-0.000213409002753906,0,0.009999672882258892
angle,1780513980077114243,-0.000210549973417073,0,0.00999971479177475
angle,1780513980101304877,-0.000207693927222863,0,0.009999243542551994
angle,1780513980130838409,-0.000204840951482765,0,0.009999674744904041
angle,1780513980164011926,-0.000201991089852527,0,0.009999667294323444
angle,1780513980196671175,-0.000199144269572571,0,0.00999898836016655
angle,1780513980229725014,-0.00019630060705822,0,0.009999441914260387
angle,1780513980266364960,-0.000193460087757558,0,0.00999955739825964
angle,1780513980293472298,-0.000190622711670585,0,0.009999381378293037
angle,1780513980324257424,-0.000187788435141556,0,0.009999547153711319
angle,1780513980354689510,-0.000184957374585792,0,0.009999490343034267
angle,1780513980381236330,-0.000182129457243718,0,0.009999576024711132
angle,1780513980415251812,-0.000179304683115333,0,0.009999537840485573
angle,1780513980441034124,-0.000176483081304468,0,0.009999443776905537
angle,1780513980475348694,-0.000173664608155377,0,0.009999479167163372
angle,1780513980596620181,-0.000170849278219976,1,0.009999331086874008
angle,1780513980717673330,-0.000168029742781073,1,0.1312692016363144
angle,1780513980743699512,-0.000165191173437051,0,0.2523219883441925
angle,1780513980773014401,-0.000161757372552529,0,0.00999949499964714
angle,1780513980802080124,-0.000157304719323292,0,0.00999942235648632
angle,1780513980831211236,-0.000152169668581337,0,0.009999547153711319
angle,1780513980868116634,-0.000146747290273197,0,0.009999471716582775
angle,1780513980896841456,-0.000141425931360573,0,0.009999074973165989
angle,1780513980927149610,-0.000136532020405866,0,0.009999187663197517
angle,1780513980956083199,-0.000132291650515981,0,0.009998772293329239
angle,1780513980983168433,-0.00012881139991805,0,0.009999246336519718
angle,1780513981013891154,-0.000126078579341993,0,0.009999426081776619
angle,1780513981044179802,-0.000123978752526455,0,0.009999538771808147
angle,1780513981077553653,-0.000122325058327988,0,0.0099992910400033
angle,1780513981105338367,-0.000120894088468049,0,0.009999405592679977
angle,1780513981132177683,-0.000119462085422128,0,0.009998987428843975
angle,1780513981167308341,-0.000117836352728773,0,0.009999389760196209
angle,1780513981193862215,-0.000115878116048407,0,0.009999397210776806
angle,1780513981227335292,-0.00011351485591149,0,0.009999187663197517
angle,1780513981261826941,-0.000110741610114928,0,0.00999935157597065
angle,1780513981289320704,-0.000107612402644008,0,0.00999950896948576
angle,1780513981316880367,-0.000104224869573954,0,0.009999508038163185
angle,1780513981352492367,-0.000100700613984372,0,0.009999391622841358
angle,1780513981381303779,-0.000097164673206862,0,0.009998978115618229
angle,1780513981420172574,-0.000093727561761625,0,0.009999684989452362
angle,1780513981448949442,-0.000090471650764812,0,0.00999951921403408
angle,1780513981476767174,-0.000087443244410679,0,0.00999937579035759
angle,1780513981510228829,-0.000084650782810058,0,0.009999529458582401
angle,1780513981540541471,-0.000082068960182369,0,0.009999788366258144
angle,1780513981565820907,-0.000079646575613879,0,0.009999869391322136
angle,1780513981591720853,-0.000077317330578808,0,0.00999990664422512
angle,1780513981624192445,-0.000075011193985119,0,0.009999841451644897
angle,1780513981650583613,-0.000072664704930503,0,0.009998936206102371
angle,1780513981677028457,-0.000070229150878731,0,0.009999740868806839
angle,1780513981707153550,-0.000067675457103178,0,0.009999606758356094
angle,1780513981742610015,-0.00006499548908323,0,0.009999442845582962
angle,1780513981770027522,-0.000062200553657021,0,0.009999372996389866
angle,1780513981799213811,-0.000059317102568457,0,0.009999568574130535
angle,1780513981831768304,-0.000056381097238045,0,0.009999587200582027
angle,1780513981871173004,-0.000053431511332747,0,0.009999508038163185
angle,1780513981904747896,-0.000050504575483501,0,0.009999171830713749
angle,1780513981942007999,-0.000047628971515223,0,0.009999626316130161
angle,1780513981980139065,-0.000044822747440776,0,0.009999538771808147
angle,1780513982006882396,-0.000042092335206689,0,0.009999613277614117
angle,1780513982032141204,-0.000039433089114027,0,0.009999940171837807
angle,1780513982066917416,-0.00003683143586386,0,0.009999875910580158
angle,1780513982091903879,-0.00003426800321904,0,0.009999560192227364
angle,1780513982115868051,-0.000031721152481623,0,0.00999983586370945
angle,1780513982148601730,-0.00002917032543337,0,0.009999677538871765
angle,1780513982181967985,-0.000026598758267937,0,0.009999440051615238
angle,1780513982219362953,-0.00002399536788289,0,0.009999427944421768
angle,1780513982256101062,-0.000021355577700888,0,0.009999359957873821
angle,1780513982285240177,-0.000018681112123886,0,0.009999486617743969
angle,1780513982312405856,-0.000015978748706402,0,0.009999639354646206
angle,1780513982347646302,-0.00001325893572357,0,0.009999317117035389
angle,1780513982378164294,-0.000010533546628722,0,0.009999549016356468
angle,1780513982404353966,-0.00000781432754593,0,0.009999130852520466
angle,1780513982437520268,-0.000005110967322253,0,0.00999963004142046
angle,1780513982463191808,-0.000002430263066344,0,0.009999371133744717
angle,1780513982496174850,2.247187183e-7,0,0.009999089874327183
angle,1780513982524125658,0.000002854325430235,0,0.009999508038163185
angle,1780513982555295290,0.000005461968612508,0,0.009999504312872887
angle,1780513982581765596,0.000008053169040068,0,0.009999549947679043
angle,1780513982613168098,0.00001063446416083,0,0.009999487549066544
angle,1780513982644692861,0.000013212453268352,0,0.009999450296163559
angle,1780513982671669153,0.000015792740668985,0,0.009999428875744343
angle,1780513982704904995,0.000018379403627478,0,0.009999544359743595
angle,1780513982733752360,0.000020974435756216,0,0.009999554604291916
angle,1780513982767235542,0.000023577998945257,0,0.009999709203839302
angle,1780513982792771757,0.00002618838698254,0,0.009999497793614864
angle,1780513982824224311,0.000028802713131881,0,0.009999440982937813
angle,1780513982852137609,0.000031417406717082,0,0.009999104775488377
angle,1780513982882995153,0.000034028700611088,0,0.009999237023293972
angle,1780513982918725854,0.000036633347917814,0,0.00999939814209938
angle,1780513982948592336,0.000039228929381352,0,0.009999334812164307
angle,1780513982977552258,0.000041814048017841,0,0.009999238885939121
angle,1780513983005122158,0.00004438852192834,0,0.009999397210776806
angle,1780513983031528208,0.000046953096898505,0,0.009999525733292103
angle,1780513983064022660,0.000049509366363054,0,0.009999747388064861
angle,1780513983093276068,0.00005205926936469,0,0.009999377653002739
angle,1780513983122784664,0.000054604879551334,0,0.009999178349971771
angle,1780513983155866485,0.000057148055930156,0,0.009999577887356281
angle,1780513983186146645,0.000059690206398955,0,0.009999660775065422
angle,1780513983212764484,0.000062232138589025,0,0.009999195113778114
angle,1780513983243496038,0.000064774147176649,0,0.00999908335506916
angle,1780513983276634705,0.000067315784690436,0,0.009998470544815063
angle,1780513983304974800,0.000069856294430792,0,0.00999950896948576
angle,1780513983332269813,0.000072394548624288,0,0.00999950710684061
angle,1780513983362732266,0.000074929426773451,0,0.009999514557421207
angle,1780513983395175091,0.000077459844760597,0,0.009999276138842106
angle,1780513983423100533,0.000079985045886133,0,0.009999539703130722
angle,1780513983453493310,0.000082504397141747,0,0.009999454952776432
angle,1780513983484266830,0.000085017796664033,0,0.00999908335506916
angle,1780513983510655113,0.000087525411800016,0,0.009999644942581654
angle,1780513983546508456,0.000090027584519703,0,0.009999492205679417
angle,1780513983576205912,0.000092524867795873,0,0.00999947264790535
angle,1780513983601101365,0.00009501792374067,0,0.00999951921403408
angle,1780513983634092678,0.000097507356258575,0,0.009999493137001991
angle,1780513983661406295,0.000099993631010875,0,0.009999307803809643
angle,1780513983693178853,0.000102477046311833,0,0.009999323636293411
angle,1780513983725607264,0.000104957776784431,0,0.009999423287808895
angle,1780513983753559207,0.000107435691461433,0,0.009999290108680725
angle,1780513983782704722,0.000109910637547728,0,0.00999946054071188
angle,1780513983816288761,0.000112382302177139,0,0.009999612346291542
angle,1780513983844705235,0.000114850256068166,0,0.00999936368316412
angle,1780513983872546592,0.000117314237286337,0,0.009999613277614117
angle,1780513983902566436,0.000119773918413557,0,0.009999546222388744
angle,1780513983955064885,0.000122229117550887,0,0.0099994707852602
angle,1780513983993088116,0.00012467973283492,0,0.009999100118875504
angle,1780513984026650532,0.000127125778817572,0,0.009999508038163185
angle,1780513984052488092,0.000129567328258418,0,0.00999919418245554
angle,1780513984085479775,0.000132004541228525,0,0.009999576956033707
angle,1780513984113502962,0.000134437650558539,0,0.009999437257647514
angle,1780513984145113703,0.000137595401611179,0,0.0129983676597476
angle,1780513984181593725,0.000142307369969785,0,0.01940765790641308
angle,1780513984207539614,0.000144738165545277,0,0.009999516420066357
angle,1780513984238500475,0.000147163606015965,0,0.009999656118452549
angle,1780513984271980435,0.00014958216343075,0,0.009999334812164307
angle,1780513984299240322,0.000151992935570888,0,0.009999403730034828
angle,1780513984324525162,0.00015439567505382,0,0.009999513626098633
angle,1780513984357543666,0.000156790716573596,0,0.009999741800129414
angle,1780513984391131515,0.000159178918693215,0,0.009999487549066544
angle,1780513984416261948,0.000161561387358233,0,0.009999941103160381
angle,1780513984437851109,0.000163939330377616,0,0.009999926201999187
angle,1780513984470386020,0.000166313911904581,0,0.009999878704547882
angle,1780513984492494942,0.000168686034157872,0,0.009999874047935009
angle,1780513984519903999,0.000171056235558353,0,0.009999848902225494
angle,1780513984542500309,0.000173424705280922,0,0.009999856352806091
angle,1780513984564362613,0.000175791312358342,0,0.009999900124967098
angle,1780513984596592874,0.00017815554747358,0,0.009999839588999748
angle,1780513984621993354,0.000180516843101941,0,0.009999849833548069
angle,1780513984648931569,0.00018287448619958,0,0.009999849833548069
angle,1780513984681245565,0.000185227836482227,0,0.009999868459999561
angle,1780513984711745015,0.000187576311873272,0,0.00999961793422699
angle,1780513984736067155,0.000189919592230581,0,0.009998985566198826
angle,1780513984763881744,0.000192257546586916,0,0.009999698959290981
angle,1780513984798530504,0.000194590174942277,0,0.009999649599194527
angle,1780513984832276261,0.000196917724679224,0,0.009999153204262257
angle,1780513984859591545,0.000199240515939891,0,0.009999643079936504
angle,1780513984886796138,0.00020155894162599,0,0.009999580681324005
angle,1780513984918884244,0.000203873365535401,0,0.009999633766710758
angle,1780513984949611867,0.000206184078706428,0,0.00999905914068222
angle,1780513984974986396,0.000208491328521632,0,0.009999647736549377
angle,1780513985005406483,0.000210795187740587,0,0.009999620728194714
angle,1780513985035852456,0.000213095627259463,0,0.009998985566198826
angle,1780513985060270681,0.000215392574318685,0,0.009999084286391735
angle,1780513985092020745,0.000217685839743353,0,0.009998558089137077
angle,1780513985124245682,0.00021997514704708,0,0.009999554604291916
angle,1780513985157858704,0.000222260321606882,0,0.00999949499964714
angle,1780513985192355522,0.000224541188799776,0,0.009999699890613556
angle,1780513985227659739,0.000226817617658526,0,0.009999636560678482
angle,1780513985257101051,0.000229089535423554,0,0.009999418631196022
angle,1780513985288539938,0.000231356956646778,0,0.009999429807066917
angle,1780513985322731836,0.000233619924983941,0,0.009999321773648262
angle,1780513985356967628,0.000235878542298451,0,0.009999347850680351
angle,1780513985382555556,0.000238132939557545,0,0.009999442845582962
angle,1780513985416694588,0.000240383218624629,0,0.009999332018196583
angle,1780513985445390181,0.000242629423155449,0,0.009999525733292103
angle,1780513985476281786,0.000244871655013412,0,0.009999492205679417
angle,1780513985502494640,0.000247109914198518,0,0.009999554604291916
angle,1780513985534726893,0.000249344215262681,0,0.00999973900616169
angle,1780513985559144424,0.000251574529102072,0,0.009999513626098633
angle,1780513985588528294,0.00025380085571669,0,0.009999782778322697
angle,1780513985619906836,0.000256023136898875,0,0.009999845176935196
angle,1780513985648703189,0.000258241227129474,0,0.009999736212193966
angle,1780513985680974781,0.000260455155512318,0,0.00999987032264471
angle,1780513985716141618,0.000262664892943576,0,0.00999986007809639
angle,1780513985742444843,0.000264870352111757,0,0.009999703615903854
angle,1780513985771757022,0.00026707153301686,0,0.009999638423323631
angle,1780513985801377206,0.000269268377451226,0,0.00999953132122755
angle,1780513985834101775,0.000271460972726345,0,0.009999665431678295
angle,1780513985864582347,0.000273649260634556,0,0.009999418631196022
angle,1780513985891594065,0.000275833328487352,0,0.009999098256230354
angle,1780513985926397828,0.000278013205388561,0,0.009999411180615425
angle,1780513985952374843,0.000280188862234354,0,0.009999753907322884
angle,1780513985987559403,0.000282360357232392,0,0.00999921839684248
angle,1780513986013215301,0.000284527661278844,0,0.009998664259910583
angle,1780513986046153368,0.000286690803477541,0,0.009999514557421207
angle,1780513986073527007,0.000288849725620821,0,0.00999901071190834
angle,1780513986101798703,0.000291004485916346,0,0.009999657049775124
angle,1780513986134664269,0.000293155084364116,0,0.009999711997807026
angle,1780513986161728032,0.0002953014918603,0,0.00999943446367979
angle,1780513986194989415,0.000297443708404899,0,0.009999503381550312
angle,1780513986222085665,0.00029958164668642,0,0.009999405592679977
angle,1780513986255541491,0.000301715394016355,0,0.00999956764280796
angle,1780513986281501629,0.000303844921290874,0,0.009999570436775684
angle,1780513986316633638,0.000305970170302317,0,0.009999645873904228
angle,1780513986343457847,0.000308091170154512,0,0.009999449364840984
angle,1780513986375381277,0.000310207920847461,0,0.009999053552746773
angle,1780513986403948653,0.000312320422381163,0,0.009999618865549564
angle,1780513986431204463,0.000314428645651788,0,0.009999602101743221
angle,1780513986461579519,0.000316532619763166,0,0.009999573230743408
angle,1780513986494055049,0.000318632315611467,0,0.00999948475509882
angle,1780513986527300337,0.000320727762300521,0,0.00999961793422699
angle,1780513986551162922,0.000322818959830329,0,0.00999926682561636
angle,1780513986579977403,0.000324905879097059,0,0.009999741800129414
angle,1780513986610902270,0.000326988549204543,0,0.009999890811741352
angle,1780513986641566357,0.000329066999256611,0,0.009999901987612247
angle,1780513986673451725,0.000331141200149432,0,0.009999852627515793
angle,1780513986704040688,0.000333211210090667,0,0.009999890811741352
angle,1780513986733089921,0.000335276912664995,0,0.00999944657087326
angle,1780513986766627941,0.000337338424287736,0,0.009999698959290981
angle,1780513986794602838,0.000339395657647401,0,0.009999603033065796
angle,1780513986825123839,0.000341448554536328,0,0.00999939814209938
angle,1780513986851826181,0.000343497144058347,0,0.009999295696616173
angle,1780513986883072794,0.000345541397109628,0,0.009999544359743595
angle,1780513986912609033,0.000347581313690171,0,0.009999571368098259
angle,1780513986945291271,0.000349616893799976,0,0.009999251924455166
angle,1780513986974538640,0.000351648195646703,0,0.00999944843351841
angle,1780513987021603378,0.000353675161022693,0,0.009999451227486134
angle,1780513987060046963,0.000355697848135605,0,0.009999415837228298
angle,1780513987093650411,0.00035771622788161,0,0.009999589994549751
angle,1780513987121539020,0.000359730329364538,0,0.009999453090131283
angle,1780513987152176000,0.000361740181688219,0,0.009999580681324005
angle,1780513987184337123,0.000363745697541162,0,0.009999247267842293
angle,1780513987217625432,0.000365746935131028,0,0.00999963004142046
angle,1780513987250732282,0.000367743836250156,0,0.009998929686844349
angle,1780513987277528044,0.000369736430002376,0,0.009998845867812634
angle,1780513987306647383,0.000371724716387689,0,0.00999937392771244
angle,1780513987335920007,0.000373708637198433,0,0.009999314323067665
angle,1780513987363115693,0.00037568825064227,0,0.009999450296163559
angle,1780513987395361213,0.000377663498511538,0,0.009999402798712254
angle,1780513987421475806,0.000379634497221559,0,0.00999948289245367
angle,1780513987454118007,0.000381601101253182,0,0.00999909546226263
angle,1780513987483326302,0.000383563427021727,0,0.00999963004142046
angle,1780513987512545365,0.000385521416319534,0,0.009999372065067291
angle,1780513987545708833,0.000387475069146603,0,0.009999201633036137
angle,1780513987576933505,0.000389424443710595,0,0.009999598376452923
angle,1780513987606491270,0.000391369452700019,0,0.009999504312872887
angle,1780513987634355705,0.000393310154322535,0,0.009999310597777367
angle,1780513987664881490,0.000395246461266652,0,0.009999549016356468
angle,1780513987694538597,0.000397178489947692,0,0.009999765083193779
angle,1780513987723970773,0.000399106123950332,0,0.00999937579035759
angle,1780513987755079600,0.000401029479689896,0,0.009999489411711693
angle,1780513987784178285,0.000402948469854891,0,0.009999546222388744
angle,1780513987814013221,0.000404863123549148,0,0.009999314323067665
angle,1780513987846608680,0.000406773411668837,0,0.009999594651162624
angle,1780513987872279560,0.000408679363317788,0,0.00999935157597065
angle,1780513987901777685,0.000410580891184509,0,0.009999115951359272
angle,1780513987932354906,0.000412478111684322,0,0.009999669156968594
angle,1780513987964207574,0.000414370908401906,0,0.009999323636293411
angle,1780513987993048239,0.000416259368648753,0,0.009999407455325127
angle,1780513988023306032,0.00041814346332103,0,0.00999905914068222
angle,1780513988051528595,0.000420023163314909,0,0.009999312460422516
angle,1780513988084561868,0.00042189855594188,0,0.0099995331838727
angle,1780513988111286678,0.000423769553890452,0,0.009999476373195648
angle,1780513988142041303,0.000425636157160625,0,0.009999489411711693
angle,1780513988173131327,0.000427498482167721,0,0.009999317117035389
angle,1780513988213729780,0.000429356383392587,0,0.009999517351388931
angle,1780513988250097884,0.000431209948146716,0,0.009999451227486134
angle,1780513988291983923,0.000433064211392775,0,0.010026797652244568
angle,1780513988322537919,0.000434909015893936,0,0.009999178349971771
angle,1780513988351968868,0.00043674951302819,0,0.009999570436775684
angle,1780513988390460999,0.000438585557276383,0,0.009999407455325127
angle,1780513988430290672,0.000440417235950008,0,0.0099991075694561
angle,1780513988474591073,0.000442244549049065,0,0.009998884052038193
angle,1780513988501229264,0.000444067438365892,0,0.00999937579035759
angle,1780513988539526356,0.00044588593300432,0,0.009999526664614677
angle,1780513988571868681,0.000447700003860518,0,0.009999553672969341
angle,1780513988612607159,0.000449509709142148,0,0.009999354369938374
angle,1780513988652886646,0.00045131501974538,0,0.009999248199164867
angle,1780513988690368002,0.000453115964774042,0,0.0099985022097826
angle,1780513988731278841,0.000454912544228137,0,0.009999222122132778
angle,1780513988774015279,0.000456704699900001,0,0.009999174624681473
angle,1780513988811289046,0.000458492489997298,0,0.00999954342842102
angle,1780513988850872596,0.000460275856312364,0,0.009999021887779236
angle,1780513988892129242,0.000462054827949032,0,0.009999186731874943
angle,1780513988922274834,0.000463829463114962,0,0.009999746456742287
angle,1780513988958524365,0.000465599645394832,0,0.00999903492629528
angle,1780513988994635896,0.000467365491203964,0,0.009999668225646019
angle,1780513989039337737,0.000469126942334697,0,0.009999309666454792
angle,1780513989078158134,0.0004708839696832,0,0.009999300353229046
angle,1780513989113200779,0.000472636631457135,0,0.00999883096665144
angle,1780513989160547178,0.000474384927656502,0,0.00999918207526207
angle,1780513989195383588,0.000476128770969808,0,0.009999308735132217
angle,1780513989227016543,0.000477868190500885,0,0.009998168796300888
angle,1780513989261954821,0.000479603186249733,0,0.009999536909162998
angle,1780513989296754443,0.000481333729112521,0,0.009999537840485573
angle,1780513989326746882,0.00048305987729691,0,0.009999709203839302
angle,1780513989358845195,0.00048478165990673,0,0.009999544359743595
angle,1780513989389957004,0.000486499076941982,0,0.009999278001487255
angle,1780513989418011117,0.000488212099298835,0,0.009999692440032959
angle,1780513989444991940,0.00048992078518495,0,0.00999964028596878
angle,1780513989466643989,0.000491625047288835,0,0.009999175556004047
angle,1780513989494670223,0.000493324885610491,0,0.009999766945838928
angle,1780513989527013081,0.000495020358357579,0,0.009999861940741539
angle,1780513989558483083,0.000496711465530097,0,0.009999885223805904
angle,1780513989598792631,0.000498398148920387,0,0.009999876841902733
angle,1780513989633490000,0.000500080408528447,0,0.009999234229326248
angle,1780513989660298586,0.000501758244354278,0,0.009999333880841732
angle,1780513989698104953,0.00050343171460554,0,0.009999514557421207
angle,1780513989731108243,0.000505100702866912,0,0.009999627247452736
angle,1780513989759080478,0.000506765267346054,0,0.009999552741646767
angle,1780513989791395037,0.000508425408042967,0,0.009999374859035015
angle,1780513989827183918,0.00051008106674999,0,0.009998677298426628
angle,1780513989853208831,0.000511732243467122,0,0.009999371133744717
angle,1780513989887919379,0.000513379054609686,0,0.009999518282711506
angle,1780513989920395483,0.00051502138376236,0,0.0099995918571949
angle,1780513989948932797,0.000516659347340465,0,0.009999493137001991
angle,1780513989984226970,0.00051829288713634,0,0.009999486617743969
angle,1780513990017131758,0.000519925495609641,0,0.010020346380770206
angle,1780513990043538486,0.000521550246048719,0,0.009999577887356281
angle,1780513990070760044,0.000523170689120889,0,0.009999441914260387
angle,1780513990107251374,0.000524786650203168,0,0.009999283589422703
angle,1780513990141211352,0.00052639824571088,0,0.009999683126807213
angle,1780513990174365581,0.000528005417436361,0,0.009999546222388744
angle,1780513990209528895,0.000529608165379614,0,0.009999402798712254
angle,1780513990241302677,0.000531206431332976,0,0.00999933760613203
angle,1780513990270047134,0.000532800273504108,0,0.009999435395002365
angle,1780513990299466337,0.000534389691893011,0,0.009999828413128853
angle,1780513990331896879,0.000535974686499685,0,0.009999791160225868
angle,1780513990361913910,0.000537555257324129,0,0.009998567402362823
angle,1780513990393182187,0.000539131462574005,0,0.009999400936067104
angle,1780513990421319012,0.000540703185833991,0,0.0099989278241992
angle,1780513990453150350,0.000542270485311747,0,0.009999439120292664
angle,1780513990481259386,0.000543833302799612,0,0.00999973714351654
angle,1780513990511988728,0.000545391754712909,0,0.009998764842748642
angle,1780513990543821998,0.000546945724636316,0,0.009999451227486134
angle,1780513990572620962,0.000548495328985155,0,0.009999508038163185
angle,1780513990606568601,0.000550040509551764,0,0.00999972689896822
angle,1780513990632578853,0.000551581266336143,0,0.00999904703348875
angle,1780513990664562122,0.000553117599338293,0,0.009999439120292664
angle,1780513990697107934,0.000554649566765875,0,0.009999246336519718
angle,1780513990727711183,0.000556177168618888,0,0.00999976322054863
angle,1780513990754633491,0.00055770028848201,0,0.009999296627938747
angle,1780513990781561189,0.000559218984562904,0,0.009999382309615612
angle,1780513990811958101,0.000560733256861567,0,0.009999423287808895
angle,1780513990840666896,0.000562243163585663,0,0.009999233298003674
angle,1780513990871013026,0.000563748588319868,0,0.00999956764280796
angle,1780513990905066864,0.000565249589271843,0,0.009999300353229046
angle,1780513990932860808,0.00056674616644159,0,0.009999451227486134
angle,1780513990960342885,0.000568238319829106,0,0.009999560192227364
angle,1780513990990978166,0.000569726049434394,0,0.009999309666454792
angle,1780513991021819131,0.000571209355257452,0,0.009999440982937813
angle,1780513991053754894,0.00057268823729828,0,0.009999620728194714
angle,1780513991083514462,0.00057416275376454,0,0.009998977184295654
angle,1780513991112202138,0.00057563284644857,0,0.009999070316553116
angle,1780513991144903664,0.000577098515350372,0,0.00999937579035759
angle,1780513991171264847,0.000578559760469943,0,0.009999332018196583
angle,1780513991203031843,0.000580016581807286,0,0.009999455884099007
angle,1780513991238366194,0.000581468979362398,0,0.00999948289245367
angle,1780513991275040363,0.000582916953135282,0,0.009999471716582775
angle,1780513991310247309,0.000584360503125936,0,0.009999114088714123
angle,1780513991343738044,0.00058579962933436,0,0.009999435395002365
angle,1780513991380067113,0.000587234389968216,0,0.009999575093388557
angle,1780513991415622196,0.000588664668612182,0,0.009999299421906471
angle,1780513991445719081,0.000590090581681579,0,0.009999489411711693
angle,1780513991482930141,0.000591512070968747,0,0.00999965239316225
angle,1780513991512544570,0.000592929194681346,0,0.00999920442700386
angle,1780513991549334492,0.000594341894611716,0,0.009999445639550686
angle,1780513991585882945,0.000595750170759857,0,0.00999930128455162
angle,1780513991622127818,0.000597154023125768,0,0.009999613277614117
angle,1780513991658505616,0.000598553451709449,0,0.009999672882258892
angle,1780513991692548710,0.000599948514718562,0,0.009999760426580906
angle,1780513991727499613,0.000601339153945446,0,0.009999672882258892
angle,1780513991756310302,0.000602725427597761,0,0.009999693371355534
angle,1780513991791030166,0.000604107277467847,0,0.009999541565775871
angle,1780513991825364247,0.000605484761763364,0,0.009999834932386875
angle,1780513991861288051,0.000606857822276652,0,0.00999964214861393
angle,1780513991891296910,0.000608226517215371,0,0.009999323636293411
angle,1780513991923339051,0.0006095907301642,0,0.009999465197324753
angle,1780513991956082862,0.00061095057753846,0,0.00999994296580553
angle,1780513991987462337,0.000612306001130491,0,0.00999952107667923
angle,1780513992028426688,0.000613657000940293,0,0.009999319911003113
angle,1780513992065981615,0.000615003518760204,0,0.009999788366258144
angle,1780513992090656942,0.000616345671005547,0,0.009999883361160755
angle,1780513992116968885,0.000617683457676321,0,0.009999851696193218
angle,1780513992150207051,0.000619016878772527,0,0.009999589994549751
angle,1780513992183160478,0.000620345876086503,0,0.00999936182051897
angle,1780513992211390927,0.000621670507825911,0,0.009999525733292103
angle,1780513992242983848,0.00062299077399075,0,0.009999478235840797
angle,1780513992272866473,0.000624306558165699,0,0.009999274276196957
angle,1780513992303111024,0.00062561797676608,0,0.009999323636293411
angle,1780513992338813488,0.000626924971584231,0,0.00999944657087326
angle,1780513992367363044,0.000628227600827813,0,0.00999965239316225
angle,1780513992398038686,0.000629525806289166,0,0.009999494068324566
angle,1780513992427257302,0.00063081958796829,0,0.009999343194067478
angle,1780513992453770625,0.000632109004072845,0,0.009999305941164494
angle,1780513992482941334,0.000633394054602832,0,0.009999646805226803
angle,1780513992512768344,0.000634674681350589,0,0.009999394416809082
angle,1780513992543003589,0.000635951000731438,0,0.009999509900808334
angle,1780513992572406354,0.000637222896330059,0,0.009999264031648636
angle,1780513992597868113,0.000638490368146449,0,0.009999368339776993
angle,1780513992628401285,0.000639753532595932,0,0.009999719448387623
angle,1780513992665224327,0.000641012273263186,0,0.00999967660754919
angle,1780513992693605209,0.000642266648355871,0,0.009999631904065609
angle,1780513992720927081,0.000643516657873988,0,0.009999453090131283
angle,1780513992748814715,0.000644762301817536,0,0.009999334812164307
angle,1780513992780537906,0.000646003521978855,0,0.009999469853937626
angle,1780513992810534202,0.000647240434773266,0,0.009999226778745651
angle,1780513992841673827,0.000648472923785448,0,0.00999928917735815
angle,1780513992871716802,0.000649701047223061,0,0.00999955553561449
angle,1780513992900735290,0.000650924746878445,0,0.009999473579227924
angle,1780513992929953567,0.00065214408095926,0,0.009999598376452923
angle,1780513992960218249,0.000653359107673168,0,0.009999211877584457
angle,1780513992989811158,0.000654569710604846,0,0.009998943656682968
angle,1780513993017761876,0.000655775947961956,0,0.00999942235648632
angle,1780513993049139983,0.000656977819744498,0,0.00999903678894043
angle,1780513993084534785,0.00065817532595247,0,0.009999576956033707
angle,1780513993112728563,0.000659368466585875,0,0.009999068453907967
angle,1780513993140215364,0.00066055724164471,0,0.009999456815421581
angle,1780513993173129393,0.000661741651128978,0,0.00999944843351841
angle,1780513993201513843,0.000662921753246337,0,0.009999573230743408
angle,1780513993235266078,0.000664097489789128,0,0.009999316185712814
angle,1780513993272857645,0.000665268918965012,0,0.009999525733292103
angle,1780513993298091221,0.000666435982566327,0,0.009999659843742847
angle,1780513993333611456,0.000667598680593073,0,0.009999502450227737
angle,1780513993378288204,0.000668757071252912,0,0.009999429807066917
angle,1780513993412202927,0.000669911096338183,0,0.009999332018196583
angle,1780513993441558629,0.000671060755848885,0,0.009999174624681473
angle,1780513993477911584,0.000672206049785018,0,0.009999526664614677
angle,1780513993515800925,0.000673347036354244,0,0.009999594651162624
angle,1780513993553963024,0.000674483657348901,0,0.009999440051615238
angle,1780513993585436935,0.00067561591276899,0,0.009999453090131283
angle,1780513993620788143,0.000676743860822171,0,0.009999455884099007
angle,1780513993654066840,0.000677867501508445,0,0.009999850764870644
angle,1780513993692290496,0.000678986718412489,0,0.009999684058129787
angle,1780513993726735570,0.000680101686157286,0,0.009991345927119255
angle,1780513993763290039,0.000681212230119854,0,0.00999964028596878
angle,1780513993793605993,0.000682318233884871,0,0.009999411180615425
angle,1780513993823054159,0.000683419872075319,0,0.009999362751841545
angle,1780513993859365100,0.000684517144691199,0,0.0099995918571949
angle,1780513993896965071,0.000685610168147832,0,0.009998696856200695
angle,1780513993923504545,0.000686698884237558,0,0.009999154135584831
angle,1780513993956246048,0.000687783409375697,0,0.00999930128455162
angle,1780513993991228235,0.00068886368535459,0,0.009999442845582962
angle,1780513994018774386,0.000689939770381898,0,0.009999636560678482
angle,1780513994052952571,0.000691011606249958,0,0.009999568574130535
angle,1780513994100801197,0.000692079192958772,0,0.00999936182051897
angle,1780513994147630486,0.000693142472300678,0,0.009998800233006477
angle,1780513994183983038,0.000694201444275677,0,0.009999483823776245
angle,1780513994214436254,0.000695256050676107,0,0.0099988067522645
angle,1780513994242580998,0.00069630634970963,0,0.009999456815421581
angle,1780513994270272137,0.000697352224960923,0,0.009999320842325687
angle,1780513994300024153,0.000698393734637648,0,0.009999594651162624
angle,1780513994328706174,0.000699430936947465,0,0.009999655187129974
angle,1780513994361852615,0.000700463831890374,0,0.009999395348131657
angle,1780513994391561848,0.000701492361258715,0,0.009998982772231102
angle,1780513994421110821,0.00070251664146781,0,0.009999540634453297
angle,1780513994454558088,0.000703536672517657,0,0.009999441914260387
angle,1780513994484302881,0.000704552454408258,0,0.009999481961131096
angle,1780513994512008831,0.000705563928931952,0,0.009999756701290607
angle,1780513994537959930,0.000706571212504059,0,0.009999914094805717
angle,1780513994568108559,0.00070757424691692,0,0.009999783709645271
angle,1780513994593639314,0.000708573032170534,0,0.009999878704547882
angle,1780513994622984926,0.000709567568264902,0,0.009999820962548256
angle,1780513994656979085,0.000710557855200022,0,0.009999834932386875
angle,1780513994689252738,0.000711543834768236,0,0.009999513626098633
angle,1780513994720490005,0.000712525565177202,0,0.009999626316130161
angle,1780513994748751883,0.000713503046426922,0,0.009998406283557415
angle,1780513994777305713,0.000714476103894413,0,0.009998917579650879
angle,1780513994810371383,0.000715444912202656,0,0.009999267756938934
angle,1780513994841360834,0.000716409354936332,0,0.009999463334679604
angle,1780513994867768381,0.00071736954851076,0,0.00999972689896822
angle,1780513994898068754,0.000718325434718281,0,0.009999617002904415
angle,1780513994930838400,0.000719277071766555,0,0.009999171830713749
angle,1780513994957593388,0.000720224459655583,0,0.009999305009841919
angle,1780513994990941735,0.000721167656593025,0,0.009999559260904789
angle,1780513995021104896,0.00072210660437122,0,0.009999437257647514
angle,1780513995049010139,0.00072304141940549,0,0.009999385103583336
angle,1780513995078569128,0.000723971927072853,0,0.00999946054071188
angle,1780513995105915099,0.000724898301996291,0,0.009999017231166363
angle,1780513995139520414,0.000725820427760482,0,0.00999957975000143
angle,1780513995171325813,0.000726738304365426,0,0.009999504312872887
angle,1780513995198290768,0.000727651990018785,0,0.009999619796872139
angle,1780513995230108991,0.000728561426512897,0,0.009999066591262817
angle,1780513995264167863,0.000729466555640101,0,0.009999632835388184
angle,1780513995301517722,0.000730367435608059,0,0.009998559020459652
angle,1780513995338994507,0.00073126406641677,0,0.009999744594097137
angle,1780513995374832248,0.000732156506273896,0,0.00999932736158371
angle,1780513995412234615,0.000733044638764113,0,0.009999755769968033
angle,1780513995444428390,0.000733928638510406,0,0.009998631663620472
angle,1780513995484152511,0.000734808389097452,0,0.009999426081776619
angle,1780513995517364884,0.000735683948732913,0,0.009999878704547882
angle,1780513995541499084,0.000736555317416787,0,0.009999695234000683
angle,1780513995574996800,0.000737422495149076,0,0.009999622590839863
angle,1780513995609178717,0.00073828554013744,0,0.009999508038163185
angle,1780513995637193835,0.000739144394174218,0,0.009999604895710945
angle,1780513995672454302,0.000739999057259411,0,0.009999634698033333
angle,1780513995710043179,0.000740849587600678,0,0.009999321773648262
angle,1780513995744793611,0.000741695868782699,0,0.009999196976423264
angle,1780513995777787381,0.000742538017220795,0,0.009999261237680912
angle,1780513995816698017,0.000743375858291984,0,0.00999950896948576
angle,1780513995850551273,0.000744209566619247,0,0.009999255649745464
angle,1780513995888675573,0.000745039025787264,0,0.009999656118452549
angle,1780513995923307950,0.000745864294003695,0,0.00999773945659399
angle,1780513995960564849,0.000746685371268541,0,0.009999648667871952
angle,1780513995995258206,0.000747502199374139,0,0.00999904703348875
angle,1780513996021492320,0.000748314894735813,0,0.00999979767948389
angle,1780513996056869116,0.000749123399145901,0,0.009999621659517288
angle,1780513996089357690,0.000749927770812064,0,0.009998977184295654
angle,1780513996114552598,0.000750728009734303,0,0.009999562986195087
angle,1780513996139552600,0.000751524174120277,0,0.009999167174100876
angle,1780513996166676123,0.000752316205762327,0,0.009999663569033146
angle,1780513996201193857,0.000753104104660451,0,0.009999475441873074
angle,1780513996235294531,0.000753887870814651,0,0.009999629110097885
angle,1780513996268138242,0.000754667504224926,0,0.009999699890613556
angle,1780513996301239568,0.000755443004891276,0,0.009999644942581654
angle,1780513996333076559,0.000756214372813702,0,0.009999525733292103
angle,1780513996362780036,0.000756981549784541,0,0.00999945867806673
angle,1780513996389921189,0.000757744594011456,0,0.00999938603490591
angle,1780513996420969601,0.000758503447286785,0,0.009999400936067104
angle,1780513996452774934,0.000759258167818189,0,0.009999684058129787
angle,1780513996479807264,0.000760008813813329,0,0.009999615140259266
angle,1780513996512963087,0.000760755268856883,0,0.009999592788517475
angle,1780513996549846335,0.000761497649364173,0,0.00999936368316412
angle,1780513996575170703,0.000762235897127539,0,0.00999942421913147
angle,1780513996602460069,0.00076297001214698,0,0.009999425150454044
angle,1780513996628665882,0.000763700052630156,0,0.009999076835811138
angle,1780513996662628902,0.000764425960369408,0,0.009999878704547882
angle,1780513996689889208,0.000765147851780057,0,0.009999552741646767
angle,1780513996724715000,0.00076586555223912,0,0.009999644942581654
angle,1780513996756843734,0.00076657923636958,0,0.009999534115195274
angle,1780513996783191881,0.000767288845963776,0,0.00999944657087326
angle,1780513996813148779,0.000767994322814047,0,0.009999508038163185
angle,1780513996842713068,0.000768695725128055,0,0.009999767877161503
angle,1780513996870185606,0.000769393052905798,0,0.009999265894293785
angle,1780513996900139920,0.000770086247939616,0,0.009999372065067291
angle,1780513996930897420,0.000770775368437171,0,0.009999316185712814
angle,1780513996960166752,0.000771460414398462,0,0.00999955553561449
angle,1780513996995884923,0.000772141385823488,0,0.009999481029808521
angle,1780513997021596555,0.000772818340919912,0,0.009999530389904976
angle,1780513997049508365,0.000773491163272411,0,0.009999571368098259
angle,1780513997080002136,0.000774159969296306,0,0.009999039582908154
angle,1780513997112028140,0.000774824700783938,0,0.009999502450227737
angle,1780513997142324346,0.000775485357735306,0,0.009999563917517662
angle,1780513997170797961,0.000776141998358071,0,0.009999386966228485
angle,1780513997203569584,0.000776794564444572,0,0.009999370202422142
angle,1780513997230202713,0.000777443055994809,0,0.009999395348131657
angle,1780513997255517572,0.000778087589424103,0,0.009999390691518784
angle,1780513997282127600,0.000778728048317134,0,0.00999957975000143
angle,1780513997317653934,0.000779364490881562,0,0.009999554604291916
angle,1780513997354033084,0.000779996858909726,0,0.009999293833971024
angle,1780513997388136886,0.000780625268816948,0,0.009999526664614677
angle,1780513997425197512,0.000781249604187906,0,0.00999932736158371
angle,1780513997459594102,0.000781869981437922,0,0.009999100118875504
angle,1780513997492176055,0.000782486284151673,0,0.009999347850680351
angle,1780513997518361587,0.000783098570536822,0,0.009999028407037258
angle,1780513997555135835,0.000783706840593368,0,0.009999548085033894
angle,1780513997589579123,0.000784311094321311,0,0.009999440982937813
angle,1780513997618053288,0.00078491133172065,0,0.009999057278037071
angle,1780513997651248527,0.000785507610999048,0,0.009999421425163746
angle,1780513997686751657,0.000786099873948842,0,0.009999383240938187
angle,1780513997715161156,0.000786688120570034,0,0.009999296627938747
angle,1780513997747674918,0.000787272409070283,0,0.009999478235840797
angle,1780513997785510799,0.00078785273944959,0,0.009999576024711132
angle,1780513997820257161,0.000788429053500295,0,0.009999468922615051
angle,1780513997851687980,0.000789001409430057,0,0.009999536909162998
angle,1780513997878382009,0.000789569807238877,0,0.009999624453485012
angle,1780513997903591796,0.000790134246926755,0,0.00999933760613203
angle,1780513997930597562,0.00079069472849369,0,0.009999111294746399
angle,1780513997963331239,0.000791251251939684,0,0.009999294765293598
angle,1780513997998676475,0.000791803759057075,0,0.009999465197324753
angle,1780513998024382249,0.000792352366261184,0,0.009999536909162998
angle,1780513998051362534,0.000792896957136691,0,0.00999938603490591
angle,1780513998084367765,0.000793437589891255,0,0.009999599307775497
angle,1780513998119027927,0.000793974322732538,0,0.009999191388487816
angle,1780513998144509636,0.000794507097452879,0,0.009999530389904976
angle,1780513998180560551,0.000795035914052278,0,0.009999245405197144
angle,1780513998213186892,0.000795560772530735,0,0.00999895203858614
angle,1780513998248398281,0.00079608173109591,0,0.009999357163906097
angle,1780513998275198305,0.000796598789747804,0,0.009999086149036884
angle,1780513998306002245,0.000797111890278757,0,0.009999494068324566
angle,1780513998338687448,0.000797621090896428,0,0.009999518282711506
angle,1780513998366002164,0.000798126333393157,0,0.009999459609389305
angle,1780513998395922389,0.000798627734184265,0,0.009999408386647701
angle,1780513998429339241,0.000799125235062093,0,0.009999391622841358
angle,1780513998458125106,0.000799618777818978,0,0.009999318979680538
angle,1780513998489553465,0.000800108478870243,0,0.009999535046517849
angle,1780513998514726893,0.000800594280008227,0,0.009999308735132217
angle,1780513998547499766,0.000801076181232929,0,0.009999281726777554
angle,1780513998576880583,0.000801554182544351,0,0.009999294765293598
angle,1780513998608120610,0.000802028283942491,0,0.009999455884099007
angle,1780513998636312392,0.000802498543635011,0,0.009999320842325687
angle,1780513998664375305,0.000802964903414249,0,0.009999505244195461
angle,1780513998697907850,0.000803427363280207,0,0.009999457746744156
angle,1780513998724517924,0.000803885981440544,0,0.00999970082193613
angle,1780513998757173668,0.0008043406996876,0,0.009999634698033333
angle,1780513998786237833,0.000804791576229036,0,0.009999443776905537
angle,1780513998814323210,0.000805238611064851,0,0.009999478235840797
angle,1780513998844815781,0.000805681804195046,0,0.009998813271522522
angle,1780513998875233996,0.000806121155619621,0,0.00999950710684061
angle,1780513998909095896,0.000806556607130915,0,0.009999549947679043
angle,1780513998934774132,0.000806988275144249,0,0.009999568574130535
angle,1780513998967116157,0.000807416043244302,0,0.009999397210776806
angle,1780513998994668813,0.000807840027846396,0,0.009999427944421768
angle,1780513999027656166,0.000808260170742869,0,0.009999549947679043
angle,1780513999054669055,0.000808676471933722,0,0.009999495930969715
angle,1780513999084113336,0.000809088989626616,0,0.009999660775065422
angle,1780513999117296471,0.00080949766561389,0,0.009999155066907406
angle,1780513999152084297,0.000809902558103204,0,0.009999187663197517
angle,1780513999185515940,0.000810303667094558,0,0.009999677538871765
angle,1780513999225050198,0.000810700934380293,0,0.009999347850680351
angle,1780513999260792042,0.000811094359960407,0,0.009999249130487442
angle,1780513999285891394,0.000811484002042562,0,0.009999708272516727
angle,1780513999318165920,0.000811869860626757,0,0.00999989453703165
angle,1780513999351403388,0.000812251935712993,0,0.00999979954212904
angle,1780513999381788673,0.00081263022730127,0,0.009999768808484077
angle,1780513999414691848,0.000813004793599248,0,0.00999972689896822
angle,1780513999447567114,0.000813375576399267,0,0.009998842142522335
angle,1780513999487167910,0.000813742575701326,0,0.009998979046940804
angle,1780513999526053853,0.000814105791505426,0,0.009999202564358711
angle,1780513999560023036,0.000814465223811567,0,0.009999423287808895
angle,1780513999596547357,0.000814820930827409,0,0.009999824687838554
angle,1780513999629923734,0.000815172854345292,0,0.009999925270676613
angle,1780513999664250773,0.000815520994365215,0,0.009999831207096577
angle,1780513999691298356,0.00081586540909484,0,0.009999855421483517
angle,1780513999726774984,0.000816206098534167,0,0.009999646805226803
angle,1780513999758603429,0.000816543120890856,0,0.009999115951359272
angle,1780513999790867006,0.000816876359749585,0,0.009999621659517288
angle,1780513999822880052,0.000817205873318017,0,0.009999443776905537
angle,1780513999860354012,0.000817531661596149,0,0.009999617002904415
angle,1780513999896133290,0.000817853724583983,0,0.009999589994549751
angle,1780513999929050559,0.000818172062281519,0,0.009999589063227177
angle,1780513999954992158,0.000818486732896417,0,0.009999479167163372
angle,1780513999983019760,0.000818797620013356,0,0.009999626316130161
angle,1780514000014075568,0.000819104781839997,0,0.009999427013099194
angle,1780514000048144735,0.000819408276583999,0,0.009999620728194714
angle,1780514000076074645,0.000819708104245365,0,0.00999971479177475
angle,1780514000100635309,0.000820004206616431,0,0.009999740868806839
angle,1780514000134584273,0.000820296641904861,0,0.009999028407037258
angle,1780514000170312123,0.000820585410110652,0,0.009999950416386127
angle,1780514000196224814,0.000820870511233807,0,0.009998982772231102
angle,1780514000225299084,0.000821151945274323,0,0.009999381378293037
angle,1780514000254164011,0.000821429654024541,0,0.00999968871474266
angle,1780514000280456601,0.000821703753899783,0,0.009999486617743969
angle,1780514000310565947,0.000821974186692387,0,0.009999278001487255
angle,1780514000340855229,0.000822240952402353,0,0.009999584406614304
angle,1780514000367628409,0.000822504051029682,0,0.009999481029808521
angle,1780514000399214302,0.000822763482574373,0,0.009999539703130722
angle,1780514000430890589,0.000823019305244088,0,0.009999681264162064
angle,1780514000462036167,0.000823271460831165,0,0.009999478235840797
angle,1780514000490377926,0.000823520007543266,0,0.009999609552323818
angle,1780514000520558072,0.00082376494538039,0,0.009999706409871578
angle,1780514000548039046,0.000824006274342537,0,0.00999954529106617
angle,1780514000583526018,0.000824243994429708,0,0.009999485686421394
angle,1780514000612508651,0.000824478047434241,0,0.009999459609389305
angle,1780514000639333952,0.000824708549771458,0,0.009999793954193592
angle,1780514000672951288,0.000824935385026038,0,0.009999513626098633
angle,1780514000702771965,0.000825158669613302,0,0.00999962817877531
angle,1780514000728915587,0.000825378345325589,0,0.009999630972743034
angle,1780514000760522126,0.0008255944121629,0,0.009999443776905537
angle,1780514000788837664,0.000825806870125234,0,0.009999334812164307
angle,1780514000822297407,0.000826015777420253,0,0.009999064728617668
angle,1780514000852055394,0.000826221075840294,0,0.009998565539717674
angle,1780514000882844253,0.00082642282359302,0,0.00999954342842102
angle,1780514000913949636,0.00082662096247077,0,0.009999491274356842
angle,1780514000939296188,0.000826815550681204,0,0.009999421425163746
angle,1780514000975205704,0.000827006530016661,0,0.009999370202422142
angle,1780514001001982395,0.000827194424346089,0,0.010021082125604153
angle,1780514001031578593,0.000827378360554576,0,0.009999396279454231
angle,1780514001058930846,0.000827558687888086,0,0.009999810717999935
angle,1780514001089358084,0.000827735522761941,0,0.009999535046517849
angle,1780514001117520378,0.000827908865176141,0,0.009999698027968407
angle,1780514001149041292,0.000828078656923026,0,0.009999656118452549
angle,1780514001180008891,0.000828244956210256,0,0.009999728761613369
angle,1780514001211345657,0.000828407763037831,0,0.009999648667871952
angle,1780514001238698017,0.00082856701919809,0,0.009999469853937626
angle,1780514001267764426,0.000828722782898694,0,0.009999201633036137
angle,1780514001304623795,0.000828874995931983,0,0.009999547153711319
angle,1780514001334407025,0.000829023716505617,0,0.0099995918571949
angle,1780514001362649752,0.000829168886411935,0,0.009998999536037445
angle,1780514001396905352,0.000829310563858598,0,0.009999376721680164
angle,1780514001432799593,0.000829448748845607,0,0.009999413974583149
angle,1780514001467945680,0.000829583441372961,0,0.00999945867806673
angle,1780514001497017457,0.00082971464144066,0,0.009999440982937813
angle,1780514001530485428,0.000829842349048704,0,0.00999932736158371
angle,1780514001564975364,0.000829966622404754,0,0.009999005123972893
angle,1780514001600161783,0.00083008740330115,0,0.009998759254813194
angle,1780514001634675233,0.000830204808153212,0,0.009999578818678856
angle,1780514001665019516,0.00083031872054562,0,0.009999643079936504
angle,1780514001694580686,0.000830429140478373,0,0.009999861940741539
angle,1780514001731008173,0.000830536184366792,0,0.009999834932386875
angle,1780514001763107090,0.000830639794003218,0,0.009999419562518597
angle,1780514001791528982,0.00083073996938765,0,0.009999463334679604
angle,1780514001817660696,0.000830836710520089,0,0.009999620728194714
angle,1780514001850929008,0.000830946199130267,0,0.011768638156354427
angle,1780514001882240022,0.000831035547889769,0,0.009999494068324566
angle,1780514001912594615,0.000831121404189616,0,0.009999544359743595
angle,1780514001947825631,0.00083120382623747,0,0.009999498724937439
angle,1780514001986176140,0.000831282755825669,0,0.009999171830713749
angle,1780514002018792125,0.000831358309369534,0,0.009999089874327183
angle,1780514002050089307,0.000831430428661406,0,0.009999644942581654
angle,1780514002089960734,0.000831499171908945,0,0.009999355301260948
angle,1780514002123860594,0.000831564539112151,0,0.009999777190387249
angle,1780514002152996653,0.000831626530271024,0,0.009999636560678482
angle,1780514002176734847,0.000831685203593224,0,0.009999868459999561
angle,1780514002202403576,0.000831740500871092,0,0.009999779053032398
angle,1780514002228776798,0.000831792480312288,0,0.009999829344451427
angle,1780514002253633822,0.000831841141916811,0,0.0099997129291296
angle,1780514002284209519,0.000831886485684663,0,0.009999597445130348
angle,1780514002316560189,0.000831928453408182,0,0.009999413043260574
angle,1780514002342142753,0.000831967045087367,0,0.009999672882258892
angle,1780514002374373218,0.000832002318929881,0,0.009999552741646767
angle,1780514002406394866,0.000832034158520401,0,0.009999473579227924
angle,1780514002432987216,0.000832062680274248,0,0.009999516420066357
angle,1780514002466588958,0.000832087825983763,0,0.00999954342842102
angle,1780514002492103932,0.000832109653856605,0,0.00999935157597065
angle,1780514002524959357,0.000832128163892776,0,0.009999416768550873
angle,1780514002555986140,0.000832143356092274,0,0.00999946054071188
angle,1780514002586880814,0.000832155230455101,0,0.009999529458582401
angle,1780514002615184717,0.000832163845188916,0,0.009999587200582027
angle,1780514002647027678,0.000832169142086059,0,0.009999576956033707
angle,1780514002677848421,0.000832171179354191,0,0.009999524801969528
angle,1780514002704800888,0.000832169898785651,0,0.009999106638133526
angle,1780514002741448141,0.00083216541679576,0,0.00999942235648632
angle,1780514002766977561,0.000832157616969198,0,0.009999413043260574
angle,1780514002796649866,0.000832146557513624,0,0.009999287314713001
angle,1780514002823165403,0.000832132180221379,0,0.009999063797295094
angle,1780514002861824192,0.000832114601507783,0,0.00999956764280796
angle,1780514002901580953,0.000832093704957515,0,0.009999026544392109
angle,1780514002932581371,0.000832069606985897,0,0.009999358095228672
angle,1780514002967880095,0.000832042191177607,0,0.009999445639550686
angle,1780514002999119036,0.000832011573947966,0,0.009999603033065796
angle,1780514003036579465,0.000831977697089314,0,0.00999932736158371
angle,1780514003066197076,0.000831940618809313,0,0.009999512694776058
angle,1780514003094473945,0.0008319002809003,0,0.00999945867806673
angle,1780514003126494324,0.000831856799777597,0,0.009998872876167297
angle,1780514003156389574,0.000831810059025884,0,0.009999388828873634
angle,1780514003186726232,0.00083176011685282,0,0.009999541565775871
angle,1780514003217892808,0.000831706915050745,0,0.009999209083616734
angle,1780514003245961115,0.000831650570034981,0,0.009999550879001617
angle,1780514003282886424,0.000831591023597866,0,0.009999716654419899
angle,1780514003327227626,0.000831528275739402,0,0.009999632835388184
angle,1780514003357954561,0.000831462384667248,0,0.009999597445130348
angle,1780514003388083763,0.000831393233966082,0,0.009999568574130535
angle,1780514003424813124,0.000831320998258889,0,0.009999553672969341
angle,1780514003461891556,0.000831245502922684,0,0.009999685920774937
angle,1780514003494810036,0.000831166922580451,0,0.009999491274356842
angle,1780514003530110876,0.000831085140816867,0,0.009999150410294533
angle,1780514003557721002,0.000831000215839595,0,0.009999494068324566
angle,1780514003593742371,0.000830912147648633,0,0.009998231194913387
angle,1780514003639242891,0.000830820936243981,0,0.009999685920774937
angle,1780514003669781114,0.000830726523417979,0,0.009998948313295841
angle,1780514003701992646,0.000830629025585949,0,0.009998941794037819
angle,1780514003727053442,0.000830528326332569,0,0.009999480098485947
angle,1780514003759289531,0.00083042454207316,0,0.009999428875744343
angle,1780514003796350892,0.000830317672807723,0,0.009999587200582027
angle,1780514003832508311,0.000830207660328597,0,0.009999033994972706
angle,1780514003867335607,0.000830094562843442,0,0.009999317117035389
angle,1780514003892726480,0.000829978380352259,0,0.00999941024929285
angle,1780514003929205591,0.000829859171062708,0,0.009999540634453297
angle,1780514003966934962,0.000829736818559468,0,0.009999220259487629
angle,1780514004000361581,0.000829611381050199,0,0.009999439120292664
angle,1780514004036330052,0.000829482858534902,0,0.009999318048357964
angle,1780514004073345972,0.000829351251013577,0,0.009999388828873634
angle,1780514004107018285,0.000829216616693884,0,0.009998424910008907
angle,1780514004133297410,0.000829078897368163,0,0.009999562986195087
angle,1780514004168024261,0.000828938034828752,0,0.009998987428843975
angle,1780514004201639114,0.000828794145490974,0,0.009999340400099754
angle,1780514004244999942,0.000828647229354829,0,0.00999944657087326
angle,1780514004286553750,0.000828497228212655,0,0.009999527595937252
angle,1780514004321243882,0.000828344200272113,0,0.009999404661357403
angle,1780514004351444542,0.000828188203740865,0,0.009999200701713562
angle,1780514004379378044,0.000828029122203588,0,0.00999995693564415
angle,1780514004409733314,0.000827867072075605,0,0.009999427944421768
angle,1780514004438087075,0.000827701995149255,0,0.009999624453485012
angle,1780514004473614403,0.000827533891424537,0,0.009999486617743969
angle,1780514004501846199,0.000827362819109112,0,0.009999324567615986
angle,1780514004528958569,0.000827188778202981,0,0.00999987218528986
angle,1780514004556582416,0.000827011652290821,0,0.00999970268458128
angle,1780514004586781825,0.000826831615995616,0,0.00999987032264471
angle,1780514004616644954,0.000826648552902043,0,0.009999806061387062
angle,1780514004648106871,0.000826462521217763,0,0.009999369271099567
angle,1780514004677643105,0.000826273520942777,0,0.009999552741646767
angle,1780514004708696688,0.000826081493869424,0,0.00999990664422512
angle,1780514004739087623,0.000825886556413025,0,0.00999907124787569
angle,1780514004767691488,0.000825688592158258,0,0.009999332949519157
angle,1780514004799685450,0.000825487717520446,0,0.009999443776905537
angle,1780514004831549542,0.000825283874291927,0,0.00999955553561449
angle,1780514004861836471,0.000825077120680362,0,0.009999479167163372
angle,1780514004890050393,0.000824867398478091,0,0.009999620728194714
angle,1780514004921488191,0.000824654765892774,0,0.009999473579227924
angle,1780514004948236677,0.00082443916471675,0,0.009999440051615238
angle,1780514004977729307,0.000824220711365342,0,0.009999541565775871
angle,1780514005008467328,0.000823999347630888,0,0.009999475441873074
angle,1780514005037541648,0.000823775073513389,0,0.009999345056712627
angle,1780514005072152761,0.000823547889012843,0,0.009999141097068787
angle,1780514005098362173,0.000823317794129252,0,0.009999657981097698
angle,1780514005127080245,0.000823084788862616,0,0.009999397210776806
angle,1780514005158278345,0.000822848931420594,0,0.00999905914068222
angle,1780514005189572053,0.000822610163595527,0,0.009999413974583149
angle,1780514005217874809,0.000822368543595076,0,0.009999594651162624
angle,1780514005248957562,0.000822124013211578,0,0.009999323636293411
angle,1780514005282641157,0.000821876630652696,0,0.009999570436775684
angle,1780514005314988269,0.000821626395918429,0,0.009999634698033333
angle,1780514005344874207,0.000821373309008777,0,0.009999502450227737
angle,1780514005379249777,0.000821117369923741,0,0.00999943446367979
angle,1780514005412782088,0.00082085863687098,0,0.009999526664614677
angle,1780514005439949125,0.000820596993435174,0,0.009999651461839676
angle,1780514005465781794,0.000820332556031644,0,0.009999606758356094
angle,1780514005500729690,0.000820065324660391,0,0.009999655187129974
angle,1780514005532178594,0.000819795241113752,0,0.009999409317970276
angle,1780514005558278673,0.00081952236359939,0,0.00999957975000143
angle,1780514005584496672,0.000819246633909643,0,0.009999522008001804
angle,1780514005610133640,0.000818968110252172,0,0.009999727830290794
angle,1780514005642736372,0.000818686792626977,0,0.00999972689896822
angle,1780514005675746229,0.000818402681034058,0,0.009998882189393044
angle,1780514005707138045,0.000818115833681077,0,0.009999559260904789
angle,1780514005741064999,0.00081782613415271,0,0.009999514557421207
angle,1780514005773247726,0.000817533466033638,0,0.010004927404224873
angle,1780514005803311728,0.000817238236777484,0,0.009999418631196022
angle,1780514005836769096,0.000816940213553607,0,0.009999566711485386
angle,1780514005870790775,0.000816639454569668,0,0.009999171830713749
angle,1780514005898006882,0.000816335901618004,0,0.009999624453485012
angle,1780514005932672216,0.000816029671113938,0,0.009999345056712627
angle,1780514005968489094,0.000815720646642148,0,0.009998750872910023
angle,1780514006005878058,0.000815408886410296,0,0.009999359026551247
angle,1780514006039052815,0.00081509439041838,0,0.009999646805226803
angle,1780514006075132142,0.000814777158666402,0,0.009999560192227364
angle,1780514006109531531,0.000814457249362022,0,0.009999440051615238
angle,1780514006147207268,0.000814134604297578,0,0.009999264031648636
angle,1780514006180247134,0.000813809281680733,0,0.009999407455325127
angle,1780514006208189732,0.000813481223303825,0,0.009999297559261322
angle,1780514006235687751,0.000813150487374514,0,0.009999550879001617
angle,1780514006262506225,0.000812817015685141,0,0.009999618865549564
angle,1780514006291659227,0.000812480924651027,0,0.009999276138842106
angle,1780514006322222352,0.000812142097856849,0,0.009998894296586514
angle,1780514006354586915,0.00081180059351027,0,0.009999547153711319
angle,1780514006379853348,0.000811456411611289,0,0.009999471716582775
angle,1780514006414359676,0.000811109552159905,0,0.009999656118452549
angle,1780514006443010305,0.000810760073363781,0,0.009999566711485386
angle,1780514006473971780,0.000810407917015254,0,0.009999477304518223
angle,1780514006503285195,0.000810053083114326,0,0.009999404661357403
angle,1780514006533249364,0.000809695629868656,0,0.009999494068324566
angle,1780514006563649667,0.000809335557278246,0,0.009999506175518036
angle,1780514006591724446,0.000808972807135433,0,0.009999124333262444
angle,1780514006623863124,0.00080860749585554,0,0.009999297559261322
angle,1780514006654398082,0.000808239507023245,0,0.009999358095228672
angle,1780514006681303534,0.00080786895705387,0,0.009999960660934448
angle,1780514006710579611,0.000807495729532093,0,0.009999890811741352
angle,1780514006743045766,0.000807119940873235,0,0.009999946691095829
angle,1780514006772360162,0.000806741591077298,0,0.009999848902225494
angle,1780514006798700328,0.000806360621936619,0,0.009999837726354599
angle,1780514006830584654,0.00080597709165886,0,0.009999716654419899
angle,1780514006865466026,0.000805590942036361,0,0.009999594651162624
angle,1780514006891283382,0.00080520223127678,0,0.009999418631196022
angle,1780514006926392841,0.00080481095938012,0,0.009999452158808708
angle,1780514006954201884,0.000804417068138719,0,0.009999211877584457
angle,1780514006983767044,0.000804020615760237,0,0.009999511763453484
angle,1780514007010224539,0.000803621660452336,0,0.009999323636293411
angle,1780514007045228871,0.000803220085799694,0,0.009999089874327183
angle,1780514007074245617,0.000802816008217633,0,0.009999132715165615
angle,1780514007106533533,0.000802409369498491,0,0.009999565780162811
angle,1780514007138797518,0.000802000227849931,0,0.009999202564358711
angle,1780514007164518513,0.00080158852506429,0,0.00999954529106617
angle,1780514007191031903,0.00080117437755689,0,0.009999106638133526
angle,1780514007223148280,0.000800757668912411,0,0.0099994707852602
angle,1780514007253977287,0.000800338457338512,0,0.009999614208936691
angle,1780514007289338393,0.000799916801042855,0,0.009999572299420834
angle,1780514007323920903,0.000799492641817778,0,0.009999502450227737
angle,1780514007360793663,0.000799065979663283,0,0.00999952107667923
angle,1780514007397100134,0.000798636814579368,0,0.009999297559261322
angle,1780514007421974751,0.000798205204773694,0,0.009999774396419525
angle,1780514007456228344,0.000797771092038602,0,0.009999508038163185
angle,1780514007491162346,0.00079733447637409,0,0.009999525733292103
angle,1780514007519296207,0.000796895415987819,0,0.00999938789755106
angle,1780514007555144917,0.000796453910879791,0,0.009998777881264687
angle,1780514007590923573,0.000796009961050004,0,0.009999585337936878
angle,1780514007624917867,0.000795563508290797,0,0.009999734349548817
angle,1780514007654289886,0.000795114669017494,0,0.009999863803386688
angle,1780514007684566044,0.000794663326814771,0,0.009999086149036884
angle,1780514007719181370,0.00079420959809795,0,0.009999851696193218
angle,1780514007749794550,0.000793753482867032,0,0.009999902918934822
angle,1780514007778144517,0.000793294922914356,0,0.009999492205679417
angle,1780514007803498521,0.000792833976447582,0,0.009999304078519344
angle,1780514007831306443,0.000792370643466711,0,0.009998232126235962
angle,1780514007865065788,0.000791904865764081,0,0.009999099187552929
angle,1780514007897672415,0.000791436701547354,0,0.009999450296163559
angle,1780514007936472089,0.00079096615081653,0,0.009999310597777367
angle,1780514007968099601,0.000790493271779269,0,0.009998946450650692
angle,1780514007996946374,0.00079001794802025,0,0.009999552741646767
angle,1780514008022908184,0.000789540237747133,0,0.009999559260904789
angle,1780514008056088417,0.000789060199167579,0,0.0099991075694561
angle,1780514008093181145,0.000788577774073929,0,0.009999670088291168
angle,1780514008118135800,0.000788093020673841,0,0.009999400936067104
angle,1780514008153099948,0.000787605938967317,0,0.009999715723097324
angle,1780514008190298276,0.000787116470746696,0,0.009999493137001991
angle,1780514008222785473,0.000786624732427299,0,0.009999425150454044
angle,1780514008257136468,0.000786130607593805,0,0.00999979954212904
angle,1780514008290152341,0.000785634154453874,0,0.009999487549066544
angle,1780514008330195962,0.000785135431215167,0,0.009999526664614677
angle,1780514008357519417,0.000784634321462363,0,0.009998953901231289
angle,1780514008386748539,0.000784130941610783,0,0.009999619796872139
angle,1780514008418177707,0.000783625233452767,0,0.009999684058129787
angle,1780514008446173811,0.000783117255195975,0,0.009999322704970837
angle,1780514008476351908,0.000782607006840408,0,0.009999522008001804
angle,1780514008507357156,0.000782094430178404,0,0.009999504312872887
angle,1780514008536787955,0.000781579583417624,0,0.009999529458582401
angle,1780514008563671562,0.000781062466558069,0,0.009999273344874382
angle,1780514008595192333,0.000780543079599738,0,0.009999215602874756
angle,1780514008628494292,0.000780021422542632,0,0.009999486617743969
angle,1780514008659207021,0.00077949749538675,0,0.009998942725360394
angle,1780514008691447233,0.000778971356339753,0,0.009999562054872513
angle,1780514008718174813,0.00077844294719398,0,0.009999272413551807
angle,1780514008748595098,0.000777912267949432,0,0.009999671950936317
angle,1780514008777941836,0.00077737943502143,0,0.00999891571700573
angle,1780514008808288386,0.000776844331994653,0,0.009999537840485573
angle,1780514008837151676,0.000776307017076761,0,0.009999210946261883
angle,1780514008866064408,0.000775767490267754,0,0.009999196976423264
angle,1780514008899812904,0.000775225751567632,0,0.009999518282711506
angle,1780514008927525517,0.000774681800976396,0,0.009999408386647701
angle,1780514008954905418,0.000774135638494045,0,0.009999404661357403
angle,1780514008984163223,0.00077358732232824,0,0.009999629110097885
angle,1780514009016919074,0.000773036736063659,0,0.009999360889196396
angle,1780514009045702776,0.000772484054323286,0,0.009999559260904789
angle,1780514009072521334,0.000771929160691798,0,0.009999358095228672
angle,1780514009105497651,0.000771372113376856,0,0.009999715723097324
angle,1780514009136040640,0.00077081291237846,0,0.00999925471842289
angle,1780514009164903184,0.00077025149948895,0,0.009999723173677921
angle,1780514009203002120,0.000769687991123646,0,0.009999480098485947
angle,1780514009231382538,0.000769122270867229,0,0.009999111294746399
angle,1780514009268706060,0.000768554455135018,0,0.009999510832130909
angle,1780514009318768045,0.000767984485719353,0,0.009999139234423637
angle,1780514009366070922,0.000767412362620234,0,0.009999682195484638
angle,1780514009401481777,0.000766838144045323,0,0.00999979954212904
angle,1780514009436549771,0.000766261771786958,0,0.009999173693358898
angle,1780514009483577282,0.000765683362260461,0,0.009998363442718983
angle,1780514009536930513,0.00076510279905051,0,0.009999478235840797
angle,1780514009567252341,0.000764520140364766,0,0.009999752044677734
angle,1780514009603849853,0.000763935386203229,0,0.009999903850257397
angle,1780514009639567713,0.0007633485365659,0,0.00999988242983818
angle,1780514009667358281,0.000762759649660438,0,0.009999550879001617
angle,1780514009701809490,0.000762168609071523,0,0.00999919231981039
angle,1780514009734946315,0.000761575531214476,0,0.009999565780162811
angle,1780514009770902564,0.000760980416089296,0,0.009999606758356094
angle,1780514009807092055,0.000760383205488324,0,0.009999532252550125
angle,1780514009843170638,0.000759783899411559,0,0.00999956764280796
angle,1780514009874092136,0.000759182614274323,0,0.009998910129070282
angle,1780514009904488578,0.000758579233661294,0,0.00999944843351841
angle,1780514009939535814,0.000757973815780133,0,0.009999105706810951
angle,1780514009972523529,0.00075736636063084,0,0.009999396279454231
angle,1780514009999338470,0.000756756868213415,0,0.00999948475509882
angle,1780514010027468646,0.000756145396735519,0,0.009999551810324192
angle,1780514010060348066,0.000755531946197152,0,0.009999231435358524
angle,1780514010093307843,0.000754916400182992,0,0.009999183937907219
angle,1780514010123305964,0.000754298933316022,0,0.009999483823776245
angle,1780514010157267048,0.00075367942918092,0,0.00999956764280796
angle,1780514010195771207,0.000753057945985347,0,0.009999312460422516
angle,1780514010229954778,0.000752434483729303,0,0.009998906403779984
angle,1780514010259054552,0.000751809042412788,0,0.009998980909585953
angle,1780514010298254211,0.000751181622035801,0,0.009999508038163185
angle,1780514010332782502,0.000750552222598344,0,0.009999343194067478
angle,1780514010363816656,0.000749920844100416,0,0.009999345056712627
angle,1780514010390882099,0.000749287486542016,0,0.009999486617743969
angle,1780514010420516654,0.000748652208130807,0,0.00999956764280796
angle,1780514010450161142,0.000748015008866787,0,0.009999413043260574
angle,1780514010481919716,0.000747375830542296,0,0.009998293593525887
angle,1780514010511927503,0.000746734731364995,0,0.009999171830713749
angle,1780514010544102554,0.000746091711334884,0,0.009999403730034828
angle,1780514010570185085,0.000745446770451963,0,0.009999340400099754
angle,1780514010601794156,0.000744799908716232,0,0.00999930128455162
angle,1780514010631125308,0.00074415112612769,0,0.00999901071190834
angle,1780514010661966064,0.000743500480893999,0,0.00999949499964714
angle,1780514010689552662,0.000742847856599838,0,0.009999148547649384
angle,1780514010721328710,0.000742193427868187,0,0.009999485686421394
angle,1780514010749924875,0.000741537078283727,0,0.009999547153711319
angle,1780514010779363009,0.000740878807846457,0,0.009999585337936878
angle,1780514010808523819,0.000740218674764037,0,0.00999914389103651
angle,1780514010838751329,0.000739556679036468,0,0.00999897439032793
angle,1780514010871530953,0.00073889282066375,0,0.009999116882681847
angle,1780514010898946042,0.000738227099645883,0,0.009999418631196022
angle,1780514010928324490,0.000737559515982866,0,0.009998995810747147
angle,1780514010963334212,0.0007368900696747,0,0.009999536909162998
angle,1780514010988069499,0.000736218818929046,0,0.009999287314713001
angle,1780514011018178800,0.000735545705538243,0,0.009999614208936691
angle,1780514011051075540,0.000734870787709951,0,0.009999601170420647
angle,1780514011078787902,0.000734194007236511,0,0.009999418631196022
angle,1780514011113972391,0.000733515422325581,0,0.00999976135790348
angle,1780514011139814978,0.000732835032977164,0,0.009999522008001804
angle,1780514011171218881,0.000732152839191258,0,0.009999489411711693
angle,1780514011204380003,0.000731468840967864,0,0.009999305009841919
angle,1780514011233174359,0.000730783038306981,0,0.009999680332839489
angle,1780514011260822269,0.000730095431208611,0,0.00999932736158371
angle,1780514011287260018,0.000729406077880412,0,0.009999483823776245
angle,1780514011319912082,0.000728714861907065,0,0.00999961793422699
angle,1780514011355389119,0.000728021957911551,0,0.009999503381550312
angle,1780514011391211901,0.000727327191270888,0,0.009999606758356094
angle,1780514011423501472,0.000726630736608058,0,0.009999306872487068
angle,1780514011454143418,0.000725932535715401,0,0.009998994879424572
angle,1780514011490944091,0.000725232530385256,0,0.009999589063227177
angle,1780514011535383823,0.000724530778825283,0,0.009999234229326248
angle,1780514011569106800,0.000723827339243144,0,0.009999497793614864
angle,1780514011597611558,0.000723122153431177,0,0.009999415837228298
angle,1780514011633875201,0.000722415221389383,0,0.009999165311455727
angle,1780514011668373503,0.000721706601325423,0,0.009999326430261135
angle,1780514011695536331,0.000720996235031635,0,0.009999354369938374
angle,1780514011726915793,0.00072028418071568,0,0.009999693371355534
angle,1780514011758538571,0.000719570380169898,0,0.00999988429248333
angle,1780514011785026827,0.000718854949809611,0,0.009999746456742287
angle,1780514011809905704,0.000718137773219496,0,0.009999844245612621
angle,1780514011833607817,0.000717418966814876,0,0.009999788366258144
angle,1780514011858001002,0.000716698414180428,0,0.009999866597354412
angle,1780514011880956602,0.000715976173523813,0,0.009999901987612247
angle,1780514011908839013,0.000715252303052694,0,0.009999883361160755
angle,1780514011931910845,0.000714526744559407,0,0.009999792091548443
angle,1780514011957953310,0.000713799498043954,0,0.009999847039580345
angle,1780514011983038411,0.000713070621713996,0,0.009999805130064487
angle,1780514012017049350,0.000712340057361871,0,0.009999839588999748
angle,1780514012047184967,0.00071160786319524,0,0.009999817237257957
angle,1780514012077505448,0.000710874039214104,0,0.009999578818678856
angle,1780514012101644501,0.000710138585418463,0,0.009999695234000683
angle,1780514012126502387,0.000709401560015976,0,0.009999671950936317
angle,1780514012168500261,0.000708662846591324,0,0.009999805130064487
angle,1780514012207611856,0.000707922561559826,0,0.009999679401516914
angle,1780514012243307306,0.000707178784068674,0,0.010024651885032654
angle,1780514012276001900,0.000706435239408165,0,0.009999188594520092
angle,1780514012321454736,0.000704945414327085,0,0.019947387278079987
angle,1780514012357881605,0.000704193138517439,0,0.009999321773648262
angle,1780514012391936681,0.000703439407516271,0,0.009999782778322697
angle,1780514012426589292,0.000702684803400189,0,0.00999955739825964
angle,1780514012455540956,0.000701929617207497,0,0.009999312460422516
angle,1780514012483303708,0.000701174139976501,0,0.009999491274356842
angle,1780514012516097782,0.000700418197084218,0,0.00999942421913147
angle,1780514012549755172,0.000699661730322987,0,0.00999930314719677
angle,1780514012578252659,0.000698904448654503,0,0.00999885331839323
angle,1780514012606870326,0.000698145944625139,0,0.009999290108680725
angle,1780514012638844420,0.000697385868988931,0,0.009998910129070282
angle,1780514012666669846,0.000696623930707574,0,0.009999336674809456
angle,1780514012695803763,0.000695859955158085,0,0.009999576024711132
angle,1780514012724352525,0.000695093767717481,0,0.009999692440032959
angle,1780514012756048978,0.000694325484801084,0,0.009999584406614304
angle,1780514012784886607,0.000693555048201233,0,0.009999359957873821
