name,time,value,timeout,delta_time
angle,1780514053015870199,-0.000944862840697169,0,0.009999836795032024
angle,1780514053042156739,-0.000948004424571991,0,0.00999987218528986
angle,1780514053064448559,-0.000951136404182762,0,0.009999820962548256
angle,1780514053098996843,-0.000954258895944804,0,0.01000000536441803
angle,1780514053126250360,-0.000957371725235134,0,0.009999887086451054
angle,1780514053154624876,-0.000960474950261414,0,0.009999939240515232
angle,1780514053194454183,-0.000963568571023643,0,0.009999877773225307
angle,1780514053215809013,-0.000966652471106499,0,0.009999807924032211
angle,1780514053243048121,-0.000969726766925305,0,0.009999868459999561
angle,1780514053269304262,-0.000972791400272399,0,0.009999873116612434
angle,1780514053302551082,-0.000975846312940121,0,0.009999975562095642
angle,1780514053335201919,-0.000978891621343791,0,0.00999987218528986
angle,1780514053359562228,-0.000981927267275751,0,0.009999909438192844
angle,1780514053404177151,-0.00098495336715132,0,0.009999905712902546
angle,1780514053449054867,-0.000987969688139856,0,0.009999820962548256
angle,1780514053477582502,-0.000990976579487324,0,0.009999671019613743
angle,1780514053500871862,-0.000993973924778402,0,0.009999868459999561
angle,1780514053540174457,-0.000996961607597768,0,0.009999789297580719
angle,1780514053569909669,-0.000999939627945423,0,0.009999859146773815
angle,1780514053597920387,-0.00100290821865201,0,0.009999903850257397
angle,1780514053620716739,-0.001005867146886885,0,0.009999607689678669
angle,1780514053645599085,-0.001008816529065371,0,0.009999915026128292
angle,1780514053693267009,-0.001011756248772144,0,0.009999947622418404
angle,1780514053717454499,-0.001014686422422528,0,0.009999861940741539
angle,1780514053743052740,-0.001017606933601201,0,0.009999817237257957
angle,1780514053765249322,-0.001020517898723483,0,0.00999978557229042
angle,1780514053808179475,-0.001023419317789376,0,0.009999928995966911
angle,1780514053840065848,-0.001026311190798879,0,0.00999995693564415
angle,1780514053861938604,-0.00102919340133667,0,0.00999974925071001
angle,1780514053902158613,-0.001032066065818071,0,0.009999765083193779
angle,1780514053934529205,-0.001034929184243083,0,0.009999803267419338
angle,1780514053956875439,-0.001037782640196383,0,0.009999897330999374
angle,1780514053997690973,-0.001040626666508615,0,0.009999914094805717
angle,1780514054025595605,-0.001043461030349135,0,0.009999904781579971
angle,1780514054057009330,-0.001046285848133266,0,0.009999861940741539
angle,1780514054096047340,-0.001049101119861007,0,0.00999978557229042
angle,1780514054128462703,-0.001051906845532358,0,0.009999801404774189
angle,1780514054155599840,-0.001054703025147319,0,0.009999861009418964
angle,1780514054191369281,-0.00105748965870589,0,0.009999911300837994
angle,1780514054221217704,-0.001060266746208072,0,0.00999990664422512
angle,1780514054248890799,-0.001063034287653863,0,0.009999829344451427
angle,1780514054271648080,-0.001065792283043265,0,0.009999836795032024
angle,1780514054301037158,-0.001068540732376277,0,0.009999825619161129
angle,1780514054340077032,-0.0010712796356529,0,0.009999865666031837
angle,1780514054372292150,-0.001074009109288454,0,0.009999996051192284
angle,1780514054400859175,-0.001076728920452297,0,0.009999871253967285
angle,1780514054436561324,-0.001079439301975071,0,0.009999816305935383
angle,1780514054490970266,-0.001082347589544952,0,0.010768621228635311
angle,1780514054519498352,-0.001085038762539625,0,0.009999938309192657
angle,1780514054551685350,-0.001087720273062587,0,0.009999969974160194
angle,1780514054581663556,-0.001090392237529159,0,0.009999874979257584
angle,1780514054611623844,-0.001093054539524019,0,0.009999819099903107
angle,1780514054647767100,-0.001095707062631845,0,0.009999900124967098
angle,1780514054679352335,-0.001098350039683282,0,0.009999909438192844
angle,1780514054708879549,-0.001100983354263008,0,0.009999951347708702
angle,1780514054738681241,-0.001103607006371021,0,0.009999948553740978
angle,1780514054770848911,-0.001106221228837967,0,0.009999822825193405
angle,1780514054798303172,-0.001108826021663845,0,0.009999941103160381
angle,1780514054829554903,-0.001111421384848654,0,0.009999879635870457
angle,1780514054859040080,-0.001114007434807718,0,0.00999985821545124
angle,1780514054896275559,-0.001116584055125713,0,0.00999987218528986
angle,1780514054920879321,-0.001119151245802641,0,0.009999876841902733
angle,1780514054950480341,-0.0011217090068385,0,0.009999850764870644
angle,1780514055000633933,-0.001124257454648614,0,0.009999890811741352
angle,1780514055032330166,-0.001126796356402338,0,0.009999888017773628
angle,1780514055064648273,-0.001129325828514993,0,0.009999825619161129
angle,1780514055095970319,-0.001131845870986581,0,0.009999902918934822
angle,1780514055127318630,-0.001134356367401779,0,0.009999969974160194
angle,1780514055154050442,-0.001136857317760587,0,0.009999791160225868
angle,1780514055191502634,-0.001139348838478327,0,0.009999862872064114
angle,1780514055217676363,-0.001141830929554999,0,0.009999874047935009
angle,1780514055247245662,-0.001144303474575281,0,0.009999974630773067
angle,1780514055273660544,-0.001146766589954495,0,0.009999901056289673
angle,1780514055303686012,-0.001149220275692642,0,0.009999849833548069
angle,1780514055334629969,-0.001151664648205042,0,0.00999981164932251
angle,1780514055363984019,-0.001154099474661052,0,0.009999931789934635
angle,1780514055402683882,-0.001156524987891316,0,0.009999842382967472
angle,1780514055432902054,-0.001158941187895834,0,0.00999993085861206
angle,1780514055459727143,-0.001161347958259284,0,0.009999953210353851
angle,1780514055499955959,-0.001163745415396988,0,0.009999869391322136
angle,1780514055535765493,-0.001166133326478302,0,0.00999978557229042
angle,1780514055560569620,-0.001168512040749192,0,0.00999986007809639
angle,1780514055592616150,-0.001170881208963692,0,0.009999917820096016
angle,1780514055639923368,-0.001173241063952446,0,0.00999982375651598
angle,1780514055669870517,-0.001175591489300132,0,0.00999996718019247
angle,1780514055697944899,-0.00117793248500675,0,0.009999916888773441
angle,1780514055738475323,-0.001180264167487621,0,0.0099998963996768
angle,1780514055765573999,-0.001182586420327425,0,0.009999843314290047
angle,1780514055793296262,-0.001184899359941483,0,0.00999975111335516
angle,1780514055820737808,-0.001187202986329794,0,0.009999875910580158
angle,1780514055847041368,-0.001189497183077037,0,0.009999844245612621
angle,1780514055893270315,-0.001191782066598535,0,0.009999768808484077
angle,1780514055918698127,-0.001194057636894286,0,0.009999960660934448
angle,1780514055943657433,-0.001196323893964291,0,0.009999762289226055
angle,1780514055964970499,-0.001198580721393228,0,0.009999966248869896
angle,1780514056005450835,-0.00120082835201174,0,0.009999917820096016
angle,1780514056048770805,-0.001203066552989185,0,0.009999819099903107
angle,1780514056076833161,-0.001205295557156205,0,0.009999868459999561
angle,1780514056105298525,-0.001207515248097479,0,0.009999926201999187
angle,1780514056133474822,-0.001209725509397686,0,0.009999951347708702
angle,1780514056154634682,-0.001211926573887467,0,0.009999909438192844
angle,1780514056193018988,-0.001214118325151503,0,0.009999878704547882
angle,1780514056221546380,-0.001216300763189793,0,0.009999886155128479
angle,1780514056249482459,-0.001218474004417658,0,0.00999994296580553
angle,1780514056294344518,-0.001220637932419777,0,0.009999926201999187
angle,1780514056321518584,-0.00122279254719615,0,0.009999780915677547
angle,1780514056347378230,-0.001224937848746777,0,0.009999820031225681
angle,1780514056376681741,-0.001227073953486979,0,0.009999923408031464
angle,1780514056407206684,-0.001229200745001435,0,0.009999909438192844
angle,1780514056439801702,-0.001231318339705467,0,0.009999861940741539
angle,1780514056467868870,-0.001233426621183753,0,0.010000013746321201
angle,1780514056496221051,-0.001235525705851614,0,0.009999850764870644
angle,1780514056536597951,-0.001237615593709052,0,0.009999919682741165
angle,1780514056564735608,-0.001239696168340743,0,0.00999984797090292
angle,1780514056603859532,-0.001241767546162009,0,0.009999838657677174
angle,1780514056649166664,-0.001243829727172852,0,0.009999889880418777
angle,1780514056676971271,-0.00124588271137327,0,0.00999982375651598
angle,1780514056705888012,-0.001247926498763263,0,0.009999966248869896
angle,1780514056744495329,-0.001249961089342833,0,0.009999897330999374
angle,1780514056785357865,-0.001251986366696656,0,0.00999984797090292
angle,1780514056808133683,-0.001254002563655376,0,0.009999929927289486
angle,1780514056842149312,-0.001256009563803673,0,0.009999838657677174
angle,1780514056865833745,-0.001258007367141545,0,0.009999880567193031
angle,1780514056896329757,-0.001259995973668993,0,0.009999829344451427
angle,1780514056944185740,-0.001261975383386016,0,0.009999936446547508
angle,1780514056965575700,-0.001263945712707937,0,0.00999988429248333
angle,1780514056994631551,-0.001265906845219433,0,0.009999897330999374
angle,1780514057016504166,-0.001267858897335827,0,0.009999822825193405
angle,1780514057045135175,-0.001269801636226475,0,0.009999941103160381
angle,1780514057071779397,-0.001271735411137342,0,0.009999888949096203
angle,1780514057100988495,-0.001273659989237785,0,0.009999803267419338
angle,1780514057139714805,-0.001275575370527804,0,0.00999988429248333
angle,1780514057161254292,-0.00127748167142272,0,0.009999938309192657
angle,1780514057198808827,-0.001279378891922534,0,0.009999853558838367
angle,1780514057243492668,-0.001281267032027245,0,0.00999996904283762
angle,1780514057263813550,-0.001283146091736853,0,0.009999864734709263
angle,1780514057291891702,-0.001285015954636037,0,0.009999888017773628
angle,1780514057314345481,-0.001286876853555441,0,0.009999919682741165
angle,1780514057341188458,-0.00128872855566442,0,0.00999993272125721
angle,1780514057366100962,-0.001290571177378297,0,0.009999863803386688
angle,1780514057406087633,-0.001292404835112393,0,0.00999994482845068
angle,1780514057438608862,-0.001294229296036065,0,0.009999953210353851
angle,1780514057462118563,-0.001296044792979956,0,0.009999905712902546
angle,1780514057507102156,-0.001297851209528744,0,0.009999971836805344
angle,1780514057550305530,-0.001299648662097752,0,0.009999915957450867
angle,1780514057584029713,-0.001301436917856336,0,0.009999947622418404
angle,1780514057607377196,-0.00130321632605046,0,0.009999966248869896
angle,1780514057645735001,-0.001304986537434161,0,0.009999925270676613
angle,1780514057673301397,-0.00130674778483808,0,0.009999851696193218
angle,1780514057705816298,-0.001308500068262219,0,0.00999984610825777
angle,1780514057744088113,-0.001310243271291256,0,0.009999837726354599
angle,1780514057772006365,-0.001311977510340512,0,0.00999987032264471
angle,1780514057799279575,-0.001313702785409987,0,0.009999831207096577
angle,1780514057820805305,-0.001315419096499681,0,0.00999990664422512
angle,1780514057847194548,-0.001317126327194273,0,0.009999936446547508
angle,1780514057891785731,-0.001318824593909085,0,0.009999833069741726
angle,1780514057917924243,-0.001320514013059437,0,0.009999893605709076
angle,1780514057941724417,-0.001322194351814687,0,0.009999924339354038
angle,1780514057965427534,-0.001323865726590157,0,0.009999838657677174
angle,1780514058006270591,-0.001325528253801167,0,0.009999878704547882
angle,1780514058038904771,-0.001327181817032397,0,0.009999892674386501
angle,1780514058064085718,-0.001328826416283846,0,0.009999864734709263
angle,1780514058092759056,-0.001330462167970836,0,0.009999921545386314
angle,1780514058114466712,-0.001332088955678046,0,0.009999916888773441
angle,1780514058149802485,-0.001333706895820796,0,0.009999856352806091
angle,1780514058179698522,-0.001335315871983767,0,0.009999890811741352
angle,1780514058206588176,-0.001336915884166956,0,0.009999885223805904
angle,1780514058246569601,-0.001338507165201008,0,0.009999987669289112
angle,1780514058277058046,-0.001340089365839958,0,0.009999863803386688
angle,1780514058303997258,-0.001341662835329771,0,0.009999964386224747
angle,1780514058339353080,-0.001343227457255125,0,0.009999731555581093
angle,1780514058362934592,-0.001344783115200698,0,0.009999878704547882
angle,1780514058393393342,-0.001346329925581813,0,0.009999948553740978
angle,1780514058417783736,-0.00134786800481379,0,0.009999766014516354
angle,1780514058446192743,-0.001349397120065987,0,0.009999956004321575
angle,1780514058496395684,-0.001350917504169047,0,0.009999843314290047
angle,1780514058517505457,-0.001352428924292326,0,0.009999862872064114
angle,1780514058542637137,-0.001353931613266468,0,0.009999963454902172
angle,1780514058566111837,-0.001355425571091473,0,0.009999911300837994
angle,1780514058603963212,-0.001356910681352019,0,0.009999924339354038
angle,1780514058647932119,-0.001358386944048107,0,0.009999954141676426
angle,1780514058676638492,-0.001359854475595057,0,0.009999925270676613
angle,1780514058698338659,-0.00136131327599287,0,0.009999916888773441
angle,1780514058749451374,-0.001362763228826225,0,0.009999874979257584
angle,1780514058778562478,-0.001364204450510442,0,0.009999777190387249
angle,1780514058805563899,-0.001365636941045523,0,0.009999900124967098
angle,1780514058835529277,-0.001367060584016144,0,0.00999988242983818
angle,1780514058864811362,-0.001368475495837629,0,0.00999986007809639
angle,1780514058896040926,-0.001369881792925298,0,0.009999806061387062
angle,1780514058935031352,-0.001371279242448509,0,0.009999814443290234
angle,1780514058958119370,-0.001372667960822582,0,0.009999885223805904
angle,1780514058992116071,-0.001374048064462841,0,0.009999836795032024
angle,1780514059018797202,-0.001375419436953962,0,0.00999986007809639
angle,1780514059047388596,-0.001376782078295946,0,0.00999993272125721
angle,1780514059075633235,-0.001378136104904115,0,0.009999820031225681
angle,1780514059103982166,-0.001379481400363147,0,0.009999897330999374
angle,1780514059138977160,-0.001380818081088364,0,0.009999874047935009
angle,1780514059165622873,-0.001382146030664444,0,0.009999845176935196
angle,1780514059196794351,-0.001383465365506709,0,0.009999904781579971
angle,1780514059224327593,-0.001384776085615158,0,0.009999844245612621
angle,1780514059253451329,-0.001386078074574471,0,0.009984197095036507
angle,1780514059281425370,-0.001387371215969324,0,0.009999747388064861
angle,1780514059308059142,-0.001388655276969075,0,0.009999776259064674
angle,1780514059343711404,-0.001389930373989046,0,0.009999816305935383
angle,1780514059371017824,-0.001391196856275201,0,0.009999829344451427
angle,1780514059401446183,-0.001392454840242863,0,0.009999873116612434
angle,1780514059436128204,-0.001393704558722675,0,0.00999993085861206
angle,1780514059465092083,-0.001394946011714637,0,0.009999934583902359
angle,1780514059493593384,-0.00139617919921875,0,0.009999833069741726
angle,1780514059514820960,-0.001397404121235013,0,0.00999987032264471
angle,1780514059544433867,-0.001398620777763426,0,0.0099998963996768
angle,1780514059565513964,-0.001399829052388668,0,0.009999716654419899
angle,1780514059607736904,-0.001401028828695416,0,0.009999927133321762
angle,1780514059650246080,-0.00140221999026835,0,0.009999815374612808
angle,1780514059697500155,-0.001403402420692146,0,0.00999980978667736
angle,1780514059725135978,-0.00140457646921277,0,0.010003388859331608
angle,1780514059753149084,-0.001405741553753614,0,0.009999608621001244
angle,1780514059779041416,-0.00140689779073,0,0.009999886155128479
angle,1780514059801312861,-0.001408045529387891,0,0.009999947622418404
angle,1780514059842567209,-0.001409184536896646,0,0.009999863803386688
angle,1780514059873388173,-0.001410315162502229,0,0.0099998340010643
angle,1780514059899901812,-0.001411437289789319,0,0.009999766945838928
angle,1780514059922844010,-0.001412551151588559,0,0.00999988242983818
angle,1780514059949617120,-0.001413656631484628,0,0.009999852627515793
angle,1780514059990181744,-0.001414753729477525,0,0.009999861009418964
angle,1780514060020870535,-0.001415842561982572,0,0.009999876841902733
angle,1780514060043289120,-0.001416923012584448,0,0.009999928064644337
angle,1780514060069242085,-0.001417995081283152,0,0.009999808855354786
angle,1780514060106027452,-0.001419058884494007,0,0.009999923408031464
angle,1780514060140287899,-0.001420114189386368,0,0.00999988429248333
angle,1780514060164827344,-0.001421161112375557,0,0.009999847039580345
angle,1780514060200878526,-0.001422199537046254,0,0.009999863803386688
angle,1780514060239709036,-0.001423229579813778,0,0.00999990664422512
angle,1780514060261267688,-0.001424251240678132,0,0.009999889880418777
angle,1780514060304661683,-0.001425264403223991,0,0.009999958798289299
angle,1780514060331225525,-0.001426269300282001,0,0.009999847039580345
angle,1780514060358572191,-0.00142726581543684,0,0.009999878704547882
angle,1780514060390763284,-0.001428253948688507,0,0.009999885223805904
angle,1780514060418924764,-0.001429233816452324,0,0.009999820962548256
angle,1780514060448669303,-0.001430205418728292,0,0.009999852627515793
angle,1780514060477114966,-0.001431168639101088,0,0.009999886155128479
angle,1780514060505174336,-0.001432123710401356,0,0.009999855421483517
angle,1780514060536459592,-0.001433070516213775,0,0.009999934583902359
angle,1780514060564433852,-0.001434009172953665,0,0.009999855421483517
angle,1780514060600782472,-0.001434939447790384,0,0.009999807924032211
angle,1780514060634402652,-0.001435861457139254,0,0.009999910369515419
angle,1780514060659637479,-0.001436775317415595,0,0.009999945759773254
angle,1780514060698834278,-0.001437680912204087,0,0.009999889880418777
angle,1780514060721640199,-0.001438578125089407,0,0.00999990664422512
angle,1780514060750826898,-0.001439467305317521,0,0.009999887086451054
angle,1780514060793657949,-0.001440348103642464,0,0.009999940171837807
angle,1780514060815210171,-0.001441220752894878,0,0.009999888017773628
angle,1780514060841772143,-0.001442085253074765,0,0.009999911300837994
angle,1780514060892022341,-0.001442941487766802,0,0.009999915026128292
angle,1780514060912032924,-0.001443789573386312,0,0.009999885223805904
angle,1780514060933834199,-0.001444629509933293,0,0.009999904781579971
angle,1780514060960762856,-0.001445461297407746,0,0.009999648667871952
angle,1780514060993487131,-0.001446285052224994,0,0.009999929927289486
angle,1780514061019494521,-0.001447100541554391,0,0.009999913163483143
angle,1780514061048275078,-0.001447907998226583,0,0.009999934583902359
angle,1780514061091837280,-0.001448707305826247,0,0.009999901987612247
angle,1780514061115355089,-0.001449498464353383,0,0.00999986007809639
angle,1780514061141288188,-0.001450281590223312,0,0.009999897330999374
angle,1780514061170824090,-0.001451056567020714,0,0.009999817237257957
angle,1780514061201599385,-0.00145182351116091,0,0.009999890811741352
angle,1780514061234605166,-0.0014525824226439,0,0.009999836795032024
angle,1780514061260458904,-0.001453333185054362,0,0.009999844245612621
angle,1780514061301508518,-0.001454075914807618,0,0.009999778121709824
angle,1780514061325259590,-0.001454810611903667,0,0.009999765083193779
angle,1780514061352636263,-0.001455549616366625,0,0.010170843452215195
angle,1780514061391854624,-0.001456298865377903,0,0.01042960025370121
angle,1780514061423006660,-0.001457009231671691,0,0.009999890811741352
angle,1780514061445916821,-0.001457711448892951,0,0.009999816305935383
angle,1780514061472944893,-0.001458405633457005,0,0.009999866597354412
angle,1780514061500759896,-0.001459091785363853,0,0.009999879635870457
angle,1780514061536625378,-0.001459770021028817,0,0.009999873116612434
angle,1780514061566351309,-0.001460440224036574,0,0.00999975111335516
angle,1780514061590246417,-0.001461102510802448,0,0.009999710135161877
angle,1780514061637197925,-0.001461756881326437,0,0.00999979767948389
angle,1780514061666184203,-0.00146240321919322,0,0.009999219328165054
angle,1780514061693057875,-0.001463041640818119,0,0.009999285452067852
angle,1780514061735879933,-0.001463672262616456,0,0.009999554604291916
angle,1780514061765463072,-0.001464294851757586,0,0.009999701753258705
angle,1780514061797776149,-0.001464909524656832,0,0.009998817928135395
angle,1780514061827882811,-0.001465516397729516,0,0.009999371133744717
angle,1780514061859488144,-0.001466115354560316,0,0.00999918021261692
angle,1780514061893664764,-0.001466706511564553,0,0.009999152272939682
angle,1780514061924886619,-0.001467289752326906,0,0.009998883120715618
angle,1780514061952429468,-0.001467865076847374,0,0.009999181143939495
angle,1780514061976807962,-0.001468432717956603,0,0.009999805130064487
angle,1780514061998100741,-0.001468992442823946,0,0.009999791160225868
angle,1780514062041804871,-0.001469544367864728,0,0.009999901056289673
angle,1780514062078332473,-0.001470088493078947,0,0.009999852627515793
angle,1780514062111514109,-0.001470625051297247,0,0.009999294765293598
angle,1780514062146617499,-0.001471153693273664,0,0.00999906100332737
angle,1780514062180729530,-0.001471674651838839,0,0.009998348541557789
angle,1780514062215520424,-0.001472187810577452,0,0.009998729452490807
angle,1780514062244244332,-0.001472693169489503,0,0.009999428875744343
angle,1780514062279512716,-0.001473190728574991,0,0.009999308735132217
angle,1780514062308907890,-0.001473680487833917,0,0.009999820962548256
angle,1780514062339465907,-0.001474162447266281,0,0.009999833069741726
angle,1780514062365926722,-0.001474636839702725,0,0.009999873116612434
angle,1780514062398559306,-0.001475103432312608,0,0.009999861009418964
angle,1780514062427923870,-0.001475562457926571,0,0.009999262169003487
angle,1780514062462475706,-0.001476013916544616,0,0.009999517351388931
angle,1780514062493240737,-0.001476457575336099,0,0.009999495930969715
angle,1780514062521597924,-0.001476893667131662,0,0.00999955739825964
angle,1780514062548009679,-0.001477322191931307,0,0.00999948289245367
angle,1780514062576259409,-0.00147774291690439,0,0.009999450296163559
angle,1780514062608597944,-0.001478156074881554,0,0.0099997129291296
angle,1780514062643143418,-0.001478561549447477,0,0.009999573230743408
angle,1780514062674512374,-0.001478959457017481,0,0.00999914575368166
angle,1780514062701973878,-0.001479349681176245,0,0.00999924074858427
angle,1780514062748275814,-0.00147973233833909,0,0.009999360889196396
angle,1780514062792849930,-0.001480107428506017,0,0.00999936368316412
angle,1780514062820141688,-0.001480474835261703,0,0.009999425150454044
angle,1780514062851094482,-0.001480834791436791,0,0.009999248199164867
angle,1780514062887730983,-0.00148118706420064,0,0.009999454952776432
angle,1780514062910397390,-0.001481531886383891,0,0.009999803267419338
angle,1780514062938682224,-0.001481869257986546,0,0.009999862872064114
angle,1780514062967528600,-0.001482199062593281,0,0.009999815374612808
angle,1780514062997884574,-0.001482521533034742,0,0.009999500587582588
angle,1780514063037712851,-0.001482836436480284,0,0.009999535046517849
angle,1780514063077345179,-0.001483143889345229,0,0.009998907335102558
angle,1780514063107135436,-0.001483443891629577,0,0.009999466128647327
angle,1780514063139759034,-0.001483736443333328,0,0.009998337365686893
angle,1780514063173749746,-0.00148402142804116,0,0.009999355301260948
angle,1780514063208580592,-0.001484298962168396,0,0.009999554604291916
angle,1780514063239146898,-0.001484568929299712,0,0.009999221190810204
angle,1780514063271533662,-0.001484831562265754,0,0.009999186731874943
angle,1780514063302799441,-0.001485086744651198,0,0.00999859906733036
angle,1780514063331138174,-0.001485334592871368,0,0.0099992910400033
angle,1780514063356910761,-0.001485574990510941,0,0.009999467059969902
angle,1780514063394714087,-0.001485807937569916,0,0.009999524801969528
angle,1780514063428194791,-0.001486033666878939,0,0.009999449364840984
angle,1780514063458061574,-0.001486252062022686,0,0.009999239817261696
angle,1780514063492948157,-0.001486463123001158,0,0.009999332949519157
angle,1780514063530072374,-0.001486666849814355,0,0.009999259375035763
angle,1780514063563506661,-0.001486863358877599,0,0.009999115020036697
angle,1780514063596041066,-0.001487052533775568,0,0.009999166242778301
angle,1780514063624693904,-0.001487234374508262,0,0.009999443776905537
angle,1780514063658841642,-0.00148740888107568,0,0.009999288246035576
angle,1780514063695021847,-0.001487576169893146,0,0.009999562986195087
angle,1780514063721101611,-0.001487736124545336,0,0.00999940000474453
angle,1780514063755391524,-0.001487888745032251,0,0.009998803026974201
angle,1780514063792878577,-0.001488034147769213,0,0.009998973459005356
angle,1780514063824950230,-0.001488172332756221,0,0.009999576956033707
angle,1780514063858858309,-0.001488303299993277,0,0.009999332018196583
angle,1780514063886073675,-0.001488426933065057,0,0.009999630972743034
angle,1780514063921501781,-0.001488543464802206,0,0.009999612346291542
angle,1780514063956638963,-0.001488652895204723,0,0.009999332018196583
angle,1780514063983527164,-0.001488755107857287,0,0.009999469853937626
angle,1780514064018955965,-0.001488850102759898,0,0.009999417699873447
angle,1780514064055105687,-0.001488937996327877,0,0.009999485686421394
angle,1780514064081092745,-0.001489018788561225,0,0.009999281726777554
angle,1780514064137861291,-0.00148909236304462,0,0.009999673813581467
angle,1780514064172758266,-0.001489158836193383,0,0.009999826550483704
angle,1780514064201643599,-0.001489218208007514,0,0.009999479167163372
angle,1780514064235005925,-0.001489270478487015,0,0.009999562054872513
angle,1780514064273255776,-0.001489315647631884,0,0.009999388828873634
angle,1780514064305574984,-0.001489353715442121,0,0.009999384172260761
angle,1780514064338807806,-0.001489384798333049,0,0.0099997753277421
angle,1780514064371832080,-0.001489408663474023,0,0.009999467059969902
angle,1780514064404472104,-0.001489425543695688,0,0.009999504312872887
angle,1780514064436689502,-0.001489435438998044,0,0.009999816305935383
angle,1780514064462122125,-0.001489438232965767,0,0.009999856352806091
angle,1780514064497095226,-0.001489434042014182,0,0.00999984610825777
angle,1780514064521302130,-0.001489422866143286,0,0.009999790228903294
angle,1780514064552463407,-0.001489404705353081,0,0.009999841451644897
angle,1780514064578772027,-0.001489379559643567,0,0.009999826550483704
angle,1780514064607788163,-0.001489347545430064,0,0.009999663569033146
angle,1780514064637975845,-0.00148930842988193,0,0.00999983586370945
angle,1780514064669744898,-0.001489262445829809,0,0.009999636560678482
angle,1780514064700690955,-0.001489209593273699,0,0.009999419562518597
angle,1780514064735996973,-0.001489149639382958,0,0.009999249130487442
angle,1780514064762349937,-0.00148908281698823,0,0.009999362751841545
angle,1780514064794289234,-0.001489009126089513,0,0.009999378584325314
angle,1780514064819886439,-0.001488928450271487,0,0.009999658912420273
angle,1780514064850680526,-0.001488840905949473,0,0.009999721311032772
angle,1780514064900916565,-0.001488746493123472,0,0.009999559260904789
angle,1780514064930540106,-0.001488645211793482,0,0.009999329224228859
angle,1780514064963891933,-0.001488537178374827,0,0.009999657981097698
angle,1780514064994970984,-0.001488422276452184,0,0.009999435395002365
angle,1780514065034600907,-0.001488300506025553,0,0.009999510832130909
angle,1780514065065528064,-0.001488171983510256,0,0.009999104775488377
angle,1780514065093319016,-0.001488036708906293,0,0.009999430738389492
angle,1780514065121976975,-0.001487894565798342,0,0.009999600239098072
angle,1780514065155155447,-0.001487745787017047,0,0.009999354369938374
angle,1780514065184297549,-0.001487590139731765,0,0.00999954529106617
angle,1780514065217250096,-0.001487427740357816,0,0.009999506175518036
angle,1780514065243646531,-0.001487258588895202,0,0.009999322704970837
angle,1780514065273300197,-0.001487082685343921,0,0.009999014437198639
angle,1780514065300850427,-0.001486900029703975,0,0.009999539703130722
angle,1780514065329973215,-0.001486710738390684,0,0.009999621659517288
angle,1780514065399367000,-0.001486514694988728,0,0.009999790228903294
angle,1780514065431611444,-0.001486312015913427,0,0.009998979978263378
angle,1780514065458811036,-0.00148610258474946,0,0.009999400936067104
angle,1780514065485125229,-0.001485886634327471,0,0.009999370202422142
angle,1780514065519212851,-0.001485663931816816,0,0.00999941024929285
angle,1780514065551798983,-0.001485434593632817,0,0.009998971596360207
angle,1780514065577002466,-0.001485198736190796,0,0.009999440051615238
angle,1780514065602397626,-0.001484956126660109,0,0.009998997673392296
angle,1780514065641701488,-0.001484706997871399,0,0.009999493137001991
angle,1780514065673323356,-0.001484451233409345,0,0.00999947264790535
angle,1780514065698714223,-0.001484188949689269,0,0.009999560192227364
angle,1780514065725994315,-0.001483920030295849,0,0.009999559260904789
angle,1780514065758816951,-0.001483644591644406,0,0.009999746456742287
angle,1780514065791959346,-0.00148336251731962,0,0.009999310597777367
angle,1780514065818404068,-0.001483074040152133,0,0.00999956764280796
angle,1780514065854030643,-0.001482779043726623,0,0.009999582543969154
angle,1780514065892684041,-0.001482477528043091,0,0.009999432601034641
angle,1780514065925747000,-0.001482169493101537,0,0.009999450296163559
angle,1780514065955934575,-0.001481854938901961,0,0.009999224916100502
angle,1780514065987158251,-0.001481533981859684,0,0.009999612346291542
angle,1780514066025691699,-0.001481206505559385,0,0.009999014437198639
angle,1780514066058157077,-0.001480872510001063,0,0.009999357163906097
angle,1780514066083752110,-0.001480532111600041,0,0.009999558329582214
angle,1780514066120188623,-0.001480185310356319,0,0.009999537840485573
angle,1780514066155594999,-0.001479832106269896,0,0.009999317117035389
angle,1780514066181765593,-0.001479472382925451,0,0.009999651461839676
angle,1780514066215644731,-0.001479106373153627,0,0.00999949499964714
angle,1780514066247228357,-0.001478734076954424,0,0.009999044239521027
angle,1780514066271893654,-0.0014783552614972,0,0.009999328292906284
angle,1780514066295599810,-0.001477970159612596,0,0.009999402798712254
angle,1780514066318662603,-0.001477578771300614,0,0.00999959371984005
angle,1780514066344406883,-0.001477180980145931,0,0.009999646805226803
angle,1780514066377515766,-0.00147677690256387,0,0.009999645873904228
angle,1780514066404299253,-0.001476366422139108,0,0.009999551810324192
angle,1780514066438020308,-0.00147594977170229,0,0.00999943446367979
angle,1780514066467760535,-0.001475526834838092,0,0.00999944843351841
angle,1780514066500910552,-0.001475097495131195,0,0.009999479167163372
angle,1780514066528116725,-0.00147466198541224,0,0.009999429807066917
angle,1780514066557796470,-0.001474220189265907,0,0.009999534115195274
angle,1780514066592171862,-0.001473772223107517,0,0.009999317117035389
angle,1780514066623734936,-0.001473317970521748,0,0.009998840279877186
angle,1780514066650483419,-0.001472857431508601,0,0.009998883120715618
angle,1780514066681860770,-0.001472390722483397,0,0.009999586269259453
angle,1780514066707901408,-0.001471917843446136,0,0.009999753907322884
angle,1780514066741367502,-0.001471438794396818,0,0.009999711066484451
angle,1780514066771526193,-0.001470953575335443,0,0.009999760426580906
angle,1780514066804257164,-0.001470462186262012,0,0.009999224916100502
angle,1780514066831019822,-0.001469964743591845,0,0.009999111294746399
angle,1780514066861007680,-0.001469461130909622,0,0.009999604895710945
angle,1780514066909010016,-0.001468951348215342,0,0.009999415837228298
angle,1780514066944063270,-0.001468435511924326,0,0.00999948289245367
angle,1780514066975566732,-0.001467913622036576,0,0.00999962817877531
angle,1780514067006561525,-0.001467385678552091,0,0.009999747388064861
angle,1780514067033138472,-0.001466851565055549,0,0.009999928995966911
angle,1780514067064356060,-0.001466311397962272,0,0.009999709203839302
angle,1780514067095592300,-0.001465765293687582,0,0.00999974925071001
angle,1780514067126038428,-0.001465213019400835,0,0.00999926682561636
angle,1780514067155072196,-0.001464654807932675,0,0.009999505244195461
angle,1780514067193389843,-0.00146409054286778,0,0.009999618865549564
angle,1780514067219761204,-0.001463520340621471,0,0.00999946054071188
angle,1780514067246565644,-0.001462944084778428,0,0.009999463334679604
angle,1780514067275318803,-0.001462361891753972,0,0.009999453090131283
angle,1780514067307944340,-0.00146177364513278,0,0.009999574162065983
angle,1780514067341031094,-0.001461179461330175,0,0.009999692440032959
angle,1780514067368967324,-0.001460579456761479,0,0.009999683126807213
angle,1780514067403033596,-0.001459973398596048,0,0.009999450296163559
angle,1780514067438143729,-0.001459361519664526,0,0.009999549947679043
angle,1780514067477574894,-0.00145874370355159,0,0.00999957975000143
angle,1780514067512340241,-0.001458120066672564,0,0.009999101981520653
angle,1780514067547121528,-0.001457490492612123,0,0.009999662637710571
angle,1780514067582290446,-0.00145685498137027,0,0.009999343194067478
angle,1780514067617662868,-0.001456213765777647,0,0.009999405592679977
angle,1780514067649209233,-0.001455566613003612,0,0.009999503381550312
angle,1780514067679519719,-0.001454913755878806,0,0.009999580681324005
angle,1780514067715606125,-0.001454254961572587,0,0.009999359026551247
angle,1780514067750901768,-0.001453590346500278,0,0.00999944843351841
angle,1780514067787470339,-0.001452920027077198,0,0.009999294765293598
angle,1780514067820299993,-0.001452243886888027,0,0.009999535046517849
angle,1780514067848226762,-0.001451562042348087,0,0.009999435395002365
angle,1780514067882938568,-0.001450874377042055,0,0.009999247267842293
angle,1780514067914931630,-0.001450180890969932,0,0.009999421425163746
angle,1780514067943715790,-0.001449481816962361,0,0.009999308735132217
angle,1780514067979521933,-0.001448777038604021,0,0.00999961793422699
angle,1780514068025133353,-0.0014480632962659,0,0.010043350048363209
angle,1780514068055871651,-0.001447346992790699,0,0.009999548085033894
angle,1780514068088015485,-0.00144662510138005,0,0.009999620728194714
angle,1780514068114257146,-0.001445897505618632,0,0.009999627247452736
angle,1780514068147482768,-0.001445164205506444,0,0.009999418631196022
angle,1780514068186008787,-0.001444425317458808,0,0.00999941024929285
angle,1780514068222281638,-0.001443678745999932,0,0.010026158764958382
angle,1780514068257282764,-0.00144292856566608,0,0.009999449364840984
angle,1780514068291665268,-0.001442172797396779,0,0.009999510832130909
angle,1780514068324825139,-0.001441411441192031,0,0.009999365545809269
angle,1780514068354269798,-0.001440644497051835,0,0.009999478235840797
angle,1780514068382539665,-0.001439871964976192,0,0.009999132715165615
angle,1780514068409867330,-0.0014390938449651,0,0.009999467059969902
angle,1780514068446023812,-0.001438310253433883,0,0.009999537840485573
angle,1780514068474838557,-0.001437521073967218,0,0.009999305941164494
angle,1780514068505534498,-0.001436726422980428,0,0.00999909732490778
angle,1780514068535953040,-0.001435926184058189,0,0.009999449364840984
angle,1780514068562308008,-0.001435120473615825,0,0.009999559260904789
angle,1780514068594534453,-0.001434309291653335,0,0.009999462403357029
angle,1780514068619538009,-0.001433492754586041,0,0.0099994707852602
angle,1780514068651136053,-0.001432670629583299,0,0.009999467991292477
angle,1780514068679254450,-0.001431843149475753,0,0.009999540634453297
angle,1780514068709556842,-0.001431010197848082,0,0.00999932736158371
angle,1780514068746993350,-0.001430171774700284,0,0.009999356232583523
angle,1780514068777941902,-0.001429327996447682,0,0.009999503381550312
angle,1780514068806445724,-0.001428478746674955,0,0.009999060072004795
angle,1780514068839038657,-0.001427624141797423,0,0.009999427013099194
angle,1780514068868396944,-0.001426764181815088,0,0.00999945867806673
angle,1780514068895296532,-0.001425898866727948,0,0.00999955553561449
angle,1780514068924881563,-0.001425028196536005,0,0.009999055415391922
angle,1780514068950196533,-0.001424152171239257,0,0.009999405592679977
angle,1780514068998482659,-0.001423270790837705,0,0.009999381378293037
angle,1780514069036493787,-0.001422384171746671,0,0.00999932736158371
angle,1780514069070299830,-0.001421492313966155,0,0.009999046102166176
angle,1780514069103148356,-0.001420595101080835,0,0.009999495930969715
angle,1780514069135864507,-0.001419692533090711,0,0.009999520145356655
angle,1780514069166588266,-0.001418784842826426,0,0.009999535046517849
angle,1780514069192524841,-0.001417871797457337,0,0.009999462403357029
angle,1780514069221983496,-0.001416953629814088,0,0.009999423287808895
angle,1780514069250097768,-0.001416030223481357,0,0.009999330155551434
angle,1780514069279160194,-0.001415101462043822,0,0.009999802336096764
angle,1780514069309699590,-0.001414167694747448,0,0.009999815374612808
angle,1780514069339511452,-0.001413228688761592,0,0.009999784640967846
angle,1780514069369483224,-0.001412284444086254,0,0.009999868459999561
angle,1780514069406385906,-0.001411335077136755,0,0.00999967660754919
angle,1780514069436540687,-0.001410380587913096,0,0.009998652152717113
angle,1780514069464688599,-0.001409420859999955,0,0.00999979954212904
angle,1780514069503025446,-0.001408456009812653,0,0.009999643079936504
angle,1780514069538190850,-0.001407486153766513,0,0.009999372065067291
angle,1780514069564055766,-0.001406511175446212,0,0.009999080561101437
angle,1780514069597960443,-0.00140553095843643,0,0.00999975111335516
angle,1780514069634843261,-0.00140454585198313,0,0.009999564848840237
angle,1780514069662570324,-0.00140355562325567,0,0.009999587200582027
angle,1780514069695550042,-0.00140256027225405,0,0.00999949499964714
angle,1780514069730605170,-0.001401560031808913,0,0.0099995331838727
angle,1780514069767748115,-0.001400554669089615,0,0.009999003261327744
angle,1780514069804526641,-0.001399544300511479,0,0.00999966636300087
angle,1780514069829181466,-0.001398529042489827,0,0.009999370202422142
angle,1780514069863339107,-0.001397508662194014,0,0.009999427013099194
angle,1780514069896035237,-0.001396483392454684,0,0.009998848661780357
angle,1780514069921497070,-0.001395453116856515,0,0.009999088011682034
angle,1780514069949078046,-0.00139441795181483,0,0.009998925030231476
angle,1780514069974043827,-0.001393377780914307,0,0.009999307803809643
angle,1780514070013028192,-0.001392332720570266,0,0.0099993497133255
angle,1780514070040723479,-0.001391282770782709,0,0.00999964214861393
angle,1780514070068851535,-0.001390227815136313,0,0.009999512694776058
angle,1780514070107828502,-0.001389168086461723,0,0.009999421425163746
angle,1780514070159541592,-0.001388103468343616,0,0.009999520145356655
angle,1780514070199174142,-0.001387033960781991,0,0.009999483823776245
angle,1780514070228264257,-0.001385959680192173,0,0.009999229572713375
angle,1780514070257191818,-0.001384880510158837,0,0.009999509900808334
angle,1780514070284465392,-0.001383796450681984,0,0.00999928917735815
angle,1780514070318120557,-0.001382707618176937,0,0.009999183937907219
angle,1780514070351355058,-0.001381614012643695,0,0.009999290108680725
angle,1780514070383845141,-0.001380515634082258,0,0.009999394416809082
angle,1780514070416039929,-0.001379412482492626,0,0.009999601170420647
angle,1780514070442780150,-0.001378304557874799,0,0.009999430738389492
angle,1780514070474943036,-0.001377191860228777,0,0.009999390691518784
angle,1780514070505856231,-0.00137607438955456,0,0.009999444708228111
angle,1780514070535192593,-0.00137495226226747,0,0.009999417699873447
angle,1780514070563349814,-0.001373825361952186,0,0.0099991075694561
angle,1780514070599679957,-0.001372693805024028,0,0.009999290108680725
angle,1780514070624842044,-0.001371557591482997,0,0.009999511763453484
angle,1780514070653301997,-0.001370416604913771,0,0.009999383240938187
angle,1780514070693178545,-0.001369271078146994,0,0.009999636560678482
angle,1780514070737077074,-0.001368120894767344,0,0.009999346919357777
angle,1780514070769273483,-0.001366965938359499,0,0.009999495930969715
angle,1780514070803749503,-0.001365806441754103,0,0.009999627247452736
angle,1780514070835256426,-0.001364642404951155,0,0.009999806061387062
angle,1780514070862947427,-0.001363473711535335,0,0.009999413043260574
angle,1780514070895984843,-0.001362300361506641,0,0.009999549947679043
angle,1780514070925575616,-0.001361122587695718,0,0.009998660534620285
angle,1780514070951674007,-0.001359940157271922,0,0.009999721311032772
angle,1780514070983326681,-0.001358753186650574,0,0.009999554604291916
angle,1780514071016385390,-0.001357561675831676,0,0.009999378584325314
angle,1780514071042182288,-0.001356365624815226,0,0.009999227710068226
angle,1780514071074785098,-0.001355165033601224,0,0.009999261237680912
angle,1780514071103475051,-0.001353960018604994,0,0.009999697096645832
angle,1780514071135738231,-0.001352750579826534,0,0.009999362751841545
angle,1780514071166061760,-0.001351536600850523,0,0.009999441914260387
angle,1780514071213012253,-0.00135031808167696,0,0.009999467991292477
angle,1780514071244175110,-0.001349095138721168,0,0.009999532252550125
angle,1780514071276178754,-0.001347867888398468,0,0.009999161586165428
angle,1780514071309283076,-0.001346636097878218,0,0.00999951921403408
angle,1780514071344080243,-0.001345399999991059,0,0.009999561123549938
angle,1780514071376485969,-0.00134415936190635,0,0.009999285452067852
angle,1780514071402322047,-0.001342914416454732,0,0.009999074973165989
angle,1780514071435182173,-0.001341665163636208,0,0.009999467991292477
angle,1780514071470868880,-0.001340411487035453,0,0.00999928917735815
angle,1780514071497656999,-0.00133915338665247,0,0.009999356232583523
angle,1780514071531212466,-0.0013378910953179,0,0.009999539703130722
angle,1780514071564012975,-0.001336624380201101,0,0.00999945867806673
angle,1780514071591029589,-0.001335353357717395,0,0.009999621659517288
angle,1780514071616950341,-0.001334078027866781,0,0.009999044239521027
angle,1780514071651762246,-0.001332798507064581,0,0.009999290108680725
angle,1780514071684765289,-0.001331514562480152,0,0.009998738765716553
angle,1780514071713233881,-0.001330226543359458,0,0.009999525733292103
angle,1780514071746037339,-0.001328934100456536,0,0.009999659843742847
angle,1780514071777981027,-0.001327637583017349,0,0.009998722933232784
angle,1780514071807069938,-0.001326336758211255,0,0.00999943632632494
angle,1780514071841517092,-0.001325031742453575,0,0.009999576956033707
angle,1780514071872156600,-0.001323722419328988,0,0.009999502450227737
angle,1780514071904095312,-0.001322409021668136,0,0.00999949499964714
angle,1780514071929314766,-0.001321091549471021,0,0.009999481961131096
angle,1780514071963145631,-0.001319769769906998,0,0.009999547153711319
angle,1780514071997877252,-0.001318443915806711,0,0.009999463334679604
angle,1780514072020660802,-0.001317113870754838,0,0.009999621659517288
angle,1780514072044973556,-0.001315779751166701,0,0.00999976135790348
angle,1780514072092193928,-0.001314441557042301,0,0.009999880567193031
angle,1780514072136679514,-0.001313099171966314,0,0.009999810717999935
angle,1780514072165142642,-0.001311752712354064,0,0.009999275207519531
angle,1780514072190650230,-0.00131040217820555,0,0.009999333880841732
angle,1780514072236286847,-0.001309047569520772,0,0.009999747388064861
angle,1780514072262147493,-0.001307688886299729,0,0.009999454952776432
angle,1780514072288174034,-0.001306326244957745,0,0.009999407455325127
angle,1780514072335907018,-0.001304959529079497,0,0.00999969057738781
angle,1780514072360669990,-0.001303588855080307,0,0.009999645873904228
angle,1780514072386653034,-0.001302214106544852,0,0.009999752044677734
angle,1780514072418494098,-0.001300835399888456,0,0.009999629110097885
angle,1780514072446519411,-0.001299452735111117,0,0.009999686852097511
angle,1780514072483161621,-0.001298066112212837,0,0.009999741800129414
angle,1780514072510894611,-0.001296675531193614,0,0.009999190457165241
angle,1780514072540812681,-0.001295280992053449,0,0.00999945867806673
angle,1780514072569140712,-0.001293882611207664,0,0.009999044239521027
angle,1780514072598484324,-0.001292480272240937,0,0.009999658912420273
angle,1780514072628870149,-0.001291074091568589,0,0.00999927893280983
angle,1780514072659884504,-0.0012896639527753,0,0.009999491274356842
angle,1780514072687715390,-0.00128824997227639,0,0.009999443776905537
angle,1780514072717374735,-0.001286832150071859,0,0.00999930314719677
angle,1780514072749311769,-0.001285410369746387,0,0.009999703615903854
angle,1780514072779065230,-0.001283984864130616,0,0.009998997673392296
angle,1780514072808407093,-0.001282555516809225,0,0.009999452158808708
angle,1780514072837368196,-0.001281122444197536,0,0.009999050758779049
angle,1780514072868762390,-0.001279685529880226,0,0.009999222122132778
angle,1780514072896941108,-0.001278244773857296,0,0.009999344125390053
angle,1780514072935058142,-0.001276800292544067,0,0.009999465197324753
angle,1780514072960953126,-0.001275351969525218,0,0.009999560192227364
angle,1780514072986577144,-0.001273900037631392,0,0.009999415837228298
angle,1780514073018802834,-0.001272444264031947,0,0.009999487549066544
angle,1780514073046293152,-0.001270984881557524,0,0.009999386966228485
angle,1780514073097380945,-0.001269521657377481,0,0.009999494068324566
angle,1780514073127008345,-0.001268054824322462,0,0.009999592788517475
angle,1780514073157631069,-0.001266584149561822,0,0.009999469853937626
angle,1780514073193346052,-0.001265109982341528,0,0.009999513626098633
angle,1780514073225174007,-0.001263632089830935,0,0.009999044239521027
angle,1780514073258358588,-0.001262150472030044,0,0.009999439120292664
angle,1780514073292443662,-0.001260665361769497,0,0.009999675676226616
angle,1780514073319627846,-0.001259176526218653,0,0.00999918207526207
angle,1780514073348224277,-0.001257684081792831,0,0.00999943446367979
angle,1780514073377211551,-0.001256188028492033,0,0.009999440982937813
angle,1780514073401796844,-0.001254688482731581,0,0.009999534115195274
angle,1780514073440158508,-0.00125318521168083,0,0.009999657049775124
angle,1780514073472916960,-0.001251678448170424,0,0.009998607449233532
angle,1780514073499010947,-0.001250168192200363,0,0.009999335743486881
angle,1780514073542551583,-0.001248654443770647,0,0.009999489411711693
angle,1780514073571498936,-0.001247137086465955,0,0.009998985566198826
angle,1780514073597079487,-0.001245616236701608,0,0.00999933760613203
angle,1780514073631287014,-0.001244091894477606,0,0.009999504312872887
angle,1780514073659947376,-0.001242564059793949,0,0.00999958161264658
angle,1780514073693121504,-0.001241032732650638,0,0.009999680332839489
angle,1780514073727586123,-0.001239497913047671,0,0.009999454021453857
angle,1780514073758858187,-0.00123795960098505,0,0.009998743422329426
angle,1780514073784387779,-0.001236418029293418,0,0.009999382309615612
angle,1780514073809791957,-0.001234872848726809,0,0.009999372996389866
angle,1780514073848443319,-0.001233324408531189,0,0.00999949686229229
angle,1780514073879377409,-0.001231772475875914,0,0.009999358095228672
angle,1780514073906974076,-0.001230217167176306,0,0.009999632835388184
angle,1780514073930586625,-0.001228658482432365,0,0.009999413043260574
angle,1780514073955388269,-0.001227096421644092,0,0.009999151341617107
angle,1780514073998631795,-0.001225531101226807,0,0.009999586269259453
angle,1780514074023617256,-0.001223962288349867,0,0.00999896414577961
angle,1780514074048196955,-0.001222390215843916,0,0.009999510832130909
angle,1780514074074358965,-0.001220814883708954,0,0.009999391622841358
angle,1780514074102098428,-0.001219236175529659,0,0.00999950710684061
angle,1780514074136774130,-0.001217654207721353,0,0.009999429807066917
angle,1780514074168383857,-0.001216068980284035,0,0.009999123401939869
angle,1780514074192882542,-0.001214480493217707,0,0.009999332949519157
angle,1780514074217656750,-0.001212888630107045,0,0.009999495930969715
angle,1780514074243062926,-0.001211293740198016,0,0.009999535977840424
angle,1780514074270155027,-0.001209695474244654,0,0.009999450296163559
angle,1780514074309209074,-0.001208093948662281,0,0.009999661706387997
angle,1780514074341350895,-0.00120648939628154,0,0.009999511763453484
angle,1780514074368558726,-0.001204881467856467,0,0.009999160654842854
angle,1780514074398328323,-0.001203270512633026,0,0.009999499656260014
angle,1780514074439627696,-0.001201656297780573,0,0.009999815374612808
angle,1780514074470766717,-0.001200038939714432,0,0.009999892674386501
angle,1780514074501987680,-0.001198418438434601,0,0.009999402798712254
angle,1780514074531084533,-0.001196794677525759,0,0.009999599307775497
angle,1780514074564874155,-0.001195167889818549,0,0.009999490343034267
angle,1780514074597580461,-0.00119353795889765,0,0.009999237023293972
angle,1780514074627419968,-0.001191905001178384,0,0.009999453090131283
angle,1780514074658739322,-0.001190268667414784,0,0.010001534596085548
angle,1780514074691562973,-0.001188629539683461,0,0.009999304078519344
angle,1780514074722489545,-0.00118698738515377,0,0.009999372065067291
angle,1780514074751843880,-0.001185342203825712,0,0.00999940000474453
angle,1780514074781898125,-0.001183693879283965,0,0.009999527595937252
angle,1780514074820567019,-0.001179652404971421,0,0.024383459240198135
angle,1780514074845100970,-0.001177978469058871,0,0.009999886155128479
angle,1780514074870382272,-0.001176302321255207,0,0.009999530389904976
angle,1780514074901265535,-0.001174626057036221,0,0.009999707341194153
angle,1780514074934621439,-0.001172950840555131,0,0.009999156929552555
angle,1780514074960870522,-0.001171277253888547,0,0.00999955553561449
angle,1780514074992021733,-0.001169605180621147,0,0.009999554604291916
angle,1780514075021526082,-0.001167933922261,0,0.00999941024929285
angle,1780514075052036842,-0.001166262198239565,0,0.00999972503632307
angle,1780514075081132464,-0.001164588727988303,0,0.009999396279454231
angle,1780514075113098347,-0.001162912114523351,0,0.009999453090131283
angle,1780514075141749277,-0.001161231310106814,0,0.009999312460422516
angle,1780514075178395972,-0.001159545383416116,0,0.009999693371355534
angle,1780514075209103750,-0.001157854101620615,0,0.00999908335506916
angle,1780514075238288396,-0.001156157464720309,0,0.009999644011259079
angle,1780514075268839581,-0.001154455821961164,0,0.009999684058129787
angle,1780514075297061799,-0.001152749988250434,0,0.009999296627938747
angle,1780514075342849478,-0.001151040545664728,0,0.009999439120292664
angle,1780514075375320120,-0.001149328425526619,0,0.009998496621847153
angle,1780514075408396875,-0.001147614093497396,0,0.009999452158808708
angle,1780514075433510898,-0.00114589580334723,0,0.010013547725975513
angle,1780514075467685630,-0.001144178560934961,0,0.009999357163906097
angle,1780514075502134052,-0.001142460037954152,0,0.009999459609389305
angle,1780514075539678877,-0.001140739885158837,0,0.009999503381550312
angle,1780514075573488919,-0.001139017986133695,0,0.009998710826039314
angle,1780514075600595825,-0.00113729399163276,0,0.009999066591262817
angle,1780514075635902503,-0.001135567203164101,0,0.009999722242355347
angle,1780514075667398157,-0.001133837504312396,0,0.00999944657087326
angle,1780514075696246335,-0.00113210454583168,0,0.009999453090131283
angle,1780514075735160720,-0.00113036809489131,0,0.009999286383390427
angle,1780514075765600578,-0.001128628267906606,0,0.009999358095228672
angle,1780514075791289501,-0.00112688506487757,0,0.009999183006584644
angle,1780514075817302003,-0.001125138835050166,0,0.009999407455325127
angle,1780514075851927138,-0.001123389578424394,0,0.009999280795454979
angle,1780514075898707926,-0.001121637644246221,0,0.009999473579227924
angle,1780514075929380254,-0.001119883265346289,0,0.009999346919357777
angle,1780514075957461625,-0.001118126674555242,0,0.009999086149036884
angle,1780514075983315931,-0.001116367871873081,0,0.009999341331422329
angle,1780514076010239953,-0.001114606973715127,0,0.00999972503632307
angle,1780514076047518389,-0.001112843980081379,0,0.009999629110097885
angle,1780514076080322266,-0.001111078774556518,0,0.009999101050198078
angle,1780514076113785395,-0.001109311240725219,0,0.009999609552323818
angle,1780514076146463640,-0.001107541262172163,0,0.009999627247452736
angle,1780514076173550926,-0.001105768838897347,0,0.009999453090131283
angle,1780514076201022741,-0.00110399373807013,0,0.009999209083616734
angle,1780514076238116327,-0.001102215843275189,0,0.009999582543969154
angle,1780514076271464464,-0.001100435387343168,0,0.009999057278037071
angle,1780514076297856208,-0.001098652137443423,0,0.009999232366681099
angle,1780514076335341955,-0.001096866326406598,0,0.009999464266002178
angle,1780514076368029798,-0.001095077954232693,0,0.00999939814209938
angle,1780514076400472425,-0.001093287137337029,0,0.009999343194067478
angle,1780514076425503343,-0.001091494108550251,0,0.009999125264585018
angle,1780514076456258141,-0.001089698635041714,0,0.009999151341617107
angle,1780514076509311235,-0.001087900949642062,0,0.009999490343034267
angle,1780514076541277405,-0.001086100935935974,0,0.009999563917517662
angle,1780514076571118867,-0.001084298826754093,0,0.009999710135161877
angle,1780514076602588643,-0.001082494505681098,0,0.009999415837228298
angle,1780514076636808953,-0.001080687856301665,0,0.00999941024929285
angle,1780514076666195968,-0.001078878995031118,0,0.009999459609389305
angle,1780514076698602397,-0.001077067805454135,0,0.009999322704970837
angle,1780514076724534854,-0.001075254287570715,0,0.00999933760613203
angle,1780514076756368717,-0.001073438441380858,0,0.009999312460422516
angle,1780514076792316266,-0.001071620150469244,0,0.009999540634453297
angle,1780514076817359879,-0.001069799647666514,0,0.009998561814427376
angle,1780514076845193262,-0.001067976816557348,0,0.009999440982937813
angle,1780514076877076757,-0.001066151773557067,0,0.009999020956456661
angle,1780514076904521405,-0.00106432440225035,0,0.009999580681324005
angle,1780514076941061993,-0.001062494935467839,0,0.009999487549066544
angle,1780514076967964613,-0.001060663140378892,0,0.009999588131904602
angle,1780514076997794005,-0.001058829366229475,0,0.009999516420066357
angle,1780514077044407193,-0.001056993380188942,0,0.009999634698033333
angle,1780514077078463721,-0.001055155298672616,0,0.009999465197324753
angle,1780514077109035529,-0.001053315005265176,0,0.009999317117035389
angle,1780514077138448510,-0.001051472732797265,0,0.009999720379710197
angle,1780514077166821880,-0.001049628248438239,0,0.00999985821545124
angle,1780514077197497942,-0.001047781785018742,0,0.009999801404774189
angle,1780514077238173839,-0.00104593310970813,0,0.009999804198741913
angle,1780514077264531125,-0.001044076285324991,0,0.010031408630311489
angle,1780514077295403117,-0.001042223419062793,0,0.00999948289245367
angle,1780514077325536589,-0.001040368340909481,0,0.009999456815421581
angle,1780514077355738344,-0.001038511283695698,0,0.009999323636293411
angle,1780514077386822129,-0.001036652131006122,0,0.009999504312872887
angle,1780514077411749145,-0.001034790882840753,0,0.009999505244195461
angle,1780514077434839729,-0.001032927772030234,0,0.009999440982937813
angle,1780514077462140454,-0.001031062565743923,0,0.009999674744904041
angle,1780514077506259502,-0.001029195496812463,0,0.009999770671129227
angle,1780514077548393537,-0.001027326448820531,0,0.009999076835811138
angle,1780514077591713927,-0.001025455305352807,0,0.009999371133744717
angle,1780514077627308228,-0.001023582299239933,0,0.00999937392771244
angle,1780514077662122110,-0.001021707430481911,0,0.00999942235648632
angle,1780514077696445267,-0.001019830466248095,0,0.009999426081776619
angle,1780514077733932724,-0.00101795163936913,0,0.009999489411711693
angle,1780514077766082419,-0.001016070949845016,0,0.00999960582703352
angle,1780514077795713307,-0.001014188281260431,0,0.009999384172260761
angle,1780514077831912688,-0.001012303750030696,0,0.009999276138842106
angle,1780514077866431382,-0.001010417356155813,0,0.009999181143939495
angle,1780514077895068034,-0.001008528983220458,0,0.009999421425163746
angle,1780514077927950170,-0.001006638864055276,0,0.009999464266002178
angle,1780514077960172163,-0.001004746882244945,0,0.009999300353229046
angle,1780514077986299130,-0.001002853037789464,0,0.009999553672969341
angle,1780514078014579343,-0.001000957330688834,0,0.009999233298003674
angle,1780514078048678049,-0.000999059877358377,0,0.009999684989452362
angle,1780514078082520059,-0.000997160561382771,0,0.00999902468174696
angle,1780514078107744408,-0.000995259499177337,0,0.009999630972743034
angle,1780514078143884909,-0.000993356690742075,0,0.009999283589422703
angle,1780514078175026300,-0.000991452136076987,0,0.009999285452067852
angle,1780514078204235298,-0.000989545718766749,0,0.009999621659517288
angle,1780514078238005167,-0.000987637555226684,0,0.00999951921403408
angle,1780514078269323970,-0.000985727761872113,0,0.009999324567615986
angle,1780514078297052364,-0.000983816222287714,0,0.009999296627938747
angle,1780514078336194685,-0.000981902936473489,0,0.009999407455325127
angle,1780514078368908165,-0.000979987904429436,0,0.009998776949942112
angle,1780514078400527598,-0.000978071242570877,0,0.00999927707016468
angle,1780514078434780200,-0.000976152892690152,0,0.009999522939324379
angle,1780514078461770834,-0.00097423285478726,0,0.009998548775911331
angle,1780514078492615885,-0.000972311187069863,0,0.009999645873904228
angle,1780514078519111813,-0.000970387947745621,0,0.009999061934649944
angle,1780514078551892026,-0.000968463078606874,0,0.009999677538871765
angle,1780514078581101690,-0.00096653652144596,0,0.009999549947679043
angle,1780514078613281280,-0.000964608392678201,0,0.009999562986195087
angle,1780514078647930370,-0.000962678634095937,0,0.00999953132122755
angle,1780514078672297389,-0.000960747303906828,0,0.009999383240938187
angle,1780514078700120469,-0.000958814343903214,0,0.009999518282711506
angle,1780514078738546903,-0.000956879812292755,0,0.009999502450227737
angle,1780514078764758350,-0.000954943709075451,0,0.00999928917735815
angle,1780514078789392573,-0.000953006092458963,0,0.009998920373618603
angle,1780514078818644728,-0.000951066904235631,0,0.009999539703130722
angle,1780514078852018452,-0.000949126202613115,0,0.009999559260904789
angle,1780514078879908705,-0.000947183987591416,0,0.009999633766710758
angle,1780514078910122147,-0.000945240317378193,0,0.00999949499964714
angle,1780514078939440099,-0.000943295191973448,0,0.009999451227486134
angle,1780514078969950538,-0.000941348553169519,0,0.009999636560678482
angle,1780514078999090087,-0.000939400459174067,0,0.009999481029808521
angle,1780514079036217529,-0.000937450909987092,0,0.009999442845582962
angle,1780514079064180163,-0.000935499905608594,0,0.009999226778745651
angle,1780514079094552778,-0.000933547446038574,0,0.009999426081776619
angle,1780514079120075696,-0.000931593647692353,0,0.009999592788517475
angle,1780514079149844412,-0.000929638335946947,0,0.009999644942581654
angle,1780514079182606474,-0.00092768162721768,0,0.009999544359743595
angle,1780514079212591691,-0.000925723579712212,0,0.009999416768550873
angle,1780514079244350054,-0.000923764135222882,0,0.009998985566198826
angle,1780514079271204764,-0.000921803351957351,0,0.009998923167586327
angle,1780514079298335648,-0.000919841229915619,0,0.009999794885516167
angle,1780514079339347815,-0.000917877710890025,0,0.009999868459999561
angle,1780514079368089501,-0.000915912911295891,0,0.009999597445130348
angle,1780514079393142529,-0.000913946714717895,0,0.00999948475509882
angle,1780514079418483888,-0.000911979237571359,0,0.009999368339776993
angle,1780514079451516358,-0.000910010479856282,0,0.009999318979680538
angle,1780514079498300418,-0.000908040383365005,0,0.009999780915677547
angle,1780514079530979348,-0.000906069064512849,0,0.009999506175518036
angle,1780514079558104989,-0.000904096406884491,0,0.009999780915677547
angle,1780514079594901981,-0.000902122526895255,0,0.0099998340010643
angle,1780514079622783914,-0.000900147366337478,0,0.009999694302678108
angle,1780514079652834848,-0.000898170983418822,0,0.009999639354646206
angle,1780514079692944815,-0.000896193378139287,0,0.009999407455325127
angle,1780514079728403870,-0.000894214492291212,0,0.009999689646065235
angle,1780514079753448812,-0.000892234442289919,0,0.009999684989452362
angle,1780514079787287623,-0.000890253169927746,0,0.009999353438615799
angle,1780514079822860123,-0.000888270733412355,0,0.009999368339776993
angle,1780514079858314308,-0.000886287132743746,0,0.009999544359743595
angle,1780514079892274959,-0.000884302367921919,0,0.009998884983360767
angle,1780514079921595218,-0.000882316555362195,0,0.009999318979680538
angle,1780514079955838053,-0.000880329520441592,0,0.009999886155128479
angle,1780514079990472262,-0.000878341437783092,0,0.009999362751841545
angle,1780514080018777287,-0.000876352190971375,0,0.009999457746744156
angle,1780514080051233367,-0.00087436189642176,0,0.009999364614486694
angle,1780514080083503850,-0.000872370495926589,0,0.009999716654419899
angle,1780514080110887667,-0.00087037798948586,0,0.009999684058129787
angle,1780514080153473241,-0.000868384318891913,0,0.009999857284128666
angle,1780514080186312125,-0.00086638965876773,0,0.009999080561101437
angle,1780514080219329095,-0.00086439389269799,0,0.009999124333262444
angle,1780514080256504621,-0.000862397078890353,0,0.009999431669712067
angle,1780514080302708520,-0.00086039921734482,0,0.009999173693358898
angle,1780514080343925922,-0.000858400308061391,0,0.009999473579227924
angle,1780514080375989560,-0.000856400409247726,0,0.009999064728617668
angle,1780514080404976148,-0.000854399520903826,0,0.009999511763453484
angle,1780514080434963024,-0.00085239764302969,0,0.009999296627938747
angle,1780514080467363541,-0.00085039489204064,0,0.009999451227486134
angle,1780514080497306670,-0.000848391093313694,0,0.009999504312872887
angle,1780514080526127577,-0.000846386421471834,0,0.009999541565775871
angle,1780514080557847295,-0.000844380760099739,0,0.009999405592679977
angle,1780514080586197250,-0.000842374167405069,0,0.00999930128455162
angle,1780514080613700077,-0.000840366643387824,0,0.009999377653002739
angle,1780514080644458503,-0.000838358129840344,0,0.009999793954193592
angle,1780514080675243294,-0.000836348684970289,0,0.009999160654842854
angle,1780514080706863549,-0.000834338366985321,0,0.00999955739825964
angle,1780514080742324150,-0.000832327117677778,0,0.009999079629778862
angle,1780514080771531795,-0.000830314995255321,0,0.009999198839068413
angle,1780514080799873693,-0.000828302057925612,0,0.009999302215874195
angle,1780514080827732205,-0.000826288247480989,0,0.009999562054872513
angle,1780514080853301794,-0.000824273563921452,0,0.009999552741646767
angle,1780514080893618786,-0.000822258123662323,0,0.009999415837228298
angle,1780514080921306179,-0.000820241868495941,0,0.009999273344874382
angle,1780514080948026207,-0.000818224740214646,0,0.009999522008001804
angle,1780514080974825239,-0.00081620691344142,0,0.009998930618166924
angle,1780514081003075550,-0.00081418821355328,0,0.009999516420066357
angle,1780514081037783316,-0.000812168698757887,0,0.00999960582703352
angle,1780514081065547037,-0.000810148485470563,0,0.009999641217291355
angle,1780514081093115518,-0.000808127457275987,0,0.009999415837228298
angle,1780514081147697574,-0.000806105672381818,0,0.009999190457165241
angle,1780514081182136420,-0.000804083130788058,0,0.00999949499964714
angle,1780514081214463816,-0.000802059832494706,0,0.009999622590839863
angle,1780514081245130297,-0.000800035835709423,0,0.00999926682561636
angle,1780514081277767308,-0.000798011140432209,0,0.009999489411711693
angle,1780514081308297063,-0.000795985688455403,0,0.009999561123549938
angle,1780514081337958518,-0.000793959596194327,0,0.009999485686421394
angle,1780514081364727561,-0.00079193280544132,0,0.00999913178384304
angle,1780514081397371046,-0.000789905374404043,0,0.009999378584325314
angle,1780514081421829362,-0.000787877303082496,0,0.009998776949942112
angle,1780514081446545233,-0.000785848533269018,0,0.009999415837228298
angle,1780514081495630542,-0.000783819181378931,0,0.009999285452067852
angle,1780514081527576677,-0.000781789247412235,0,0.009999172762036324
angle,1780514081559578665,-0.000779758673161268,0,0.0099991699680686
angle,1780514081584257948,-0.000777727400418371,0,0.009999371133744717
angle,1780514081611587893,-0.000775695603806525,0,0.009998462162911892
angle,1780514081638684306,-0.00077366316691041,0,0.009999347850680351
angle,1780514081663176012,-0.000771630206145346,0,0.00999949499964714
angle,1780514081705210456,-0.000769596663303673,0,0.009999310597777367
angle,1780514081730800214,-0.000767562538385391,0,0.009999382309615612
angle,1780514081755259100,-0.0007655278313905,0,0.00999948289245367
angle,1780514081803870597,-0.000763492600526661,0,0.009999739937484264
angle,1780514081830443568,-0.000761456787586212,0,0.009999442845582962
angle,1780514081865110542,-0.000759420508984476,0,0.009999291971325874
angle,1780514081900390993,-0.000757383648306131,0,0.00999949499964714
angle,1780514081925984287,-0.000755346263758838,0,0.009999595582485199
angle,1780514081948900529,-0.000753308471757919,0,0.009999563917517662
angle,1780514081991709138,-0.000751270155888051,0,0.009999728761613369
angle,1780514082014549179,-0.000749231374356896,0,0.00999972503632307
angle,1780514082042779950,-0.000747192127164453,0,0.009999756701290607
angle,1780514082069866438,-0.000745152356103063,0,0.009999838657677174
angle,1780514082106299475,-0.000743112177588046,0,0.00999982375651598
angle,1780514082137333328,-0.000741071533411741,0,0.009999665431678295
angle,1780514082161437615,-0.000739030539989471,0,0.009999675676226616
angle,1780514082201924495,-0.000736989080905914,0,0.00999953132122755
angle,1780514082238098379,-0.000734947214368731,0,0.009999226778745651
angle,1780514082270934703,-0.000732904940377921,0,0.009999871253967285
angle,1780514082300256567,-0.000730862317141145,0,0.009999355301260948
angle,1780514082334856256,-0.000728819344658405,0,0.00999940000474453
angle,1780514082367032333,-0.000726775964722037,0,0.009999412111938
angle,1780514082397533941,-0.000724732293747365,0,0.009999645873904228
angle,1780514082431290923,-0.000722688273526728,0,0.009999874979257584
angle,1780514082463071860,-0.000720643904060125,0,0.009999475441873074
angle,1780514082499883301,-0.000718599243555218,0,0.009999660775065422
angle,1780514082527337742,-0.000716554233804345,0,0.009999741800129414
angle,1780514082558910721,-0.000714508933015168,0,0.009998741559684277
angle,1780514082595105127,-0.000712463282980025,0,0.00999931339174509
angle,1780514082621466906,-0.000710417400114238,0,0.009999423287808895
angle,1780514082646543526,-0.000708371284417808,0,0.00999919231981039
angle,1780514082680655553,-0.000706324819475412,0,0.009999606758356094
angle,1780514082707797660,-0.000704278179910034,0,0.009999323636293411
angle,1780514082747367802,-0.000702231249306351,0,0.009999015368521214
angle,1780514082777183887,-0.000700184085872024,0,0.009999590925872326
angle,1780514082802820625,-0.000698136689607054,0,0.009999338537454605
angle,1780514082848140679,-0.00069608906051144,0,0.009999323636293411
angle,1780514082879934107,-0.000694041315000504,0,0.00999944657087326
angle,1780514082912206836,-0.000691993278451264,0,0.009998785331845284
angle,1780514082945746503,-0.000689945067279041,0,0.00999946054071188
angle,1780514082976902413,-0.000687896681483835,0,0.009999376721680164
angle,1780514083010043527,-0.000685848121065646,0,0.009999634698033333
angle,1780514083037146386,-0.000683799386024475,0,0.009999621659517288
angle,1780514083094053778,-0.000681750476360321,0,0.009999692440032959
angle,1780514083128295930,-0.000679701450280845,0,0.009999217465519905
angle,1780514083157745613,-0.000677652307786047,0,0.009999270550906658
angle,1780514083187886835,-0.000675602932460606,0,0.00999950896948576
angle,1780514083221785245,-0.000673553498927504,0,0.009999440982937813
angle,1780514083248271989,-0.00067150394897908,0,0.009999638423323631
angle,1780514083276879424,-0.000669454340822995,0,0.009999573230743408
angle,1780514083307664261,-0.000667404616251588,0,0.009999376721680164
angle,1780514083344720029,-0.000665354775264859,0,0.009999681264162064
angle,1780514083371176652,-0.00066330487607047,0,0.00999961607158184
angle,1780514083399485742,-0.000661254918668419,0,0.009999318048357964
angle,1780514083435580962,-0.000659204903058708,0,0.009999404661357403
angle,1780514083466720943,-0.000657154887448996,0,0.009999360889196396
angle,1780514083497993462,-0.000655104813631624,0,0.009999400936067104
angle,1780514083536396292,-0.000653054739814252,0,0.009999548085033894
angle,1780514083569819510,-0.000651004607789218,0,0.009998400695621967
angle,1780514083605290247,-0.000648954533971846,0,0.009999163448810577
angle,1780514083637847106,-0.000646904518362135,0,0.009998587891459465
angle,1780514083665760877,-0.000644854502752423,0,0.009999469853937626
angle,1780514083702975477,-0.000642804545350373,0,0.009999619796872139
angle,1780514083734371227,-0.000640754587948322,0,0.009999269619584084
angle,1780514083762114182,-0.000638704688753933,0,0.009999719448387623
angle,1780514083798944859,-0.000636654789559543,0,0.009999560192227364
angle,1780514083830364710,-0.000634605006780475,0,0.009999342262744904
angle,1780514083859311177,-0.000632555165793747,0,0.009999367408454418
angle,1780514083892499112,-0.000630505383014679,0,0.00999895203858614
angle,1780514083924390625,-0.000628455716650933,0,0.009998597204685211
angle,1780514083949628390,-0.000626406166702509,0,0.009999401867389679
angle,1780514083993744102,-0.000624356674961746,0,0.009999611414968967
angle,1780514084024226549,-0.000622307357843965,0,0.00999970082193613
angle,1780514084058498605,-0.000620258098933846,0,0.009999564848840237
angle,1780514084087945910,-0.00061820907285437,0,0.009999276138842106
angle,1780514084119474366,-0.000616160163190216,0,0.009999469853937626
angle,1780514084145572999,-0.000614111428149045,0,0.009999037720263004
angle,1780514084178197383,-0.000612062809523195,0,0.009999428875744343
angle,1780514084209176775,-0.000610014365520328,0,0.009999246336519718
angle,1780514084240346477,-0.000607966096140444,0,0.009999201633036137
angle,1780514084265280124,-0.000605917943175882,0,0.009999331086874008
angle,1780514084299843997,-0.000603870081249624,0,0.00999935157597065
angle,1780514084335939384,-0.000601822335738689,0,0.009999815374612808
angle,1780514084362042734,-0.000599774823058397,0,0.00999943446367979
angle,1780514084392214415,-0.000597727485001087,0,0.009999559260904789
angle,1780514084418734356,-0.000595680437982082,0,0.009999563917517662
angle,1780514084446849054,-0.00059363356558606,0,0.009999372996389866
angle,1780514084473387145,-0.000591586984228343,0,0.009999753907322884
angle,1780514084502607113,-0.000589540635701269,0,0.009999753907322884
angle,1780514084550349368,-0.0005874945782125,0,0.009999863803386688
angle,1780514084581532663,-0.000585448753554374,0,0.00999948289245367
angle,1780514084618780086,-0.000583403219934553,0,0.00999938603490591
angle,1780514084654298295,-0.000581357919145375,0,0.009999489411711693
angle,1780514084684480930,-0.000579312967602164,0,0.009999540634453297
angle,1780514084713292672,-0.000577268307097256,0,0.009999236091971397
angle,1780514084748329013,-0.000575223937630653,0,0.009999390691518784
angle,1780514084777745854,-0.000573179917410016,0,0.00999961793422699
angle,1780514084806364070,-0.000571136246435344,0,0.009999553672969341
angle,1780514084838159708,-0.000569092924706638,0,0.009999529458582401
angle,1780514084869124802,-0.000567049952223897,0,0.00999907124787569
angle,1780514084898798342,-0.000565007445402443,0,0.009999762289226055
angle,1780514084926287233,-0.000562965229619294,0,0.009999539703130722
angle,1780514084951541020,-0.000560923421289772,0,0.009999113157391548
angle,1780514085010949415,-0.000558881962206215,0,0.00999953132122755
angle,1780514085043778818,-0.000556840852368623,0,0.009999727830290794
angle,1780514085072126317,-0.000554800208192319,0,0.009999478235840797
angle,1780514085103879382,-0.000552759855054319,0,0.009999633766710758
angle,1780514085137089948,-0.000550720025785267,0,0.009999370202422142
angle,1780514085164194162,-0.000548680545762181,0,0.009999486617743969
angle,1780514085199930859,-0.000546641531400383,0,0.0099994707852602
angle,1780514085228491391,-0.00054460292449221,0,0.00999943632632494
angle,1780514085256096608,-0.000542564783245325,0,0.009999356232583523
angle,1780514085301321973,-0.000540527107659727,0,0.009999584406614304
angle,1780514085338565751,-0.000538490014150739,0,0.009999243542551994
angle,1780514085375306766,-0.000536453269887716,0,0.009999901987612247
angle,1780514085405269249,-0.000534417107701302,0,0.009999120607972145
angle,1780514085440791823,-0.000532381411176175,0,0.009999487549066544
angle,1780514085478664842,-0.000530346238519996,0,0.009998243302106857
angle,1780514085512205285,-0.000528311589732766,0,0.009999355301260948
angle,1780514085547837272,-0.000526277406606823,0,0.00999943446367979
angle,1780514085584103099,-0.000524243805557489,0,0.009999568574130535
angle,1780514085619553827,-0.000522210728377104,0,0.009999560192227364
angle,1780514085654858539,-0.000520178175065666,0,0.009999506175518036
angle,1780514085693844616,-0.000518146145623177,0,0.009998446330428123
angle,1780514085726347196,-0.000516114698257297,0,0.009999525733292103
angle,1780514085757623479,-0.000514083832968026,0,0.009999221190810204
angle,1780514085786172845,-0.000512053549755365,0,0.00999946054071188
angle,1780514085815386420,-0.000510023790411651,0,0.009999782778322697
angle,1780514085849597170,-0.000507994671352208,0,0.00999962817877531
angle,1780514085895748980,-0.000505966134369373,0,0.00999884307384491
angle,1780514085927831956,-0.000503938237670809,0,0.009998989291489124
angle,1780514085954865871,-0.000501910923048854,0,0.009999453090131283
angle,1780514085991966125,-0.000499884190503508,0,0.009999548085033894
angle,1780514086025319372,-0.000497858156450093,0,0.009999101981520653
angle,1780514086063961498,-0.000495832762680948,0,0.009999127127230167
angle,1780514086100888160,-0.000493808009196073,0,0.009999226778745651
angle,1780514086142763958,-0.000491783954203129,0,0.009999294765293598
angle,1780514086170558217,-0.000489760539494455,0,0.009999645873904228
angle,1780514086206702675,-0.000487737794173881,0,0.00999939814209938
angle,1780514086238862070,-0.000485715689137578,0,0.009999812580645084
angle,1780514086267974486,-0.000483694282593206,0,0.009999417699873447
angle,1780514086303879819,-0.000481673603644595,0,0.009999321773648262
angle,1780514086336844302,-0.000479653594084084,0,0.009998663328588009
angle,1780514086364649968,-0.000477634312119335,0,0.009999497793614864
angle,1780514086394455878,-0.000475615728646517,0,0.009999478235840797
angle,1780514086435604152,-0.000473597901873291,0,0.009999250061810017
angle,1780514086474560873,-0.000471580773591995,0,0.009998499415814877
angle,1780514086511162285,-0.000469564431114122,0,0.00999926496297121
angle,1780514086540539765,-0.000467548874439672,0,0.009999548085033894
angle,1780514086568270103,-0.000465534045360982,0,0.0099995918571949
angle,1780514086601122371,-0.000463520002085716,0,0.009999440051615238
angle,1780514086647264887,-0.000461506773717701,0,0.009999265894293785
angle,1780514086681537169,-0.000459494272945449,0,0.009999075904488564
angle,1780514086712293519,-0.000457482528872788,0,0.009999677538871765
angle,1780514086748856788,-0.00045547162881121,0,0.009999215602874756
angle,1780514086777101176,-0.000453461514553055,0,0.009999537840485573
angle,1780514086806898049,-0.000451452215202153,0,0.009999437257647514
angle,1780514086841916425,-0.000449443672550842,0,0.009999660775065422
angle,1780514086869952518,-0.000447435973910615,0,0.009999201633036137
angle,1780514086898050022,-0.00044542909017764,0,0.009999512694776058
angle,1780514086937605921,-0.000443423050455749,0,0.009999238885939121
angle,1780514086963210665,-0.000441417883848771,0,0.009999429807066917
angle,1780514086994345042,-0.000439413561252877,0,0.009999619796872139
angle,1780514087023295552,-0.000437410169979557,0,0.00999951921403408
angle,1780514087052892838,-0.000435407622717321,0,0.009999546222388744
angle,1780514087079520442,-0.000433406006777659,0,0.009999044239521027
angle,1780514087108672534,-0.000431405263952911,0,0.009999421425163746
angle,1780514087139918980,-0.000429405452450737,0,0.009999743662774563
angle,1780514087196905489,-0.000427406514063478,0,0.009999825619161129
angle,1780514087236752674,-0.000425408506998792,0,0.00999994482845068
angle,1780514087264195488,-0.000423411373049021,0,0.009999494068324566
angle,1780514087305606134,-0.000421415112214163,0,0.009999888017773628
angle,1780514087339122016,-0.000419419753598049,0,0.009999547153711319
angle,1780514087371896352,-0.00041742532630451,0,0.009999459609389305
angle,1780514087406003951,-0.000415431859437376,0,0.009999151341617107
angle,1780514087433138808,-0.000413439382100478,0,0.00999956764280796
angle,1780514087468387389,-0.000411447894293815,0,0.009999380446970463
angle,1780514087502552498,-0.000409457366913557,0,0.009998983703553677
angle,1780514087538361274,-0.000407467858167365,0,0.00999939814209938
angle,1780514087571389473,-0.000405479338951409,0,0.009999711997807026
angle,1780514087601218970,-0.000403491867473349,0,0.009999473579227924
angle,1780514087639364567,-0.000401505385525525,0,0.009999624453485012
angle,1780514087674464930,-0.000399519980419427,0,0.009999293833971024
angle,1780514087708575506,-0.000397535506635904,0,0.009999479167163372
angle,1780514087746578095,-0.000395552051486447,0,0.009998951107263565
angle,1780514087779929477,-0.000393569644074887,0,0.009999549947679043
angle,1780514087808361108,-0.000391588255297393,0,0.009999388828873634
angle,1780514087839247827,-0.000389607914257795,0,0.009999401867389679
angle,1780514087866595322,-0.000387628620956093,0,0.009999499656260014
angle,1780514087903938302,-0.000385650375392288,0,0.009999456815421581
angle,1780514087936321447,-0.000383673177566379,0,0.009999485686421394
angle,1780514087970518022,-0.000381697056582198,0,0.00999938603490591
angle,1780514088002701762,-0.000379721954232082,0,0.009999710135161877
angle,1780514088031109141,-0.000377748016035184,0,0.009999407455325127
angle,1780514088066260581,-0.000375775125576183,0,0.009999589063227177
angle,1780514088101351059,-0.0003738033992704,0,0.00999877043068409
angle,1780514088128325929,-0.000371832778910175,0,0.009999440051615238
angle,1780514088154932347,-0.000369863264495507,0,0.009999572299420834
angle,1780514088192953582,-0.000367894914234057,0,0.009999372065067291
angle,1780514088224383092,-0.000365923333447427,0,0.010021477937698364
angle,1780514088262064183,-0.000363957253284752,0,0.009998948313295841
angle,1780514088297859565,-0.000361992279067636,0,0.009999323636293411
angle,1780514088337201435,-0.000360028498107567,0,0.009999306872487068
angle,1780514088367668182,-0.000358065852196887,0,0.009999212808907032
angle,1780514088393345689,-0.000356104399543256,0,0.009999483823776245
angle,1780514088428829928,-0.000354144140146673,0,0.009999479167163372
angle,1780514088462539471,-0.000352185015799478,0,0.009998996742069721
angle,1780514088490133777,-0.000350227084709331,0,0.009999310597777367
angle,1780514088526044543,-0.000348270346876234,0,0.009999465197324753
angle,1780514088561825835,-0.000346314744092524,0,0.009999397210776806
angle,1780514088599274153,-0.000344360363669693,0,0.009999522008001804
angle,1780514088631024149,-0.000342407205607742,0,0.009999305009841919
angle,1780514088658654301,-0.0003404552990105,0,0.009999165311455727
angle,1780514088691946902,-0.000338504585670307,0,0.00999911967664957
angle,1780514088726351782,-0.000336555152898654,0,0.009999399073421955
angle,1780514088762743548,-0.000334606942487881,0,0.009998907335102558
angle,1780514088799109271,-0.000332660012645647,0,0.009999154135584831
angle,1780514088834854698,-0.000330714305164292,0,0.009999774396419525
angle,1780514088866818284,-0.000328769878251478,0,0.009999769739806652
angle,1780514088897720780,-0.000326826731907204,0,0.009999288246035576
angle,1780514088932356285,-0.000324884807923809,0,0.009999427013099194
angle,1780514088966269263,-0.000322944164508954,0,0.00999899860471487
angle,1780514088994230137,-0.000321004830766469,0,0.009999185800552368
angle,1780514089029604246,-0.000319066748488694,0,0.009999514557421207
angle,1780514089063018489,-0.000317130004987121,0,0.009999475441873074
angle,1780514089090365907,-0.000315194542054087,0,0.009999492205679417
angle,1780514089122871530,-0.000313260417897254,0,0.009999478235840797
angle,1780514089155316004,-0.000311327603412792,0,0.009999471716582775
angle,1780514089180855111,-0.0003093960986007,0,0.009999428875744343
angle,1780514089208046468,-0.00030746596166864,0,0.009999523870646954
angle,1780514089244666118,-0.000305537134408951,0,0.009998876601457596
angle,1780514089278836589,-0.000303609645925462,0,0.009999111294746399
angle,1780514089305317991,-0.000301683496218175,0,0.009999497793614864
angle,1780514089342316610,-0.000299758743494749,0,0.009999322704970837
angle,1780514089395149687,-0.000297835387755185,0,0.009999324567615986
angle,1780514089423942398,-0.000295913399895653,0,0.009999770671129227
angle,1780514089460849948,-0.000293992809019983,0,0.009999308735132217
angle,1780514089496162586,-0.000292073586024344,0,0.009998934343457222
angle,1780514089522719583,-0.000290155730908737,0,0.009999049827456474
angle,1780514089556216766,-0.000288239301880822,0,0.009999572299420834
angle,1780514089593924549,-0.000286324269836769,0,0.009999018162488937
angle,1780514089627046999,-0.000284410634776577,0,0.009999056346714497
angle,1780514089656877367,-0.000282498425804079,0,0.009999480098485947
angle,1780514089690292258,-0.000280587642919272,0,0.00999939814209938
angle,1780514089724447727,-0.000278678286122158,0,0.009999142959713936
angle,1780514089759443052,-0.000276770326308906,0,0.009999477304518223
angle,1780514089785753447,-0.000274863821687177,0,0.009999471716582775
angle,1780514089818828501,-0.000272958801360801,0,0.00999943446367979
angle,1780514089850250699,-0.000271055207122117,0,0.009999465197324753
angle,1780514089879973914,-0.000269153097178787,0,0.009999431669712067
angle,1780514089906923565,-0.00026725244242698,0,0.009999601170420647
angle,1780514089940910721,-0.000265353271970525,0,0.009999294765293598
angle,1780514089976728620,-0.000263455527601764,0,0.009998971596360207
angle,1780514090011601061,-0.000261559267528355,0,0.009999564848840237
angle,1780514090043652667,-0.00025966452085413,0,0.009999291971325874
angle,1780514090069896091,-0.000257771229371428,0,0.00999941024929285
angle,1780514090107783353,-0.000255879480391741,0,0.009999537840485573
angle,1780514090139738259,-0.000253989273915067,0,0.009999731555581093
angle,1780514090168913537,-0.000252100551733747,0,0.009999281726777554
angle,1780514090193193661,-0.000250213372055441,0,0.009999466128647327
angle,1780514090225799170,-0.000248327705776319,0,0.009999105706810951
angle,1780514090255034884,-0.000246443582000211,0,0.009999326430261135
angle,1780514090298585740,-0.000244561000727117,0,0.009999590925872326
angle,1780514090329919450,-0.000242679991060868,0,0.00999846588820219
angle,1780514090359518917,-0.000240800523897633,0,0.009999466128647327
angle,1780514090386848706,-0.000238922599237412,0,0.00999955739825964
angle,1780514090431404302,-0.000237046289839782,0,0.009999326430261135
angle,1780514090471369336,-0.000235171493841335,0,0.009999353438615799
angle,1780514090507511037,-0.000233298284001648,0,0.009999490343034267
angle,1780514090541221896,-0.000231426660320722,0,0.009999183006584644
angle,1780514090572857523,-0.000229556608246639,0,0.00999950896948576
angle,1780514090606394017,-0.000227688185987063,0,0.009999360889196396
angle,1780514090641573637,-0.000225821349886246,0,0.009999514557421207
angle,1780514090675021730,-0.000223956070840359,0,0.009999598376452923
angle,1780514090711879234,-0.000222092421608977,0,0.009999268688261509
angle,1780514090746036195,-0.000220230358536355,0,0.009999498724937439
angle,1780514090779971349,-0.000218369939830154,0,0.00999961793422699
angle,1780514090811897502,-0.000216511121834628,0,0.009999626316130161
angle,1780514090848992886,-0.000214653933653608,0,0.009999426081776619
angle,1780514090881221674,-0.000212798375287093,0,0.009999893605709076
angle,1780514090918090662,-0.000210944475838915,0,0.009999724105000496
angle,1780514090950098332,-0.000209092249860987,0,0.009999091736972332
angle,1780514091001333729,-0.000207241682801396,0,0.009999186731874943
angle,1780514091036329229,-0.00020539277466014,0,0.009999577887356281
angle,1780514091071584010,-0.000203545525437221,0,0.009999575093388557
angle,1780514091107376112,-0.000201699978788383,0,0.009999425150454044
angle,1780514091139615856,-0.000199856091057882,0,0.009999359026551247
angle,1780514091172982907,-0.000198013905901462,0,0.00999958161264658
angle,1780514091205912178,-0.000196173408767208,0,0.009999395348131657
angle,1780514091235839670,-0.000194334628758952,0,0.00999942235648632
angle,1780514091270786113,-0.000192497565876693,0,0.009999428875744343
angle,1780514091304565598,-0.000190662161912769,0,0.009999485686421394
angle,1780514091338763903,-0.000188828504178673,0,0.009999323636293411
angle,1780514091373638628,-0.000186996534466743,0,0.009999340400099754
angle,1780514091400912203,-0.000185166310984641,0,0.009999241679906845
angle,1780514091438955602,-0.000183337819180451,0,0.009999385103583336
angle,1780514091470776995,-0.000181511044502258,0,0.009999155066907406
angle,1780514091509376835,-0.000179686016053893,0,0.009998236782848835
angle,1780514091541948672,-0.000177862719283439,0,0.009999565780162811
angle,1780514091576457678,-0.000176041226950474,0,0.009999471716582775
angle,1780514091609336214,-0.000174221509951167,0,0.009999659843742847
angle,1780514091651789332,-0.000172403582837433,0,0.009999251924455166
angle,1780514091679556936,-0.000170587372849695,0,0.009999185800552368
angle,1780514091710581457,-0.000168772952747531,0,0.00999950710684061
angle,1780514091750153959,-0.000166960307979025,0,0.009999226778745651
angle,1780514091780435108,-0.000165149438544177,0,0.009999202564358711
angle,1780514091810477588,-0.00016334030078724,0,0.009999602101743221
angle,1780514091850886958,-0.000161532952915877,0,0.009999335743486881
angle,1780514091889266297,-0.000159727424033917,0,0.009999261237680912
angle,1780514091921538539,-0.000157923612277955,0,0.009999746456742287
angle,1780514091961102128,-0.000156121663167141,0,0.009998985566198826
angle,1780514091998093451,-0.000154321547597647,0,0.009998956695199013
angle,1780514092031273007,-0.00015252323646564,0,0.009999425150454044
angle,1780514092068336066,-0.000150726787978783,0,0.009999316185712814
angle,1780514092100495586,-0.000148932202137075,0,0.009999537840485573
angle,1780514092135394046,-0.000147139391629025,0,0.009999570436775684
angle,1780514092159653958,-0.000145348501973785,0,0.009999727830290794
angle,1780514092193776355,-0.000143559431307949,0,0.009999812580645084
angle,1780514092219213211,-0.000141772194183432,0,0.009999834932386875
angle,1780514092250828369,-0.000139986790600233,0,0.009999720379710197
angle,1780514092280717101,-0.000138203176902607,0,0.009999209083616734
angle,1780514092316844851,-0.000136421440402046,0,0.009998985566198826
angle,1780514092351157825,-0.000134641551994719,0,0.009999091736972332
angle,1780514092391719913,-0.000132863555336371,0,0.009999320842325687
angle,1780514092423529519,-0.000131087464978918,0,0.009999492205679417
angle,1780514092446868452,-0.000129313280922361,0,0.009999721311032772
angle,1780514092473933962,-0.000127541032270528,0,0.00999979954212904
angle,1780514092496635549,-0.000125770675367676,0,0.009999878704547882
angle,1780514092543670452,-0.000124002210213803,0,0.00999983586370945
angle,1780514092572682770,-0.000122235622256994,0,0.009999587200582027
angle,1780514092607450488,-0.000120470896945335,0,0.009999523870646954
angle,1780514092641857452,-0.000118708092486486,0,0.009999300353229046
angle,1780514092669276725,-0.000116947194328532,0,0.00999950896948576
angle,1780514092703223609,-0.000115188195195515,0,0.009999630972743034
angle,1780514092741596901,-0.000113431153295096,0,0.009999568574130535
angle,1780514092775151273,-0.000111676061351318,0,0.009999600239098072
angle,1780514092808595542,-0.00010992291936418,0,0.00999915599822998
angle,1780514092837044347,-0.000108171734609641,0,0.009999546222388744
angle,1780514092869877998,-0.000106422514363658,0,0.009999725967645645
angle,1780514092902446344,-0.000104675287730061,0,0.0099978381767869
angle,1780514092932822134,-0.000102930040156934,0,0.009999283589422703
angle,1780514092967579649,-0.000101186778920237,0,0.009999455884099007
angle,1780514093001662629,-0.000099445504019968,0,0.00999951921403408
angle,1780514093028286643,-0.000097706171800382,0,0.00999885518103838
angle,1780514093053350607,-0.000095968825917225,0,0.009999667294323444
angle,1780514093085532011,-0.000094233473646455,0,0.009999385103583336
angle,1780514093115128034,-0.000092500056780409,0,0.009998982772231102
angle,1780514093145035230,-0.000090768626250792,0,0.00999937392771244
angle,1780514093173839148,-0.000089039152953774,0,0.009999692440032959
angle,1780514093204837078,-0.000087311687821057,0,0.00999950710684061
angle,1780514093235200619,-0.000085586201748811,0,0.009998749941587448
angle,1780514093267493486,-0.000083862723840866,0,0.009999365545809269
angle,1780514093293189280,-0.000082141261373181,0,0.009998784400522709
angle,1780514093325287783,-0.000080421814345755,0,0.009999110363423824
angle,1780514093357989669,-0.000078704448242206,0,0.009999359957873821
angle,1780514093384567421,-0.000076989104854874,0,0.009999268688261509
angle,1780514093417577852,-0.00007527581328759,0,0.009999102912843227
angle,1780514093448997052,-0.000073564602644183,0,0.009999312460422516
angle,1780514093482219049,-0.000071855414716993,0,0.009999632835388184
angle,1780514093507050959,-0.000070148256781977,0,0.009999530389904976
angle,1780514093544450754,-0.000068443136115093,0,0.009999160654842854
angle,1780514093578236533,-0.000066740038164426,0,0.009961424395442009
angle,1780514093608043190,-0.000065039414039347,0,0.009999464266002178
angle,1780514093638549633,-0.00006334156205412,0,0.009999469853937626
angle,1780514093668089655,-0.000061646242102142,0,0.00999919231981039
angle,1780514093707850655,-0.000059953166783089,0,0.009999368339776993
angle,1780514093738578532,-0.000058262081438443,0,0.009999592788517475
angle,1780514093778072230,-0.0000565728150832,0,0.009998524561524391
angle,1780514093818007971,-0.000054885171266505,0,0.009999537840485573
angle,1780514093847978966,-0.00005319908450474,0,0.009999503381550312
angle,1780514093878586166,-0.000051514620281523,0,0.00999926682561636
angle,1780514093909931620,-0.000049831793148769,0,0.009999540634453297
angle,1780514093947132756,-0.000048150774091482,0,0.00999913178384304
angle,1780514093978771807,-0.000046471719542751,0,0.00999955739825964
angle,1780514094018556800,-0.000044794785935665,0,0.009999575093388557
angle,1780514094059597140,-0.000043120089685544,0,0.009999029338359833
angle,1780514094089847241,-0.000041447732655797,0,0.009999044239521027
angle,1780514094127365642,-0.000039777791243978,0,0.009999491274356842
angle,1780514094158624605,-0.000038110232708277,0,0.009999604895710945
angle,1780514094197869308,-0.000036445075238589,0,0.009999127127230167
angle,1780514094237295298,-0.000034782206057571,0,0.00999940000474453
angle,1780514094276653932,-0.000033121574233519,0,0.009999427944421768
angle,1780514094309837240,-0.000031463121558772,0,0.009999572299420834
angle,1780514094341991847,-0.000029806751626893,0,0.009999404661357403
angle,1780514094367523046,-0.000028152397135273,0,0.009999356232583523
angle,1780514094401185474,-0.00002650003261806,0,0.009999500587582588
angle,1780514094431469630,-0.000024849667170201,0,0.00999935157597065
angle,1780514094454874968,-0.000023201338990475,0,0.00999987218528986
angle,1780514094496854367,-0.000021555058992817,0,0.009999863803386688
angle,1780514094528894493,-0.000019910856281058,0,0.00999930314719677
angle,1780514094554036784,-0.000018268812709721,0,0.009999269619584084
angle,1780514094594659775,-0.000016628964658594,0,0.009999442845582962
angle,1780514094628907587,-0.000014991373063822,0,0.009999465197324753
angle,1780514094661309125,-0.000013356039744394,0,0.009999558329582214
angle,1780514094693745153,-0.000011723007446562,0,0.009998952969908714
angle,1780514094720067084,-0.000010092266165884,0,0.009999768808484077
angle,1780514094749949315,-0.000008463801350445,0,0.009999425150454044
angle,1780514094782186534,-0.000006837569799245,0,0.009999679401516914
angle,1780514094815008260,-0.000005213553777139,0,0.009999627247452736
angle,1780514094841902445,-0.000003591765562305,0,0.009999292902648449
angle,1780514094877616045,-0.000001972135805772,0,0.009999114088714123
angle,1780514094905797380,-3.54688097559e-7,0,0.009999724105000496
angle,1780514094935000163,0.000001260602175535,0,0.009999802336096764
angle,1780514094958765094,0.000002873709718187,0,0.009999679401516914
angle,1780514094999916222,0.000004484660166781,0,0.009999788366258144
angle,1780514095031704205,0.000006093414867792,0,0.009998936206102371
angle,1780514095058096652,0.000007699982234044,0,0.009999237023293972
angle,1780514095084540699,0.000009304287232226,0,0.00999942235648632
angle,1780514095117201089,0.000010906316674664,0,0.009998872876167297
angle,1780514095154967513,0.000012506042367022,0,0.009999643079936504
angle,1780514095190562444,0.00001410346794728,0,0.009999529458582401
angle,1780514095225669594,0.000015698587958468,0,0.009999324567615986
angle,1780514095253928099,0.000017291416952503,0,0.009999250061810017
angle,1780514095287204617,0.000018881975847762,0,0.009999522008001804
angle,1780514095319265930,0.000020470259187277,0,0.009999205358326435
angle,1780514095345353723,0.000022056301531848,0,0.009999161586165428
angle,1780514095372139143,0.00002364007923461,0,0.009999416768550873
angle,1780514095407405924,0.000025221601390513,0,0.009999548085033894
angle,1780514095445843826,0.000026800877094502,0,0.009999471716582775
angle,1780514095486640188,0.000028377888156683,0,0.00999908335506916
angle,1780514095517379454,0.000029952618206153,0,0.009999385103583336
angle,1780514095554479251,0.000031525065423921,0,0.009999684989452362
angle,1780514095593740634,0.000033095249818871,0,0.009999467059969902
angle,1780514095626869467,0.000034663131373236,0,0.00999936182051897
angle,1780514095666350371,0.000036228713724995,0,0.009999346919357777
angle,1780514095697195782,0.000037791996874148,0,0.009999675676226616
angle,1780514095731107237,0.000039352980820695,0,0.009999467991292477
angle,1780514095756841612,0.000040911618270911,0,0.009999430738389492
angle,1780514095786321862,0.0000424679601565,0,0.009999491274356842
angle,1780514095817504098,0.000044021970097674,0,0.009999481029808521
angle,1780514095851386507,0.000045573640818475,0,0.00999938603490591
angle,1780514095886229772,0.00004712297959486,0,0.009999344125390053
angle,1780514095928204021,0.000048670004616724,0,0.009999156929552555
angle,1780514095966304982,0.000050214690418215,0,0.009999014437198639
angle,1780514096008183163,0.000051757029723376,0,0.00999936182051897
angle,1780514096046323468,0.000053297044360079,0,0.009999412111938
angle,1780514096087108682,0.000054834737966303,0,0.009999471716582775
angle,1780514096125243148,0.000056370088714175,0,0.009999810717999935
angle,1780514096165388513,0.000057903092965716,0,0.00999947264790535
angle,1780514096197457478,0.000059433754358906,0,0.009999377653002739
angle,1780514096231306559,0.000060962109273532,0,0.009999520145356655
angle,1780514096257955684,0.000062488092225976,0,0.009999495930969715
angle,1780514096293594772,0.000064011699578259,0,0.009999368339776993
angle,1780514096326282884,0.00006553296407219,0,0.009999614208936691
angle,1780514096356474001,0.000067051849327981,0,0.009999395348131657
angle,1780514096396707360,0.000068568391725421,0,0.009999426081776619
angle,1780514096421976543,0.000070082547608763,0,0.009999431669712067
angle,1780514096454581782,0.000071594302426092,0,0.009999477304518223
angle,1780514096491188320,0.000073103699833155,0,0.009999402798712254
angle,1780514096516909876,0.000074610703450162,0,0.009999282658100128
angle,1780514096550821927,0.000076115320553072,0,0.009999457746744156
angle,1780514096589271955,0.000077617565693799,0,0.009999651461839676
angle,1780514096620822371,0.000079117409768514,0,0.00999949499964714
angle,1780514096654873996,0.000080614867329132,0,0.009999551810324192
angle,1780514096692766331,0.000082109931099694,0,0.009999388828873634
angle,1780514096727741823,0.000083602615632117,0,0.009999802336096764
angle,1780514096755492500,0.000085092906374484,0,0.009999279864132404
angle,1780514096791351297,0.000086580817878712,0,0.00999927893280983
angle,1780514096828800035,0.000088066328316927,0,0.00999939814209938
angle,1780514096863293497,0.000089549408585299,0,0.009999362751841545
angle,1780514096898798621,0.000091030065959785,0,0.00999954342842102
angle,1780514096934570617,0.000092508300440386,0,0.00999905914068222
angle,1780514096971772503,0.000093984104751144,0,0.009998743422329426
angle,1780514097007116951,0.000095457471616101,0,0.009999365545809269
angle,1780514097067354940,0.000096928401035257,0,0.009999442845582962
angle,1780514097110340657,0.00009839690028457,0,0.009999562054872513
angle,1780514097155956259,0.000099862947536167,0,0.009998904541134834
angle,1780514097183246664,0.000101326564617921,0,0.00999960396438837
angle,1780514097208727588,0.000102787766081747,0,0.009999682195484638
angle,1780514097246583018,0.000104246544651687,0,0.009999653324484825
angle,1780514097273910718,0.000105702914879657,0,0.009999774396419525
angle,1780514097301694504,0.000107156862213742,0,0.009999843314290047
angle,1780514097342558704,0.000108608437585644,0,0.010000110603868961
angle,1780514097373383482,0.000110057560959831,0,0.009999812580645084
angle,1780514097400069033,0.000111504275992047,0,0.009999649599194527
angle,1780514097426264182,0.000112948568130378,0,0.009999681264162064
angle,1780514097454845359,0.000114390386443119,0,0.009999473579227924
angle,1780514097489305015,0.000115829730930272,0,0.009999617002904415
angle,1780514097516493796,0.000117266587039921,0,0.009999520145356655
angle,1780514097544674950,0.000118700925668236,0,0.009998921304941177
angle,1780514097575224966,0.000120132797746919,0,0.009999696165323257
angle,1780514097607076933,0.000121562152344268,0,0.009999514557421207
angle,1780514097637805459,0.000122988989460282,0,0.009999300353229046
angle,1780514097664241029,0.00012441334547475,0,0.009999674744904041
angle,1780514097705239417,0.000125835213111714,0,0.009999462403357029
angle,1780514097732234548,0.000127254621475004,0,0.009999353438615799
angle,1780514097757018712,0.000128671585116535,0,0.009999183006584644
angle,1780514097783791898,0.000130086089484394,0,0.009999390691518784
angle,1780514097813980847,0.000131498134578578,0,0.009999735280871391
angle,1780514097846520373,0.000132907720399089,0,0.009999792091548443
angle,1780514097875982184,0.000134314788738266,0,0.009999438188970089
angle,1780514097905465458,0.000135719397803769,0,0.009999441914260387
angle,1780514097938461864,0.000137121533043683,0,0.009999324567615986
angle,1780514097963708327,0.000138521165354177,0,0.009999214671552181
angle,1780514097998383275,0.000139918309287168,0,0.00999982189387083
angle,1780514098023804986,0.000141312892083079,0,0.009999378584325314
angle,1780514098054018121,0.000142704957397655,0,0.00999939814209938
angle,1780514098094176915,0.000144094490678981,0,0.009999370202422142
angle,1780514098118552085,0.000145481521030888,0,0.009999529458582401
angle,1780514098147096898,0.00014686603390146,0,0.009999629110097885
angle,1780514098175573020,0.000148248043842614,0,0.009999602101743221
angle,1780514098205737863,0.000149627536302432,0,0.00999949499964714
angle,1780514098243958509,0.000151004525832832,0,0.009999477304518223
angle,1780514098269605483,0.000152378997881897,0,0.009999330155551434
angle,1780514098294612984,0.000153750981553458,0,0.009999898262321949
angle,1780514098324107906,0.000155120447743684,0,0.009999481961131096
angle,1780514098354896263,0.000156487367348745,0,0.009999475441873074
angle,1780514098387383925,0.000157851769472472,0,0.00999930128455162
angle,1780514098414747738,0.00015921363956295,0,0.00999943446367979
angle,1780514098441605737,0.000160572977620177,0,0.009999592788517475
angle,1780514098467232900,0.000161929783644155,0,0.009999576956033707
angle,1780514098500262212,0.000163284013979137,0,0.009999378584325314
angle,1780514098534328557,0.0001646357413847,0,0.009999550879001617
angle,1780514098563193608,0.000165984878549352,0,0.009999245405197144
angle,1780514098597833097,0.00016733149823267,0,0.009999380446970463
angle,1780514098633690655,0.000168675556778908,0,0.009999223984777927
angle,1780514098659271268,0.000170017054188065,0,0.009999291971325874
angle,1780514098692841789,0.000171356019563973,0,0.009999450296163559
angle,1780514098724511940,0.000172692409250885,0,0.009999520145356655
angle,1780514098753207413,0.000174026237800717,0,0.009999368339776993
angle,1780514098779289041,0.000175357548869215,0,0.009999573230743408
angle,1780514098803809650,0.000176686284248717,0,0.009999317117035389
angle,1780514098839195536,0.00017801248759497,0,0.009999614208936691
angle,1780514098869939354,0.000179336129804142,0,0.009999340400099754
angle,1780514098895854649,0.000180657210876234,0,0.009999285452067852
angle,1780514098923310364,0.000181975716259331,0,0.009999370202422142
angle,1780514098948272135,0.000183291689609177,0,0.009999566711485386
angle,1780514098981291917,0.000184605101821944,0,0.009999541565775871
angle,1780514099013842123,0.000185915938345715,0,0.009999655187129974
angle,1780514099052758550,0.000187224199180491,0,0.009999588131904602
angle,1780514099089942452,0.000188529840670526,0,0.00999944657087326
angle,1780514099116105493,0.000189832921023481,0,0.009999328292906284
angle,1780514099152406133,0.00019113342568744,0,0.00999948289245367
angle,1780514099182607133,0.000192431354662403,0,0.009999392554163933
angle,1780514099209107525,0.000193726678844541,0,0.009999163448810577
angle,1780514099249747811,0.000195019427337684,0,0.00999921839684248
angle,1780514099277396370,0.000196309600141831,0,0.009999450296163559
angle,1780514099301063214,0.000197597182705067,0,0.00999980978667736
angle,1780514099340554272,0.000198882160475478,0,0.009999602101743221
angle,1780514099371481808,0.000200164548004977,0,0.009999317117035389
angle,1780514099400728031,0.000201444388949312,0,0.00999952107667923
angle,1780514099423884727,0.000202721610548906,0,0.009999793954193592
angle,1780514099454218347,0.00020399627101142,0,0.009999868459999561
angle,1780514099501793322,0.000205268341233023,0,0.009999907575547695
angle,1780514099532714776,0.000206537821213715,0,0.009999250993132591
angle,1780514099565394522,0.000207804740057327,0,0.009999609552323818
angle,1780514099598568264,0.000209069039556198,0,0.009999397210776806
angle,1780514099627222797,0.000210330748814158,0,0.00999942235648632
angle,1780514099665372889,0.000211589809623547,0,0.009999415837228298
angle,1780514099699339009,0.00021284626564011,0,0.009999129921197891
angle,1780514099727174174,0.000214100087760016,0,0.009999415837228298
angle,1780514099758502487,0.000215351261431351,0,0.009999473579227924
angle,1780514099784922624,0.00021659983030986,0,0.009999535046517849
angle,1780514099815147077,0.000217845765291713,0,0.009999587200582027
angle,1780514099845021322,0.00021908909548074,0,0.009999163448810577
angle,1780514099873574621,0.000220329820876941,0,0.009999630972743034
angle,1780514099903689936,0.000221567912376486,0,0.00999949499964714
angle,1780514099935210598,0.00022280344273895,0,0.00999950710684061
angle,1780514099965232288,0.000224036339204758,0,0.009999438188970089
angle,1780514099994108767,0.000225266630877741,0,0.009998958557844162
angle,1780514100028355036,0.000226494317757897,0,0.00999942235648632
angle,1780514100054273729,0.000227719370741397,0,0.009998939000070095
angle,1780514100101120845,0.000228941789828241,0,0.00999953132122755
angle,1780514100132590201,0.000230161575018428,0,0.009999074041843414
angle,1780514100162901360,0.000231378726311959,0,0.009999505244195461
angle,1780514100201240861,0.000232593243708834,0,0.009999183006584644
angle,1780514100235128799,0.000233805112657137,0,0.009999453090131283
angle,1780514100264292580,0.000235014347708784,0,0.009999544359743595
angle,1780514100299284122,0.000236220934311859,0,0.00999941024929285
angle,1780514100323344791,0.000237424901570193,0,0.009999587200582027
angle,1780514100353337174,0.000238626249483787,0,0.009999729692935944
angle,1780514100385881744,0.000239824978052638,0,0.009999880567193031
angle,1780514100411769956,0.000241021101828665,0,0.009999111294746399
angle,1780514100439029284,0.000242214591708034,0,0.009999421425163746
angle,1780514100499844589,0.000243405462242663,0,0.00999903492629528
angle,1780514100534823373,0.00024459368432872,0,0.00999948289245367
angle,1780514100573809222,0.000245779257966205,0,0.00999926682561636
angle,1780514100617798504,0.000246962154051289,0,0.009999708272516727
angle,1780514100648982757,0.000248142401687801,0,0.009999485686421394
angle,1780514100677644917,0.000249320000875741,0,0.00999931339174509
angle,1780514100713798765,0.000250494893407449,0,0.009999226778745651
angle,1780514100746167573,0.000251667166594416,0,0.009999540634453297
angle,1780514100793826059,0.000252836791332811,0,0.009999626316130161
angle,1780514100821728125,0.000254003767622635,0,0.009999430738389492
angle,1780514100857948398,0.000255168095463887,0,0.009999443776905537
angle,1780514100891322675,0.000256329774856567,0,0.00999930128455162
angle,1780514100920406002,0.000257488834904507,0,0.009999607689678669
angle,1780514100946175577,0.000258645246503875,0,0.009999450296163559
angle,1780514100979391652,0.000259799009654671,0,0.009999677538871765
angle,1780514101013760150,0.000260950095253065,0,0.00999931525439024
angle,1780514101040710080,0.000262098561506718,0,0.009998762048780918
angle,1780514101074915162,0.000263244321104139,0,0.009999455884099007
angle,1780514101112308866,0.000264387432252988,0,0.009999161586165428
angle,1780514101145010479,0.000265527807641774,0,0.009999453090131283
angle,1780514101176446732,0.000266665534581989,0,0.009999416768550873
angle,1780514101206516426,0.000267800613073632,0,0.009999498724937439
angle,1780514101243527210,0.000268933043116704,0,0.009999415837228298
angle,1780514101275785157,0.000270062766503543,0,0.009999324567615986
angle,1780514101304903224,0.000271189899649471,0,0.009999540634453297
angle,1780514101339826423,0.000272314326139167,0,0.009999415837228298
angle,1780514101372540640,0.000273436133284122,0,0.009998460300266743
angle,1780514101410775623,0.000274555262876675,0,0.00999936182051897
angle,1780514101440977605,0.000275671685812995,0,0.009998886846005917
angle,1780514101475696115,0.000276785460300744,0,0.009999699890613556
angle,1780514101505894691,0.00027789655723609,0,0.00999918021261692
angle,1780514101535824499,0.000279004976619035,0,0.009999213740229607
angle,1780514101566565398,0.000280110689345747,0,0.009998754598200321
angle,1780514101595634861,0.000281213782727718,0,0.009999411180615425
angle,1780514101627330757,0.000282314140349627,0,0.009998887777328491
angle,1780514101661604251,0.000283411849522963,0,0.009999467059969902
angle,1780514101691385207,0.000284506881143898,0,0.009999768808484077
angle,1780514101723673136,0.000285599264316261,0,0.009999532252550125
angle,1780514101754487794,0.000286688969936222,0,0.009999589063227177
angle,1780514101787940245,0.000287776027107611,0,0.009999407455325127
angle,1780514101814279888,0.000288860406726599,0,0.00999949499964714
angle,1780514101843770675,0.000289942108793184,0,0.009999369271099567
angle,1780514101889746370,0.00029237347189337,0,0.022524114698171616
angle,1780514101920781630,0.000293454242637381,0,0.009999696165323257
angle,1780514101953053604,0.000294531433610246,0,0.009999622590839863
angle,1780514101983460506,0.00029560414259322,0,0.009999698959290981
angle,1780514102015926854,0.000296671903925017,0,0.009999560192227364
angle,1780514102052861912,0.000297734601190314,0,0.009999793954193592
angle,1780514102080791660,0.000298792496323586,0,0.009998578578233719
angle,1780514102112472462,0.00029984611319378,0,0.00999946054071188
angle,1780514102148718272,0.000300896062981337,0,0.009999335743486881
angle,1780514102179694269,0.000301943102385849,0,0.009999376721680164
angle,1780514102207304082,0.000302987871691585,0,0.009998761117458344
angle,1780514102239585948,0.000304030894767493,0,0.009999768808484077
angle,1780514102264364455,0.000305072462651879,0,0.009999302215874195
angle,1780514102298079541,0.000306112662656233,0,0.009999730624258518
angle,1780514102324287387,0.000307151378365234,0,0.009999795816838741
angle,1780514102351901657,0.000308188406052068,0,0.009999806061387062
angle,1780514102408365433,0.00030922336736694,0,0.00999975111335516
angle,1780514102443494074,0.000310255913063884,0,0.009999877773225307
angle,1780514102469362485,0.000311285548377782,0,0.009999667294323444
angle,1780514102504814030,0.000312312040477991,0,0.009999477304518223
angle,1780514102540480304,0.000313335156533867,0,0.009999601170420647
angle,1780514102563181065,0.000314354838337749,0,0.009999560192227364
angle,1780514102587952995,0.000315371144097298,0,0.00999980978667736
angle,1780514102635850540,0.000316384190227836,0,0.009999816305935383
angle,1780514102672588853,0.000317394151352346,0,0.009999693371355534
angle,1780514102708352559,0.000318401289405301,0,0.00999979954212904
angle,1780514102743153493,0.000319405779009685,0,0.009999489411711693
angle,1780514102794686045,0.00032040782389231,0,0.009999341331422329
angle,1780514102825477103,0.000321407540468499,0,0.00999950896948576
angle,1780514102851461301,0.000322404928738251,0,0.00999920628964901
angle,1780514102876991567,0.000323400017805398,0,0.009999344125390053
angle,1780514102910132328,0.000324392778566107,0,0.009999467991292477
angle,1780514102939846889,0.000325383007293567,0,0.009999600239098072
angle,1780514102969762174,0.000326370674883947,0,0.009999399073421955
angle,1780514102996342898,0.000327355606714264,0,0.009999308735132217
angle,1780514103037832299,0.000328337744576856,0,0.009999418631196022
angle,1780514103065555934,0.000329317001160234,0,0.00999925471842289
angle,1780514103094087937,0.000330293347360566,0,0.009999614208936691
angle,1780514103129293261,0.000331266812281683,0,0.009866493754088879
angle,1780514103162010605,0.000332236202666536,0,0.009999849833548069
angle,1780514103198865773,0.000333200790919363,0,0.009999536909162998
angle,1780514103232454503,0.000334161391947418,0,0.009999355301260948
angle,1780514103258520393,0.000335118937073275,0,0.009999603033065796
angle,1780514103282672097,0.000336074182996526,0,0.009999427013099194
angle,1780514103307432199,0.000337027828209102,0,0.009999740868806839
angle,1780514103352311609,0.000337980221956968,0,0.009999635629355907
angle,1780514103382230451,0.000338931509759277,0,0.00999945867806673
angle,1780514103417137925,0.000339881633408368,0,0.009999086149036884
angle,1780514103457637751,0.000340830214554444,0,0.009998914785683155
angle,1780514103487298356,0.000341776787536219,0,0.009998828172683716
angle,1780514103516542128,0.000342720944900066,0,0.009999324567615986
angle,1780514103545156233,0.000343662162777036,0,0.009999443776905537
angle,1780514103575615339,0.000344600091921166,0,0.009999312460422516
angle,1780514103607109072,0.00034553455770947,0,0.00999962817877531
angle,1780514103637106593,0.000346465414622799,0,0.009999627247452736
angle,1780514103665302299,0.000347392720868811,0,0.00999952107667923
angle,1780514103699841543,0.000348316680174321,0,0.009999376721680164
angle,1780514103726399095,0.000349237467162311,0,0.009999451227486134
angle,1780514103755947554,0.000350155401974916,0,0.009999092668294907
angle,1780514103794741580,0.000351070717442781,0,0.009999417699873447
angle,1780514103820326182,0.000351983617292717,0,0.009999047964811325
angle,1780514103846764212,0.000352894247043878,0,0.009999348782002926
angle,1780514103875019942,0.000353802664903924,0,0.009998981840908527
angle,1780514103908616587,0.000354708870872855,0,0.009999574162065983
angle,1780514103940842698,0.00035561274853535,0,0.009999644942581654
angle,1780514103969691305,0.000356514239683747,0,0.009999719448387623
angle,1780514104005129326,0.000357413140591234,0,0.009999720379710197
angle,1780514104032328069,0.000358309334842488,0,0.009999498724937439
angle,1780514104062713049,0.000359202735126019,0,0.009999516420066357
angle,1780514104105250817,0.000360093225026503,0,0.009999669156968594
angle,1780514104139578186,0.000360980746336281,0,0.00999885518103838
angle,1780514104173717763,0.000361865299055353,0,0.009999573230743408
angle,1780514104207277144,0.000362746941391379,0,0.009999281726777554
angle,1780514104235160620,0.000363625702448189,0,0.009999525733292103
angle,1780514104268758587,0.000364501640433446,0,0.009999483823776245
angle,1780514104295998082,0.00036537492997013,0,0.009999155066907406
angle,1780514104324832668,0.000366245541954413,0,0.009999270550906658
angle,1780514104356778060,0.000367113621905446,0,0.009999686852097511
angle,1780514104393473632,0.000367979140719399,0,0.009999527595937252
angle,1780514104417513110,0.000368842098396271,0,0.00999988429248333
angle,1780514104448386512,0.000369702524039894,0,0.009999889880418777
angle,1780514104473592648,0.000370560388546437,0,0.009999900124967098
angle,1780514104511855902,0.000371415633708239,0,0.00999985821545124
angle,1780514104540795508,0.000372268201317638,0,0.009999730624258518
angle,1780514104566779941,0.000373118091374636,0,0.009999861940741539
angle,1780514104610682567,0.00037396524567157,0,0.009999843314290047
angle,1780514104649587807,0.000374809635104612,0,0.009999291971325874
angle,1780514104681215432,0.000375651259673759,0,0.009999345056712627
angle,1780514104712483086,0.000376490061171353,0,0.009999209083616734
angle,1780514104747053936,0.000377326097805053,0,0.009999031201004982
angle,1780514104781657262,0.000378159427782521,0,0.009999413974583149
angle,1780514104808192417,0.000378989963792264,0,0.009999639354646206
angle,1780514104832752593,0.000379817822249606,0,0.009999344125390053
angle,1780514104867885919,0.000380643032258376,0,0.009999383240938187
angle,1780514104904037839,0.000381465622922406,0,0.009999529458582401
angle,1780514104929963907,0.000382285536034033,0,0.009999874047935009
angle,1780514104963804454,0.000383102829800919,0,0.009999719448387623
angle,1780514104997756057,0.000383917504223064,0,0.009999323636293411
angle,1780514105024722013,0.000384729559300467,0,0.009998844005167484
angle,1780514105057014319,0.0003855389659293,0,0.009999457746744156
angle,1780514105087540796,0.000386345665901899,0,0.009999039582908154
angle,1780514105122444811,0.000387149688322097,0,0.00999940000474453
angle,1780514105155942369,0.000387951004086062,0,0.009999467991292477
angle,1780514105191985440,0.000388749613193795,0,0.00999990664422512
angle,1780514105228951857,0.000389545486541465,0,0.009999409317970276
angle,1780514105261254732,0.000390338653232902,0,0.009999455884099007
angle,1780514105297628894,0.000391129142371938,0,0.009999487549066544
angle,1780514105328270966,0.000391916953958571,0,0.009999124333262444
angle,1780514105361854611,0.000392702058888972,0,0.00999927707016468
angle,1780514105395386908,0.000393484515370801,0,0.009999733418226242
angle,1780514105432668284,0.000394264265196398,0,0.009999395348131657
angle,1780514105460893490,0.000395041395677254,0,0.009999467059969902
angle,1780514105492829631,0.000395815848605707,0,0.009999480098485947
angle,1780514105521011455,0.000396587653085589,0,0.009999270550906658
angle,1780514105554545922,0.00039735678001307,0,0.009999427013099194
angle,1780514105583201037,0.000398123287595809,0,0.00999953132122755
angle,1780514105608811050,0.000398887117626145,0,0.009999489411711693
angle,1780514105660875221,0.00039964824100025,0,0.00999954342842102
angle,1780514105697812021,0.000400406715925783,0,0.00999931339174509
angle,1780514105733163347,0.000401162804337218,0,0.010003138333559036
angle,1780514105764444474,0.000401915924157947,0,0.009999350644648075
angle,1780514105791057998,0.000402666337322444,0,0.009999302215874195
angle,1780514105819723374,0.000403414102038369,0,0.009999721311032772
angle,1780514105850497255,0.000404159189201891,0,0.009999502450227737
angle,1780514105884218837,0.000404901598813012,0,0.009999101050198078
angle,1780514105910758772,0.000405641359975561,0,0.009999520145356655
angle,1780514105948052724,0.000406378443585709,0,0.009999576956033707
angle,1780514105972844795,0.000407112878747284,0,0.009999500587582588
angle,1780514105999378670,0.000407844665460289,0,0.009998993016779423
angle,1780514106037562379,0.000408573774620891,0,0.00999943446367979
angle,1780514106065539412,0.000409300264436752,0,0.009999033994972706
angle,1780514106097685644,0.000410024076700211,0,0.009999430738389492
angle,1780514106123816983,0.000410745211411268,0,0.009999540634453297
angle,1780514106151978709,0.000411463697673753,0,0.009999219328165054
angle,1780514106181015625,0.000412179535487667,0,0.009999414905905724
angle,1780514106208654127,0.000412892724853009,0,0.009998956695199013
angle,1780514106242869987,0.000413603236665949,0,0.009999615140259266
angle,1780514106268931111,0.000414311129134148,0,0.009999582543969154
angle,1780514106299211265,0.000415016344049945,0,0.00999950896948576
angle,1780514106337157380,0.000415718910517171,0,0.009999440982937813
angle,1780514106365077147,0.000416418828535825,0,0.009999874979257584
angle,1780514106391783740,0.000417116098105907,0,0.009999096393585205
angle,1780514106418912023,0.000417810719227418,0,0.009999506175518036
angle,1780514106449306312,0.000418502721004188,0,0.00999948475509882
angle,1780514106485701964,0.000419192045228556,0,0.0099997129291296
angle,1780514106516365698,0.000419878750108182,0,0.009999512694776058
angle,1780514106546063815,0.000420562806539237,0,0.009999404661357403
angle,1780514106572338646,0.000421244214521721,0,0.009999520145356655
angle,1780514106607252872,0.000421923003159463,0,0.009999430738389492
angle,1780514106641837929,0.000422599114244804,0,0.009999635629355907
angle,1780514106677696445,0.000423272576881573,0,0.009999348782002926
angle,1780514106709880963,0.0004239434201736,0,0.009999296627938747
angle,1780514106742286857,0.000424611615017056,0,0.009999767877161503
angle,1780514106775175204,0.000425277190515772,0,0.009999668225646019
angle,1780514106809041670,0.000425940117565915,0,0.009999249130487442
angle,1780514106834947150,0.000426600396167487,0,0.009999595582485199
angle,1780514106862169551,0.000427258055424318,0,0.009999376721680164
angle,1780514106895971261,0.000427913095336407,0,0.009999668225646019
angle,1780514106928481372,0.000428565486799926,0,0.009999611414968967
angle,1780514106954143098,0.000429215258918703,0,0.00999927707016468
angle,1780514106980554798,0.000429862382588908,0,0.009999527595937252
angle,1780514107014966864,0.000430506916018203,0,0.009999389760196209
angle,1780514107051486013,0.000431148800998926,0,0.009999231435358524
angle,1780514107089885230,0.000431788066634908,0,0.00999943632632494
angle,1780514107121332487,0.000432424683822319,0,0.009999140165746212
angle,1780514107148932097,0.000433058681664988,0,0.009999368339776993
angle,1780514107183728101,0.000433690060162917,0,0.009999833069741726
angle,1780514107218145376,0.000434318819316104,0,0.009999368339776993
angle,1780514107245986532,0.00043494495912455,0,0.009999110363423824
angle,1780514107277886316,0.000435568479588255,0,0.009999780915677547
angle,1780514107309406668,0.000436189380707219,0,0.009999529458582401
angle,1780514107336945543,0.000436807691585273,0,0.009999837726354599
angle,1780514107360015787,0.000437423383118585,0,0.009999793954193592
angle,1780514107402883664,0.000438036484410986,0,0.009999929927289486
angle,1780514107430811271,0.000438646966358647,0,0.00999987218528986
angle,1780514107456441719,0.000439254887169227,0,0.009999838657677174
angle,1780514107479749518,0.000439860188635066,0,0.009999248199164867
angle,1780514107504299572,0.000440462870756164,0,0.009999836795032024
angle,1780514107548260030,0.000441062962636352,0,0.00999953132122755
angle,1780514107577832879,0.000441660435171798,0,0.009999832138419151
angle,1780514107605318486,0.000442255288362503,0,0.009999516420066357
angle,1780514107640022953,0.000442847522208467,0,0.009999483823776245
angle,1780514107697029107,0.000443437165813521,0,0.009999380446970463
angle,1780514107722899026,0.000444024190073833,0,0.00999800767749548
angle,1780514107750559055,0.000444608565885574,0,0.009999421425163746
angle,1780514107784193762,0.000445190351456404,0,0.009999457746744156
angle,1780514107818849996,0.000445769546786323,0,0.00999931525439024
angle,1780514107844647263,0.000446346122771502,0,0.009999758563935757
angle,1780514107879608528,0.000446920108515769,0,0.009999408386647701
angle,1780514107916651910,0.000447491533122957,0,0.009999309666454792
angle,1780514107951140499,0.000448060367489234,0,0.009999345988035202
angle,1780514107985832068,0.00044862664071843,0,0.00999932736158371
angle,1780514108011544319,0.000449190352810547,0,0.009999409317970276
angle,1780514108045861023,0.000449751503765583,0,0.009999758563935757
angle,1780514108075665095,0.000450310064479709,0,0.009999544359743595
angle,1780514108107352443,0.000450866064056754,0,0.009999632835388184
angle,1780514108133294212,0.000451419473392889,0,0.009999520145356655
angle,1780514108166196601,0.000451970292488113,0,0.00999946054071188
angle,1780514108204093814,0.000452518550446257,0,0.009999481029808521
angle,1780514108230670664,0.00045306421816349,0,0.009999553672969341
angle,1780514108264347877,0.000453607266535982,0,0.009999324567615986
angle,1780514108298547808,0.000454147753771394,0,0.009999370202422142
angle,1780514108335461796,0.000454685679869726,0,0.009999551810324192
angle,1780514108370101825,0.000455221015727147,0,0.009999261237680912
angle,1780514108406360713,0.000455753761343658,0,0.009999367408454418
angle,1780514108440184804,0.000456283974926919,0,0.009999455884099007
angle,1780514108475979026,0.000456811598269269,0,0.009999538771808147
angle,1780514108505103893,0.000457336689578369,0,0.009999657049775124
angle,1780514108535760357,0.000457859219750389,0,0.009999547153711319
angle,1780514108564971802,0.00045837921788916,0,0.009998802095651627
angle,1780514108592443547,0.00045889662578702,0,0.009999536909162998
angle,1780514108623913839,0.00045941150165163,0,0.009999437257647514
angle,1780514108651575904,0.00045992381637916,0,0.009999527595937252
angle,1780514108684526971,0.000460433569969609,0,0.00999944657087326
angle,1780514108713926675,0.000460940762422979,0,0.00999944657087326
angle,1780514108749195845,0.000461445422843099,0,0.009999384172260761
angle,1780514108780096416,0.000461947522126138,0,0.00999931339174509
angle,1780514108807268883,0.000462447089375928,0,0.009999704547226429
angle,1780514108854122341,0.000462944095488638,0,0.009999369271099567
angle,1780514108889718111,0.000463438569568098,0,0.009999288246035576
angle,1780514108921549770,0.000463930511614308,0,0.009999489411711693
angle,1780514108950353227,0.000464419921627268,0,0.009999364614486694
angle,1780514108984558284,0.000464906770503148,0,0.009999547153711319
angle,1780514109014404206,0.000465391087345779,0,0.009999607689678669
angle,1780514109043917651,0.00046587287215516,0,0.009999477304518223
angle,1780514109071329537,0.000466352124931291,0,0.009999074973165989
angle,1780514109107610649,0.000466828845674172,0,0.009999540634453297
angle,1780514109137556239,0.000467303034383804,0,0.009999416768550873
angle,1780514109165511861,0.000467774691060185,0,0.009999439120292664
angle,1780514109200820937,0.000468243844807148,0,0.00999936182051897
angle,1780514109226302984,0.00046871043741703,0,0.009999250061810017
angle,1780514109258068238,0.000469174556201324,0,0.009999722242355347
angle,1780514109301886292,0.000469636113848537,0,0.009999784640967846
angle,1780514109336503153,0.000470095197670162,0,0.009999536909162998
angle,1780514109377126773,0.000470551749458537,0,0.009998519904911518
angle,1780514109399838216,0.000471005769213662,0,0.009999585337936878
angle,1780514109433264554,0.000471457315143198,0,0.0099998963996768
angle,1780514109457630755,0.000471906329039484,0,0.009999888017773628
angle,1780514109496537831,0.000472352840006351,0,0.009999839588999748
angle,1780514109525367187,0.000472796848043799,0,0.009999804198741913
angle,1780514109552020857,0.000473238353151828,0,0.009999780915677547
angle,1780514109579693045,0.000473677384434268,0,0.009999499656260014
angle,1780514109613023583,0.000474113912787288,0,0.00999945867806673
angle,1780514109646206059,0.00047454796731472,0,0.009999504312872887
angle,1780514109684233597,0.000474979489808902,0,0.009999477304518223
angle,1780514109714505247,0.000475408509373665,0,0.009998892433941364
angle,1780514109743598202,0.000475835026009008,0,0.00999951921403408
angle,1780514109770618184,0.000476259039714932,0,0.009999883361160755
angle,1780514109810805076,0.000476680521387607,0,0.009999414905905724
angle,1780514109844578439,0.000477099529234692,0,0.009999467991292477
angle,1780514109877541167,0.000477516063256189,0,0.009999481961131096
angle,1780514109909381262,0.000477930123452097,0,0.009999002330005169
angle,1780514109938566669,0.000478341680718586,0,0.0099993497133255
angle,1780514109973511894,0.000478750764159486,0,0.009999389760196209
angle,1780514110006314286,0.000479157402878627,0,0.009999504312872887
angle,1780514110029855244,0.00047956156777218,0,0.009999851696193218
angle,1780514110054108727,0.000479963258840144,0,0.009999639354646206
angle,1780514110095924394,0.000480362476082519,0,0.009999674744904041
angle,1780514110128733418,0.000480759248603135,0,0.009999550879001617
angle,1780514110165901102,0.000481153576401994,0,0.009999427944421768
angle,1780514110199445459,0.000481545401271433,0,0.009999248199164867
angle,1780514110236712623,0.000481934781419113,0,0.009999435395002365
angle,1780514110265840184,0.000482321687741205,0,0.009999562986195087
angle,1780514110297160316,0.000482706149341539,0,0.00999979767948389
angle,1780514110323490887,0.000483088108012453,0,0.009999796748161316
angle,1780514110356910093,0.000483467651065439,0,0.009999281726777554
angle,1780514110393311292,0.000483844720292836,0,0.009999451227486134
angle,1780514110420503960,0.000484219315694645,0,0.009999305009841919
angle,1780514110447754264,0.000484591495478526,0,0.009999312460422516
angle,1780514110477031746,0.000484961230540648,0,0.009999415837228298
angle,1780514110505192321,0.000485328491777182,0,0.009999283589422703
angle,1780514110540739632,0.000485693308291957,0,0.009999333880841732
angle,1780514110564643804,0.000486055680084974,0,0.009999312460422516
angle,1780514110609096874,0.000486415636260062,0,0.009999021887779236
angle,1780514110644243002,0.000486773147713393,0,0.009999455884099007
angle,1780514110673982836,0.000487128243548796,0,0.009999426081776619
angle,1780514110710282900,0.000487480865558609,0,0.009999402798712254
angle,1780514110746086375,0.000487831101054326,0,0.009999293833971024
angle,1780514110776301809,0.000488178891828284,0,0.00999944657087326
angle,1780514110807292352,0.000488524266984314,0,0.009999385103583336
angle,1780514110849382016,0.000488867226522416,0,0.009999332949519157
angle,1780514110879523437,0.000489207799546421,0,0.009999391622841358
angle,1780514110913958679,0.000489545927848667,0,0.009999125264585018
angle,1780514110945363045,0.000489881611429155,0,0.009999347850680351
angle,1780514110981355772,0.000490214908495545,0,0.009999347850680351
angle,1780514111011687676,0.000490545819047838,0,0.009999475441873074
angle,1780514111040148533,0.000490874284878373,0,0.009999497793614864
angle,1780514111073252456,0.00049120036419481,0,0.009999340400099754
angle,1780514111098485347,0.000491523998789489,0,0.009999595582485199
angle,1780514111219377849,0.000491845246870071,1,0.009999232366681099
angle,1780514111241336428,0.000492164923343807,0,0.130891352891922
angle,1780514111317381515,0.000492483901325613,0,0.009999294765293598
angle,1780514111359596709,0.000492745661176741,0,0.009999499656260014
angle,1780514111409374178,0.000492913764901459,0,0.009999295696616173
angle,1780514111438256814,0.00049302977276966,0,0.009999481029808521
angle,1780514111496776249,0.000493134488351643,0,0.00999949499964714
angle,1780514111530112611,0.000493262836243957,0,0.009999459609389305
angle,1780514111559960868,0.000493440427817404,0,0.009999268688261509
angle,1780514111595440324,0.000493681058287621,0,0.009999480098485947
angle,1780514111623154559,0.000493986764922738,0,0.009999456815421581
angle,1780514111649309199,0.000494349224027246,0,0.00999919231981039
angle,1780514111678601857,0.000494752603117377,0,0.009999265894293785
angle,1780514111704199184,0.000495176645927131,0,0.00999960582703352
angle,1780514111743043185,0.000495600397698581,0,0.00999947264790535
angle,1780514111768219385,0.000496005115564913,0,0.009999217465519905
angle,1780514111795023109,0.000496376887895167,0,0.009999738074839115
angle,1780514111822808626,0.00049670779844746,0,0.009999720379710197
angle,1780514111846631708,0.000496996392030269,0,0.009999684989452362
angle,1780514111871562283,0.00049724691780284,0,0.009999699890613556
angle,1780514111908493364,0.000497468106914312,0,0.009999559260904789
angle,1780514111941449975,0.000497671193443239,0,0.009999532252550125
angle,1780514111966804676,0.00049786816816777,0,0.009999166242778301
angle,1780514111999752380,0.000498069974128157,0,0.009999445639550686
angle,1780514112038927781,0.000498284876812249,0,0.009999415837228298
angle,1780514112067167022,0.000498517998494208,0,0.009999592788517475
angle,1780514112099988193,0.000498770852573216,0,0.009999312460422516
angle,1780514112126531661,0.000499041576404124,0,0.009999331086874008
angle,1780514112157985557,0.000499325746204704,0,0.009999438188970089
angle,1780514112183400402,0.000499617250170559,0,0.00999942235648632
angle,1780514112215111160,0.000499909569043666,0,0.009998928755521774
angle,1780514112243752682,0.000500196358188987,0,0.00999964214861393
angle,1780514112293288172,0.000500472844578326,0,0.00999943446367979
angle,1780514112318024043,0.000500735826790333,0,0.009999695234000683
angle,1780514112342882357,0.000500984198879451,0,0.009999779984354973
angle,1780514112368748054,0.000501218717545271,0,0.009999793954193592
angle,1780514112400433825,0.000501441652886569,0,0.009999729692935944
angle,1780514112439557673,0.000501656264532357,0,0.00999969057738781
angle,1780514112469097497,0.000501866335980594,0,0.00999925471842289
angle,1780514112497386330,0.000502075243275613,0,0.009999283589422703
angle,1780514112521892352,0.000502285955008119,0,0.009999793954193592
angle,1780514112543217468,0.000502500275615603,0,0.009999856352806091
angle,1780514112565448922,0.000502719136420637,0,0.009999834932386875
angle,1780514112601818349,0.00050294230459258,0,0.009999879635870457
angle,1780514112641027232,0.000503168499562889,0,0.009999802336096764
angle,1780514112664573977,0.000503396091517061,0,0.009999572299420834
angle,1780514112704619290,0.000503622984979302,0,0.009999766014516354
angle,1780514112743180115,0.000503847259096801,0,0.009998971596360207
angle,1780514112768571466,0.000504067167639732,0,0.009999558329582214
angle,1780514112802088777,0.000504281604662538,0,0.009998857975006104
angle,1780514112838713225,0.000504490046296269,0,0.009999665431678295
angle,1780514112863470101,0.000504692434333265,0,0.009999639354646206
angle,1780514112898701766,0.000504889409057796,0,0.009999250993132591
angle,1780514112924888857,0.000505081960000098,0,0.009999376721680164
angle,1780514112951935079,0.000505271134898067,0,0.009998946450650692
angle,1780514112978062082,0.00050545803969726,0,0.009999353438615799
angle,1780514113005923955,0.000505643722135574,0,0.00999938789755106
angle,1780514113042683779,0.000505828822497278,0,0.009999486617743969
angle,1780514113067218617,0.00050601369002834,0,0.009999102912843227
angle,1780514113104865502,0.000506198441144079,0,0.009999453090131283
angle,1780514113138491417,0.000506382726598531,0,0.009999534115195274
angle,1780514113163834656,0.000506566138938069,0,0.009999285452067852
angle,1780514113201337889,0.000506747979670763,0,0.009999606758356094
angle,1780514113237156463,0.000506927608512342,0,0.009999270550906658
angle,1780514113263139811,0.000507104559801519,0,0.009998258203268051
angle,1780514113303883488,0.000507278367877007,0,0.009999418631196022
angle,1780514113329916580,0.000507448799908161,0,0.0099994707852602
angle,1780514113355641120,0.000507615855894983,0,0.009999562986195087
angle,1780514113394131999,0.000507779594045132,0,0.009999372065067291
angle,1780514113420616693,0.000507940363604575,0,0.009999124333262444
angle,1780514113446363242,0.000508098397403955,0,0.009999341331422329
angle,1780514113472691120,0.00050825416110456,0,0.009999336674809456
angle,1780514113506013229,0.000508407887537032,0,0.009998992085456848
angle,1780514113539365517,0.000508559867739677,0,0.00999930314719677
angle,1780514113565084930,0.000508710276335478,0,0.009999354369938374
angle,1780514113603995757,0.000508859113324434,0,0.009999656118452549
angle,1780514113636978742,0.000509006320498884,0,0.009999457746744156
angle,1780514113661084560,0.000509151781443506,0,0.009999394416809082
angle,1780514113697541678,0.00050929537974298,0,0.009999456815421581
angle,1780514113722633003,0.000509436824359,0,0.009999356232583523
angle,1780514113752231980,0.000509575940668583,0,0.009999111294746399
angle,1780514113777529008,0.000509712670464069,0,0.009999672882258892
angle,1780514113806221876,0.000509846839122474,0,0.009999511763453484
angle,1780514113844402721,0.0005099784466438,0,0.009999128989875317
angle,1780514113869313584,0.000510107551235706,0,0.009999319911003113
angle,1780514113904924082,0.000510234152898192,0,0.00999944843351841
angle,1780514113937990770,0.000510358426254243,0,0.009999465197324753
angle,1780514113963257765,0.000510480429511517,0,0.00999944657087326
angle,1780514113995218256,0.000510600337292999,0,0.00999939814209938
angle,1780514114019351210,0.000510718149598688,0,0.009999665431678295
angle,1780514114046787783,0.000510833982843906,0,0.009999742731451988
angle,1780514114071758874,0.000510947895236313,0,0.009999697096645832
angle,1780514114109170977,0.00051105982856825,0,0.0099997753277421
angle,1780514114149463587,0.000511169724632055,0,0.00999941024929285
angle,1780514114175605745,0.000511277583427727,0,0.009999517351388931
angle,1780514114207405578,0.000511383346747607,0,0.00999954342842102
angle,1780514114242311811,0.000511486956384033,0,0.009999503381550312
angle,1780514114268092689,0.000511588295921683,0,0.00999942421913147
angle,1780514114304527862,0.000511687423568219,0,0.0099995331838727
angle,1780514114337160132,0.000511784281115979,0,0.009999423287808895
angle,1780514114362015693,0.000511878868564963,0,0.009999372065067291
angle,1780514114396378327,0.000511971185915172,0,0.009999559260904789
angle,1780514114438828095,0.000512061349581927,0,0.009999256581068039
angle,1780514114468446344,0.000512149301357567,0,0.009999334812164307
angle,1780514114491528514,0.000512235157657415,0,0.009999562986195087
angle,1780514114514927334,0.000512318918481469,0,0.00999981164932251
angle,1780514114544926872,0.000512400642037392,0,0.009999901056289673
angle,1780514114566909273,0.000512480270117521,0,0.009999886155128479
angle,1780514114604018565,0.000512557860929519,0,0.009999856352806091
angle,1780514114643814466,0.000512633414473385,0,0.009999415837228298
angle,1780514114670078829,0.000512706872541457,0,0.009999524801969528
angle,1780514114700201164,0.000512778235133737,0,0.009999380446970463
angle,1780514114740077313,0.000512847502250224,0,0.009999537840485573
angle,1780514114765504771,0.000512914615683258,0,0.009999565780162811
angle,1780514114796868610,0.000512979633640498,0,0.00999952107667923
angle,1780514114839055682,0.000513042497914284,0,0.00999865960329771
angle,1780514114864387932,0.000513103150296956,0,0.009999492205679417
angle,1780514114889062358,0.000513161765411496,0,0.009999687783420086
angle,1780514114911601634,0.000513218168634921,0,0.009999674744904041
angle,1780514114949308550,0.000513272534590214,0,0.009999794885516167
angle,1780514114974166260,0.000513324805069715,0,0.009999659843742847
angle,1780514115000762358,0.000513374980073422,0,0.009999078698456287
angle,1780514115045023924,0.000513423176016659,0,0.009999359026551247
angle,1780514115071651443,0.000513469276484102,0,0.009999438188970089
angle,1780514115099026890,0.000513513281475753,0,0.009999479167163372
angle,1780514115149282639,0.000513555307406932,0,0.00999926682561636
angle,1780514115174322089,0.000513595237862319,0,0.009999347850680351
angle,1780514115200277058,0.000513633131049573,0,0.009999588131904602
angle,1780514115243086592,0.000513668986968696,0,0.009999553672969341
angle,1780514115268774412,0.000513702747412026,0,0.009999551810324192
angle,1780514115294090423,0.000513734412379563,0,0.0099992286413908
angle,1780514115343540426,0.000513764040078968,0,0.009999440982937813
angle,1780514115369372482,0.000513791630510241,0,0.009999055415391922
angle,1780514115396142667,0.000513817125465721,0,0.00999950710684061
angle,1780514115420476667,0.000513840583153069,0,0.009999308735132217
angle,1780514115449685557,0.000513861945364624,0,0.00999927893280983
angle,1780514115475733864,0.000513881328515708,0,0.009999276138842106
angle,1780514115503235726,0.000513898674398661,0,0.00999973900616169
angle,1780514115544886735,0.000513913983013481,0,0.009999704547226429
angle,1780514115568513462,0.000513927254360169,0,0.00999977346509695
angle,1780514115599277585,0.000513938546646386,0,0.009999247267842293
angle,1780514115646391497,0.000513947801664472,0,0.009999572299420834
angle,1780514115673018110,0.000513955077622086,0,0.009999198839068413
angle,1780514115698258021,0.000513960316311568,0,0.009999282658100128
angle,1780514115737490992,0.000513963575940579,0,0.009999348782002926
angle,1780514115762766672,0.000513964798301458,0,0.009999154135584831
angle,1780514115789338004,0.000513963983394206,0,0.009999223053455353
angle,1780514115815084049,0.000513961189426482,0,0.009999407455325127
angle,1780514115851921400,0.000513956358190626,0,0.009999711066484451
angle,1780514115878509537,0.000513949547894299,0,0.009999497793614864
angle,1780514115905597454,0.00051394070032984,0,0.00999891571700573
angle,1780514115949994731,0.00051392987370491,0,0.00999883096665144
angle,1780514115976506629,0.000513917068019509,0,0.009999396279454231
angle,1780514116003353985,0.000513902283273637,0,0.009999142028391361
angle,1780514116037550741,0.000513885519467294,0,0.009999539703130722
angle,1780514116061380966,0.00051386677660048,0,0.00999967660754919
angle,1780514116099970427,0.000513846054673195,0,0.009999442845582962
angle,1780514116125251068,0.0005138234118931,0,0.009999576956033707
angle,1780514116150958191,0.000513798790052533,0,0.009999536909162998
angle,1780514116206051382,0.000513772189151496,0,0.009999532252550125
angle,1780514116231964086,0.000513743609189987,0,0.009999330155551434
angle,1780514116258123017,0.000513713108375669,0,0.009999648667871952
angle,1780514116302157646,0.000513680628500879,0,0.009999009780585766
angle,1780514116330915212,0.000513646169565618,0,0.009999627247452736
angle,1780514116356333919,0.000513609789777547,0,0.009999743662774563
angle,1780514116400214926,0.000513571430929005,0,0.009999851696193218
angle,1780514116431301172,0.000513531151227653,0,0.009999914094805717
angle,1780514116456109864,0.00051348889246583,0,0.009999469853937626
angle,1780514116496585093,0.000513444712851197,0,0.009999587200582027
angle,1780514116524737206,0.000513398612383753,0,0.009999293833971024
angle,1780514116551403313,0.000513350591063499,0,0.009999646805226803
angle,1780514116577972450,0.000513300648890436,0,0.009999457746744156
angle,1780514116605455255,0.000513248727656901,0,0.009998656809329987
angle,1780514116642048984,0.000513194943778217,0,0.009999264031648636
angle,1780514116670793105,0.000513139180839062,0,0.009999723173677921
angle,1780514116699137769,0.000513081497047096,0,0.009999088943004608
angle,1780514116725517996,0.000513021950609982,0,0.009999292902648449
angle,1780514116750801451,0.000512960483320057,0,0.009999626316130161
angle,1780514116796724297,0.000512897036969662,0,0.009999195113778114
angle,1780514116822129314,0.000512831786181778,0,0.009999335743486881
angle,1780514116848469763,0.000512764556333423,0,0.009999505244195461
angle,1780514116877341525,0.000512695522047579,0,0.009999142028391361
angle,1780514116909750251,0.000512624508701265,0,0.0099994707852602
angle,1780514116944130326,0.000512551690917462,0,0.009999504312872887
angle,1780514116969216567,0.000512476952280849,0,0.009999445639550686
angle,1780514117001978717,0.000512400292791426,0,0.009999454021453857
angle,1780514117100211884,0.000512321770656854,0,0.009999534115195274
angle,1780514117196211860,0.000512241385877132,0,0.009999355301260948
angle,1780514117245095327,0.000512159138452262,0,0.009998977184295654
angle,1780514117295367893,0.000512075028382242,0,0.009999258443713188
angle,1780514117339286689,0.000511988997459412,0,0.009999274276196957
angle,1780514117397189722,0.000511901103891432,0,0.009999372065067291
angle,1780514117437553914,0.000511811405885965,0,0.009999338537454605
angle,1780514117464556267,0.000511719787027687,0,0.009999765083193779
angle,1780514117493695398,0.00051162630552426,0,0.009999590925872326
angle,1780514117520191698,0.000511531019583344,0,0.009999613277614117
angle,1780514117546290123,0.00051143387099728,0,0.00999972503632307
angle,1780514117595857917,0.000511334917973727,0,0.009999658912420273
angle,1780514117621381473,0.000511234044097364,0,0.009999532252550125
angle,1780514117651926746,0.000511131423991174,0,0.009999177418649197
angle,1780514117679393684,0.000511026883032173,0,0.009999493137001991
angle,1780514117707806679,0.000510920595843345,0,0.009999553672969341
angle,1780514117739288591,0.000510812387801707,0,0.009999620728194714
angle,1780514117767472540,0.000510702433530241,0,0.00999947264790535
angle,1780514117800337276,0.000510590558405966,0,0.009999401867389679
angle,1780514117825911550,0.000510476937051862,0,0.009999079629778862
angle,1780514117855097086,0.00051036145305261,0,0.009999498724937439
angle,1780514117895561585,0.00051024422282353,0,0.009999209083616734
angle,1780514117921332408,0.000510125129949301,0,0.009998217225074768
angle,1780514117946967199,0.000510004232637584,0,0.009999296627938747
angle,1780514117972455175,0.000509881530888379,0,0.009999384172260761
angle,1780514118005522540,0.000509757024701685,0,0.009999142959713936
angle,1780514118043045292,0.000509630714077502,0,0.009998777881264687
angle,1780514118067909395,0.000509502657223493,0,0.009999754838645458
angle,1780514118100691112,0.000509372795931995,0,0.009999500587582588
angle,1780514118142131269,0.000509241130203009,0,0.009999353438615799
angle,1780514118167359710,0.000509107718244195,0,0.009999552741646767
angle,1780514118193208592,0.000508972501847893,0,0.009998325258493423
angle,1780514118237092337,0.000508835539221764,0,0.009999439120292664
angle,1780514118265469586,0.000508696772158146,0,0.009999619796872139
angle,1780514118291140506,0.000508556258864701,0,0.009999357163906097
angle,1780514118319482081,0.000508413999341428,0,0.009999578818678856
angle,1780514118348201115,0.000508269935380667,0,0.009999226778745651
angle,1780514118374227075,0.000508124066982418,0,0.009999648667871952
angle,1780514118402611140,0.000507976510562003,0,0.00999964028596878
angle,1780514118523472502,0.00050782720791176,1,0.009999435395002365
angle,1780514118549220232,0.000507675693370402,0,0.13085846602916718
angle,1780514118640867247,0.000507514807395637,0,0.009999247267842293
angle,1780514118680260810,0.000507303338963538,0,0.009999514557421207
angle,1780514118740590873,0.000507024640683085,0,0.009998955763876438
angle,1780514118770800639,0.00050671334611252,0,0.009999529458582401
angle,1780514118804909146,0.000506401353050023,0,0.009999512694776058
angle,1780514118850659942,0.000506114680320024,0,0.009999560192227364
angle,1780514118877108572,0.000505870499182492,0,0.009999508038163185
angle,1780514118902994940,0.000505676551256329,0,0.009999201633036137
angle,1780514118939239410,0.000505531381350011,0,0.009999246336519718
angle,1780514118963830588,0.000505426083691418,0,0.009998543187975883
angle,1780514118995652108,0.00050534657202661,0,0.009999710135161877
angle,1780514119020666254,0.000505276373587549,0,0.010004367679357529
angle,1780514119048961769,0.000505199481267482,0,0.009999653324484825
angle,1780514119073324273,0.000505102565512061,0,0.009999649599194527
angle,1780514119098885026,0.000504976429510862,0,0.009999568574130535
angle,1780514119144206226,0.000504816882312298,0,0.009999430738389492
angle,1780514119265172869,0.000504624680615962,1,0.009999400936067104
angle,1780514119352021584,0.000504400872159749,0,0.13096418976783752
angle,1780514119406475755,0.00050417153397575,0,0.009999112226068974
angle,1780514119449613834,0.000503945397213101,0,0.009999889880418777
angle,1780514119497046420,0.000503693998325616,0,0.009999843314290047
angle,1780514119540733950,0.000503403483889997,0,0.00999977346509695
angle,1780514119567328921,0.000503073038998991,0,0.009999464266002178
angle,1780514119594753387,0.00050271162763238,0,0.009999396279454231
angle,1780514119639442481,0.000502334733027965,0,0.009999174624681473
angle,1780514119666885611,0.000501960166729987,0,0.009999120607972145
angle,1780514119692887768,0.00050160480896011,0,0.009999538771808147
angle,1780514119718457723,0.000501281872857362,0,0.009999552741646767
angle,1780514119745321665,0.000500999274663627,0,0.009999181143939495
angle,1780514119795612721,0.000500758702401072,0,0.00999956764280796
angle,1780514119823029114,0.000500556197948754,0,0.009999151341617107
angle,1780514119848004521,0.000500383379403502,0,0.00999960582703352
angle,1780514119875589423,0.000500228779856116,0,0.009999562054872513
angle,1780514119906839122,0.000500080175697803,0,0.009999272413551807
angle,1780514119944229337,0.000499926041811705,0,0.009999465197324753
angle,1780514119970045484,0.000499757123179734,0,0.009999308735132217
angle,1780514119998926328,0.000499567424412817,0,0.009999527595937252
angle,1780514120039115702,0.000499354617204517,0,0.009999476373195648
angle,1780514120063739901,0.000499119749292731,0,0.009999516420066357
angle,1780514120092975315,0.000498866604175419,0,0.009999348782002926
angle,1780514120139984379,0.000498601060826331,0,0.00999932736158371
angle,1780514120165011226,0.000498329580295831,0,0.009998844005167484
angle,1780514120190508026,0.000498058449011296,0,0.009999535046517849
angle,1780514120221444180,0.000497792905662209,0,0.00999949499964714
angle,1780514120247028331,0.000497536442708224,0,0.009999481961131096
angle,1780514120275737743,0.000497290689963847,0,0.009999525733292103
angle,1780514120302503049,0.000497055239975452,0,0.009999665431678295
angle,1780514120353824680,0.000496828055474907,0,0.009999781847000122
angle,1780514120382007889,0.000496606109663844,0,0.009999611414968967
angle,1780514120409049469,0.000496385793667287,0,0.009999397210776806
angle,1780514120442925280,0.000496163440402597,0,0.009999527595937252
angle,1780514120471388233,0.000495936023071408,0,0.009999520145356655
angle,1780514120501293429,0.000495701387990266,0,0.009999468922615051
angle,1780514120540369341,0.000495458545628935,0,0.009999288246035576
angle,1780514120566012385,0.000495207495987415,0,0.009998708963394165
angle,1780514120600286240,0.000494949228595942,0,0.009999384172260761
angle,1780514120628234228,0.000494685373269022,0,0.009999459609389305
angle,1780514120654117465,0.000494417909067124,0,0.00999937392771244
angle,1780514120695357137,0.000494148931466043,0,0.009999502450227737
angle,1780514120723215326,0.000493880070280284,0,0.009999210946261883
angle,1780514120749225633,0.000493612722493708,0,0.00999960396438837
angle,1780514120776480926,0.000493347528390586,0,0.009999450296163559
angle,1780514120807234254,0.000493084546178579,0,0.009999241679906845
angle,1780514120846100021,0.000492823426611722,0,0.009999580681324005
angle,1780514120879777154,0.000492563180159777,0,0.009999589063227177
angle,1780514120908498749,0.000492302759084851,0,0.009999905712902546
angle,1780514120948606821,0.000492041057441384,0,0.00999933760613203
angle,1780514120977034029,0.000491777085699141,0,0.009999418631196022
angle,1780514121011241456,0.00049151002895087,0,0.009999305941164494
angle,1780514121047362170,0.000491239479742944,0,0.009999286383390427
angle,1780514121074432289,0.000490965321660042,0,0.009999296627938747
angle,1780514121102637199,0.000490687845740467,0,0.009999195113778114
angle,1780514121140273848,0.000490407401230186,0,0.009999455884099007
angle,1780514121168546112,0.00049012468662113,0,0.009999096393585205
angle,1780514121199886697,0.000489840283989906,0,0.00999947264790535
angle,1780514121240943942,0.000489554775413126,0,0.009999509900808334
angle,1780514121266240216,0.000489268626552075,0,0.009999367408454418
angle,1780514121295634824,0.000488982128445059,0,0.009999469853937626
angle,1780514121321397343,0.000488695281092077,0,0.009999498724937439
angle,1780514121347810331,0.000488408142700791,0,0.009999335743486881
angle,1780514121373455009,0.000488120364025235,0,0.00999956764280796
angle,1780514121403926888,0.000487831683130935,0,0.009999302215874195
angle,1780514121439858460,0.000487541721668094,0,0.009999438188970089
angle,1780514121466798967,0.000487250188598409,0,0.00999959371984005
angle,1780514121496928391,0.000486956792883575,0,0.009999481029808521
angle,1780514121522478067,0.000486661389004439,0,0.009999598376452923
angle,1780514121549064638,0.00048636388964951,0,0.009999357163906097
angle,1780514121574633957,0.00048606435302645,0,0.0099992910400033
angle,1780514121607838566,0.000485762924654409,0,0.009999380446970463
angle,1780514121643591358,0.000485459720948711,0,0.009999452158808708
angle,1780514121671675793,0.000485155003843829,0,0.009999498724937439
angle,1780514121704772832,0.000484848918858916,0,0.009999711997807026
angle,1780514121747091443,0.000484541640616953,0,0.009999577887356281
angle,1780514121775346920,0.000484233285533264,0,0.009999505244195461
angle,1780514121803723789,0.000483923882711679,0,0.00999944843351841
angle,1780514121839210141,0.000483613461256027,0,0.009999532252550125
angle,1780514121866160904,0.000483301904750988,0,0.009999564848840237
angle,1780514121895899638,0.00048298918409273,0,0.009999407455325127
angle,1780514121945461096,0.000482675153762102,0,0.009999513626098633
angle,1780514121973207849,0.000482359726447612,0,0.009999140165746212
angle,1780514121999707461,0.000482042785733938,0,0.009999329224228859
angle,1780514122043705143,0.000481724331621081,0,0.00999892596155405
angle,1780514122069590004,0.000481404305901378,0,0.009999611414968967
angle,1780514122097867863,0.000481082708574831,0,0.009999502450227737
angle,1780514122138940642,0.000480759597849101,0,0.009999592788517475
angle,1780514122163795865,0.000480435002828017,0,0.009999369271099567
angle,1780514122193383145,0.000480108981719241,0,0.009999344125390053
angle,1780514122218799717,0.000479781621834263,0,0.009999300353229046
angle,1780514122248044819,0.000479452952276915,0,0.009999514557421207
angle,1780514122273940001,0.000479123031254858,0,0.009999208152294159
angle,1780514122302114347,0.000478791887871921,0,0.009999631904065609
angle,1780514122339127089,0.000478459493024275,0,0.00999930128455162
angle,1780514122363762123,0.000478125875815749,0,0.009999636560678482
angle,1780514122395744616,0.000477791007142514,0,0.009999551810324192
angle,1780514122439889804,0.000477454828796908,0,0.009999535046517849
angle,1780514122469533964,0.000477117340778932,0,0.009999489411711693
angle,1780514122492935581,0.000476778484880924,0,0.009998874738812447
angle,1780514122518451424,0.000476438290206715,0,0.009999819099903107
angle,1780514122541253933,0.000476096698548645,0,0.00999993272125721
angle,1780514122565941785,0.000475753739010543,0,0.009999933652579784
angle,1780514122603793138,0.000475409440696239,0,0.00999983586370945
angle,1780514122645493037,0.000475063774501905,0,0.00999884121119976
angle,1780514122673139298,0.000474716769531369,0,0.009999039582908154
angle,1780514122701194127,0.000474368483992293,0,0.009999416768550873
angle,1780514122738839344,0.000474018888780847,0,0.009999359957873821
angle,1780514122764761707,0.000473668042104691,0,0.009998930618166924
angle,1780514122801716340,0.000473315943963826,0,0.009999537840485573
angle,1780514122829187612,0.00047296259435825,0,0.009999481029808521
angle,1780514122858206252,0.000472607993287966,0,0.009998886846005917
angle,1780514122896178145,0.000472252140752971,0,0.00999955739825964
angle,1780514122922123326,0.000471895036753267,0,0.009999730624258518
angle,1780514122949513670,0.000471536681288853,0,0.009999416768550873
angle,1780514122997271555,0.000471177045255899,0,0.009999331086874008
angle,1780514123025780083,0.000470816128654405,0,0.009999394416809082
angle,1780514123055214083,0.000470453960588202,0,0.009999541565775871
angle,1780514123097041556,0.000470090511953458,0,0.00999891571700573
angle,1780514123123171094,0.000469725782750174,0,0.009999293833971024
angle,1780514123148949028,0.000469359772978351,0,0.009999516420066357
angle,1780514123194907469,0.000468992511741817,0,0.009999269619584084
angle,1780514123223209682,0.000468624028144404,0,0.009998380206525326
angle,1780514123253255746,0.000468254293082282,0,0.009999399073421955
angle,1780514123280559162,0.00046788333565928,0,0.009999469853937626
angle,1780514123309243560,0.000467511126771569,0,0.009999711997807026
angle,1780514123344656648,0.000467137724626809,0,0.009999391622841358
angle,1780514123394390121,0.000466763129225001,0,0.009999427013099194
angle,1780514123423132169,0.000466387311462313,0,0.009999391622841358
angle,1780514123450086595,0.000466010271338746,0,0.009999392554163933
angle,1780514123476263311,0.00046563203795813,0,0.009999546222388744
angle,1780514123537168049,0.000465252582216635,0,0.009998969733715057
angle,1780514123564594464,0.000464871904114261,0,0.009999597445130348
angle,1780514123592149796,0.000464490032754838,0,0.009999270550906658
angle,1780514123618822009,0.000464106968138367,0,0.009999378584325314
angle,1780514123645448448,0.000463722681161016,0,0.009999601170420647
angle,1780514123671557773,0.000463337200926617,0,0.009999256581068039
angle,1780514123700222588,0.000462950498331338,0,0.009999494068324566
angle,1780514123739836421,0.000462562660686672,0,0.009999611414968967
angle,1780514123766173712,0.000462173600681126,0,0.009999632835388184
angle,1780514123794828663,0.000461783376522362,0,0.009999453090131283
angle,1780514123839164825,0.00046139198821038,0,0.009999374859035015
angle,1780514123865719774,0.00046099943574518,0,0.009999427013099194
angle,1780514123898662757,0.000460605690022931,0,0.009999641217291355
angle,1780514123926592426,0.000460210809251294,0,0.009999466128647327
angle,1780514123957552496,0.000459814764326438,0,0.009999357163906097
angle,1780514123987203266,0.000459417555248365,0,0.009999451227486134
angle,1780514124019084136,0.000459019182017073,0,0.009999553672969341
angle,1780514124051612949,0.000458619673736393,0,0.009999281726777554
angle,1780514124080608475,0.000458219001302496,0,0.009998752735555172
angle,1780514124109355493,0.000457816058769822,0,0.010027808137238026
angle,1780514124152199012,0.000457413116237149,0,0.009999618865549564
angle,1780514124176936219,0.000457009009551257,0,0.009999332949519157
angle,1780514124204103226,0.000456603796919808,0,0.009999518282711506
angle,1780514124245335988,0.00045619742013514,0,0.00999950710684061
angle,1780514124270264509,0.000455789966508746,0,0.009999305941164494
angle,1780514124299570129,0.000455381348729134,0,0.009999481961131096
angle,1780514124339659950,0.000454971625003964,0,0.00999936368316412
angle,1780514124365615008,0.000454560795333236,0,0.009999443776905537
angle,1780514124400134780,0.000454148859716952,0,0.009999309666454792
angle,1780514124437764752,0.00045373581815511,0,0.009998990222811699
angle,1780514124558862105,0.000453321670647711,1,0.009999762289226055
angle,1780514124595274172,0.000452905311249197,0,0.13109205663204193
angle,1780514124648271296,0.000452485663117841,0,0.009999419562518597
angle,1780514124704041136,0.000452059844974428,0,0.009999307803809643
angle,1780514124747857930,0.000451631814939901,0,0.009999423287808895
angle,1780514124796370453,0.000451212545158342,0,0.009999625384807587
angle,1780514124832358218,0.000450808001914993,0,0.009998997673392296
angle,1780514124859046252,0.000450419378466904,0,0.009999343194067478
angle,1780514124894979541,0.000450044026365504,0,0.009999530389904976
angle,1780514124919754200,0.000449676561402157,0,0.009999309666454792
angle,1780514124946130387,0.00044931037700735,0,0.009999364614486694
angle,1780514124972232557,0.000448938721092418,0,0.009999843314290047
angle,1780514125005098520,0.000448556005721912,0,0.009999658912420273
angle,1780514125043911151,0.000448158418294042,0,0.009999647736549377
angle,1780514125069058886,0.000447744328994304,0,0.009999621659517288
angle,1780514125100020880,0.000447314349003136,0,0.009999522939324379
angle,1780514125138116367,0.000446870835730806,0,0.009999673813581467
angle,1780514125167022162,0.000446417601779103,0,0.00999943446367979
angle,1780514125287820884,0.000445959012722597,1,0.009998096153140068
angle,1780514125300157519,0.000445496087195352,0,0.1307980716228485
angle,1780514125364255932,0.000445029669208452,0,0.009998949244618416
angle,1780514125439322223,0.000444564444478601,0,0.00999947264790535
angle,1780514125474333871,0.000444109871750697,0,0.009998973459005356
angle,1780514125540336360,0.000443676370196044,0,0.00999933760613203
angle,1780514125571851359,0.000443267548689619,0,0.009999419562518597
angle,1780514125598503084,0.000442881282651797,0,0.009999658912420273
angle,1780514125625718796,0.000442510936409235,0,0.009999477304518223
angle,1780514125656221913,0.000442147516878322,0,0.009999396279454231
angle,1780514125686779902,0.000441781245172024,0,0.009999239817261696
angle,1780514125712369885,0.000441403331933543,0,0.0099995331838727
angle,1780514125744619764,0.000441007228801027,0,0.009999262169003487
angle,1780514125772092628,0.000440589356003329,0,0.009999573230743408
angle,1780514125801253972,0.000440149218775332,0,0.009999568574130535
angle,1780514125828285564,0.000439689261838794,0,0.009999449364840984
angle,1780514125853505814,0.000439213996287435,0,0.009999485686421394
angle,1780514125894778901,0.000438729330198839,0,0.009999467991292477
angle,1780514125937787898,0.000438241375377402,0,0.009999372996389866
angle,1780514125968119039,0.000437755777966231,0,0.009998929686844349
angle,1780514125996671042,0.000437276816228405,0,0.009999576024711132
angle,1780514126026708090,0.000436807196820155,0,0.009999324567615986
angle,1780514126055735995,0.000436347618233413,0,0.009999657049775124
angle,1780514126086283336,0.000435897236457095,0,0.00999928917735815
angle,1780514126112820213,0.000435453810496256,0,0.009999561123549938
angle,1780514126148965735,0.000435014342656359,0,0.009999223984777927
angle,1780514126174465880,0.000434575398685411,0,0.009998994879424572
angle,1780514126202786689,0.000434133922681212,0,0.009999290108680725
angle,1780514126240489564,0.000433687411714345,0,0.009999142028391361
angle,1780514126267367968,0.000433234294177964,0,0.009999200701713562
angle,1780514126303943972,0.000432774017099291,0,0.009999169036746025
angle,1780514126338125244,0.000432306900620461,0,0.009999343194067478
angle,1780514126364876575,0.000431834167102352,0,0.009999544359743595
angle,1780514126401731877,0.00043135744635947,0,0.00999943632632494
angle,1780514126436976124,0.000430878601036966,0,0.009999426081776619
angle,1780514126466195591,0.000430399464676157,0,0.009998949244618416
angle,1780514126497726420,0.000429921434260905,0,0.009999334812164307
angle,1780514126543050862,0.000429445528425276,0,0.009998660534620285
angle,1780514126569490384,0.000428972154622898,0,0.009999299421906471
angle,1780514126605825926,0.000428501196438447,0,0.009998908266425133
angle,1780514126631679256,0.000428032042691484,0,0.009999587200582027
angle,1780514126658054886,0.000427563849370927,0,0.009999079629778862
angle,1780514126707093042,0.000427095597842708,0,0.009999210946261883
angle,1780514126740501776,0.000426626240368932,0,0.009999355301260948
angle,1780514126766535402,0.000426154962042347,0,0.009999276138842106
angle,1780514126802332684,0.000425681209890172,0,0.00999954342842102
angle,1780514126828688234,0.000425204634666443,0,0.009999038651585579
angle,1780514126857963411,0.00042472529457882,0,0.009999612346291542
angle,1780514126896321118,0.00042424350976944,0,0.009999580681324005
angle,1780514126922096668,0.000423759716795757,0,0.009999006986618042
angle,1780514126952097534,0.000423274526838213,0,0.009999334812164307
angle,1780514126977708721,0.000422788434661925,0,0.009999554604291916
angle,1780514127007194186,0.000422301993239671,0,0.009999535046517849
angle,1780514127048097736,0.000421815580921248,0,0.009999098256230354
angle,1780514127075783119,0.000421329314121976,0,0.009999477304518223
angle,1780514127102865941,0.000420843251049519,0,0.009999586269259453
angle,1780514127140555739,0.000420357275288552,0,0.009999343194067478
angle,1780514127167016823,0.000419871095800772,0,0.009999452158808708
angle,1780514127201994031,0.000419384450651705,0,0.009999200701713562
angle,1780514127239271899,0.000418896990595385,0,0.009999394416809082
angle,1780514127269170791,0.000418408453697339,0,0.009998470544815063
angle,1780514127300755404,0.000417918636230752,0,0.009999297559261322
angle,1780514127331005361,0.000417427421780303,0,0.009999508038163185
angle,1780514127357894614,0.000416934781242162,0,0.009999508038163185
angle,1780514127392879758,0.00041644080192782,0,0.009999479167163372
angle,1780514127415910168,0.000415945600252599,0,0.009999752044677734
angle,1780514127443995813,0.000415449350839481,0,0.009999792091548443
angle,1780514127494126732,0.000414952228311449,0,0.009999878704547882
angle,1780514127520713300,0.000414454407291487,0,0.009999568574130535
angle,1780514127547917909,0.000413956004194915,0,0.00999961793422699
angle,1780514127571193826,0.000413457106333226,0,0.009999754838645458
angle,1780514127604239976,0.000412957742810249,0,0.009999850764870644
angle,1780514127651948173,0.000412457884522155,0,0.009999812580645084
angle,1780514127697682126,0.000411957444157451,0,0.009999499656260014
angle,1780514127724020888,0.000411456334404647,0,0.009999355301260948
angle,1780514127753674635,0.000410954497056082,0,0.009999360889196396
angle,1780514127779252435,0.000410451844800264,0,0.009999320842325687
angle,1780514127807119046,0.000409948290325701,0,0.009999359026551247
angle,1780514127842813822,0.000409443775424734,0,0.009999297559261322
angle,1780514127871068625,0.000408938329201192,0,0.009999535977840424
angle,1780514127904037918,0.000408431922551244,0,0.00999944843351841
angle,1780514127945462549,0.000407924642786384,0,0.00999925285577774
angle,1780514127970589197,0.000407416489906609,0,0.009999308735132217
angle,1780514128001286510,0.000406907551223412,0,0.00999989453703165
angle,1780514128038371565,0.000406397855840623,0,0.009999419562518597
angle,1780514128067609784,0.000405887491069734,0,0.009999409317970276
angle,1780514128098376884,0.000405376456910744,0,0.009998970665037632
angle,1780514128125262653,0.000404864782467484,0,0.009999564848840237
angle,1780514128150877937,0.000404352438636124,0,0.009998878464102745
angle,1780514128194806278,0.000403839454520494,0,0.009999328292906284
angle,1780514128222632939,0.000403325771912932,0,0.009999660775065422
angle,1780514128247528855,0.00040281139081344,0,0.009999338537454605
angle,1780514128296294051,0.000402296253014356,0,0.009999537840485573
angle,1780514128321452908,0.00040178038761951,0,0.0099998963996768
angle,1780514128346902053,0.000401263707317412,0,0.009999400936067104
angle,1780514128372519521,0.000400746299419552,0,0.009999358095228672
angle,1780514128406028865,0.00040022810571827,0,0.009999614208936691
angle,1780514128443510823,0.000399709155317396,0,0.009999618865549564
angle,1780514128471400807,0.00039918944821693,0,0.00999924261122942
angle,1780514128499995843,0.000398669013520703,0,0.009999549947679043
angle,1780514128538569319,0.000398147880332544,0,0.00999926682561636
angle,1780514128564723449,0.000397626077756286,0,0.009999630972743034
angle,1780514128596441706,0.000397103576688096,0,0.009999467991292477
angle,1780514128621479927,0.000396580406231806,0,0.009999283589422703
angle,1780514128650689337,0.000396056595491245,0,0.009999453090131283
angle,1780514128698973250,0.000395532144466415,0,0.009999369271099567
angle,1780514128739952905,0.000395006994949654,0,0.00999927707016468
angle,1780514128765958568,0.000394481205148622,0,0.009999399073421955
angle,1780514128795685274,0.00039395471685566,0,0.009999529458582401
angle,1780514128821277978,0.000393427559174597,0,0.009999425150454044
angle,1780514128846483550,0.000392899703001603,0,0.009999359957873821
angle,1780514128869441865,0.000392371177440509,0,0.00999916810542345
angle,1780514128905173764,0.000391841982491314,0,0.009999595582485199
angle,1780514128942072054,0.000391312089050189,0,0.009999621659517288
angle,1780514128967599513,0.000390781526220962,0,0.009998966008424759
angle,1780514129001086965,0.000390250323107466,0,0.009999336674809456
angle,1780514129025469838,0.000389718450605869,0,0.009999480098485947
angle,1780514129050257111,0.000389185908716172,0,0.00999928917735815
angle,1780514129094830364,0.000388652755646035,0,0.009999198839068413
angle,1780514129120179514,0.000388118962291628,0,0.009999007917940617
angle,1780514129150830355,0.000387584557756782,0,0.009999300353229046
angle,1780514129194792028,0.000387049542041495,0,0.009999418631196022
angle,1780514129219660986,0.000386513856938109,0,0.009999370202422142
angle,1780514129245818592,0.000385977589758113,0,0.009999481961131096
angle,1780514129274911732,0.000385440682293847,0,0.009999235160648823
angle,1780514129306840485,0.000384903163649142,0,0.009999707341194153
angle,1780514129339459704,0.000384365004720166,0,0.009999462403357029
angle,1780514129364020809,0.000383826234610751,0,0.00999909732490778
angle,1780514129405047495,0.000383286853320897,0,0.009999724105000496
angle,1780514129440301689,0.000382746831746772,0,0.009999682195484638
angle,1780514129466474459,0.000382206228096038,0,0.00999979954212904
angle,1780514129506335122,0.000381664984161034,0,0.009999781847000122
angle,1780514129536931149,0.000381123158149421,0,0.009999779984354973
angle,1780514129560200918,0.000380580720957369,0,0.009999741800129414
angle,1780514129600454011,0.000380037730792537,0,0.009999633766710758
angle,1780514129629502335,0.000379494100343436,0,0.009999286383390427
angle,1780514129655742654,0.000378949916921556,0,0.009999582543969154
angle,1780514129701328560,0.000378405122319236,0,0.009999281726777554
angle,1780514129736625760,0.000377859774744138,0,0.009999368339776993
angle,1780514129762279743,0.000377313874196261,0,0.009999243542551994
angle,1780514129798283178,0.000376767362467945,0,0.009999592788517475
angle,1780514129824512174,0.00037622032687068,0,0.009999459609389305
angle,1780514129849850916,0.000375672709196806,0,0.009999444708228111
angle,1780514129896401349,0.000375124538550153,0,0.009999527595937252
angle,1780514129923187205,0.000374575814930722,0,0.009999224916100502
angle,1780514129948468111,0.000374026509234682,0,0.009999296627938747
angle,1780514129974842034,0.000373476650565863,0,0.009999169036746025
angle,1780514130008699497,0.000372926268028095,0,0.00999899860471487
angle,1780514130047317617,0.000372375303413719,0,0.009999468922615051
angle,1780514130073062771,0.000371823814930394,0,0.009999589994549751
angle,1780514130100175630,0.000371271773474291,0,0.009999561123549938
angle,1780514130141362121,0.000370719208149239,0,0.009999307803809643
angle,1780514130168090219,0.000370166089851409,0,0.00999870803207159
angle,1780514130201139507,0.000369612447684631,0,0.00999904703348875
angle,1780514130239789088,0.000369058281648904,0,0.009999548085033894
angle,1780514130274471372,0.000368017819710076,0,0.018729951232671738
angle,1780514130302103931,0.000367459724657238,0,0.009999231435358524
angle,1780514130327285016,0.000366901280358434,0,0.009999367408454418
angle,1780514130351685632,0.000366342719644308,0,0.009999452158808708
angle,1780514130380817171,0.000365784275345504,0,0.009999405592679977
angle,1780514130407041835,0.000365226063877344,0,0.009999413974583149
angle,1780514130443995153,0.000364668027032167,0,0.0099998340010643
angle,1780514130553249451,0.000364110106602311,0,0.009999407455325127
angle,1780514130641550663,0.000363483704859391,0,0.011223806999623775
angle,1780514130700105976,0.000362925115041435,0,0.009999522939324379
angle,1780514130740626222,0.0003623659722507,0,0.009999489411711693
angle,1780514130770967811,0.000361806160071865,0,0.009999413974583149
angle,1780514130816390160,0.000361245532985777,0,0.009999624453485012
angle,1780514130851675873,0.000360684090992436,0,0.009999522008001804
angle,1780514130896797223,0.000360121863195673,0,0.00999943632632494
angle,1780514130925552770,0.000359558849595487,0,0.009999716654419899
angle,1780514130960597351,0.000358995166607201,0,0.00999957975000143
angle,1780514130989296832,0.000358430959749967,0,0.009999357163906097
angle,1780514131015833415,0.000357866287231445,0,0.009999023750424385
angle,1780514131043348012,0.000357301265466958,0,0.009999631904065609
angle,1780514131076046402,0.000356735923560336,0,0.009999437257647514
angle,1780514131103594385,0.00035617031971924,0,0.009999441914260387
angle,1780514131139199855,0.00035560445394367,0,0.009999494068324566
angle,1780514131164521570,0.000355038326233625,0,0.009998713620007038
angle,1780514131201861172,0.000354471849277616,0,0.009999649599194527
angle,1780514131226908585,0.00035390499397181,0,0.009999485686421394
angle,1780514131253168111,0.000353337702108547,0,0.009999493137001991
angle,1780514131279604271,0.000352769915480167,0,0.009999348782002926
angle,1780514131312958735,0.000352201634086668,0,0.009999169036746025
angle,1780514131341525685,0.000351632799720392,0,0.009999520145356655
angle,1780514131367916486,0.000351063441485167,0,0.009998852387070656
angle,1780514131401437914,0.000350493588484824,0,0.009999405592679977
angle,1780514131437041612,0.000349923211615533,0,0.009999235160648823
angle,1780514131464399189,0.000349352369084954,0,0.00999941024929285
angle,1780514131504085359,0.000348781119100749,0,0.009999535977840424
angle,1780514131532530775,0.000348209490766749,0,0.009999407455325127
angle,1780514131561378808,0.000347637513186783,0,0.009999437257647514
angle,1780514131592917940,0.00034706515725702,0,0.009999529458582401
angle,1780514131621955652,0.000346492481185123,0,0.009999163448810577
angle,1780514131647663270,0.00034591942676343,0,0.009999534115195274
angle,1780514131680902091,0.000345346052199602,0,0.00999943632632494
angle,1780514131706588967,0.000344772299285978,0,0.009999430738389492
angle,1780514131748553759,0.000344198138918728,0,0.009999505244195461
angle,1780514131774541512,0.000343623600201681,0,0.009999465197324753
angle,1780514131800709485,0.000343048624927178,0,0.009999608621001244
angle,1780514131840581549,0.000342473271302879,0,0.00999955739825964
angle,1780514131866243398,0.000341897481121123,0,0.009998191148042679
angle,1780514131897986450,0.00034132128348574,0,0.00999965239316225
angle,1780514132019225009,0.000340744707500562,1,0.009999408386647701
angle,1780514132040112291,0.000340166239766404,0,0.1312357783317566
angle,1780514132108006384,0.000339584366884083,0,0.009999093599617481
angle,1780514132162918208,0.000339015270583332,0,0.009999415837228298
angle,1780514132206322973,0.000338475918397307,0,0.009999369271099567
angle,1780514132251079028,0.000337964476784691,0,0.009999547153711319
angle,1780514132281098691,0.000337473524268717,0,0.009999181143939495
angle,1780514132313091478,0.000336992408847436,0,0.009999324567615986
angle,1780514132350907944,0.000336509285261855,0,0.009999760426580906
angle,1780514132377057600,0.000336013443302363,0,0.009998797439038754
angle,1780514132405895151,0.000335496646584943,0,0.00999920442700386
angle,1780514132439508861,0.00033495420939289,0,0.009999479167163372
angle,1780514132465290958,0.000334385316818953,0,0.009999486617743969
angle,1780514132494272963,0.000333792617311701,0,0.00999956764280796
angle,1780514132543894115,0.000333181495079771,0,0.009999703615903854
angle,1780514132567505329,0.000332559022353962,0,0.00999945867806673
angle,1780514132595071331,0.000331932795234025,0,0.009999638423323631
angle,1780514132616415486,0.000331309653120115,0,0.009999874047935009
angle,1780514132737469912,0.000330695125740021,1,0.009999825619161129
angle,1780514132753376266,0.000330089795170352,0,0.13105592131614685
angle,1780514132838958814,0.00032949325395748,0,0.00999944843351841
angle,1780514132878450736,0.000328925030771643,0,0.009999384172260761
angle,1780514132909587658,0.000328401860315353,0,0.009999239817261696
angle,1780514132952992072,0.000327916524838656,0,0.009999489411711693
angle,1780514132996146851,0.000327455665683374,0,0.00999884121119976
angle,1780514133028978848,0.000327002897392958,0,0.009999110363423824
angle,1780514133055984752,0.000326541688991711,0,0.009999656118452549
angle,1780514133084390386,0.000326058128848672,0,0.009999463334679604
angle,1780514133114159806,0.000325542700011283,0,0.009999641217291355
angle,1780514133145097732,0.000324991066008806,0,0.009999214671552181
angle,1780514133195653928,0.000324404187267646,0,0.009999508038163185
angle,1780514133230311176,0.00032378759351559,0,0.009999834932386875
angle,1780514133256147218,0.000323149986797944,0,0.009999041445553303
angle,1780514133284350448,0.000322501611663029,0,0.009999389760196209
angle,1780514133309779132,0.000321852770866826,0,0.009999260306358337
angle,1780514133338511173,0.000321212311973795,0,0.009998714551329613
angle,1780514133395785399,0.000320586521411315,0,0.00999950710684061
angle,1780514133421638547,0.000319978804327548,0,0.009999222122132778
angle,1780514133449515381,0.000319389364449307,0,0.009999443776905537
angle,1780514133570776432,0.000318815844366327,1,0.009999671950936317
angle,1780514133599379111,0.000318254897138104,0,0.1312585473060608
angle,1780514133652389631,0.000317702506436035,0,0.00999941024929285
angle,1780514133710901672,0.000317169178742915,0,0.00999893806874752
angle,1780514133760802269,0.000316664692945778,0,0.009999404661357403
angle,1780514133797586489,0.000316180143272504,0,0.009999481029808521
angle,1780514133838948122,0.000315703277010471,0,0.009999508038163185
angle,1780514133874887712,0.000315221055643633,0,0.009999493137001991
angle,1780514133909994578,0.00031472189584747,0,0.009999332018196583
angle,1780514133940622984,0.000314197415718809,0,0.009999478235840797
angle,1780514133969125733,0.000313643249683082,0,0.009999561123549938
angle,1780514134001724872,0.000313059281324968,0,0.009999686852097511
angle,1780514134038594380,0.000312449352350086,0,0.009999166242778301
angle,1780514134072746508,0.00031182004022412,0,0.009999544359743595
angle,1780514134098109408,0.00031117961043492,0,0.0099994707852602
angle,1780514134123802438,0.000310536590404809,0,0.009999238885939121
angle,1780514134155701809,0.000309898547129706,0,0.009999175556004047
angle,1780514134187871383,0.000309271243168041,0,0.009999307803809643
angle,1780514134217681876,0.000308658025460318,0,0.009999585337936878
angle,1780514134244017313,0.00030805979622528,0,0.00999949686229229
angle,1780514134281033119,0.000307475071167573,0,0.009999471716582775
angle,1780514134314298536,0.000306900648865849,0,0.009999614208936691
angle,1780514134349847115,0.000306332221953198,0,0.009999586269259453
angle,1780514134382518620,0.00030576519202441,0,0.009999589994549751
angle,1780514134412209936,0.000305195368127897,0,0.009999830275774002
angle,1780514134436367301,0.000304619432426989,0,0.009999629110097885
angle,1780514134469013700,0.000304035318549722,0,0.00999987218528986
angle,1780514134499640797,0.000303442386211827,0,0.009999802336096764
angle,1780514134522793004,0.000302841333905235,0,0.00999987032264471
angle,1780514134554237625,0.000302233820548281,0,0.009999608621001244
angle,1780514134588781559,0.000301622174447402,0,0.009999504312872887
angle,1780514134615120458,0.00030100901494734,0,0.00999938603490591
angle,1780514134645897912,0.000300396757666022,0,0.00999948475509882
angle,1780514134678279668,0.000299787352560088,0,0.009999413043260574
angle,1780514134709001560,0.000299182051094249,0,0.009999595582485199
angle,1780514134733066731,0.000298581377137452,0,0.009999552741646767
angle,1780514134761080099,0.000297985068755224,0,0.009999478235840797
angle,1780514134797576586,0.000297392252832651,0,0.009999444708228111
angle,1780514134829776511,0.000296801736112684,0,0.0099995331838727
angle,1780514134855028109,0.00029621203429997,0,0.00999882910400629
angle,1780514134883239839,0.000295621779514477,0,0.009999485686421394
angle,1780514134916397223,0.000295029865810648,0,0.009999731555581093
angle,1780514134950166999,0.000294435536488891,0,0.009999338537454605
angle,1780514134975604119,0.00029383844230324,0,0.009999544359743595
angle,1780514135003455563,0.000293238612357527,0,0.00999938603490591
angle,1780514135037465309,0.000292636541416869,0,0.009999186731874943
angle,1780514135108924049,0.000292032869765535,0,0.009999260306358337
angle,1780514135210824052,0.000291428412310779,0,0.009998718276619911
angle,1780514135269928333,0.000290823925752193,0,0.009999477304518223
angle,1780514135341013111,0.000290220079477876,0,0.00999947264790535
angle,1780514135370964590,0.000289617339149117,0,0.00999936368316412
angle,1780514135407947004,0.00028901593759656,0,0.009999367408454418
angle,1780514135451932252,0.000288415874820203,0,0.00999918207526207
angle,1780514135481239901,0.000287816917989403,0,0.00999944843351841
angle,1780514135513206269,0.000287218746962026,0,0.009999377653002739
angle,1780514135540701226,0.000286620925180614,0,0.009999299421906471
angle,1780514135572709625,0.000286023045191541,0,0.009999426081776619
angle,1780514135598241693,0.000285424670437351,0,0.009999525733292103
angle,1780514135640263415,0.000284825538983569,0,0.009999641217291355
angle,1780514135665406810,0.000284225534414873,0,0.009999186731874943
angle,1780514135697637710,0.000283624627627432,0,0.00999944843351841
angle,1780514135724555166,0.000283022905932739,0,0.009999378584325314
angle,1780514135753883123,0.000282420602161437,0,0.00999950710684061
angle,1780514135779244303,0.000281817890936509,0,0.009999490343034267
angle,1780514135813494686,0.000281215092400089,0,0.009999518282711506
angle,1780514135848369884,0.00028061238117516,0,0.00999914389103651
angle,1780514135882048651,0.000280009931884706,0,0.009999421425163746
angle,1780514135911856127,0.000279407860944048,0,0.009999416768550873
angle,1780514135940118175,0.000278806168353185,0,0.00999925285577774
angle,1780514135966962932,0.000278204825008288,0,0.009999530389904976
angle,1780514136003076601,0.000277603714494035,0,0.009999332949519157
angle,1780514136034017405,0.000277002749498934,0,0.00999942421913147
angle,1780514136067256232,0.000276401755400002,0,0.009998581372201443
angle,1780514136097988476,0.000275800644885749,0,0.009999209083616734
angle,1780514136125864036,0.000275199301540852,0,0.009999413043260574
angle,1780514136152928057,0.00027459766715765,0,0.009999468922615051
angle,1780514136184032280,0.000273995741736144,0,0.00999943632632494
angle,1780514136210726742,0.000273393554380164,0,0.009999201633036137
angle,1780514136331853658,0.00027279113419354,1,0.009999582543969154
angle,1780514136352688858,0.000272186938673258,0,0.13112510740756989
angle,1780514136412664955,0.000271579425316304,0,0.009999340400099754
angle,1780514136457844232,0.000270991382421926,0,0.009999029338359833
angle,1780514136504977815,0.000270443939371035,0,0.009999431669712067
angle,1780514136547743603,0.000269930198555812,0,0.00999936368316412
angle,1780514136597086158,0.000269438081886619,0,0.009999229572713375
angle,1780514136626708394,0.000268952804617584,0,0.009999467991292477
angle,1780514136653058389,0.000268459814833477,0,0.009998580440878868
angle,1780514136682074486,0.000267946772510186,0,0.00999955553561449
angle,1780514136709005060,0.000267405441263691,0,0.009999305941164494
angle,1780514136744916886,0.000266832183115184,0,0.009999513626098633
angle,1780514136773406503,0.000266228104010224,0,0.009999440982937813
angle,1780514136802566760,0.000265598180703819,0,0.009999449364840984
angle,1780514136845359544,0.000264950271230191,0,0.009999532252550125
angle,1780514136871404066,0.000264293543295935,0,0.009999401867389679
angle,1780514136898635954,0.000263637077296153,0,0.009999553672969341
angle,1780514136924144653,0.000262988614849746,0,0.009999598376452923
angle,1780514136951070396,0.000262353685684502,0,0.00999946054071188
angle,1780514136978309196,0.000261735141975805,0,0.00999904703348875
angle,1780514137006278093,0.000261133012827486,0,0.009999518282711506
angle,1780514137050201830,0.00026054511545226,0,0.009999317117035389
angle,1780514137076180797,0.000259967462625355,0,0.009999405592679977
angle,1780514137104682805,0.000259395135799423,0,0.009999243542551994
angle,1780514137145327720,0.000258823129115626,0,0.00999936182051897
angle,1780514137171709399,0.000258247076999396,0,0.009999057278037071
angle,1780514137201303372,0.000257663748925552,0,0.009999312460422516
angle,1780514137246317591,0.000257071369560435,0,0.009999360889196396
angle,1780514137272825913,0.000256469647865742,0,0.009998857043683529
angle,1780514137299481444,0.000255859718890861,0,0.009999572299420834
angle,1780514137341960798,0.000255243678111583,0,0.009999188594520092
angle,1780514137367603491,0.000254624173976481,0,0.009999586269259453
angle,1780514137394350547,0.00025400408776477,0,0.00999913364648819
angle,1780514137421838009,0.000253385922405869,0,0.009999770671129227
angle,1780514137451158647,0.000252771598752588,0,0.009999333880841732
angle,1780514137477805220,0.000252162251854315,0,0.00999967660754919
angle,1780514137506996832,0.000251558143645525,0,0.009999806061387062
angle,1780514137540197897,0.00025095883756876,0,0.009999536909162998
angle,1780514137566855793,0.000250363198574632,0,0.009999651461839676
angle,1780514137595548669,0.00024976980057545,0,0.009999680332839489
angle,1780514137621685448,0.000249177071964368,0,0.009999396279454231
angle,1780514137648074484,0.000248583557549864,0,0.009999587200582027
angle,1780514137672729962,0.00024798815138638,0,0.009999866597354412
angle,1780514137704952036,0.000247390125878155,0,0.00999987032264471
angle,1780514137749012768,0.000246789277298376,0,0.009999898262321949
angle,1780514137772857344,0.000246185809373856,0,0.009999784640967846
angle,1780514137803750173,0.000245580275077373,0,0.00999973714351654
angle,1780514137849474240,0.000244973431108519,0,0.009999693371355534
angle,1780514137876029966,0.00024436620878987,0,0.009999273344874382
angle,1780514137907554964,0.000243759437580593,0,0.009999457746744156
angle,1780514137940054903,0.000243153728661127,0,0.009999411180615425
angle,1780514137967090453,0.000242549562244676,0,0.009998696856200695
angle,1780514137997736825,0.000241947098402306,0,0.009999843314290047
angle,1780514138038830980,0.000241346278926358,0,0.009999717585742474
angle,1780514138069053466,0.000240746812778525,0,0.009998802095651627
angle,1780514138097575386,0.000240148277953267,0,0.009999493137001991
angle,1780514138141374539,0.000239550194237381,0,0.00999940000474453
angle,1780514138169255071,0.000238952081417665,0,0.009999509900808334
angle,1780514138198370490,0.000238353575696237,0,0.009999346919357777
angle,1780514138224014993,0.000237754386034794,0,0.00999938603490591
angle,1780514138252055667,0.000237154425121844,0,0.00999961793422699
angle,1780514138279706514,0.000236553692957386,0,0.009999395348131657
angle,1780514138308616036,0.000235952335060574,0,0.009999711066484451
angle,1780514138345571765,0.000235350598813966,0,0.009999345988035202
angle,1780514138370598521,0.000234748746152036,0,0.009999280795454979
angle,1780514138402218402,0.000234147039009258,0,0.009999564848840237
angle,1780514138441635264,0.000233545710216276,0,0.009999508038163185
angle,1780514138467834172,0.000232944919844158,0,0.009999245405197144
angle,1780514138501394263,0.000232344740652479,0,0.009999190457165241
angle,1780514138527319251,0.000231745201745071,0,0.009999278001487255
angle,1780514138553760116,0.000231146201258525,0,0.009999603033065796
angle,1780514138596555434,0.000230547666433267,0,0.009999340400099754
angle,1780514138622640229,0.000229949422646314,0,0.009998725727200508
angle,1780514138653128593,0.000229351324378513,0,0.00999954529106617
angle,1780514138679229132,0.000228753255214542,0,0.009999566711485386
angle,1780514138707278574,0.00022815509873908,0,0.009999248199164867
angle,1780514138748726009,0.000227556825848296,0,0.009998735971748829
angle,1780514138774148823,0.000226958421990275,0,0.009999473579227924
angle,1780514138802297325,0.000226359945372678,0,0.009999368339776993
angle,1780514138846171354,0.000225761425099336,0,0.00999965239316225
angle,1780514138876154020,0.000225162963033654,0,0.009999272413551807
angle,1780514138907890977,0.000224564646487124,0,0.00999937579035759
angle,1780514138937877067,0.000223966533667408,0,0.009999748319387436
angle,1780514138964858499,0.000223368697334081,0,0.009999651461839676
angle,1780514138996518463,0.000222771181142889,0,0.009998907335102558
angle,1780514139025487166,0.000222173985093832,0,0.009998866356909275
angle,1780514139054132244,0.00022157708008308,0,0.009999395348131657
angle,1780514139079984357,0.000220980480662547,0,0.009999388828873634
angle,1780514139107335150,0.000220384128624573,0,0.009999435395002365
angle,1780514139146779121,0.000219787951209582,0,0.009999529458582401
angle,1780514139174755777,0.000219191948417574,0,0.00999949499964714
angle,1780514139204263862,0.000218596062040888,0,0.009999444708228111
angle,1780514139242857448,0.000218000277527608,0,0.009999331086874008
angle,1780514139270771157,0.000217404594877735,0,0.009999602101743221
angle,1780514139306071836,0.000216809014091268,0,0.009999312460422516
angle,1780514139339592405,0.000216213564272039,0,0.009999047964811325
angle,1780514139370226977,0.000215618259971961,0,0.009999128058552742
angle,1780514139395944006,0.000215023144846782,0,0.009999402798712254
angle,1780514139420467198,0.000214428233448416,0,0.009999462403357029
angle,1780514139446867472,0.000213833569432609,0,0.009998890571296215
angle,1780514139474146475,0.00021323915279936,0,0.009999624453485012
angle,1780514139505689704,0.000212644983548671,0,0.009999672882258892
angle,1780514139544255599,0.00021205106168054,0,0.009999780915677547
angle,1780514139568622396,0.000211457372643054,0,0.009999780915677547
angle,1780514139603868989,0.000210863930988126,0,0.009999074041843414
angle,1780514139644095699,0.000210270707611926,0,0.00999944843351841
angle,1780514139670156017,0.000209677687962539,0,0.009999263100326061
angle,1780514139697990897,0.000209084872039966,0,0.00999939814209938
angle,1780514139725231821,0.000208492245292291,0,0.009999657981097698
angle,1780514139751443246,0.000207899807719514,0,0.009999457746744156
angle,1780514139795925986,0.00020730757387355,0,0.00999938603490591
angle,1780514139822509787,0.000206715543754399,0,0.009999345056712627
angle,1780514139853960943,0.000206123746465892,0,0.009999340400099754
angle,1780514139898115960,0.000205532182008028,0,0.0099994707852602
angle,1780514139923690537,0.000204940850380808,0,0.009998983703553677
angle,1780514139948781985,0.000204349766136147,0,0.00999944657087326
angle,1780514139973717252,0.000203758929274045,0,0.009998898953199387
angle,1780514140002388860,0.000203168339794502,0,0.009999285452067852
angle,1780514140039577700,0.000202578012249433,0,0.009999506175518036
angle,1780514140065926331,0.000201987946638837,0,0.009998740628361702
angle,1780514140095276581,0.000201398128410801,0,0.009999540634453297
angle,1780514140139643265,0.000200808572117239,0,0.009999514557421207
angle,1780514140165265821,0.000200219263206236,0,0.009999639354646206
angle,1780514140200941426,0.000199630187125877,0,0.009999514557421207
angle,1780514140226318780,0.000199041343876161,0,0.00999946054071188
angle,1780514140251611858,0.000198452762560919,0,0.00999925471842289
angle,1780514140301865430,0.000197864428628236,0,0.009999399073421955
angle,1780514140327570688,0.000197276356630027,0,0.009999467991292477
angle,1780514140353228488,0.000196688517462462,0,0.009998930618166924
angle,1780514140402046079,0.000196100969333202,0,0.009999207220971584
angle,1780514140427089920,0.0001955136685865,0,0.009999320842325687
angle,1780514140456176834,0.000194926658878103,0,0.009999409317970276
angle,1780514140483663310,0.00019433991110418,0,0.009999770671129227
angle,1780514140511343708,0.000193753454368562,0,0.009999435395002365
angle,1780514140543471205,0.000193167274119332,0,0.009999076835811138
angle,1780514140568914268,0.000192581384908408,0,0.009999356232583523
angle,1780514140606859900,0.000191995772183873,0,0.00999932736158371
angle,1780514140639401003,0.000191410450497642,0,0.009999522008001804
angle,1780514140664385778,0.000190825390745886,0,0.009999608621001244
angle,1780514140700031476,0.000190240636584349,0,0.009999336674809456
angle,1780514140726393514,0.000189656144357286,0,0.00999943632632494
angle,1780514140751855902,0.000189071943168528,0,0.009999525733292103
angle,1780514140798555769,0.000188488033018075,0,0.009999611414968967
angle,1780514140825533206,0.000187904413905926,0,0.009999258443713188
angle,1780514140854557865,0.000187321100383997,0,0.009999190457165241
angle,1780514140880331103,0.000186738077900372,0,0.009999314323067665
angle,1780514140904884651,0.000186155346455052,0,0.009999535046517849
angle,1780514140947365432,0.000185572920599952,0,0.009999547153711319
angle,1780514140972021167,0.000184990800335072,0,0.009998534806072712
angle,1780514141006658796,0.000184409000212327,0,0.009999711997807026
angle,1780514141042898592,0.000183827505679801,0,0.009999453090131283
angle,1780514141070640514,0.000183246331289411,0,0.009999255649745464
angle,1780514141101875754,0.000182665477041155,0,0.009999655187129974
angle,1780514141140063083,0.000182084928383119,0,0.009999514557421207
angle,1780514141168209432,0.000181504685315304,0,0.009999667294323444
angle,1780514141201922963,0.000180924776941538,0,0.0099992910400033
angle,1780514141243169271,0.000180345159606077,0,0.009999547153711319
angle,1780514141269722185,0.000179765876964666,0,0.009999563917517662
angle,1780514141300885307,0.00017918691446539,0,0.009999154135584831
angle,1780514141326270042,0.000178608257556334,0,0.0099994707852602
angle,1780514141354953007,0.000178029949893244,0,0.009998934343457222
angle,1780514141400390983,0.000177451962372288,0,0.00999903492629528
angle,1780514141426555366,0.000176874309545383,0,0.009999305941164494
angle,1780514141454861545,0.000176297005964443,0,0.009999159723520279
angle,1780514141482106253,0.000175720051629469,0,0.00999935157597065
angle,1780514141602874279,0.00017514341743663,1,0.009999459609389305
angle,1780514141639503441,0.000174565633642487,0,0.13076655566692352
angle,1780514141699525150,0.000173985157744028,0,0.009998944588005543
angle,1780514141742489001,0.000173429740243591,0,0.009998961351811886
angle,1780514141796530666,0.000172922809724696,0,0.009998952969908714
angle,1780514141826063274,0.000172452695551328,0,0.009999388828873634
angle,1780514141861156412,0.000172003114130348,0,0.009999318048357964
angle,1780514141896884232,0.000171556253917515,0,0.0099993497133255
angle,1780514141925010571,0.000171095802215859,0,0.009999451227486134
angle,1780514141950916056,0.000170609055203386,0,0.009999536909162998
angle,1780514141995703582,0.000170088445884176,0,0.009999639354646206
angle,1780514142021992159,0.000169531951542012,0,0.009999812580645084
angle,1780514142052501953,0.000168942715390585,0,0.009999608621001244
angle,1780514142079041546,0.000168327955179848,0,0.009999636560678482
angle,1780514142106245307,0.000167697435244918,0,0.009999471716582775
angle,1780514142139675615,0.000167061851243488,0,0.009999359957873821
angle,1780514142165351763,0.000166431069374084,0,0.00999951921403408
angle,1780514142196771089,0.00016581300587859,0,0.009999518282711506
angle,1780514142317809914,0.00016521273937542,1,0.009999159723520279
angle,1780514142340229746,0.000164630429935642,0,0.13103902339935303
angle,1780514142406947906,0.000164064767886885,0,0.009999391622841358
angle,1780514142455307756,0.000163542645168491,0,0.009999459609389305
angle,1780514142506398230,0.000163082702783868,0,0.009999370202422142
angle,1780514142546399050,0.00016266544116661,0,0.009999633766710758
angle,1780514142574964025,0.000162267024279572,0,0.009999477304518223
angle,1780514142612503119,0.000161863339599222,0,0.010000254958868027
angle,1780514142644367672,0.000161433854373172,0,0.009999539703130722
angle,1780514142666433088,0.000160963885718957,0,0.009999774396419525
angle,1780514142706432770,0.000160446157678962,0,0.009999793022871017
angle,1780514142737822314,0.000159880917635746,0,0.009999795816838741
angle,1780514142759649851,0.000159274874022231,0,0.009999862872064114
angle,1780514142801739581,0.00015863953740336,0,0.009999849833548069
angle,1780514142828607413,0.000157988906721584,0,0.00999941024929285
angle,1780514142858953175,0.000157337228301913,0,0.009998617693781853
angle,1780514142886212393,0.00015669698768761,0,0.009999140165746212
angle,1780514142916202739,0.000156077396241017,0,0.009999369271099567
angle,1780514142944054837,0.000155483503476717,0,0.009999463334679604
angle,1780514142971800564,0.000154916109750047,0,0.009999309666454792
angle,1780514143001349281,0.000154372202814557,0,0.00999926496297121
angle,1780514143026607247,0.000153845889144577,0,0.009999399073421955
angle,1780514143059814955,0.000153329645399936,0,0.00999941024929285
angle,1780514143087034242,0.000152815555338748,0,0.009999248199164867
angle,1780514143117026510,0.000152296546730213,0,0.009999384172260761
angle,1780514143148013195,0.000151767206261866,0,0.009999498724937439
angle,1780514143178342971,0.000151224376168102,0,0.009999401867389679
angle,1780514143206348823,0.000150667270645499,0,0.009999513626098633
angle,1780514143239337335,0.000150097272126004,0,0.009999522008001804
angle,1780514143266175115,0.000149517465615645,0,0.009999453090131283
angle,1780514143295316139,0.000148931954754516,0,0.00999961793422699
angle,1780514143323485961,0.000148345177876763,0,0.009999563917517662
angle,1780514143352052622,0.000147761165862903,0,0.009999362751841545
angle,1780514143381890601,0.000147183120134287,0,0.009999388828873634
angle,1780514143411299455,0.0001466130343033,0,0.00999941024929285
angle,1780514143444824576,0.000146051548654214,0,0.009999614208936691
angle,1780514143473887401,0.000145498095662333,0,0.009999486617743969
angle,1780514143504214574,0.000144951089168899,0,0.009998970665037632
angle,1780514143539259302,0.000144408317282796,0,0.00999956764280796
angle,1780514143566367377,0.000143867335282266,0,0.009999698959290981
angle,1780514143595901717,0.000143325800308958,0,0.009999492205679417
angle,1780514143624391724,0.000142781893373467,0,0.0099995918571949
angle,1780514143653247788,0.000142230885103345,0,0.01006295159459114
angle,1780514143683220125,0.000141679236548953,0,0.009999480098485947
angle,1780514143712906518,0.00014112371718511,0,0.009999414905905724
angle,1780514143745401720,0.000140565141919069,0,0.009999407455325127
angle,1780514143773923714,0.000140004689455964,0,0.009999443776905537
angle,1780514143800878286,0.000139443742227741,0,0.009999485686421394
angle,1780514143840809707,0.00013888360990677,0,0.009999342262744904
angle,1780514143866975001,0.000138325354782864,0,0.009999419562518597
angle,1780514143898176434,0.000137769733555615,0,0.009999377653002739
angle,1780514143925989547,0.000137217095470987,0,0.009999124333262444
angle,1780514143955584182,0.000136667367769405,0,0.00999938789755106
angle,1780514143984351293,0.000136120142997243,0,0.009999641217291355
angle,1780514144011844259,0.000135574780870229,0,0.009999455884099007
angle,1780514144042207453,0.000135030553792603,0,0.009999536909162998
angle,1780514144070155222,0.000134486705064774,0,0.009999674744904041
angle,1780514144101000802,0.000133942608954385,0,0.009999804198741913
angle,1780514144140023106,0.000133397814352065,0,0.009999682195484638
angle,1780514144167314401,0.000132852117531002,0,0.009999207220971584
angle,1780514144195460924,0.000132305503939278,0,0.009999574162065983
angle,1780514144224529927,0.000131758177303709,0,0.009999651461839676
angle,1780514144252723114,0.000131210486870259,0,0.009999600239098072
angle,1780514144283547593,0.000130662840092555,0,0.009998357854783535
angle,1780514144313731789,0.000130115658976138,0,0.009999520145356655
angle,1780514144345103471,0.000129569307318889,0,0.00999959371984005
angle,1780514144371769453,0.000129024076159112,0,0.009999268688261509
angle,1780514144400404570,0.00012848008191213,0,0.009999191388487816
angle,1780514144440102157,0.000127937339129858,0,0.009999350644648075
angle,1780514144468587520,0.000127395789604634,0,0.009999214671552181
angle,1780514144495963124,0.000126855229609646,0,0.009999487549066544
angle,1780514144520012109,0.000126315440866165,0,0.009999876841902733
angle,1780514144550984221,0.000125776205095463,0,0.009999850764870644
angle,1780514144574987912,0.00012523727491498,0,0.009999777190387249
angle,1780514144645268134,0.000124698504805565,0,0.009999888949096203
angle,1780514144672126993,0.000124159807455726,0,0.009999622590839863
angle,1780514144702977023,0.000123621168313548,0,0.009999554604291916
angle,1780514144741155340,0.000123082631034777,0,0.009999547153711319
angle,1780514144768604182,0.000122544282930903,0,0.009999169036746025
angle,1780514144795538986,0.000122006284072995,0,0.00999948289245367
angle,1780514144825167270,0.000121468750876375,0,0.009999504312872887
angle,1780514144854690026,0.000120931807032321,0,0.009999413043260574
angle,1780514144895727978,0.000120395532576367,0,0.009999520145356655
angle,1780514144925625619,0.000119860014820006,0,0.009999535046517849
angle,1780514144952923272,0.000119325253763236,0,0.009999456815421581
angle,1780514144981921433,0.000118791234854143,0,0.009999237023293972
angle,1780514145014856629,0.000118257899885066,0,0.009999671950936317
angle,1780514145045592257,0.000117725190648343,0,0.009999701753258705
angle,1780514145076124997,0.0001171930343844,0,0.009999597445130348
angle,1780514145102468321,0.000116661351057701,0,0.009999512694776058
angle,1780514145142007940,0.000116130097012501,0,0.009999202564358711
angle,1780514145169938474,0.000115599250420928,0,0.00999936368316412
angle,1780514145196892188,0.000115068782179151,0,0.009999343194067478
angle,1780514145224852782,0.000114538706839085,0,0.009999586269259453
angle,1780514145249356092,0.00011400905350456,0,0.009999502450227737
angle,1780514145295539508,0.000113479873107281,0,0.009999382309615612
angle,1780514145323971719,0.000112951187475119,0,0.0099994707852602
angle,1780514145353963229,0.000112423047539778,0,0.009999381378293037
angle,1780514145382076575,0.000111895482405089,0,0.009999309666454792
angle,1780514145410090812,0.000111368513898924,0,0.009999529458582401
angle,1780514145444034977,0.000110842156573199,0,0.009999471716582775
angle,1780514145471596728,0.000110316403151955,0,0.009999191388487816
angle,1780514145502150856,0.000109791260911152,0,0.009999372996389866
angle,1780514145528951389,0.000109266700746957,0,0.009954029694199562
angle,1780514145554803494,0.000108742809970863,0,0.009999500587582588
angle,1780514145580723545,0.000108219690446276,0,0.009999285452067852
angle,1780514145608926160,0.000107697233033832,0,0.009999421425163746
angle,1780514145653124866,0.000107175364973955,0,0.009999510832130909
angle,1780514145679323907,0.000106653998955153,0,0.009999552741646767
angle,1780514145708048980,0.000106133047665935,0,0.00999942235648632
angle,1780514145747117353,0.000105612467450555,0,0.009999689646065235
angle,1780514145773008018,0.000105092243757099,0,0.009999580681324005
angle,1780514145802219854,0.000104572398413438,0,0.009999295696616173
angle,1780514145840565631,0.000104052960523404,0,0.00999964214861393
angle,1780514145869053901,0.000103533973742742,0,0.009999636560678482
angle,1780514145894932177,0.000103015503555071,0,0.009999633766710758
angle,1780514145924021526,0.000102497600892093,0,0.009999468922615051
angle,1780514145953999853,0.000101980309409555,0,0.009999671950936317
angle,1780514145985050232,0.00010146368003916,0,0.009999358095228672
angle,1780514146013185428,0.00010094770550495,0,0.009999389760196209
angle,1780514146045619248,0.000100432385806926,0,0.009999589994549751
angle,1780514146071036364,0.000099917713669129,0,0.009999450296163559
angle,1780514146103593741,0.000099403674539644,0,0.00999939814209938
angle,1780514146141396331,0.000098890210210811,0,0.009999367408454418
angle,1780514146172683195,0.000098377313406672,0,0.009999522008001804
angle,1780514146205609595,0.000097864962299354,0,0.009998724795877934
angle,1780514146239813383,0.000097353135060985,0,0.009999334812164307
angle,1780514146269749024,0.000096841831691563,0,0.009999397210776806
angle,1780514146299141487,0.000096331044915132,0,0.009999455884099007
angle,1780514146326636793,0.00009582078200765,0,0.009999161586165428
angle,1780514146358727757,0.000095311050245073,0,0.009999600239098072
angle,1780514146396972594,0.000094801878731232,0,0.009998777881264687
angle,1780514146428558309,0.000094293282018043,0,0.009998834691941738
angle,1780514146458452895,0.000093785281933378,0,0.009999618865549564
angle,1780514146486814088,0.000093277893029153,0,0.009999334812164307
angle,1780514146516508933,0.000092771115305368,0,0.009999508038163185
angle,1780514146543486220,0.000092264948762022,0,0.009999181143939495
angle,1780514146571706182,0.000091759386123158,0,0.009999330155551434
angle,1780514146608963034,0.000091254427388776,0,0.009999524801969528
angle,1780514146645785338,0.000090750058006961,0,0.009999364614486694
angle,1780514146677106505,0.000090246277977712,0,0.009999597445130348
angle,1780514146705635046,0.000089743072749116,0,0.009999442845582962
angle,1780514146746576878,0.00008924044232117,0,0.009999217465519905
angle,1780514146775676949,0.000088738386693876,0,0.009999335743486881
angle,1780514146802738781,0.000088236913143191,0,0.009999348782002926
angle,1780514146840637283,0.000087736014393158,0,0.009999455884099007
angle,1780514146871478517,0.000087235704995692,0,0.00999897625297308
angle,1780514146901002990,0.00008673599222675,0,0.009999425150454044
angle,1780514146933305226,0.000086236868810374,0,0.009999503381550312
angle,1780514146962336759,0.000085738356574439,0,0.009998779743909836
angle,1780514146996788028,0.000085240448242985,0,0.009999251924455166
angle,1780514147028705223,0.000084743136540055,0,0.009999468922615051
angle,1780514147056104605,0.000084246443293523,0,0.009999353438615799
angle,1780514147085944033,0.00008375036122743,0,0.00999943632632494
angle,1780514147114725902,0.000083254890341777,0,0.009999539703130722
angle,1780514147150388233,0.000082760016084649,0,0.009999509900808334
angle,1780514147179878426,0.00008226575300796,0,0.009999428875744343
angle,1780514147206240383,0.000081772093835752,0,0.00999944657087326
angle,1780514147246888328,0.000081279038568027,0,0.009999386966228485
angle,1780514147273725833,0.000080786587204784,0,0.00999941024929285
angle,1780514147299540826,0.000080294739746023,0,0.009999385103583336
angle,1780514147345916291,0.000079803488915786,0,0.009999541565775871
angle,1780514147374344207,0.000079312849265989,0,0.00999965239316225
angle,1780514147401528652,0.000078822820796631,0,0.009999634698033333
angle,1780514147440353463,0.000078333418059628,0,0.009999212808907032
angle,1780514147469207774,0.000077844619227108,0,0.009999644011259079
angle,1780514147497253228,0.000077356438850984,0,0.009999503381550312
angle,1780514147523934040,0.00007686889875913,0,0.009999661706387997
angle,1780514147550700927,0.000076381969847716,0,0.009999793954193592
angle,1780514147576702172,0.000075895673944615,0,0.00999960582703352
angle,1780514147603679121,0.00007540999649791,0,0.009999829344451427
angle,1780514147724191150,0.000074924937507603,1,0.009999770671129227
angle,1780514147748357339,0.000074439230957069,0,0.13051019608974457
angle,1780514147806598863,0.000073951596277766,0,0.009999807924032211
angle,1780514147855710648,0.000073490395152476,0,0.009999478235840797
angle,1780514147940474757,0.00007307821942959,0,0.009999426081776619
angle,1780514147968590261,0.000072700946475379,0,0.009999264031648636
angle,1780514148005110543,0.000072340968472417,0,0.009999467059969902
angle,1780514148040864174,0.000071980248321779,0,0.009999910369515419
angle,1780514148069392431,0.000071603033575229,0,0.009999414905905724
angle,1780514148108154527,0.000071197835495695,0,0.009999355301260948
angle,1780514148139027633,0.000070758535002824,0,0.009999419562518597
angle,1780514148167048736,0.000070284608227666,0,0.009999302215874195
angle,1780514148196239398,0.000069780435296707,0,0.009999220259487629
angle,1780514148233621973,0.000069254092522897,0,0.009999384172260761
angle,1780514148263247968,0.000068715700763278,0,0.009999163448810577
angle,1780514148293700716,0.000068175773776602,0,0.009999602101743221
angle,1780514148319737483,0.000067643690272234,0,0.009999552741646767
angle,1780514148441974542,0.000067126515205018,1,0.009999429807066917
angle,1780514150568846681,0.03505891561508179,0,0.012905748561024666
angle,1780514150595699744,0.03313115984201431,0,0.009999855421483517
angle,1780514150620932940,0.027416609227657318,0,0.009999841451644897
angle,1780514150646926520,0.019161943346261978,0,0.009999820962548256
angle,1780514150673754663,0.009820030070841312,0,0.009999874047935009
angle,1780514150708945323,0.000814599392469972,0,0.009999806061387062
angle,1780514150739751031,-0.006659782957285643,0,0.009999524801969528
angle,1780514150766809574,-0.0117776645347476,0,0.009999793022871017
angle,1780514150801173589,-0.014151166193187237,0,0.00999987032264471
angle,1780514150829802420,-0.013827336952090263,0,0.009999904781579971
angle,1780514150859395670,-0.011224009096622467,0,0.009999586269259453
angle,1780514150898303926,-0.007021911442279816,0,0.00999921839684248
angle,1780514150925346811,-0.002034059958532453,0,0.009999498724937439
angle,1780514150954390187,0.002925783162936568,0,0.009999580681324005
angle,1780514150981340743,0.007158020511269569,0,0.009999582543969154
angle,1780514151010128098,0.010160088539123535,0,0.00999970268458128
angle,1780514151045200321,0.011670832522213459,0,0.009999822825193405
angle,1780514151072358305,0.011674751527607441,0,0.009999459609389305
angle,1780514151102831865,0.010371187701821327,0,0.009999631904065609
angle,1780514151141526950,0.008117287419736385,0,0.00999965239316225
angle,1780514151169727734,0.005356566980481148,0,0.009999445639550686
angle,1780514151201036050,0.002544763032346964,0,0.009998522698879242
angle,1780514151249257135,0.000083827682828996,0,0.009999684058129787
angle,1780514151274737206,-0.001727375551126897,0,0.009999600239098072
angle,1780514151304170971,-0.002721588127315044,0,0.00999940000474453
angle,1780514151340199242,-0.002869089599698782,0,0.009999784640967846
angle,1780514151365113143,-0.002263423055410385,0,0.0099985022097826
angle,1780514151389835246,-0.001091736718080938,0,0.009999451227486134
angle,1780514151416341301,0.000404131948016584,0,0.009999550879001617
angle,1780514151452740847,0.001969059929251671,0,0.009999636560678482
angle,1780514151479501845,0.003372346051037312,0,0.009999717585742474
angle,1780514151507095011,0.004437016788870096,0,0.00999947264790535
angle,1780514151545753789,0.00505754491314292,0,0.009999388828873634
angle,1780514151571955450,0.005205139517784119,0,0.00999964028596878
angle,1780514151602162940,0.004921550862491131,0,0.00999939814209938
angle,1780514151645509383,0.004303700756281614,0,0.009999844245612621
angle,1780514151673893854,0.003482676343992352,0,0.009999348782002926
angle,1780514151703928560,0.002600625390186906,0,0.009999426081776619
angle,1780514151740371148,0.00178926473017782,0,0.009999562986195087
angle,1780514151765383170,0.001152709824964404,0,0.009999392554163933
angle,1780514151796982934,0.000756485969759524,0,0.009999646805226803
angle,1780514151824978375,0.000623465748503804,0,0.0099996542558074
angle,1780514151851760966,0.000736354733817279,0,0.009999430738389492
angle,1780514151877533724,0.001045520883053541,0,0.009999716654419899
angle,1780514151910250515,0.0014802988152951,0,0.009999644011259079
angle,1780514151945977593,0.001961794681847095,0,0.00999962817877531
angle,1780514151997096479,0.002415088005363941,0,0.009999842382967472
angle,1780514152024064618,0.002779271919280291,0,0.009999558329582214
angle,1780514152050815232,0.003014158457517624,0,0.009999516420066357
angle,1780514152080102842,0.003103171708062291,0,0.009999466128647327
angle,1780514152139475413,0.003052515676245093,0,0.009999494068324566
angle,1780514152167261954,0.00288725271821022,0,0.00999961793422699
angle,1780514152199835133,0.002645243890583515,0,0.009999627247452736
angle,1780514152225831662,0.002370101632550359,0,0.009998924098908901
angle,1780514152250049628,0.002104254206642509,0,0.009999721311032772
angle,1780514152297032855,0.001883151242509484,0,0.009999619796872139
angle,1780514152323261302,0.001731178141199052,0,0.009999096393585205
angle,1780514152347543776,0.001659710775129497,0,0.009999014437198639
angle,1780514152373326627,0.00166725367307663,0,0.009999498724937439
angle,1780514152398855277,0.001741374842822552,0,0.009999657981097698
angle,1780514152445537800,0.001861920929513872,0,0.00999947264790535
angle,1780514152471108679,0.002004895359277725,0,0.009999572299420834
angle,1780514152496050320,0.00214635138399899,0,0.009999394416809082
angle,1780514152549080507,0.002265766030177474,0,0.00999945867806673
angle,1780514152574982814,0.002348472597077489,0,0.009999518282711506
angle,1780514152601235389,0.002386942971497774,0,0.009999609552323818
angle,1780514152640129862,0.002380891935899854,0,0.009999483823776245
angle,1780514152667034894,0.002336349571123719,0,0.009999675676226616
angle,1780514152697315312,0.00226396438665688,0,0.00999980978667736
angle,1780514152743080422,0.002176880836486816,0,0.009999794885516167
angle,1780514152769166648,0.002088556997478008,0,0.009999595582485199
angle,1780514152798110470,0.002010824624449015,0,0.009999323636293411
angle,1780514152823033541,0.00195243360940367,0,0.00999987032264471
angle,1780514152848580087,0.001918237423524261,0,0.009999850764870644
angle,1780514152875607650,0.001909028505906463,0,0.009999888017773628
angle,1780514152904255159,0.001921971095725894,0,0.00999961793422699
angle,1780514152946480342,0.001951487269252539,0,0.009999779984354973
angle,1780514152973401398,0.001990409335121512,0,0.009999522008001804
angle,1780514153006296031,0.002031203359365463,0,0.009999431669712067
angle,1780514153049232593,0.002067082328721881,0,0.009999587200582027
angle,1780514153078791352,0.002092859940603375,0,0.009999358095228672
angle,1780514153104143142,0.002105469582602382,0,0.009999307803809643
angle,1780514153145211021,0.00210411031730473,0,0.00999948475509882
angle,1780514153170043868,0.002090058755129576,0,0.009999504312872887
angle,1780514153197763195,0.002066208515316248,0,0.009999622590839863
angle,1780514153224157098,0.002036448335275054,0,0.009999627247452736
angle,1780514153254565781,0.00200497847981751,0,0.009999551810324192
angle,1780514153295710862,0.001975677208974957,0,0.00999968871474266
angle,1780514153340919951,0.001951598795130849,0,0.009999437257647514
angle,1780514153368690461,0.001934651634655893,0,0.00999943632632494
angle,1780514153396384401,0.001925483345985413,0,0.00999938789755106
angle,1780514153424369403,0.001923558185808361,0,0.009999532252550125
angle,1780514153453079441,0.001927391509525478,0,0.00999931339174509
angle,1780514153495931642,0.001934885629452765,0,0.009999723173677921
angle,1780514153553048768,0.001943707931786776,0,0.009999440051615238
angle,1780514153613628652,0.001951651531271636,0,0.009999639354646206
angle,1780514153660974465,0.00195692852139473,0,0.009999508038163185
angle,1780514153713624266,0.001958366483449936,0,0.009999485686421394
angle,1780514153759040340,0.001955491956323385,0,0.009999571368098259
angle,1780514153797882386,0.001948502147570252,0,0.009999523870646954
angle,1780514153824583318,0.001938148401677608,0,0.009999810717999935
angle,1780514153853522892,0.001925555756315589,0,0.009999667294323444
angle,1780514153887678873,0.001912014209665358,0,0.009999324567615986
angle,1780514153914873852,0.001898774760775268,0,0.009999550879001617
angle,1780514153942215759,0.001886878279037774,0,0.00999973900616169
angle,1780514153968390941,0.001877037342637777,0,0.009999417699873447
angle,1780514154012153722,0.001869578962214291,0,0.009999843314290047
angle,1780514154041076228,0.001864451449364424,0,0.00999932736158371
angle,1780514154071525326,0.001861280761659145,0,0.00999948475509882
angle,1780514154106196416,0.001859467476606369,0,0.009999635629355907
angle,1780514154227313724,0.001858301577158272,1,0.009999656118452549
angle,1780514154245679864,0.001857412164099514,0,0.1311149150133133
angle,1780514154310267451,0.001856459188275039,0,0.009999535046517849
angle,1780514154360507398,0.001854760339483619,0,0.009999229572713375
angle,1780514154413240619,0.001851831329986453,0,0.009999343194067478
angle,1780514154442726481,0.001847502659074962,0,0.009999536909162998
angle,1780514154495477956,0.001841816585510969,0,0.00999979767948389
angle,1780514154521990188,0.001834994298405945,0,0.009999504312872887
angle,1780514154547008193,0.001827382599003613,0,0.009999806992709637
angle,1780514154573551580,0.001819389406591654,0,0.009999885223805904
angle,1780514154607229322,0.001811418682336807,0,0.009999190457165241
angle,1780514154646648437,0.001803815364837646,0,0.009999825619161129
angle,1780514154672378661,0.001796824508346617,0,0.00999927707016468
angle,1780514154707497763,0.001790570910088718,0,0.009999479167163372
angle,1780514154741505017,0.001785057946108282,0,0.009999566711485386
angle,1780514154767093741,0.001780183170922101,0,0.009999471716582775
angle,1780514154800123303,0.001775768119841814,0,0.00999963004142046
angle,1780514154827242129,0.001771592535078526,0,0.00999958161264658
angle,1780514154858541724,0.001767432084307075,0,0.00999957975000143
angle,1780514154884563885,0.001763090142048895,0,0.009999416768550873
angle,1780514154911031105,0.001758422004058957,0,0.009999686852097511
angle,1780514154945282303,0.001753348391503096,0,0.009999765083193779
angle,1780514154969913423,0.00174785777926445,0,0.00999955739825964
angle,1780514155000542229,0.001741999294608831,0,0.009999729692935944
angle,1780514155024490788,0.001735867117531598,0,0.009999815374612808
angle,1780514155048904610,0.001729581970721483,0,0.009999805130064487
angle,1780514155097969535,0.001723269815556705,0,0.009999735280871391
angle,1780514155123868873,0.001717043807730079,0,0.009999413974583149
angle,1780514155153115936,0.001710990094579756,0,0.009999831207096577
angle,1780514155178927966,0.001705159316770732,0,0.009999380446970463
angle,1780514155208154858,0.001699563697911799,0,0.009999620728194714
angle,1780514155240061703,0.001694181235507131,0,0.009999558329582214
angle,1780514155265707702,0.001688963151536882,0,0.0099992910400033
angle,1780514155302863724,0.001683843904174864,0,0.009999241679906845
angle,1780514155329025263,0.001678753178566694,0,0.009999576024711132
angle,1780514155354701081,0.001673626364208758,0,0.009999156929552555
angle,1780514155399051032,0.00166841282043606,0,0.009999734349548817
angle,1780514155423936360,0.001663081347942352,0,0.009999344125390053
angle,1780514155450352178,0.001657621352933347,0,0.009999454952776432
angle,1780514155477165405,0.001652042265050113,0,0.009999607689678669
angle,1780514155505852774,0.001646369462832808,0,0.00999885331839323
angle,1780514155545222146,0.001640638103708625,0,0.009999724105000496
angle,1780514155572901102,0.001634887419641018,0,0.009999632835388184
angle,1780514155601900116,0.001629154197871685,0,0.00999937579035759
angle,1780514155651949453,0.00162346800789237,0,0.009999589063227177
angle,1780514155677502639,0.00161784840747714,0,0.009999275207519531
angle,1780514155704330155,0.001612302963621914,0,0.00999952107667923
angle,1780514155741247439,0.001606828183867037,0,0.009999396279454231
angle,1780514155771986703,0.001601411495357752,0,0.009999100118875504
angle,1780514155800126407,0.001596033573150635,0,0.009999577887356281
angle,1780514155826379197,0.001590673229657114,0,0.009999405592679977
angle,1780514155851376656,0.001585309510119259,0,0.009999443776905537
angle,1780514155896145953,0.001579924835823476,0,0.009999535046517849
angle,1780514155921954360,0.001574507681652904,0,0.009999506175518036
angle,1780514155949189540,0.001569052692502737,0,0.009999437257647514
angle,1780514155974863493,0.001563561032526195,0,0.009999508038163185
angle,1780514156095985990,0.001558038988150656,1,0.009999506175518036
