name,time,value,timeout,delta_time
angle,1780569923002017990,0.00077748583862558,0,0.009999947622418404
angle,1780569923054477122,0.00076636578887701,0,0.009999887086451054
angle,1780569923104955834,0.000755261688027531,0,0.009999873116612434
angle,1780569923158661738,0.000744173768907785,0,0.00999991875141859
angle,1780569923207529738,0.000733102380763739,0,0.009999879635870457
angle,1780569923255459148,0.000722047407180071,0,0.009999898262321949
angle,1780569923304670833,0.000711008615326136,0,0.009999931789934635
angle,1780569923366462255,0.000699985772371292,0,0.009999803267419338
angle,1780569923428163958,0.000688978412654251,0,0.009999936446547508
angle,1780569923476585221,0.000677986070513725,0,0.009999994188547134
angle,1780569923530603953,0.000667008804157376,0,0.009999693371355534
angle,1780569923592905166,0.000656046264339238,0,0.009999834932386875
angle,1780569923642426863,0.000645098392851651,0,0.009999874979257584
angle,1780569923695774993,0.000634165131486952,0,0.009999847039580345
angle,1780569923745508202,0.000623246713075787,0,0.009999933652579784
angle,1780569923798878822,0.000612343428656459,0,0.009999877773225307
angle,1780569923853121867,0.000601455278228968,0,0.009999861009418964
angle,1780569923905542093,0.000590582611039281,0,0.009999878704547882
angle,1780569923959311379,0.000579725601710379,0,0.009999903850257397
angle,1780569924006776564,0.000568884483072907,0,0.009999861009418964
angle,1780569924056309051,0.000558059196919203,0,0.009999924339354038
angle,1780569924113297710,0.000547249801456928,0,0.009999964386224747
angle,1780569924165766315,0.000536456354893744,0,0.00999993085861206
angle,1780569924214590456,0.000525678740814328,0,0.00999994296580553
angle,1780569924255405974,0.00051491690101102,0,0.009999943897128105
angle,1780569924307634351,0.000504170660860837,0,0.009999903850257397
angle,1780569924367499362,0.000493440078571439,0,0.009999804198741913
angle,1780569924414877766,0.000482725008623675,0,0.009999857284128666
angle,1780569924474423013,0.000472025451017544,0,0.009999888017773628
angle,1780569924522837251,0.000461341405753046,0,0.0099998963996768
angle,1780569924585977273,0.000450672989245504,0,0.009999919682741165
angle,1780569924640798772,0.000440020259702578,0,0.009999856352806091
angle,1780569924689697797,0.000429383246228099,0,0.009999836795032024
angle,1780569924733594073,0.000418762007029727,0,0.00999987218528986
angle,1780569924788401334,0.000408156687626615,0,0.009999834932386875
angle,1780569924855187389,0.000397567317122594,0,0.009999883361160755
angle,1780569924913484822,0.000386993895517662,0,0.009999931789934635
angle,1780569924961635756,0.000376436568330973,0,0.009999783709645271
angle,1780569925037234980,0.000365895277354866,0,0.009999899193644524
angle,1780569925108553155,0.000355369935277849,0,0.0099998963996768
angle,1780569925170734698,0.000344860658515245,0,0.009999898262321949
angle,1780569925215562815,0.000334367388859391,0,0.009999863803386688
angle,1780569925264900446,0.000323890009894967,0,0.010000000707805157
angle,1780569925320557883,0.000313428725348786,0,0.009999910369515419
angle,1780569925371713850,0.000302983302390203,0,0.010000001639127731
angle,1780569925426004791,0.000292554002953693,0,0.009999889880418777
angle,1780569925483937253,0.000282140768831596,0,0.009999612346291542
angle,1780569925528877997,0.000271743512712419,0,0.009999971836805344
angle,1780569925577911112,0.000261362467426807,0,0.009999921545386314
angle,1780569925629507866,0.000250997545663267,0,0.009999900124967098
angle,1780569925695076020,0.000240648878389038,0,0.009999844245612621
angle,1780569925730665974,0.000230316436500289,0,0.009999825619161129
angle,1780569925790160296,0.000220000234548934,0,0.009999843314290047
angle,1780569925831865728,0.000209700257983059,0,0.009999939240515232
angle,1780569925884852731,0.000199416623217985,0,0.009999904781579971
angle,1780569925928512754,0.000189149242942221,0,0.009999862872064114
angle,1780569925975004675,0.000178898175363429,0,0.009999928064644337
angle,1780569926020693436,0.000168663405929692,0,0.009999946691095829
angle,1780569926072599659,0.000158444920089096,0,0.00999987218528986
angle,1780569926124629845,0.000148242819705047,0,0.009999843314290047
angle,1780569926176636602,0.000138057046569884,0,0.009999900124967098
angle,1780569926231151956,0.000127887673443183,0,0.009999815374612808
angle,1780569926274917782,0.000117734671221115,0,0.009999879635870457
angle,1780569926319071482,0.000107598098111339,0,0.009999849833548069
angle,1780569926376210795,0.000097477961389814,0,0.009999940171837807
angle,1780569926429912455,0.00008737434836803,0,0.009999888017773628
angle,1780569926499638266,0.000077287200838327,0,0.009999822825193405
angle,1780569926551599488,0.000067216577008367,0,0.009999848902225494
angle,1780569926592884712,0.00005716249870602,0,0.009999820031225681
angle,1780569926632696970,0.00004712490044767,0,0.009999968111515045
angle,1780569926675709935,0.000037103913200554,0,0.009999829344451427
angle,1780569926725919057,0.000027099447834189,0,0.009999951347708702
angle,1780569926776608020,0.000017111598936026,0,0.00999994482845068
angle,1780569926826043485,0.000007140326943045,0,0.009999741800129414
angle,1780569926876590866,-0.00000281430538962,0,0.009999853558838367
angle,1780569926927521601,-0.0000127523098854,0,0.009999901056289673
angle,1780569926976869770,-0.00002267361014674,0,0.009999913163483143
angle,1780569927026868386,-0.000032578209356871,0,0.00999980978667736
angle,1780569927095045112,-0.000042466137529118,0,0.009999924339354038
angle,1780569927143345696,-0.000052337363740662,0,0.009999915957450867
angle,1780569927193515347,-0.000062191844335757,0,0.009999868459999561
angle,1780569927247602908,-0.000072029644798022,0,0.009999905712902546
angle,1780569927301853887,-0.000081850666902028,0,0.009999925270676613
angle,1780569927352557253,-0.000091654961579479,0,0.009999945759773254
angle,1780569927391671705,-0.000101442434242927,0,0.009999916888773441
angle,1780569927434908598,-0.000111213135824073,0,0.009999887086451054
angle,1780569927490914716,-0.000120966993563343,0,0.009999857284128666
angle,1780569927546396865,-0.000130703992908821,0,0.00999983586370945
angle,1780569927605521979,-0.000140424148412421,0,0.009999850764870644
angle,1780569927687964554,-0.000150127394590527,0,0.009999897330999374
angle,1780569927747119703,-0.000159813731443137,0,0.009999955072999
angle,1780569927788713855,-0.000169483086210676,0,0.009999810717999935
angle,1780569927834576541,-0.000179135487996973,0,0.009999874979257584
angle,1780569927885582403,-0.00018877096590586,0,0.009999829344451427
angle,1780569927937790044,-0.000198389563593082,0,0.009999948553740978
angle,1780569928006792234,-0.000207991208299063,0,0.009999983943998814
angle,1780569928056971091,-0.000217575856368057,0,0.009999947622418404
angle,1780569928103862662,-0.00022714349324815,0,0.009999909438192844
angle,1780569928165609252,-0.000236694177147001,0,0.009999877773225307
angle,1780569928223900268,-0.000246227922616526,0,0.010000012814998627
angle,1780569928286932622,-0.000255744555033743,0,0.009999842382967472
angle,1780569928343944821,-0.000265244103502482,0,0.00999988429248333
angle,1780569928403100776,-0.000274729507509619,0,0.010002801194787025
angle,1780569928462845306,-0.000284194858977571,0,0.009999789297580719
angle,1780569928514163307,-0.000293643126497045,0,0.009999925270676613
angle,1780569928567940570,-0.000303074193652719,0,0.009999905712902546
angle,1780569928625214392,-0.000312488147756085,0,0.00999994482845068
angle,1780569928675793482,-0.00032188487239182,0,0.009999851696193218
angle,1780569928737653754,-0.000331264483975247,0,0.009999883361160755
angle,1780569928793817710,-0.000340626953402534,0,0.009999905712902546
angle,1780569928833037303,-0.000349972164258361,0,0.009999783709645271
angle,1780569928885088091,-0.000359300232958049,0,0.009999923408031464
angle,1780569928937774534,-0.000371158064808697,0,0.012736222706735134
angle,1780569929003414165,-0.000380455516278744,0,0.009999876841902733
angle,1780569929061068245,-0.00038973506889306,0,0.009999831207096577
angle,1780569929129152329,-0.00039899576222524,0,0.009999951347708702
angle,1780569929181692181,-0.000408236781368032,0,0.009999721311032772
angle,1780569929236289999,-0.000417457922594622,0,0.009999917820096016
angle,1780569929286005818,-0.000426659360527992,0,0.009999865666031837
angle,1780569929352172926,-0.000435841473517939,0,0.009999844245612621
angle,1780569929410988031,-0.000445005018264055,0,0.00999999325722456
angle,1780569929461165812,-0.000454150693258271,0,0.009999892674386501
angle,1780569929541038297,-0.000463279255200177,0,0.009999752044677734
angle,1780569929589338863,-0.000472391344374046,0,0.009999897330999374
angle,1780569929643981624,-0.000481487310025841,0,0.009999836795032024
angle,1780569929704512559,-0.000490567355882376,0,0.009999943897128105
angle,1780569929763845522,-0.000499631452839822,0,0.00999979954212904
angle,1780569929821728694,-0.000508679251652211,0,0.009999902918934822
angle,1780569929893590716,-0.000517710403073579,0,0.009999859146773815
angle,1780569929954697409,-0.00052672455785796,0,0.009999875910580158
angle,1780569930016523753,-0.000535721133928746,0,0.009999915957450867
angle,1780569930073836426,-0.00054469978203997,0,0.00999984610825777
angle,1780569930137063801,-0.000553660269360989,0,0.009999901056289673
angle,1780569930205941513,-0.000562602537684143,0,0.009999903850257397
angle,1780569930262980076,-0.000571526528801769,0,0.009999902918934822
angle,1780569930335564337,-0.00058043230092153,0,0.009999841451644897
angle,1780569930385087325,-0.000589320028666407,0,0.009999901987612247
angle,1780569930443560593,-0.000598190061282367,0,0.009999864734709263
angle,1780569930505187368,-0.00060704251518473,0,0.00999987218528986
angle,1780569930563853724,-0.000615877739619464,0,0.009999921545386314
angle,1780569930618680850,-0.000624695676378906,0,0.009999879635870457
angle,1780569930683242992,-0.000633496441878378,0,0.009999891743063927
angle,1780569930746149510,-0.000642280036117882,0,0.009999864734709263
angle,1780569930800765864,-0.000651046517305076,0,0.009999899193644524
angle,1780569930862943448,-0.000659795594401658,0,0.009999844245612621
angle,1780569930924201963,-0.000668527209199965,0,0.009999879635870457
angle,1780569931004532742,-0.000691088440362364,0,0.02585776336491108
angle,1780569931071898788,-0.000699847820214927,0,0.009999878704547882
angle,1780569931133141188,-0.000708578212652355,0,0.009999824687838554
angle,1780569931199100989,-0.000717269896995276,0,0.00999983586370945
angle,1780569931254892444,-0.000725916936062276,0,0.009999928995966911
angle,1780569931318124611,-0.000734518282115459,0,0.009999159723520279
angle,1780569931378115442,-0.000743077078368515,0,0.009999577887356281
angle,1780569931437690324,-0.000751599262002856,0,0.009999360889196396
angle,1780569931518283388,-0.000760092691052705,0,0.009999132715165615
angle,1780569931581254147,-0.000768565980251878,0,0.009999681264162064
angle,1780569931656168312,-0.00077702640555799,0,0.009999354369938374
angle,1780569931729073768,-0.000785480136983097,0,0.009999221190810204
angle,1780569931796506069,-0.000793930725194514,0,0.009999839588999748
angle,1780569931865457461,-0.000802402384579182,0,0.010026375763118267
angle,1780569931942040794,-0.000810847617685795,0,0.00999985821545124
angle,1780569932023091635,-0.000819286273326725,0,0.009999522008001804
angle,1780569932097091602,-0.000827714044135064,0,0.009999681264162064
angle,1780569932155143963,-0.0008361263317056,0,0.00999943632632494
angle,1780569932217914649,-0.000844518537633121,0,0.009999440051615238
angle,1780569932277583811,-0.000852887285873294,0,0.009999659843742847
angle,1780569932353484222,-0.000861230189912021,0,0.009999788366258144
angle,1780569932422271985,-0.000869546667672694,0,0.009999467991292477
angle,1780569932496214705,-0.000877836951985955,0,0.009999817237257957
angle,1780569932555544231,-0.000886102905496955,0,0.00999949686229229
angle,1780569932620131198,-0.000894346798304468,0,0.009999435395002365
angle,1780569932702948787,-0.000902571191545576,0,0.009999253787100315
angle,1780569932768242003,-0.000910778471734375,0,0.009999589994549751
angle,1780569932859947850,-0.000918970617931336,0,0.009999495930969715
angle,1780569932927454063,-0.000927149201743305,0,0.009998329915106297
angle,1780569933000233789,-0.000935314397793263,0,0.009998910129070282
angle,1780569933075567572,-0.000943466264288872,0,0.009999411180615425
angle,1780569933130230746,-0.000951603928115219,0,0.00999899860471487
angle,1780569933195466525,-0.000959726166911423,0,0.009999505244195461
angle,1780569933260549724,-0.000967831700108945,0,0.009999571368098259
angle,1780569933320546872,-0.000975919072516263,0,0.009999736212193966
angle,1780569933380132674,-0.000983987003564835,0,0.009999329224228859
angle,1780569933441779573,-0.000992035027593374,0,0.009999540634453297
angle,1780569933490326988,-0.001000062562525272,0,0.009998494759202003
angle,1780569933562038521,-0.001008069608360529,0,0.009999445639550686
angle,1780569933631674736,-0.001016056397929788,0,0.009999459609389305
angle,1780569933687262883,-0.001024023978970945,0,0.009999880567193031
angle,1780569933742141802,-0.001031972584314644,0,0.00999980978667736
angle,1780569933801642014,-0.001039903378114104,0,0.009999587200582027
angle,1780569933863849408,-0.001047816826030612,0,0.00999928917735815
angle,1780569933926307945,-0.001055713510140777,0,0.009999511763453484
angle,1780569933991651853,-0.00106359354685992,0,0.009998966939747334
angle,1780569934062707864,-0.001071457052603364,0,0.009999574162065983
angle,1780569934141458639,-0.001079303561709821,0,0.009999075904488564
angle,1780569934206278545,-0.001087142270989716,0,0.009965814650058746
angle,1780569934267061790,-0.001094951294362545,0,0.009999684989452362
angle,1780569934318797595,-0.00110273773316294,0,0.009999671950936317
angle,1780569934390566090,-0.001110502635128796,0,0.009999064728617668
angle,1780569934459698114,-0.001118247862905264,0,0.009999524801969528
angle,1780569934526596072,-0.00112597516272217,0,0.009999551810324192
angle,1780569934576911404,-0.001133685698732734,0,0.009999428875744343
angle,1780569934632238030,-0.00114138051867485,0,0.009999558329582214
angle,1780569934696992002,-0.001149060321040452,0,0.009999516420066357
angle,1780569934752237799,-0.001156724872998893,0,0.009999341331422329
angle,1780569934810189251,-0.001164374058134854,0,0.009999282658100128
angle,1780569934892242199,-0.00117200706154108,0,0.009999599307775497
angle,1780569934956220332,-0.001179623184725642,0,0.009999047964811325
angle,1780569935014958136,-0.001187221379950643,0,0.009999608621001244
angle,1780569935072814963,-0.001194800832308829,0,0.009999546222388744
angle,1780569935126544178,-0.001202360726892948,0,0.009999049827456474
angle,1780569935186965442,-0.001209900947287679,0,0.009998616762459278
angle,1780569935254506860,-0.001217421260662377,0,0.009999155066907406
angle,1780569935318330144,-0.001224921899847686,0,0.009998065419495106
angle,1780569935379259190,-0.001232402981258929,0,0.009999381378293037
angle,1780569935448308991,-0.001239865086972713,0,0.009999316185712814
angle,1780569935526570856,-0.001247308915480971,0,0.009999565780162811
angle,1780569935610548528,-0.001254734816029668,0,0.00999904703348875
angle,1780569935686319671,-0.001262143370695412,0,0.009999248199164867
angle,1780569935781327466,-0.001269534812308848,0,0.009999483823776245
angle,1780569935866451923,-0.001276909257285297,0,0.009999258443713188
angle,1780569935932758925,-0.001284266589209437,0,0.009997610002756119
angle,1780569935996869452,-0.001294307061471045,0,0.013681340031325817
angle,1780569936076966625,-0.001301632029935718,0,0.00999976322054863
angle,1780569936150068222,-0.001308938139118254,0,0.009999267756938934
angle,1780569936220787443,-0.001316223992034793,0,0.009999377653002739
angle,1780569936285168157,-0.001323488540947437,0,0.009998573921620846
angle,1780569936362578753,-0.001330731553025544,0,0.009998644702136517
angle,1780569936441544126,-0.00133795291185379,0,0.009999874047935009
angle,1780569936501990632,-0.001345153315924108,0,0.009998906403779984
angle,1780569936566393202,-0.001352333812974393,0,0.00999858696013689
angle,1780569936623700207,-0.001359495450742543,0,0.00999938603490591
angle,1780569936690106679,-0.001366639044135809,0,0.009999319911003113
angle,1780569936748541924,-0.00137376575730741,0,0.009999291971325874
angle,1780569936810955412,-0.001380875939503312,0,0.009999407455325127
angle,1780569936867152667,-0.00138796993996948,0,0.009999494068324566
angle,1780569936928702773,-0.001395047758705914,0,0.009999117814004421
angle,1780569936991241006,-0.00140210916288197,0,0.009999471716582775
angle,1780569937047549195,-0.001409153337590396,0,0.009999452158808708
angle,1780569937109325349,-0.001416179933585227,0,0.009998969733715057
angle,1780569937170205848,-0.00142318825237453,0,0.00999916810542345
angle,1780569937229128839,-0.001430177711881697,0,0.009999481961131096
angle,1780569937292776768,-0.001437149243429303,0,0.010000849142670631
angle,1780569937344937132,-0.001444100285880268,0,0.009999539703130722
angle,1780569937407501139,-0.001451031886972487,0,0.009999632835388184
angle,1780569937469476235,-0.001457944279536605,0,0.00999932736158371
angle,1780569937528278450,-0.001464837929233909,0,0.009999511763453484
angle,1780569937593508769,-0.001471713068895042,0,0.009999304078519344
angle,1780569937668038233,-0.00147857004776597,0,0.00999925285577774
angle,1780569937734871089,-0.001485408982262015,0,0.009999562054872513
angle,1780569937798841843,-0.001492230221629143,0,0.009999571368098259
angle,1780569937864031563,-0.001499033882282674,0,0.009999674744904041
angle,1780569937931154555,-0.00150581996422261,0,0.009999305009841919
angle,1780569938001805105,-0.00151258846744895,0,0.009998990222811699
angle,1780569938079577351,-0.001519339042715728,0,0.009999380446970463
angle,1780569938133176618,-0.001526071690022945,0,0.009999072179198265
angle,1780569938197825333,-0.001532785943709314,0,0.00999907311052084
angle,1780569938266306213,-0.001539481920190156,0,0.009999426081776619
angle,1780569938338074820,-0.001546159153804183,0,0.00999956764280796
angle,1780569938413405706,-0.00155281787738204,0,0.009999729692935944
angle,1780569938495083700,-0.001559457974508405,0,0.009999468922615051
angle,1780569938544577398,-0.001566079678013921,0,0.009999414905905724
angle,1780569938602177168,-0.001572682987898588,0,0.00999938603490591
angle,1780569938667382107,-0.001579268020577729,0,0.009999469853937626
angle,1780569938720727080,-0.001585835008881986,0,0.009999589063227177
angle,1780569938788360795,-0.001592383719980717,0,0.009999707341194153
angle,1780569938843331857,-0.001598914503119886,0,0.009998797439038754
angle,1780569938904037833,-0.00160542712546885,0,0.009999440982937813
angle,1780569938975075203,-0.001611921587027609,0,0.009999105706810951
angle,1780569939027525582,-0.001618398004211485,0,0.009999415837228298
angle,1780569939087299772,-0.001624856260605156,0,0.009998086839914322
angle,1780569939141240434,-0.001631296123377979,0,0.009999698959290981
angle,1780569939209840689,-0.001637717825360596,0,0.009999585337936878
angle,1780569939267162988,-0.001644121017307043,0,0.009998995810747147
angle,1780569939321171956,-0.001650506048463285,0,0.009999120607972145
angle,1780569939381600439,-0.001656872685998678,0,0.00999950896948576
angle,1780569939445123463,-0.001663220929913223,0,0.009999343194067478
angle,1780569939502783119,-0.001669551129452884,0,0.009999223053455353
angle,1780569939572550911,-0.001675863168202341,0,0.009999513626098633
angle,1780569939644299711,-0.00168215692974627,0,0.009999629110097885
angle,1780569939727622385,-0.001688432763330638,0,0.009999039582908154
angle,1780569939779819700,-0.00169469031970948,0,0.009998714551329613
angle,1780569939844171379,-0.001700929715298116,0,0.009999492205679417
angle,1780569939898227836,-0.001707150833681226,0,0.009998845867812634
angle,1780569939967646265,-0.00171335379127413,0,0.009999529458582401
angle,1780569940039124734,-0.001719538471661508,0,0.009999509900808334
angle,1780569940101983998,-0.001725704991258681,0,0.009999730624258518
angle,1780569940208879713,-0.001731853350065649,0,0.009999733418226242
angle,1780569940307972606,-0.001739188563078642,0,0.011966424994170666
angle,1780569940374671742,-0.001745300716720521,0,0.009999600239098072
angle,1780569940439914099,-0.001751394127495587,0,0.009998965077102184
angle,1780569940507059025,-0.001757468678988516,0,0.009999559260904789
angle,1780569940571605049,-0.001763523905538023,0,0.009999281726777554
angle,1780569940661877650,-0.001769559690728784,0,0.009999347850680351
angle,1780569940721026736,-0.001775576267391443,0,0.009999438188970089
angle,1780569940816381215,-0.001781573868356645,0,0.009999102912843227
angle,1780569940884232968,-0.001787552842870355,0,0.009999514557421207
angle,1780569940936835534,-0.001793513307347894,0,0.009999397210776806
angle,1780569941002556538,-0.001799455960281193,0,0.009999357163906097
angle,1780569941079576010,-0.001805380801670253,0,0.009999635629355907
angle,1780569941143406076,-0.001811288064345717,0,0.009999842382967472
angle,1780569941228467930,-0.001817177864722908,0,0.009999620728194714
angle,1780569941291912341,-0.001823050086386502,0,0.009999864734709263
angle,1780569941358437669,-0.001828904962167144,0,0.009999941103160381
angle,1780569941421748848,-0.001834741909988225,0,0.009999792091548443
angle,1780569941484592083,-0.001840560929849744,0,0.0099998340010643
angle,1780569941541454923,-0.00184685958083719,0,0.010858568362891674
angle,1780569941610556208,-0.001852641813457012,0,0.009999742731451988
angle,1780569941678030079,-0.001858405419625342,0,0.009999403730034828
angle,1780569941745852910,-0.001864150282926857,0,0.009999002330005169
angle,1780569941817152609,-0.001869875937700272,0,0.009999520145356655
angle,1780569941895133604,-0.001875582616776228,0,0.009999522008001804
angle,1780569941961236287,-0.001881270669400692,0,0.009999568574130535
angle,1780569942021188298,-0.00188693986274302,0,0.009998895227909088
angle,1780569942084568377,-0.001892590895295143,0,0.009999021887779236
angle,1780569942142685380,-0.001898223650641739,0,0.009999116882681847
angle,1780569942213901884,-0.001903838478028774,0,0.009999333880841732
angle,1780569942277869288,-0.001909435610286891,0,0.009999517351388931
angle,1780569942349799669,-0.001915015163831413,0,0.009999534115195274
angle,1780569942404880422,-0.001920577138662338,0,0.009999185800552368
angle,1780569942465748450,-0.001926121301949024,0,0.009999197907745838
angle,1780569942522756741,-0.001931647770106792,0,0.009999322704970837
angle,1780569942577926129,-0.001937156310304999,0,0.00999915786087513
angle,1780569942639961368,-0.001942646689713001,0,0.00999974925071001
angle,1780569942702913905,-0.001948118908330798,0,0.00999942235648632
angle,1780569942765560654,-0.00195357296615839,0,0.009999360889196396
angle,1780569942829087482,-0.001959008630365133,0,0.009999465197324753
angle,1780569942906868529,-0.001964425900951028,0,0.009999340400099754
angle,1780569942975994190,-0.001969825243577361,0,0.009999045170843601
angle,1780569943029053862,-0.001975205959752202,0,0.00999865960329771
angle,1780569943089935636,-0.001980568747967482,0,0.009999435395002365
angle,1780569943147523151,-0.001985913142561913,0,0.009999551810324192
angle,1780569943208631632,-0.001991239609196782,0,0.009999426081776619
angle,1780569943269836395,-0.00199654814787209,0,0.009999508038163185
angle,1780569943342001574,-0.002001838758587837,0,0.009999308735132217
angle,1780569943393543605,-0.002007111441344023,0,0.009999316185712814
angle,1780569943453513063,-0.002012366428971291,0,0.009999142959713936
angle,1780569943509449423,-0.002017603488638997,0,0.00999907311052084
angle,1780569943583117960,-0.002022822387516499,0,0.009999039582908154
angle,1780569943654140297,-0.002028023591265082,0,0.009999607689678669
angle,1780569943730251829,-0.002033206634223461,0,0.009999367408454418
angle,1780569943785739838,-0.002038371516391635,0,0.00999915786087513
angle,1780569943845816673,-0.002043518470600247,0,0.009999857284128666
angle,1780569943923245806,-0.002048647264018655,0,0.009998653084039688
angle,1780569943990088254,-0.002053758129477501,0,0.009999582543969154
angle,1780569944059816189,-0.002058850834146142,0,0.00999920628964901
angle,1780569944120967532,-0.002063925610855222,0,0.009999316185712814
angle,1780569944191230830,-0.002068982226774096,0,0.009999322704970837
angle,1780569944265735053,-0.002074021147564054,0,0.009998725727200508
angle,1780569944337860606,-0.002079042140394449,0,0.009999682195484638
angle,1780569944404220860,-0.002084045205265284,0,0.009999784640967846
angle,1780569944468810151,-0.002089030342176557,0,0.009999200701713562
angle,1780569944528340515,-0.002093997783958912,0,0.00999954529106617
angle,1780569944593572841,-0.002098947297781706,0,0.009999281726777554
angle,1780569944651798401,-0.002103878883644938,0,0.009999322704970837
angle,1780569944711207992,-0.00210879254154861,0,0.009999355301260948
angle,1780569944764394663,-0.00211368827149272,0,0.009999405592679977
angle,1780569944823036345,-0.002118565840646625,0,0.00999937579035759
angle,1780569944888714835,-0.002123425714671612,0,0.009999480098485947
angle,1780569944939277057,-0.002128267660737038,0,0.009999697096645832
angle,1780569944996727732,-0.002133091678842902,0,0.009999385103583336
angle,1780569945093883863,-0.002137898001819849,0,0.009999427944421768
angle,1780569945159544311,-0.002142686629667878,0,0.009999438188970089
angle,1780569945218631099,-0.002147457096725702,0,0.00999948475509882
angle,1780569945272551679,-0.002152209868654609,0,0.009999459609389305
angle,1780569945330763169,-0.002156944712623954,0,0.009999418631196022
angle,1780569945389277982,-0.002161661861464381,0,0.009999243542551994
angle,1780569945448304873,-0.002166361082345247,0,0.009999682195484638
angle,1780569945507187172,-0.002171042608097196,0,0.009998705238103867
angle,1780569945566248672,-0.002175705973058939,0,0.009999386966228485
angle,1780569945624225799,-0.002180351875722408,0,0.009999213740229607
angle,1780569945689165154,-0.002184979617595673,0,0.009999385103583336
angle,1780569945788169955,-0.002189589664340019,0,0.009999513626098633
angle,1780569945857521609,-0.002194182015955448,0,0.009999607689678669
angle,1780569945934888924,-0.002198756672441959,0,0.009999251924455166
angle,1780569946019741399,-0.002203313400968909,0,0.00999931339174509
angle,1780569946096202997,-0.002207852667197585,0,0.009999437257647514
angle,1780569946148558735,-0.0022123740054667,0,0.009998711757361889
angle,1780569946208868772,-0.002216877648606896,0,0.009999768808484077
angle,1780569946292345420,-0.002221363829448819,0,0.009999357163906097
angle,1780569946388103901,-0.002225832082331181,0,0.009999374859035015
angle,1780569946459334864,-0.002230282640084624,0,0.00999956764280796
angle,1780569946522085331,-0.002234715269878507,0,0.009999376721680164
angle,1780569946584258037,-0.002239130437374115,0,0.009998355060815811
angle,1780569946659269396,-0.002243527909740806,0,0.00999950710684061
angle,1780569946717252138,-0.002247907686978579,0,0.009999516420066357
angle,1780569946775921983,-0.002252269769087434,0,0.009999132715165615
angle,1780569946832950055,-0.002256613923236728,0,0.009999576024711132
angle,1780569946894301933,-0.002260940615087748,0,0.009999504312872887
angle,1780569946951213507,-0.002265249844640493,0,0.009999249130487442
angle,1780569947032726529,-0.002269541146233678,0,0.009999565780162811
angle,1780569947097351473,-0.002273814985528588,0,0.00999982375651598
angle,1780569947181107892,-0.002278071362525225,0,0.009999597445130348
angle,1780569947246757840,-0.002282310277223587,0,0.009999558329582214
angle,1780569947311997639,-0.002286531729623675,0,0.009999540634453297
angle,1780569947376398050,-0.002290735486894846,0,0.009999038651585579
angle,1780569947429262005,-0.002294921549037099,0,0.009998907335102558
angle,1780569947483678085,-0.002299090148881078,0,0.009999412111938
angle,1780569947544503999,-0.002303241053596139,0,0.00999938603490591
angle,1780569947628166076,-0.002307374263182282,0,0.009999212808907032
angle,1780569947697036374,-0.002311490010470152,0,0.009999719448387623
angle,1780569947760265968,-0.002315588062629104,0,0.009999641217291355
angle,1780569947843309953,-0.002319668652489781,0,0.009999508038163185
angle,1780569947901556448,-0.002323731780052185,0,0.009998805820941925
angle,1780569947987107717,-0.002327777445316315,0,0.009999251924455166
angle,1780569948044623996,-0.00233180564828217,0,0.009999223053455353
angle,1780569948126810813,-0.002335816388949752,0,0.009999413043260574
angle,1780569948194172740,-0.002339809434488416,0,0.00999924261122942
angle,1780569948265271620,-0.002343785250559449,0,0.0099991075694561
angle,1780569948334481925,-0.002347756177186966,0,0.010031689889729023
angle,1780569948405830985,-0.002351697068661451,0,0.009998651221394539
angle,1780569948465466471,-0.002355620730668306,0,0.009999614208936691
angle,1780569948528644901,-0.002359526697546244,0,0.009999478235840797
angle,1780569948621249411,-0.002363415202125907,0,0.009999699890613556
angle,1780569948686903123,-0.00236728647723794,0,0.009999353438615799
angle,1780569948751844568,-0.002371140290051699,0,0.009999053552746773
angle,1780569948809850111,-0.002374976873397827,0,0.009999625384807587
angle,1780569948864287921,-0.002378795994445682,0,0.009999312460422516
angle,1780569948930918833,-0.002382597886025906,0,0.009999671019613743
angle,1780569948993195411,-0.002386382315307856,0,0.0099994707852602
angle,1780569949053198247,-0.002390149515122175,0,0.009999281726777554
angle,1780569949124255033,-0.002393899485468864,0,0.009998963214457035
angle,1780569949192635388,-0.00239763199351728,0,0.009999730624258518
angle,1780569949262179417,-0.002401347272098064,0,0.009999205358326435
angle,1780569949337574961,-0.002405045088380575,0,0.009999227710068226
angle,1780569949399214398,-0.002408725908026099,0,0.009999609552323818
angle,1780569949464928494,-0.002412389265373349,0,0.009999368339776993
angle,1780569949533882514,-0.002416035393252969,0,0.009999493137001991
angle,1780569949593222714,-0.002419664291664958,0,0.009998771362006664
angle,1780569949670066624,-0.002423275727778673,0,0.009999427013099194
angle,1780569949761451983,-0.002426870167255402,0,0.009999432601034641
angle,1780569949845781929,-0.0024304473772645,0,0.00999910943210125
angle,1780569949911954138,-0.002434007357805967,0,0.009999576956033707
angle,1780569949975374989,-0.002437550108879805,0,0.009999239817261696
angle,1780569950037128958,-0.002441075863316655,0,0.009999374859035015
angle,1780569950100101414,-0.002444584388285875,0,0.009999943897128105
angle,1780569950158305881,-0.002448075683787465,0,0.009999505244195461
angle,1780569950218694348,-0.002451549982652068,0,0.00999957975000143
angle,1780569950293972753,-0.002455007284879684,0,0.00999904703348875
angle,1780569950361518542,-0.002458447590470314,0,0.009999525733292103
angle,1780569950423351918,-0.002461870666593313,0,0.009999505244195461
angle,1780569950481219051,-0.002465276513248682,0,0.009999360889196396
angle,1780569950536838529,-0.002468665596097708,0,0.009999423287808895
angle,1780569950579775252,-0.002472037216648459,0,0.00999954342842102
angle,1780569950636376340,-0.002475391840562224,0,0.009998808614909649
angle,1780569950687626947,-0.002478729700669646,0,0.00999916810542345
angle,1780569950746692795,-0.002482050098478794,0,0.009999091736972332
angle,1780569950805755940,-0.002485353499650955,0,0.009999832138419151
angle,1780569950869030335,-0.00248863990418613,0,0.009999481029808521
angle,1780569950927118116,-0.002491909312084317,0,0.009999606758356094
angle,1780569950993069686,-0.002495161956176162,0,0.009999129921197891
angle,1780569951042603415,-0.00249839760363102,0,0.009999355301260948
angle,1780569951108806992,-0.002501616254448891,0,0.009999510832130909
angle,1780569951187143538,-0.002504818141460419,0,0.009999126195907593
angle,1780569951256014868,-0.00250800303183496,0,0.009999498724937439
angle,1780569951328973467,-0.002511171158403158,0,0.00999938789755106
angle,1780569951387546891,-0.00251432228833437,0,0.00999950710684061
angle,1780569951441936792,-0.002517456654459238,0,0.009999444708228111
angle,1780569951495662730,-0.00252057402394712,0,0.009999841451644897
angle,1780569951571640384,-0.002523674396798015,0,0.009999831207096577
angle,1780569951658962628,-0.00252675823867321,0,0.009999079629778862
angle,1780569951744538639,-0.002529825083911419,0,0.009999661706387997
angle,1780569951829071718,-0.002532874932512641,0,0.009999370202422142
angle,1780569951892181531,-0.002535908250138164,0,0.00999950710684061
angle,1780569951956685081,-0.002538924571126699,0,0.009999399073421955
angle,1780569952019318853,-0.002541924128308892,0,0.009999644011259079
angle,1780569952086948798,-0.002544906921684742,0,0.009999355301260948
angle,1780569952150696308,-0.002547872951254249,0,0.009999681264162064
angle,1780569952228157279,-0.002550822217017412,0,0.009999467991292477
angle,1780569952301898490,-0.002553754951804876,0,0.00999919418245554
angle,1780569952367631160,-0.002556670689955354,0,0.009998939000070095
angle,1780569952440987035,-0.002559570129960775,0,0.009999437257647514
angle,1780569952513673891,-0.00256245257332921,0,0.0099994707852602
angle,1780569952575843184,-0.002565318252891302,0,0.009999223984777927
angle,1780569952634580374,-0.002568167401477695,0,0.009999348782002926
angle,1780569952702379008,-0.002570999786257744,0,0.00999968871474266
angle,1780569952775360841,-0.002573815640062094,0,0.009998599998652935
angle,1780569952837192914,-0.002576614962890744,0,0.009999381378293037
angle,1780569952901641164,-0.002579397521913052,0,0.009998941794037819
angle,1780569952970106614,-0.00258216354995966,0,0.009999594651162624
angle,1780569953019949370,-0.002584913047030568,0,0.009999476373195648
angle,1780569953093685842,-0.002587646013125777,0,0.009999425150454044
angle,1780569953148515261,-0.002590362215414643,0,0.00999962817877531
angle,1780569953221137595,-0.002593062119558454,0,0.009999129921197891
angle,1780569953280979325,-0.002595745725557208,0,0.009999452158808708
angle,1780569953344804389,-0.002598412567749619,0,0.009999092668294907
angle,1780569953437401924,-0.002601063111796975,0,0.009999330155551434
angle,1780569953498725141,-0.002603697124868631,0,0.009999494068324566
angle,1780569953563983731,-0.002606314606964588,0,0.009999409317970276
angle,1780569953638037363,-0.002608915558084846,0,0.009999246336519718
angle,1780569953706218055,-0.002611500211060047,0,0.00999977346509695
angle,1780569953773804732,-0.002614068565890193,0,0.009999625384807587
angle,1780569953841734660,-0.002616620389744639,0,0.009999599307775497
angle,1780569953914914556,-0.00261915591545403,0,0.009999530389904976
angle,1780569953995252371,-0.002621674910187721,0,0.00999986007809639
angle,1780569954059653516,-0.002624177606776357,0,0.009999354369938374
angle,1780569954140900473,-0.00262666423805058,0,0.009999584406614304
angle,1780569954206565196,-0.002629134338349104,0,0.00999963004142046
angle,1780569954281987506,-0.002631588140502572,0,0.00999969057738781
angle,1780569954334727097,-0.002634025877341628,0,0.009999662637710571
angle,1780569954396515030,-0.002636447083204985,0,0.009999101981520653
angle,1780569954470187311,-0.002638852223753929,0,0.009999405592679977
angle,1780569954547561883,-0.002641240833327174,0,0.009999421425163746
angle,1780569954618863788,-0.002643613144755363,0,0.00999954529106617
angle,1780569954687091109,-0.002645969390869141,0,0.009999209083616734
angle,1780569954768307385,-0.002648309338837862,0,0.00999942421913147
angle,1780569954828316165,-0.002650632988661528,0,0.009999483823776245
angle,1780569954913104615,-0.002652940573170781,0,0.009999494068324566
angle,1780569954970129247,-0.002655231859534979,0,0.009999443776905537
angle,1780569955024318108,-0.002657507313415408,0,0.00999931339174509
angle,1780569955089143893,-0.002659766469150782,0,0.009998993948101997
angle,1780569955150977492,-0.002662009559571743,0,0.009999267756938934
angle,1780569955216998858,-0.002664236584678292,0,0.009998426772654057
angle,1780569955275243282,-0.002666447777301073,0,0.009999425150454044
angle,1780569955329789469,-0.002668642438948154,0,0.00999960396438837
angle,1780569955385085894,-0.002670821268111467,0,0.009999322704970837
angle,1780569955455023708,-0.002672984031960368,0,0.009999645873904228
angle,1780569955515220872,-0.002675130730494857,0,0.00999939814209938
angle,1780569955572336458,-0.002677261596545577,0,0.009999438188970089
angle,1780569955630527245,-0.002679376630112529,0,0.009999566711485386
angle,1780569955690169364,-0.002681475365534425,0,0.00999948289245367
angle,1780569955760522868,-0.002683558501303196,0,0.009999305941164494
angle,1780569955845018888,-0.002685625571757555,0,0.009999209083616734
angle,1780569955916962753,-0.002687676809728146,0,0.009999364614486694
angle,1780569955978997473,-0.002689711982384324,0,0.009999310597777367
angle,1780569956063202685,-0.002691731322556734,0,0.00999955739825964
angle,1780569956134903104,-0.002693734830245376,0,0.009999595582485199
angle,1780569956207777172,-0.002695722505450249,0,0.009998681023716927
angle,1780569956302352635,-0.00269769411534071,0,0.009999562986195087
angle,1780569956380061429,-0.002699650125578046,0,0.009999553672969341
angle,1780569956428024613,-0.00270159007050097,0,0.009999576956033707
angle,1780569956500518310,-0.002703514415770769,0,0.009999868459999561
angle,1780569956554020994,-0.0027054229285568,0,0.00999880488961935
angle,1780569956610456682,-0.002707315841689706,0,0.009999526664614677
angle,1780569956668169139,-0.002709192922338843,0,0.009999736212193966
angle,1780569956740292197,-0.002711054403334856,0,0.00999937579035759
angle,1780569956795720560,-0.002712900284677744,0,0.009998640976846218
angle,1780569956848740939,-0.002714730333536863,0,0.009999539703130722
angle,1780569956919522075,-0.002716544782742858,0,0.009999007917940617
angle,1780569956998845200,-0.002718343632295728,0,0.00999879278242588
angle,1780569957066107660,-0.002720126649364829,0,0.009999211877584457
angle,1780569957119266241,-0.002721893833950162,0,0.009999386966228485
angle,1780569957179670094,-0.002723645651713014,0,0.009999607689678669
angle,1780569957244151654,-0.002725381636992097,0,0.00999930314719677
angle,1780569957298684017,-0.002727102255448699,0,0.009999323636293411
angle,1780569957361041512,-0.002728807274252176,0,0.009999706409871578
angle,1780569957419568154,-0.002730496926233172,0,0.009999385103583336
angle,1780569957478250357,-0.002732170978561044,0,0.009999453090131283
angle,1780569957547115929,-0.002733829896897078,0,0.009999467991292477
angle,1780569957595861661,-0.002735473215579987,0,0.00999945867806673
angle,1780569957669799447,-0.002737101167440414,0,0.009999256581068039
angle,1780569957732303030,-0.002738713519647717,0,0.009999264031648636
angle,1780569957823545562,-0.002740310505032539,0,0.009998682886362076
angle,1780569957903380936,-0.00274189212359488,0,0.009999232366681099
angle,1780569957967761105,-0.002743457909673452,0,0.009999520145356655
angle,1780569958039255377,-0.002745008561760187,0,0.009999115020036697
angle,1780569958101160573,-0.002746543614193797,0,0.009999345988035202
angle,1780569958170201468,-0.002748063299804926,0,0.009999582543969154
angle,1780569958231853497,-0.002749567851424217,0,0.009999367408454418
angle,1780569958306021188,-0.002751057036221027,0,0.009999509900808334
angle,1780569958378591972,-0.002752531087026,0,0.009999584406614304
angle,1780569958440762032,-0.002753990003839135,0,0.0099992910400033
angle,1780569958511236246,-0.002755433553829789,0,0.009999535046517849
angle,1780569958580671910,-0.002756861969828606,0,0.009999173693358898
angle,1780569958640140191,-0.002758275251835585,0,0.009999836795032024
angle,1780569958702979242,-0.002759673399850726,0,0.00999976322054863
angle,1780569958767514901,-0.002761056181043386,0,0.009999568574130535
angle,1780569958828142151,-0.002762424061074853,0,0.009999305941164494
angle,1780569958884391205,-0.002763776574283838,0,0.009999452158808708
angle,1780569958951170966,-0.002765113953500986,0,0.009999391622841358
angle,1780569959023199618,-0.00276643643155694,0,0.009999779053032398
angle,1780569959088580491,-0.002767743542790413,0,0.009999621659517288
angle,1780569959176338874,-0.002769035520032048,0,0.009999457746744156
angle,1780569959273034853,-0.00277031259611249,0,0.009998749941587448
angle,1780569959343818080,-0.002771574538201094,0,0.009999463334679604
angle,1780569959405038794,-0.00277282134629786,0,0.009999548085033894
angle,1780569959474107875,-0.002774053253233433,0,0.009999353438615799
angle,1780569959546250896,-0.002775270259007812,0,0.009999432601034641
angle,1780569959615688817,-0.002776472130790353,0,0.009999566711485386
angle,1780569959688260132,-0.002777659334242344,0,0.009999428875744343
angle,1780569959762481786,-0.002778831636533141,0,0.009999468922615051
angle,1780569959818062070,-0.002779989037662745,0,0.009999324567615986
angle,1780569959885795252,-0.002781132701784372,0,0.010011906735599041
angle,1780569959938890877,-0.002782260300591588,0,0.009999624453485012
angle,1780569960007481692,-0.002783373231068254,0,0.009999283589422703
angle,1780569960076057266,-0.002784471027553082,0,0.009999286383390427
angle,1780569960144915463,-0.002785554155707359,0,0.00999949499964714
angle,1780569960215119618,-0.002786622615531087,0,0.00999945867806673
angle,1780569960293223249,-0.002787676174193621,0,0.009999462403357029
angle,1780569960356212713,-0.002788714831694961,0,0.009999611414968967
angle,1780569960419333088,-0.00278973882086575,0,0.00999936368316412
angle,1780569960477168220,-0.00279074814170599,0,0.009998840279877186
angle,1780569960553553245,-0.002791742794215679,0,0.009999357163906097
angle,1780569960646242650,-0.002792722778394818,0,0.009998763911426067
angle,1780569960709383770,-0.002793687861412764,0,0.009999032132327557
angle,1780569960772472958,-0.002794638508930802,0,0.009998546913266182
angle,1780569960835456927,-0.002795574255287647,0,0.009999345056712627
angle,1780569960898380940,-0.002796495566144586,0,0.009999112226068974
angle,1780569960953137115,-0.002797402208670974,0,0.009999359026551247
angle,1780569961016332639,-0.002798294415697455,0,0.009999814443290234
angle,1780569961079376721,-0.002799171954393387,0,0.009999707341194153
angle,1780569961155735101,-0.002800035057589412,0,0.009999258443713188
angle,1780569961217626301,-0.002800883958116174,0,0.00999863538891077
angle,1780569961275270827,-0.002801718190312386,0,0.00999908335506916
angle,1780569961342327055,-0.002802538219839334,0,0.009999597445130348
angle,1780569961399394807,-0.002803343581035733,0,0.009999588131904602
angle,1780569961464296922,-0.002804134739562869,0,0.009999459609389305
angle,1780569961524608557,-0.002804911229759455,0,0.009999414905905724
angle,1780569961605146048,-0.002805673517286777,0,0.00999958161264658
angle,1780569961673498284,-0.00280642113648355,0,0.009999606758356094
angle,1780569961752068457,-0.002807154785841703,0,0.009999020025134087
angle,1780569961816306406,-0.002807873766869307,0,0.009998999536037445
angle,1780569961881720270,-0.002808578545227647,0,0.009999552741646767
angle,1780569961959790948,-0.002809268888086081,0,0.00999926496297121
angle,1780569962024476314,-0.002809945028275251,0,0.009999586269259453
angle,1780569962099073894,-0.002810606965795159,0,0.009999614208936691
angle,1780569962159789933,-0.002811254700645804,0,0.009999319911003113
angle,1780569962230302651,-0.002811888232827187,0,0.00999946054071188
angle,1780569962297458728,-0.002812507562339306,0,0.009999527595937252
angle,1780569962362657616,-0.002813112922012806,0,0.009999084286391735
angle,1780569962433993129,-0.002813703846186399,0,0.009999435395002365
angle,1780569962503834081,-0.002814280800521374,0,0.009999427013099194
angle,1780569962571181248,-0.002814843785017729,0,0.009999644011259079
angle,1780569962628218499,-0.002815392566844821,0,0.009999657049775124
angle,1780569962684834347,-0.00281592714600265,0,0.009997714310884476
angle,1780569962746697310,-0.00281644775532186,0,0.009999549016356468
angle,1780569962801302542,-0.002816954161971807,0,0.009999500587582588
angle,1780569962866210138,-0.002817446598783135,0,0.009998835623264313
angle,1780569962935245515,-0.002817925065755844,0,0.00999914575368166
angle,1780569962994333628,-0.002818389562889934,0,0.009999336674809456
angle,1780569963054750745,-0.002818840090185404,0,0.00999984610825777
angle,1780569963114007336,-0.002819276647642255,0,0.009999317117035389
angle,1780569963173149764,-0.00281969946809113,0,0.00999903678894043
angle,1780569963242117910,-0.002820108318701386,0,0.009999382309615612
angle,1780569963304316795,-0.002820503432303667,0,0.00999896414577961
angle,1780569963374836733,-0.002820884808897972,0,0.009999440051615238
angle,1780569963452076711,-0.002821252215653658,0,0.009999520145356655
angle,1780569963503062296,-0.002821605885401368,0,0.009999322704970837
angle,1780569963560750308,-0.002821945818141103,0,0.009999402798712254
angle,1780569963622046055,-0.002822271781042218,0,0.00999780185520649
angle,1780569963695584836,-0.002822584239766002,0,0.009999574162065983
angle,1780569963754451094,-0.002822882728651166,0,0.009999362751841545
angle,1780569963840482180,-0.002823167480528355,0,0.009999546222388744
angle,1780569963913753863,-0.002823438495397568,0,0.009998644702136517
angle,1780569963970447862,-0.002823695773258805,0,0.009999453090131283
angle,1780569964028996545,-0.002823940012603998,0,0.010009589605033398
angle,1780569964086950603,-0.002824170049279928,0,0.009999847039580345
angle,1780569964151199730,-0.002824386581778526,0,0.009999267756938934
angle,1780569964230250615,-0.002824589842930436,0,0.009999103844165802
angle,1780569964297933258,-0.00282477936707437,0,0.009999532252550125
angle,1780569964392162838,-0.002824955387040973,0,0.009999427944421768
angle,1780569964468840788,-0.002825117902830243,0,0.009999413974583149
angle,1780569964523163942,-0.002825266914442182,0,0.009999657049775124
angle,1780569964575358322,-0.002825402654707432,0,0.009999392554163933
angle,1780569964633976646,-0.002825524657964706,0,0.009999498724937439
angle,1780569964707092675,-0.002825633389875293,0,0.009999300353229046
angle,1780569964754531303,-0.002825728617608547,0,0.009998981840908527
angle,1780569964809596848,-0.00282581034116447,0,0.00999931339174509
angle,1780569964867360394,-0.00282587856054306,0,0.009999082423746586
angle,1780569964927794721,-0.002825933508574963,0,0.009999603033065796
angle,1780569965008858837,-0.002825975185260177,0,0.00999950710684061
angle,1780569965080288852,-0.002826003590598702,0,0.010011938400566578
angle,1780569965138320856,-0.00282601872459054,0,0.00999950896948576
angle,1780569965208135723,-0.002826020354405046,0,0.009999316185712814
angle,1780569965268926900,-0.002826008945703506,0,0.009999622590839863
angle,1780569965338627026,-0.002825984498485923,0,0.009999518282711506
angle,1780569965410269594,-0.002825946779921651,0,0.00999924074858427
angle,1780569965477896949,-0.002825895790010691,0,0.009998509660363197
angle,1780569965548639307,-0.002825831761583686,0,0.009999359957873821
angle,1780569965598548506,-0.002825754461809993,0,0.009999475441873074
angle,1780569965675348320,-0.002825664123520255,0,0.0099993497133255
angle,1780569965728713975,-0.002825560513883829,0,0.009999466128647327
angle,1780569965788306510,-0.002825443865731359,0,0.009999653324484825
angle,1780569965857629865,-0.002825314179062843,0,0.009999560192227364
angle,1780569965914551396,-0.002825171686708927,0,0.009998999536037445
angle,1780569965965008011,-0.002825015923008323,0,0.009999372065067291
angle,1780569966018709221,-0.002824847353622317,0,0.009999431669712067
angle,1780569966078527954,-0.002824665745720267,0,0.009998650290071964
angle,1780569966144618941,-0.002824471099302173,0,0.009998653084039688
angle,1780569966227718726,-0.002824263647198677,0,0.009999092668294907
angle,1780569966307936708,-0.002824043156579137,0,0.009999508038163185
angle,1780569966359929096,-0.002823809627443552,0,0.009999588131904602
angle,1780569966405986915,-0.00282356352545321,0,0.009999833069741726
angle,1780569966448695190,-0.002823304384946823,0,0.009999540634453297
angle,1780569966502887019,-0.002823032671585679,0,0.00999981164932251
angle,1780569966563498232,-0.002822748152539134,0,0.009999370202422142
angle,1780569966617230208,-0.002822450827807188,0,0.00999937392771244
angle,1780569966679837198,-0.002822140930220485,0,0.009999320842325687
angle,1780569966736052472,-0.00282181822694838,0,0.009998857043683529
angle,1780569966795149122,-0.002821482717990875,0,0.009998896159231663
angle,1780569966868317182,-0.002821134636178613,0,0.009999128989875317
angle,1780569966920201913,-0.002820773748680949,0,0.009999427944421768
angle,1780569966981921519,-0.002820400055497885,0,0.00999941024929285
angle,1780569967040158926,-0.002820013789460063,0,0.009999738074839115
angle,1780569967121090622,-0.002819614950567484,0,0.009999653324484825
angle,1780569967183837273,-0.002819203538820148,0,0.009999334812164307
angle,1780569967251306121,-0.002818779554218054,0,0.0099996542558074
angle,1780569967313338457,-0.002818343229591846,0,0.00999948475509882
angle,1780569967363243781,-0.002817894332110882,0,0.009999425150454044
angle,1780569967427131492,-0.002817433094605803,0,0.009999360889196396
angle,1780569967488160456,-0.002816959284245968,0,0.009999502450227737
angle,1780569967548315978,-0.002816472901031375,0,0.00999941024929285
angle,1780569967607792396,-0.002815973246470094,0,0.010019845329225063
angle,1780569967666606999,-0.00281546195037663,0,0.009999445639550686
angle,1780569967727341907,-0.002814938547089696,0,0.009998868219554424
angle,1780569967791335114,-0.002814402570948005,0,0.009999535046517849
angle,1780569967848874981,-0.0028138542547822,0,0.009999504312872887
angle,1780569967898899502,-0.002813293598592281,0,0.00999938603490591
angle,1780569967951683617,-0.002812720602378249,0,0.009999509900808334
angle,1780569968007771872,-0.002812135498970747,0,0.009999140165746212
angle,1780569968056940122,-0.002811538055539131,0,0.009999467991292477
angle,1780569968109332187,-0.002810928272083402,0,0.00999941024929285
angle,1780569968175862210,-0.002810306614264846,0,0.009999988600611687
angle,1780569968250911509,-0.002809672616422176,0,0.009998904541134834
angle,1780569968310673590,-0.002809026511386037,0,0.009999457746744156
angle,1780569968381015454,-0.002808368299156427,0,0.009999564848840237
angle,1780569968433068152,-0.002807697979733348,0,0.00999909546226263
angle,1780569968492127395,-0.002807015553116798,0,0.009999544359743595
angle,1780569968550025174,-0.002806321019306779,0,0.009999300353229046
angle,1780569968608522143,-0.002805614378303289,0,0.009999317117035389
angle,1780569968675087075,-0.002804895862936974,0,0.00999913178384304
angle,1780569968737143466,-0.002804165240377188,0,0.009999364614486694
angle,1780569968811041226,-0.002803422510623932,0,0.00999967660754919
angle,1780569968877668679,-0.00280266790650785,0,0.009998821653425694
angle,1780569968931846465,-0.002801901428028941,0,0.009998658671975136
angle,1780569969000897092,-0.002801122842356563,0,0.009999106638133526
angle,1780569969058160051,-0.002800332615152001,0,0.009999441914260387
angle,1780569969146262123,-0.00279953028075397,0,0.009999353438615799
angle,1780569969210562351,-0.002798716304823756,0,0.009998766705393791
angle,1780569969262361609,-0.002797890454530716,0,0.009999452158808708
angle,1780569969327317686,-0.002797052729874849,0,0.009999139234423637
angle,1780569969398633595,-0.0027962033636868,0,0.00999911967664957
angle,1780569969453800672,-0.002795342123135924,0,0.009999572299420834
angle,1780569969518297395,-0.002794469241052866,0,0.00999931339174509
angle,1780569969588842823,-0.002793584717437625,0,0.009999429807066917
angle,1780569969648072724,-0.002792688552290201,0,0.009999582543969154
angle,1780569969725804633,-0.002791780512779951,0,0.009999540634453297
angle,1780569969776318706,-0.002790861064568162,0,0.009999423287808895
angle,1780569969878555471,-0.00278992997482419,0,0.009999480098485947
angle,1780569969930945492,-0.002788987243548036,0,0.009999710135161877
angle,1780569969989722959,-0.002788032870739698,0,0.009999791160225868
angle,1780569970052911478,-0.002787066856399179,0,0.00999938789755106
angle,1780569970111885540,-0.00278608943335712,0,0.009999467059969902
angle,1780569970165198292,-0.002785100368782878,0,0.009999863803386688
angle,1780569970228747083,-0.002784099895507097,0,0.009999491274356842
angle,1780569970285301836,-0.002783088013529778,0,0.009999057278037071
angle,1780569970346389235,-0.002782064722850919,0,0.00999955739825964
angle,1780569970409688805,-0.002781029790639877,0,0.009999586269259453
angle,1780569970468275532,-0.00277998368255794,0,0.009999561123549938
angle,1780569970526054543,-0.002778926165774465,0,0.009998799301683903
angle,1780569970583943337,-0.002777857007458806,0,0.009999901056289673
angle,1780569970639710083,-0.002776776906102896,0,0.009998409077525139
angle,1780569970706554664,-0.002775685396045446,0,0.009999391622841358
angle,1780569970757836513,-0.002774582477286458,0,0.009999017231166363
angle,1780569970819588634,-0.002773468382656574,0,0.009999389760196209
angle,1780569970885481421,-0.002772343112155795,0,0.00999925285577774
angle,1780569970939241626,-0.002771206665784121,0,0.009999347850680351
angle,1780569970998844119,-0.002770059043541551,0,0.00999867171049118
angle,1780569971065180598,-0.002768900245428085,0,0.009999328292906284
angle,1780569971118468563,-0.002767730271443725,0,0.009999403730034828
angle,1780569971180405013,-0.002766549121588469,0,0.00999944657087326
angle,1780569971244564948,-0.002765357028692961,0,0.009998975321650505
angle,1780569971318202452,-0.002764153992757201,0,0.009999592788517475
angle,1780569971381938297,-0.002762939548119903,0,0.00999948289245367
angle,1780569971440512429,-0.002761714393272996,0,0.009999794885516167
angle,1780569971500842334,-0.002760478062555194,0,0.009999247267842293
angle,1780569971557950311,-0.00275923078879714,0,0.009998824447393417
angle,1780569971620370596,-0.002757972571998835,0,0.009999344125390053
angle,1780569971677652305,-0.002756703179329634,0,0.009999634698033333
angle,1780569971743355145,-0.002755423076450825,0,0.009999808855354786
angle,1780569971795953395,-0.002754132263362408,0,0.00999970268458128
angle,1780569971855550063,-0.002752830274403095,0,0.009998996742069721
angle,1780569971916022243,-0.002751517575234175,0,0.0099995331838727
angle,1780569971976682085,-0.002750194165855646,0,0.009999201633036137
angle,1780569972034673074,-0.002748859813436866,0,0.009999578818678856
angle,1780569972095970253,-0.002747514750808477,0,0.009999609552323818
angle,1780569972160603867,-0.002746158977970481,0,0.009999467991292477
angle,1780569972212983748,-0.002744792262092233,0,0.009999509900808334
angle,1780569972267837877,-0.00274341506883502,0,0.009999388828873634
angle,1780569972332130668,-0.002742027165368199,0,0.009999522939324379
angle,1780569972395979180,-0.002740626456215978,0,0.010014083236455917
angle,1780569972456103883,-0.002739217132329941,0,0.00999908335506916
angle,1780569972517790639,-0.002737797331064939,0,0.009998434223234653
angle,1780569972580837788,-0.00273636681959033,0,0.009999510832130909
angle,1780569972637308664,-0.002734925830736756,0,0.00999895203858614
angle,1780569972700175334,-0.002733474131673574,0,0.009999511763453484
angle,1780569972755028836,-0.002732012188062072,0,0.009999594651162624
angle,1780569972815225656,-0.002730539534240961,0,0.009999196976423264
angle,1780569972879888840,-0.002729056403040886,0,0.009999481029808521
angle,1780569972945301211,-0.00272756302729249,0,0.009999430738389492
angle,1780569972997085120,-0.00272605917416513,0,0.009999045170843601
angle,1780569973060527003,-0.002724545076489449,0,0.009999509900808334
angle,1780569973121592227,-0.002723020501434803,0,0.009999138303101063
angle,1780569973199526242,-0.002721485449001193,0,0.009997965767979622
angle,1780569973263581136,-0.002719940152019262,0,0.009999456815421581
angle,1780569973325006038,-0.002718384377658367,0,0.009998985566198826
angle,1780569973408715238,-0.002716818358749151,0,0.009999566711485386
angle,1780569973480349253,-0.002715242328122258,0,0.009999098256230354
angle,1780569973538819939,-0.002713655820116401,0,0.00999926682561636
angle,1780569973595822451,-0.002712059067562222,0,0.00999938603490591
angle,1780569973650973383,-0.002710452303290367,0,0.009999509900808334
angle,1780569973709231491,-0.002708835294470191,0,0.009999360889196396
angle,1780569973764099155,-0.002707208041101694,0,0.009999611414968967
angle,1780569973819570717,-0.00270557077601552,0,0.009999494068324566
angle,1780569973874918583,-0.002703923499211669,0,0.009999440051615238
angle,1780569973951254769,-0.002702266210690141,0,0.009999183937907219
angle,1780569974007101247,-0.002700598677620292,0,0.00999911967664957
angle,1780569974054804403,-0.002698921132832766,0,0.009999348782002926
angle,1780569974098375961,-0.002697233809158206,0,0.009998667985200882
angle,1780569974148545036,-0.002695536240935326,0,0.009999479167163372
angle,1780569974197577699,-0.002693828660994768,0,0.009999571368098259
angle,1780569974255741446,-0.002692111302167177,0,0.009999561123549938
angle,1780569974316218305,-0.002690383931621909,0,0.009999561123549938
angle,1780569974378858456,-0.002688646782189608,0,0.00999903492629528
angle,1780569974446823810,-0.002686899621039629,0,0.009999293833971024
angle,1780569974498064896,-0.002685142681002617,0,0.009999600239098072
angle,1780569974555182856,-0.002683376194909215,0,0.00999958161264658
angle,1780569974602738018,-0.002681599697098136,0,0.009999572299420834
angle,1780569974667954577,-0.002679813420400023,0,0.009998963214457035
angle,1780569974719925662,-0.002678017364814878,0,0.009999319911003113
angle,1780569974775141227,-0.002676211763173342,0,0.009999197907745838
angle,1780569974835985734,-0.002674396382644773,0,0.009999485686421394
angle,1780569974891029998,-0.00267257122322917,0,0.009999364614486694
angle,1780569974948921855,-0.002670736517757177,0,0.009999468922615051
angle,1780569975019800523,-0.002668892033398151,0,0.00999918021261692
angle,1780569975084981719,-0.002667038002982736,0,0.009999415837228298
angle,1780569975161878666,-0.00266517442651093,0,0.009999535046517849
angle,1780569975228977844,-0.002663301303982735,0,0.009999227710068226
angle,1780569975292937931,-0.002661418635398149,0,0.009999183937907219
angle,1780569975369543743,-0.002659526420757174,0,0.009998817928135395
angle,1780569975428215539,-0.002657624892890453,0,0.009998640976846218
angle,1780569975495979746,-0.002655713818967342,0,0.009999405592679977
angle,1780569975562054130,-0.002653793198987842,0,0.00999982375651598
angle,1780569975613333846,-0.002651863265782595,0,0.009999250993132591
angle,1780569975684296620,-0.002649923786520958,0,0.0099992286413908
angle,1780569975745845925,-0.002647974994033575,0,0.009999563917517662
angle,1780569975827544986,-0.00264601712115109,0,0.009999401867389679
angle,1780569975894164270,-0.002644049702212214,0,0.009998687542974949
angle,1780569975945365210,-0.002642072970047593,0,0.009999426081776619
angle,1780569976008826349,-0.002640087157487869,0,0.009999716654419899
angle,1780569976065957219,-0.002638091798871756,0,0.009998862631618977
angle,1780569976125292819,-0.002636087359860539,0,0.009999414905905724
angle,1780569976189837071,-0.002634073840454221,0,0.009999177418649197
angle,1780569976248354412,-0.002632051007822156,0,0.009999522939324379
angle,1780569976306925316,-0.002630019094794989,0,0.009999367408454418
angle,1780569976362127362,-0.002627977868542075,0,0.009999549016356468
angle,1780569976431695850,-0.002625927794724703,0,0.009999832138419151
angle,1780569976488878213,-0.002623868407681584,0,0.009999031201004982
angle,1780569976553232356,-0.002621800173074007,0,0.009998935274779797
angle,1780569976610017643,-0.002619722625240684,0,0.009998655878007412
angle,1780569976672464340,-0.002617636229842901,0,0.009999491274356842
angle,1780569976730100596,-0.002615540754050016,0,0.009999391622841358
angle,1780569976788009214,-0.002613436430692673,0,0.009999534115195274
angle,1780569976866556143,-0.002611323026940227,0,0.00999955739825964
angle,1780569976935991487,-0.002609200775623322,0,0.009999822825193405
angle,1780569976998688966,-0.002607069676741958,0,0.00999937579035759
angle,1780569977062565024,-0.002604929730296135,0,0.009999789297580719
angle,1780569977127014132,-0.002602780936285853,0,0.009998773224651814
angle,1780569977205226085,-0.002597752260044217,0,0.023195508867502213
angle,1780569977326678954,-0.002595556201413274,1,0.009999428875744343
angle,1780569977378927814,-0.002593344310298562,0,0.13145160675048828
angle,1780569977438271035,-0.002590935910120606,0,0.009999397210776806
angle,1780569977498355329,-0.002588107949122787,0,0.00999962817877531
angle,1780569977571955144,-0.00258482713252306,0,0.00999949499964714
angle,1780569977618269327,-0.002581167034804821,0,0.00999921839684248
angle,1780569977671689443,-0.002577274804934859,0,0.00999941024929285
angle,1780569977730912229,-0.002573332749307156,0,0.009998687542974949
angle,1780569977804060022,-0.002569523174315691,0,0.009999124333262444
angle,1780569977859522949,-0.002565996954217553,0,0.009999625384807587
angle,1780569977913065087,-0.002562855603173375,0,0.009998978115618229
angle,1780569977959227945,-0.002560138469561934,0,0.009999626316130161
angle,1780569978011919942,-0.002557825762778521,0,0.009999139234423637
angle,1780569978059014574,-0.002555846469476819,0,0.00999940000474453
angle,1780569978115187607,-0.002554094884544611,0,0.009999212808907032
angle,1780569978169044313,-0.002552448771893978,0,0.009999477304518223
angle,1780569978229529341,-0.002550788689404726,0,0.009999629110097885
angle,1780569978287003889,-0.002549013122916222,0,0.009999681264162064
angle,1780569978350973307,-0.00254705105908215,0,0.009999029338359833
angle,1780569978409618158,-0.002544864313676953,0,0.01001013908535242
angle,1780569978467312507,-0.002542457776144147,0,0.00999911967664957
angle,1780569978524538246,-0.002539859851822257,0,0.009999444708228111
angle,1780569978589166912,-0.00253712385892868,0,0.009999397210776806
angle,1780569978647311928,-0.002534313825890422,0,0.009998626075685024
angle,1780569978711189859,-0.002531495643779635,0,0.009999641217291355
angle,1780569978783224733,-0.002528725890442729,0,0.00999886728823185
angle,1780569978845345925,-0.002526046242564917,0,0.009999427944421768
angle,1780569978922965141,-0.002523478586226702,0,0.009999356232583523
angle,1780569979009747581,-0.002521025482565165,0,0.009999514557421207
angle,1780569979087835446,-0.002518672030419111,0,0.009999294765293598
angle,1780569979139727657,-0.002516389358788729,0,0.00999870803207159
angle,1780569979199772849,-0.002514142543077469,0,0.00999954342842102
angle,1780569979255850029,-0.002511894563212991,0,0.009999804198741913
angle,1780569979352538412,-0.002509612357243896,0,0.009999668225646019
angle,1780569979412151417,-0.002507271245121956,0,0.009999544359743595
angle,1780569979476311568,-0.002504857257008553,0,0.009999437257647514
angle,1780569979582583827,-0.002502367133274674,0,0.00999902281910181
angle,1780569979657872679,-0.002498776186257601,0,0.013955928385257721
angle,1780569979728038997,-0.002496136585250497,0,0.009999464266002178
angle,1780569979790043278,-0.002493469044566154,0,0.009998836554586887
angle,1780569979867627442,-0.002490795450285077,0,0.009999595582485199
angle,1780569979924916044,-0.002488134428858757,0,0.009999639354646206
angle,1780569979968220429,-0.002485499251633883,0,0.009999372996389866
angle,1780569980029228649,-0.002482896437868476,0,0.009999877773225307
angle,1780569980099687332,-0.002480326686054468,0,0.00999936368316412
angle,1780569980180741682,-0.002477784408256412,0,0.009999453090131283
angle,1780569980240261393,-0.002475259592756629,0,0.00999956764280796
angle,1780569980316855158,-0.002472740598022938,0,0.009999138303101063
angle,1780569980367924499,-0.002470215084031224,0,0.00999916810542345
angle,1780569980429322887,-0.00246767234057188,0,0.009999544359743595
angle,1780569980483928629,-0.002465104684233665,0,0.009999304078519344
angle,1780569980556170147,-0.002462507225573063,0,0.009999547153711319
angle,1780569980612326467,-0.002459879964590073,0,0.009999453090131283
angle,1780569980671351633,-0.002457224996760488,0,0.009999562054872513
angle,1780569980729334887,-0.002454547677189112,0,0.009999356232583523
angle,1780569980791499680,-0.002451854525133967,0,0.009999147616326809
angle,1780569980845271725,-0.002449152525514364,0,0.009999357163906097
angle,1780569980904733878,-0.002446447499096394,0,0.009999389760196209
angle,1780569980971226831,-0.002443744568154216,0,0.009998813271522522
angle,1780569981033653927,-0.002441046293824911,0,0.009999217465519905
angle,1780569981089339692,-0.002438353607431054,0,0.00999951921403408
angle,1780569981152367524,-0.002435665111988783,0,0.009999369271099567
angle,1780569981208949924,-0.002432978246361017,0,0.009999570436775684
angle,1780569981271788397,-0.002430289750918746,0,0.009999382309615612
angle,1780569981331288172,-0.002427595434710383,0,0.009999599307775497
angle,1780569981386393081,-0.002424892270937562,0,0.009999454021453857
angle,1780569981453683352,-0.002422176999971271,0,0.009999318048357964
angle,1780569981530465719,-0.002419448224827647,0,0.009999321773648262
angle,1780569981596649274,-0.002416705247014761,0,0.009999585337936878
angle,1780569981675377333,-0.002413948765024543,0,0.009998917579650879
angle,1780569981756018182,-0.002411166904494166,0,0.010046971961855888
angle,1780569981796253369,-0.002408387837931514,0,0.009999856352806091
angle,1780569981872154845,-0.002405600622296333,0,0.009999725967645645
angle,1780569981976766959,-0.002402807120233774,0,0.009999076835811138
angle,1780569982058863184,-0.002398405689746141,0,0.015717146918177605
angle,1780569982137348336,-0.002395595656707883,0,0.009998799301683903
angle,1780569982216844569,-0.002392782596871257,0,0.00999961793422699
angle,1780569982298375771,-0.002389967208728194,0,0.009999644942581654
angle,1780569982398761544,-0.002387149259448051,0,0.009999588131904602
angle,1780569982478548294,-0.002384328050538898,0,0.009999078698456287
angle,1780569982576096918,-0.002381502417847514,0,0.009999494068324566
angle,1780569982634607191,-0.002378671197220683,0,0.00999941024929285
angle,1780569982708059248,-0.002375833224505186,0,0.009999129921197891
angle,1780569982808869561,-0.002372987102717161,0,0.009999727830290794
angle,1780569982881838111,-0.002370132133364677,0,0.009999564848840237
angle,1780569982949966721,-0.002367268083617091,0,0.00999893806874752
angle,1780569983008922636,-0.002364394953474402,0,0.009999372996389866
angle,1780569983070457774,-0.002361513208597898,0,0.009999428875744343
angle,1780569983147891563,-0.00235862354747951,0,0.009993820451200008
angle,1780569983196035441,-0.002355726435780525,0,0.009999450296163559
angle,1780569983242197505,-0.002352823037654161,0,0.009998939000070095
angle,1780569983315304094,-0.002349913818761706,0,0.009999576956033707
angle,1780569983378376356,-0.002346999244764447,0,0.009999646805226803
angle,1780569983450996775,-0.002344079548493028,0,0.009999499656260014
angle,1780569983526553743,-0.002341154962778091,0,0.009999487549066544
angle,1780569983597080707,-0.002338225254788995,0,0.009999495930969715
angle,1780569983658881877,-0.002335289726033807,0,0.009999227710068226
angle,1780569983723851467,-0.002332348376512527,0,0.00999949499964714
angle,1780569983786550539,-0.002329400740563869,0,0.009999330155551434
angle,1780569983875334807,-0.002326446119695902,0,0.009999710135161877
angle,1780569983940721464,-0.002323484979569912,0,0.009999477304518223
angle,1780569983996197197,-0.002320516621693969,0,0.009999499656260014
angle,1780569984066841964,-0.002317541046068072,0,0.009999527595937252
angle,1780569984138784180,-0.00231455871835351,0,0.009999178349971771
angle,1780569984207554901,-0.002311569871380925,0,0.009999066591262817
angle,1780569984264722534,-0.002308574272319674,0,0.009999525733292103
angle,1780569984329942513,-0.002305572619661689,0,0.009999717585742474
angle,1780569984395747046,-0.002302565146237612,0,0.009999529458582401
angle,1780569984456270770,-0.0022995516192168,0,0.00999913178384304
angle,1780569984516576814,-0.002296532737091184,0,0.009999480098485947
angle,1780569984569384754,-0.002293508034199476,0,0.009999213740229607
angle,1780569984635270740,-0.002290477743372321,0,0.009999369271099567
angle,1780569984705485229,-0.002287441631779075,0,0.009999382309615612
angle,1780569984778379352,-0.002284399932250381,0,0.009999239817261696
angle,1780569984851693666,-0.002281352179124951,0,0.009998582303524017
angle,1780569984913665356,-0.002278298372402787,0,0.009999586269259453
angle,1780569984977530986,-0.002275238512083888,0,0.009999435395002365
angle,1780569985044050915,-0.002272172598168254,0,0.00999956764280796
angle,1780569985115224858,-0.002269100630655885,0,0.009999489411711693
angle,1780569985188705491,-0.002266022376716137,0,0.009999566711485386
angle,1780569985259213391,-0.002262938302010298,0,0.009999226778745651
angle,1780569985341957000,-0.002259848173707724,0,0.009999385103583336
angle,1780569985403531411,-0.002256752224639058,0,0.009999620728194714
angle,1780569985465510504,-0.002253650687634945,0,0.009999214671552181
angle,1780569985525082005,-0.00225054332986474,0,0.009999124333262444
angle,1780569985584056103,-0.002247430616989732,0,0.009999092668294907
angle,1780569985645354240,-0.002244312083348632,0,0.009999377653002739
angle,1780569985714823420,-0.002241188194602728,0,0.009998509660363197
angle,1780569985783691337,-0.002238058717921376,0,0.00999958161264658
angle,1780569985848132098,-0.002234923653304577,0,0.009999382309615612
angle,1780569985923332314,-0.00223178300075233,0,0.009999512694776058
angle,1780569985988654415,-0.002228636993095279,0,0.009999323636293411
angle,1780569986063118159,-0.002225485164672136,0,0.009999354369938374
angle,1780569986115632355,-0.002222327748313546,0,0.00999985821545124
angle,1780569986185642241,-0.002219164744019508,0,0.009999093599617481
angle,1780569986265559710,-0.002215996384620667,0,0.009998719207942486
angle,1780569986326994356,-0.002212822204455733,0,0.009999641217291355
angle,1780569986375396039,-0.002209642669185996,0,0.00999945867806673
angle,1780569986436050343,-0.002206457778811455,0,0.009998834691941738
angle,1780569986499517213,-0.002203267300501466,0,0.009999369271099567
angle,1780569986585618897,-0.002200071699917316,0,0.009999348782002926
angle,1780569986649311206,-0.002196870511397719,0,0.009998777881264687
angle,1780569986714672266,-0.002193664433434606,0,0.009999407455325127
angle,1780569986784842352,-0.002190452767536044,0,0.00999887939542532
angle,1780569986859199953,-0.002187236212193966,0,0.009999660775065422
angle,1780569986927788006,-0.00218401406891644,0,0.009999213740229607
angle,1780569987004859788,-0.002180787036195397,0,0.009999419562518597
angle,1780569987069982201,-0.002177554648369551,0,0.009999060072004795
angle,1780569987147109694,-0.0021743169054389,0,0.009999645873904228
angle,1780569987219078395,-0.002171074040234089,0,0.009999651461839676
angle,1780569987293600562,-0.002167826052755117,0,0.009999092668294907
angle,1780569987357498250,-0.002164572943001986,0,0.009998942725360394
angle,1780569987419694816,-0.002161314710974693,0,0.00999903492629528
angle,1780569987487802258,-0.002158051356673241,0,0.009999806061387062
angle,1780569987559529828,-0.002154782880097628,0,0.009999099187552929
angle,1780569987628741805,-0.002151509281247854,0,0.009999187663197517
angle,1780569987716908006,-0.002148230792954564,0,0.00999953132122755
angle,1780569987782568049,-0.002144947415217757,0,0.009999587200582027
angle,1780569987872379061,-0.002141659148037434,0,0.009999524801969528
angle,1780569987935802814,-0.00213836575858295,0,0.009999326430261135
angle,1780569988002037592,-0.002135067712515593,0,0.009999407455325127
angle,1780569988065556732,-0.002131754998117685,0,0.010028580203652382
angle,1780569988121640307,-0.002128446940332651,0,0.009999719448387623
angle,1780569988176906071,-0.0021251339931041,0,0.00999937392771244
angle,1780569988259309534,-0.002121816389262676,0,0.009999237954616547
angle,1780569988326635213,-0.002118493895977736,0,0.009999513626098633
angle,1780569988388315150,-0.002115166513249278,0,0.009998631663620472
angle,1780569988448464624,-0.002111834473907948,0,0.00999870989471674
angle,1780569988514555379,-0.002108497777953744,0,0.009999518282711506
angle,1780569988569280257,-0.002105156425386667,0,0.00999931525439024
angle,1780569988626330595,-0.002101810183376074,0,0.009999765083193779
angle,1780569988677007377,-0.002098459284752607,0,0.009999413974583149
angle,1780569988737376132,-0.002095103962346911,0,0.009999442845582962
angle,1780569988815093228,-0.002091743750497699,0,0.009999711997807026
angle,1780569988887623770,-0.002088379114866257,0,0.009999415837228298
angle,1780569988981259993,-0.002085009822621942,0,0.009999031201004982
angle,1780569989058898035,-0.002081636106595397,0,0.009998325258493423
angle,1780569989111788758,-0.002078257733955979,0,0.009999485686421394
angle,1780569989179725399,-0.002074874704703689,0,0.009999849833548069
angle,1780569989252332777,-0.002071487251669168,0,0.009999190457165241
angle,1780569989314628078,-0.002068095374852419,0,0.009999603033065796
angle,1780569989377592400,-0.002064699307084084,0,0.009999793954193592
angle,1780569989468023858,-0.002061298349872231,0,0.009999336674809456
angle,1780569989521166859,-0.002057893434539437,0,0.009999101050198078
angle,1780569989586104464,-0.002054483629763126,0,0.009999077767133713
angle,1780569989647688604,-0.002051069866865873,0,0.009999503381550312
angle,1780569989707221349,-0.002047651680186391,0,0.009999634698033333
angle,1780569989766851710,-0.002044229069724679,0,0.009999473579227924
angle,1780569989813403860,-0.002040802268311381,0,0.009999495930969715
angle,1780569989882111375,-0.002037371043115854,0,0.009999669156968594
angle,1780569989943178501,-0.002033935859799385,0,0.009998413734138012
angle,1780569990003574375,-0.002030496252700686,0,0.009999195113778114
angle,1780569990059162215,-0.002027052454650402,0,0.009999806992709637
angle,1780569990131233280,-0.002023604465648532,0,0.009999681264162064
angle,1780569990192226033,-0.00202015251852572,0,0.009999354369938374
angle,1780569990262141548,-0.002016696147620678,0,0.009999058209359646
angle,1780569990339022161,-0.002013235818594694,0,0.009999649599194527
angle,1780569990391983160,-0.002009771298617125,0,0.0099992286413908
angle,1780569990453686777,-0.002006302820518613,0,0.009999469853937626
angle,1780569990511044763,-0.002002830151468515,0,0.00999943632632494
angle,1780569990579056523,-0.001999353524297476,0,0.009999740868806839
angle,1780569990652456266,-0.001995872939005494,0,0.009999659843742847
angle,1780569990724198039,-0.001992388162761927,0,0.009999222122132778
angle,1780569990793157463,-0.001988899661228061,0,0.00999920628964901
angle,1780569990865971810,-0.001985406968742609,0,0.009999478235840797
angle,1780569990941304523,-0.001981910550966859,0,0.009999211877584457
angle,1780569991008049124,-0.001978410175070167,0,0.009999549947679043
angle,1780569991094301192,-0.001974906073883176,0,0.009999250993132591
angle,1780569991159317897,-0.001971398014575243,0,0.009999577887356281
angle,1780569991230573335,-0.001967886229977012,0,0.009998803958296776
angle,1780569991298404588,-0.001964370487257838,0,0.009999764151871204
angle,1780569991373195082,-0.001960851019248366,0,0.009999343194067478
angle,1780569991440553834,-0.001957327825948596,0,0.009999535977840424
angle,1780569991513885362,-0.001953800907358527,0,0.00999964028596878
angle,1780569991597892466,-0.001950270030647516,0,0.009999142028391361
angle,1780569991670388511,-0.001946735661476851,0,0.009999784640967846
angle,1780569991743750803,-0.001943197450600564,0,0.009999340400099754
angle,1780569991817510524,-0.001939655747264624,0,0.009999295696616173
angle,1780569991882249198,-0.001936110202223063,0,0.0099983811378479
angle,1780569991947404453,-0.001932561164721847,0,0.009998735971748829
angle,1780569992015759841,-0.001929008634760976,0,0.009998893365263939
angle,1780569992073508340,-0.001925452495925128,0,0.009999473579227924
angle,1780569992127490258,-0.001921892864629626,0,0.009999115020036697
angle,1780569992193662850,-0.001918329740874469,0,0.009999142028391361
angle,1780569992252783876,-0.001914763124659657,0,0.009999463334679604
angle,1780569992308621240,-0.001911193015985191,0,0.009999184869229794
angle,1780569992364566927,-0.001907619531266391,0,0.009999767877161503
angle,1780569992435695151,-0.001904042437672615,0,0.009999512694776058
angle,1780569992496501606,-0.001900461851619184,0,0.009999416768550873
angle,1780569992555755609,-0.00189687788952142,0,0.009999187663197517
angle,1780569992611456898,-0.001893290434964001,0,0.009999089874327183
angle,1780569992705702059,-0.001889699604362249,0,0.009999491274356842
angle,1780569992777924617,-0.001886105514131486,0,0.009998703375458717
angle,1780569992832044827,-0.001882508164271712,0,0.009999104775488377
angle,1780569992915870035,-0.001878907438367605,0,0.009999504312872887
angle,1780569992997230975,-0.001875303452834487,0,0.009999431669712067
angle,1780569993059363162,-0.001871696324087679,0,0.009999669156968594
angle,1780569993140859571,-0.001868085935711861,0,0.009998415596783161
angle,1780569993212128250,-0.001864472404122353,0,0.00999958161264658
angle,1780569993289595965,-0.001860855612903833,0,0.009999667294323444
angle,1780569993376320020,-0.001857235794886947,0,0.009999272413551807
angle,1780569993451033074,-0.001853612717241049,0,0.009999508038163185
angle,1780569993524982515,-0.001849986496381462,0,0.009999399073421955
angle,1780569993593613220,-0.001846357132308185,0,0.009999600239098072
angle,1780569993649072883,-0.001842724625021219,0,0.009999456815421581
angle,1780569993711690079,-0.001839089090935886,0,0.009999421425163746
angle,1780569993766829617,-0.001835450530052185,0,0.009999414905905724
angle,1780569993836524357,-0.001831808825954795,0,0.009999494068324566
angle,1780569993889222201,-0.001828164211474359,0,0.009999019093811512
angle,1780569993943316152,-0.001824516570195556,0,0.009998518973588943
angle,1780569994021548531,-0.001820866018533707,0,0.009999419562518597
angle,1780569994079858257,-0.001817212672904134,0,0.009999064728617668
angle,1780569994120803541,-0.001813556416891515,0,0.009998666122555733
angle,1780569994190962078,-0.001809897250495851,0,0.00999942421913147
angle,1780569994243324187,-0.001806235290132463,0,0.009999503381550312
angle,1780569994301459998,-0.001802570419386029,0,0.009999580681324005
angle,1780569994368116142,-0.001798902754671872,0,0.00999931525439024
angle,1780569994422528226,-0.00179523229598999,0,0.009999907575547695
angle,1780569994495756801,-0.001791559043340385,0,0.009999369271099567
angle,1780569994550015109,-0.001787882880307734,0,0.009999323636293411
angle,1780569994612806956,-0.001784203923307359,0,0.009999276138842106
angle,1780569994677720535,-0.001780522172339261,0,0.009999537840485573
angle,1780569994739184305,-0.00177683774381876,0,0.00999841745942831
angle,1780569994802791565,-0.001773150637745857,0,0.009999397210776806
angle,1780569994871730285,-0.001769460970535874,0,0.00999925471842289
angle,1780569994950055482,-0.001765768625773489,0,0.009998563677072525
angle,1780569995015658510,-0.001762073603458703,0,0.009998902678489685
angle,1780569995076154373,-0.001758376136422157,0,0.009999409317970276
angle,1780569995143815346,-0.001754676224663854,0,0.009999412111938
angle,1780569995211570699,-0.001750973635353148,0,0.009999462403357029
angle,1780569995276914414,-0.001747268484905362,0,0.009999193251132965
angle,1780569995358215733,-0.001743560889735818,0,0.009999577887356281
angle,1780569995420997612,-0.001739850733429193,0,0.00999960396438837
angle,1780569995482869502,-0.001736138015985489,0,0.009999415837228298
angle,1780569995552536012,-0.001732422737404704,0,0.009999684058129787
angle,1780569995622403622,-0.001728705014102161,0,0.009999412111938
angle,1780569995706119417,-0.001724984846077859,0,0.009999029338359833
angle,1780569995775014206,-0.001721262349747121,0,0.009998842142522335
angle,1780569995836373525,-0.001717537408694625,0,0.009999645873904228
angle,1780569995892190473,-0.001713810255751014,0,0.009999729692935944
angle,1780569995977617109,-0.001710080658085644,0,0.0099995918571949
angle,1780569996040892428,-0.00170634884852916,0,0.009999587200582027
angle,1780569996102157977,-0.001702614594250917,0,0.009998785331845284
angle,1780569996163197905,-0.00169887812808156,0,0.009999790228903294
angle,1780569996227468214,-0.001695139450021088,0,0.009999130852520466
angle,1780569996282521007,-0.001691398560069501,0,0.009999412111938
angle,1780569996343497956,-0.0016876554582268,0,0.009999568574130535
angle,1780569996408512715,-0.001683910144492984,0,0.009999200701713562
angle,1780569996460387943,-0.001680162735283375,0,0.00999938789755106
angle,1780569996529064143,-0.001676413230597973,0,0.009999394416809082
angle,1780569996579707481,-0.001672661514021456,0,0.009999400936067104
angle,1780569996656978100,-0.001668907585553825,0,0.009999478235840797
angle,1780569996733974042,-0.001665151678025723,0,0.00999945867806673
angle,1780569996816793532,-0.001661393558606505,0,0.009999415837228298
angle,1780569996881800558,-0.001657633460126817,0,0.009999302215874195
angle,1780569996947729658,-0.001653871266171336,0,0.00999936368316412
angle,1780569997019743833,-0.001650106976740062,0,0.00999946054071188
angle,1780569997094968111,-0.001646340824663639,0,0.009999485686421394
angle,1780569997171175763,-0.001642572693526745,0,0.009998206980526447
angle,1780569997248186802,-0.001638802466914058,0,0.00999960582703352
angle,1780569997317058073,-0.001635030494071543,0,0.009999233298003674
angle,1780569997388788501,-0.001631256658583879,0,0.009999818168580532
angle,1780569997452880109,-0.001627480844035745,0,0.009999444708228111
angle,1780569997521282834,-0.001623703283257782,0,0.00999948475509882
angle,1780569997593239395,-0.001619923743419349,0,0.009999559260904789
angle,1780569997653521162,-0.001616142457351089,0,0.009999418631196022
angle,1780569997716206310,-0.001612359308637679,0,0.009999076835811138
angle,1780569997781116920,-0.001608574297279119,0,0.009999378584325314
angle,1780569997836539803,-0.001604787539690733,0,0.009999657049775124
angle,1780569997902398739,-0.001600998919457197,0,0.009999418631196022
angle,1780569997957591376,-0.001597208552993834,0,0.009999703615903854
angle,1780569998024430492,-0.001593416556715965,0,0.00999942421913147
angle,1780569998075529621,-0.001589622930623591,0,0.00999951921403408
angle,1780569998162300732,-0.001585827441886067,0,0.009999390691518784
angle,1780569998230480848,-0.001582030323334038,0,0.009999396279454231
angle,1780569998290954753,-0.001578231691382825,0,0.009998979046940804
angle,1780569998350044146,-0.001574431313201785,0,0.009999489411711693
angle,1780569998414265907,-0.001570629538036883,0,0.009999331086874008
angle,1780569998469220783,-0.001566826133057475,0,0.009999455884099007
angle,1780569998556014875,-0.001563021098263562,0,0.00999895203858614
angle,1780569998620137097,-0.001559214550070465,0,0.009999512694776058
angle,1780569998694126671,-0.001555406604893506,0,0.009999485686421394
angle,1780569998759334805,-0.001551597029902041,0,0.009999035857617855
angle,1780569998835641865,-0.001547786057926714,0,0.009999161586165428
angle,1780569998902206791,-0.001543973572552204,0,0.009999110363423824
angle,1780569998966592408,-0.001540159690193832,0,0.009999585337936878
angle,1780569999027222851,-0.001536344294436276,0,0.00999709777534008
angle,1780569999100782328,-0.00153252761811018,0,0.009999430738389492
angle,1780569999156573445,-0.001528709544800222,0,0.009998875670135021
angle,1780569999225589896,-0.001524890074506402,0,0.00999967660754919
angle,1780569999294567270,-0.001521069323644042,0,0.009999479167163372
angle,1780569999349891345,-0.001517247408628464,0,0.009999273344874382
angle,1780569999419308018,-0.001513423980213702,0,0.009998109191656113
angle,1780569999486058118,-0.0015095992712304,0,0.009999742731451988
angle,1780569999549272008,-0.001505773281678557,0,0.009999293833971024
angle,1780569999624063084,-0.001501946127973497,0,0.009999234229326248
angle,1780569999697067695,-0.001498117577284575,0,0.009999483823776245
angle,1780569999757880035,-0.001494287862442434,0,0.0099995918571949
angle,1780569999818563202,-0.001490456750616431,0,0.009998973459005356
angle,1780569999876824765,-0.001486624591052532,0,0.009999684058129787
angle,1780569999935207158,-0.001482791267335415,0,0.009997347369790077
angle,1780570000000585333,-0.001478956779465079,0,0.00999944657087326
angle,1780570000059266407,-0.001475121127441525,0,0.009999924339354038
angle,1780570000111687769,-0.001471284660510719,0,0.009999874979257584
angle,1780570000170601788,-0.001467446913011372,0,0.009999439120292664
angle,1780570000235868236,-0.001463608234189451,0,0.009999638423323631
angle,1780570000303531439,-0.001459768391214311,0,0.009999481029808521
angle,1780570000361524988,-0.001455927500501275,0,0.009999299421906471
angle,1780570000412368840,-0.001452085678465664,0,0.00999932736158371
angle,1780570000470303587,-0.001448242692276835,0,0.009999117814004421
angle,1780570000532035633,-0.001444398891180754,0,0.009998857975006104
angle,1780570000590511609,-0.001440554042346776,0,0.009999186731874943
angle,1780570000651659274,-0.001436708262190223,0,0.009998822584748268
angle,1780570000719107230,-0.001432861667126417,0,0.009999525733292103
angle,1780570000790720071,-0.001429014140740037,0,0.009999499656260014
angle,1780570000865031261,-0.001425165799446404,0,0.009999546222388744
angle,1780570000929149982,-0.001421316643245518,0,0.009999465197324753
angle,1780570000987622444,-0.00141746667213738,0,0.009999394416809082
angle,1780570001050916902,-0.001413615769706666,0,0.009999502450227737
angle,1780570001135824249,-0.001409763935953379,0,0.009999890811741352
angle,1780570001206349383,-0.00140591140370816,0,0.009999449364840984
angle,1780570001278373692,-0.001402058056555688,0,0.009999755769968033
angle,1780570001345117069,-0.001398203894495964,0,0.009998763911426067
angle,1780570001414613272,-0.001394349033944309,0,0.009999367408454418
angle,1780570001472366957,-0.001390493474900723,0,0.009999736212193966
angle,1780570001564190073,-0.001386637333780527,0,0.009999915957450867
angle,1780570001630792949,-0.001382780494168401,0,0.009999847039580345
angle,1780570001676060761,-0.001378922956064343,0,0.009999467991292477
angle,1780570001733721707,-0.001375064719468355,0,0.00999908521771431
angle,1780570001783118177,-0.00137120601721108,0,0.009999562986195087
angle,1780570001844831581,-0.001367346616461873,0,0.00999943632632494
angle,1780570001906721667,-0.001363486633636057,0,0.009999343194067478
angle,1780570001971103769,-0.001359626068733633,0,0.009999015368521214
angle,1780570002025356397,-0.001355764921754599,0,0.00999988429248333
angle,1780570002098628682,-0.001351903425529599,0,0.009998543187975883
angle,1780570002150305454,-0.001348041347227991,0,0.00999950896948576
angle,1780570002194814194,-0.001344178803265095,0,0.009999540634453297
angle,1780570002258874175,-0.001340315910056233,0,0.009999423287808895
angle,1780570002305397411,-0.001336452551186085,0,0.009999229572713375
angle,1780570002361374944,-0.001332588610239327,0,0.009999455884099007
angle,1780570002416990595,-0.001328724320046604,0,0.009999442845582962
angle,1780570002474840420,-0.001324859564192593,0,0.009998438879847527
angle,1780570002542347778,-0.001320994459092617,0,0.009999463334679604
angle,1780570002597938038,-0.001317128888331354,0,0.00999903678894043
angle,1780570002671084521,-0.001313263201154768,0,0.009998330846428871
angle,1780570002744373297,-0.001309397048316896,0,0.00999927707016468
angle,1780570002817711711,-0.00130553066264838,0,0.009999241679906845
angle,1780570002894480824,-0.00130166404414922,0,0.009999317117035389
angle,1780570002946770595,-0.001297797076404095,0,0.009999308735132217
angle,1780570003007011519,-0.001293929992243648,0,0.009999329224228859
angle,1780570003077117927,-0.001290062558837235,0,0.009998979046940804
angle,1780570003157698697,-0.001286194892600179,0,0.009999154135584831
angle,1780570003226085042,-0.001282326993532479,0,0.009999502450227737
angle,1780570003306449298,-0.001278458861634135,0,0.009999378584325314
angle,1780570003376121834,-0.001274590496905148,0,0.009999321773648262
angle,1780570003438001303,-0.001270722015760839,0,0.009999498724937439
angle,1780570003499645593,-0.001266853301785886,0,0.00999860092997551
angle,1780570003564667333,-0.001262984471395612,0,0.009999430738389492
angle,1780570003632520057,-0.001259115641005337,0,0.00999918207526207
angle,1780570003706923578,-0.001255246694199741,0,0.009998621419072151
angle,1780570003759703443,-0.001251377747394145,0,0.009999706409871578
angle,1780570003847394784,-0.001247508800588548,0,0.009998474270105362
angle,1780570003911133046,-0.001243639853782952,0,0.00999869592487812
angle,1780570003975998128,-0.001239770790562034,0,0.009999546222388744
angle,1780570004030507630,-0.001235901843756437,0,0.009999658912420273
angle,1780570004095062205,-0.001232033013366163,0,0.009998675435781479
angle,1780570004155899885,-0.001228164066560566,0,0.009999416768550873
angle,1780570004211267551,-0.001224295236170292,0,0.009999537840485573
angle,1780570004272841233,-0.001220426405780017,0,0.009999041445553303
angle,1780570004331243091,-0.001216557575389743,0,0.009999463334679604
angle,1780570004397578250,-0.00121268886141479,0,0.009999535046517849
angle,1780570004470709716,-0.001208820263855159,0,0.009998980909585953
angle,1780570004532920020,-0.00120495178271085,0,0.009999456815421581
angle,1780570004594074709,-0.001201083301566541,0,0.00999981164932251
angle,1780570004653676673,-0.001197215169668198,0,0.00999955739825964
angle,1780570004724804306,-0.001193347154185176,0,0.00999939814209938
angle,1780570004807517926,-0.001189479255117476,0,0.009999391622841358
angle,1780570004876506847,-0.001185611821711063,0,0.009999038651585579
angle,1780570004949008832,-0.001181744504719973,0,0.00999845564365387
angle,1780570005020517036,-0.001177877420559525,0,0.009999613277614117
angle,1780570005091474076,-0.001174005097709596,0,0.010012540966272354
angle,1780570005153348117,-0.001170138828456402,0,0.009998926892876625
angle,1780570005226018329,-0.001166272792033851,0,0.00999944657087326
angle,1780570005308185354,-0.001162407221272588,0,0.009999608621001244
angle,1780570005376169261,-0.001158541883341968,0,0.009998601861298084
angle,1780570005434380553,-0.001154677011072636,0,0.009999486617743969
angle,1780570005498039115,-0.001150812488049269,0,0.00999895203858614
angle,1780570005565385484,-0.001146948314271867,0,0.009999633766710758
angle,1780570005625816642,-0.001143084489740431,0,0.009998577646911144
angle,1780570005676135375,-0.001139221014454961,0,0.009999413043260574
angle,1780570005739753847,-0.001135358004830778,0,0.009999643079936504
angle,1780570005792653860,-0.00113149534445256,0,0.009999668225646019
angle,1780570005860512223,-0.001127633266150951,0,0.009999078698456287
angle,1780570005917775951,-0.001123771420679986,0,0.009999333880841732
angle,1780570005980775619,-0.001119910157285631,0,0.009998763911426067
angle,1780570006045477469,-0.001116049592383206,0,0.009999445639550686
angle,1780570006099635669,-0.001112189493142068,0,0.009998303838074207
angle,1780570006164058958,-0.00110832997597754,0,0.009998921304941177
angle,1780570006226764225,-0.001104471157304943,0,0.009999267756938934
angle,1780570006303166589,-0.001100612920708954,0,0.009999196976423264
angle,1780570006367067589,-0.001096755499020219,0,0.009999364614486694
angle,1780570006424541608,-0.001092898542992771,0,0.009999481029808521
angle,1780570006483505997,-0.001089042285457253,0,0.009999425150454044
angle,1780570006543322093,-0.001085186609998345,0,0.009999019093811512
angle,1780570006605969147,-0.001081331516616046,0,0.009999310597777367
angle,1780570006680788651,-0.001077477121725678,0,0.009999413974583149
angle,1780570006750186122,-0.00107362330891192,0,0.009999181143939495
angle,1780570006834553639,-0.001069770194590092,0,0.009998979046940804
angle,1780570006907544558,-0.001065917895175517,0,0.0099993497133255
angle,1780570006974765491,-0.001062066294252872,0,0.009998330846428871
angle,1780570007047317914,-0.001058215508237481,0,0.009998965077102184
angle,1780570007112879357,-0.001054365537129343,0,0.009999249130487442
angle,1780570007189700523,-0.001050516380928457,0,0.009999407455325127
angle,1780570007256677527,-0.001046668156050146,0,0.00999945867806673
angle,1780570007331723509,-0.001042820746079087,0,0.009998578578233719
angle,1780570007403137912,-0.001038974267430604,0,0.009999326430261135
angle,1780570007472962754,-0.001035128603689373,0,0.009999411180615425
angle,1780570007550109220,-0.001031283754855394,0,0.009999376721680164
angle,1780570007606385290,-0.001027439720928669,0,0.009999554604291916
angle,1780570007657553862,-0.001023596618324518,0,0.009999618865549564
angle,1780570007711506487,-0.001019754447042942,0,0.009999404661357403
angle,1780570007763286015,-0.001015913090668619,0,0.009998652152717113
angle,1780570007830995880,-0.00101207266561687,0,0.009998868219554424
angle,1780570007893473362,-0.001008233288303018,0,0.009999169036746025
angle,1780570007944789297,-0.001004394725896418,0,0.009999449364840984
angle,1780570008008128170,-0.001000557327643037,0,0.009999414905905724
angle,1780570008069530852,-0.000996721093542874,0,0.009999041445553303
angle,1780570008132792366,-0.000992885790765285,0,0.009999392554163933
angle,1780570008188271955,-0.000989051535725594,0,0.009998654015362263
angle,1780570008248283120,-0.00098521844483912,0,0.009999332018196583
angle,1780570008308235068,-0.000981386401690543,0,0.009999052621424198
angle,1780570008371344451,-0.000977555639110506,0,0.009999516420066357
angle,1780570008436518193,-0.000973725807853043,0,0.009999341331422329
angle,1780570008489574805,-0.00096989719895646,0,0.009999565780162811
angle,1780570008551693393,-0.000966069579590112,0,0.009999223984777927
angle,1780570008609270922,-0.000962243124376982,0,0.009998991154134274
angle,1780570008670047458,-0.000958417833317071,0,0.009999456815421581
angle,1780570008737877550,-0.000954593648202717,0,0.009998652152717113
angle,1780570008803752681,-0.000950770685449243,0,0.009999503381550312
angle,1780570008879731203,-0.000946949003264308,0,0.009999239817261696
angle,1780570008955740853,-0.000943128543440253,0,0.0099995331838727
angle,1780570009018268941,-0.000939309305977076,0,0.009999423287808895
angle,1780570009093592357,-0.00093549134908244,0,0.00999919231981039
angle,1780570009170159027,-0.000931674730964005,0,0.009998939000070095
angle,1780570009233500769,-0.000927859335206449,0,0.00999954529106617
angle,1780570009298726058,-0.000924045161809772,0,0.009999617002904415
angle,1780570009364944453,-0.000920232501812279,0,0.009999125264585018
angle,1780570009431721031,-0.000916421180590987,0,0.00999902468174696
angle,1780570009499126948,-0.000912611081730574,0,0.009999166242778301
angle,1780570009561934321,-0.000908802379854023,0,0.009999701753258705
angle,1780570009622465162,-0.000904995133168995,0,0.009999934583902359
angle,1780570009686211461,-0.000901189225260168,0,0.009998871944844723
angle,1780570009741609289,-0.000897384830750525,0,0.009999295696616173
angle,1780570009800034444,-0.000893581833224744,0,0.009998870082199574
angle,1780570009900108097,-0.000889780174475163,0,0.009999403730034828
angle,1780570009964018858,-0.000885980029124767,0,0.009999582543969154
angle,1780570010032333625,-0.000882181397173554,0,0.00999943632632494
angle,1780570010080670182,-0.000878384220413864,0,0.009999399073421955
angle,1780570010140026541,-0.000874588498845696,0,0.009999725967645645
angle,1780570010193278596,-0.000870794290676713,0,0.009999832138419151
angle,1780570010244596923,-0.000867001479491591,0,0.009999378584325314
angle,1780570010331489815,-0.000863210298120975,0,0.009999390691518784
angle,1780570010377325719,-0.000859420571941882,0,0.009999905712902546
angle,1780570010429554431,-0.000855632475577295,0,0.009999065659940243
angle,1780570010491862476,-0.000851845950819552,0,0.009999509900808334
angle,1780570010557600896,-0.000848061055876315,0,0.00999942421913147
angle,1780570010612076736,-0.000844277848955244,0,0.009999441914260387
angle,1780570010687974417,-0.000840496213641018,0,0.009999500587582588
angle,1780570010763760386,-0.000836716324556619,0,0.009998425841331482
angle,1780570010835592724,-0.000832938181702048,0,0.00999935157597065
angle,1780570010908977905,-0.000829161668661982,0,0.00999815296381712
angle,1780570010985661630,-0.000825386901851743,0,0.009999291971325874
angle,1780570011052870703,-0.000821613881271333,0,0.009999586269259453
angle,1780570011122149404,-0.000817842548713088,0,0.009999151341617107
angle,1780570011181081683,-0.000814073020592332,0,0.00999932736158371
angle,1780570011248632343,-0.000810305180493742,0,0.00999956764280796
angle,1780570011312937251,-0.00080653908662498,0,0.009999497793614864
angle,1780570011384197744,-0.000802774680778384,0,0.009999525733292103
angle,1780570011460046974,-0.000799011962953955,0,0.009999672882258892
angle,1780570011532299039,-0.000795251049567014,0,0.009999468922615051
angle,1780570011598003432,-0.0007914918824099,0,0.009999286383390427
angle,1780570011667671914,-0.000787734577897936,0,0.009999770671129227
angle,1780570011740566725,-0.000783978961408138,0,0.00999845378100872
angle,1780570011803784100,-0.000780225265771151,0,0.009999701753258705
angle,1780570011872285632,-0.000776473490986973,0,0.009999388828873634
angle,1780570011926658743,-0.000772723695263267,0,0.009999193251132965
angle,1780570011989575050,-0.00076897582039237,0,0.009999043308198452
angle,1780570012044751701,-0.000765229866374284,0,0.009999914094805717
angle,1780570012105860272,-0.00076148594962433,0,0.009999452158808708
angle,1780570012166359452,-0.000757744011934847,0,0.00999971479177475
angle,1780570012230319349,-0.000754003936890513,0,0.009999372065067291
angle,1780570012292028554,-0.00075026584090665,0,0.009999476373195648
angle,1780570012348287362,-0.000746529607567936,0,0.009999522008001804
angle,1780570012407520342,-0.000742795353289694,0,0.009999403730034828
angle,1780570012472074773,-0.000739063078071922,0,0.009999196976423264
angle,1780570012525183299,-0.000735332840122283,0,0.009999370202422142
angle,1780570012585428883,-0.000731604523025453,0,0.009999077767133713
angle,1780570012649722822,-0.000727878301404417,0,0.009999580681324005
angle,1780570012714810587,-0.000724154291674495,0,0.009999612346291542
angle,1780570012779258643,-0.000720432261005044,0,0.009999125264585018
angle,1780570012838786776,-0.000716712384019047,0,0.009999574162065983
angle,1780570012913658294,-0.000712994544301182,0,0.009999614208936691
angle,1780570012982482030,-0.000709278858266771,0,0.009999626316130161
angle,1780570013053147947,-0.000705565384123474,0,0.009999343194067478
angle,1780570013114089612,-0.000701854005455971,0,0.009999452158808708
angle,1780570013178989973,-0.00069814472226426,0,0.009999193251132965
angle,1780570013243704543,-0.000694437592756003,0,0.009999546222388744
angle,1780570013305909739,-0.000690732675138861,0,0.009999481961131096
angle,1780570013370677022,-0.000687029969412833,0,0.009999739937484264
angle,1780570013425626295,-0.00068332941737026,0,0.009998757392168045
angle,1780570013493759811,-0.000679631135426462,0,0.00999938789755106
angle,1780570013566699194,-0.000675935065373778,0,0.009998951107263565
angle,1780570013635527058,-0.000672241265419871,0,0.009999522008001804
angle,1780570013690636087,-0.000668549793772399,0,0.009999235160648823
angle,1780570013755773488,-0.000664860592223704,0,0.009999346919357777
angle,1780570013820898927,-0.000661173602566123,0,0.00999976135790348
angle,1780570013879110177,-0.000657488941214979,0,0.009998875670135021
angle,1780570013931658071,-0.00065380654996261,0,0.00999941024929285
angle,1780570013990563312,-0.000650126487016678,0,0.009999689646065235
angle,1780570014050177635,-0.000646448752377182,0,0.00999976322054863
angle,1780570014111235296,-0.000642773346044123,0,0.009999604895710945
angle,1780570014166137037,-0.000639100268017501,0,0.00999944843351841
angle,1780570014238827413,-0.000635429518297315,0,0.009999592788517475
angle,1780570014301523111,-0.000631761155091226,0,0.009999546222388744
angle,1780570014369635587,-0.000628095178399235,0,0.009999235160648823
angle,1780570014436458157,-0.000624431646429002,0,0.009999402798712254
angle,1780570014500397308,-0.000620770559180528,0,0.009999417699873447
angle,1780570014568773238,-0.000617111858446151,0,0.009999467059969902
angle,1780570014623789473,-0.000613455660641193,0,0.009999452158808708
angle,1780570014693997754,-0.000609801965765655,0,0.009999915026128292
angle,1780570014756229138,-0.000606150773819536,0,0.009999044239521027
angle,1780570014825234844,-0.000602501968387514,0,0.009999604895710945
angle,1780570014895548568,-0.000598855724092573,0,0.009999539703130722
angle,1780570014946370209,-0.000595211982727051,0,0.009999539703130722
angle,1780570015006320660,-0.000591570744290948,0,0.009999014437198639
angle,1780570015069700141,-0.000587932125199586,0,0.009998800233006477
angle,1780570015129351859,-0.000584295950829983,0,0.009999238885939121
angle,1780570015205816009,-0.00058066239580512,0,0.009999575093388557
angle,1780570015258714798,-0.000577031460124999,0,0.009998882189393044
angle,1780570015321106745,-0.00057340320199728,0,0.009999392554163933
angle,1780570015377313747,-0.000569777505006641,0,0.00999843142926693
angle,1780570015452835205,-0.000566154427360743,0,0.009999285452067852
angle,1780570015512975114,-0.000562533910851926,0,0.009999599307775497
angle,1780570015591221067,-0.000558916013687849,0,0.009999562054872513
angle,1780570015665088697,-0.000555300794076174,0,0.009999374859035015
angle,1780570015731462424,-0.000551688193809241,0,0.009999568574130535
angle,1780570015806640094,-0.00054807827109471,0,0.009998722933232784
angle,1780570015883888216,-0.00054447102593258,0,0.009999297559261322
angle,1780570015937585709,-0.000540866341907531,0,0.009999354369938374
angle,1780570016019283667,-0.000537264393642545,0,0.009999038651585579
angle,1780570016084089115,-0.000533665181137621,0,0.009999571368098259
angle,1780570016147829182,-0.0005300686461851,0,0.009998894296586514
angle,1780570016211914756,-0.000526474963407964,0,0.009999547153711319
angle,1780570016289786877,-0.00052288401639089,0,0.009998983703553677
angle,1780570016354314115,-0.00051929586334154,0,0.0099997129291296
angle,1780570016417272358,-0.000515710446052253,0,0.009999504312872887
angle,1780570016487562980,-0.000512127880938351,0,0.009999058209359646
angle,1780570016556777554,-0.000508548051584512,0,0.009999297559261322
angle,1780570016625470335,-0.000504971016198397,0,0.009999715723097324
angle,1780570016688960207,-0.000501396832987666,0,0.009999505244195461
angle,1780570016748479466,-0.000497825385536999,0,0.009999150410294533
angle,1780570016823780500,-0.000494256790261716,0,0.009998960420489311
angle,1780570016891699525,-0.000490691047161818,0,0.009998587891459465
angle,1780570016969237949,-0.000487128185341135,0,0.009999275207519531
angle,1780570017013593274,-0.000483568263007328,0,0.009999442845582962
angle,1780570017098956155,-0.000480011338368058,0,0.009999308735132217
angle,1780570017183552309,-0.000476452143630013,0,0.010013891384005547
angle,1780570017255866176,-0.000472900981549174,0,0.009999118745326996
angle,1780570017327888802,-0.00046935272985138,0,0.009999229572713375
angle,1780570017402558470,-0.000465807359432802,0,0.009999263100326061
angle,1780570017467626593,-0.00046226498670876,0,0.009998943656682968
angle,1780570017538167425,-0.000458725553471595,0,0.009999391622841358
angle,1780570017613091570,-0.000455189030617476,0,0.009998925030231476
angle,1780570017697751192,-0.000451655505457893,0,0.009999499656260014
angle,1780570017758094282,-0.000448125007096678,0,0.009999270550906658
angle,1780570017818077863,-0.00044459747732617,0,0.00999943446367979
angle,1780570017877013800,-0.000441072974354029,0,0.009998979978263378
angle,1780570017938726846,-0.000437551498180255,0,0.009999305941164494
angle,1780570018005885566,-0.000434032990597188,0,0.00999896228313446
angle,1780570018059854379,-0.00043051753891632,0,0.009999248199164867
angle,1780570018130065428,-0.000427005172241479,0,0.009999771602451801
angle,1780570018184405003,-0.000423495919676498,0,0.009999335743486881
angle,1780570018245742330,-0.000419989693909883,0,0.009999624453485012
angle,1780570018294829714,-0.000416486494941637,0,0.00999924074858427
angle,1780570018358234310,-0.000412986410083249,0,0.009999451227486134
angle,1780570018417085875,-0.00040948941023089,0,0.009999397210776806
angle,1780570018479568582,-0.000405995524488389,0,0.009999497793614864
angle,1780570018538453438,-0.000402504781959578,0,0.009999838657677174
angle,1780570018602063824,-0.000399017153540626,0,0.009999494068324566
angle,1780570018666058019,-0.000395532697439194,0,0.00999957975000143
angle,1780570018737191747,-0.00039205135544762,0,0.009999250993132591
angle,1780570018808685262,-0.000388573214877397,0,0.009999747388064861
angle,1780570018877894638,-0.000385098246624693,0,0.009999382309615612
angle,1780570018947871975,-0.00038162650889717,0,0.009999626316130161
angle,1780570019025158372,-0.000378157943487167,0,0.009999550879001617
angle,1780570019087458045,-0.000374692579498515,0,0.00999954342842102
angle,1780570019164989702,-0.000371230446035042,0,0.009999511763453484
angle,1780570019234569244,-0.000367771601304412,0,0.009999220259487629
angle,1780570019291521865,-0.000364315957995132,0,0.009999281726777554
angle,1780570019360711078,-0.000360863603418693,0,0.009999701753258705
angle,1780570019428239464,-0.000357414537575096,0,0.009998577646911144
angle,1780570019502786735,-0.000353968789568171,0,0.009999779053032398
angle,1780570019574383026,-0.000350526330294088,0,0.009999348782002926
angle,1780570019629393134,-0.000347087188856676,0,0.009999452158808708
angle,1780570019691226349,-0.000343651365255937,0,0.00999901071190834
angle,1780570019759823637,-0.00034021885949187,0,0.009999861009418964
angle,1780570019823845668,-0.000336789642460644,0,0.009999554604291916
angle,1780570019902194692,-0.000333363743266091,0,0.009999549947679043
angle,1780570019967145677,-0.000329941161908209,0,0.00999940000474453
angle,1780570020036517282,-0.00032652192749083,0,0.009999709203839302
angle,1780570020099238743,-0.000323106040013954,0,0.009998996742069721
angle,1780570020159966060,-0.00031969349947758,0,0.009999316185712814
angle,1780570020224100635,-0.000316284334985539,0,0.00999950896948576
angle,1780570020304853539,-0.000312878604745492,0,0.009999586269259453
angle,1780570020366317293,-0.000309476279653609,0,0.009999607689678669
angle,1780570020415208261,-0.000306077359709889,0,0.009999380446970463
angle,1780570020481978928,-0.000302681961329654,0,0.009999389760196209
angle,1780570020542006823,-0.000299289938993752,0,0.009999750182032585
angle,1780570020609712835,-0.000295901409117505,0,0.009998811408877373
angle,1780570020667760069,-0.000292516284389421,0,0.00999868381768465
angle,1780570020738876282,-0.000289134710328653,0,0.009998876601457596
angle,1780570020804532658,-0.00028575662872754,0,0.00999938603490591
angle,1780570020857215684,-0.000282382126897573,0,0.009999224916100502
angle,1780570020925144391,-0.000279011175734922,0,0.009999734349548817
angle,1780570020997604279,-0.000275643717031926,0,0.009999260306358337
angle,1780570021096440306,-0.000272279663477093,0,0.009998762980103493
angle,1780570021166905891,-0.000268918694928288,0,0.010000876151025295
angle,1780570021225011128,-0.000265561684500426,0,0.009999402798712254
angle,1780570021294137144,-0.000262208166532218,0,0.009999316185712814
angle,1780570021343881421,-0.000258858141023666,0,0.00999962817877531
angle,1780570021405689023,-0.000255511695286259,0,0.00999926496297121
angle,1780570021477835652,-0.000252160738455132,0,0.010023525916039944
angle,1780570021553344722,-0.000248821364948526,0,0.009999285452067852
angle,1780570021621370631,-0.000245485571213067,0,0.009999562054872513
angle,1780570021686950537,-0.000242153400904499,0,0.009999493137001991
angle,1780570021760003847,-0.000238824839470908,0,0.009999590925872326
angle,1780570021834133370,-0.000235499945119955,0,0.009998703375458717
angle,1780570021890576431,-0.000232178645092063,0,0.009999978356063366
angle,1780570021969232152,-0.000228861070354469,0,0.009999093599617481
angle,1780570022037982967,-0.000225547089939937,0,0.009999752044677734
angle,1780570022106742636,-0.000222236820263788,0,0.009999621659517288
angle,1780570022167889928,-0.000218930217670277,0,0.009999587200582027
angle,1780570022225068957,-0.000215627238503657,0,0.009999866597354412
angle,1780570022277963355,-0.000212327955523506,0,0.009999170899391174
angle,1780570022345962895,-0.000209032354177907,0,0.009999197907745838
angle,1780570022395111338,-0.000205740390811116,0,0.009999261237680912
angle,1780570022460221880,-0.000202452123630792,0,0.009999187663197517
angle,1780570022519881762,-0.000199167625396512,0,0.009998979046940804
angle,1780570022574405503,-0.000195886852452531,0,0.009999485686421394
angle,1780570022636293403,-0.000192609833902679,0,0.009999518282711506
angle,1780570022699198565,-0.000189336584298871,0,0.009999439120292664
angle,1780570022759832764,-0.000186067103641108,0,0.009998857043683529
angle,1780570022832603730,-0.000182801377377473,0,0.009999768808484077
angle,1780570022931111519,-0.000179539463715628,0,0.009999114088714123
angle,1780570023006258236,-0.000176281260792166,0,0.009999511763453484
angle,1780570023080796866,-0.000173026855918579,0,0.009999487549066544
angle,1780570023150221770,-0.000169776234542951,0,0.009998230263590813
angle,1780570023221022922,-0.000166529382113367,0,0.009999646805226803
angle,1780570023295301670,-0.000163286385941319,0,0.009999465197324753
angle,1780570023416489280,-0.000160047231474891,1,0.00999948289245367
angle,1780570023487012613,-0.000156803362187929,0,0.1311882585287094
angle,1780570023555192614,-0.000152919528773054,0,0.009999163448810577
angle,1780570023622054890,-0.000147927770740353,0,0.009999285452067852
angle,1780570023701378550,-0.00014219555305317,0,0.009999413974583149
angle,1780570023765567356,-0.000136152884806506,0,0.00999937579035759
angle,1780570023839193441,-0.000130221786093898,0,0.00999844167381525
angle,1780570023892277600,-0.000124756479635835,0,0.009999138303101063
angle,1780570023957267896,-0.000120001837785821,0,0.009998965077102184
angle,1780570024017687844,-0.000116072616947349,0,0.009999592788517475
angle,1780570024082793108,-0.000112954221549444,0,0.009999265894293785
angle,1780570024140673221,-0.000110521526949015,0,0.009999612346291542
angle,1780570024201917478,-0.000108571242890321,0,0.009999316185712814
angle,1780570024279716646,-0.000106860599771608,0,0.009999400936067104
angle,1780570024364830460,-0.000105146813439205,0,0.009999457746744156
angle,1780570024427299181,-0.000103221078461502,0,0.009999199770390987
angle,1780570024496124271,-0.00010093337186845,0,0.00999950896948576
angle,1780570024576167300,-0.000098205615358893,0,0.0099993497133255
angle,1780570024663127399,-0.000095033028628677,0,0.009998534806072712
angle,1780570024727045071,-0.000091474918008316,0,0.00999956764280796
angle,1780570024790160571,-0.000087637716205791,0,0.009999834932386875
angle,1780570024858819458,-0.000083653510955628,0,0.00999946054071188
angle,1780570024922797029,-0.000079658057074994,0,0.009999574162065983
angle,1780570024985554416,-0.00007577126234537,0,0.009999822825193405
angle,1780570025066209917,-0.000071765163738746,0,0.010889001190662384
angle,1780570025134616455,-0.000068343593738973,0,0.009999169036746025
angle,1780570025199592289,-0.00006517737347167,0,0.009998848661780357
angle,1780570025278318096,-0.000062236249505077,0,0.00999944657087326
angle,1780570025362134480,-0.000059462920035003,0,0.009999051690101624
angle,1780570025422942010,-0.000056784600019455,0,0.009999498724937439
angle,1780570025494591106,-0.000054125554015627,0,0.009999769739806652
angle,1780570025566386943,-0.000051417966460576,0,0.00999943446367979
angle,1780570025687434416,-0.00004861057823291,1,0.009999051690101624
angle,1780570025764192254,-0.000045675256842515,0,0.13102386891841888
angle,1780570025847856148,-0.000042035637306981,0,0.009999638423323631
angle,1780570025904858138,-0.000037278616218828,0,0.009999411180615425
angle,1780570025965346101,-0.000031765543099027,0,0.009998793713748455
angle,1780570026027164022,-0.000025921412088792,0,0.009998743422329426
angle,1780570026098237497,-0.000020165220121271,0,0.009999453090131283
angle,1780570026177898127,-0.000014851128980808,0,0.00999921839684248
angle,1780570026233902924,-0.000010226034646621,0,0.009999473579227924
angle,1780570026298075026,-0.0000064090536398,0,0.009998508729040623
angle,1780570026371971825,-0.000003391301561351,0,0.009999202564358711
angle,1780570026434254769,-0.000001054087761077,0,0.009999816305935383
angle,1780570026501996573,8.00071290996e-7,0,0.009998893365263939
angle,1780570026556463910,0.000002409060925856,0,0.009998799301683903
angle,1780570026613139020,0.000004012443696411,0,0.009999032132327557
angle,1780570026681326160,0.000005817528744956,0,0.009999711997807026
angle,1780570026747049186,0.000007974538675626,0,0.009999483823776245
angle,1780570026805152219,0.000010563203431957,0,0.009999643079936504
angle,1780570026878181378,0.000013590914932138,0,0.009999546222388744
angle,1780570026941318247,0.000017001508240355,0,0.009999388828873634
angle,1780570027011813202,0.000020691690224339,0,0.009999047964811325
angle,1780570027078690034,0.000024531958842999,0,0.010000012814998627
angle,1780570027164810500,0.000028387968995958,0,0.009998992085456848
angle,1780570027249249225,0.000032140909752343,0,0.009999383240938187
angle,1780570027328898711,0.00003570168337319,0,0.00999883096665144
angle,1780570027394460218,0.00003901945456164,0,0.009999601170420647
angle,1780570027490612292,0.000042083862354048,0,0.009999441914260387
angle,1780570027587263139,0.000044921031076228,0,0.009978419169783592
angle,1780570027646769372,0.000047584573621862,0,0.009999220259487629
angle,1780570027712113042,0.000050144692067988,0,0.009999202564358711
angle,1780570027774014852,0.000052676630730275,0,0.00999918021261692
angle,1780570027850162462,0.000055248914577533,0,0.009999802336096764
angle,1780570027908877149,0.000057914501667256,0,0.009998558089137077
angle,1780570027969027120,0.000060705588111887,0,0.009999493137001991
angle,1780570028027712843,0.000063631705415901,0,0.009999526664614677
angle,1780570028101391778,0.000066681372118182,0,0.009998575784265995
angle,1780570028170323166,0.000069826724939048,0,0.00999908521771431
angle,1780570028228181217,0.000073029434133787,0,0.009999527595937252
angle,1780570028286379266,0.000076247597462498,0,0.009999258443713188
angle,1780570028348783886,0.000079442128480878,0,0.009999561123549938
angle,1780570028415968236,0.000082581878814381,0,0.009999471716582775
angle,1780570028495632878,0.000085647021478508,0,0.00999915599822998
angle,1780570028581457720,0.000088630215032026,0,0.00999955553561449
angle,1780570028668856896,0.00009153602150036,0,0.009998215362429619
angle,1780570028748938412,0.00009437865082873,0,0.00999884121119976
angle,1780570028842379695,0.000097178672149312,0,0.009999330155551434
angle,1780570028919023438,0.000099959273939021,0,0.009998589754104614
angle,1780570028988245702,0.000102742691524327,0,0.009998747147619724
angle,1780570029070166353,0.000105547071143519,0,0.009998968802392483
angle,1780570029140343711,0.000108384585473686,0,0.009999345988035202
angle,1780570029216104454,0.000111260502308141,0,0.009999464266002178
angle,1780570029292131160,0.000114173293695785,0,0.009999512694776058
angle,1780570029370718598,0.000117115923785605,0,0.009999309666454792
angle,1780570029448495046,0.000120077165775001,0,0.009999541565775871
angle,1780570029517283436,0.00012304428673815,0,0.009999404661357403
angle,1780570029593787901,0.000126004655612633,0,0.009999142959713936
angle,1780570029647285869,0.000128947795019485,0,0.009999618865549564
angle,1780570029696204663,0.000131866268930025,0,0.009998643770813942
angle,1780570029748913643,0.000134756497573107,0,0.009999711066484451
angle,1780570029803903636,0.00013761869922746,0,0.009999386966228485
angle,1780570029868379638,0.000140456526423804,0,0.009999535046517849
angle,1780570029989492341,0.000143275741720572,1,0.009999546222388744
angle,1780570031220448713,0.035008616745471954,0,0.010563556104898453
angle,1780570031280700253,0.03291664272546768,0,0.009999808855354786
angle,1780570031354339514,0.026829775422811508,0,0.00999918207526207
angle,1780570031422544692,0.01807178184390068,0,0.009999341331422329
angle,1780570031498657765,0.008181602694094181,0,0.009999621659517288
angle,1780570031571857829,-0.001335307257249951,0,0.009998708963394165
angle,1780570031650089667,-0.00921820942312479,0,0.009999483823776245
angle,1780570031718588744,-0.014598662033677101,0,0.009999321773648262
angle,1780570031778146408,-0.017071835696697235,0,0.00999946054071188
angle,1780570031848850663,-0.01669275388121605,0,0.009998764842748642
angle,1780570031915321943,-0.013907725922763348,0,0.00999958161264658
angle,1780570031973830269,-0.00943988561630249,0,0.009999281726777554
angle,1780570032035120874,-0.004150738473981619,0,0.009999495930969715
angle,1780570032110289225,0.001099130837246776,0,0.00999933760613203
angle,1780570032184313011,0.005571126472204924,0,0.009999571368098259
angle,1780570032240815045,0.008735972456634045,0,0.009999009780585766
angle,1780570032300956484,0.010320332832634449,0,0.009999457746744156
angle,1780570032356576867,0.010310716927051544,0,0.009999211877584457
angle,1780570032419466742,0.00892053171992302,0,0.009999554604291916
angle,1780570032482239853,0.006529456004500389,0,0.009999345988035202
angle,1780570032542943201,0.00360766937956214,0,0.009998982772231102
angle,1780570032600111179,0.000637294084299356,0,0.009998832829296589
angle,1780570032654927725,-0.001957047497853637,0,0.009999562054872513
angle,1780570032731215414,-0.003860536264255643,0,0.009999416768550873
angle,1780570032807134245,-0.004897868726402521,0,0.009999017231166363
angle,1780570032878251750,-0.005039229057729244,0,0.009999359957873821
angle,1780570032946745318,-0.004385071340948343,0,0.00999930128455162
angle,1780570033031669372,-0.00313447811640799,0,0.009999430738389492
angle,1780570033099730733,-0.001543913618661463,0,0.009999128058552742
angle,1780570033162942465,0.000116627285024151,0,0.009999455884099007
