name,time,value,timeout,delta_time
angle,1780512857001144118,-2.0299999713897705,0,0.009999863803386688
angle,1780512857011144352,-2.0299999713897705,0,0.009999869391322136
angle,1780512857021144366,-2.0299999713897705,0,0.009999850764870644
angle,1780512857031144822,-2.0299999713897705,0,0.009999952279031277
angle,1780512857041144718,-2.0299999713897705,0,0.009999988600611687
angle,1780512857051145041,-2.0299999713897705,0,0.009999919682741165
angle,1780512857061146345,-2.0299999713897705,0,0.00999989453703165
angle,1780512857071146639,-2.0299999713897705,0,0.009999909438192844
angle,1780512857081146777,-2.0299999713897705,0,0.00999994482845068
angle,1780512857091146276,-2.0299999713897705,0,0.009999921545386314
angle,1780512857101146298,-2.0299999713897705,0,0.009999877773225307
angle,1780512857111147114,-2.0299999713897705,0,0.009999947622418404
angle,1780512857121146939,-2.0299999713897705,0,0.009999468922615051
angle,1780512857131147494,-2.0299999713897705,0,0.00999989453703165
angle,1780512857141147364,-2.0299999713897705,0,0.009999868459999561
angle,1780512857151147915,-2.0299999713897705,0,0.009999982081353664
angle,1780512857161147714,-2.0299999713897705,0,0.009999877773225307
angle,1780512857171147704,-2.0299999713897705,0,0.009999917820096016
angle,1780512857181148613,-2.0299999713897705,0,0.00999999139457941
angle,1780512857191149337,-2.0299999713897705,0,0.010000016540288925
angle,1780512857201149418,-2.0299999713897705,0,0.009999825619161129
angle,1780512857211149997,-2.0299999713897705,0,0.009999866597354412
angle,1780512857221150024,-2.0299999713897705,0,0.009999857284128666
angle,1780512857231150144,-2.0299999713897705,0,0.009999911300837994
angle,1780512857241150290,-2.0299999713897705,0,0.009999938309192657
angle,1780512857251150684,-2.0299999713897705,0,0.009999924339354038
angle,1780512857261150837,-2.0299999713897705,0,0.009999921545386314
angle,1780512857271151269,-2.0299999713897705,0,0.009999903850257397
angle,1780512857281151848,-2.0299999713897705,0,0.009999891743063927
angle,1780512857291151777,-2.0299999713897705,0,0.009999940171837807
angle,1780512857301152284,-2.0299999713897705,0,0.009999987669289112
angle,1780512857311152426,-2.0299999713897705,0,0.009999845176935196
angle,1780512857321152929,-2.0299999713897705,0,0.009999934583902359
angle,1780512857331153522,-2.0299999713897705,0,0.009999599307775497
angle,1780512857341153329,-2.0299999713897705,0,0.009999926201999187
angle,1780512857351153414,-2.0299999713897705,0,0.009999934583902359
angle,1780512857361153782,-2.0299999713897705,0,0.009999890811741352
angle,1780512857371154466,-2.0299999713897705,0,0.009999890811741352
angle,1780512857381154470,-2.0299999713897705,0,0.009999875910580158
angle,1780512857391155076,-2.0299999713897705,0,0.009999901987612247
angle,1780512857401154951,-2.0299999713897705,0,0.009999834932386875
angle,1780512857411155503,-2.0299999713897705,0,0.009999903850257397
angle,1780512857421155861,-2.0299999713897705,0,0.009999836795032024
angle,1780512857431155791,-2.0299999713897705,0,0.009999901056289673
angle,1780512857441155952,-2.0299999713897705,0,0.009999916888773441
angle,1780512857451156165,-2.0299999713897705,0,0.009999842382967472
angle,1780512857461156830,-2.0299999713897705,0,0.009999952279031277
angle,1780512857471156874,-2.0299999713897705,0,0.009999924339354038
angle,1780512857481157251,-2.0299999713897705,0,0.009999914094805717
angle,1780512857491157649,-2.0299999713897705,0,0.00999986007809639
angle,1780512857501157879,-2.0299999713897705,0,0.009999890811741352
angle,1780512857511158307,-2.0299999713897705,0,0.009999876841902733
angle,1780512857521158102,-2.0299999713897705,0,0.009999915957450867
angle,1780512857531158317,-2.0299999713897705,0,0.00999994482845068
angle,1780512857541158681,-2.0299999713897705,0,0.009999885223805904
angle,1780512857551159420,-2.0299999713897705,0,0.009999888949096203
angle,1780512857561159341,-2.0299999713897705,0,0.009999857284128666
angle,1780512857571159324,-2.0299999713897705,0,0.009999980218708515
angle,1780512857581159823,-2.0299999713897705,0,0.009999992325901985
angle,1780512857591160280,-2.0299999713897705,0,0.00999988242983818
angle,1780512857601160581,-2.0299999713897705,0,0.009999852627515793
angle,1780512857611160718,-2.0299999713897705,0,0.009999869391322136
angle,1780512857621160739,-2.0299999713897705,0,0.009999925270676613
angle,1780512857631161080,-2.0299999713897705,0,0.009999916888773441
angle,1780512857641162011,-2.0299999713897705,0,0.009999954141676426
angle,1780512857651161702,-2.0299999713897705,0,0.009999836795032024
angle,1780512857661162304,-2.0299999713897705,0,0.009999942034482956
angle,1780512857671162608,-2.0299999713897705,0,0.00999993272125721
angle,1780512857681163023,-2.0299999713897705,0,0.009999862872064114
angle,1780512857691163395,-2.0299999713897705,0,0.009999963454902172
angle,1780512857701163595,-2.0299999713897705,0,0.009999938309192657
angle,1780512857711163864,-2.0299999713897705,0,0.009999913163483143
angle,1780512857721163983,-2.0299999713897705,0,0.00999989453703165
angle,1780512857731164036,-2.0299999713897705,0,0.009999913163483143
angle,1780512857741164607,-2.0299999713897705,0,0.009999893605709076
angle,1780512857751164956,-2.0299999713897705,0,0.009999987669289112
angle,1780512857761165314,-2.0299999713897705,0,0.009999888949096203
angle,1780512857771166038,-2.0299999713897705,0,0.009999917820096016
angle,1780512857781165546,-2.0299999713897705,0,0.009999868459999561
angle,1780512857791166225,-2.0299999713897705,0,0.009999889880418777
angle,1780512857801166378,-2.0299999713897705,0,0.009999901987612247
angle,1780512857811167301,-2.0299999713897705,0,0.009999968111515045
angle,1780512857821167192,-2.0299999713897705,0,0.009999879635870457
angle,1780512857831167406,-2.0299999713897705,0,0.009999909438192844
angle,1780512857841167671,-2.0299999713897705,0,0.009999883361160755
angle,1780512857851168026,-2.0299999713897705,0,0.009999893605709076
angle,1780512857861168193,-2.0299999713897705,0,0.00999997928738594
angle,1780512857871168376,-2.0299999713897705,0,0.009999886155128479
angle,1780512857881169011,-2.0299999713897705,0,0.009999904781579971
angle,1780512857891168973,-2.0299999713897705,0,0.00999988429248333
angle,1780512857901169479,-2.0299999713897705,0,0.009999863803386688
angle,1780512857911169695,-2.0299999713897705,0,0.00999992061406374
angle,1780512857921170320,-2.0299999713897705,0,0.009999921545386314
angle,1780512857931170336,-2.0299999713897705,0,0.009999841451644897
angle,1780512857941170452,-2.0299999713897705,0,0.00999986007809639
angle,1780512857951171013,-2.0299999713897705,0,0.00999993272125721
angle,1780512857961171102,-2.0299999713897705,0,0.009999871253967285
angle,1780512857971171932,-2.0299999713897705,0,0.009999873116612434
angle,1780512857981172190,-2.0299999713897705,0,0.009999866597354412
angle,1780512857991171924,-2.0299999713897705,0,0.009999879635870457
angle,1780512858001172211,-2.0299999713897705,0,0.00999988242983818
angle,1780512858011173392,-2.0299999713897705,0,0.009999943897128105
angle,1780512858021172907,-2.0299999713897705,0,0.009999893605709076
angle,1780512858031173483,-2.0299999713897705,0,0.009999904781579971
angle,1780512858041173525,-2.0299999713897705,0,0.009999874047935009
angle,1780512858051174027,-2.0299999713897705,0,0.009999856352806091
angle,1780512858061174461,-2.0299999713897705,0,0.009999582543969154
angle,1780512858071173875,-2.0299999713897705,0,0.009999863803386688
angle,1780512858081174739,-2.0299999713897705,0,0.009999995119869709
angle,1780512858091174779,-2.0299999713897705,0,0.009999868459999561
angle,1780512858101175408,-2.0299999713897705,0,0.00999983586370945
angle,1780512858111175279,-2.0299999713897705,0,0.009999877773225307
angle,1780512858121175871,-2.0299999713897705,0,0.009999899193644524
angle,1780512858132900882,-2.0299999713897705,0,0.011725696735084057
angle,1780512858142903855,-2.0299999713897705,0,0.009999996051192284
angle,1780512858152903467,-2.0299999713897705,0,0.009999857284128666
angle,1780512858162903213,-2.0299999713897705,0,0.00999996718019247
angle,1780512858172903225,-2.0299999713897705,0,0.009999852627515793
angle,1780512858182904042,-2.0299999713897705,0,0.009999911300837994
angle,1780512858192903880,-2.0299999713897705,0,0.009999876841902733
angle,1780512858202904194,-2.0299999713897705,0,0.009999889880418777
angle,1780512858212904472,-2.0299999713897705,0,0.009999886155128479
angle,1780512858222905203,-2.0299999713897705,0,0.009999859146773815
angle,1780512858232904852,-2.0299999713897705,0,0.009999938309192657
angle,1780512858242905274,-2.0299999713897705,0,0.00999989453703165
angle,1780512858252905319,-2.0299999713897705,0,0.009999933652579784
angle,1780512858262905721,-2.0299999713897705,0,0.009999986737966537
angle,1780512858272906169,-2.0299999713897705,0,0.009999862872064114
angle,1780512858282906166,-2.0299999713897705,0,0.009999966248869896
angle,1780512858292906603,-2.0299999713897705,0,0.009999996982514858
angle,1780512858302906730,-2.0299999713897705,0,0.00999988242983818
angle,1780512858312907506,-2.0299999713897705,0,0.009999952279031277
angle,1780512858322907567,-2.0299999713897705,0,0.009999907575547695
angle,1780512858332907764,-2.0299999713897705,0,0.009999875910580158
angle,1780512858342907926,-2.0299999713897705,0,0.009999880567193031
angle,1780512858352908255,-2.0299999713897705,0,0.009999850764870644
angle,1780512858362908532,-2.0299999713897705,0,0.00999987218528986
angle,1780512858372908747,-2.0299999713897705,0,0.00999991875141859
angle,1780512858382908500,-2.0299999713897705,0,0.009999893605709076
angle,1780512858392909112,-2.0299999713897705,0,0.009999978356063366
angle,1780512858402909445,-2.0299999713897705,0,0.009999864734709263
angle,1780512858412909809,-2.0299999713897705,0,0.009999936446547508
angle,1780512858422909996,-2.0299999713897705,0,0.009999845176935196
angle,1780512858432910251,-2.0299999713897705,0,0.009999897330999374
angle,1780512858442910421,-2.0299999713897705,0,0.009999938309192657
angle,1780512858452910844,-2.0299999713897705,0,0.009999909438192844
angle,1780512858462910996,-2.0299999713897705,0,0.009999874047935009
angle,1780512858472911154,-2.0299999713897705,0,0.009999857284128666
angle,1780512858482911350,-2.0299999713897705,0,0.009999873116612434
angle,1780512858492911794,-2.0299999713897705,0,0.009999990463256836
angle,1780512858502912226,-2.0299999713897705,0,0.009999969974160194
angle,1780512858512912072,-2.0299999713897705,0,0.009999923408031464
angle,1780512858522912741,-2.0299999713897705,0,0.009999892674386501
angle,1780512858532912775,-2.0299999713897705,0,0.009999877773225307
angle,1780512858542913645,-2.0299999713897705,0,0.009999909438192844
angle,1780512858552913383,-2.0299999713897705,0,0.009999921545386314
angle,1780512858562913733,-2.0299999713897705,0,0.009999937377870083
angle,1780512858572913933,-2.0299999713897705,0,0.0099998963996768
angle,1780512858582914569,-2.0299999713897705,0,0.009999923408031464
angle,1780512858592914473,-2.0299999713897705,0,0.009999970905482769
angle,1780512858602914688,-2.0299999713897705,0,0.009999871253967285
angle,1780512858614604722,-2.0299999713897705,0,0.01169021986424923
angle,1780512858624606020,-2.0299999713897705,0,0.009999909438192844
angle,1780512858634606426,-2.0299999713897705,0,0.009999915957450867
angle,1780512858644606184,-2.0299999713897705,0,0.009999710135161877
angle,1780512858654606551,-2.0299999713897705,0,0.009999974630773067
angle,1780512858664607143,-2.0299999713897705,0,0.009999873116612434
angle,1780512858674606927,-2.0299999713897705,0,0.009999885223805904
angle,1780512858684607167,-2.0299999713897705,0,0.009999945759773254
angle,1780512858694607869,-2.0299999713897705,0,0.009999959729611874
angle,1780512858704607968,-2.0299999713897705,0,0.009999877773225307
angle,1780512858714607908,-2.0299999713897705,0,0.009999910369515419
angle,1780512858724609105,-2.0299999713897705,0,0.009999966248869896
angle,1780512858734608660,-2.0299999713897705,0,0.009999848902225494
angle,1780512858744608944,-2.0299999713897705,0,0.00999994296580553
angle,1780512858754609373,-2.0299999713897705,0,0.00999992061406374
angle,1780512858764609392,-2.0299999713897705,0,0.00999994482845068
angle,1780512858774609810,-2.0299999713897705,0,0.0099998963996768
angle,1780512858784610209,-2.0299999713897705,0,0.00999987032264471
angle,1780512858794610247,-2.0299999713897705,0,0.00999993085861206
angle,1780512858804610293,-2.0299999713897705,0,0.00999994482845068
angle,1780512858814610612,-2.0299999713897705,0,0.009999853558838367
angle,1780512858824611274,-2.0299999713897705,0,0.009999956004321575
angle,1780512858834611071,-2.0299999713897705,0,0.009999877773225307
angle,1780512858844611656,-2.0299999713897705,0,0.0099998963996768
angle,1780512858854611915,-2.0299999713897705,0,0.009999889880418777
angle,1780512858864612180,-2.0299999713897705,0,0.009999849833548069
angle,1780512858874612060,-2.0299999713897705,0,0.009999868459999561
angle,1780512858884612662,-2.0299999713897705,0,0.009999934583902359
angle,1780512858894613186,-2.0299999713897705,0,0.0099998963996768
angle,1780512858904612907,-2.0299999713897705,0,0.009999632835388184
angle,1780512858914613492,-2.0299999713897705,0,0.009999939240515232
angle,1780512858924613635,-2.0299999713897705,0,0.009999919682741165
angle,1780512858934613883,-2.0299999713897705,0,0.009999909438192844
angle,1780512858944614574,-2.0299999713897705,0,0.00999992061406374
angle,1780512858954614348,-2.0299999713897705,0,0.009999897330999374
angle,1780512858964614952,-2.0299999713897705,0,0.00999994482845068
angle,1780512858974615132,-2.0299999713897705,0,0.009999904781579971
angle,1780512858984616048,-2.0299999713897705,0,0.00999993085861206
angle,1780512858994616364,-2.0299999713897705,0,0.009999902918934822
angle,1780512859004616243,-2.0299999713897705,0,0.009999886155128479
angle,1780512859014616358,-2.0299999713897705,0,0.009999907575547695
angle,1780512859024616790,-2.0299999713897705,0,0.009999933652579784
angle,1780512859034617043,-2.0299999713897705,0,0.009999810717999935
angle,1780512859044631336,-2.0299999713897705,0,0.009999837726354599
angle,1780512859054617307,-2.0299999713897705,0,0.009999917820096016
angle,1780512859064617407,-2.0299999713897705,0,0.009999889880418777
angle,1780512859074618030,-2.0299999713897705,0,0.009999943897128105
angle,1780512859084618687,-2.0299999713897705,0,0.00999991875141859
angle,1780512859094618414,-2.0299999713897705,0,0.009999892674386501
angle,1780512859104618701,-2.0299999713897705,0,0.009999942034482956
angle,1780512859114618731,-2.0299999713897705,0,0.009999927133321762
angle,1780512859124619835,-2.0299999713897705,0,0.009999966248869896
angle,1780512859134619614,-2.0299999713897705,0,0.009999927133321762
angle,1780512859144619565,-2.0299999713897705,0,0.009999837726354599
angle,1780512859154620137,-2.0299999713897705,0,0.009999912232160568
angle,1780512859164620534,-2.0299999713897705,0,0.009999886155128479
angle,1780512859174620649,-2.0299999713897705,0,0.00999983586370945
angle,1780512859184620674,-2.0299999713897705,0,0.009999914094805717
angle,1780512859194620980,-2.0299999713897705,0,0.009999978356063366
angle,1780512859204621246,-2.0299999713897705,0,0.009999869391322136
angle,1780512859214621675,-2.0299999713897705,0,0.009999964386224747
angle,1780512859224621775,-2.0299999713897705,0,0.009999946691095829
angle,1780512859234623274,-2.0299999713897705,0,0.009999903850257397
angle,1780512859244622237,-2.0299999713897705,0,0.009999897330999374
angle,1780512859254622664,-2.0299999713897705,0,0.009999910369515419
angle,1780512859264622849,-2.0299999713897705,0,0.00999985821545124
angle,1780512859274623469,-2.0299999713897705,0,0.009999892674386501
angle,1780512859284623696,-2.0299999713897705,0,0.009999843314290047
angle,1780512859294623500,-2.0299999713897705,0,0.009999522008001804
angle,1780512859304623830,-2.0299999713897705,0,0.00999992061406374
angle,1780512859314623907,-2.0299999713897705,0,0.009999900124967098
angle,1780512859324624283,-2.0299999713897705,0,0.009999893605709076
angle,1780512859334624436,-2.0299999713897705,0,0.00999988242983818
angle,1780512859344624611,-2.0299999713897705,0,0.009999871253967285
angle,1780512859354624898,-2.0299999713897705,0,0.009999955072999
angle,1780512859364625173,-2.0299999713897705,0,0.00999989453703165
angle,1780512859374625637,-2.0299999713897705,0,0.009999933652579784
angle,1780512859384625468,-2.0299999713897705,0,0.009999876841902733
angle,1780512859394625840,-2.0299999713897705,0,0.009999910369515419
angle,1780512859404626217,-2.0299999713897705,0,0.009999950416386127
angle,1780512859414626470,-2.0299999713897705,0,0.0099998963996768
angle,1780512859424626967,-2.0299999713897705,0,0.009999890811741352
angle,1780512859434627260,-2.0299999713897705,0,0.009999857284128666
angle,1780512859444626842,-2.0299999713897705,0,0.009999876841902733
angle,1780512859454627220,-2.0299999713897705,0,0.009999897330999374
angle,1780512859464627689,-2.0299999713897705,0,0.009999983012676239
angle,1780512859474628216,-2.0299999713897705,0,0.009999874047935009
angle,1780512859484627943,-2.0299999713897705,0,0.00999988429248333
angle,1780512859494628497,-2.0299999713897705,0,0.009999961592257023
angle,1780512859504628569,-2.0299999713897705,0,0.00999989453703165
angle,1780512859514628720,-2.0299999713897705,0,0.009999941103160381
angle,1780512859524629562,-2.0299999713897705,0,0.009999978356063366
angle,1780512859534629324,-2.0299999713897705,0,0.00999990664422512
angle,1780512859544629497,-2.0299999713897705,0,0.009999948553740978
angle,1780512859554629660,-2.0299999713897705,0,0.009999905712902546
angle,1780512859564630111,-2.0299999713897705,0,0.009999937377870083
angle,1780512859574630415,-2.0299999713897705,0,0.009999959729611874
angle,1780512859584630605,-2.0299999713897705,0,0.009999903850257397
angle,1780512859594630796,-2.0299999713897705,0,0.009999925270676613
angle,1780512859604631305,-2.0299999713897705,0,0.009999921545386314
angle,1780512859614631473,-2.0299999713897705,0,0.009999645873904228
angle,1780512859624631452,-2.0299999713897705,0,0.009999926201999187
angle,1780512859634631897,-2.0299999713897705,0,0.009999955072999
angle,1780512859644631672,-2.0299999713897705,0,0.009999877773225307
angle,1780512859654632193,-2.0299999713897705,0,0.00999994482845068
angle,1780512859664632650,-2.0299999713897705,0,0.009999997913837433
angle,1780512859674632491,-2.0299999713897705,0,0.009999888017773628
angle,1780512859684632647,-2.0299999713897705,0,0.009999913163483143
angle,1780512859694632956,-2.0299999713897705,0,0.009999893605709076
angle,1780512859704633559,-2.0299999713897705,0,0.009999903850257397
angle,1780512859714634442,-2.0299999713897705,0,0.009999925270676613
angle,1780512859724634581,-2.0299999713897705,0,0.009999915026128292
angle,1780512859734634775,-2.0299999713897705,0,0.009999876841902733
angle,1780512859744635202,-2.0299999713897705,0,0.009999923408031464
angle,1780512859754635357,-2.0299999713897705,0,0.00999988242983818
angle,1780512859764635445,-2.0299999713897705,0,0.00999988242983818
angle,1780512859774635889,-2.0299999713897705,0,0.009999910369515419
angle,1780512859784636548,-2.0299999713897705,0,0.009999924339354038
angle,1780512859794636521,-2.0299999713897705,0,0.00999993085861206
angle,1780512859804636446,-2.0299999713897705,0,0.009999893605709076
angle,1780512859814636682,-2.0299999713897705,0,0.009999942034482956
angle,1780512859824637712,-2.0299999713897705,0,0.009999988600611687
angle,1780512859834637491,-2.0299999713897705,0,0.009999900124967098
angle,1780512859844637341,-2.0299999713897705,0,0.009999844245612621
angle,1780512859854637839,-2.0299999713897705,0,0.009999934583902359
angle,1780512859864638460,-2.0299999713897705,0,0.009999885223805904
angle,1780512859874638925,-2.0299999713897705,0,0.009999931789934635
angle,1780512859884638897,-2.0299999713897705,0,0.009999909438192844
angle,1780512859894639135,-2.0299999713897705,0,0.0099998963996768
angle,1780512859904639517,-2.0299999713897705,0,0.009999928064644337
angle,1780512859914639793,-2.0299999713897705,0,0.00999989453703165
angle,1780512859924639915,-2.0299999713897705,0,0.009999973699450493
angle,1780512859934640146,-2.0299999713897705,0,0.009999931789934635
angle,1780512859944640619,-2.0299999713897705,0,0.009999959729611874
angle,1780512859954640757,-2.0299999713897705,0,0.009999861940741539
angle,1780512859964641076,-2.0299999713897705,0,0.00999988242983818
angle,1780512859974642681,-2.0299999713897705,0,0.009999927133321762
angle,1780512859984641612,-2.0299999713897705,0,0.009999863803386688
angle,1780512859994642085,-2.0299999713897705,0,0.009999855421483517
angle,1780512860004644924,-2.0299999713897705,0,0.009999968111515045
angle,1780512860014642768,-2.0299999713897705,0,0.009999938309192657
angle,1780512860024643075,-2.0299999713897705,0,0.009999868459999561
angle,1780512860034643519,-2.0299999713897705,0,0.00999990664422512
angle,1780512860044643849,-2.0299999713897705,0,0.009999893605709076
angle,1780512860054643936,-2.0299999713897705,0,0.009999874047935009
angle,1780512860064643982,-2.0299999713897705,0,0.009999942034482956
angle,1780512860074644373,-2.0299999713897705,0,0.009999903850257397
angle,1780512860084644704,-2.0299999713897705,0,0.009999947622418404
angle,1780512860094644955,-2.0299999713897705,0,0.009999845176935196
angle,1780512860104645435,-2.0299999713897705,0,0.009999952279031277
angle,1780512860114645715,-2.0299999713897705,0,0.00999989453703165
angle,1780512860124645948,-2.0299999713897705,0,0.009999869391322136
angle,1780512860134646650,-2.0299999713897705,0,0.0099998963996768
angle,1780512860144646397,-2.0299999713897705,0,0.009999841451644897
angle,1780512860154646724,-2.0299999713897705,0,0.009999891743063927
angle,1780512860164646893,-2.0299999713897705,0,0.009999843314290047
angle,1780512860174647105,-2.0299999713897705,0,0.009999888949096203
angle,1780512860184647313,-2.0299999713897705,0,0.009999880567193031
angle,1780512860194647457,-2.0299999713897705,0,0.009999915026128292
angle,1780512860204647856,-2.0299999713897705,0,0.009999869391322136
angle,1780512860214648136,-2.0299999713897705,0,0.009999911300837994
angle,1780512860224648264,-2.0299999713897705,0,0.009999904781579971
angle,1780512860234648577,-2.0299999713897705,0,0.009999928995966911
angle,1780512860244648551,-2.0299999713897705,0,0.009999851696193218
angle,1780512860254649232,-2.0299999713897705,0,0.009999915026128292
angle,1780512860264649020,-2.0299999713897705,0,0.00999992061406374
angle,1780512860274650048,-2.0299999713897705,0,0.009999899193644524
angle,1780512860284650014,-2.0299999713897705,0,0.009999839588999748
angle,1780512860294649536,-2.0299999713897705,0,0.009999841451644897
angle,1780512860304650061,-2.0299999713897705,0,0.009999905712902546
angle,1780512860314650813,-2.0299999713897705,0,0.009999943897128105
angle,1780512860324650756,-2.0299999713897705,0,0.009999916888773441
angle,1780512860334651045,-2.0299999713897705,0,0.009999877773225307
angle,1780512860344653259,-2.0299999713897705,0,0.009999951347708702
angle,1780512860354651376,-2.0299999713897705,0,0.009999885223805904
angle,1780512860364652140,-2.0299999713897705,0,0.00999991875141859
angle,1780512860374652053,-2.0299999713897705,0,0.009999869391322136
angle,1780512860384652492,-2.0299999713897705,0,0.00999984797090292
angle,1780512860394652600,-2.0299999713897705,0,0.009999904781579971
angle,1780512860404652793,-2.0299999713897705,0,0.009999887086451054
angle,1780512860414653142,-2.0299999713897705,0,0.009999953210353851
angle,1780512860424653392,-2.0299999713897705,0,0.00999995693564415
angle,1780512860434653459,-2.0299999713897705,0,0.009999877773225307
angle,1780512860444653579,-2.0299999713897705,0,0.009999888949096203
angle,1780512860454654067,-2.0299999713897705,0,0.009999926201999187
angle,1780512860464654158,-2.0299999713897705,0,0.009999863803386688
angle,1780512860474654495,-2.0299999713897705,0,0.009999861940741539
angle,1780512860484654726,-2.0299999713897705,0,0.009999927133321762
angle,1780512860494655044,-2.0299999713897705,0,0.009999898262321949
angle,1780512860504655329,-2.0299999713897705,0,0.009999940171837807
angle,1780512860514655399,-2.0299999713897705,0,0.009999873116612434
angle,1780512860524655766,-2.0299999713897705,0,0.009999876841902733
angle,1780512860534655992,-2.0299999713897705,0,0.009999901987612247
angle,1780512860544656745,-2.0299999713897705,0,0.00999987032264471
angle,1780512860554656353,-2.0299999713897705,0,0.009999915957450867
angle,1780512860564656712,-2.0299999713897705,0,0.009999841451644897
angle,1780512860574656873,-2.0299999713897705,0,0.009999849833548069
angle,1780512860584657373,-2.0299999713897705,0,0.009999888949096203
angle,1780512860594657404,-2.0299999713897705,0,0.009999861940741539
angle,1780512860604657526,-2.0299999713897705,0,0.009999892674386501
angle,1780512860614657762,-2.0299999713897705,0,0.00999987218528986
angle,1780512860624658295,-2.0299999713897705,0,0.009999931789934635
angle,1780512860634659012,-2.0299999713897705,0,0.009999995119869709
angle,1780512860644658836,-2.0299999713897705,0,0.009999886155128479
angle,1780512860654659039,-2.0299999713897705,0,0.009999891743063927
angle,1780512860664659215,-2.0299999713897705,0,0.009999888949096203
angle,1780512860674659541,-2.0299999713897705,0,0.00999991875141859
angle,1780512860684659773,-2.0299999713897705,0,0.009999875910580158
angle,1780512860694660037,-2.0299999713897705,0,0.009999862872064114
angle,1780512860704660248,-2.0299999713897705,0,0.009999848902225494
angle,1780512860714660506,-2.0299999713897705,0,0.009999982081353664
angle,1780512860724660989,-2.0299999713897705,0,0.009999951347708702
angle,1780512860734660958,-2.0299999713897705,0,0.009999889880418777
angle,1780512860744661004,-2.0299999713897705,0,0.009999901987612247
angle,1780512860754661514,-2.0299999713897705,0,0.00999991875141859
angle,1780512860764661965,-2.0299999713897705,0,0.009999912232160568
angle,1780512860774662285,-2.0299999713897705,0,0.009999857284128666
angle,1780512860784662378,-2.0299999713897705,0,0.009999928064644337
angle,1780512860794662594,-2.0299999713897705,0,0.009999948553740978
angle,1780512860804662709,-2.0299999713897705,0,0.009999972768127918
angle,1780512860814663837,-2.0299999713897705,0,0.009999946691095829
angle,1780512860824663413,-2.0299999713897705,0,0.009999943897128105
angle,1780512860834663790,-2.0299999713897705,0,0.009999946691095829
angle,1780512860844664067,-2.0299999713897705,0,0.009999931789934635
angle,1780512860854664140,-2.0299999713897705,0,0.009999844245612621
angle,1780512860864665434,-2.0299999713897705,0,0.009999974630773067
angle,1780512860874664779,-2.0299999713897705,0,0.009999952279031277
angle,1780512860884665159,-2.0299999713897705,0,0.009999877773225307
angle,1780512860894664973,-2.0299999713897705,0,0.009999878704547882
angle,1780512860904665618,-2.0299999713897705,0,0.009999923408031464
angle,1780512860914665580,-2.0299999713897705,0,0.009999842382967472
angle,1780512860924665747,-2.0299999713897705,0,0.009999898262321949
angle,1780512860934666203,-2.0299999713897705,0,0.009999937377870083
angle,1780512860944666691,-2.0299999713897705,0,0.009999996051192284
angle,1780512860954666518,-2.0299999713897705,0,0.009999584406614304
angle,1780512860964667153,-2.0299999713897705,0,0.009999964386224747
angle,1780512860974667125,-2.0299999713897705,0,0.009999865666031837
angle,1780512860984667659,-2.0299999713897705,0,0.0099998963996768
angle,1780512860994667876,-2.0299999713897705,0,0.009999937377870083
angle,1780512861004667841,-2.0299999713897705,0,0.00999984797090292
angle,1780512861014668205,-2.0299999713897705,0,0.009999925270676613
angle,1780512861024668253,-2.0299999713897705,0,0.009999833069741726
angle,1780512861034668862,-2.0299999713897705,0,0.009999946691095829
angle,1780512861044668777,-2.0299999713897705,0,0.009999855421483517
angle,1780512861054669188,-2.0299999713897705,0,0.009999893605709076
angle,1780512861064669891,-2.0299999713897705,0,0.009999871253967285
angle,1780512861074669730,-2.0299999713897705,0,0.00999992061406374
angle,1780512861084670141,-2.0299999713897705,0,0.009999928995966911
angle,1780512861094670121,-2.0299999713897705,0,0.009999852627515793
angle,1780512861104670781,-2.0299999713897705,0,0.009999923408031464
angle,1780512861114670279,-2.0299999713897705,0,0.009999933652579784
angle,1780512861124670481,-2.0299999713897705,0,0.009999941103160381
angle,1780512861134671519,-2.0299999713897705,0,0.009999953210353851
angle,1780512861144671591,-2.0299999713897705,0,0.009999859146773815
angle,1780512861154671765,-2.0299999713897705,0,0.009999924339354038
angle,1780512861164672125,-2.0299999713897705,0,0.009999928995966911
angle,1780512861174672672,-2.0299999713897705,0,0.009999915026128292
angle,1780512861184672469,-2.0299999713897705,0,0.009999849833548069
angle,1780512861194672809,-2.0299999713897705,0,0.009999936446547508
angle,1780512861204673330,-2.0299999713897705,0,0.009999961592257023
angle,1780512861214673343,-2.0299999713897705,0,0.009999921545386314
angle,1780512861224673757,-2.0299999713897705,0,0.009999958798289299
angle,1780512861234674426,-2.0299999713897705,0,0.009999939240515232
angle,1780512861244674478,-2.0299999713897705,0,0.009999878704547882
angle,1780512861254674944,-2.0299999713897705,0,0.009999917820096016
angle,1780512861264674716,-2.0299999713897705,0,0.009999877773225307
angle,1780512861274675487,-2.0299999713897705,0,0.009999887086451054
angle,1780512861284676112,-2.0299999713897705,0,0.009999907575547695
angle,1780512861294675920,-2.0299999713897705,0,0.009999887086451054
angle,1780512861304676088,-2.0299999713897705,0,0.009999869391322136
angle,1780512861314676493,-2.0299999713897705,0,0.009999947622418404
angle,1780512861324676867,-2.0299999713897705,0,0.009999928064644337
angle,1780512861334678049,-2.0299999713897705,0,0.009999934583902359
angle,1780512861344677343,-2.0299999713897705,0,0.00999987032264471
angle,1780512861354677606,-2.0299999713897705,0,0.009999868459999561
angle,1780512861364678383,-2.0299999713897705,0,0.010000014677643776
angle,1780512861374678309,-2.0299999713897705,0,0.009999955072999
angle,1780512861384678568,-2.0299999713897705,0,0.00999988429248333
angle,1780512861394678275,-2.0299999713897705,0,0.009999862872064114
angle,1780512861404678412,-2.0299999713897705,0,0.009999890811741352
angle,1780512861414679497,-2.0299999713897705,0,0.010000021196901798
angle,1780512861424680053,-2.0299999713897705,0,0.009999925270676613
angle,1780512861434681533,-2.0299999713897705,0,0.010000120848417282
angle,1780512861445398207,-2.0299999713897705,0,0.010718013159930706
angle,1780512861455400677,-2.0299999713897705,0,0.009999978356063366
angle,1780512861465399183,-2.0299999713897705,0,0.00999990664422512
angle,1780512861475399832,-2.0299999713897705,0,0.009999959729611874
angle,1780512861485400146,-2.0299999713897705,0,0.009999950416386127
angle,1780512861495400223,-2.0299999713897705,0,0.009999943897128105
angle,1780512861505400636,-2.0299999713897705,0,0.009999888017773628
angle,1780512861515400659,-2.0299999713897705,0,0.009999929927289486
angle,1780512861525401433,-2.0299999713897705,0,0.009999980218708515
angle,1780512861535401477,-2.0299999713897705,0,0.00999990664422512
angle,1780512861545401594,-2.0299999713897705,0,0.009999945759773254
angle,1780512861555402181,-2.0299999713897705,0,0.009999925270676613
angle,1780512861565402721,-2.0299999713897705,0,0.009999936446547508
angle,1780512861575402496,-2.0299999713897705,0,0.009999907575547695
angle,1780512861585403042,-2.0299999713897705,0,0.00999999325722456
angle,1780512861595404173,-2.0299999713897705,0,0.009999977424740791
angle,1780512861605403978,-2.0299999713897705,0,0.009999845176935196
angle,1780512861615404648,-2.0299999713897705,0,0.009999934583902359
angle,1780512861625404785,-2.0299999713897705,0,0.00999991875141859
angle,1780512861635405079,-2.0299999713897705,0,0.009999899193644524
angle,1780512861645405178,-2.0299999713897705,0,0.009999876841902733
angle,1780512861655405662,-2.0299999713897705,0,0.009999865666031837
angle,1780512861665405932,-2.0299999713897705,0,0.010000036098062992
angle,1780512861675405593,-2.0299999713897705,0,0.009999923408031464
angle,1780512861685406183,-2.0299999713897705,0,0.009999915957450867
angle,1780512861695414108,-2.0299999713897705,0,0.010000055655837059
angle,1780512861705406913,-2.0299999713897705,0,0.009999874047935009
angle,1780512861715407038,-2.0299999713897705,0,0.009999968111515045
angle,1780512861725414030,-2.0299999713897705,0,0.009999868459999561
angle,1780512861735417245,-2.0299999713897705,0,0.009999919682741165
angle,1780512861745414777,-2.0299999713897705,0,0.009999893605709076
angle,1780512861755414066,-2.0299999713897705,0,0.009999892674386501
angle,1780512861765429238,-2.0299999713897705,0,0.00999987032264471
angle,1780512861775419901,-2.0299999713897705,0,0.009999898262321949
angle,1780512861785419884,-2.0299999713897705,0,0.009999762289226055
angle,1780512861795420315,-2.0299999713897705,0,0.009999951347708702
angle,1780512861807060815,-2.0299999713897705,0,0.011640672571957111
angle,1780512861817062491,-2.0299999713897705,0,0.009999885223805904
angle,1780512861827062262,-2.0299999713897705,0,0.009999837726354599
angle,1780512861837062412,-2.0299999713897705,0,0.009999925270676613
angle,1780512861847062856,-2.0299999713897705,0,0.010000016540288925
angle,1780512861857063005,-2.0299999713897705,0,0.009999903850257397
angle,1780512861867063993,-2.0299999713897705,0,0.010000056587159634
angle,1780512861877065394,-2.0299999713897705,0,0.009999893605709076
angle,1780512861887064538,-2.0299999713897705,0,0.009999887086451054
angle,1780512861897064938,-2.0299999713897705,0,0.009999843314290047
angle,1780512861907065169,-2.0299999713897705,0,0.010000023990869522
angle,1780512861917065331,-2.0299999713897705,0,0.00999994296580553
angle,1780512861927066037,-2.0299999713897705,0,0.009999839588999748
angle,1780512861937066458,-2.0299999713897705,0,0.009999919682741165
angle,1780512861947066132,-2.0299999713897705,0,0.009999575093388557
angle,1780512861957066651,-2.0299999713897705,0,0.009999939240515232
angle,1780512861967066798,-2.0299999713897705,0,0.009999848902225494
angle,1780512861977067075,-2.0299999713897705,0,0.00999983586370945
angle,1780512861987067110,-2.0299999713897705,0,0.009999936446547508
angle,1780512861997067894,-2.0299999713897705,0,0.009999992325901985
angle,1780512862007068192,-2.0299999713897705,0,0.010000023059546947
angle,1780512862017068447,-2.0299999713897705,0,0.009999890811741352
angle,1780512862027068598,-2.0299999713897705,0,0.009999869391322136
angle,1780512862037069129,-2.0299999713897705,0,0.009999928064644337
angle,1780512862047069750,-2.0299999713897705,0,0.00999990664422512
angle,1780512862057069488,-2.0299999713897705,0,0.009999937377870083
angle,1780512862067070148,-2.0299999713897705,0,0.009999987669289112
angle,1780512862077070301,-2.0299999713897705,0,0.0099998963996768
angle,1780512862087070677,-2.0299999713897705,0,0.009999901056289673
angle,1780512862097071129,-2.0299999713897705,0,0.009999927133321762
angle,1780512862107072418,-2.0299999713897705,0,0.009999862872064114
angle,1780512862117071648,-2.0299999713897705,0,0.009999937377870083
angle,1780512862127071807,-2.0299999713897705,0,0.009999863803386688
angle,1780512862137072069,-2.0299999713897705,0,0.009999865666031837
angle,1780512862147072231,-2.0299999713897705,0,0.009999999776482582
angle,1780512862157072800,-2.0299999713897705,0,0.009999942034482956
angle,1780512862167073367,-2.0299999713897705,0,0.009999911300837994
angle,1780512862177073019,-2.0299999713897705,0,0.009999862872064114
angle,1780512862187073737,-2.0299999713897705,0,0.009999891743063927
angle,1780512862197073753,-2.0299999713897705,0,0.009999916888773441
angle,1780512862207074421,-2.0299999713897705,0,0.009999955072999
angle,1780512862217074501,-2.0299999713897705,0,0.009999952279031277
angle,1780512862227074978,-2.0299999713897705,0,0.009999921545386314
angle,1780512862237074785,-2.0299999713897705,0,0.009999841451644897
angle,1780512862247388510,-2.0299999713897705,0,0.010313783772289753
angle,1780512862257390218,-2.0299999713897705,0,0.00999996718019247
angle,1780512862267389852,-2.0299999713897705,0,0.009999888017773628
angle,1780512862277390818,-2.0299999713897705,0,0.009999898262321949
angle,1780512862287390471,-2.0299999713897705,0,0.009999852627515793
angle,1780512862297390795,-2.0299999713897705,0,0.009999988600611687
angle,1780512862307392403,-2.0299999713897705,0,0.009999980218708515
angle,1780512862317392514,-2.0299999713897705,0,0.00999994296580553
angle,1780512862327392416,-2.0299999713897705,0,0.009999873116612434
angle,1780512862337392174,-2.0299999713897705,0,0.009999535977840424
angle,1780512862347392731,-2.0299999713897705,0,0.009999917820096016
angle,1780512862357392766,-2.0299999713897705,0,0.00999991875141859
angle,1780512862367393381,-2.0299999713897705,0,0.009999937377870083
angle,1780512862377394689,-2.0299999713897705,0,0.009999923408031464
angle,1780512862387393910,-2.0299999713897705,0,0.009999928995966911
angle,1780512862397393783,-2.0299999713897705,0,0.00999982375651598
angle,1780512862407394473,-2.0299999713897705,0,0.00999989453703165
angle,1780512862417394706,-2.0299999713897705,0,0.009999885223805904
angle,1780512862427394990,-2.0299999713897705,0,0.00999999325722456
angle,1780512862437395177,-2.0299999713897705,0,0.009999919682741165
angle,1780512862447395899,-2.0299999713897705,0,0.009999982081353664
angle,1780512862457396673,-2.0299999713897705,0,0.009999893605709076
angle,1780512862467396192,-2.0299999713897705,0,0.009999905712902546
angle,1780512862477396335,-2.0299999713897705,0,0.009999899193644524
angle,1780512862487396342,-2.0299999713897705,0,0.009999916888773441
angle,1780512862497397629,-2.0299999713897705,0,0.00999999139457941
angle,1780512862507397993,-2.0299999713897705,0,0.009999863803386688
angle,1780512862517397945,-2.0299999713897705,0,0.009999836795032024
angle,1780512862527398481,-2.0299999713897705,0,0.009999899193644524
angle,1780512862537399271,-2.0299999713897705,0,0.009999931789934635
angle,1780512862547399260,-2.0299999713897705,0,0.009999863803386688
angle,1780512862557440407,-2.0299999713897705,0,0.01003975234925747
angle,1780512862567441276,-2.0299999713897705,0,0.00999986007809639
angle,1780512862577441366,-2.0299999713897705,0,0.009999861009418964
angle,1780512862587441527,-2.0299999713897705,0,0.009999966248869896
angle,1780512862597442026,-2.0299999713897705,0,0.009999901987612247
angle,1780512862607441863,-2.0299999713897705,0,0.009999829344451427
angle,1780512862617442539,-2.0299999713897705,0,0.009999936446547508
angle,1780512862627442575,-2.0299999713897705,0,0.009999931789934635
angle,1780512862637443587,-2.0299999713897705,0,0.009999992325901985
angle,1780512862647443472,-2.0299999713897705,0,0.009999832138419151
angle,1780512862657443420,-2.0299999713897705,0,0.00999988429248333
angle,1780512862667444068,-2.0299999713897705,0,0.009999998845160007
angle,1780512862677444408,-2.0299999713897705,0,0.009999885223805904
angle,1780512862687445320,-2.0299999713897705,0,0.009999939240515232
angle,1780512862697444973,-2.0299999713897705,0,0.009999928995966911
angle,1780512862707445325,-2.0299999713897705,0,0.009999874047935009
angle,1780512862717445978,-2.0299999713897705,0,0.009999869391322136
angle,1780512862727446405,-2.0299999713897705,0,0.00999998115003109
angle,1780512862737447348,-2.0299999713897705,0,0.009999857284128666
angle,1780512862747447668,-2.0299999713897705,0,0.009999983012676239
angle,1780512862757447637,-2.0299999713897705,0,0.009999941103160381
angle,1780512862767447479,-2.0299999713897705,0,0.009999836795032024
angle,1780512862777499697,-2.0299999713897705,0,0.010050465352833271
angle,1780512862787499533,-2.0299999713897705,0,0.009999825619161129
angle,1780512862797500111,-2.0299999713897705,0,0.009999874979257584
angle,1780512862807500170,-2.0299999713897705,0,0.009999917820096016
angle,1780512862817500786,-2.0299999713897705,0,0.009999832138419151
angle,1780512862827501430,-2.0299999713897705,0,0.00999988242983818
angle,1780512862837501603,-2.0299999713897705,0,0.009999892674386501
angle,1780512862847501002,-2.0299999713897705,0,0.009999875910580158
angle,1780512862857501310,-2.0299999713897705,0,0.009999913163483143
angle,1780512862867502162,-2.0299999713897705,0,0.009999853558838367
angle,1780512862877501995,-2.0299999713897705,0,0.00999987032264471
angle,1780512862887502893,-2.0299999713897705,0,0.009999929927289486
angle,1780512862897503573,-2.0299999713897705,0,0.009999899193644524
angle,1780512862907503558,-2.0299999713897705,0,0.009999938309192657
angle,1780512862917504079,-2.0299999713897705,0,0.009999927133321762
angle,1780512862927503715,-2.0299999713897705,0,0.009999866597354412
angle,1780512862937504011,-2.0299999713897705,0,0.009999915957450867
angle,1780512862947504440,-2.0299999713897705,0,0.009999955072999
angle,1780512862957514533,-2.0299999713897705,0,0.010009744204580784
angle,1780512862967515535,-2.0299999713897705,0,0.009999983012676239
angle,1780512862977515030,-2.0299999713897705,0,0.00999986007809639
angle,1780512862987516492,-2.0299999713897705,0,0.009999885223805904
angle,1780512862997516094,-2.0299999713897705,0,0.009999964386224747
angle,1780512863007516763,-2.0299999713897705,0,0.009999856352806091
angle,1780512863017517174,-2.0299999713897705,0,0.009999994188547134
angle,1780512863027516665,-2.0299999713897705,0,0.009999956004321575
angle,1780512863037517284,-2.0299999713897705,0,0.009999947622418404
angle,1780512863047517833,-2.0299999713897705,0,0.009999886155128479
angle,1780512863057519500,-2.0299999713897705,0,0.009999844245612621
angle,1780512863067518897,-2.0299999713897705,0,0.009999974630773067
angle,1780512863077518754,-2.0299999713897705,0,0.009999901056289673
angle,1780512863087519295,-2.0299999713897705,0,0.009999951347708702
angle,1780512863097519488,-2.0299999713897705,0,0.009999959729611874
angle,1780512863107519088,-2.0299999713897705,0,0.009999886155128479
angle,1780512863117520227,-2.0299999713897705,0,0.009999943897128105
angle,1780512863127520110,-2.0299999713897705,0,0.009999893605709076
angle,1780512863137520161,-2.0299999713897705,0,0.009999879635870457
angle,1780512863147520832,-2.0299999713897705,0,0.009999910369515419
angle,1780512863157520571,-2.0299999713897705,0,0.00999988242983818
angle,1780512863167521086,-2.0299999713897705,0,0.009999946691095829
angle,1780512863177521624,-2.0299999713897705,0,0.009999938309192657
angle,1780512863187521930,-2.0299999713897705,0,0.009999877773225307
angle,1780512863197522568,-2.0299999713897705,0,0.009999990463256836
angle,1780512863207522603,-2.0299999713897705,0,0.009999984875321388
angle,1780512863217522898,-2.0299999713897705,0,0.009999925270676613
angle,1780512863227523059,-2.0299999713897705,0,0.009999956004321575
angle,1780512863237523782,-2.0299999713897705,0,0.009999902918934822
angle,1780512863247524847,-2.0299999713897705,0,0.009999925270676613
angle,1780512863257523912,-2.0299999713897705,0,0.009999743662774563
angle,1780512863267524467,-2.0299999713897705,0,0.009999888949096203
angle,1780512863277525005,-2.0299999713897705,0,0.009999923408031464
angle,1780512863287524975,-2.0299999713897705,0,0.009999741800129414
angle,1780512863297525059,-2.0299999713897705,0,0.00999990664422512
angle,1780512863307525519,-2.0299999713897705,0,0.009999902918934822
angle,1780512863317526226,-2.0299999713897705,0,0.009999990463256836
angle,1780512863327525858,-2.0299999713897705,0,0.009999856352806091
angle,1780512863337526374,-2.0299999713897705,0,0.009999970905482769
angle,1780512863347527403,-2.0299999713897705,0,0.009999878704547882
angle,1780512863357526921,-2.0299999713897705,0,0.009999505244195461
angle,1780512863367527821,-2.0299999713897705,0,0.009999893605709076
angle,1780512863377528075,-2.0299999713897705,0,0.009999927133321762
angle,1780512863387527973,-2.0299999713897705,0,0.009999890811741352
angle,1780512863397529424,-2.0299999713897705,0,0.009999901987612247
angle,1780512863407528720,-2.0299999713897705,0,0.010000042617321014
angle,1780512863417528896,-2.0299999713897705,0,0.009999883361160755
angle,1780512863427529328,-2.0299999713897705,0,0.009999904781579971
angle,1780512863437529552,-2.0299999713897705,0,0.009999970905482769
angle,1780512863447529891,-2.0299999713897705,0,0.009999777190387249
angle,1780512863457530459,-2.0299999713897705,0,0.00999984797090292
angle,1780512863467530347,-2.0299999713897705,0,0.00999988429248333
angle,1780512863477530774,-2.0299999713897705,0,0.009999977424740791
angle,1780512863487531513,-2.0299999713897705,0,0.009999859146773815
angle,1780512863497532405,-2.0299999713897705,0,0.0099998963996768
angle,1780512863507531405,-2.0299999713897705,0,0.00999986007809639
angle,1780512863517531696,-2.0299999713897705,0,0.00999989453703165
angle,1780512863527532026,-2.0299999713897705,0,0.009999885223805904
angle,1780512863537532497,-2.0299999713897705,0,0.00999988429248333
angle,1780512863547532806,-2.0299999713897705,0,0.009999871253967285
angle,1780512863557532684,-2.0299999713897705,0,0.009999992325901985
angle,1780512863567533383,-2.0299999713897705,0,0.009999901987612247
angle,1780512863577534127,-2.0299999713897705,0,0.009999937377870083
angle,1780512863587533897,-2.0299999713897705,0,0.00999987218528986
angle,1780512863597535060,-2.0299999713897705,0,0.009999845176935196
angle,1780512863607534592,-2.0299999713897705,0,0.009999996051192284
angle,1780512863617535043,-2.0299999713897705,0,0.009999898262321949
angle,1780512863627535517,-2.0299999713897705,0,0.009999917820096016
angle,1780512863637536295,-2.0299999713897705,0,0.009999954141676426
angle,1780512863647536727,-2.0299999713897705,0,0.010000010021030903
angle,1780512863657536768,-2.0299999713897705,0,0.009999950416386127
angle,1780512863667537784,-2.0299999713897705,0,0.009999943897128105
angle,1780512863677538017,-2.0299999713897705,0,0.00999978743493557
angle,1780512863687537851,-2.0299999713897705,0,0.009999965317547321
angle,1780512863697538531,-2.0299999713897705,0,0.009999959729611874
angle,1780512863707539141,-2.0299999713897705,0,0.009999868459999561
angle,1780512863717538808,-2.0299999713897705,0,0.009999861009418964
angle,1780512863727539628,-2.0299999713897705,0,0.009999988600611687
angle,1780512863737540755,-2.0299999713897705,0,0.010000022128224373
angle,1780512863747539780,-2.0299999713897705,0,0.009999947622418404
angle,1780512863757540335,-2.0299999713897705,0,0.009999898262321949
angle,1780512863767540394,-2.0299999713897705,0,0.009999878704547882
angle,1780512863777540911,-2.0299999713897705,0,0.010000040754675865
angle,1780512863787540962,-2.0299999713897705,0,0.009999897330999374
angle,1780512863797541913,-2.0299999713897705,0,0.009999907575547695
angle,1780512863807542396,-2.0299999713897705,0,0.009999869391322136
angle,1780512863817541910,-2.0299999713897705,0,0.009999952279031277
angle,1780512863827542165,-2.0299999713897705,0,0.009999905712902546
angle,1780512863837542972,-2.0299999713897705,0,0.009999891743063927
angle,1780512863847543207,-2.0299999713897705,0,0.009999530389904976
angle,1780512863857543370,-2.0299999713897705,0,0.009999897330999374
angle,1780512863867544181,-2.0299999713897705,0,0.009999953210353851
angle,1780512863877543796,-2.0299999713897705,0,0.009999741800129414
angle,1780512863887544083,-2.0299999713897705,0,0.009999897330999374
angle,1780512863897544836,-2.0299999713897705,0,0.009999892674386501
angle,1780512863907544942,-2.0299999713897705,0,0.009999843314290047
angle,1780512863917545371,-2.0299999713897705,0,0.009999948553740978
angle,1780512863927545581,-2.0299999713897705,0,0.009999845176935196
angle,1780512863937545765,-2.0299999713897705,0,0.009999987669289112
angle,1780512863947545582,-2.0299999713897705,0,0.009999868459999561
angle,1780512863957546743,-2.0299999713897705,0,0.009999921545386314
angle,1780512863967546495,-2.0299999713897705,0,0.009999834932386875
angle,1780512863977548007,-2.0299999713897705,0,0.009999879635870457
angle,1780512863987546800,-2.0299999713897705,0,0.009999865666031837
angle,1780512863997548587,-2.0299999713897705,0,0.010000038892030716
angle,1780512864007548557,-2.0299999713897705,0,0.009999923408031464
angle,1780512864017548464,-2.0299999713897705,0,0.009999892674386501
angle,1780512864027549025,-2.0299999713897705,0,0.009999948553740978
angle,1780512864037549160,-2.0299999713897705,0,0.00999995693564415
angle,1780512864047549516,-2.0299999713897705,0,0.009999863803386688
angle,1780512864057550533,-2.0299999713897705,0,0.009999910369515419
angle,1780512864067549741,-2.0299999713897705,0,0.009999784640967846
angle,1780512864077550252,-2.0299999713897705,0,0.009999877773225307
angle,1780512864087549814,-2.0299999713897705,0,0.009999968111515045
angle,1780512864097551005,-2.0299999713897705,0,0.009999892674386501
angle,1780512864107551592,-2.0299999713897705,0,0.009999965317547321
angle,1780512864117551844,-2.0299999713897705,0,0.009999723173677921
angle,1780512864127551745,-2.0299999713897705,0,0.009999952279031277
angle,1780512864137552004,-2.0299999713897705,0,0.009999873116612434
angle,1780512864147552469,-2.0299999713897705,0,0.009999954141676426
angle,1780512864157552288,-2.0299999713897705,0,0.009999956004321575
angle,1780512864167553288,-2.0299999713897705,0,0.00999994296580553
angle,1780512864177553155,-2.0299999713897705,0,0.009999941103160381
angle,1780512864187553641,-2.0299999713897705,0,0.009999950416386127
angle,1780512864197553532,-2.0299999713897705,0,0.009999934583902359
angle,1780512864207553742,-2.0299999713897705,0,0.009999899193644524
angle,1780512864217554504,-2.0299999713897705,0,0.009999963454902172
angle,1780512864227554714,-2.0299999713897705,0,0.009999888017773628
angle,1780512864237555765,-2.0299999713897705,0,0.01000000536441803
angle,1780512864247555685,-2.0299999713897705,0,0.009999926201999187
angle,1780512864257555835,-2.0299999713897705,0,0.009999844245612621
angle,1780512864267556226,-2.0299999713897705,0,0.009999865666031837
angle,1780512864277556779,-2.0299999713897705,0,0.009999901987612247
angle,1780512864287557609,-2.0299999713897705,0,0.009999929927289486
angle,1780512864297556977,-2.0299999713897705,0,0.0099998963996768
angle,1780512864307558000,-2.0299999713897705,0,0.009999919682741165
angle,1780512864317557554,-2.0299999713897705,0,0.009999907575547695
angle,1780512864327558226,-2.0299999713897705,0,0.009999890811741352
angle,1780512864337558433,-2.0299999713897705,0,0.00999992061406374
angle,1780512864347558718,-2.0299999713897705,0,0.00999987218528986
angle,1780512864357558663,-2.0299999713897705,0,0.009999887086451054
angle,1780512864367560001,-2.0299999713897705,0,0.009999924339354038
angle,1780512864377559138,-2.0299999713897705,0,0.0099998340010643
angle,1780512864387559822,-2.0299999713897705,0,0.00999989453703165
angle,1780512864397560412,-2.0299999713897705,0,0.00999997928738594
angle,1780512864407560168,-2.0299999713897705,0,0.009999875910580158
angle,1780512864417560527,-2.0299999713897705,0,0.009999897330999374
angle,1780512864427561111,-2.0299999713897705,0,0.009999849833548069
angle,1780512864437561302,-2.0299999713897705,0,0.009999927133321762
angle,1780512864447561438,-2.0299999713897705,0,0.010000096634030342
angle,1780512864457562527,-2.0299999713897705,0,0.009999925270676613
angle,1780512864467562157,-2.0299999713897705,0,0.009999770671129227
angle,1780512864477562418,-2.0299999713897705,0,0.009999844245612621
angle,1780512864487563547,-2.0299999713897705,0,0.009999890811741352
angle,1780512864497563130,-2.0299999713897705,0,0.009999885223805904
angle,1780512864507564248,-2.0299999713897705,0,0.010000001639127731
angle,1780512864517564069,-2.0299999713897705,0,0.00999986007809639
angle,1780512864527563542,-2.0299999713897705,0,0.009999865666031837
angle,1780512864537564565,-2.0299999713897705,0,0.009999898262321949
angle,1780512864547565100,-2.0299999713897705,0,0.00999993272125721
angle,1780512864557565142,-2.0299999713897705,0,0.009999598376452923
angle,1780512864567565354,-2.0299999713897705,0,0.009999912232160568
angle,1780512864577565417,-2.0299999713897705,0,0.010000060312449932
angle,1780512864587566967,-2.0299999713897705,0,0.009999874047935009
angle,1780512864599082257,-2.0299999713897705,0,0.011516728438436985
angle,1780512864609083401,-2.0299999713897705,0,0.00999996718019247
angle,1780512864619083933,-2.0299999713897705,0,0.009999945759773254
angle,1780512864629084291,-2.0299999713897705,0,0.009999939240515232
angle,1780512864639084835,-2.0299999713897705,0,0.009999878704547882
angle,1780512864649085048,-2.0299999713897705,0,0.009999850764870644
angle,1780512864659085106,-2.0299999713897705,0,0.009999836795032024
angle,1780512864669085181,-2.0299999713897705,0,0.009999926201999187
angle,1780512864679085927,-2.0299999713897705,0,0.009999877773225307
angle,1780512864689085755,-2.0299999713897705,0,0.009999529458582401
angle,1780512864699085960,-2.0299999713897705,0,0.009999988600611687
angle,1780512864709086425,-2.0299999713897705,0,0.009999843314290047
angle,1780512864719086422,-2.0299999713897705,0,0.009999871253967285
angle,1780512864729087015,-2.0299999713897705,0,0.010000008158385754
angle,1780512864739087484,-2.0299999713897705,0,0.0099998340010643
angle,1780512864749087490,-2.0299999713897705,0,0.009999856352806091
angle,1780512864759088231,-2.0299999713897705,0,0.009999986737966537
angle,1780512864769088232,-2.0299999713897705,0,0.009999845176935196
angle,1780512864779088846,-2.0299999713897705,0,0.009999478235840797
angle,1780512864789090227,-2.0299999713897705,0,0.009999915957450867
angle,1780512864799090623,-2.0299999713897705,0,0.009999912232160568
angle,1780512864809090749,-2.0299999713897705,0,0.009999929927289486
angle,1780512864819091199,-2.0299999713897705,0,0.009999869391322136
angle,1780512864829089897,-2.0299999713897705,0,0.009999869391322136
angle,1780512864839091577,-2.0299999713897705,0,0.010000023059546947
angle,1780512864849444122,-2.0299999713897705,0,0.010350723750889301
angle,1780512864859443909,-2.0299999713897705,0,0.009999885223805904
angle,1780512864869445475,-2.0299999713897705,0,0.009999958798289299
angle,1780512864881440755,-2.0299999713897705,0,0.011994465254247189
angle,1780512864891440246,-2.0299999713897705,0,0.009999779984354973
angle,1780512864901441000,-2.0299999713897705,0,0.009999954141676426
angle,1780512864911440700,-2.0299999713897705,0,0.009999892674386501
angle,1780512864921442065,-2.0299999713897705,0,0.009999963454902172
angle,1780512864931442062,-2.0299999713897705,0,0.00999979954212904
angle,1780512864941448787,-2.0299999713897705,0,0.01000586524605751
angle,1780512864951448170,-2.0299999713897705,0,0.009999815374612808
angle,1780512864961448200,-2.0299999713897705,0,0.009999888949096203
angle,1780512864971448916,-2.0299999713897705,0,0.009999847039580345
angle,1780512864981448390,-2.0299999713897705,0,0.009999927133321762
angle,1780512864991447682,-2.0299999713897705,0,0.009999915957450867
angle,1780512865001449306,-2.0299999713897705,0,0.009999995119869709
angle,1780512865011448242,-2.0299999713897705,0,0.009999926201999187
angle,1780512865021448531,-2.0299999713897705,0,0.009999992325901985
angle,1780512865031448685,-2.0299999713897705,0,0.009999961592257023
angle,1780512865041449360,-2.0299999713897705,0,0.009999965317547321
angle,1780512865051449523,-2.0299999713897705,0,0.009999956004321575
angle,1780512865061451617,-2.0299999713897705,0,0.009999984875321388
angle,1780512865071452267,-2.0299999713897705,0,0.009999880567193031
angle,1780512865081450693,-2.0299999713897705,0,0.009999514557421207
angle,1780512865091462216,-2.0299999713897705,0,0.010000012814998627
angle,1780512865101450883,-2.0299999713897705,0,0.009999495930969715
angle,1780512865111451228,-2.0299999713897705,0,0.009999948553740978
angle,1780512865121451256,-2.0299999713897705,0,0.009999948553740978
angle,1780512865131451503,-2.0299999713897705,0,0.009999958798289299
angle,1780512865141453355,-2.0299999713897705,0,0.009999983943998814
angle,1780512865151452250,-2.0299999713897705,0,0.010000006295740604
angle,1780512865161453645,-2.0299999713897705,0,0.009999957866966724
angle,1780512865171452734,-2.0299999713897705,0,0.009999909438192844
angle,1780512865181453010,-2.0299999713897705,0,0.00999995693564415
angle,1780512865191453128,-2.0299999713897705,0,0.009999995119869709
angle,1780512865201453594,-2.0299999713897705,0,0.009999999776482582
angle,1780512865211453568,-2.0299999713897705,0,0.009999969974160194
angle,1780512865221453713,-2.0299999713897705,0,0.009999931789934635
angle,1780512865231454324,-2.0299999713897705,0,0.009999972768127918
angle,1780512865241454237,-2.0299999713897705,0,0.009999996982514858
angle,1780512865251454480,-2.0299999713897705,0,0.010000008158385754
angle,1780512865261455214,-2.0299999713897705,0,0.009999992325901985
angle,1780512865271455121,-2.0299999713897705,0,0.009999886155128479
angle,1780512865281455407,-2.0299999713897705,0,0.009999978356063366
angle,1780512865291455674,-2.0299999713897705,0,0.009999999776482582
angle,1780512865301455689,-2.0299999713897705,0,0.009999915026128292
angle,1780512865311455816,-2.0299999713897705,0,0.009999997913837433
angle,1780512865321456173,-2.0299999713897705,0,0.009999946691095829
angle,1780512865331456473,-2.0299999713897705,0,0.009999959729611874
angle,1780512865341456998,-2.0299999713897705,0,0.010000002570450306
angle,1780512865351457131,-2.0299999713897705,0,0.009999957866966724
angle,1780512865361457712,-2.0299999713897705,0,0.009999954141676426
angle,1780512865371457488,-2.0299999713897705,0,0.009999954141676426
angle,1780512865383013138,-2.0299999713897705,0,0.011554858647286892
angle,1780512865393014016,-2.0299999713897705,0,0.010000011883676052
angle,1780512865403013895,-2.0299999713897705,0,0.009999995119869709
angle,1780512865413014142,-2.0299999713897705,0,0.00999995693564415
angle,1780512865423014243,-2.0299999713897705,0,0.009999963454902172
angle,1780512865433014623,-2.0299999713897705,0,0.00999994296580553
angle,1780512865443015232,-2.0299999713897705,0,0.009999945759773254
angle,1780512865453015054,-2.0299999713897705,0,0.009999960660934448
angle,1780512865463015590,-2.0299999713897705,0,0.009999942034482956
angle,1780512865473015523,-2.0299999713897705,0,0.009999942034482956
angle,1780512865483016278,-2.0299999713897705,0,0.009999980218708515
angle,1780512865493018234,-2.0299999713897705,0,0.009999990463256836
angle,1780512865503016830,-2.0299999713897705,0,0.009999856352806091
angle,1780512865513016800,-2.0299999713897705,0,0.009999939240515232
angle,1780512865523017033,-2.0299999713897705,0,0.009999974630773067
angle,1780512865533017144,-2.0299999713897705,0,0.00999995693564415
angle,1780512865543017366,-2.0299999713897705,0,0.010000009089708328
angle,1780512865553017834,-2.0299999713897705,0,0.009999940171837807
angle,1780512865563018318,-2.0299999713897705,0,0.009999939240515232
angle,1780512865573018317,-2.0299999713897705,0,0.009999936446547508
angle,1780512865583018631,-2.0299999713897705,0,0.009999966248869896
angle,1780512865593018900,-2.0299999713897705,0,0.009999939240515232
angle,1780512865603019213,-2.0299999713897705,0,0.010000002570450306
angle,1780512865613019100,-2.0299999713897705,0,0.010000004433095455
angle,1780512865623019348,-2.0299999713897705,0,0.010000002570450306
angle,1780512865633019686,-2.0299999713897705,0,0.010000006295740604
angle,1780512865643020051,-2.0299999713897705,0,0.009999974630773067
angle,1780512865653020347,-2.0299999713897705,0,0.009999952279031277
angle,1780512865663021125,-2.0299999713897705,0,0.009999955072999
angle,1780512865673020983,-2.0299999713897705,0,0.009999887086451054
angle,1780512865683020847,-2.0299999713897705,0,0.009999987669289112
angle,1780512865693022133,-2.0299999713897705,0,0.009999963454902172
angle,1780512865704895300,-2.0299999713897705,0,0.011873383074998856
angle,1780512865714895920,-2.0299999713897705,0,0.009999938309192657
angle,1780512865724895881,-2.0299999713897705,0,0.009999992325901985
angle,1780512865734896336,-2.0299999713897705,0,0.009999974630773067
angle,1780512865744898255,-2.0299999713897705,0,0.010000010021030903
angle,1780512865754898804,-2.0299999713897705,0,0.009999898262321949
angle,1780512865764898620,-2.0299999713897705,0,0.009999844245612621
angle,1780512865774898997,-2.0299999713897705,0,0.009999948553740978
angle,1780512865784897782,-2.0299999713897705,0,0.009999902918934822
angle,1780512865794897727,-2.0299999713897705,0,0.010000008158385754
angle,1780512865804898018,-2.0299999713897705,0,0.009999945759773254
angle,1780512865814898458,-2.0299999713897705,0,0.009999973699450493
angle,1780512865824898782,-2.0299999713897705,0,0.009999963454902172
angle,1780512865834899081,-2.0299999713897705,0,0.009999953210353851
angle,1780512865844898946,-2.0299999713897705,0,0.009999965317547321
angle,1780512865854898960,-2.0299999713897705,0,0.010000001639127731
angle,1780512865864900881,-2.0299999713897705,0,0.010000072419643402
angle,1780512865874901481,-2.0299999713897705,0,0.009999874047935009
angle,1780512865884901455,-2.0299999713897705,0,0.009999890811741352
angle,1780512865894900436,-2.0299999713897705,0,0.009999898262321949
angle,1780512865904901095,-2.0299999713897705,0,0.00999995693564415
angle,1780512865914901091,-2.0299999713897705,0,0.009999982081353664
angle,1780512865924901025,-2.0299999713897705,0,0.009999985806643963
angle,1780512865934901224,-2.0299999713897705,0,0.009999963454902172
angle,1780512865944901864,-2.0299999713897705,0,0.009999978356063366
angle,1780512865954901986,-2.0299999713897705,0,0.009999999776482582
angle,1780512865964902250,-2.0299999713897705,0,0.009999941103160381
angle,1780512865974903911,-2.0299999713897705,0,0.009999985806643963
angle,1780512865984902529,-2.0299999713897705,0,0.009999916888773441
angle,1780512865994902835,-2.0299999713897705,0,0.009999970905482769
angle,1780512866004903261,-2.0299999713897705,0,0.00999994296580553
angle,1780512866014903426,-2.0299999713897705,0,0.009999938309192657
angle,1780512866024903238,-2.0299999713897705,0,0.010000007227063179
angle,1780512866034903807,-2.0299999713897705,0,0.009999996982514858
angle,1780512866044905557,-2.0299999713897705,0,0.009999992325901985
angle,1780512866054905440,-2.0299999713897705,0,0.009999915026128292
angle,1780512866064905167,-2.0299999713897705,0,0.009999923408031464
angle,1780512866074904658,-2.0299999713897705,0,0.009999956004321575
angle,1780512866084904793,-2.0299999713897705,0,0.00999997928738594
angle,1780512866094905201,-2.0299999713897705,0,0.00999993085861206
angle,1780512866104905266,-2.0299999713897705,0,0.009999947622418404
angle,1780512866114905365,-2.0299999713897705,0,0.009999945759773254
angle,1780512866124905628,-2.0299999713897705,0,0.009999986737966537
angle,1780512866134905817,-2.0299999713897705,0,0.009999988600611687
angle,1780512866144906185,-2.0299999713897705,0,0.009999937377870083
angle,1780512866154906557,-2.0299999713897705,0,0.009999963454902172
angle,1780512866164906858,-2.0299999713897705,0,0.010000004433095455
angle,1780512866174906572,-2.0299999713897705,0,0.00999994482845068
angle,1780512866184906677,-2.0299999713897705,0,0.009999936446547508
angle,1780512866194907324,-2.0299999713897705,0,0.009999964386224747
angle,1780512866204907347,-2.0299999713897705,0,0.009999982081353664
angle,1780512866214908367,-2.0299999713897705,0,0.009999939240515232
angle,1780512866224907714,-2.0299999713897705,0,0.00999988429248333
angle,1780512866234907884,-2.0299999713897705,0,0.009999942034482956
angle,1780512866244908109,-2.0299999713897705,0,0.009999966248869896
angle,1780512866254909882,-2.0299999713897705,0,0.009999956004321575
angle,1780512866264909136,-2.0299999713897705,0,0.009999952279031277
angle,1780512866274908825,-2.0299999713897705,0,0.009999911300837994
angle,1780512866284909782,-2.0299999713897705,0,0.01000002771615982
angle,1780512866294909353,-2.0299999713897705,0,0.009999901056289673
angle,1780512866304909469,-2.0299999713897705,0,0.009999986737966537
angle,1780512866314909948,-2.0299999713897705,0,0.00999994296580553
angle,1780512866324910009,-2.0299999713897705,0,0.00999999325722456
angle,1780512866334910193,-2.0299999713897705,0,0.009999969974160194
angle,1780512866344910618,-2.0299999713897705,0,0.009999969974160194
angle,1780512866354910602,-2.0299999713897705,0,0.009999978356063366
angle,1780512866364911309,-2.0299999713897705,0,0.009999996982514858
angle,1780512866374911181,-2.0299999713897705,0,0.009999887086451054
angle,1780512866384911797,-2.0299999713897705,0,0.009999941103160381
angle,1780512866394911906,-2.0299999713897705,0,0.009999999776482582
angle,1780512866404911836,-2.0299999713897705,0,0.00999996718019247
angle,1780512866414912325,-2.0299999713897705,0,0.009999980218708515
angle,1780512866424913433,-2.0299999713897705,0,0.009999992325901985
angle,1780512866434913498,-2.0299999713897705,0,0.009999879635870457
angle,1780512866444912810,-2.0299999713897705,0,0.009999952279031277
angle,1780512866454913144,-2.0299999713897705,0,0.00999995693564415
angle,1780512866464915495,-2.0299999713897705,0,0.009999972768127918
angle,1780512866474915452,-2.0299999713897705,0,0.00999993272125721
angle,1780512866484913849,-2.0299999713897705,0,0.009999905712902546
angle,1780512866494914005,-2.0299999713897705,0,0.009999945759773254
angle,1780512866510911521,-2.0299999713897705,0,0.015996897593140602
angle,1780512866520912083,-2.0299999713897705,0,0.009999990463256836
angle,1780512866530912285,-2.0299999713897705,0,0.009999983943998814
angle,1780512866540912716,-2.0299999713897705,0,0.009999954141676426
angle,1780512866550912707,-2.0299999713897705,0,0.009999990463256836
angle,1780512866560912979,-2.0299999713897705,0,0.009999983012676239
angle,1780512866570913216,-2.0299999713897705,0,0.009999996051192284
angle,1780512866580913639,-2.0299999713897705,0,0.009999939240515232
angle,1780512866590913527,-2.0299999713897705,0,0.009999943897128105
angle,1780512866600914673,-2.0299999713897705,0,0.009999998845160007
angle,1780512866610914214,-2.0299999713897705,0,0.009999856352806091
angle,1780512866620914244,-2.0299999713897705,0,0.00999993272125721
angle,1780512866630915302,-2.0299999713897705,0,0.009999985806643963
angle,1780512866640915126,-2.0299999713897705,0,0.009999945759773254
angle,1780512866650914958,-2.0299999713897705,0,0.009999936446547508
angle,1780512866660915417,-2.0299999713897705,0,0.009999939240515232
angle,1780512866670916023,-2.0299999713897705,0,0.009999946691095829
angle,1780512866680915653,-2.0299999713897705,0,0.009999968111515045
angle,1780512866690916188,-2.0299999713897705,0,0.009999977424740791
angle,1780512866700916198,-2.0299999713897705,0,0.009999960660934448
angle,1780512866710916372,-2.0299999713897705,0,0.00999994482845068
angle,1780512866720916798,-2.0299999713897705,0,0.010000006295740604
angle,1780512866730916975,-2.0299999713897705,0,0.009999969974160194
angle,1780512866740917170,-2.0299999713897705,0,0.009999980218708515
angle,1780512866750919057,-2.0299999713897705,0,0.009999926201999187
angle,1780512866760918343,-2.0299999713897705,0,0.009999940171837807
angle,1780512866770918418,-2.0299999713897705,0,0.009999957866966724
angle,1780512866780918453,-2.0299999713897705,0,0.009999939240515232
angle,1780512866790918678,-2.0299999713897705,0,0.010000008158385754
angle,1780512866800919159,-2.0299999713897705,0,0.009999940171837807
angle,1780512866810919052,-2.0299999713897705,0,0.009999990463256836
angle,1780512866820919205,-2.0299999713897705,0,0.009999973699450493
angle,1780512866830919472,-2.0299999713897705,0,0.009999978356063366
angle,1780512866840919653,-2.0299999713897705,0,0.009999975562095642
angle,1780512866850920177,-2.0299999713897705,0,0.009999936446547508
angle,1780512866860920175,-2.0299999713897705,0,0.009999995119869709
angle,1780512866870921664,-2.0299999713897705,0,0.009999968111515045
angle,1780512866880920698,-2.0299999713897705,0,0.009999907575547695
angle,1780512866890920786,-2.0299999713897705,0,0.00999995693564415
angle,1780512866900921316,-2.0299999713897705,0,0.00999993272125721
angle,1780512866910921501,-2.0299999713897705,0,0.009999961592257023
angle,1780512866920921347,-2.0299999713897705,0,0.009999950416386127
angle,1780512866930921636,-2.0299999713897705,0,0.009999955072999
angle,1780512866940921870,-2.0299999713897705,0,0.00999996904283762
angle,1780512866950922259,-2.0299999713897705,0,0.009999883361160755
angle,1780512866960922407,-2.0299999713897705,0,0.009999905712902546
angle,1780512866970923299,-2.0299999713897705,0,0.009999994188547134
angle,1780512866980922850,-2.0299999713897705,0,0.009999839588999748
angle,1780512866990923818,-2.0299999713897705,0,0.009999938309192657
angle,1780512867000923414,-2.0299999713897705,0,0.009999914094805717
angle,1780512867010923924,-2.0299999713897705,0,0.009999968111515045
angle,1780512867020923727,-2.0299999713897705,0,0.009999937377870083
angle,1780512867030924323,-2.0299999713897705,0,0.009999964386224747
angle,1780512867040924512,-2.0299999713897705,0,0.009999983943998814
angle,1780512867050924744,-2.0299999713897705,0,0.00999995693564415
angle,1780512867060925038,-2.0299999713897705,0,0.009999984875321388
angle,1780512867070925478,-2.0299999713897705,0,0.009999939240515232
angle,1780512867080925731,-2.0299999713897705,0,0.009999888949096203
angle,1780512867090925958,-2.0299999713897705,0,0.010000002570450306
angle,1780512867100926139,-2.0299999713897705,0,0.009999954141676426
angle,1780512867110928127,-2.0299999713897705,0,0.009999959729611874
angle,1780512867120929126,-2.0299999713897705,0,0.00999996904283762
angle,1780512867130928426,-2.0299999713897705,0,0.009999874979257584
angle,1780512867140927205,-2.0299999713897705,0,0.009999928064644337
angle,1780512867150927309,-2.0299999713897705,0,0.009999982081353664
angle,1780512867160927678,-2.0299999713897705,0,0.00999996904283762
angle,1780512867170928205,-2.0299999713897705,0,0.009999983943998814
angle,1780512867180928432,-2.0299999713897705,0,0.00999998115003109
angle,1780512867190928559,-2.0299999713897705,0,0.009999998845160007
angle,1780512867200928753,-2.0299999713897705,0,0.009999966248869896
angle,1780512867210928982,-2.0299999713897705,0,0.009999917820096016
angle,1780512867220929568,-2.0299999713897705,0,0.009999982081353664
angle,1780512867230929566,-2.0299999713897705,0,0.009999964386224747
angle,1780512867240929734,-2.0299999713897705,0,0.009999985806643963
angle,1780512867250930258,-2.0299999713897705,0,0.009999966248869896
angle,1780512867260930229,-2.0299999713897705,0,0.009999990463256836
angle,1780512867270931242,-2.0299999713897705,0,0.01000003982335329
angle,1780512867280931556,-2.0299999713897705,0,0.009999877773225307
angle,1780512867290931277,-2.0299999713897705,0,0.00999989453703165
angle,1780512867300931691,-2.0299999713897705,0,0.010000002570450306
angle,1780512867310931470,-2.0299999713897705,0,0.009999971836805344
angle,1780512867320932025,-2.0299999713897705,0,0.009999970905482769
angle,1780512867330932141,-2.0299999713897705,0,0.009999938309192657
angle,1780512867340932486,-2.0299999713897705,0,0.010000006295740604
angle,1780512867350932618,-2.0299999713897705,0,0.009999987669289112
angle,1780512867360932896,-2.0299999713897705,0,0.009999947622418404
angle,1780512867370933814,-2.0299999713897705,0,0.009999982081353664
angle,1780512867380933375,-2.0299999713897705,0,0.009999900124967098
angle,1780512867390934145,-2.0299999713897705,0,0.009999937377870083
angle,1780512867400934257,-2.0299999713897705,0,0.010000012814998627
angle,1780512867410934124,-2.0299999713897705,0,0.009999923408031464
angle,1780512867420934361,-2.0299999713897705,0,0.00999997928738594
angle,1780512867430934686,-2.0299999713897705,0,0.009999961592257023
angle,1780512867440935105,-2.0299999713897705,0,0.009999952279031277
angle,1780512867450934919,-2.0299999713897705,0,0.009999986737966537
angle,1780512867460935458,-2.0299999713897705,0,0.009999955072999
angle,1780512867470935691,-2.0299999713897705,0,0.009999999776482582
angle,1780512867480935995,-2.0299999713897705,0,0.009999913163483143
angle,1780512867490936159,-2.0299999713897705,0,0.009999997913837433
angle,1780512867500936294,-2.0299999713897705,0,0.009999941103160381
angle,1780512867510936529,-2.0299999713897705,0,0.00999997928738594
angle,1780512867520936726,-2.0299999713897705,0,0.009999938309192657
angle,1780512867530937297,-2.0299999713897705,0,0.009999943897128105
angle,1780512867540937321,-2.0299999713897705,0,0.009999957866966724
angle,1780512867550937492,-2.0299999713897705,0,0.009999946691095829
angle,1780512867560937734,-2.0299999713897705,0,0.009999984875321388
angle,1780512867570938484,-2.0299999713897705,0,0.009999951347708702
angle,1780512867580938168,-2.0299999713897705,0,0.009999943897128105
angle,1780512867590939110,-2.0299999713897705,0,0.009999970905482769
angle,1780512867600938730,-2.0299999713897705,0,0.009999985806643963
angle,1780512867610938772,-2.0299999713897705,0,0.009999956004321575
angle,1780512867620939130,-2.0299999713897705,0,0.010000006295740604
angle,1780512867630939406,-2.0299999713897705,0,0.00999994296580553
angle,1780512867640939487,-2.0299999713897705,0,0.009999964386224747
angle,1780512867650940132,-2.0299999713897705,0,0.009999977424740791
angle,1780512867660939912,-2.0299999713897705,0,0.009999957866966724
angle,1780512867670940383,-2.0299999713897705,0,0.009999987669289112
angle,1780512867680940747,-2.0299999713897705,0,0.009999988600611687
angle,1780512867690940845,-2.0299999713897705,0,0.010000007227063179
angle,1780512867700941021,-2.0299999713897705,0,0.009999941103160381
angle,1780512867710941164,-2.0299999713897705,0,0.009999943897128105
angle,1780512867720941459,-2.0299999713897705,0,0.009999999776482582
angle,1780512867730941627,-2.0299999713897705,0,0.009999960660934448
angle,1780512867740942110,-2.0299999713897705,0,0.009999946691095829
angle,1780512867750944113,-2.0299999713897705,0,0.009999995119869709
angle,1780512867760942340,-2.0299999713897705,0,0.00999988242983818
angle,1780512867770942501,-2.0299999713897705,0,0.00999994482845068
angle,1780512867780943092,-2.0299999713897705,0,0.009999980218708515
angle,1780512867790943036,-2.0299999713897705,0,0.009999996982514858
angle,1780512867800943211,-2.0299999713897705,0,0.009999966248869896
angle,1780512867810943578,-2.0299999713897705,0,0.00999998115003109
angle,1780512867820943872,-2.0299999713897705,0,0.009999996982514858
angle,1780512867830943894,-2.0299999713897705,0,0.009999983012676239
angle,1780512867840944204,-2.0299999713897705,0,0.009999977424740791
angle,1780512867850944987,-2.0299999713897705,0,0.010000002570450306
angle,1780512867860944661,-2.0299999713897705,0,0.00999994482845068
angle,1780512867870946155,-2.0299999713897705,0,0.009999997913837433
angle,1780512867880945432,-2.0299999713897705,0,0.009999890811741352
angle,1780512867890945854,-2.0299999713897705,0,0.00999996718019247
angle,1780512867900945556,-2.0299999713897705,0,0.009999988600611687
angle,1780512867910945892,-2.0299999713897705,0,0.009999950416386127
angle,1780512867920945912,-2.0299999713897705,0,0.009999956004321575
angle,1780512867930946323,-2.0299999713897705,0,0.009999965317547321
angle,1780512867940946717,-2.0299999713897705,0,0.009999959729611874
angle,1780512867950946750,-2.0299999713897705,0,0.009999959729611874
angle,1780512867960946896,-2.0299999713897705,0,0.009999977424740791
angle,1780512867970948392,-2.0299999713897705,0,0.010000032372772694
angle,1780512867980948462,-2.0299999713897705,0,0.009999874047935009
angle,1780512867990947874,-2.0299999713897705,0,0.009999948553740978
angle,1780512868000948034,-2.0299999713897705,0,0.009999996982514858
angle,1780512868010949857,-2.0299999713897705,0,0.009999960660934448
angle,1780512868020948846,-2.0299999713897705,0,0.009999925270676613
angle,1780512868030949205,-2.0299999713897705,0,0.00999993272125721
angle,1780512868040949198,-2.0299999713897705,0,0.00999996904283762
angle,1780512868050949293,-2.0299999713897705,0,0.009999952279031277
angle,1780512868060949704,-2.0299999713897705,0,0.009999985806643963
angle,1780512868070950114,-2.0299999713897705,0,0.009999953210353851
angle,1780512868080950644,-2.0299999713897705,0,0.009999977424740791
angle,1780512868090950565,-2.0299999713897705,0,0.00999997928738594
angle,1780512868100950861,-2.0299999713897705,0,0.00999994482845068
angle,1780512868110951062,-2.0299999713897705,0,0.009999980218708515
angle,1780512868120951265,-2.0299999713897705,0,0.009999982081353664
angle,1780512868130951800,-2.0299999713897705,0,0.009999960660934448
angle,1780512868140952154,-2.0299999713897705,0,0.009999954141676426
angle,1780512868150952524,-2.0299999713897705,0,0.00999999139457941
angle,1780512868160953997,-2.0299999713897705,0,0.009999969974160194
angle,1780512868170955635,-2.0299999713897705,0,0.00999988242983818
angle,1780512868180954630,-2.0299999713897705,0,0.00999994296580553
angle,1780512868190953626,-2.0299999713897705,0,0.009999852627515793
angle,1780512868200953481,-2.0299999713897705,0,0.009999983943998814
angle,1780512868210953898,-2.0299999713897705,0,0.009999959729611874
angle,1780512868220954179,-2.0299999713897705,0,0.009999972768127918
angle,1780512868230954744,-2.0299999713897705,0,0.009999994188547134
angle,1780512868240954900,-2.0299999713897705,0,0.00999988429248333
angle,1780512868250954729,-2.0299999713897705,0,0.009999999776482582
angle,1780512868260955031,-2.0299999713897705,0,0.009999965317547321
angle,1780512868270955409,-2.0299999713897705,0,0.009999986737966537
angle,1780512868280955990,-2.0299999713897705,0,0.009999940171837807
angle,1780512868290956045,-2.0299999713897705,0,0.00999996718019247
angle,1780512868300956559,-2.0299999713897705,0,0.009999992325901985
angle,1780512868310956541,-2.0299999713897705,0,0.010000001639127731
angle,1780512868320956666,-2.0299999713897705,0,0.009999972768127918
angle,1780512868330957477,-2.0299999713897705,0,0.009999999776482582
angle,1780512868340957246,-2.0299999713897705,0,0.010000010952353477
angle,1780512868350957606,-2.0299999713897705,0,0.009999988600611687
angle,1780512868360957908,-2.0299999713897705,0,0.00999999325722456
angle,1780512868370958210,-2.0299999713897705,0,0.009999953210353851
angle,1780512868380958488,-2.0299999713897705,0,0.009999915026128292
angle,1780512868390958823,-2.0299999713897705,0,0.00999999139457941
angle,1780512868400959046,-2.0299999713897705,0,0.009999985806643963
angle,1780512868410960507,-2.0299999713897705,0,0.009999900124967098
angle,1780512868420959509,-2.0299999713897705,0,0.009999910369515419
angle,1780512868430959717,-2.0299999713897705,0,0.009999992325901985
angle,1780512868440959807,-2.0299999713897705,0,0.00999994296580553
angle,1780512868450960098,-2.0299999713897705,0,0.009999978356063366
angle,1780512868460960541,-2.0299999713897705,0,0.00999999325722456
angle,1780512868470960799,-2.0299999713897705,0,0.009999940171837807
angle,1780512868480961242,-2.0299999713897705,0,0.009999971836805344
angle,1780512868490961009,-2.0299999713897705,0,0.009999957866966724
angle,1780512868500961497,-2.0299999713897705,0,0.009999950416386127
angle,1780512868510961912,-2.0299999713897705,0,0.010000007227063179
angle,1780512868520961923,-2.0299999713897705,0,0.010000002570450306
angle,1780512868530962182,-2.0299999713897705,0,0.009999961592257023
angle,1780512868540962418,-2.0299999713897705,0,0.009999986737966537
angle,1780512868550962945,-2.0299999713897705,0,0.009999983943998814
angle,1780512868560962925,-2.0299999713897705,0,0.009999946691095829
angle,1780512868570963325,-2.0299999713897705,0,0.009999953210353851
angle,1780512868580963844,-2.0299999713897705,0,0.009999990463256836
angle,1780512868590963627,-2.0299999713897705,0,0.009999963454902172
angle,1780512868600964414,-2.0299999713897705,0,0.009999970905482769
angle,1780512868610964249,-2.0299999713897705,0,0.009999996051192284
angle,1780512868620964278,-2.0299999713897705,0,0.009999952279031277
angle,1780512868630964578,-2.0299999713897705,0,0.009999972768127918
angle,1780512868640964848,-2.0299999713897705,0,0.009999970905482769
angle,1780512868650965180,-2.0299999713897705,0,0.009999951347708702
angle,1780512868660965576,-2.0299999713897705,0,0.009999945759773254
angle,1780512868670965370,-2.0299999713897705,0,0.00999994296580553
angle,1780512868680965749,-2.0299999713897705,0,0.009999987669289112
angle,1780512868690966007,-2.0299999713897705,0,0.00999996718019247
angle,1780512868700966695,-2.0299999713897705,0,0.009999959729611874
angle,1780512868710966771,-2.0299999713897705,0,0.009999953210353851
angle,1780512868720966834,-2.0299999713897705,0,0.009999958798289299
angle,1780512868730967107,-2.0299999713897705,0,0.009999940171837807
angle,1780512868740967143,-2.0299999713897705,0,0.009999945759773254
angle,1780512868750968825,-2.0299999713897705,0,0.009999974630773067
angle,1780512868760967767,-2.0299999713897705,0,0.009999921545386314
angle,1780512868770967958,-2.0299999713897705,0,0.009999942034482956
angle,1780512868780968657,-2.0299999713897705,0,0.00999998115003109
angle,1780512868790968482,-2.0299999713897705,0,0.009999939240515232
angle,1780512868800968771,-2.0299999713897705,0,0.009999951347708702
angle,1780512868810968715,-2.0299999713897705,0,0.009999948553740978
angle,1780512868820969330,-2.0299999713897705,0,0.009999994188547134
angle,1780512868830969792,-2.0299999713897705,0,0.010000009089708328
angle,1780512868840969908,-2.0299999713897705,0,0.009999997913837433
angle,1780512868850970169,-2.0299999713897705,0,0.009999995119869709
angle,1780512868860970389,-2.0299999713897705,0,0.009999942034482956
angle,1780512868870971852,-2.0299999713897705,0,0.009999960660934448
angle,1780512868880971572,-2.0299999713897705,0,0.009999933652579784
angle,1780512868890971087,-2.0299999713897705,0,0.009999904781579971
angle,1780512868900971244,-2.0299999713897705,0,0.009999954141676426
angle,1780512868910971509,-2.0299999713897705,0,0.00999995693564415
angle,1780512868920971889,-2.0299999713897705,0,0.009999987669289112
angle,1780512868930972025,-2.0299999713897705,0,0.009999889880418777
angle,1780512868940971775,-2.0299999713897705,0,0.009999969974160194
angle,1780512868950972074,-2.0299999713897705,0,0.009999947622418404
angle,1780512868960972332,-2.0299999713897705,0,0.010000006295740604
angle,1780512868970972759,-2.0299999713897705,0,0.00999999325722456
angle,1780512868980973827,-2.0299999713897705,0,0.009999878704547882
angle,1780512868990973283,-2.0299999713897705,0,0.009999904781579971
angle,1780512869000974254,-2.0299999713897705,0,0.010000010021030903
angle,1780512869010973599,-2.0299999713897705,0,0.009999891743063927
angle,1780512869020973834,-2.0299999713897705,0,0.009999956004321575
angle,1780512869030974037,-2.0299999713897705,0,0.00999996718019247
angle,1780512869040974293,-2.0299999713897705,0,0.009999980218708515
angle,1780512869050974472,-2.0299999713897705,0,0.009999931789934635
angle,1780512869060974801,-2.0299999713897705,0,0.009999959729611874
angle,1780512869070974845,-2.0299999713897705,0,0.00999997928738594
angle,1780512869080975830,-2.0299999713897705,0,0.009999975562095642
angle,1780512869090975842,-2.0299999713897705,0,0.009999960660934448
angle,1780512869100975621,-2.0299999713897705,0,0.009999972768127918
angle,1780512869110975910,-2.0299999713897705,0,0.01000000536441803
angle,1780512869120976220,-2.0299999713897705,0,0.009999968111515045
angle,1780512869130976624,-2.0299999713897705,0,0.009999988600611687
angle,1780512869140976619,-2.0299999713897705,0,0.009999987669289112
angle,1780512869150976757,-2.0299999713897705,0,0.009999965317547321
angle,1780512869160977179,-2.0299999713897705,0,0.00999997928738594
angle,1780512869170977547,-2.0299999713897705,0,0.009999941103160381
angle,1780512869180978282,-2.0299999713897705,0,0.009999907575547695
angle,1780512869190978125,-2.0299999713897705,0,0.009999933652579784
angle,1780512869200977988,-2.0299999713897705,0,0.010000008158385754
angle,1780512869210978286,-2.0299999713897705,0,0.009999973699450493
angle,1780512869220978971,-2.0299999713897705,0,0.009999939240515232
angle,1780512869230979447,-2.0299999713897705,0,0.00999994296580553
angle,1780512869240979653,-2.0299999713897705,0,0.009999848902225494
angle,1780512869250979207,-2.0299999713897705,0,0.009999929927289486
angle,1780512869260979421,-2.0299999713897705,0,0.009999947622418404
angle,1780512869270979614,-2.0299999713897705,0,0.009999951347708702
angle,1780512869280980101,-2.0299999713897705,0,0.009999961592257023
angle,1780512869290980195,-2.0299999713897705,0,0.009999890811741352
angle,1780512869300980537,-2.0299999713897705,0,0.009999943897128105
angle,1780512869310980658,-2.0299999713897705,0,0.009999984875321388
angle,1780512869322747728,-2.0299999713897705,0,0.011765838600695133
angle,1780512869332747917,-2.0299999713897705,0,0.009999923408031464
angle,1780512869342748658,-2.0299999713897705,0,0.009999983943998814
angle,1780512869352748324,-2.0299999713897705,0,0.009999941103160381
angle,1780512869362748603,-2.0299999713897705,0,0.009999941103160381
angle,1780512869372749132,-2.0299999713897705,0,0.00999999139457941
angle,1780512869382749699,-2.0299999713897705,0,0.009999968111515045
angle,1780512869392749220,-2.0299999713897705,0,0.009999978356063366
angle,1780512869402749475,-2.0299999713897705,0,0.009999955072999
angle,1780512869412749689,-2.0299999713897705,0,0.009999995119869709
angle,1780512869422750310,-2.0299999713897705,0,0.009999971836805344
angle,1780512869432750323,-2.0299999713897705,0,0.010000007227063179
angle,1780512869442750502,-2.0299999713897705,0,0.009999947622418404
angle,1780512869452750698,-2.0299999713897705,0,0.009999939240515232
angle,1780512869462751147,-2.0299999713897705,0,0.009999978356063366
angle,1780512869472751165,-2.0299999713897705,0,0.009999952279031277
angle,1780512869482751599,-2.0299999713897705,0,0.009999965317547321
angle,1780512869492753178,-2.0299999713897705,0,0.00999987218528986
angle,1780512869502751979,-2.0299999713897705,0,0.009999954141676426
angle,1780512869512752017,-2.0299999713897705,0,0.009999945759773254
angle,1780512869522752171,-2.0299999713897705,0,0.00999999325722456
angle,1780512869532752963,-2.0299999713897705,0,0.009999990463256836
angle,1780512869542752658,-2.0299999713897705,0,0.009999971836805344
angle,1780512869552753351,-2.0299999713897705,0,0.010000006295740604
angle,1780512869562753262,-2.0299999713897705,0,0.009999953210353851
angle,1780512869572753440,-2.0299999713897705,0,0.009999964386224747
angle,1780512869582753778,-2.0299999713897705,0,0.009999939240515232
angle,1780512869592753846,-2.0299999713897705,0,0.009999972768127918
angle,1780512869602754129,-2.0299999713897705,0,0.009999984875321388
angle,1780512869612754335,-2.0299999713897705,0,0.00999999325722456
angle,1780512869622754790,-2.0299999713897705,0,0.009999964386224747
angle,1780512869632754768,-2.0299999713897705,0,0.009999947622418404
angle,1780512869642755066,-2.0299999713897705,0,0.010000001639127731
angle,1780512869652755249,-2.0299999713897705,0,0.00999996904283762
angle,1780512869662755525,-2.0299999713897705,0,0.009999951347708702
angle,1780512869672755801,-2.0299999713897705,0,0.009999996051192284
angle,1780512869682756249,-2.0299999713897705,0,0.009999953210353851
angle,1780512869692756405,-2.0299999713897705,0,0.010000004433095455
angle,1780512869702757453,-2.0299999713897705,0,0.009999946691095829
angle,1780512869712757085,-2.0299999713897705,0,0.009999910369515419
angle,1780512869722757111,-2.0299999713897705,0,0.010000001639127731
angle,1780512869732757432,-2.0299999713897705,0,0.009999995119869709
angle,1780512869742757726,-2.0299999713897705,0,0.009999984875321388
angle,1780512869752760101,-2.0299999713897705,0,0.009999969974160194
angle,1780512869762758466,-2.0299999713897705,0,0.009999889880418777
angle,1780512869772758818,-2.0299999713897705,0,0.009999997913837433
angle,1780512869782760083,-2.0299999713897705,0,0.009999915026128292
angle,1780512869792759148,-2.0299999713897705,0,0.009999874979257584
angle,1780512869802759592,-2.0299999713897705,0,0.00999999139457941
angle,1780512869812759466,-2.0299999713897705,0,0.01000000536441803
angle,1780512869822760020,-2.0299999713897705,0,0.010000055655837059
angle,1780512869832760246,-2.0299999713897705,0,0.009999924339354038
angle,1780512869842760236,-2.0299999713897705,0,0.009999960660934448
angle,1780512869852760562,-2.0299999713897705,0,0.009999945759773254
angle,1780512869862760626,-2.0299999713897705,0,0.009999939240515232
angle,1780512869872761903,-2.0299999713897705,0,0.010000000707805157
angle,1780512869884648261,-2.0299999713897705,0,0.01188648957759142
angle,1780512869894648996,-2.0299999713897705,0,0.009999966248869896
angle,1780512869904649004,-2.0299999713897705,0,0.009999984875321388
angle,1780512869914649152,-2.0299999713897705,0,0.009999937377870083
angle,1780512869924649408,-2.0299999713897705,0,0.009999988600611687
angle,1780512869934649412,-2.0299999713897705,0,0.009999952279031277
angle,1780512869944649976,-2.0299999713897705,0,0.009999974630773067
angle,1780512869954649825,-2.0299999713897705,0,0.009999974630773067
angle,1780512869964650103,-2.0299999713897705,0,0.009999951347708702
angle,1780512869974652057,-2.0299999713897705,0,0.009999950416386127
angle,1780512869984651811,-2.0299999713897705,0,0.009999887086451054
angle,1780512869994650886,-2.0299999713897705,0,0.009999869391322136
angle,1780512870004653060,-2.0299999713897705,0,0.009999958798289299
angle,1780512870014651570,-2.0299999713897705,0,0.00999987218528986
angle,1780512870024651799,-2.0299999713897705,0,0.00999994482845068
angle,1780512870034651828,-2.0299999713897705,0,0.010000009089708328
angle,1780512870044651840,-2.0299999713897705,0,0.009999947622418404
angle,1780512870054652106,-2.0299999713897705,0,0.010000008158385754
angle,1780512870064652443,-2.0299999713897705,0,0.009999943897128105
angle,1780512870074652880,-2.0299999713897705,0,0.009999994188547134
angle,1780512870084653367,-2.0299999713897705,0,0.009999994188547134
angle,1780512870094653328,-2.0299999713897705,0,0.009999956004321575
angle,1780512870104653718,-2.0299999713897705,0,0.009999998845160007
angle,1780512870114653916,-2.0299999713897705,0,0.009999960660934448
angle,1780512870124653898,-2.0299999713897705,0,0.009999936446547508
angle,1780512870134654170,-2.0299999713897705,0,0.00999996718019247
angle,1780512870144654407,-2.0299999713897705,0,0.009999969974160194
angle,1780512870154654852,-2.0299999713897705,0,0.009999953210353851
angle,1780512870164654672,-2.0299999713897705,0,0.009999936446547508
angle,1780512870174655031,-2.0299999713897705,0,0.009999958798289299
angle,1780512870184655269,-2.0299999713897705,0,0.009999972768127918
angle,1780512870194655611,-2.0299999713897705,0,0.009999933652579784
angle,1780512870204655723,-2.0299999713897705,0,0.00999996904283762
angle,1780512870214656054,-2.0299999713897705,0,0.009999946691095829
angle,1780512870224656271,-2.0299999713897705,0,0.009999964386224747
angle,1780512870234656745,-2.0299999713897705,0,0.009999969974160194
angle,1780512870244656851,-2.0299999713897705,0,0.009999972768127918
angle,1780512870254656745,-2.0299999713897705,0,0.009999988600611687
angle,1780512870264656893,-2.0299999713897705,0,0.009999956004321575
angle,1780512870274657357,-2.0299999713897705,0,0.009999947622418404
angle,1780512870284657909,-2.0299999713897705,0,0.009999937377870083
angle,1780512870294658220,-2.0299999713897705,0,0.009999961592257023
angle,1780512870304658010,-2.0299999713897705,0,0.009999875910580158
angle,1780512870314658336,-2.0299999713897705,0,0.009999943897128105
angle,1780512870324658420,-2.0299999713897705,0,0.009999980218708515
angle,1780512870334658987,-2.0299999713897705,0,0.009999990463256836
angle,1780512870344660085,-2.0299999713897705,0,0.010000006295740604
angle,1780512870354659571,-2.0299999713897705,0,0.009999937377870083
angle,1780512870364659924,-2.0299999713897705,0,0.009999978356063366
angle,1780512870374659646,-2.0299999713897705,0,0.009999934583902359
angle,1780512870384660273,-2.0299999713897705,0,0.009999996051192284
angle,1780512870394660318,-2.0299999713897705,0,0.009999897330999374
angle,1780512870404660343,-2.0299999713897705,0,0.009999971836805344
angle,1780512870414660970,-2.0299999713897705,0,0.009999964386224747
angle,1780512870424660802,-2.0299999713897705,0,0.009999996982514858
angle,1780512870434661166,-2.0299999713897705,0,0.009999954141676426
angle,1780512870444661287,-2.0299999713897705,0,0.010000013746321201
angle,1780512870454661625,-2.0299999713897705,0,0.009999995119869709
angle,1780512870464661687,-2.0299999713897705,0,0.009999950416386127
angle,1780512870474662040,-2.0299999713897705,0,0.009999983012676239
angle,1780512870484662369,-2.0299999713897705,0,0.009999943897128105
angle,1780512870494662632,-2.0299999713897705,0,0.00999998115003109
angle,1780512870504663223,-2.0299999713897705,0,0.009999992325901985
angle,1780512870514662924,-2.0299999713897705,0,0.00999994482845068
angle,1780512870524663014,-2.0299999713897705,0,0.00999994296580553
angle,1780512870536781028,-2.0299999713897705,0,0.012114943005144596
angle,1780512870546782080,-2.0299999713897705,0,0.009999849833548069
angle,1780512870556783007,-2.0299999713897705,0,0.009999904781579971
angle,1780512870566783517,-2.0299999713897705,0,0.009999890811741352
angle,1780512870576785203,-2.0299999713897705,0,0.009999871253967285
angle,1780512870586785627,-2.0299999713897705,0,0.009999828413128853
angle,1780512870596786962,-2.0299999713897705,0,0.009999969974160194
angle,1780512870606785340,-2.0299999713897705,0,0.00999984610825777
angle,1780512870616784997,-2.0299999713897705,0,0.009999911300837994
angle,1780512870626785414,-2.0299999713897705,0,0.009999958798289299
angle,1780512870636785388,-2.0299999713897705,0,0.009999992325901985
angle,1780512870646785418,-2.0299999713897705,0,0.00999996718019247
angle,1780512870656785674,-2.0299999713897705,0,0.009999952279031277
angle,1780512870666785923,-2.0299999713897705,0,0.009999937377870083
angle,1780512870676786217,-2.0299999713897705,0,0.009999990463256836
angle,1780512870686786491,-2.0299999713897705,0,0.009999940171837807
angle,1780512870696786801,-2.0299999713897705,0,0.009999937377870083
angle,1780512870706786929,-2.0299999713897705,0,0.009999980218708515
angle,1780512870716787356,-2.0299999713897705,0,0.010000008158385754
angle,1780512870726787231,-2.0299999713897705,0,0.009999947622418404
angle,1780512870736789801,-2.0299999713897705,0,0.010000008158385754
angle,1780512870746788080,-2.0299999713897705,0,0.009999873116612434
angle,1780512870756789532,-2.0299999713897705,0,0.010000002570450306
angle,1780512870766788480,-2.0299999713897705,0,0.009999873116612434
angle,1780512870776788839,-2.0299999713897705,0,0.00999999325722456
angle,1780512870786789347,-2.0299999713897705,0,0.009999977424740791
angle,1780512870796789376,-2.0299999713897705,0,0.00999999139457941
angle,1780512870806789224,-2.0299999713897705,0,0.009999945759773254
angle,1780512870816789433,-2.0299999713897705,0,0.010000006295740604
angle,1780512870826790199,-2.0299999713897705,0,0.009999984875321388
angle,1780512870836790032,-2.0299999713897705,0,0.00999994296580553
angle,1780512870846790217,-2.0299999713897705,0,0.009999969974160194
angle,1780512870856790368,-2.0299999713897705,0,0.010000000707805157
angle,1780512870866790791,-2.0299999713897705,0,0.00999997928738594
angle,1780512870876791141,-2.0299999713897705,0,0.009999985806643963
angle,1780512870886791792,-2.0299999713897705,0,0.010000049136579037
angle,1780512870898469744,-2.0299999713897705,0,0.011677785776555538
angle,1780512870908470317,-2.0299999713897705,0,0.009999986737966537
angle,1780512870918470294,-2.0299999713897705,0,0.009999995119869709
angle,1780512870928470786,-2.0299999713897705,0,0.00999999139457941
angle,1780512870938470956,-2.0299999713897705,0,0.010000011883676052
angle,1780512870948471266,-2.0299999713897705,0,0.010000010021030903
angle,1780512870958471399,-2.0299999713897705,0,0.009999966248869896
angle,1780512870968471655,-2.0299999713897705,0,0.009999965317547321
angle,1780512870978471750,-2.0299999713897705,0,0.009999940171837807
angle,1780512870988472379,-2.0299999713897705,0,0.009999965317547321
angle,1780512870998472354,-2.0299999713897705,0,0.01000000536441803
angle,1780512871008472410,-2.0299999713897705,0,0.009999938309192657
angle,1780512871018472506,-2.0299999713897705,0,0.009999933652579784
angle,1780512871028472930,-2.0299999713897705,0,0.009999941103160381
angle,1780512871038472969,-2.0299999713897705,0,0.009999936446547508
angle,1780512871048473264,-2.0299999713897705,0,0.009999969974160194
angle,1780512871058473282,-2.0299999713897705,0,0.009999984875321388
angle,1780512871068473513,-2.0299999713897705,0,0.009999947622418404
angle,1780512871078473824,-2.0299999713897705,0,0.009999936446547508
angle,1780512871088474107,-2.0299999713897705,0,0.00999996718019247
angle,1780512871098474462,-2.0299999713897705,0,0.009999960660934448
angle,1780512871108474438,-2.0299999713897705,0,0.009999983012676239
angle,1780512871118475148,-2.0299999713897705,0,0.009999956004321575
angle,1780512871128474793,-2.0299999713897705,0,0.009999966248869896
angle,1780512871138475339,-2.0299999713897705,0,0.009999956004321575
angle,1780512871148475372,-2.0299999713897705,0,0.009999974630773067
angle,1780512871158475783,-2.0299999713897705,0,0.009999953210353851
angle,1780512871168475800,-2.0299999713897705,0,0.009999936446547508
angle,1780512871178476037,-2.0299999713897705,0,0.009999961592257023
angle,1780512871188476668,-2.0299999713897705,0,0.009999936446547508
angle,1780512871198476644,-2.0299999713897705,0,0.009999933652579784
angle,1780512871208476976,-2.0299999713897705,0,0.009999984875321388
angle,1780512871218477117,-2.0299999713897705,0,0.009999964386224747
angle,1780512871228477327,-2.0299999713897705,0,0.00999999325722456
angle,1780512871238478181,-2.0299999713897705,0,0.009999996051192284
angle,1780512871248477880,-2.0299999713897705,0,0.009999923408031464
angle,1780512871258478165,-2.0299999713897705,0,0.009999947622418404
angle,1780512871268478326,-2.0299999713897705,0,0.009999996051192284
angle,1780512871278478696,-2.0299999713897705,0,0.009999971836805344
angle,1780512871288478805,-2.0299999713897705,0,0.009999982081353664
angle,1780512871298479216,-2.0299999713897705,0,0.009999961592257023
angle,1780512871308479335,-2.0299999713897705,0,0.009999997913837433
angle,1780512871318479523,-2.0299999713897705,0,0.00999994296580553
angle,1780512871328479999,-2.0299999713897705,0,0.009999934583902359
angle,1780512871338479807,-2.0299999713897705,0,0.009999958798289299
angle,1780512871348480227,-2.0299999713897705,0,0.009999986737966537
angle,1780512871358480364,-2.0299999713897705,0,0.009999942034482956
angle,1780512871368481158,-2.0299999713897705,0,0.009999936446547508
angle,1780512871378480803,-2.0299999713897705,0,0.00999996904283762
angle,1780512871388481044,-2.0299999713897705,0,0.009999946691095829
angle,1780512871398481652,-2.0299999713897705,0,0.009999986737966537
angle,1780512871408481497,-2.0299999713897705,0,0.009999983012676239
angle,1780512871418481671,-2.0299999713897705,0,0.009999928064644337
angle,1780512871428482110,-2.0299999713897705,0,0.009999963454902172
angle,1780512871438482147,-2.0299999713897705,0,0.009999983943998814
angle,1780512871448482682,-2.0299999713897705,0,0.009999958798289299
angle,1780512871458482629,-2.0299999713897705,0,0.009999957866966724
angle,1780512871468483184,-2.0299999713897705,0,0.010000008158385754
angle,1780512871478485294,-2.0299999713897705,0,0.00999999325722456
angle,1780512871488484015,-2.0299999713897705,0,0.009999902918934822
angle,1780512871498483859,-2.0299999713897705,0,0.009999928064644337
angle,1780512871508484121,-2.0299999713897705,0,0.009999928995966911
angle,1780512871518484101,-2.0299999713897705,0,0.009999961592257023
angle,1780512871528484487,-2.0299999713897705,0,0.009999940171837807
angle,1780512871538484588,-2.0299999713897705,0,0.009999988600611687
angle,1780512871548484705,-2.0299999713897705,0,0.009999972768127918
angle,1780512871558485056,-2.0299999713897705,0,0.009999995119869709
angle,1780512871568485424,-2.0299999713897705,0,0.009999946691095829
angle,1780512871578485699,-2.0299999713897705,0,0.009999937377870083
angle,1780512871588485640,-2.0299999713897705,0,0.009999974630773067
angle,1780512871598486385,-2.0299999713897705,0,0.009999956004321575
angle,1780512871608487630,-2.0299999713897705,0,0.009999933652579784
angle,1780512871618486530,-2.0299999713897705,0,0.009999919682741165
angle,1780512871628486718,-2.0299999713897705,0,0.009999975562095642
angle,1780512871638486917,-2.0299999713897705,0,0.009999964386224747
angle,1780512871648487196,-2.0299999713897705,0,0.009999943897128105
angle,1780512871658487310,-2.0299999713897705,0,0.009999960660934448
angle,1780512871668487538,-2.0299999713897705,0,0.009999948553740978
angle,1780512871678487732,-2.0299999713897705,0,0.009999957866966724
angle,1780512871688488444,-2.0299999713897705,0,0.010000000707805157
angle,1780512871698488687,-2.0299999713897705,0,0.009999937377870083
angle,1780512871708488448,-2.0299999713897705,0,0.009999977424740791
angle,1780512871718488800,-2.0299999713897705,0,0.009999966248869896
angle,1780512871728489333,-2.0299999713897705,0,0.009999941103160381
angle,1780512871738489563,-2.0299999713897705,0,0.009999987669289112
angle,1780512871748489649,-2.0299999713897705,0,0.009999959729611874
angle,1780512871758491653,-2.0299999713897705,0,0.010000006295740604
angle,1780512871768490200,-2.0299999713897705,0,0.009999907575547695
angle,1780512871778490483,-2.0299999713897705,0,0.009999947622418404
angle,1780512871788490681,-2.0299999713897705,0,0.00999994296580553
angle,1780512871798491031,-2.0299999713897705,0,0.009999942034482956
angle,1780512871808491389,-2.0299999713897705,0,0.009999941103160381
angle,1780512871818491548,-2.0299999713897705,0,0.009999952279031277
angle,1780512871828492014,-2.0299999713897705,0,0.009999939240515232
angle,1780512871838491818,-2.0299999713897705,0,0.009999939240515232
angle,1780512871848492284,-2.0299999713897705,0,0.009999938309192657
angle,1780512871858492291,-2.0299999713897705,0,0.009999963454902172
angle,1780512871868493403,-2.0299999713897705,0,0.00999994482845068
angle,1780512871878494028,-2.0299999713897705,0,0.009999938309192657
angle,1780512871888493146,-2.0299999713897705,0,0.009999914094805717
angle,1780512871898493612,-2.0299999713897705,0,0.009999887086451054
angle,1780512871908493424,-2.0299999713897705,0,0.009999903850257397
angle,1780512871918493456,-2.0299999713897705,0,0.009999978356063366
angle,1780512871928493794,-2.0299999713897705,0,0.009999956004321575
angle,1780512871938493953,-2.0299999713897705,0,0.009999938309192657
angle,1780512871948494416,-2.0299999713897705,0,0.009999964386224747
angle,1780512871958494311,-2.0299999713897705,0,0.00999995693564415
angle,1780512871968494883,-2.0299999713897705,0,0.009999978356063366
angle,1780512871981520177,-2.0299999713897705,0,0.013022382743656635
angle,1780512871991522949,-2.0299999713897705,0,0.009999815374612808
angle,1780512872001522905,-2.0299999713897705,0,0.009999796748161316
angle,1780512872011522631,-2.0299999713897705,0,0.009999889880418777
angle,1780512872021522297,-2.0299999713897705,0,0.009999885223805904
angle,1780512872031522015,-2.0299999713897705,0,0.009999921545386314
angle,1780512872041522449,-2.0299999713897705,0,0.009999974630773067
angle,1780512872051522394,-2.0299999713897705,0,0.009999943897128105
angle,1780512872061522615,-2.0299999713897705,0,0.009999974630773067
angle,1780512872071522910,-2.0299999713897705,0,0.00999994482845068
angle,1780512872081523128,-2.0299999713897705,0,0.00999994482845068
angle,1780512872091524164,-2.0299999713897705,0,0.009999955072999
angle,1780512872101524078,-2.0299999713897705,0,0.009999861940741539
angle,1780512872111524628,-2.0299999713897705,0,0.009999941103160381
angle,1780512872121524388,-2.0299999713897705,0,0.009999877773225307
angle,1780512872131526091,-2.0299999713897705,0,0.009999984875321388
angle,1780512872141526363,-2.0299999713897705,0,0.009999917820096016
angle,1780512872151527173,-2.0299999713897705,0,0.0099998963996768
angle,1780512872161525213,-2.0299999713897705,0,0.009999923408031464
angle,1780512872171526148,-2.0299999713897705,0,0.00999999139457941
angle,1780512872181525762,-2.0299999713897705,0,0.009999901056289673
angle,1780512872191525945,-2.0299999713897705,0,0.010000002570450306
angle,1780512872201526612,-2.0299999713897705,0,0.00999996718019247
angle,1780512872211526563,-2.0299999713897705,0,0.00999993085861206
angle,1780512872221526875,-2.0299999713897705,0,0.00999995693564415
angle,1780512872231527207,-2.0299999713897705,0,0.010000006295740604
angle,1780512872241527516,-2.0299999713897705,0,0.009999952279031277
angle,1780512872251527446,-2.0299999713897705,0,0.009999948553740978
angle,1780512872261527861,-2.0299999713897705,0,0.00999999325722456
angle,1780512872271528028,-2.0299999713897705,0,0.009999960660934448
angle,1780512872281529272,-2.0299999713897705,0,0.009999974630773067
angle,1780512872291528703,-2.0299999713897705,0,0.009999904781579971
angle,1780512872301529436,-2.0299999713897705,0,0.009999975562095642
angle,1780512872311529136,-2.0299999713897705,0,0.009999910369515419
angle,1780512872321529565,-2.0299999713897705,0,0.009999953210353851
angle,1780512872331529783,-2.0299999713897705,0,0.009999939240515232
angle,1780512872341529890,-2.0299999713897705,0,0.010000002570450306
angle,1780512872351530088,-2.0299999713897705,0,0.009999957866966724
angle,1780512872361530473,-2.0299999713897705,0,0.009999990463256836
angle,1780512872371530834,-2.0299999713897705,0,0.00999998115003109
angle,1780512872381530776,-2.0299999713897705,0,0.009999950416386127
angle,1780512872391531293,-2.0299999713897705,0,0.009999948553740978
angle,1780512872401531823,-2.0299999713897705,0,0.010000037960708141
angle,1780512872411531754,-2.0299999713897705,0,0.009999926201999187
angle,1780512872421532246,-2.0299999713897705,0,0.009999988600611687
angle,1780512872431532118,-2.0299999713897705,0,0.009999945759773254
angle,1780512872441532472,-2.0299999713897705,0,0.009999969974160194
angle,1780512872451532637,-2.0299999713897705,0,0.009999946691095829
angle,1780512872461533024,-2.0299999713897705,0,0.009999992325901985
angle,1780512872471533246,-2.0299999713897705,0,0.009999951347708702
angle,1780512872481533645,-2.0299999713897705,0,0.009999965317547321
angle,1780512872491533995,-2.0299999713897705,0,0.009999984875321388
angle,1780512872501534120,-2.0299999713897705,0,0.009999953210353851
angle,1780512872511534732,-2.0299999713897705,0,0.009999933652579784
angle,1780512872521534420,-2.0299999713897705,0,0.009999956004321575
angle,1780512872531534660,-2.0299999713897705,0,0.010000001639127731
angle,1780512872541535011,-2.0299999713897705,0,0.009999973699450493
angle,1780512872551535151,-2.0299999713897705,0,0.009999964386224747
angle,1780512872561535436,-2.0299999713897705,0,0.009999983943998814
angle,1780512872571535503,-2.0299999713897705,0,0.009999937377870083
angle,1780512872581535769,-2.0299999713897705,0,0.009999961592257023
angle,1780512872591536379,-2.0299999713897705,0,0.00999999139457941
angle,1780512872601536675,-2.0299999713897705,0,0.009999916888773441
angle,1780512872611536481,-2.0299999713897705,0,0.009999974630773067
angle,1780512872621536734,-2.0299999713897705,0,0.009999940171837807
angle,1780512872631536834,-2.0299999713897705,0,0.009999968111515045
angle,1780512872641537543,-2.0299999713897705,0,0.009999996051192284
angle,1780512872651537551,-2.0299999713897705,0,0.009999964386224747
angle,1780512872661537873,-2.0299999713897705,0,0.00999998115003109
angle,1780512872671537999,-2.0299999713897705,0,0.009999968111515045
angle,1780512872681538401,-2.0299999713897705,0,0.009999986737966537
angle,1780512872691538623,-2.0299999713897705,0,0.009999960660934448
angle,1780512872701538911,-2.0299999713897705,0,0.009999956004321575
angle,1780512872711538924,-2.0299999713897705,0,0.009999957866966724
angle,1780512872721539151,-2.0299999713897705,0,0.010000001639127731
angle,1780512872731539567,-2.0299999713897705,0,0.009999995119869709
angle,1780512872741539734,-2.0299999713897705,0,0.009999994188547134
angle,1780512872751539940,-2.0299999713897705,0,0.009999975562095642
angle,1780512872761541333,-2.0299999713897705,0,0.00999996904283762
angle,1780512872771540460,-2.0299999713897705,0,0.009999936446547508
angle,1780512872781540681,-2.0299999713897705,0,0.009999943897128105
angle,1780512872791540957,-2.0299999713897705,0,0.009999988600611687
angle,1780512872801541303,-2.0299999713897705,0,0.009999985806643963
angle,1780512872811541615,-2.0299999713897705,0,0.009999965317547321
angle,1780512872821542629,-2.0299999713897705,0,0.009999934583902359
angle,1780512872831542141,-2.0299999713897705,0,0.009999889880418777
angle,1780512872841542292,-2.0299999713897705,0,0.009999994188547134
angle,1780512872851542846,-2.0299999713897705,0,0.009999990463256836
angle,1780512872861542602,-2.0299999713897705,0,0.009999897330999374
angle,1780512872871544018,-2.0299999713897705,0,0.009999955072999
angle,1780512872881543368,-2.0299999713897705,0,0.009999878704547882
angle,1780512872891543842,-2.0299999713897705,0,0.009999921545386314
angle,1780512872901543908,-2.0299999713897705,0,0.009999936446547508
angle,1780512872911543876,-2.0299999713897705,0,0.009999954141676426
angle,1780512872921544229,-2.0299999713897705,0,0.009999978356063366
angle,1780512872931544139,-2.0299999713897705,0,0.009999972768127918
angle,1780512872941544656,-2.0299999713897705,0,0.009999978356063366
angle,1780512872951545014,-2.0299999713897705,0,0.009999898262321949
angle,1780512872961545102,-2.0299999713897705,0,0.00999996718019247
angle,1780512872971545335,-2.0299999713897705,0,0.010000004433095455
angle,1780512872981545664,-2.0299999713897705,0,0.00999999139457941
angle,1780512872991545674,-2.0299999713897705,0,0.00999995693564415
angle,1780512873001545812,-2.0299999713897705,0,0.009999937377870083
angle,1780512873011546207,-2.0299999713897705,0,0.00999996904283762
angle,1780512873021546290,-2.0299999713897705,0,0.009999954141676426
angle,1780512873031546692,-2.0299999713897705,0,0.009999992325901985
angle,1780512873041547073,-2.0299999713897705,0,0.009999996982514858
angle,1780512873051547160,-2.0299999713897705,0,0.009999946691095829
angle,1780512873061547374,-2.0299999713897705,0,0.009999982081353664
angle,1780512873071547833,-2.0299999713897705,0,0.009999939240515232
angle,1780512873081547833,-2.0299999713897705,0,0.010000000707805157
angle,1780512873091548930,-2.0299999713897705,0,0.010000010952353477
angle,1780512873101548733,-2.0299999713897705,0,0.00999994296580553
angle,1780512873111548889,-2.0299999713897705,0,0.009999984875321388
angle,1780512873121549090,-2.0299999713897705,0,0.009999983943998814
angle,1780512873131549168,-2.0299999713897705,0,0.009999945759773254
angle,1780512873141550178,-2.0299999713897705,0,0.009999969974160194
angle,1780512873151550021,-2.0299999713897705,0,0.009999983012676239
angle,1780512873161550067,-2.0299999713897705,0,0.010000007227063179
angle,1780512873171550302,-2.0299999713897705,0,0.009999999776482582
angle,1780512873181550784,-2.0299999713897705,0,0.009999994188547134
angle,1780512873191551459,-2.0299999713897705,0,0.009999995119869709
angle,1780512873201551611,-2.0299999713897705,0,0.010000000707805157
angle,1780512873211551594,-2.0299999713897705,0,0.00999994482845068
angle,1780512873221551594,-2.0299999713897705,0,0.009999987669289112
angle,1780512873231552305,-2.0299999713897705,0,0.00999999325722456
angle,1780512873241552007,-2.0299999713897705,0,0.009999847039580345
angle,1780512873251552360,-2.0299999713897705,0,0.009999974630773067
angle,1780512873261552428,-2.0299999713897705,0,0.009999952279031277
angle,1780512873271552711,-2.0299999713897705,0,0.009999977424740791
angle,1780512873281553174,-2.0299999713897705,0,0.009999959729611874
angle,1780512873291553171,-2.0299999713897705,0,0.009999970905482769
angle,1780512873301553445,-2.0299999713897705,0,0.009999968111515045
angle,1780512873311553754,-2.0299999713897705,0,0.009999966248869896
angle,1780512873321554309,-2.0299999713897705,0,0.009999957866966724
angle,1780512873331554109,-2.0299999713897705,0,0.009999983943998814
angle,1780512873341554222,-2.0299999713897705,0,0.009999945759773254
angle,1780512873351554664,-2.0299999713897705,0,0.009999952279031277
angle,1780512873361555167,-2.0299999713897705,0,0.010000049136579037
angle,1780512873371555322,-2.0299999713897705,0,0.00999987218528986
angle,1780512873381555301,-2.0299999713897705,0,0.009999956004321575
angle,1780512873391555528,-2.0299999713897705,0,0.009999959729611874
angle,1780512873401555826,-2.0299999713897705,0,0.009999960660934448
angle,1780512873411556536,-2.0299999713897705,0,0.00999999325722456
angle,1780512873421556843,-2.0299999713897705,0,0.009999936446547508
angle,1780512873431557011,-2.0299999713897705,0,0.009999855421483517
angle,1780512873441556593,-2.0299999713897705,0,0.009999955072999
angle,1780512873451556887,-2.0299999713897705,0,0.009999939240515232
angle,1780512873461557376,-2.0299999713897705,0,0.009999994188547134
angle,1780512873471557372,-2.0299999713897705,0,0.009999941103160381
angle,1780512873481558348,-2.0299999713897705,0,0.009999925270676613
angle,1780512873491558251,-2.0299999713897705,0,0.00999999139457941
angle,1780512873501558453,-2.0299999713897705,0,0.009999928995966911
angle,1780512873511558648,-2.0299999713897705,0,0.009999939240515232
angle,1780512873521558583,-2.0299999713897705,0,0.009999951347708702
angle,1780512873531558698,-2.0299999713897705,0,0.009999964386224747
angle,1780512873541559150,-2.0299999713897705,0,0.009999974630773067
angle,1780512873551559121,-2.0299999713897705,0,0.009999965317547321
angle,1780512873561559744,-2.0299999713897705,0,0.010000004433095455
angle,1780512873571559631,-2.0299999713897705,0,0.009999984875321388
angle,1780512873581559868,-2.0299999713897705,0,0.009999940171837807
angle,1780512873591560098,-2.0299999713897705,0,0.009999943897128105
angle,1780512873601560459,-2.0299999713897705,0,0.00999995693564415
angle,1780512873611561108,-2.0299999713897705,0,0.009999987669289112
angle,1780512873621560895,-2.0299999713897705,0,0.009999951347708702
angle,1780512873631560977,-2.0299999713897705,0,0.00999998115003109
angle,1780512873641561530,-2.0299999713897705,0,0.009999952279031277
angle,1780512873651561935,-2.0299999713897705,0,0.009999943897128105
angle,1780512873661561631,-2.0299999713897705,0,0.010000004433095455
angle,1780512873671561878,-2.0299999713897705,0,0.009999948553740978
angle,1780512873681562190,-2.0299999713897705,0,0.009999964386224747
angle,1780512873691562623,-2.0299999713897705,0,0.009999957866966724
angle,1780512873701563079,-2.0299999713897705,0,0.00999993272125721
angle,1780512873711563437,-2.0299999713897705,0,0.010000000707805157
angle,1780512873721563434,-2.0299999713897705,0,0.009999947622418404
angle,1780512873731563540,-2.0299999713897705,0,0.009999980218708515
angle,1780512873741564225,-2.0299999713897705,0,0.009999955072999
angle,1780512873751564128,-2.0299999713897705,0,0.009999996982514858
angle,1780512873761566053,-2.0299999713897705,0,0.009999985806643963
angle,1780512873771564764,-2.0299999713897705,0,0.00999994296580553
angle,1780512873781565239,-2.0299999713897705,0,0.009999926201999187
angle,1780512873791565197,-2.0299999713897705,0,0.009999948553740978
angle,1780512873801565368,-2.0299999713897705,0,0.009999975562095642
angle,1780512873811565744,-2.0299999713897705,0,0.009999939240515232
angle,1780512873821565882,-2.0299999713897705,0,0.009999970905482769
angle,1780512873831566641,-2.0299999713897705,0,0.00999998115003109
angle,1780512873841566338,-2.0299999713897705,0,0.009999942034482956
angle,1780512873851566698,-2.0299999713897705,0,0.00999994296580553
angle,1780512873861566975,-2.0299999713897705,0,0.010000002570450306
angle,1780512873871568850,-2.0299999713897705,0,0.010000023990869522
angle,1780512873881567530,-2.0299999713897705,0,0.009999888017773628
angle,1780512873891568076,-2.0299999713897705,0,0.009999984875321388
angle,1780512873901567982,-2.0299999713897705,0,0.009999970905482769
angle,1780512873911568460,-2.0299999713897705,0,0.009999939240515232
angle,1780512873921568877,-2.0299999713897705,0,0.009999964386224747
angle,1780512873931569006,-2.0299999713897705,0,0.00999994296580553
angle,1780512873941570515,-2.0299999713897705,0,0.00999996718019247
angle,1780512873951569484,-2.0299999713897705,0,0.009999939240515232
angle,1780512873961569824,-2.0299999713897705,0,0.009999933652579784
angle,1780512873971572632,-2.0299999713897705,0,0.009999934583902359
angle,1780512873981570473,-2.0299999713897705,0,0.00999988429248333
angle,1780512873991570699,-2.0299999713897705,0,0.009999972768127918
angle,1780512874001570859,-2.0299999713897705,0,0.009999973699450493
angle,1780512874011571579,-2.0299999713897705,0,0.009999969974160194
angle,1780512874021571617,-2.0299999713897705,0,0.009999919682741165
angle,1780512874031571889,-2.0299999713897705,0,0.009999936446547508
angle,1780512874041571814,-2.0299999713897705,0,0.009999931789934635
angle,1780512874051572034,-2.0299999713897705,0,0.009999971836805344
angle,1780512874061572299,-2.0299999713897705,0,0.009999969974160194
angle,1780512874071572557,-2.0299999713897705,0,0.009999968111515045
angle,1780512874081572895,-2.0299999713897705,0,0.009999957866966724
angle,1780512874091573095,-2.0299999713897705,0,0.010000000707805157
angle,1780512874101573350,-2.0299999713897705,0,0.009999947622418404
angle,1780512874111573610,-2.0299999713897705,0,0.009999943897128105
angle,1780512874121574051,-2.0299999713897705,0,0.009999982081353664
angle,1780512874131574121,-2.0299999713897705,0,0.009999983012676239
angle,1780512874141574389,-2.0299999713897705,0,0.009999996982514858
angle,1780512874151574603,-2.0299999713897705,0,0.009999945759773254
angle,1780512874161574968,-2.0299999713897705,0,0.009999965317547321
angle,1780512874171578794,-2.0299999713897705,0,0.010000078938901424
angle,1780512874181577483,-2.0299999713897705,0,0.009999768808484077
angle,1780512874191577268,-2.0299999713897705,0,0.009999947622418404
angle,1780512874201578149,-2.0299999713897705,0,0.0099998963996768
angle,1780512874211576234,-2.0299999713897705,0,0.00999994296580553
angle,1780512874221576700,-2.0299999713897705,0,0.009999968111515045
angle,1780512874231576882,-2.0299999713897705,0,0.009999939240515232
angle,1780512874241577110,-2.0299999713897705,0,0.010000018402934074
angle,1780512874251577238,-2.0299999713897705,0,0.009999992325901985
angle,1780512874261577340,-2.0299999713897705,0,0.00999998115003109
angle,1780512874271577564,-2.0299999713897705,0,0.009999952279031277
angle,1780512874281578077,-2.0299999713897705,0,0.009999990463256836
angle,1780512874291578544,-2.0299999713897705,0,0.009999960660934448
angle,1780512874301578310,-2.0299999713897705,0,0.009999999776482582
angle,1780512874311578636,-2.0299999713897705,0,0.009999966248869896
angle,1780512874321578831,-2.0299999713897705,0,0.00999993272125721
angle,1780512874331579118,-2.0299999713897705,0,0.009999912232160568
angle,1780512874341580693,-2.0299999713897705,0,0.010000069625675678
angle,1780512874351580032,-2.0299999713897705,0,0.009999969974160194
angle,1780512874361580745,-2.0299999713897705,0,0.009999982081353664
angle,1780512874371580793,-2.0299999713897705,0,0.009999911300837994
angle,1780512874381581105,-2.0299999713897705,0,0.009999912232160568
angle,1780512874391581118,-2.0299999713897705,0,0.00999997928738594
angle,1780512874401581362,-2.0299999713897705,0,0.009999943897128105
angle,1780512874411581890,-2.0299999713897705,0,0.009999937377870083
angle,1780512874421581882,-2.0299999713897705,0,0.009999885223805904
angle,1780512874431581873,-2.0299999713897705,0,0.00999996718019247
angle,1780512874441582056,-2.0299999713897705,0,0.009999937377870083
angle,1780512874451582300,-2.0299999713897705,0,0.009999983012676239
angle,1780512874461582499,-2.0299999713897705,0,0.009999966248869896
angle,1780512874471583237,-2.0299999713897705,0,0.00999997928738594
angle,1780512874481583072,-2.0299999713897705,0,0.00999998115003109
angle,1780512874491583306,-2.0299999713897705,0,0.010000004433095455
angle,1780512874501583664,-2.0299999713897705,0,0.009999941103160381
angle,1780512874511584090,-2.0299999713897705,0,0.009999990463256836
angle,1780512874521584324,-2.0299999713897705,0,0.009999987669289112
angle,1780512874531584463,-2.0299999713897705,0,0.009999983012676239
angle,1780512874541584836,-2.0299999713897705,0,0.009999990463256836
angle,1780512874551585007,-2.0299999713897705,0,0.009999972768127918
angle,1780512874561585604,-2.0299999713897705,0,0.00999999139457941
angle,1780512874571585480,-2.0299999713897705,0,0.009999939240515232
angle,1780512874581585840,-2.0299999713897705,0,0.009999951347708702
angle,1780512874591587848,-2.0299999713897705,0,0.009999995119869709
angle,1780512874601586800,-2.0299999713897705,0,0.00999993272125721
angle,1780512874611586542,-2.0299999713897705,0,0.010000002570450306
angle,1780512874621586895,-2.0299999713897705,0,0.00999991875141859
angle,1780512874631586813,-2.0299999713897705,0,0.009999877773225307
angle,1780512874641587179,-2.0299999713897705,0,0.009999975562095642
angle,1780512874651587190,-2.0299999713897705,0,0.009999975562095642
angle,1780512874661587524,-2.0299999713897705,0,0.009999972768127918
angle,1780512874671588068,-2.0299999713897705,0,0.009999950416386127
angle,1780512874681588220,-2.0299999713897705,0,0.009999996051192284
angle,1780512874691588245,-2.0299999713897705,0,0.009999978356063366
angle,1780512874701588551,-2.0299999713897705,0,0.009999940171837807
angle,1780512874711588817,-2.0299999713897705,0,0.009999959729611874
angle,1780512874721589065,-2.0299999713897705,0,0.009999911300837994
angle,1780512874731589095,-2.0299999713897705,0,0.009999978356063366
angle,1780512874741589241,-2.0299999713897705,0,0.009999940171837807
angle,1780512874751590073,-2.0299999713897705,0,0.009999937377870083
angle,1780512874761590998,-2.0299999713897705,0,0.009999921545386314
angle,1780512874771589751,-2.0299999713897705,0,0.00999992061406374
angle,1780512874781590111,-2.0299999713897705,0,0.009999996982514858
angle,1780512874791590676,-2.0299999713897705,0,0.009999940171837807
angle,1780512874801590532,-2.0299999713897705,0,0.00999996904283762
angle,1780512874811590933,-2.0299999713897705,0,0.009999938309192657
angle,1780512874821591111,-2.0299999713897705,0,0.009999926201999187
angle,1780512874831591456,-2.0299999713897705,0,0.009999887086451054
angle,1780512874841591504,-2.0299999713897705,0,0.009999927133321762
angle,1780512874851591633,-2.0299999713897705,0,0.009999983943998814
angle,1780512874861591757,-2.0299999713897705,0,0.009999997913837433
angle,1780512874871593557,-2.0299999713897705,0,0.009999952279031277
angle,1780512874881592566,-2.0299999713897705,0,0.00999993085861206
angle,1780512874891592796,-2.0299999713897705,0,0.009999972768127918
angle,1780512874901594532,-2.0299999713897705,0,0.009999940171837807
angle,1780512874911595138,-2.0299999713897705,0,0.00999993085861206
angle,1780512874921593725,-2.0299999713897705,0,0.009999907575547695
angle,1780512874931594030,-2.0299999713897705,0,0.009999933652579784
angle,1780512874941593918,-2.0299999713897705,0,0.009999977424740791
angle,1780512874951594163,-2.0299999713897705,0,0.009999990463256836
angle,1780512874961594641,-2.0299999713897705,0,0.00999997928738594
angle,1780512874971595506,-2.0299999713897705,0,0.010000002570450306
angle,1780512874981595023,-2.0299999713897705,0,0.009999911300837994
angle,1780512874991595573,-2.0299999713897705,0,0.009999940171837807
angle,1780512875001595619,-2.0299999713897705,0,0.010000010021030903
angle,1780512875011595999,-2.0299999713897705,0,0.00999996718019247
angle,1780512875021596761,-2.0299999713897705,0,0.009999923408031464
angle,1780512875031596557,-2.0299999713897705,0,0.009999886155128479
angle,1780512875041596562,-2.0299999713897705,0,0.009999960660934448
angle,1780512875051596708,-2.0299999713897705,0,0.010000001639127731
angle,1780512875061597212,-2.0299999713897705,0,0.009999990463256836
angle,1780512875071597498,-2.0299999713897705,0,0.00999999325722456
angle,1780512875081597655,-2.0299999713897705,0,0.009999970905482769
angle,1780512875091598024,-2.0299999713897705,0,0.009999971836805344
angle,1780512875101598012,-2.0299999713897705,0,0.009999995119869709
angle,1780512875111598415,-2.0299999713897705,0,0.009999984875321388
angle,1780512875121599676,-2.0299999713897705,0,0.009999937377870083
angle,1780512875131598806,-2.0299999713897705,0,0.009999986737966537
angle,1780512875141599017,-2.0299999713897705,0,0.009999950416386127
angle,1780512875151599264,-2.0299999713897705,0,0.00999999325722456
angle,1780512875161599451,-2.0299999713897705,0,0.009999985806643963
angle,1780512875171599846,-2.0299999713897705,0,0.00999998115003109
angle,1780512875181600103,-2.0299999713897705,0,0.009999977424740791
angle,1780512875191600548,-2.0299999713897705,0,0.009999999776482582
angle,1780512875201600546,-2.0299999713897705,0,0.009999940171837807
angle,1780512875211601219,-2.0299999713897705,0,0.009999990463256836
angle,1780512875221602711,-2.0299999713897705,0,0.00999995693564415
angle,1780512875231603023,-2.0299999713897705,0,0.009999914094805717
angle,1780512875241601477,-2.0299999713897705,0,0.009999915957450867
angle,1780512875251601613,-2.0299999713897705,0,0.009999978356063366
angle,1780512875261602200,-2.0299999713897705,0,0.009999950416386127
angle,1780512875271601999,-2.0299999713897705,0,0.010000001639127731
angle,1780512875281602682,-2.0299999713897705,0,0.009999977424740791
angle,1780512875291602627,-2.0299999713897705,0,0.009999992325901985
angle,1780512875301602787,-2.0299999713897705,0,0.009999941103160381
angle,1780512875311603674,-2.0299999713897705,0,0.009999980218708515
angle,1780512875321603319,-2.0299999713897705,0,0.009999927133321762
angle,1780512875331603591,-2.0299999713897705,0,0.009999978356063366
angle,1780512875341604048,-2.0299999713897705,0,0.009999954141676426
angle,1780512875351604402,-2.0299999713897705,0,0.009999937377870083
angle,1780512875361604469,-2.0299999713897705,0,0.009999963454902172
angle,1780512875371604523,-2.0299999713897705,0,0.009999958798289299
angle,1780512875381604888,-2.0299999713897705,0,0.009999988600611687
angle,1780512875391605044,-2.0299999713897705,0,0.010000007227063179
angle,1780512875401605224,-2.0299999713897705,0,0.009999978356063366
angle,1780512875411605622,-2.0299999713897705,0,0.009999980218708515
angle,1780512875421605769,-2.0299999713897705,0,0.009999954141676426
angle,1780512875431605938,-2.0299999713897705,0,0.009999953210353851
angle,1780512875441606343,-2.0299999713897705,0,0.009999961592257023
angle,1780512875451606378,-2.0299999713897705,0,0.009999963454902172
angle,1780512875461606566,-2.0299999713897705,0,0.009999973699450493
angle,1780512875471606946,-2.0299999713897705,0,0.009999965317547321
angle,1780512875481607375,-2.0299999713897705,0,0.009999977424740791
angle,1780512875491609467,-2.0299999713897705,0,0.00999999325722456
angle,1780512875501609492,-2.0299999713897705,0,0.009999885223805904
angle,1780512875511608141,-2.0299999713897705,0,0.009999868459999561
angle,1780512875521608371,-2.0299999713897705,0,0.009999936446547508
angle,1780512875531608937,-2.0299999713897705,0,0.009999996982514858
angle,1780512875541608681,-2.0299999713897705,0,0.009999965317547321
angle,1780512875551609216,-2.0299999713897705,0,0.00999995693564415
angle,1780512875561609256,-2.0299999713897705,0,0.00999996718019247
angle,1780512875571609619,-2.0299999713897705,0,0.009999983012676239
angle,1780512875581610931,-2.0299999713897705,0,0.009999940171837807
angle,1780512875591611423,-2.0299999713897705,0,0.009999980218708515
angle,1780512875601610066,-2.0299999713897705,0,0.00999982375651598
angle,1780512875611610369,-2.0299999713897705,0,0.010000001639127731
angle,1780512875621610878,-2.0299999713897705,0,0.010000049136579037
angle,1780512875631611517,-2.0299999713897705,0,0.009999923408031464
angle,1780512875641611320,-2.0299999713897705,0,0.00999999325722456
angle,1780512875651611256,-2.0299999713897705,0,0.009999916888773441
angle,1780512875661611637,-2.0299999713897705,0,0.009999986737966537
angle,1780512875671611699,-2.0299999713897705,0,0.009999988600611687
angle,1780512875681611967,-2.0299999713897705,0,0.009999954141676426
angle,1780512875691612748,-2.0299999713897705,0,0.009999983012676239
angle,1780512875701612747,-2.0299999713897705,0,0.009999998845160007
angle,1780512875711613058,-2.0299999713897705,0,0.010000001639127731
angle,1780512875721613512,-2.0299999713897705,0,0.009999943897128105
angle,1780512875731613624,-2.0299999713897705,0,0.009999978356063366
angle,1780512875741613676,-2.0299999713897705,0,0.009999982081353664
angle,1780512875751613623,-2.0299999713897705,0,0.009999941103160381
angle,1780512875761616400,-2.0299999713897705,0,0.010000040754675865
angle,1780512875771614789,-2.0299999713897705,0,0.009999855421483517
angle,1780512875781615027,-2.0299999713897705,0,0.010000000707805157
angle,1780512875793068296,-2.0299999713897705,0,0.011452802456915379
angle,1780512875803068758,-2.0299999713897705,0,0.009999951347708702
angle,1780512875813069146,-2.0299999713897705,0,0.010000001639127731
angle,1780512875823069390,-2.0299999713897705,0,0.009999954141676426
angle,1780512875833069964,-2.0299999713897705,0,0.009999994188547134
angle,1780512875843070249,-2.0299999713897705,0,0.009999952279031277
angle,1780512875853070174,-2.0299999713897705,0,0.009999970905482769
angle,1780512875863070247,-2.0299999713897705,0,0.009999938309192657
angle,1780512875873071588,-2.0299999713897705,0,0.009999969974160194
angle,1780512875883071069,-2.0299999713897705,0,0.009999938309192657
angle,1780512875893071424,-2.0299999713897705,0,0.009999969974160194
angle,1780512875903071262,-2.0299999713897705,0,0.009999940171837807
angle,1780512875913071584,-2.0299999713897705,0,0.009999959729611874
angle,1780512875923071540,-2.0299999713897705,0,0.009999994188547134
angle,1780512875933072356,-2.0299999713897705,0,0.009999947622418404
angle,1780512875943072071,-2.0299999713897705,0,0.009999957866966724
angle,1780512875953072569,-2.0299999713897705,0,0.009999987669289112
angle,1780512875963072790,-2.0299999713897705,0,0.009999948553740978
angle,1780512875973074942,-2.0299999713897705,0,0.010000026784837246
angle,1780512875983074957,-2.0299999713897705,0,0.009999883361160755
angle,1780512875993073393,-2.0299999713897705,0,0.009999901987612247
angle,1780512876003074448,-2.0299999713897705,0,0.009999995119869709
angle,1780512876013074123,-2.0299999713897705,0,0.009999912232160568
angle,1780512876023074083,-2.0299999713897705,0,0.009999938309192657
angle,1780512876033074305,-2.0299999713897705,0,0.009999943897128105
angle,1780512876043074472,-2.0299999713897705,0,0.009999973699450493
angle,1780512876053074738,-2.0299999713897705,0,0.009999983012676239
angle,1780512876063074907,-2.0299999713897705,0,0.009999937377870083
angle,1780512876073075101,-2.0299999713897705,0,0.009999953210353851
angle,1780512876083075388,-2.0299999713897705,0,0.009999998845160007
angle,1780512876093075670,-2.0299999713897705,0,0.009999940171837807
angle,1780512876103076903,-2.0299999713897705,0,0.00999999325722456
angle,1780512876113076211,-2.0299999713897705,0,0.009999915957450867
angle,1780512876123076347,-2.0299999713897705,0,0.009999958798289299
angle,1780512876133076754,-2.0299999713897705,0,0.009999984875321388
angle,1780512876143076947,-2.0299999713897705,0,0.009999956004321575
angle,1780512876153077087,-2.0299999713897705,0,0.009999971836805344
angle,1780512876163077480,-2.0299999713897705,0,0.009999960660934448
angle,1780512876173077424,-2.0299999713897705,0,0.009999938309192657
angle,1780512876183077848,-2.0299999713897705,0,0.010000012814998627
angle,1780512876193078191,-2.0299999713897705,0,0.009999986737966537
angle,1780512876203078540,-2.0299999713897705,0,0.009999969974160194
angle,1780512876213078654,-2.0299999713897705,0,0.009999998845160007
angle,1780512876223079014,-2.0299999713897705,0,0.00999995693564415
angle,1780512876233079469,-2.0299999713897705,0,0.009999995119869709
angle,1780512876243079385,-2.0299999713897705,0,0.009999941103160381
angle,1780512876253081557,-2.0299999713897705,0,0.009999954141676426
angle,1780512876263079904,-2.0299999713897705,0,0.009999839588999748
angle,1780512876273080094,-2.0299999713897705,0,0.009999952279031277
angle,1780512876283080388,-2.0299999713897705,0,0.009999950416386127
angle,1780512876293080511,-2.0299999713897705,0,0.00999998115003109
angle,1780512876303080620,-2.0299999713897705,0,0.009999994188547134
angle,1780512876313080907,-2.0299999713897705,0,0.009999968111515045
angle,1780512876323081475,-2.0299999713897705,0,0.010000000707805157
angle,1780512876333081748,-2.0299999713897705,0,0.010000002570450306
angle,1780512876343081853,-2.0299999713897705,0,0.009999958798289299
angle,1780512876353081854,-2.0299999713897705,0,0.009999975562095642
angle,1780512876363082274,-2.0299999713897705,0,0.00999998115003109
angle,1780512876373082494,-2.0299999713897705,0,0.00999991875141859
angle,1780512876383082952,-2.0299999713897705,0,0.010000008158385754
angle,1780512876393082962,-2.0299999713897705,0,0.009999941103160381
angle,1780512876403083254,-2.0299999713897705,0,0.009999956004321575
angle,1780512876413083368,-2.0299999713897705,0,0.009999970905482769
angle,1780512876423084638,-2.0299999713897705,0,0.00999991875141859
angle,1780512876433084400,-2.0299999713897705,0,0.009999851696193218
angle,1780512876443084174,-2.0299999713897705,0,0.009999971836805344
angle,1780512876453084042,-2.0299999713897705,0,0.00999992061406374
angle,1780512876463084497,-2.0299999713897705,0,0.009999996051192284
angle,1780512876473084637,-2.0299999713897705,0,0.009999934583902359
angle,1780512876483084962,-2.0299999713897705,0,0.009999951347708702
angle,1780512876493087344,-2.0299999713897705,0,0.009999983943998814
angle,1780512876503085939,-2.0299999713897705,0,0.009999913163483143
angle,1780512876513085845,-2.0299999713897705,0,0.009999996051192284
angle,1780512876523086160,-2.0299999713897705,0,0.009999985806643963
angle,1780512876533086454,-2.0299999713897705,0,0.009999972768127918
angle,1780512876543086655,-2.0299999713897705,0,0.009999973699450493
angle,1780512876553086671,-2.0299999713897705,0,0.009999978356063366
angle,1780512876563086860,-2.0299999713897705,0,0.009999947622418404
angle,1780512876573087134,-2.0299999713897705,0,0.009999983943998814
angle,1780512876583087539,-2.0299999713897705,0,0.009999980218708515
angle,1780512876593088118,-2.0299999713897705,0,0.010000035166740417
angle,1780512876603088118,-2.0299999713897705,0,0.009999925270676613
angle,1780512876613089199,-2.0299999713897705,0,0.009999988600611687
angle,1780512876623088543,-2.0299999713897705,0,0.009999883361160755
angle,1780512876633089070,-2.0299999713897705,0,0.009999954141676426
angle,1780512876643089554,-2.0299999713897705,0,0.009999945759773254
angle,1780512876653089357,-2.0299999713897705,0,0.009999980218708515
angle,1780512876663089639,-2.0299999713897705,0,0.009999956004321575
angle,1780512876673089866,-2.0299999713897705,0,0.009999953210353851
angle,1780512876683090276,-2.0299999713897705,0,0.009999969974160194
angle,1780512876693090119,-2.0299999713897705,0,0.009999970905482769
angle,1780512876703090520,-2.0299999713897705,0,0.009999995119869709
angle,1780512876713090662,-2.0299999713897705,0,0.009999965317547321
angle,1780512876723091088,-2.0299999713897705,0,0.009999994188547134
angle,1780512876733091224,-2.0299999713897705,0,0.009999945759773254
angle,1780512876743091229,-2.0299999713897705,0,0.009999939240515232
angle,1780512876753091408,-2.0299999713897705,0,0.009999958798289299
angle,1780512876763093516,-2.0299999713897705,0,0.01000000536441803
angle,1780512876773092152,-2.0299999713897705,0,0.009999874979257584
angle,1780512876783092299,-2.0299999713897705,0,0.009999947622418404
angle,1780512876793092407,-2.0299999713897705,0,0.009999996051192284
angle,1780512876803093215,-2.0299999713897705,0,0.009999970905482769
angle,1780512876813093311,-2.0299999713897705,0,0.00999999325722456
angle,1780512876823093400,-2.0299999713897705,0,0.009999972768127918
angle,1780512876833094130,-2.0299999713897705,0,0.009999996982514858
angle,1780512876843094102,-2.0299999713897705,0,0.009999960660934448
angle,1780512876853094158,-2.0299999713897705,0,0.009999950416386127
angle,1780512876863094403,-2.0299999713897705,0,0.009999983012676239
angle,1780512876873095850,-2.0299999713897705,0,0.009999958798289299
angle,1780512876883094895,-2.0299999713897705,0,0.009999888949096203
angle,1780512876893095109,-2.0299999713897705,0,0.010000007227063179
angle,1780512876903095284,-2.0299999713897705,0,0.009999955072999
angle,1780512876913095551,-2.0299999713897705,0,0.009999970905482769
angle,1780512876923095886,-2.0299999713897705,0,0.009999961592257023
angle,1780512876933097051,-2.0299999713897705,0,0.009999904781579971
angle,1780512876943096692,-2.0299999713897705,0,0.009999934583902359
angle,1780512876953096739,-2.0299999713897705,0,0.009999940171837807
angle,1780512876963096906,-2.0299999713897705,0,0.009999892674386501
angle,1780512876973097123,-2.0299999713897705,0,0.009999990463256836
angle,1780512876983097661,-2.0299999713897705,0,0.009999986737966537
angle,1780512876993097557,-2.0299999713897705,0,0.009999974630773067
angle,1780512877003097960,-2.0299999713897705,0,0.00999998115003109
angle,1780512877013098218,-2.0299999713897705,0,0.009999987669289112
angle,1780512877023098349,-2.0299999713897705,0,0.010000002570450306
angle,1780512877033098805,-2.0299999713897705,0,0.009999998845160007
angle,1780512877043099074,-2.0299999713897705,0,0.009999947622418404
angle,1780512877053099115,-2.0299999713897705,0,0.009999883361160755
angle,1780512877063099222,-2.0299999713897705,0,0.009999950416386127
angle,1780512877073099874,-2.0299999713897705,0,0.009999995119869709
angle,1780512877083100324,-2.0299999713897705,0,0.009999977424740791
angle,1780512877093100273,-2.0299999713897705,0,0.009999984875321388
angle,1780512877103100243,-2.0299999713897705,0,0.009999945759773254
angle,1780512877113100623,-2.0299999713897705,0,0.009999984875321388
angle,1780512877123101172,-2.0299999713897705,0,0.00999993272125721
angle,1780512877133100859,-2.0299999713897705,0,0.00999987032264471
angle,1780512877143101220,-2.0299999713897705,0,0.009999999776482582
angle,1780512877153101372,-2.0299999713897705,0,0.009999934583902359
angle,1780512877163103294,-2.0299999713897705,0,0.009999939240515232
angle,1780512877173103345,-2.0299999713897705,0,0.009999902918934822
angle,1780512877183102782,-2.0299999713897705,0,0.009999915957450867
angle,1780512877193102219,-2.0299999713897705,0,0.009999893605709076
angle,1780512877203102269,-2.0299999713897705,0,0.009999954141676426
angle,1780512877213102453,-2.0299999713897705,0,0.009999946691095829
angle,1780512877223103044,-2.0299999713897705,0,0.009999968111515045
angle,1780512877233103079,-2.0299999713897705,0,0.00999994296580553
angle,1780512877243103309,-2.0299999713897705,0,0.009999986737966537
angle,1780512877253103327,-2.0299999713897705,0,0.009999973699450493
angle,1780512877263103598,-2.0299999713897705,0,0.009999971836805344
angle,1780512877273104381,-2.0299999713897705,0,0.009999980218708515
angle,1780512877283104933,-2.0299999713897705,0,0.00999997928738594
angle,1780512877293104250,-2.0299999713897705,0,0.009999940171837807
angle,1780512877303104583,-2.0299999713897705,0,0.009999972768127918
angle,1780512877313104758,-2.0299999713897705,0,0.009999959729611874
angle,1780512877323105308,-2.0299999713897705,0,0.009999958798289299
angle,1780512877333105100,-2.0299999713897705,0,0.009999883361160755
angle,1780512877343105611,-2.0299999713897705,0,0.00999993272125721
angle,1780512877353105448,-2.0299999713897705,0,0.009999986737966537
angle,1780512877363106242,-2.0299999713897705,0,0.010000002570450306
angle,1780512877373105998,-2.0299999713897705,0,0.009999948553740978
angle,1780512877383106239,-2.0299999713897705,0,0.009999903850257397
angle,1780512877393106460,-2.0299999713897705,0,0.009999986737966537
angle,1780512877403107321,-2.0299999713897705,0,0.009999998845160007
angle,1780512877413107375,-2.0299999713897705,0,0.009999968111515045
angle,1780512877423107600,-2.0299999713897705,0,0.009999983943998814
angle,1780512877433108048,-2.0299999713897705,0,0.010000000707805157
angle,1780512877443108211,-2.0299999713897705,0,0.009999995119869709
angle,1780512877453108409,-2.0299999713897705,0,0.010000008158385754
angle,1780512877463108361,-2.0299999713897705,0,0.00999999139457941
angle,1780512877473108758,-2.0299999713897705,0,0.009999952279031277
angle,1780512877483108845,-2.0299999713897705,0,0.009999958798289299
angle,1780512877493109643,-2.0299999713897705,0,0.009999954141676426
angle,1780512877503109421,-2.0299999713897705,0,0.009999954141676426
angle,1780512877513109593,-2.0299999713897705,0,0.009999958798289299
angle,1780512877523109838,-2.0299999713897705,0,0.00999997928738594
angle,1780512877533110018,-2.0299999713897705,0,0.009999957866966724
angle,1780512877543111081,-2.0299999713897705,0,0.009999987669289112
angle,1780512877553110820,-2.0299999713897705,0,0.00999994296580553
angle,1780512877563110620,-2.0299999713897705,0,0.009999938309192657
angle,1780512877573111064,-2.0299999713897705,0,0.009999992325901985
angle,1780512877583111699,-2.0299999713897705,0,0.00999996718019247
angle,1780512877593111757,-2.0299999713897705,0,0.009999980218708515
angle,1780512877603112262,-2.0299999713897705,0,0.009999952279031277
angle,1780512877613111998,-2.0299999713897705,0,0.009999888017773628
angle,1780512877623112385,-2.0299999713897705,0,0.009999994188547134
angle,1780512877633112553,-2.0299999713897705,0,0.009999997913837433
angle,1780512877643112881,-2.0299999713897705,0,0.009999964386224747
angle,1780512877653113404,-2.0299999713897705,0,0.010000007227063179
angle,1780512877663113083,-2.0299999713897705,0,0.00999992061406374
angle,1780512877673113468,-2.0299999713897705,0,0.009999971836805344
angle,1780512877683113694,-2.0299999713897705,0,0.009999953210353851
angle,1780512877693113813,-2.0299999713897705,0,0.009999982081353664
angle,1780512877703114165,-2.0299999713897705,0,0.009999972768127918
angle,1780512877713114345,-2.0299999713897705,0,0.009999994188547134
angle,1780512877723114652,-2.0299999713897705,0,0.009999995119869709
angle,1780512877733114799,-2.0299999713897705,0,0.009999965317547321
angle,1780512877743115483,-2.0299999713897705,0,0.009999964386224747
angle,1780512877753115280,-2.0299999713897705,0,0.009999939240515232
angle,1780512877763117468,-2.0299999713897705,0,0.010000060312449932
angle,1780512877773115920,-2.0299999713897705,0,0.009999832138419151
angle,1780512877783116005,-2.0299999713897705,0,0.009999987669289112
angle,1780512877793116323,-2.0299999713897705,0,0.009999973699450493
angle,1780512877803116580,-2.0299999713897705,0,0.009999952279031277
angle,1780512877813116738,-2.0299999713897705,0,0.009999980218708515
angle,1780512877823116856,-2.0299999713897705,0,0.009999953210353851
angle,1780512877833117546,-2.0299999713897705,0,0.009999978356063366
angle,1780512877843117628,-2.0299999713897705,0,0.009999940171837807
angle,1780512877853117814,-2.0299999713897705,0,0.009999986737966537
angle,1780512877863118204,-2.0299999713897705,0,0.009999970905482769
angle,1780512877873119678,-2.0299999713897705,0,0.00999997928738594
angle,1780512877883118656,-2.0299999713897705,0,0.009999904781579971
angle,1780512877893118876,-2.0299999713897705,0,0.009999987669289112
angle,1780512877903119534,-2.0299999713897705,0,0.009999986737966537
angle,1780512877913119288,-2.0299999713897705,0,0.009999988600611687
angle,1780512877923119612,-2.0299999713897705,0,0.010000000707805157
angle,1780512877933120180,-2.0299999713897705,0,0.009999972768127918
angle,1780512877943120452,-2.0299999713897705,0,0.009999971836805344
angle,1780512877953120693,-2.0299999713897705,0,0.009999972768127918
angle,1780512877963120750,-2.0299999713897705,0,0.00999994482845068
angle,1780512877973123408,-2.0299999713897705,0,0.009999978356063366
angle,1780512877983121356,-2.0299999713897705,0,0.009999928995966911
angle,1780512877993121277,-2.0299999713897705,0,0.009999954141676426
angle,1780512878003121725,-2.0299999713897705,0,0.009999983012676239
angle,1780512878013123049,-2.0299999713897705,0,0.009999951347708702
angle,1780512878023122040,-2.0299999713897705,0,0.00999989453703165
angle,1780512878033122452,-2.0299999713897705,0,0.00999994296580553
angle,1780512878043123005,-2.0299999713897705,0,0.009999893605709076
angle,1780512878053122761,-2.0299999713897705,0,0.009999982081353664
angle,1780512878063122910,-2.0299999713897705,0,0.009999973699450493
angle,1780512878073123377,-2.0299999713897705,0,0.00999994296580553
angle,1780512878083123863,-2.0299999713897705,0,0.009999984875321388
angle,1780512878093124268,-2.0299999713897705,0,0.009999955072999
angle,1780512878103123943,-2.0299999713897705,0,0.009999971836805344
angle,1780512878113124294,-2.0299999713897705,0,0.009999996051192284
angle,1780512878123124490,-2.0299999713897705,0,0.009999992325901985
angle,1780512878133126149,-2.0299999713897705,0,0.009999983943998814
angle,1780512878143125258,-2.0299999713897705,0,0.009999885223805904
angle,1780512878153125216,-2.0299999713897705,0,0.009999956004321575
angle,1780512878163125463,-2.0299999713897705,0,0.009999947622418404
angle,1780512878173125710,-2.0299999713897705,0,0.009999996051192284
angle,1780512878183127152,-2.0299999713897705,0,0.00999998115003109
angle,1780512878193128640,-2.0299999713897705,0,0.00999994482845068
angle,1780512878203127571,-2.0299999713897705,0,0.009999880567193031
angle,1780512878213126650,-2.0299999713897705,0,0.009999931789934635
angle,1780512878223127398,-2.0299999713897705,0,0.009999984875321388
angle,1780512878233127924,-2.0299999713897705,0,0.00999997928738594
angle,1780512878243127677,-2.0299999713897705,0,0.009999853558838367
angle,1780512878253127608,-2.0299999713897705,0,0.009999890811741352
angle,1780512878263128036,-2.0299999713897705,0,0.00999994296580553
angle,1780512878273128869,-2.0299999713897705,0,0.010000006295740604
angle,1780512878283129287,-2.0299999713897705,0,0.009999966248869896
angle,1780512878293129160,-2.0299999713897705,0,0.00999998115003109
angle,1780512878303128981,-2.0299999713897705,0,0.00999996718019247
angle,1780512878313129687,-2.0299999713897705,0,0.009999997913837433
angle,1780512878323129782,-2.0299999713897705,0,0.009999992325901985
angle,1780512878333129989,-2.0299999713897705,0,0.009999968111515045
angle,1780512878343130409,-2.0299999713897705,0,0.009999990463256836
angle,1780512878353130412,-2.0299999713897705,0,0.009999977424740791
angle,1780512878363130796,-2.0299999713897705,0,0.00999994482845068
angle,1780512878373130993,-2.0299999713897705,0,0.009999968111515045
angle,1780512878383131249,-2.0299999713897705,0,0.009999996051192284
angle,1780512878393131287,-2.0299999713897705,0,0.009999956004321575
angle,1780512878403131876,-2.0299999713897705,0,0.009999978356063366
angle,1780512878413133311,-2.0299999713897705,0,0.009999969974160194
angle,1780512878423132103,-2.0299999713897705,0,0.00999994482845068
angle,1780512878433132490,-2.0299999713897705,0,0.009999937377870083
angle,1780512878443133061,-2.0299999713897705,0,0.010000004433095455
angle,1780512878453132989,-2.0299999713897705,0,0.009999954141676426
angle,1780512878463133201,-2.0299999713897705,0,0.009999983943998814
angle,1780512878473133726,-2.0299999713897705,0,0.009999968111515045
angle,1780512878483133735,-2.0299999713897705,0,0.009999994188547134
angle,1780512878493134145,-2.0299999713897705,0,0.009999970905482769
angle,1780512878503134273,-2.0299999713897705,0,0.009999970905482769
angle,1780512878513134357,-2.0299999713897705,0,0.009999982081353664
angle,1780512878523134449,-2.0299999713897705,0,0.010000006295740604
angle,1780512878533134839,-2.0299999713897705,0,0.009999986737966537
angle,1780512878543135045,-2.0299999713897705,0,0.009999941103160381
angle,1780512878553135178,-2.0299999713897705,0,0.010000000707805157
angle,1780512878563135699,-2.0299999713897705,0,0.00999996904283762
angle,1780512878573135647,-2.0299999713897705,0,0.00999996904283762
angle,1780512878583135878,-2.0299999713897705,0,0.009999965317547321
angle,1780512878593136112,-2.0299999713897705,0,0.009999963454902172
angle,1780512878603136560,-2.0299999713897705,0,0.009999997913837433
angle,1780512878613136866,-2.0299999713897705,0,0.009999965317547321
angle,1780512878623137249,-2.0299999713897705,0,0.009999996982514858
angle,1780512878633137613,-2.0299999713897705,0,0.01000000536441803
angle,1780512878643137860,-2.0299999713897705,0,0.009999954141676426
angle,1780512878653138163,-2.0299999713897705,0,0.00999994482845068
angle,1780512878663137993,-2.0299999713897705,0,0.009999924339354038
angle,1780512878673138333,-2.0299999713897705,0,0.009999941103160381
angle,1780512878683138362,-2.0299999713897705,0,0.009999982081353664
angle,1780512878693138836,-2.0299999713897705,0,0.009999954141676426
angle,1780512878703138961,-2.0299999713897705,0,0.009999966248869896
angle,1780512878713139262,-2.0299999713897705,0,0.009999974630773067
angle,1780512878723139622,-2.0299999713897705,0,0.00999997928738594
angle,1780512878733139760,-2.0299999713897705,0,0.009999937377870083
angle,1780512878743140293,-2.0299999713897705,0,0.009999958798289299
angle,1780512878753140234,-2.0299999713897705,0,0.010000010952353477
angle,1780512878763140132,-2.0299999713897705,0,0.009999971836805344
angle,1780512878773141169,-2.0299999713897705,0,0.009999938309192657
angle,1780512878783140713,-2.0299999713897705,0,0.009999912232160568
angle,1780512878793141112,-2.0299999713897705,0,0.009999952279031277
angle,1780512878803141224,-2.0299999713897705,0,0.009999987669289112
angle,1780512878813141378,-2.0299999713897705,0,0.010000001639127731
angle,1780512878823142100,-2.0299999713897705,0,0.010000006295740604
angle,1780512878833142538,-2.0299999713897705,0,0.010000008158385754
angle,1780512878843142234,-2.0299999713897705,0,0.009999943897128105
angle,1780512878853142561,-2.0299999713897705,0,0.00999997928738594
angle,1780512878863142562,-2.0299999713897705,0,0.009999999776482582
angle,1780512878873142844,-2.0299999713897705,0,0.009999988600611687
angle,1780512878883143509,-2.0299999713897705,0,0.009999953210353851
angle,1780512878893143683,-2.0299999713897705,0,0.009999972768127918
angle,1780512878903144108,-2.0299999713897705,0,0.009999974630773067
angle,1780512878913144291,-2.0299999713897705,0,0.009999985806643963
angle,1780512878923144755,-2.0299999713897705,0,0.010000006295740604
angle,1780512878933145033,-2.0299999713897705,0,0.009999978356063366
angle,1780512878943145163,-2.0299999713897705,0,0.009999966248869896
angle,1780512878953145881,-2.0299999713897705,0,0.00999995693564415
angle,1780512878963145564,-2.0299999713897705,0,0.010000008158385754
angle,1780512878973145852,-2.0299999713897705,0,0.009999972768127918
angle,1780512878983146064,-2.0299999713897705,0,0.009999948553740978
angle,1780512878993146252,-2.0299999713897705,0,0.009999966248869896
angle,1780512879003146531,-2.0299999713897705,0,0.009999953210353851
angle,1780512879013146700,-2.0299999713897705,0,0.009999954141676426
angle,1780512879023146944,-2.0299999713897705,0,0.009999982081353664
angle,1780512879033147292,-2.0299999713897705,0,0.009999955072999
angle,1780512879043147794,-2.0299999713897705,0,0.009999955072999
angle,1780512879053147613,-2.0299999713897705,0,0.009999948553740978
angle,1780512879063147758,-2.0299999713897705,0,0.009999958798289299
angle,1780512879073147990,-2.0299999713897705,0,0.009999958798289299
angle,1780512879083148608,-2.0299999713897705,0,0.009999968111515045
angle,1780512879093148733,-2.0299999713897705,0,0.010000000707805157
angle,1780512879103148677,-2.0299999713897705,0,0.009999940171837807
angle,1780512879113148944,-2.0299999713897705,0,0.009999937377870083
angle,1780512879123149080,-2.0299999713897705,0,0.009999966248869896
angle,1780512879133149215,-2.0299999713897705,0,0.009999983012676239
angle,1780512879143149532,-2.0299999713897705,0,0.009999996982514858
angle,1780512879153150067,-2.0299999713897705,0,0.009999996982514858
angle,1780512879163150172,-2.0299999713897705,0,0.009999999776482582
angle,1780512879173150605,-2.0299999713897705,0,0.010000006295740604
angle,1780512879183150639,-2.0299999713897705,0,0.009999972768127918
angle,1780512879193150903,-2.0299999713897705,0,0.01000000536441803
angle,1780512879203151218,-2.0299999713897705,0,0.009999951347708702
angle,1780512879213151506,-2.0299999713897705,0,0.009999978356063366
angle,1780512879223151756,-2.0299999713897705,0,0.009999956004321575
angle,1780512879233152667,-2.0299999713897705,0,0.009999912232160568
angle,1780512879243152611,-2.0299999713897705,0,0.009999880567193031
angle,1780512879253152540,-2.0299999713897705,0,0.009999912232160568
angle,1780512879263152528,-2.0299999713897705,0,0.009999996051192284
angle,1780512879273152860,-2.0299999713897705,0,0.009999945759773254
angle,1780512879283153317,-2.0299999713897705,0,0.00999996904283762
angle,1780512879293153098,-2.0299999713897705,0,0.00999995693564415
angle,1780512879303153655,-2.0299999713897705,0,0.009999945759773254
angle,1780512879313153634,-2.0299999713897705,0,0.009999969974160194
angle,1780512879323153683,-2.0299999713897705,0,0.009999954141676426
angle,1780512879333154366,-2.0299999713897705,0,0.010000002570450306
angle,1780512879343154936,-2.0299999713897705,0,0.009999977424740791
angle,1780512879353154637,-2.0299999713897705,0,0.009999951347708702
angle,1780512879363154988,-2.0299999713897705,0,0.009999990463256836
angle,1780512879373154986,-2.0299999713897705,0,0.00999994296580553
angle,1780512879383155399,-2.0299999713897705,0,0.009999970905482769
angle,1780512879393155470,-2.0299999713897705,0,0.009999950416386127
angle,1780512879403155723,-2.0299999713897705,0,0.009999983943998814
angle,1780512879413156734,-2.0299999713897705,0,0.009999964386224747
angle,1780512879423156345,-2.0299999713897705,0,0.009999912232160568
angle,1780512879433156785,-2.0299999713897705,0,0.009999965317547321
angle,1780512879443156983,-2.0299999713897705,0,0.009999960660934448
angle,1780512879453157274,-2.0299999713897705,0,0.009999998845160007
angle,1780512879463157729,-2.0299999713897705,0,0.010000004433095455
angle,1780512879473157620,-2.0299999713897705,0,0.009999951347708702
angle,1780512879483157823,-2.0299999713897705,0,0.009999965317547321
angle,1780512879493158011,-2.0299999713897705,0,0.009999994188547134
angle,1780512879503158341,-2.0299999713897705,0,0.009999999776482582
angle,1780512879513158653,-2.0299999713897705,0,0.009999968111515045
angle,1780512879523158669,-2.0299999713897705,0,0.009999945759773254
angle,1780512879533158928,-2.0299999713897705,0,0.009999998845160007
angle,1780512879543159285,-2.0299999713897705,0,0.009999987669289112
angle,1780512879553159705,-2.0299999713897705,0,0.009999942034482956
angle,1780512879563159841,-2.0299999713897705,0,0.009999900124967098
angle,1780512879573160056,-2.0299999713897705,0,0.010000002570450306
angle,1780512879583160295,-2.0299999713897705,0,0.009999936446547508
angle,1780512879593161012,-2.0299999713897705,0,0.009999970905482769
angle,1780512879603161169,-2.0299999713897705,0,0.009999955072999
angle,1780512879613161227,-2.0299999713897705,0,0.009999973699450493
angle,1780512879623161102,-2.0299999713897705,0,0.009999950416386127
angle,1780512879633161516,-2.0299999713897705,0,0.009999968111515045
angle,1780512879643161813,-2.0299999713897705,0,0.009999968111515045
angle,1780512879653162539,-2.0299999713897705,0,0.009999941103160381
angle,1780512879663162277,-2.0299999713897705,0,0.009999953210353851
angle,1780512879673162569,-2.0299999713897705,0,0.009999940171837807
angle,1780512879683162853,-2.0299999713897705,0,0.009999951347708702
angle,1780512879693163067,-2.0299999713897705,0,0.009999939240515232
angle,1780512879703163585,-2.0299999713897705,0,0.009999983943998814
angle,1780512879713163485,-2.0299999713897705,0,0.00999999325722456
angle,1780512879723163845,-2.0299999713897705,0,0.009999973699450493
angle,1780512879733164081,-2.0299999713897705,0,0.01000000536441803
angle,1780512879743164723,-2.0299999713897705,0,0.009999942034482956
angle,1780512879753165692,-2.0299999713897705,0,0.009999941103160381
angle,1780512879763165538,-2.0299999713897705,0,0.009999878704547882
angle,1780512879773167144,-2.0299999713897705,0,0.009999960660934448
angle,1780512879783165510,-2.0299999713897705,0,0.009999912232160568
angle,1780512879793166244,-2.0299999713897705,0,0.009999984875321388
angle,1780512879803165989,-2.0299999713897705,0,0.009999937377870083
angle,1780512879813166160,-2.0299999713897705,0,0.009999971836805344
angle,1780512879823166325,-2.0299999713897705,0,0.009999972768127918
angle,1780512879833167200,-2.0299999713897705,0,0.009999975562095642
angle,1780512879843167304,-2.0299999713897705,0,0.009999996982514858
angle,1780512879853167300,-2.0299999713897705,0,0.009999990463256836
angle,1780512879863167506,-2.0299999713897705,0,0.009999953210353851
angle,1780512879873167868,-2.0299999713897705,0,0.009999995119869709
angle,1780512879883168519,-2.0299999713897705,0,0.009999996982514858
angle,1780512879893168297,-2.0299999713897705,0,0.009999891743063927
angle,1780512879903168361,-2.0299999713897705,0,0.009999943897128105
angle,1780512879913168958,-2.0299999713897705,0,0.009999938309192657
angle,1780512879923169061,-2.0299999713897705,0,0.00999999325722456
angle,1780512879933169095,-2.0299999713897705,0,0.009999994188547134
angle,1780512879943169774,-2.0299999713897705,0,0.009999965317547321
angle,1780512879953169721,-2.0299999713897705,0,0.009999877773225307
angle,1780512879963169665,-2.0299999713897705,0,0.009999940171837807
angle,1780512879973171822,-2.0299999713897705,0,0.0099998963996768
angle,1780512879983170383,-2.0299999713897705,0,0.009999943897128105
angle,1780512879993170421,-2.0299999713897705,0,0.00999994482845068
angle,1780512880003171846,-2.0299999713897705,0,0.009999950416386127
angle,1780512880013170975,-2.0299999713897705,0,0.009999885223805904
angle,1780512880023171246,-2.0299999713897705,0,0.01000000536441803
angle,1780512880033171761,-2.0299999713897705,0,0.009999974630773067
angle,1780512880043171849,-2.0299999713897705,0,0.009999994188547134
angle,1780512880053172213,-2.0299999713897705,0,0.010000002570450306
angle,1780512880063172225,-2.0299999713897705,0,0.009999951347708702
angle,1780512880073172473,-2.0299999713897705,0,0.009999887086451054
angle,1780512880083172586,-2.0299999713897705,0,0.009999983012676239
angle,1780512880093172841,-2.0299999713897705,0,0.009999975562095642
angle,1780512880103172974,-2.0299999713897705,0,0.010000007227063179
angle,1780512880113173198,-2.0299999713897705,0,0.009999966248869896
angle,1780512880123173746,-2.0299999713897705,0,0.010000019334256649
angle,1780512880133173856,-2.0299999713897705,0,0.00999996718019247
angle,1780512880143174303,-2.0299999713897705,0,0.009999945759773254
angle,1780512880153174285,-2.0299999713897705,0,0.009999866597354412
angle,1780512880163174719,-2.0299999713897705,0,0.009999956004321575
angle,1780512880173174748,-2.0299999713897705,0,0.009999682195484638
angle,1780512880183174922,-2.0299999713897705,0,0.009999937377870083
angle,1780512880193175126,-2.0299999713897705,0,0.009999950416386127
angle,1780512880203175315,-2.0299999713897705,0,0.009999957866966724
angle,1780512880213175493,-2.0299999713897705,0,0.009999992325901985
angle,1780512880223175810,-2.0299999713897705,0,0.009999939240515232
angle,1780512880233176080,-2.0299999713897705,0,0.009999970905482769
angle,1780512880243176462,-2.0299999713897705,0,0.009999939240515232
angle,1780512880253176799,-2.0299999713897705,0,0.009999928995966911
angle,1780512880263176592,-2.0299999713897705,0,0.009999964386224747
angle,1780512880273176975,-2.0299999713897705,0,0.009999985806643963
angle,1780512880283177420,-2.0299999713897705,0,0.009999961592257023
angle,1780512880293177650,-2.0299999713897705,0,0.009999966248869896
angle,1780512880303177850,-2.0299999713897705,0,0.009999996982514858
angle,1780512880313178103,-2.0299999713897705,0,0.010000007227063179
angle,1780512880323178028,-2.0299999713897705,0,0.009999970905482769
angle,1780512880333178329,-2.0299999713897705,0,0.009999955072999
angle,1780512880343178786,-2.0299999713897705,0,0.009999992325901985
angle,1780512880353178893,-2.0299999713897705,0,0.009999983943998814
angle,1780512880363179489,-2.0299999713897705,0,0.010000018402934074
angle,1780512880373179493,-2.0299999713897705,0,0.009999955072999
angle,1780512880383179746,-2.0299999713897705,0,0.009999983012676239
angle,1780512880393180196,-2.0299999713897705,0,0.009999963454902172
angle,1780512880403180053,-2.0299999713897705,0,0.009999950416386127
angle,1780512880413180502,-2.0299999713897705,0,0.009999984875321388
angle,1780512880423181224,-2.0299999713897705,0,0.009999964386224747
angle,1780512880433180914,-2.0299999713897705,0,0.009999942034482956
angle,1780512880443181137,-2.0299999713897705,0,0.009999957866966724
angle,1780512880453181382,-2.0299999713897705,0,0.009999923408031464
angle,1780512880463181883,-2.0299999713897705,0,0.009999893605709076
angle,1780512880473181659,-2.0299999713897705,0,0.009999964386224747
angle,1780512880483181901,-2.0299999713897705,0,0.009999953210353851
angle,1780512880493182181,-2.0299999713897705,0,0.010000001639127731
angle,1780512880503182669,-2.0299999713897705,0,0.009999971836805344
angle,1780512880513182711,-2.0299999713897705,0,0.009999982081353664
angle,1780512880523183048,-2.0299999713897705,0,0.009999954141676426
angle,1780512880533183137,-2.0299999713897705,0,0.009999942034482956
angle,1780512880543183539,-2.0299999713897705,0,0.009999942034482956
angle,1780512880553183579,-2.0299999713897705,0,0.009999972768127918
angle,1780512880563183877,-2.0299999713897705,0,0.009999953210353851
angle,1780512880573183819,-2.0299999713897705,0,0.009999939240515232
angle,1780512880583184101,-2.0299999713897705,0,0.009999970905482769
angle,1780512880593184531,-2.0299999713897705,0,0.009999970905482769
angle,1780512880603184427,-2.0299999713897705,0,0.00999996904283762
angle,1780512880613185047,-2.0299999713897705,0,0.009999977424740791
angle,1780512880623184899,-2.0299999713897705,0,0.010000002570450306
angle,1780512880633185144,-2.0299999713897705,0,0.009999955072999
angle,1780512880643185568,-2.0299999713897705,0,0.009999977424740791
angle,1780512880653186044,-2.0299999713897705,0,0.009999980218708515
angle,1780512880663186217,-2.0299999713897705,0,0.009999680332839489
angle,1780512880673186015,-2.0299999713897705,0,0.009999901056289673
angle,1780512880683186473,-2.0299999713897705,0,0.009999983943998814
angle,1780512880693186424,-2.0299999713897705,0,0.009999952279031277
angle,1780512880703186714,-2.0299999713897705,0,0.009999946691095829
angle,1780512880713187061,-2.0299999713897705,0,0.00999996718019247
angle,1780512880727530293,-2.0299999713897705,0,0.014342744834721088
angle,1780512880737533332,-2.0299999713897705,0,0.010000187903642654
angle,1780512880747534532,-2.0299999713897705,0,0.009999804198741913
angle,1780512880757536996,-2.0299999713897705,0,0.00999996718019247
angle,1780512880767534756,-2.0299999713897705,0,0.009999820962548256
angle,1780512880777534539,-2.0299999713897705,0,0.009999928064644337
angle,1780512880787534034,-2.0299999713897705,0,0.00999987218528986
angle,1780512880797534312,-2.0299999713897705,0,0.009999973699450493
angle,1780512880807534664,-2.0299999713897705,0,0.009999940171837807
angle,1780512880817535162,-2.0299999713897705,0,0.00999998115003109
angle,1780512880827535008,-2.0299999713897705,0,0.00999994296580553
angle,1780512880837537141,-2.0299999713897705,0,0.009999994188547134
angle,1780512880847535560,-2.0299999713897705,0,0.00999991875141859
angle,1780512880857535928,-2.0299999713897705,0,0.009999986737966537
angle,1780512880867535973,-2.0299999713897705,0,0.009999957866966724
angle,1780512880877537386,-2.0299999713897705,0,0.009999940171837807
angle,1780512880887536433,-2.0299999713897705,0,0.009999910369515419
angle,1780512880897536714,-2.0299999713897705,0,0.009999947622418404
angle,1780512880907536850,-2.0299999713897705,0,0.009999887086451054
angle,1780512880917536995,-2.0299999713897705,0,0.009999938309192657
angle,1780512880927537239,-2.0299999713897705,0,0.009999943897128105
angle,1780512880937537493,-2.0299999713897705,0,0.009999980218708515
angle,1780512880947538159,-2.0299999713897705,0,0.010000000707805157
angle,1780512880957538046,-2.0299999713897705,0,0.009999899193644524
angle,1780512880967538596,-2.0299999713897705,0,0.009999977424740791
angle,1780512880977538684,-2.0299999713897705,0,0.010000000707805157
angle,1780512880987538845,-2.0299999713897705,0,0.009999929927289486
angle,1780512880997539012,-2.0299999713897705,0,0.010000000707805157
angle,1780512881007539661,-2.0299999713897705,0,0.010000009089708328
angle,1780512881017539799,-2.0299999713897705,0,0.009999969974160194
angle,1780512881027539866,-2.0299999713897705,0,0.009999941103160381
angle,1780512881037540207,-2.0299999713897705,0,0.009999972768127918
angle,1780512881047540610,-2.0299999713897705,0,0.00999998115003109
angle,1780512881057541104,-2.0299999713897705,0,0.009999983012676239
angle,1780512881067540716,-2.0299999713897705,0,0.009999946691095829
angle,1780512881077541050,-2.0299999713897705,0,0.009999996051192284
angle,1780512881087541259,-2.0299999713897705,0,0.009999957866966724
angle,1780512881097541856,-2.0299999713897705,0,0.009999974630773067
angle,1780512881107541909,-2.0299999713897705,0,0.010000000707805157
angle,1780512881117542041,-2.0299999713897705,0,0.009999942034482956
angle,1780512881127542471,-2.0299999713897705,0,0.009999966248869896
angle,1780512881137542562,-2.0299999713897705,0,0.009999983943998814
angle,1780512881147543259,-2.0299999713897705,0,0.009999947622418404
angle,1780512881157543421,-2.0299999713897705,0,0.010000028647482395
angle,1780512881167543461,-2.0299999713897705,0,0.009999877773225307
angle,1780512881177543440,-2.0299999713897705,0,0.009999955072999
angle,1780512881187543619,-2.0299999713897705,0,0.009999947622418404
angle,1780512881197543848,-2.0299999713897705,0,0.010000001639127731
angle,1780512881207544035,-2.0299999713897705,0,0.009999934583902359
angle,1780512881217544786,-2.0299999713897705,0,0.009999986737966537
angle,1780512881227544739,-2.0299999713897705,0,0.00999992061406374
angle,1780512881237545271,-2.0299999713897705,0,0.009999937377870083
angle,1780512881247545317,-2.0299999713897705,0,0.009999968111515045
angle,1780512881257545336,-2.0299999713897705,0,0.009999994188547134
angle,1780512881267545964,-2.0299999713897705,0,0.009999998845160007
angle,1780512881277546195,-2.0299999713897705,0,0.00999993272125721
angle,1780512881287546522,-2.0299999713897705,0,0.009999965317547321
angle,1780512881297546368,-2.0299999713897705,0,0.009999952279031277
angle,1780512881307546475,-2.0299999713897705,0,0.009999984875321388
angle,1780512881317546785,-2.0299999713897705,0,0.009999953210353851
angle,1780512881327547084,-2.0299999713897705,0,0.009999984875321388
angle,1780512881337547307,-2.0299999713897705,0,0.009999941103160381
angle,1780512881347547637,-2.0299999713897705,0,0.010000001639127731
angle,1780512881357547895,-2.0299999713897705,0,0.009999987669289112
angle,1780512881367548468,-2.0299999713897705,0,0.009999994188547134
angle,1780512881377548547,-2.0299999713897705,0,0.010000008158385754
angle,1780512881387548649,-2.0299999713897705,0,0.01000000536441803
angle,1780512881397548810,-2.0299999713897705,0,0.009999968111515045
angle,1780512881407549921,-2.0299999713897705,0,0.009999946691095829
angle,1780512881417549535,-2.0299999713897705,0,0.009999951347708702
angle,1780512881427551408,-2.0299999713897705,0,0.009999974630773067
angle,1780512881437549804,-2.0299999713897705,0,0.009999900124967098
angle,1780512881447550304,-2.0299999713897705,0,0.009999990463256836
angle,1780512881457550383,-2.0299999713897705,0,0.009999990463256836
angle,1780512881467551122,-2.0299999713897705,0,0.009999973699450493
angle,1780512881477550811,-2.0299999713897705,0,0.009999941103160381
angle,1780512881487550874,-2.0299999713897705,0,0.009999990463256836
angle,1780512881497552357,-2.0299999713897705,0,0.00999994296580553
angle,1780512881507553247,-2.0299999713897705,0,0.00999989453703165
angle,1780512881517552039,-2.0299999713897705,0,0.00999992061406374
angle,1780512881527551897,-2.0299999713897705,0,0.009999888017773628
angle,1780512881537552096,-2.0299999713897705,0,0.009999937377870083
angle,1780512881547552656,-2.0299999713897705,0,0.009999972768127918
angle,1780512881557552447,-2.0299999713897705,0,0.009999966248869896
angle,1780512881567552850,-2.0299999713897705,0,0.00999994296580553
angle,1780512881577552889,-2.0299999713897705,0,0.009999927133321762
angle,1780512881587553162,-2.0299999713897705,0,0.009999994188547134
angle,1780512881597553892,-2.0299999713897705,0,0.009999988600611687
angle,1780512881607553588,-2.0299999713897705,0,0.009999965317547321
angle,1780512881617554290,-2.0299999713897705,0,0.009999954141676426
angle,1780512881627554137,-2.0299999713897705,0,0.009999924339354038
angle,1780512881637554346,-2.0299999713897705,0,0.009999942034482956
angle,1780512881647554506,-2.0299999713897705,0,0.009999974630773067
angle,1780512881657554686,-2.0299999713897705,0,0.009999998845160007
angle,1780512881667555232,-2.0299999713897705,0,0.009999934583902359
angle,1780512881677555086,-2.0299999713897705,0,0.009999934583902359
angle,1780512881687555374,-2.0299999713897705,0,0.009999986737966537
angle,1780512881697555613,-2.0299999713897705,0,0.009999983012676239
angle,1780512881707556000,-2.0299999713897705,0,0.00999994482845068
angle,1780512881717556170,-2.0299999713897705,0,0.009999929927289486
angle,1780512881727556648,-2.0299999713897705,0,0.010000001639127731
angle,1780512881737556557,-2.0299999713897705,0,0.009999961592257023
angle,1780512881747556943,-2.0299999713897705,0,0.009999954141676426
angle,1780512881757557163,-2.0299999713897705,0,0.010000004433095455
angle,1780512881767557639,-2.0299999713897705,0,0.00999996904283762
angle,1780512881777559703,-2.0299999713897705,0,0.009999886155128479
angle,1780512881787557874,-2.0299999713897705,0,0.009999879635870457
angle,1780512881797558012,-2.0299999713897705,0,0.009999960660934448
angle,1780512881807558532,-2.0299999713897705,0,0.010000000707805157
angle,1780512881817558466,-2.0299999713897705,0,0.009999954141676426
angle,1780512881827558592,-2.0299999713897705,0,0.009999954141676426
angle,1780512881837559069,-2.0299999713897705,0,0.00999995693564415
angle,1780512881847560167,-2.0299999713897705,0,0.009999925270676613
angle,1780512881857559525,-2.0299999713897705,0,0.009999926201999187
angle,1780512881867560034,-2.0299999713897705,0,0.009999994188547134
angle,1780512881877561893,-2.0299999713897705,0,0.00999999139457941
angle,1780512881887560764,-2.0299999713897705,0,0.009999876841902733
angle,1780512881897560524,-2.0299999713897705,0,0.009999891743063927
angle,1780512881907560747,-2.0299999713897705,0,0.009999980218708515
angle,1780512881917560988,-2.0299999713897705,0,0.00999999139457941
angle,1780512881927562455,-2.0299999713897705,0,0.009999972768127918
angle,1780512881937561297,-2.0299999713897705,0,0.009999946691095829
angle,1780512881947562003,-2.0299999713897705,0,0.009999987669289112
angle,1780512881957562146,-2.0299999713897705,0,0.00999994482845068
angle,1780512881967562553,-2.0299999713897705,0,0.009999972768127918
angle,1780512881977564397,-2.0299999713897705,0,0.009999973699450493
angle,1780512881987564661,-2.0299999713897705,0,0.009999933652579784
angle,1780512881997563226,-2.0299999713897705,0,0.009999958798289299
angle,1780512882007564566,-2.0299999713897705,0,0.009999973699450493
angle,1780512882017563945,-2.0299999713897705,0,0.009999911300837994
angle,1780512882027564167,-2.0299999713897705,0,0.009999985806643963
angle,1780512882037564299,-2.0299999713897705,0,0.009999968111515045
angle,1780512882047564454,-2.0299999713897705,0,0.009999978356063366
angle,1780512882057565607,-2.0299999713897705,0,0.00999999139457941
angle,1780512882067565824,-2.0299999713897705,0,0.009999910369515419
angle,1780512882077565334,-2.0299999713897705,0,0.009999879635870457
angle,1780512882087565269,-2.0299999713897705,0,0.009999997913837433
angle,1780512882097566320,-2.0299999713897705,0,0.00999999139457941
angle,1780512882107566235,-2.0299999713897705,0,0.009999913163483143
angle,1780512882117566254,-2.0299999713897705,0,0.009999934583902359
angle,1780512882127566367,-2.0299999713897705,0,0.009999945759773254
angle,1780512882137566568,-2.0299999713897705,0,0.00999994482845068
angle,1780512882147567339,-2.0299999713897705,0,0.00999996718019247
angle,1780512882157567291,-2.0299999713897705,0,0.009999980218708515
angle,1780512882167568244,-2.0299999713897705,0,0.01000005193054676
angle,1780512882177569714,-2.0299999713897705,0,0.009999901987612247
angle,1780512882187569861,-2.0299999713897705,0,0.009999907575547695
angle,1780512882197570539,-2.0299999713897705,0,0.009999903850257397
angle,1780512882207568561,-2.0299999713897705,0,0.009999937377870083
angle,1780512882217568734,-2.0299999713897705,0,0.009999964386224747
angle,1780512882227568999,-2.0299999713897705,0,0.009999978356063366
angle,1780512882237569261,-2.0299999713897705,0,0.009999948553740978
angle,1780512882247569243,-2.0299999713897705,0,0.009999972768127918
angle,1780512882257569656,-2.0299999713897705,0,0.009999950416386127
angle,1780512882267569978,-2.0299999713897705,0,0.009999985806643963
angle,1780512882277570808,-2.0299999713897705,0,0.009999907575547695
angle,1780512882287570239,-2.0299999713897705,0,0.009999915026128292
angle,1780512882297570778,-2.0299999713897705,0,0.009999940171837807
angle,1780512882307570612,-2.0299999713897705,0,0.009999939240515232
angle,1780512882317570967,-2.0299999713897705,0,0.009999977424740791
angle,1780512882327570967,-2.0299999713897705,0,0.009999988600611687
angle,1780512882337571742,-2.0299999713897705,0,0.009999973699450493
angle,1780512882347571433,-2.0299999713897705,0,0.00999994482845068
angle,1780512882357571878,-2.0299999713897705,0,0.009999937377870083
angle,1780512882367572407,-2.0299999713897705,0,0.009999909438192844
angle,1780512882377572011,-2.0299999713897705,0,0.009999892674386501
angle,1780512882387572489,-2.0299999713897705,0,0.00999993272125721
angle,1780512882397572510,-2.0299999713897705,0,0.009999900124967098
angle,1780512882407572902,-2.0299999713897705,0,0.010000007227063179
angle,1780512882417573029,-2.0299999713897705,0,0.009999914094805717
angle,1780512882427573850,-2.0299999713897705,0,0.009999983943998814
angle,1780512882437573494,-2.0299999713897705,0,0.009999942034482956
angle,1780512882447573646,-2.0299999713897705,0,0.009999966248869896
angle,1780512882457574024,-2.0299999713897705,0,0.009999983012676239
angle,1780512882467574288,-2.0299999713897705,0,0.009999938309192657
angle,1780512882477574395,-2.0299999713897705,0,0.009999874047935009
angle,1780512882487574879,-2.0299999713897705,0,0.010000006295740604
angle,1780512882497574819,-2.0299999713897705,0,0.010000000707805157
angle,1780512882507575354,-2.0299999713897705,0,0.009999945759773254
angle,1780512882517575659,-2.0299999713897705,0,0.009999966248869896
angle,1780512882527575626,-2.0299999713897705,0,0.009999969974160194
angle,1780512882537575943,-2.0299999713897705,0,0.009999983943998814
angle,1780512882547576078,-2.0299999713897705,0,0.009999978356063366
angle,1780512882557576496,-2.0299999713897705,0,0.009999942034482956
angle,1780512882567576574,-2.0299999713897705,0,0.009999938309192657
angle,1780512882577576913,-2.0299999713897705,0,0.00999996904283762
angle,1780512882587577145,-2.0299999713897705,0,0.009999956004321575
angle,1780512882597577443,-2.0299999713897705,0,0.009999995119869709
angle,1780512882607577916,-2.0299999713897705,0,0.00999994296580553
angle,1780512882617577649,-2.0299999713897705,0,0.009999947622418404
angle,1780512882627577808,-2.0299999713897705,0,0.009999973699450493
angle,1780512882637577934,-2.0299999713897705,0,0.009999946691095829
angle,1780512882647578668,-2.0299999713897705,0,0.00999994296580553
angle,1780512882657578481,-2.0299999713897705,0,0.009999958798289299
angle,1780512882667578974,-2.0299999713897705,0,0.00999998115003109
angle,1780512882677578999,-2.0299999713897705,0,0.009999912232160568
angle,1780512882687579046,-2.0299999713897705,0,0.009999963454902172
angle,1780512882697579354,-2.0299999713897705,0,0.009999941103160381
angle,1780512882707579402,-2.0299999713897705,0,0.009999970905482769
angle,1780512882717579732,-2.0299999713897705,0,0.009999983943998814
angle,1780512882727579911,-2.0299999713897705,0,0.009999971836805344
angle,1780512882737580056,-2.0299999713897705,0,0.009999959729611874
angle,1780512882747580390,-2.0299999713897705,0,0.00999999139457941
angle,1780512882757580847,-2.0299999713897705,0,0.009999951347708702
angle,1780512882767580816,-2.0299999713897705,0,0.009999960660934448
angle,1780512882777583198,-2.0299999713897705,0,0.009999975562095642
angle,1780512882787581414,-2.0299999713897705,0,0.009999540634453297
angle,1780512882797581799,-2.0299999713897705,0,0.009999940171837807
angle,1780512882807581683,-2.0299999713897705,0,0.009999965317547321
angle,1780512882817582085,-2.0299999713897705,0,0.010000004433095455
angle,1780512882827582471,-2.0299999713897705,0,0.009999965317547321
angle,1780512882837582784,-2.0299999713897705,0,0.009999969974160194
angle,1780512882847582781,-2.0299999713897705,0,0.010000013746321201
angle,1780512882857583667,-2.0299999713897705,0,0.009999961592257023
angle,1780512882867583452,-2.0299999713897705,0,0.009999987669289112
angle,1780512882877584467,-2.0299999713897705,0,0.009999905712902546
angle,1780512882887583898,-2.0299999713897705,0,0.009999901056289673
angle,1780512882897584065,-2.0299999713897705,0,0.009999970905482769
angle,1780512882907584384,-2.0299999713897705,0,0.009999983943998814
angle,1780512882917584685,-2.0299999713897705,0,0.00999999139457941
angle,1780512882927584951,-2.0299999713897705,0,0.009999990463256836
angle,1780512882937585329,-2.0299999713897705,0,0.009999971836805344
angle,1780512882947585459,-2.0299999713897705,0,0.009999960660934448
angle,1780512882957585772,-2.0299999713897705,0,0.00999996904283762
angle,1780512882967585735,-2.0299999713897705,0,0.00999994482845068
angle,1780512882977585961,-2.0299999713897705,0,0.009999950416386127
angle,1780512882987586245,-2.0299999713897705,0,0.009999973699450493
angle,1780512882997586407,-2.0299999713897705,0,0.009999982081353664
angle,1780512883007586795,-2.0299999713897705,0,0.00999998115003109
angle,1780512883017587248,-2.0299999713897705,0,0.009999973699450493
angle,1780512883027587135,-2.0299999713897705,0,0.010000002570450306
angle,1780512883037587369,-2.0299999713897705,0,0.009999955072999
angle,1780512883047587625,-2.0299999713897705,0,0.00999996718019247
angle,1780512883057588294,-2.0299999713897705,0,0.009999950416386127
angle,1780512883067588194,-2.0299999713897705,0,0.009999996051192284
angle,1780512883077588413,-2.0299999713897705,0,0.009999965317547321
angle,1780512883087588614,-2.0299999713897705,0,0.009999977424740791
angle,1780512883097589184,-2.0299999713897705,0,0.009999956004321575
angle,1780512883107589333,-2.0299999713897705,0,0.009999965317547321
angle,1780512883117589318,-2.0299999713897705,0,0.009999969974160194
angle,1780512883127589510,-2.0299999713897705,0,0.009999995119869709
angle,1780512883137589767,-2.0299999713897705,0,0.009999957866966724
angle,1780512883147590337,-2.0299999713897705,0,0.009999961592257023
angle,1780512883157590816,-2.0299999713897705,0,0.009999959729611874
angle,1780512883167591000,-2.0299999713897705,0,0.009999955072999
angle,1780512883177591405,-2.0299999713897705,0,0.00999998115003109
angle,1780512883187591577,-2.0299999713897705,0,0.009999924339354038
angle,1780512883197592144,-2.0299999713897705,0,0.009999990463256836
angle,1780512883207591877,-2.0299999713897705,0,0.009999990463256836
angle,1780512883217592182,-2.0299999713897705,0,0.009999963454902172
angle,1780512883227592396,-2.0299999713897705,0,0.009999995119869709
angle,1780512883237592988,-2.0299999713897705,0,0.009999969974160194
angle,1780512883247592621,-2.0299999713897705,0,0.009999936446547508
angle,1780512883257593212,-2.0299999713897705,0,0.00999996904283762
angle,1780512883267593054,-2.0299999713897705,0,0.009999968111515045
angle,1780512883277593580,-2.0299999713897705,0,0.009999952279031277
angle,1780512883287593610,-2.0299999713897705,0,0.009999958798289299
angle,1780512883297593604,-2.0299999713897705,0,0.009999970905482769
angle,1780512883307593953,-2.0299999713897705,0,0.010000000707805157
angle,1780512883317594417,-2.0299999713897705,0,0.009999995119869709
angle,1780512883327594674,-2.0299999713897705,0,0.009999939240515232
angle,1780512883337594566,-2.0299999713897705,0,0.009999940171837807
angle,1780512883347595143,-2.0299999713897705,0,0.009999980218708515
angle,1780512883357595159,-2.0299999713897705,0,0.009999971836805344
angle,1780512883367595789,-2.0299999713897705,0,0.009999961592257023
angle,1780512883377595833,-2.0299999713897705,0,0.00999999139457941
angle,1780512883387595779,-2.0299999713897705,0,0.009999943897128105
angle,1780512883397596199,-2.0299999713897705,0,0.009999955072999
angle,1780512883407596251,-2.0299999713897705,0,0.009999997913837433
angle,1780512883417596466,-2.0299999713897705,0,0.009999975562095642
angle,1780512883427596754,-2.0299999713897705,0,0.009999992325901985
angle,1780512883437596992,-2.0299999713897705,0,0.009999951347708702
angle,1780512883447597531,-2.0299999713897705,0,0.009999974630773067
angle,1780512883457597858,-2.0299999713897705,0,0.009999996982514858
angle,1780512883467597732,-2.0299999713897705,0,0.009999972768127918
angle,1780512883477598091,-2.0299999713897705,0,0.009999953210353851
angle,1780512883487598460,-2.0299999713897705,0,0.009999901987612247
angle,1780512883497600070,-2.0299999713897705,0,0.009999986737966537
angle,1780512883507598987,-2.0299999713897705,0,0.009999928064644337
angle,1780512883517599016,-2.0299999713897705,0,0.009999984875321388
angle,1780512883527599424,-2.0299999713897705,0,0.009999985806643963
angle,1780512883537599508,-2.0299999713897705,0,0.00999996904283762
angle,1780512883547600069,-2.0299999713897705,0,0.009999990463256836
angle,1780512883557600034,-2.0299999713897705,0,0.009999959729611874
angle,1780512883567600585,-2.0299999713897705,0,0.010000032372772694
angle,1780512883577600990,-2.0299999713897705,0,0.009999880567193031
angle,1780512883587600838,-2.0299999713897705,0,0.009999934583902359
angle,1780512883597601393,-2.0299999713897705,0,0.010000001639127731
angle,1780512883607601455,-2.0299999713897705,0,0.009999978356063366
angle,1780512883617601663,-2.0299999713897705,0,0.009999971836805344
angle,1780512883627601975,-2.0299999713897705,0,0.009999965317547321
angle,1780512883637602561,-2.0299999713897705,0,0.00999994296580553
angle,1780512883647602275,-2.0299999713897705,0,0.009999861940741539
angle,1780512883657602700,-2.0299999713897705,0,0.009999977424740791
angle,1780512883667602724,-2.0299999713897705,0,0.009999943897128105
angle,1780512883677603362,-2.0299999713897705,0,0.009999951347708702
angle,1780512883687603542,-2.0299999713897705,0,0.00999997928738594
angle,1780512883697603699,-2.0299999713897705,0,0.00999996904283762
angle,1780512883707603892,-2.0299999713897705,0,0.009999957866966724
angle,1780512883717604119,-2.0299999713897705,0,0.010000011883676052
angle,1780512883727604483,-2.0299999713897705,0,0.009999943897128105
angle,1780512883737604601,-2.0299999713897705,0,0.009999960660934448
angle,1780512883747604812,-2.0299999713897705,0,0.010000006295740604
angle,1780512883757605227,-2.0299999713897705,0,0.009999999776482582
angle,1780512883767605763,-2.0299999713897705,0,0.009999946691095829
angle,1780512883777608408,-2.0299999713897705,0,0.009999940171837807
angle,1780512883787605940,-2.0299999713897705,0,0.009999892674386501
angle,1780512883797606591,-2.0299999713897705,0,0.009999990463256836
angle,1780512883807606477,-2.0299999713897705,0,0.009999948553740978
angle,1780512883817606662,-2.0299999713897705,0,0.009999988600611687
angle,1780512883827607254,-2.0299999713897705,0,0.009999973699450493
angle,1780512883837607734,-2.0299999713897705,0,0.010000000707805157
angle,1780512883847607394,-2.0299999713897705,0,0.009999956004321575
angle,1780512883857607718,-2.0299999713897705,0,0.009999941103160381
angle,1780512883867608287,-2.0299999713897705,0,0.009999961592257023
angle,1780512883877609424,-2.0299999713897705,0,0.00999988429248333
angle,1780512883887608502,-2.0299999713897705,0,0.009999774396419525
angle,1780512883897608623,-2.0299999713897705,0,0.009999915957450867
angle,1780512883907608801,-2.0299999713897705,0,0.009999950416386127
angle,1780512883917609696,-2.0299999713897705,0,0.009999971836805344
angle,1780512883927609333,-2.0299999713897705,0,0.009999947622418404
angle,1780512883937610998,-2.0299999713897705,0,0.009999964386224747
angle,1780512883947609749,-2.0299999713897705,0,0.009999891743063927
angle,1780512883957610087,-2.0299999713897705,0,0.009999941103160381
angle,1780512883967610066,-2.0299999713897705,0,0.00999995693564415
angle,1780512883977611749,-2.0299999713897705,0,0.009999943897128105
angle,1780512883987610419,-2.0299999713897705,0,0.009999954141676426
angle,1780512883997610756,-2.0299999713897705,0,0.009999943897128105
angle,1780512884007611220,-2.0299999713897705,0,0.010000008158385754
angle,1780512884017611333,-2.0299999713897705,0,0.009999945759773254
angle,1780512884027611511,-2.0299999713897705,0,0.010000008158385754
angle,1780512884037611854,-2.0299999713897705,0,0.009999971836805344
angle,1780512884047612120,-2.0299999713897705,0,0.009999997913837433
angle,1780512884057612381,-2.0299999713897705,0,0.009999988600611687
angle,1780512884067612763,-2.0299999713897705,0,0.00999995693564415
angle,1780512884077613467,-2.0299999713897705,0,0.009999946691095829
angle,1780512884087613064,-2.0299999713897705,0,0.009999487549066544
angle,1780512884097613423,-2.0299999713897705,0,0.00999995693564415
angle,1780512884107613370,-2.0299999713897705,0,0.009999940171837807
angle,1780512884117613643,-2.0299999713897705,0,0.009999963454902172
angle,1780512884127613839,-2.0299999713897705,0,0.010000000707805157
angle,1780512884137614154,-2.0299999713897705,0,0.00999997928738594
angle,1780512884147614722,-2.0299999713897705,0,0.009999983012676239
angle,1780512884157614568,-2.0299999713897705,0,0.009999970905482769
angle,1780512884167615207,-2.0299999713897705,0,0.00999998115003109
angle,1780512884177615787,-2.0299999713897705,0,0.009999958798289299
angle,1780512884187615153,-2.0299999713897705,0,0.009999892674386501
angle,1780512884197615394,-2.0299999713897705,0,0.00999995693564415
angle,1780512884207615776,-2.0299999713897705,0,0.010000007227063179
angle,1780512884217616198,-2.0299999713897705,0,0.009999980218708515
angle,1780512884227616284,-2.0299999713897705,0,0.009999956004321575
angle,1780512884237616693,-2.0299999713897705,0,0.009999996982514858
angle,1780512884247616828,-2.0299999713897705,0,0.009999982081353664
angle,1780512884257617376,-2.0299999713897705,0,0.00999999325722456
angle,1780512884267617653,-2.0299999713897705,0,0.009999983943998814
angle,1780512884277618038,-2.0299999713897705,0,0.009999904781579971
angle,1780512884287618055,-2.0299999713897705,0,0.009999942034482956
angle,1780512884297618103,-2.0299999713897705,0,0.009999938309192657
angle,1780512884307618446,-2.0299999713897705,0,0.010000006295740604
angle,1780512884317618751,-2.0299999713897705,0,0.009999959729611874
angle,1780512884327619033,-2.0299999713897705,0,0.00999996718019247
angle,1780512884337619534,-2.0299999713897705,0,0.00999999139457941
angle,1780512884347620353,-2.0299999713897705,0,0.009999939240515232
angle,1780512884357619667,-2.0299999713897705,0,0.009999915026128292
angle,1780512884367620157,-2.0299999713897705,0,0.009999983943998814
angle,1780512884377620208,-2.0299999713897705,0,0.009999952279031277
angle,1780512884387620772,-2.0299999713897705,0,0.010000001639127731
angle,1780512884397620746,-2.0299999713897705,0,0.009999936446547508
angle,1780512884407621107,-2.0299999713897705,0,0.009999994188547134
angle,1780512884417621321,-2.0299999713897705,0,0.009999946691095829
angle,1780512884427621563,-2.0299999713897705,0,0.009999964386224747
angle,1780512884437622054,-2.0299999713897705,0,0.009999998845160007
angle,1780512884447622154,-2.0299999713897705,0,0.009999996051192284
angle,1780512884457622504,-2.0299999713897705,0,0.009999947622418404
angle,1780512884467622677,-2.0299999713897705,0,0.009999936446547508
angle,1780512884477622827,-2.0299999713897705,0,0.009999966248869896
angle,1780512884487623138,-2.0299999713897705,0,0.00999996904283762
angle,1780512884497623062,-2.0299999713897705,0,0.009999955072999
angle,1780512884507623561,-2.0299999713897705,0,0.009999961592257023
angle,1780512884517623775,-2.0299999713897705,0,0.009999990463256836
angle,1780512884527623867,-2.0299999713897705,0,0.009999996051192284
angle,1780512884537624165,-2.0299999713897705,0,0.009999957866966724
angle,1780512884547624472,-2.0299999713897705,0,0.009999974630773067
angle,1780512884557624606,-2.0299999713897705,0,0.009999970905482769
angle,1780512884567625612,-2.0299999713897705,0,0.009999995119869709
angle,1780512884577625260,-2.0299999713897705,0,0.009999951347708702
angle,1780512884587628663,-2.0299999713897705,0,0.009999934583902359
angle,1780512884597626469,-2.0299999713897705,0,0.009999866597354412
angle,1780512884607625729,-2.0299999713897705,0,0.009999901987612247
angle,1780512884617625798,-2.0299999713897705,0,0.009999951347708702
angle,1780512884627626020,-2.0299999713897705,0,0.009999994188547134
angle,1780512884637626410,-2.0299999713897705,0,0.009999957866966724
angle,1780512884647626498,-2.0299999713897705,0,0.009999966248869896
angle,1780512884657627154,-2.0299999713897705,0,0.01000000536441803
angle,1780512884667627143,-2.0299999713897705,0,0.009999972768127918
angle,1780512884677627360,-2.0299999713897705,0,0.009999886155128479
angle,1780512884687627523,-2.0299999713897705,0,0.009999970905482769
angle,1780512884697627764,-2.0299999713897705,0,0.009999921545386314
angle,1780512884707628019,-2.0299999713897705,0,0.009999972768127918
angle,1780512884717627996,-2.0299999713897705,0,0.009999995119869709
angle,1780512884727628298,-2.0299999713897705,0,0.009999983943998814
angle,1780512884737628534,-2.0299999713897705,0,0.009999971836805344
angle,1780512884747630285,-2.0299999713897705,0,0.009999964386224747
angle,1780512884757629314,-2.0299999713897705,0,0.009999899193644524
angle,1780512884767629553,-2.0299999713897705,0,0.01000000536441803
angle,1780512884777631205,-2.0299999713897705,0,0.009999919682741165
angle,1780512884787631120,-2.0299999713897705,0,0.009999923408031464
angle,1780512884797630049,-2.0299999713897705,0,0.009999897330999374
angle,1780512884807630274,-2.0299999713897705,0,0.009999960660934448
angle,1780512884817630644,-2.0299999713897705,0,0.009999980218708515
angle,1780512884827630883,-2.0299999713897705,0,0.00999994296580553
angle,1780512884837631413,-2.0299999713897705,0,0.009999997913837433
angle,1780512884847631502,-2.0299999713897705,0,0.009999965317547321
angle,1780512884857631627,-2.0299999713897705,0,0.010000007227063179
angle,1780512884867631878,-2.0299999713897705,0,0.009999996982514858
angle,1780512884877632866,-2.0299999713897705,0,0.009999954141676426
angle,1780512884887632777,-2.0299999713897705,0,0.010000043548643589
angle,1780512884897632585,-2.0299999713897705,0,0.0099998963996768
angle,1780512884907632828,-2.0299999713897705,0,0.009999928064644337
angle,1780512884917633488,-2.0299999713897705,0,0.009999939240515232
angle,1780512884927633261,-2.0299999713897705,0,0.009999963454902172
angle,1780512884937633473,-2.0299999713897705,0,0.009999968111515045
angle,1780512884947633794,-2.0299999713897705,0,0.009999955072999
angle,1780512884957634478,-2.0299999713897705,0,0.00999995693564415
angle,1780512884967634468,-2.0299999713897705,0,0.009999999776482582
angle,1780512884977634856,-2.0299999713897705,0,0.00999995693564415
angle,1780512884987635026,-2.0299999713897705,0,0.010000004433095455
angle,1780512884997634996,-2.0299999713897705,0,0.009999921545386314
angle,1780512885007635292,-2.0299999713897705,0,0.009999959729611874
angle,1780512885017635451,-2.0299999713897705,0,0.009999937377870083
angle,1780512885027635556,-2.0299999713897705,0,0.009999985806643963
angle,1780512885037636033,-2.0299999713897705,0,0.009999951347708702
angle,1780512885047636653,-2.0299999713897705,0,0.009999990463256836
angle,1780512885057636392,-2.0299999713897705,0,0.009999948553740978
angle,1780512885067637263,-2.0299999713897705,0,0.00999997928738594
angle,1780512885077636933,-2.0299999713897705,0,0.009999911300837994
angle,1780512885087637267,-2.0299999713897705,0,0.010000004433095455
angle,1780512885097637958,-2.0299999713897705,0,0.009999877773225307
angle,1780512885107637498,-2.0299999713897705,0,0.010000000707805157
angle,1780512885117637547,-2.0299999713897705,0,0.009999951347708702
angle,1780512885127637986,-2.0299999713897705,0,0.009999960660934448
angle,1780512885137638455,-2.0299999713897705,0,0.00999998115003109
angle,1780512885147638719,-2.0299999713897705,0,0.009999960660934448
angle,1780512885157638643,-2.0299999713897705,0,0.009999983943998814
angle,1780512885167639258,-2.0299999713897705,0,0.00999996718019247
angle,1780512885177639313,-2.0299999713897705,0,0.009999939240515232
angle,1780512885187639495,-2.0299999713897705,0,0.009999987669289112
angle,1780512885197642040,-2.0299999713897705,0,0.009999968111515045
angle,1780512885207639794,-2.0299999713897705,0,0.009999971836805344
angle,1780512885217640237,-2.0299999713897705,0,0.009999953210353851
angle,1780512885227640766,-2.0299999713897705,0,0.009999983943998814
angle,1780512885237640927,-2.0299999713897705,0,0.009999961592257023
angle,1780512885247640717,-2.0299999713897705,0,0.009999961592257023
angle,1780512885257641010,-2.0299999713897705,0,0.009999999776482582
angle,1780512885267641803,-2.0299999713897705,0,0.009999999776482582
angle,1780512885277641965,-2.0299999713897705,0,0.010000007227063179
angle,1780512885287642535,-2.0299999713897705,0,0.009999983943998814
angle,1780512885297642581,-2.0299999713897705,0,0.009999948553740978
angle,1780512885307642741,-2.0299999713897705,0,0.009999874979257584
angle,1780512885317643179,-2.0299999713897705,0,0.009999960660934448
angle,1780512885327643041,-2.0299999713897705,0,0.009999971836805344
angle,1780512885337643456,-2.0299999713897705,0,0.00999997928738594
angle,1780512885347643759,-2.0299999713897705,0,0.009999973699450493
angle,1780512885357644030,-2.0299999713897705,0,0.009999948553740978
angle,1780512885367644596,-2.0299999713897705,0,0.009999939240515232
angle,1780512885377644472,-2.0299999713897705,0,0.009999914094805717
angle,1780512885387645235,-2.0299999713897705,0,0.009999975562095642
angle,1780512885397645023,-2.0299999713897705,0,0.009999928064644337
angle,1780512885407645452,-2.0299999713897705,0,0.009999996051192284
angle,1780512885417645473,-2.0299999713897705,0,0.009999990463256836
angle,1780512885427645858,-2.0299999713897705,0,0.00999997928738594
angle,1780512885437646172,-2.0299999713897705,0,0.009999953210353851
angle,1780512885447646495,-2.0299999713897705,0,0.009999940171837807
angle,1780512885457647375,-2.0299999713897705,0,0.009999961592257023
angle,1780512885467647046,-2.0299999713897705,0,0.009999936446547508
angle,1780512885477648028,-2.0299999713897705,0,0.010000000707805157
angle,1780512885487647674,-2.0299999713897705,0,0.009999984875321388
angle,1780512885497649489,-2.0299999713897705,0,0.00999996904283762
angle,1780512885507647944,-2.0299999713897705,0,0.009999925270676613
angle,1780512885517648046,-2.0299999713897705,0,0.009999937377870083
angle,1780512885527648331,-2.0299999713897705,0,0.009999969974160194
angle,1780512885537648570,-2.0299999713897705,0,0.009999999776482582
angle,1780512885547649075,-2.0299999713897705,0,0.009999968111515045
angle,1780512885557649040,-2.0299999713897705,0,0.00999994296580553
angle,1780512885567649730,-2.0299999713897705,0,0.010000010952353477
angle,1780512885577649771,-2.0299999713897705,0,0.009999997913837433
angle,1780512885587650151,-2.0299999713897705,0,0.009999966248869896
angle,1780512885597650277,-2.0299999713897705,0,0.009999963454902172
angle,1780512885607650536,-2.0299999713897705,0,0.009999929927289486
angle,1780512885617650711,-2.0299999713897705,0,0.009999965317547321
angle,1780512885627650822,-2.0299999713897705,0,0.009999948553740978
angle,1780512885637651070,-2.0299999713897705,0,0.009999999776482582
angle,1780512885647651440,-2.0299999713897705,0,0.009999990463256836
angle,1780512885657651721,-2.0299999713897705,0,0.009999961592257023
angle,1780512885667651846,-2.0299999713897705,0,0.009999933652579784
angle,1780512885677652204,-2.0299999713897705,0,0.00999997928738594
angle,1780512885687652436,-2.0299999713897705,0,0.00999994482845068
angle,1780512885697653595,-2.0299999713897705,0,0.009999947622418404
angle,1780512885707653324,-2.0299999713897705,0,0.009999936446547508
angle,1780512885717653477,-2.0299999713897705,0,0.010000002570450306
angle,1780512885727653668,-2.0299999713897705,0,0.009999996982514858
angle,1780512885737653778,-2.0299999713897705,0,0.009999965317547321
angle,1780512885747654740,-2.0299999713897705,0,0.009999988600611687
angle,1780512885757654230,-2.0299999713897705,0,0.009999958798289299
angle,1780512885767654574,-2.0299999713897705,0,0.009999996051192284
angle,1780512885777655258,-2.0299999713897705,0,0.009999971836805344
angle,1780512885787655474,-2.0299999713897705,0,0.009999899193644524
angle,1780512885797655461,-2.0299999713897705,0,0.0099998963996768
angle,1780512885807655580,-2.0299999713897705,0,0.009999996982514858
angle,1780512885817655671,-2.0299999713897705,0,0.009999939240515232
angle,1780512885827655847,-2.0299999713897705,0,0.010000004433095455
angle,1780512885837656864,-2.0299999713897705,0,0.009999957866966724
angle,1780512885847656765,-2.0299999713897705,0,0.009999875910580158
angle,1780512885859650108,-2.0299999713897705,0,0.011993035674095154
angle,1780512885869650765,-2.0299999713897705,0,0.009999942034482956
angle,1780512885879651858,-2.0299999713897705,0,0.009999937377870083
angle,1780512885889651539,-2.0299999713897705,0,0.009999900124967098
angle,1780512885899651018,-2.0299999713897705,0,0.009999915957450867
angle,1780512885909651329,-2.0299999713897705,0,0.009999947622418404
angle,1780512885919651597,-2.0299999713897705,0,0.009999943897128105
angle,1780512885929651736,-2.0299999713897705,0,0.00999999139457941
angle,1780512885939652164,-2.0299999713897705,0,0.00999995693564415
angle,1780512885949652328,-2.0299999713897705,0,0.009999987669289112
angle,1780512885959652598,-2.0299999713897705,0,0.009999958798289299
angle,1780512885969653433,-2.0299999713897705,0,0.009999959729611874
angle,1780512885979653203,-2.0299999713897705,0,0.009999899193644524
angle,1780512885989653497,-2.0299999713897705,0,0.009999994188547134
angle,1780512885999653491,-2.0299999713897705,0,0.009999876841902733
angle,1780512886009653935,-2.0299999713897705,0,0.009999983012676239
angle,1780512886019653792,-2.0299999713897705,0,0.009999936446547508
angle,1780512886029654162,-2.0299999713897705,0,0.009999941103160381
angle,1780512886039654193,-2.0299999713897705,0,0.009999951347708702
angle,1780512886049654494,-2.0299999713897705,0,0.00999997928738594
angle,1780512886059654754,-2.0299999713897705,0,0.01000000536441803
angle,1780512886069655355,-2.0299999713897705,0,0.009999987669289112
angle,1780512886079655152,-2.0299999713897705,0,0.009999936446547508
angle,1780512886089655495,-2.0299999713897705,0,0.009999937377870083
angle,1780512886099655712,-2.0299999713897705,0,0.009999927133321762
angle,1780512886109655850,-2.0299999713897705,0,0.009999950416386127
angle,1780512886119655960,-2.0299999713897705,0,0.009999996982514858
angle,1780512886129656183,-2.0299999713897705,0,0.009999955072999
angle,1780512886139656613,-2.0299999713897705,0,0.009999990463256836
angle,1780512886149656766,-2.0299999713897705,0,0.009999950416386127
angle,1780512886159657204,-2.0299999713897705,0,0.00999997928738594
angle,1780512886169657086,-2.0299999713897705,0,0.009999982081353664
angle,1780512886179657763,-2.0299999713897705,0,0.009999952279031277
angle,1780512886189657936,-2.0299999713897705,0,0.009999985806643963
angle,1780512886199658220,-2.0299999713897705,0,0.009999913163483143
angle,1780512886209658288,-2.0299999713897705,0,0.010000001639127731
angle,1780512886219658644,-2.0299999713897705,0,0.009999959729611874
angle,1780512886229658700,-2.0299999713897705,0,0.009999992325901985
angle,1780512886239658885,-2.0299999713897705,0,0.00999996904283762
angle,1780512886249659420,-2.0299999713897705,0,0.009999985806643963
angle,1780512886259660549,-2.0299999713897705,0,0.009999948553740978
angle,1780512886269659749,-2.0299999713897705,0,0.00999992061406374
angle,1780512886279660074,-2.0299999713897705,0,0.009999969974160194
angle,1780512886289660064,-2.0299999713897705,0,0.009999947622418404
angle,1780512886299660590,-2.0299999713897705,0,0.009999969974160194
angle,1780512886309660291,-2.0299999713897705,0,0.009999965317547321
angle,1780512886319660841,-2.0299999713897705,0,0.009999985806643963
angle,1780512886329660976,-2.0299999713897705,0,0.009999964386224747
angle,1780512886339661174,-2.0299999713897705,0,0.009999952279031277
angle,1780512886349662217,-2.0299999713897705,0,0.00999996718019247
angle,1780512886359662357,-2.0299999713897705,0,0.009999980218708515
angle,1780512886369662183,-2.0299999713897705,0,0.00999991875141859
angle,1780512886379663627,-2.0299999713897705,0,0.009999964386224747
angle,1780512886389663245,-2.0299999713897705,0,0.009999899193644524
angle,1780512886399663303,-2.0299999713897705,0,0.009999963454902172
angle,1780512886409663080,-2.0299999713897705,0,0.009999886155128479
angle,1780512886419663278,-2.0299999713897705,0,0.00999994482845068
angle,1780512886429664798,-2.0299999713897705,0,0.010000013746321201
angle,1780512886439663871,-2.0299999713897705,0,0.009999928995966911
angle,1780512886449663970,-2.0299999713897705,0,0.009999938309192657
angle,1780512886459664211,-2.0299999713897705,0,0.009999951347708702
angle,1780512886469664388,-2.0299999713897705,0,0.009999937377870083
angle,1780512886479665108,-2.0299999713897705,0,0.009999990463256836
angle,1780512886489665774,-2.0299999713897705,0,0.010000006295740604
angle,1780512886499665546,-2.0299999713897705,0,0.009999865666031837
angle,1780512886509665812,-2.0299999713897705,0,0.009999961592257023
angle,1780512886519667336,-2.0299999713897705,0,0.009999972768127918
angle,1780512886529665978,-2.0299999713897705,0,0.00999993272125721
angle,1780512886539666194,-2.0299999713897705,0,0.009999948553740978
angle,1780512886549666602,-2.0299999713897705,0,0.009999943897128105
angle,1780512886559666662,-2.0299999713897705,0,0.009999946691095829
angle,1780512886569666959,-2.0299999713897705,0,0.009999985806643963
angle,1780512886579667031,-2.0299999713897705,0,0.009999982081353664
angle,1780512886589667352,-2.0299999713897705,0,0.009999969974160194
angle,1780512886599667700,-2.0299999713897705,0,0.010000004433095455
angle,1780512886609667850,-2.0299999713897705,0,0.009999986737966537
angle,1780512886619668610,-2.0299999713897705,0,0.009999934583902359
angle,1780512886629668134,-2.0299999713897705,0,0.009999939240515232
angle,1780512886639668419,-2.0299999713897705,0,0.009999951347708702
angle,1780512886649668571,-2.0299999713897705,0,0.009999986737966537
angle,1780512886659668818,-2.0299999713897705,0,0.009999988600611687
angle,1780512886669669118,-2.0299999713897705,0,0.009999957866966724
angle,1780512886679669641,-2.0299999713897705,0,0.009999996982514858
angle,1780512886689669718,-2.0299999713897705,0,0.010000010021030903
angle,1780512886699670320,-2.0299999713897705,0,0.010000006295740604
angle,1780512886709670371,-2.0299999713897705,0,0.009999893605709076
angle,1780512886719670365,-2.0299999713897705,0,0.00999991875141859
angle,1780512886729670653,-2.0299999713897705,0,0.00999998115003109
angle,1780512886739670887,-2.0299999713897705,0,0.009999997913837433
angle,1780512886749671439,-2.0299999713897705,0,0.010000007227063179
angle,1780512886759671576,-2.0299999713897705,0,0.009999964386224747
angle,1780512886769671765,-2.0299999713897705,0,0.009999961592257023
angle,1780512886779672206,-2.0299999713897705,0,0.009999983012676239
angle,1780512886789673730,-2.0299999713897705,0,0.009999938309192657
angle,1780512886799673443,-2.0299999713897705,0,0.009999934583902359
angle,1780512886809673047,-2.0299999713897705,0,0.009999921545386314
angle,1780512886819673205,-2.0299999713897705,0,0.009999958798289299
angle,1780512886829674243,-2.0299999713897705,0,0.00999998115003109
angle,1780512886839673832,-2.0299999713897705,0,0.00999994296580553
angle,1780512886849674227,-2.0299999713897705,0,0.009999928995966911
angle,1780512886859674214,-2.0299999713897705,0,0.009999965317547321
angle,1780512886869674463,-2.0299999713897705,0,0.009999983943998814
angle,1780512886879676033,-2.0299999713897705,0,0.009999950416386127
angle,1780512886889674821,-2.0299999713897705,0,0.009999910369515419
angle,1780512886899675290,-2.0299999713897705,0,0.009999963454902172
angle,1780512886909675117,-2.0299999713897705,0,0.00999989453703165
angle,1780512886919675624,-2.0299999713897705,0,0.009999977424740791
angle,1780512886929675604,-2.0299999713897705,0,0.009999940171837807
angle,1780512886939675861,-2.0299999713897705,0,0.009999953210353851
angle,1780512886949675980,-2.0299999713897705,0,0.009999960660934448
angle,1780512886959676441,-2.0299999713897705,0,0.009999968111515045
angle,1780512886969676579,-2.0299999713897705,0,0.010000001639127731
angle,1780512886979676845,-2.0299999713897705,0,0.009999948553740978
angle,1780512886989676971,-2.0299999713897705,0,0.009999977424740791
angle,1780512886999677323,-2.0299999713897705,0,0.009999983943998814
angle,1780512887009677997,-2.0299999713897705,0,0.009999975562095642
angle,1780512887019677676,-2.0299999713897705,0,0.009999956004321575
angle,1780512887029677756,-2.0299999713897705,0,0.009999948553740978
angle,1780512887039678137,-2.0299999713897705,0,0.01000000536441803
angle,1780512887049678765,-2.0299999713897705,0,0.00999994482845068
angle,1780512887059678618,-2.0299999713897705,0,0.009999980218708515
angle,1780512887069678826,-2.0299999713897705,0,0.009999982081353664
angle,1780512887079679436,-2.0299999713897705,0,0.010000000707805157
angle,1780512887089679577,-2.0299999713897705,0,0.009999978356063366
angle,1780512887099679849,-2.0299999713897705,0,0.009999953210353851
angle,1780512887109679937,-2.0299999713897705,0,0.009999910369515419
angle,1780512887119680136,-2.0299999713897705,0,0.010000008158385754
angle,1780512887129680483,-2.0299999713897705,0,0.009999933652579784
angle,1780512887139680911,-2.0299999713897705,0,0.009999999776482582
angle,1780512887149680879,-2.0299999713897705,0,0.00999998115003109
angle,1780512887159681211,-2.0299999713897705,0,0.009999953210353851
angle,1780512887169681203,-2.0299999713897705,0,0.009999941103160381
angle,1780512887179681817,-2.0299999713897705,0,0.010000004433095455
angle,1780512887189681687,-2.0299999713897705,0,0.009999891743063927
angle,1780512887199684029,-2.0299999713897705,0,0.010000049136579037
angle,1780512887209684129,-2.0299999713897705,0,0.009999878704547882
angle,1780512887219684311,-2.0299999713897705,0,0.009999901056289673
angle,1780512887229682941,-2.0299999713897705,0,0.009999916888773441
angle,1780512887239683074,-2.0299999713897705,0,0.009999954141676426
angle,1780512887249683114,-2.0299999713897705,0,0.009999938309192657
angle,1780512887259683661,-2.0299999713897705,0,0.009999992325901985
angle,1780512887269683794,-2.0299999713897705,0,0.01000000536441803
angle,1780512887279684364,-2.0299999713897705,0,0.009999996982514858
angle,1780512887289684347,-2.0299999713897705,0,0.009999888017773628
angle,1780512887299685052,-2.0299999713897705,0,0.009999971836805344
angle,1780512887309684970,-2.0299999713897705,0,0.009999925270676613
angle,1780512887319684710,-2.0299999713897705,0,0.009999973699450493
angle,1780512887329684985,-2.0299999713897705,0,0.00999994482845068
angle,1780512887339685065,-2.0299999713897705,0,0.009999952279031277
angle,1780512887349685851,-2.0299999713897705,0,0.009999995119869709
angle,1780512887359685462,-2.0299999713897705,0,0.00999994296580553
angle,1780512887369685926,-2.0299999713897705,0,0.009999971836805344
angle,1780512887379686083,-2.0299999713897705,0,0.00999996904283762
angle,1780512887389686589,-2.0299999713897705,0,0.009999866597354412
angle,1780512887399687303,-2.0299999713897705,0,0.009999883361160755
angle,1780512887409686902,-2.0299999713897705,0,0.009999859146773815
angle,1780512887419687192,-2.0299999713897705,0,0.010000018402934074
angle,1780512887429687670,-2.0299999713897705,0,0.009999948553740978
angle,1780512887439688449,-2.0299999713897705,0,0.009999994188547134
angle,1780512887449688091,-2.0299999713897705,0,0.009999978356063366
angle,1780512887459688187,-2.0299999713897705,0,0.009999966248869896
angle,1780512887469688427,-2.0299999713897705,0,0.009999936446547508
angle,1780512887479689228,-2.0299999713897705,0,0.009999954141676426
angle,1780512887489688976,-2.0299999713897705,0,0.009999878704547882
angle,1780512887499689513,-2.0299999713897705,0,0.009999983943998814
angle,1780512887509689612,-2.0299999713897705,0,0.009999915026128292
angle,1780512887519690239,-2.0299999713897705,0,0.009999963454902172
angle,1780512887529690391,-2.0299999713897705,0,0.009999953210353851
angle,1780512887539690652,-2.0299999713897705,0,0.009999957866966724
angle,1780512887549690666,-2.0299999713897705,0,0.009999951347708702
angle,1780512887559690667,-2.0299999713897705,0,0.009999977424740791
angle,1780512887569691491,-2.0299999713897705,0,0.009999987669289112
angle,1780512887579691366,-2.0299999713897705,0,0.009999943897128105
angle,1780512887589691708,-2.0299999713897705,0,0.009999946691095829
angle,1780512887599692172,-2.0299999713897705,0,0.009999937377870083
angle,1780512887609692072,-2.0299999713897705,0,0.00999993272125721
angle,1780512887619692481,-2.0299999713897705,0,0.009999933652579784
angle,1780512887629693719,-2.0299999713897705,0,0.009999997913837433
angle,1780512887639692853,-2.0299999713897705,0,0.009999994188547134
angle,1780512887649693162,-2.0299999713897705,0,0.009999983012676239
angle,1780512887659693225,-2.0299999713897705,0,0.009999990463256836
angle,1780512887669693425,-2.0299999713897705,0,0.009999933652579784
angle,1780512887679694053,-2.0299999713897705,0,0.010000009089708328
angle,1780512887689694107,-2.0299999713897705,0,0.009999963454902172
angle,1780512887699694402,-2.0299999713897705,0,0.010000009089708328
angle,1780512887709694872,-2.0299999713897705,0,0.009999978356063366
angle,1780512887719694752,-2.0299999713897705,0,0.009999966248869896
angle,1780512887729694997,-2.0299999713897705,0,0.009999982081353664
angle,1780512887739695193,-2.0299999713897705,0,0.009999987669289112
angle,1780512887749695619,-2.0299999713897705,0,0.009999948553740978
angle,1780512887759695914,-2.0299999713897705,0,0.01000000536441803
angle,1780512887769696184,-2.0299999713897705,0,0.009999986737966537
angle,1780512887779696410,-2.0299999713897705,0,0.009999936446547508
angle,1780512887789698373,-2.0299999713897705,0,0.009999984875321388
angle,1780512887799697569,-2.0299999713897705,0,0.009999909438192844
angle,1780512887809697151,-2.0299999713897705,0,0.009999958798289299
angle,1780512887819697398,-2.0299999713897705,0,0.009999983012676239
angle,1780512887829697515,-2.0299999713897705,0,0.009999972768127918
angle,1780512887839698122,-2.0299999713897705,0,0.009999942034482956
angle,1780512887849698335,-2.0299999713897705,0,0.009999980218708515
angle,1780512887859698615,-2.0299999713897705,0,0.009999987669289112
angle,1780512887869698855,-2.0299999713897705,0,0.00999996718019247
angle,1780512887879699943,-2.0299999713897705,0,0.009999992325901985
angle,1780512887889699139,-2.0299999713897705,0,0.009999911300837994
angle,1780512887899699213,-2.0299999713897705,0,0.009999972768127918
angle,1780512887909699512,-2.0299999713897705,0,0.009999990463256836
angle,1780512887919699874,-2.0299999713897705,0,0.010000000707805157
angle,1780512887929700364,-2.0299999713897705,0,0.00999997928738594
angle,1780512887939700506,-2.0299999713897705,0,0.009999965317547321
angle,1780512887949700661,-2.0299999713897705,0,0.009999983943998814
angle,1780512887959700754,-2.0299999713897705,0,0.009999945759773254
angle,1780512887969701989,-2.0299999713897705,0,0.009999934583902359
angle,1780512887979702298,-2.0299999713897705,0,0.009999857284128666
angle,1780512887989701796,-2.0299999713897705,0,0.009999905712902546
angle,1780512887999701733,-2.0299999713897705,0,0.010000004433095455
angle,1780512888009702406,-2.0299999713897705,0,0.009999982081353664
angle,1780512888019702725,-2.0299999713897705,0,0.010000002570450306
angle,1780512888029702673,-2.0299999713897705,0,0.009999969974160194
angle,1780512888039702883,-2.0299999713897705,0,0.009999951347708702
angle,1780512888049703917,-2.0299999713897705,0,0.010000001639127731
angle,1780512888059703476,-2.0299999713897705,0,0.010000008158385754
angle,1780512888069703625,-2.0299999713897705,0,0.009999952279031277
angle,1780512888079703872,-2.0299999713897705,0,0.00999996904283762
angle,1780512888089704343,-2.0299999713897705,0,0.009999998845160007
angle,1780512888099704942,-2.0299999713897705,0,0.009999964386224747
angle,1780512888109704720,-2.0299999713897705,0,0.009999980218708515
angle,1780512888119704746,-2.0299999713897705,0,0.009999947622418404
angle,1780512888129705182,-2.0299999713897705,0,0.009999956004321575
angle,1780512888139705704,-2.0299999713897705,0,0.009999968111515045
angle,1780512888149705558,-2.0299999713897705,0,0.009999955072999
angle,1780512888159705741,-2.0299999713897705,0,0.009999980218708515
angle,1780512888169706054,-2.0299999713897705,0,0.009999948553740978
angle,1780512888179706739,-2.0299999713897705,0,0.010000007227063179
angle,1780512888189706864,-2.0299999713897705,0,0.009999970905482769
angle,1780512888199707214,-2.0299999713897705,0,0.009999980218708515
angle,1780512888209709823,-2.0299999713897705,0,0.01000002957880497
angle,1780512888219708933,-2.0299999713897705,0,0.009999885223805904
angle,1780512888229708124,-2.0299999713897705,0,0.009999931789934635
angle,1780512888239708293,-2.0299999713897705,0,0.00999996718019247
angle,1780512888249708516,-2.0299999713897705,0,0.009999945759773254
angle,1780512888259708768,-2.0299999713897705,0,0.009999958798289299
angle,1780512888269709252,-2.0299999713897705,0,0.009999988600611687
angle,1780512888279709126,-2.0299999713897705,0,0.009999953210353851
angle,1780512888289709360,-2.0299999713897705,0,0.00999994482845068
angle,1780512888299709621,-2.0299999713897705,0,0.009999970905482769
angle,1780512888309710300,-2.0299999713897705,0,0.00999994296580553
angle,1780512888319710129,-2.0299999713897705,0,0.009999880567193031
angle,1780512888329710311,-2.0299999713897705,0,0.009999933652579784
angle,1780512888339710494,-2.0299999713897705,0,0.009999954141676426
angle,1780512888349711060,-2.0299999713897705,0,0.009999996982514858
angle,1780512888359711234,-2.0299999713897705,0,0.009999938309192657
angle,1780512888369711260,-2.0299999713897705,0,0.009999942034482956
angle,1780512888379711327,-2.0299999713897705,0,0.009999973699450493
angle,1780512888389711783,-2.0299999713897705,0,0.00999999139457941
angle,1780512888399711930,-2.0299999713897705,0,0.009999990463256836
angle,1780512888409714230,-2.0299999713897705,0,0.009999960660934448
angle,1780512888419712337,-2.0299999713897705,0,0.009999886155128479
angle,1780512888429712523,-2.0299999713897705,0,0.009999987669289112
angle,1780512888439712767,-2.0299999713897705,0,0.009999941103160381
angle,1780512888449713343,-2.0299999713897705,0,0.01000000536441803
angle,1780512888459713300,-2.0299999713897705,0,0.00999999325722456
angle,1780512888469713553,-2.0299999713897705,0,0.009999941103160381
angle,1780512888479713680,-2.0299999713897705,0,0.009999933652579784
angle,1780512888489714298,-2.0299999713897705,0,0.009999947622418404
angle,1780512888499714551,-2.0299999713897705,0,0.009999957866966724
angle,1780512888509714792,-2.0299999713897705,0,0.00999995693564415
angle,1780512888519714991,-2.0299999713897705,0,0.009999951347708702
angle,1780512888529715051,-2.0299999713897705,0,0.009999971836805344
angle,1780512888539715225,-2.0299999713897705,0,0.009999965317547321
angle,1780512888549715424,-2.0299999713897705,0,0.009999984875321388
angle,1780512888559715751,-2.0299999713897705,0,0.010000008158385754
angle,1780512888569716097,-2.0299999713897705,0,0.009999999776482582
angle,1780512888579716824,-2.0299999713897705,0,0.009999998845160007
angle,1780512888589717058,-2.0299999713897705,0,0.00999996904283762
angle,1780512888599717166,-2.0299999713897705,0,0.009999975562095642
angle,1780512888609717770,-2.0299999713897705,0,0.009999978356063366
angle,1780512888619718118,-2.0299999713897705,0,0.009999990463256836
angle,1780512888629718163,-2.0299999713897705,0,0.009999861009418964
angle,1780512888639719772,-2.0299999713897705,0,0.009999980218708515
angle,1780512888649721173,-2.0299999713897705,0,0.009999937377870083
angle,1780512888659754387,-2.0299999713897705,0,0.010033838450908661
angle,1780512888669755312,-2.0299999713897705,0,0.009999851696193218
angle,1780512888679754612,-2.0299999713897705,0,0.009999901987612247
angle,1780512888691427998,-2.0299999713897705,0,0.011672867462038994
angle,1780512888701427770,-2.0299999713897705,0,0.009999889880418777
angle,1780512888711427590,-2.0299999713897705,0,0.009999843314290047
angle,1780512888721427403,-2.0299999713897705,0,0.00999999139457941
angle,1780512888731427292,-2.0299999713897705,0,0.009999994188547134
angle,1780512888741427429,-2.0299999713897705,0,0.00999997928738594
angle,1780512888751428644,-2.0299999713897705,0,0.010000007227063179
angle,1780512888761427962,-2.0299999713897705,0,0.009999995119869709
angle,1780512888771428163,-2.0299999713897705,0,0.00999991875141859
angle,1780512888781428393,-2.0299999713897705,0,0.009999958798289299
angle,1780512888791430043,-2.0299999713897705,0,0.00999996718019247
angle,1780512888801429188,-2.0299999713897705,0,0.009999911300837994
angle,1780512888811429210,-2.0299999713897705,0,0.010000006295740604
angle,1780512888821429395,-2.0299999713897705,0,0.009999953210353851
angle,1780512888831429775,-2.0299999713897705,0,0.009999959729611874
angle,1780512888841430087,-2.0299999713897705,0,0.009999988600611687
angle,1780512888851430131,-2.0299999713897705,0,0.009999929927289486
angle,1780512888861430439,-2.0299999713897705,0,0.009999937377870083
angle,1780512888871430484,-2.0299999713897705,0,0.009999996051192284
angle,1780512888881432076,-2.0299999713897705,0,0.009999956004321575
angle,1780512888891430970,-2.0299999713897705,0,0.009999898262321949
angle,1780512888901431225,-2.0299999713897705,0,0.00999999139457941
angle,1780512888911431979,-2.0299999713897705,0,0.010000010952353477
angle,1780512888921432227,-2.0299999713897705,0,0.009999937377870083
angle,1780512888931432375,-2.0299999713897705,0,0.009999971836805344
angle,1780512888941432566,-2.0299999713897705,0,0.00999999325722456
angle,1780512888951432911,-2.0299999713897705,0,0.009999986737966537
angle,1780512888961433091,-2.0299999713897705,0,0.009999947622418404
angle,1780512888971433719,-2.0299999713897705,0,0.009999999776482582
angle,1780512888981433533,-2.0299999713897705,0,0.009999952279031277
angle,1780512888991433854,-2.0299999713897705,0,0.009999986737966537
angle,1780512889001434302,-2.0299999713897705,0,0.010000002570450306
angle,1780512889011434327,-2.0299999713897705,0,0.009999947622418404
angle,1780512889021434395,-2.0299999713897705,0,0.009999934583902359
angle,1780512889031434671,-2.0299999713897705,0,0.009999992325901985
angle,1780512889041434938,-2.0299999713897705,0,0.009999942034482956
angle,1780512889051435102,-2.0299999713897705,0,0.00999995693564415
angle,1780512889061435784,-2.0299999713897705,0,0.010000006295740604
angle,1780512889071435597,-2.0299999713897705,0,0.009999973699450493
angle,1780512889081435911,-2.0299999713897705,0,0.00999999139457941
angle,1780512889091436314,-2.0299999713897705,0,0.009999984875321388
angle,1780512889101436708,-2.0299999713897705,0,0.009999876841902733
angle,1780512889111436902,-2.0299999713897705,0,0.009999952279031277
angle,1780512889121436763,-2.0299999713897705,0,0.009999879635870457
angle,1780512889131437031,-2.0299999713897705,0,0.009999956004321575
angle,1780512889141437477,-2.0299999713897705,0,0.009999998845160007
angle,1780512889151437735,-2.0299999713897705,0,0.009999956004321575
angle,1780512889161437852,-2.0299999713897705,0,0.009999966248869896
angle,1780512889171438345,-2.0299999713897705,0,0.009999958798289299
angle,1780512889181438182,-2.0299999713897705,0,0.009999969974160194
angle,1780512889191438996,-2.0299999713897705,0,0.009999971836805344
angle,1780512889201438833,-2.0299999713897705,0,0.009999960660934448
angle,1780512889211439249,-2.0299999713897705,0,0.009999947622418404
angle,1780512889221439360,-2.0299999713897705,0,0.009999919682741165
angle,1780512889231440176,-2.0299999713897705,0,0.00999996718019247
angle,1780512889241440454,-2.0299999713897705,0,0.009999899193644524
angle,1780512889251440403,-2.0299999713897705,0,0.009999940171837807
angle,1780512889261440426,-2.0299999713897705,0,0.010000006295740604
angle,1780512889271440564,-2.0299999713897705,0,0.009999961592257023
angle,1780512889281441393,-2.0299999713897705,0,0.01000000536441803
angle,1780512889291441300,-2.0299999713897705,0,0.009999873116612434
angle,1780512889301441504,-2.0299999713897705,0,0.009999983012676239
angle,1780512889311441647,-2.0299999713897705,0,0.009999879635870457
angle,1780512889321442335,-2.0299999713897705,0,0.00999997928738594
angle,1780512889331442294,-2.0299999713897705,0,0.009999929927289486
angle,1780512889341442663,-2.0299999713897705,0,0.010000010952353477
angle,1780512889351442829,-2.0299999713897705,0,0.009999983012676239
angle,1780512889361443036,-2.0299999713897705,0,0.009999948553740978
angle,1780512889371443220,-2.0299999713897705,0,0.009999941103160381
angle,1780512889381443327,-2.0299999713897705,0,0.009999968111515045
angle,1780512889391443506,-2.0299999713897705,0,0.010000000707805157
angle,1780512889401443916,-2.0299999713897705,0,0.009999966248869896
angle,1780512889411444323,-2.0299999713897705,0,0.009999950416386127
angle,1780512889421444496,-2.0299999713897705,0,0.009999943897128105
angle,1780512889431444510,-2.0299999713897705,0,0.009999958798289299
angle,1780512889441444769,-2.0299999713897705,0,0.010000000707805157
angle,1780512889451445031,-2.0299999713897705,0,0.009999969974160194
angle,1780512889461445614,-2.0299999713897705,0,0.009999937377870083
angle,1780512889471445423,-2.0299999713897705,0,0.009999937377870083
angle,1780512889481445709,-2.0299999713897705,0,0.009999996982514858
angle,1780512889491446261,-2.0299999713897705,0,0.01000000536441803
angle,1780512889501446663,-2.0299999713897705,0,0.009999975562095642
angle,1780512889511446476,-2.0299999713897705,0,0.009999893605709076
angle,1780512889521446934,-2.0299999713897705,0,0.009999940171837807
angle,1780512889531446806,-2.0299999713897705,0,0.009999958798289299
angle,1780512889541447149,-2.0299999713897705,0,0.010000004433095455
angle,1780512889551447391,-2.0299999713897705,0,0.009999997913837433
angle,1780512889561447811,-2.0299999713897705,0,0.009999956004321575
angle,1780512889571448822,-2.0299999713897705,0,0.009999983943998814
angle,1780512889581448082,-2.0299999713897705,0,0.009999897330999374
angle,1780512889591448474,-2.0299999713897705,0,0.009999940171837807
angle,1780512889601448547,-2.0299999713897705,0,0.009999985806643963
angle,1780512889611448980,-2.0299999713897705,0,0.00999994296580553
angle,1780512889621448982,-2.0299999713897705,0,0.009999905712902546
angle,1780512889631449158,-2.0299999713897705,0,0.009999986737966537
angle,1780512889641449485,-2.0299999713897705,0,0.00999998115003109
angle,1780512889651450259,-2.0299999713897705,0,0.009999982081353664
angle,1780512889661450369,-2.0299999713897705,0,0.009999945759773254
angle,1780512889671450046,-2.0299999713897705,0,0.0099998963996768
angle,1780512889681450275,-2.0299999713897705,0,0.00999995693564415
angle,1780512889691451066,-2.0299999713897705,0,0.009999958798289299
angle,1780512889701450745,-2.0299999713897705,0,0.009999956004321575
angle,1780512889711451153,-2.0299999713897705,0,0.009999957866966724
angle,1780512889721451395,-2.0299999713897705,0,0.009999911300837994
angle,1780512889731451455,-2.0299999713897705,0,0.009999994188547134
angle,1780512889741451668,-2.0299999713897705,0,0.009999936446547508
angle,1780512889751452637,-2.0299999713897705,0,0.009999977424740791
angle,1780512889761453290,-2.0299999713897705,0,0.009999990463256836
angle,1780512889771452456,-2.0299999713897705,0,0.009999883361160755
angle,1780512889781453054,-2.0299999713897705,0,0.009999996051192284
angle,1780512889791455127,-2.0299999713897705,0,0.009999941103160381
angle,1780512889801453306,-2.0299999713897705,0,0.00999992061406374
angle,1780512889811453512,-2.0299999713897705,0,0.009999959729611874
angle,1780512889821454169,-2.0299999713897705,0,0.009999999776482582
angle,1780512889831454114,-2.0299999713897705,0,0.009999969974160194
angle,1780512889841454556,-2.0299999713897705,0,0.009999972768127918
angle,1780512889851454583,-2.0299999713897705,0,0.009999937377870083
angle,1780512889861454767,-2.0299999713897705,0,0.010000008158385754
angle,1780512889871454925,-2.0299999713897705,0,0.009999938309192657
angle,1780512889881456128,-2.0299999713897705,0,0.009999952279031277
angle,1780512889891456700,-2.0299999713897705,0,0.009999937377870083
angle,1780512889901455908,-2.0299999713897705,0,0.009999963454902172
angle,1780512889911456006,-2.0299999713897705,0,0.00999987032264471
angle,1780512889921456320,-2.0299999713897705,0,0.009999996982514858
angle,1780512889931456460,-2.0299999713897705,0,0.009999927133321762
angle,1780512889941456590,-2.0299999713897705,0,0.010000000707805157
angle,1780512889951457261,-2.0299999713897705,0,0.00999997928738594
angle,1780512889961457416,-2.0299999713897705,0,0.010000008158385754
angle,1780512889971459851,-2.0299999713897705,0,0.009999969974160194
angle,1780512889981457792,-2.0299999713897705,0,0.009999901056289673
angle,1780512889991458604,-2.0299999713897705,0,0.010000004433095455
angle,1780512890001458777,-2.0299999713897705,0,0.009999964386224747
angle,1780512890011459623,-2.0299999713897705,0,0.00999989453703165
angle,1780512890021459292,-2.0299999713897705,0,0.009999982081353664
angle,1780512890031459206,-2.0299999713897705,0,0.009999899193644524
angle,1780512890041459473,-2.0299999713897705,0,0.009999945759773254
angle,1780512890051459487,-2.0299999713897705,0,0.009999959729611874
angle,1780512890061459920,-2.0299999713897705,0,0.009999964386224747
angle,1780512890071459949,-2.0299999713897705,0,0.00999994296580553
angle,1780512890081460233,-2.0299999713897705,0,0.009999964386224747
angle,1780512890091460396,-2.0299999713897705,0,0.00999993085861206
angle,1780512890101460873,-2.0299999713897705,0,0.009999933652579784
angle,1780512890111460718,-2.0299999713897705,0,0.009999953210353851
angle,1780512890121461700,-2.0299999713897705,0,0.009999988600611687
angle,1780512890131461222,-2.0299999713897705,0,0.009999956004321575
angle,1780512890141461520,-2.0299999713897705,0,0.00999994296580553
angle,1780512890151461913,-2.0299999713897705,0,0.009999925270676613
angle,1780512890161462266,-2.0299999713897705,0,0.009999927133321762
angle,1780512890171463533,-2.0299999713897705,0,0.009999942034482956
angle,1780512890181462851,-2.0299999713897705,0,0.009999904781579971
angle,1780512890191462959,-2.0299999713897705,0,0.009999996051192284
angle,1780512890201463287,-2.0299999713897705,0,0.009999988600611687
angle,1780512890211463757,-2.0299999713897705,0,0.009999975562095642
angle,1780512890221464205,-2.0299999713897705,0,0.009999959729611874
angle,1780512890231463949,-2.0299999713897705,0,0.009999873116612434
angle,1780512890241464302,-2.0299999713897705,0,0.009999990463256836
angle,1780512890251464420,-2.0299999713897705,0,0.009999956004321575
angle,1780512890261464868,-2.0299999713897705,0,0.009999999776482582
angle,1780512890271465494,-2.0299999713897705,0,0.009999983943998814
angle,1780512890281465492,-2.0299999713897705,0,0.009999996982514858
angle,1780512890291465382,-2.0299999713897705,0,0.009999880567193031
angle,1780512890301465649,-2.0299999713897705,0,0.009999983943998814
angle,1780512890311465996,-2.0299999713897705,0,0.009999985806643963
angle,1780512890321466629,-2.0299999713897705,0,0.009999975562095642
angle,1780512890331467134,-2.0299999713897705,0,0.009999938309192657
angle,1780512890341467343,-2.0299999713897705,0,0.010000050067901611
angle,1780512890351469208,-2.0299999713897705,0,0.009999898262321949
angle,1780512890361467453,-2.0299999713897705,0,0.009999950416386127
angle,1780512890371467975,-2.0299999713897705,0,0.009999933652579784
angle,1780512890381467823,-2.0299999713897705,0,0.009999915957450867
angle,1780512890391468032,-2.0299999713897705,0,0.00999996718019247
angle,1780512890401468396,-2.0299999713897705,0,0.009999931789934635
angle,1780512890411468624,-2.0299999713897705,0,0.009999921545386314
angle,1780512890421468898,-2.0299999713897705,0,0.009999996051192284
angle,1780512890431468955,-2.0299999713897705,0,0.00999992061406374
angle,1780512890441469682,-2.0299999713897705,0,0.010000004433095455
angle,1780512890451469537,-2.0299999713897705,0,0.009999956004321575
angle,1780512890461469784,-2.0299999713897705,0,0.010000001639127731
angle,1780512890471470067,-2.0299999713897705,0,0.009999947622418404
angle,1780512890481470538,-2.0299999713897705,0,0.009999964386224747
angle,1780512890491470606,-2.0299999713897705,0,0.009999902918934822
angle,1780512890501471264,-2.0299999713897705,0,0.009999948553740978
angle,1780512890511471263,-2.0299999713897705,0,0.009999928064644337
angle,1780512890521471608,-2.0299999713897705,0,0.009999964386224747
angle,1780512890531471785,-2.0299999713897705,0,0.009999885223805904
angle,1780512890541471872,-2.0299999713897705,0,0.009999968111515045
angle,1780512890551472258,-2.0299999713897705,0,0.009999965317547321
angle,1780512890561472174,-2.0299999713897705,0,0.009999948553740978
angle,1780512890571472676,-2.0299999713897705,0,0.009999953210353851
angle,1780512890581473047,-2.0299999713897705,0,0.00999999139457941
angle,1780512890591473622,-2.0299999713897705,0,0.009999977424740791
angle,1780512890601473619,-2.0299999713897705,0,0.00999998115003109
angle,1780512890611478546,-2.0299999713897705,0,0.00999999325722456
angle,1780512890621474763,-2.0299999713897705,0,0.009999977424740791
angle,1780512890631474319,-2.0299999713897705,0,0.009999937377870083
angle,1780512890641474591,-2.0299999713897705,0,0.009999996051192284
angle,1780512890651474765,-2.0299999713897705,0,0.009999982081353664
angle,1780512890661475114,-2.0299999713897705,0,0.00999996718019247
angle,1780512890671475391,-2.0299999713897705,0,0.010000010952353477
angle,1780512890681475685,-2.0299999713897705,0,0.009999973699450493
angle,1780512890691475814,-2.0299999713897705,0,0.009999941103160381
angle,1780512890701475867,-2.0299999713897705,0,0.009999946691095829
angle,1780512890711476580,-2.0299999713897705,0,0.010000007227063179
angle,1780512890721476770,-2.0299999713897705,0,0.009999990463256836
angle,1780512890731476853,-2.0299999713897705,0,0.00999994296580553
angle,1780512890741477284,-2.0299999713897705,0,0.009999990463256836
angle,1780512890751477444,-2.0299999713897705,0,0.009999972768127918
angle,1780512890761477697,-2.0299999713897705,0,0.009999955072999
angle,1780512890771477898,-2.0299999713897705,0,0.009999958798289299
angle,1780512890781478113,-2.0299999713897705,0,0.009999992325901985
angle,1780512890791479658,-2.0299999713897705,0,0.009999985806643963
angle,1780512890801478477,-2.0299999713897705,0,0.00999989453703165
angle,1780512890811479102,-2.0299999713897705,0,0.00999993085861206
angle,1780512890821479270,-2.0299999713897705,0,0.010000002570450306
angle,1780512890831479676,-2.0299999713897705,0,0.009999975562095642
angle,1780512890841480122,-2.0299999713897705,0,0.010000023059546947
angle,1780512890851479832,-2.0299999713897705,0,0.009999953210353851
angle,1780512890861480088,-2.0299999713897705,0,0.009999992325901985
angle,1780512890871480619,-2.0299999713897705,0,0.009999983943998814
angle,1780512890881481927,-2.0299999713897705,0,0.009999916888773441
angle,1780512890891480713,-2.0299999713897705,0,0.009999850764870644
angle,1780512890901481448,-2.0299999713897705,0,0.009999988600611687
angle,1780512890911481391,-2.0299999713897705,0,0.010000024922192097
angle,1780512890921481682,-2.0299999713897705,0,0.009999936446547508
angle,1780512890931481895,-2.0299999713897705,0,0.009999904781579971
angle,1780512890941481965,-2.0299999713897705,0,0.00999994296580553
angle,1780512890951482411,-2.0299999713897705,0,0.009999997913837433
angle,1780512890961482551,-2.0299999713897705,0,0.009999983012676239
angle,1780512890971482996,-2.0299999713897705,0,0.009999958798289299
angle,1780512890981483322,-2.0299999713897705,0,0.009999980218708515
angle,1780512890991538610,-2.0299999713897705,0,0.0100541478022933
angle,1780512891001538302,-2.0299999713897705,0,0.009999865666031837
angle,1780512891011538226,-2.0299999713897705,0,0.010000001639127731
angle,1780512891021539006,-2.0299999713897705,0,0.009999982081353664
angle,1780512891031538730,-2.0299999713897705,0,0.009999938309192657
angle,1780512891041539022,-2.0299999713897705,0,0.009999958798289299
angle,1780512891051539204,-2.0299999713897705,0,0.009999986737966537
angle,1780512891061539435,-2.0299999713897705,0,0.009999947622418404
angle,1780512891071539712,-2.0299999713897705,0,0.010000004433095455
angle,1780512891081540421,-2.0299999713897705,0,0.009999947622418404
angle,1780512891091540041,-2.0299999713897705,0,0.009999937377870083
angle,1780512891101540546,-2.0299999713897705,0,0.009999943897128105
angle,1780512891111540514,-2.0299999713897705,0,0.009999998845160007
angle,1780512891121541015,-2.0299999713897705,0,0.009999980218708515
angle,1780512891131541061,-2.0299999713897705,0,0.009999960660934448
angle,1780512891141541309,-2.0299999713897705,0,0.009999980218708515
angle,1780512891151541596,-2.0299999713897705,0,0.009999946691095829
angle,1780512891161541810,-2.0299999713897705,0,0.009999999776482582
angle,1780512891171542351,-2.0299999713897705,0,0.010000004433095455
angle,1780512891181542320,-2.0299999713897705,0,0.009999953210353851
angle,1780512891191542663,-2.0299999713897705,0,0.009999963454902172
angle,1780512891201543124,-2.0299999713897705,0,0.009999984875321388
angle,1780512891211543234,-2.0299999713897705,0,0.009999939240515232
angle,1780512891221543694,-2.0299999713897705,0,0.009999969974160194
angle,1780512891231544047,-2.0299999713897705,0,0.010000010952353477
angle,1780512891241544130,-2.0299999713897705,0,0.00999992061406374
angle,1780512891251544675,-2.0299999713897705,0,0.009999971836805344
angle,1780512891261544887,-2.0299999713897705,0,0.00999995693564415
angle,1780512891271544777,-2.0299999713897705,0,0.009999950416386127
angle,1780512891281545598,-2.0299999713897705,0,0.010000010021030903
angle,1780512891291545140,-2.0299999713897705,0,0.009999901056289673
angle,1780512891301545716,-2.0299999713897705,0,0.009999977424740791
angle,1780512891311546498,-2.0299999713897705,0,0.009999975562095642
angle,1780512891321545871,-2.0299999713897705,0,0.009999880567193031
angle,1780512891331545983,-2.0299999713897705,0,0.009999980218708515
angle,1780512891341547372,-2.0299999713897705,0,0.009999960660934448
angle,1780512891351546264,-2.0299999713897705,0,0.009999907575547695
angle,1780512891361546764,-2.0299999713897705,0,0.009999980218708515
angle,1780512891371546821,-2.0299999713897705,0,0.009999951347708702
angle,1780512891381547025,-2.0299999713897705,0,0.01000000536441803
angle,1780512891391547523,-2.0299999713897705,0,0.009999958798289299
angle,1780512891401548020,-2.0299999713897705,0,0.009999952279031277
angle,1780512891411547839,-2.0299999713897705,0,0.010000004433095455
angle,1780512891421548004,-2.0299999713897705,0,0.009999954141676426
angle,1780512891431549467,-2.0299999713897705,0,0.009999956004321575
angle,1780512891441548560,-2.0299999713897705,0,0.009999909438192844
angle,1780512891451548896,-2.0299999713897705,0,0.009999968111515045
angle,1780512891461549447,-2.0299999713897705,0,0.009999974630773067
angle,1780512891471549434,-2.0299999713897705,0,0.00999993272125721
angle,1780512891481549834,-2.0299999713897705,0,0.009999954141676426
angle,1780512891491549908,-2.0299999713897705,0,0.009999983012676239
angle,1780512891501550096,-2.0299999713897705,0,0.00999999325722456
angle,1780512891511550787,-2.0299999713897705,0,0.00999996718019247
angle,1780512891521550692,-2.0299999713897705,0,0.009999942034482956
angle,1780512891531552883,-2.0299999713897705,0,0.009999998845160007
angle,1780512891541551271,-2.0299999713897705,0,0.009999897330999374
angle,1780512891551551566,-2.0299999713897705,0,0.009999950416386127
angle,1780512891561551699,-2.0299999713897705,0,0.010000007227063179
angle,1780512891571551906,-2.0299999713897705,0,0.00999995693564415
angle,1780512891581552012,-2.0299999713897705,0,0.009999933652579784
angle,1780512891591552334,-2.0299999713897705,0,0.009999999776482582
angle,1780512891601552844,-2.0299999713897705,0,0.009999998845160007
angle,1780512891611553021,-2.0299999713897705,0,0.009999936446547508
angle,1780512891621554147,-2.0299999713897705,0,0.009999917820096016
angle,1780512891631553801,-2.0299999713897705,0,0.009999907575547695
angle,1780512891641553582,-2.0299999713897705,0,0.009999942034482956
angle,1780512891651553802,-2.0299999713897705,0,0.009999938309192657
angle,1780512891661554128,-2.0299999713897705,0,0.009999961592257023
angle,1780512891671554184,-2.0299999713897705,0,0.009999978356063366
angle,1780512891681554429,-2.0299999713897705,0,0.009999997913837433
angle,1780512891691554878,-2.0299999713897705,0,0.009999963454902172
angle,1780512891701555276,-2.0299999713897705,0,0.009999972768127918
angle,1780512891711555554,-2.0299999713897705,0,0.009999997913837433
angle,1780512891721555471,-2.0299999713897705,0,0.009999927133321762
angle,1780512891731555903,-2.0299999713897705,0,0.009999996051192284
angle,1780512891741555991,-2.0299999713897705,0,0.009999901987612247
angle,1780512891751556199,-2.0299999713897705,0,0.009999983943998814
angle,1780512891761556340,-2.0299999713897705,0,0.009999951347708702
angle,1780512891771556716,-2.0299999713897705,0,0.010000002570450306
angle,1780512891781556958,-2.0299999713897705,0,0.009999982081353664
angle,1780512891791558575,-2.0299999713897705,0,0.009999982081353664
angle,1780512891801557719,-2.0299999713897705,0,0.009999948553740978
angle,1780512891811557744,-2.0299999713897705,0,0.009999947622418404
angle,1780512891821557817,-2.0299999713897705,0,0.009999969974160194
angle,1780512891831558565,-2.0299999713897705,0,0.009999996051192284
angle,1780512891841559432,-2.0299999713897705,0,0.009999972768127918
angle,1780512891851559068,-2.0299999713897705,0,0.00999988429248333
angle,1780512891861559124,-2.0299999713897705,0,0.009999934583902359
angle,1780512891871559373,-2.0299999713897705,0,0.009999961592257023
angle,1780512891881562063,-2.0299999713897705,0,0.00999995693564415
angle,1780512891891560211,-2.0299999713897705,0,0.009999874979257584
angle,1780512891901560404,-2.0299999713897705,0,0.009999971836805344
angle,1780512891911560196,-2.0299999713897705,0,0.009999951347708702
angle,1780512891921560536,-2.0299999713897705,0,0.00999998115003109
angle,1780512891931560727,-2.0299999713897705,0,0.009999934583902359
angle,1780512891941561439,-2.0299999713897705,0,0.009999982081353664
angle,1780512891951561694,-2.0299999713897705,0,0.009999910369515419
angle,1780512891961561642,-2.0299999713897705,0,0.009999960660934448
angle,1780512891971564280,-2.0299999713897705,0,0.009999996982514858
angle,1780512891981564618,-2.0299999713897705,0,0.009999953210353851
angle,1780512891991562648,-2.0299999713897705,0,0.00999985821545124
angle,1780512892001562943,-2.0299999713897705,0,0.00999994482845068
angle,1780512892011563103,-2.0299999713897705,0,0.009999923408031464
angle,1780512892021563739,-2.0299999713897705,0,0.009999951347708702
angle,1780512892031563820,-2.0299999713897705,0,0.010000007227063179
angle,1780512892041563677,-2.0299999713897705,0,0.009999871253967285
angle,1780512892051564063,-2.0299999713897705,0,0.009999996051192284
angle,1780512892061564388,-2.0299999713897705,0,0.009999999776482582
angle,1780512892071564912,-2.0299999713897705,0,0.009999941103160381
angle,1780512892081564836,-2.0299999713897705,0,0.009999974630773067
angle,1780512892091565070,-2.0299999713897705,0,0.009999945759773254
angle,1780512892101564962,-2.0299999713897705,0,0.009999994188547134
angle,1780512892111565276,-2.0299999713897705,0,0.009999968111515045
angle,1780512892121565457,-2.0299999713897705,0,0.009999982081353664
angle,1780512892131566290,-2.0299999713897705,0,0.009999933652579784
angle,1780512892141566058,-2.0299999713897705,0,0.009999903850257397
angle,1780512892151566631,-2.0299999713897705,0,0.009999957866966724
angle,1780512892161566597,-2.0299999713897705,0,0.009999996051192284
angle,1780512892171567015,-2.0299999713897705,0,0.009999960660934448
angle,1780512892181567314,-2.0299999713897705,0,0.009999950416386127
angle,1780512892191567212,-2.0299999713897705,0,0.009999938309192657
angle,1780512892201567610,-2.0299999713897705,0,0.009999964386224747
angle,1780512892211568019,-2.0299999713897705,0,0.009999973699450493
angle,1780512892221570546,-2.0299999713897705,0,0.010000077076256275
angle,1780512892231570653,-2.0299999713897705,0,0.00999972689896822
angle,1780512892241570658,-2.0299999713897705,0,0.009999849833548069
angle,1780512892251569145,-2.0299999713897705,0,0.009999939240515232
angle,1780512892261569629,-2.0299999713897705,0,0.009999937377870083
angle,1780512892271569513,-2.0299999713897705,0,0.00999991875141859
angle,1780512892281570045,-2.0299999713897705,0,0.009999941103160381
angle,1780512892291569921,-2.0299999713897705,0,0.009999971836805344
angle,1780512892301571035,-2.0299999713897705,0,0.010000006295740604
angle,1780512892311570380,-2.0299999713897705,0,0.009999838657677174
angle,1780512892321570609,-2.0299999713897705,0,0.009999964386224747
angle,1780512892331571018,-2.0299999713897705,0,0.010000001639127731
angle,1780512892341571190,-2.0299999713897705,0,0.009999992325901985
angle,1780512892351571877,-2.0299999713897705,0,0.009999965317547321
angle,1780512892361571955,-2.0299999713897705,0,0.009999998845160007
angle,1780512892371571872,-2.0299999713897705,0,0.009999892674386501
angle,1780512892381572415,-2.0299999713897705,0,0.009999943897128105
angle,1780512892391572728,-2.0299999713897705,0,0.00999996718019247
angle,1780512892401573173,-2.0299999713897705,0,0.009999942034482956
angle,1780512892411573244,-2.0299999713897705,0,0.010000000707805157
angle,1780512892421573390,-2.0299999713897705,0,0.010000001639127731
angle,1780512892431573906,-2.0299999713897705,0,0.009999985806643963
angle,1780512892441574184,-2.0299999713897705,0,0.009999948553740978
angle,1780512892451574130,-2.0299999713897705,0,0.009999990463256836
angle,1780512892461574385,-2.0299999713897705,0,0.009999992325901985
angle,1780512892471575082,-2.0299999713897705,0,0.010000010021030903
angle,1780512892481575202,-2.0299999713897705,0,0.010000001639127731
angle,1780512892491575352,-2.0299999713897705,0,0.009999947622418404
angle,1780512892501575539,-2.0299999713897705,0,0.009999988600611687
angle,1780512892511576318,-2.0299999713897705,0,0.009999997913837433
angle,1780512892521576029,-2.0299999713897705,0,0.009999974630773067
angle,1780512892531576945,-2.0299999713897705,0,0.009999952279031277
angle,1780512892541577254,-2.0299999713897705,0,0.009999974630773067
angle,1780512892551576901,-2.0299999713897705,0,0.00999991875141859
angle,1780512892561577052,-2.0299999713897705,0,0.00999999139457941
angle,1780512892571577565,-2.0299999713897705,0,0.009999984875321388
angle,1780512892581577634,-2.0299999713897705,0,0.009999974630773067
angle,1780512892591578029,-2.0299999713897705,0,0.009999960660934448
angle,1780512892601578142,-2.0299999713897705,0,0.009999957866966724
angle,1780512892611578321,-2.0299999713897705,0,0.009999975562095642
angle,1780512892621578433,-2.0299999713897705,0,0.00999995693564415
angle,1780512892631578847,-2.0299999713897705,0,0.009999948553740978
angle,1780512892641579398,-2.0299999713897705,0,0.00999999325722456
angle,1780512892651579469,-2.0299999713897705,0,0.009999938309192657
angle,1780512892661579711,-2.0299999713897705,0,0.009999969974160194
angle,1780512892671579826,-2.0299999713897705,0,0.009999955072999
angle,1780512892681580028,-2.0299999713897705,0,0.009999986737966537
angle,1780512892691580192,-2.0299999713897705,0,0.00999999139457941
angle,1780512892701580364,-2.0299999713897705,0,0.009999945759773254
angle,1780512892711580968,-2.0299999713897705,0,0.009999947622418404
angle,1780512892721580966,-2.0299999713897705,0,0.009999937377870083
angle,1780512892731581395,-2.0299999713897705,0,0.010000010021030903
angle,1780512892741581509,-2.0299999713897705,0,0.00999994296580553
angle,1780512892751582061,-2.0299999713897705,0,0.010000000707805157
angle,1780512892761581924,-2.0299999713897705,0,0.00999999325722456
angle,1780512892771582147,-2.0299999713897705,0,0.009999937377870083
angle,1780512892781582262,-2.0299999713897705,0,0.009999970905482769
angle,1780512892791584767,-2.0299999713897705,0,0.009999966248869896
angle,1780512892801583183,-2.0299999713897705,0,0.00999994296580553
angle,1780512892811583690,-2.0299999713897705,0,0.010000004433095455
angle,1780512892821583701,-2.0299999713897705,0,0.009999941103160381
angle,1780512892831584169,-2.0299999713897705,0,0.009999938309192657
angle,1780512892841584276,-2.0299999713897705,0,0.009999954141676426
angle,1780512892851584775,-2.0299999713897705,0,0.009999937377870083
angle,1780512892861584512,-2.0299999713897705,0,0.009999928064644337
angle,1780512892871584643,-2.0299999713897705,0,0.009999931789934635
angle,1780512892881585244,-2.0299999713897705,0,0.009999972768127918
angle,1780512892891585426,-2.0299999713897705,0,0.009999943897128105
angle,1780512892901585508,-2.0299999713897705,0,0.00999994482845068
angle,1780512892911586112,-2.0299999713897705,0,0.009999978356063366
angle,1780512892921585864,-2.0299999713897705,0,0.009999953210353851
angle,1780512892931586330,-2.0299999713897705,0,0.009999952279031277
angle,1780512892941586801,-2.0299999713897705,0,0.009999958798289299
angle,1780512892951586687,-2.0299999713897705,0,0.00999994296580553
angle,1780512892961586894,-2.0299999713897705,0,0.010000004433095455
angle,1780512892971587149,-2.0299999713897705,0,0.009999999776482582
angle,1780512892981587474,-2.0299999713897705,0,0.009999968111515045
angle,1780512892991588074,-2.0299999713897705,0,0.009999972768127918
angle,1780512893001588132,-2.0299999713897705,0,0.009999970905482769
angle,1780512893011588361,-2.0299999713897705,0,0.009999973699450493
angle,1780512893021588540,-2.0299999713897705,0,0.009999968111515045
angle,1780512893031588931,-2.0299999713897705,0,0.00999994482845068
angle,1780512893041589115,-2.0299999713897705,0,0.009999969974160194
angle,1780512893051589308,-2.0299999713897705,0,0.009999999776482582
angle,1780512893061589593,-2.0299999713897705,0,0.009999980218708515
angle,1780512893071589892,-2.0299999713897705,0,0.009999934583902359
angle,1780512893081591085,-2.0299999713897705,0,0.009999956004321575
angle,1780512893091590463,-2.0299999713897705,0,0.009999905712902546
angle,1780512893101590656,-2.0299999713897705,0,0.009999996982514858
angle,1780512893111591321,-2.0299999713897705,0,0.009999980218708515
angle,1780512893121591438,-2.0299999713897705,0,0.009999975562095642
angle,1780512893131591701,-2.0299999713897705,0,0.009999999776482582
angle,1780512893141591813,-2.0299999713897705,0,0.009999958798289299
angle,1780512893151592191,-2.0299999713897705,0,0.010000007227063179
angle,1780512893161593109,-2.0299999713897705,0,0.009999952279031277
angle,1780512893171592576,-2.0299999713897705,0,0.009999959729611874
angle,1780512893181592788,-2.0299999713897705,0,0.009999950416386127
angle,1780512893191593222,-2.0299999713897705,0,0.009999968111515045
angle,1780512893201593688,-2.0299999713897705,0,0.010000002570450306
angle,1780512893211594766,-2.0299999713897705,0,0.009999952279031277
angle,1780512893221594230,-2.0299999713897705,0,0.009999951347708702
angle,1780512893231594782,-2.0299999713897705,0,0.009999954141676426
angle,1780512893241594649,-2.0299999713897705,0,0.009999955072999
angle,1780512893251594827,-2.0299999713897705,0,0.00999997928738594
angle,1780512893261595295,-2.0299999713897705,0,0.009999946691095829
angle,1780512893271595545,-2.0299999713897705,0,0.00999995693564415
angle,1780512893281595907,-2.0299999713897705,0,0.010000004433095455
angle,1780512893291595962,-2.0299999713897705,0,0.009999965317547321
angle,1780512893301596824,-2.0299999713897705,0,0.009999960660934448
angle,1780512893311596644,-2.0299999713897705,0,0.009999980218708515
angle,1780512893321596800,-2.0299999713897705,0,0.010000002570450306
angle,1780512893331597076,-2.0299999713897705,0,0.009999947622418404
angle,1780512893341597558,-2.0299999713897705,0,0.009999970905482769
angle,1780512893351597433,-2.0299999713897705,0,0.009999861940741539
angle,1780512893361597924,-2.0299999713897705,0,0.010000042617321014
angle,1780512893371598201,-2.0299999713897705,0,0.009999943897128105
angle,1780512893381598274,-2.0299999713897705,0,0.010000007227063179
angle,1780512893391598904,-2.0299999713897705,0,0.009999983943998814
angle,1780512893401598675,-2.0299999713897705,0,0.009999977424740791
angle,1780512893411599126,-2.0299999713897705,0,0.00999994296580553
angle,1780512893421599203,-2.0299999713897705,0,0.00999996718019247
angle,1780512893431599640,-2.0299999713897705,0,0.00999995693564415
angle,1780512893441599903,-2.0299999713897705,0,0.00999998115003109
angle,1780512893451600082,-2.0299999713897705,0,0.009999986737966537
angle,1780512893461600134,-2.0299999713897705,0,0.009999980218708515
angle,1780512893471600533,-2.0299999713897705,0,0.009999990463256836
angle,1780512893481600745,-2.0299999713897705,0,0.009999992325901985
angle,1780512893491601382,-2.0299999713897705,0,0.009999985806643963
angle,1780512893501601208,-2.0299999713897705,0,0.00999993085861206
angle,1780512893511602954,-2.0299999713897705,0,0.009999971836805344
angle,1780512893521602145,-2.0299999713897705,0,0.009999923408031464
angle,1780512893531602331,-2.0299999713897705,0,0.009999958798289299
angle,1780512893541602774,-2.0299999713897705,0,0.009999995119869709
angle,1780512893551603434,-2.0299999713897705,0,0.009999995119869709
angle,1780512893561603910,-2.0299999713897705,0,0.00999987032264471
angle,1780512893571603991,-2.0299999713897705,0,0.009999928064644337
angle,1780512893581603571,-2.0299999713897705,0,0.009999886155128479
angle,1780512893591603733,-2.0299999713897705,0,0.009999959729611874
angle,1780512893601604461,-2.0299999713897705,0,0.009999983012676239
angle,1780512893611604496,-2.0299999713897705,0,0.009999951347708702
angle,1780512893621605029,-2.0299999713897705,0,0.009999982081353664
angle,1780512893631605079,-2.0299999713897705,0,0.009999966248869896
angle,1780512893641605836,-2.0299999713897705,0,0.00999997928738594
angle,1780512893651605741,-2.0299999713897705,0,0.009999913163483143
angle,1780512893661605777,-2.0299999713897705,0,0.009999957866966724
angle,1780512893671605952,-2.0299999713897705,0,0.009999980218708515
angle,1780512893681606302,-2.0299999713897705,0,0.009999950416386127
angle,1780512893691606761,-2.0299999713897705,0,0.00999997928738594
angle,1780512893701606987,-2.0299999713897705,0,0.009999990463256836
angle,1780512893711607208,-2.0299999713897705,0,0.009999945759773254
angle,1780512893721607307,-2.0299999713897705,0,0.009999905712902546
angle,1780512893731607775,-2.0299999713897705,0,0.009999987669289112
angle,1780512893741608483,-2.0299999713897705,0,0.009999997913837433
angle,1780512893751608155,-2.0299999713897705,0,0.009999889880418777
angle,1780512893761608174,-2.0299999713897705,0,0.009999952279031277
angle,1780512893771608361,-2.0299999713897705,0,0.009999939240515232
angle,1780512893781608846,-2.0299999713897705,0,0.009999934583902359
angle,1780512893791609453,-2.0299999713897705,0,0.009999956004321575
angle,1780512893801610668,-2.0299999713897705,0,0.009999936446547508
angle,1780512893811610752,-2.0299999713897705,0,0.009999999776482582
angle,1780512893821610599,-2.0299999713897705,0,0.009999861009418964
angle,1780512893831610829,-2.0299999713897705,0,0.009999986737966537
angle,1780512893841612256,-2.0299999713897705,0,0.009999996051192284
angle,1780512893851611469,-2.0299999713897705,0,0.009999937377870083
angle,1780512893861611730,-2.0299999713897705,0,0.009999948553740978
angle,1780512893871611966,-2.0299999713897705,0,0.009999972768127918
angle,1780512893881612157,-2.0299999713897705,0,0.009999921545386314
angle,1780512893891612807,-2.0299999713897705,0,0.009999996982514858
angle,1780512893901612722,-2.0299999713897705,0,0.009999961592257023
angle,1780512893911612927,-2.0299999713897705,0,0.009999983943998814
angle,1780512893921613205,-2.0299999713897705,0,0.00999998115003109
angle,1780512893931613599,-2.0299999713897705,0,0.01000000536441803
angle,1780512893941614942,-2.0299999713897705,0,0.009999943897128105
angle,1780512893951614266,-2.0299999713897705,0,0.009999945759773254
angle,1780512893961614038,-2.0299999713897705,0,0.009999966248869896
angle,1780512893971615387,-2.0299999713897705,0,0.009999940171837807
angle,1780512893981614873,-2.0299999713897705,0,0.009999897330999374
angle,1780512893991614691,-2.0299999713897705,0,0.009999942034482956
angle,1780512894001615053,-2.0299999713897705,0,0.009999975562095642
angle,1780512894011615272,-2.0299999713897705,0,0.009999964386224747
angle,1780512894021615477,-2.0299999713897705,0,0.009999987669289112
angle,1780512894031615711,-2.0299999713897705,0,0.009999984875321388
angle,1780512894041616101,-2.0299999713897705,0,0.009999946691095829
angle,1780512894051616224,-2.0299999713897705,0,0.009999939240515232
angle,1780512894061616293,-2.0299999713897705,0,0.00999999325722456
angle,1780512894071617032,-2.0299999713897705,0,0.00999997928738594
angle,1780512894081617016,-2.0299999713897705,0,0.009999990463256836
angle,1780512894091616927,-2.0299999713897705,0,0.009999937377870083
angle,1780512894101617903,-2.0299999713897705,0,0.009999954141676426
angle,1780512894111617401,-2.0299999713897705,0,0.010000008158385754
angle,1780512894121617649,-2.0299999713897705,0,0.010000002570450306
angle,1780512894131617927,-2.0299999713897705,0,0.009999951347708702
angle,1780512894141618313,-2.0299999713897705,0,0.010000004433095455
angle,1780512894151618517,-2.0299999713897705,0,0.00999994296580553
angle,1780512894161618667,-2.0299999713897705,0,0.010000006295740604
angle,1780512894171618873,-2.0299999713897705,0,0.009999969974160194
angle,1780512894181619041,-2.0299999713897705,0,0.009999952279031277
angle,1780512894191619553,-2.0299999713897705,0,0.009999941103160381
angle,1780512894201619588,-2.0299999713897705,0,0.009999977424740791
angle,1780512894211619996,-2.0299999713897705,0,0.009999955072999
angle,1780512894221620312,-2.0299999713897705,0,0.009999957866966724
angle,1780512894231620590,-2.0299999713897705,0,0.009999957866966724
angle,1780512894241620790,-2.0299999713897705,0,0.009999997913837433
angle,1780512894251621366,-2.0299999713897705,0,0.009999923408031464
angle,1780512894261621285,-2.0299999713897705,0,0.010000028647482395
angle,1780512894271621397,-2.0299999713897705,0,0.009999978356063366
angle,1780512894281622361,-2.0299999713897705,0,0.00999999325722456
angle,1780512894291622037,-2.0299999713897705,0,0.009999931789934635
angle,1780512894301622253,-2.0299999713897705,0,0.009999988600611687
angle,1780512894311622547,-2.0299999713897705,0,0.009999970905482769
angle,1780512894321623068,-2.0299999713897705,0,0.010000009089708328
angle,1780512894331623092,-2.0299999713897705,0,0.009999982081353664
angle,1780512894341623968,-2.0299999713897705,0,0.009999937377870083
angle,1780512894351623630,-2.0299999713897705,0,0.009999910369515419
angle,1780512894361623855,-2.0299999713897705,0,0.009999983012676239
angle,1780512894371624069,-2.0299999713897705,0,0.009999996982514858
angle,1780512894381624318,-2.0299999713897705,0,0.009999956004321575
angle,1780512894391624653,-2.0299999713897705,0,0.009999999776482582
angle,1780512894401624875,-2.0299999713897705,0,0.009999975562095642
angle,1780512894411624928,-2.0299999713897705,0,0.009999936446547508
angle,1780512894421625293,-2.0299999713897705,0,0.00999998115003109
angle,1780512894431625418,-2.0299999713897705,0,0.009999965317547321
angle,1780512894441625969,-2.0299999713897705,0,0.009999986737966537
angle,1780512894451626094,-2.0299999713897705,0,0.009999971836805344
angle,1780512894461626121,-2.0299999713897705,0,0.009999880567193031
angle,1780512894471626474,-2.0299999713897705,0,0.009999933652579784
angle,1780512894481626635,-2.0299999713897705,0,0.009999968111515045
angle,1780512894491626930,-2.0299999713897705,0,0.010000007227063179
angle,1780512894501627097,-2.0299999713897705,0,0.010000007227063179
angle,1780512894511627600,-2.0299999713897705,0,0.009999984875321388
angle,1780512894521627922,-2.0299999713897705,0,0.009999954141676426
angle,1780512894531628147,-2.0299999713897705,0,0.009999965317547321
angle,1780512894541628063,-2.0299999713897705,0,0.009999983943998814
angle,1780512894551628804,-2.0299999713897705,0,0.009999941103160381
angle,1780512894561628598,-2.0299999713897705,0,0.009999879635870457
angle,1780512894571629154,-2.0299999713897705,0,0.009999985806643963
angle,1780512894581629402,-2.0299999713897705,0,0.010000006295740604
angle,1780512894591631565,-2.0299999713897705,0,0.009999933652579784
angle,1780512894601629858,-2.0299999713897705,0,0.009999950416386127
angle,1780512894611630354,-2.0299999713897705,0,0.00999994296580553
angle,1780512894621630246,-2.0299999713897705,0,0.010000002570450306
angle,1780512894631630641,-2.0299999713897705,0,0.009999995119869709
angle,1780512894641630799,-2.0299999713897705,0,0.00999998115003109
angle,1780512894651631162,-2.0299999713897705,0,0.009999973699450493
angle,1780512894661631142,-2.0299999713897705,0,0.009999974630773067
angle,1780512894671631508,-2.0299999713897705,0,0.009999965317547321
angle,1780512894681631678,-2.0299999713897705,0,0.009999953210353851
angle,1780512894691631766,-2.0299999713897705,0,0.00999994482845068
angle,1780512894701632184,-2.0299999713897705,0,0.009999938309192657
angle,1780512894711632335,-2.0299999713897705,0,0.009999998845160007
angle,1780512894721632651,-2.0299999713897705,0,0.010000006295740604
angle,1780512894731632960,-2.0299999713897705,0,0.010000001639127731
angle,1780512894741633093,-2.0299999713897705,0,0.009999992325901985
angle,1780512894751634431,-2.0299999713897705,0,0.00999996718019247
angle,1780512894761633756,-2.0299999713897705,0,0.009999879635870457
angle,1780512894771634049,-2.0299999713897705,0,0.009999980218708515
angle,1780512894781635196,-2.0299999713897705,0,0.01000000536441803
angle,1780512894791635269,-2.0299999713897705,0,0.009999936446547508
angle,1780512894801636305,-2.0299999713897705,0,0.00999993085861206
angle,1780512894811634926,-2.0299999713897705,0,0.00999991875141859
angle,1780512894821635189,-2.0299999713897705,0,0.009999961592257023
angle,1780512894831635356,-2.0299999713897705,0,0.010000008158385754
angle,1780512894841635969,-2.0299999713897705,0,0.009999983012676239
angle,1780512894851636002,-2.0299999713897705,0,0.009999947622418404
angle,1780512894861636010,-2.0299999713897705,0,0.009999760426580906
angle,1780512894871636143,-2.0299999713897705,0,0.009999942034482956
angle,1780512894881636496,-2.0299999713897705,0,0.010000000707805157
angle,1780512894891638078,-2.0299999713897705,0,0.009999995119869709
angle,1780512894901637239,-2.0299999713897705,0,0.009999937377870083
angle,1780512894911637005,-2.0299999713897705,0,0.009999936446547508
angle,1780512894921637465,-2.0299999713897705,0,0.009999996051192284
angle,1780512894931637471,-2.0299999713897705,0,0.009999964386224747
angle,1780512894941637958,-2.0299999713897705,0,0.009999958798289299
angle,1780512894951638170,-2.0299999713897705,0,0.009999973699450493
angle,1780512894961638208,-2.0299999713897705,0,0.009999977424740791
angle,1780512894971638610,-2.0299999713897705,0,0.009999931789934635
angle,1780512894981638633,-2.0299999713897705,0,0.009999945759773254
angle,1780512894991638801,-2.0299999713897705,0,0.00999995693564415
angle,1780512895001639055,-2.0299999713897705,0,0.00999999139457941
angle,1780512895011639268,-2.0299999713897705,0,0.010000008158385754
angle,1780512895021639659,-2.0299999713897705,0,0.00999994482845068
angle,1780512895031639988,-2.0299999713897705,0,0.009999891743063927
angle,1780512895041639909,-2.0299999713897705,0,0.00999995693564415
angle,1780512895051640458,-2.0299999713897705,0,0.010000004433095455
angle,1780512895061640467,-2.0299999713897705,0,0.00999999325722456
angle,1780512895071641016,-2.0299999713897705,0,0.009999999776482582
angle,1780512895081641172,-2.0299999713897705,0,0.010000004433095455
angle,1780512895091641373,-2.0299999713897705,0,0.00999999325722456
angle,1780512895101641628,-2.0299999713897705,0,0.009999892674386501
angle,1780512895111641882,-2.0299999713897705,0,0.009999972768127918
angle,1780512895121643230,-2.0299999713897705,0,0.009999951347708702
angle,1780512895131642357,-2.0299999713897705,0,0.00999994482845068
angle,1780512895141642674,-2.0299999713897705,0,0.00999998115003109
angle,1780512895151643101,-2.0299999713897705,0,0.009999997913837433
angle,1780512895161643230,-2.0299999713897705,0,0.009999955072999
angle,1780512895171643467,-2.0299999713897705,0,0.009999957866966724
angle,1780512895181643682,-2.0299999713897705,0,0.009999996051192284
angle,1780512895191644162,-2.0299999713897705,0,0.009999937377870083
angle,1780512895201644186,-2.0299999713897705,0,0.009999974630773067
angle,1780512895211644429,-2.0299999713897705,0,0.009999934583902359
angle,1780512895221645085,-2.0299999713897705,0,0.009999945759773254
angle,1780512895231644776,-2.0299999713897705,0,0.009999861940741539
angle,1780512895241645008,-2.0299999713897705,0,0.009999992325901985
angle,1780512895251645497,-2.0299999713897705,0,0.009999955072999
angle,1780512895261645481,-2.0299999713897705,0,0.009999917820096016
angle,1780512895271645827,-2.0299999713897705,0,0.009999984875321388
angle,1780512895281646570,-2.0299999713897705,0,0.009999946691095829
angle,1780512895291646136,-2.0299999713897705,0,0.009999928995966911
angle,1780512895301646373,-2.0299999713897705,0,0.009999953210353851
angle,1780512895311646617,-2.0299999713897705,0,0.010000001639127731
angle,1780512895321647207,-2.0299999713897705,0,0.010000007227063179
angle,1780512895331647251,-2.0299999713897705,0,0.009999965317547321
angle,1780512895341647839,-2.0299999713897705,0,0.009999992325901985
angle,1780512895351648047,-2.0299999713897705,0,0.009999997913837433
angle,1780512895361648387,-2.0299999713897705,0,0.009999996982514858
angle,1780512895371648844,-2.0299999713897705,0,0.009999909438192844
angle,1780512895381648840,-2.0299999713897705,0,0.009999957866966724
angle,1780512895391648973,-2.0299999713897705,0,0.009999945759773254
angle,1780512895401649236,-2.0299999713897705,0,0.009999983943998814
angle,1780512895411649484,-2.0299999713897705,0,0.009999999776482582
angle,1780512895421650059,-2.0299999713897705,0,0.009999992325901985
angle,1780512895431650064,-2.0299999713897705,0,0.009999957866966724
angle,1780512895441650217,-2.0299999713897705,0,0.009999939240515232
angle,1780512895451650844,-2.0299999713897705,0,0.009999995119869709
angle,1780512895461651348,-2.0299999713897705,0,0.009999937377870083
angle,1780512895473344400,-2.0299999713897705,0,0.011692904867231846
angle,1780512895483344642,-2.0299999713897705,0,0.00999993085861206
angle,1780512895493346348,-2.0299999713897705,0,0.009999968111515045
angle,1780512895503345609,-2.0299999713897705,0,0.009999942034482956
angle,1780512895513345127,-2.0299999713897705,0,0.009999945759773254
angle,1780512895523345481,-2.0299999713897705,0,0.009999996051192284
angle,1780512895533345666,-2.0299999713897705,0,0.009999969974160194
angle,1780512895543346382,-2.0299999713897705,0,0.009999974630773067
angle,1780512895553346699,-2.0299999713897705,0,0.009999951347708702
angle,1780512895563346597,-2.0299999713897705,0,0.009999879635870457
angle,1780512895573346834,-2.0299999713897705,0,0.00999995693564415
angle,1780512895583346924,-2.0299999713897705,0,0.009999936446547508
angle,1780512895593347602,-2.0299999713897705,0,0.010000009089708328
angle,1780512895603348356,-2.0299999713897705,0,0.009999982081353664
angle,1780512895613367299,-2.0299999713897705,0,0.010019103065133095
angle,1780512895623367640,-2.0299999713897705,0,0.009999933652579784
angle,1780512895633367667,-2.0299999713897705,0,0.009999945759773254
angle,1780512895643368393,-2.0299999713897705,0,0.010000023990869522
angle,1780512895653368696,-2.0299999713897705,0,0.010000010952353477
angle,1780512895663368630,-2.0299999713897705,0,0.009999998845160007
angle,1780512895673368729,-2.0299999713897705,0,0.009999965317547321
angle,1780512895683369300,-2.0299999713897705,0,0.009999933652579784
angle,1780512895693369754,-2.0299999713897705,0,0.009999997913837433
angle,1780512895703369798,-2.0299999713897705,0,0.009999982081353664
angle,1780512895713370097,-2.0299999713897705,0,0.009999990463256836
angle,1780512895723370164,-2.0299999713897705,0,0.009999933652579784
angle,1780512895733370289,-2.0299999713897705,0,0.009999954141676426
angle,1780512895743370375,-2.0299999713897705,0,0.00999998115003109
angle,1780512895753371425,-2.0299999713897705,0,0.009999942034482956
angle,1780512895763370867,-2.0299999713897705,0,0.00999994296580553
angle,1780512895773371319,-2.0299999713897705,0,0.00999994482845068
angle,1780512895783371425,-2.0299999713897705,0,0.009999945759773254
angle,1780512895793371922,-2.0299999713897705,0,0.009999951347708702
angle,1780512895803373822,-2.0299999713897705,0,0.009999984875321388
angle,1780512895813372179,-2.0299999713897705,0,0.009999879635870457
angle,1780512895823372294,-2.0299999713897705,0,0.009999982081353664
angle,1780512895833372773,-2.0299999713897705,0,0.009999987669289112
angle,1780512895843373194,-2.0299999713897705,0,0.009999987669289112
angle,1780512895853373412,-2.0299999713897705,0,0.009999888949096203
angle,1780512895863373263,-2.0299999713897705,0,0.009999982081353664
angle,1780512895873374310,-2.0299999713897705,0,0.010000007227063179
angle,1780512895883374023,-2.0299999713897705,0,0.009999956004321575
angle,1780512895893374377,-2.0299999713897705,0,0.010000013746321201
angle,1780512895903374551,-2.0299999713897705,0,0.009999956004321575
angle,1780512895913374845,-2.0299999713897705,0,0.009999968111515045
angle,1780512895923375204,-2.0299999713897705,0,0.009999968111515045
angle,1780512895933375505,-2.0299999713897705,0,0.009999938309192657
angle,1780512895943375358,-2.0299999713897705,0,0.009999955072999
angle,1780512895953376118,-2.0299999713897705,0,0.009999998845160007
angle,1780512895963376288,-2.0299999713897705,0,0.009999996982514858
angle,1780512895973378106,-2.0299999713897705,0,0.00999993272125721
angle,1780512895983376613,-2.0299999713897705,0,0.009999941103160381
angle,1780512895993376657,-2.0299999713897705,0,0.00999999325722456
angle,1780512896003377064,-2.0299999713897705,0,0.009999940171837807
angle,1780512896013377266,-2.0299999713897705,0,0.009999980218708515
angle,1780512896023377406,-2.0299999713897705,0,0.009999948553740978
angle,1780512896033377725,-2.0299999713897705,0,0.009999948553740978
angle,1780512896043377845,-2.0299999713897705,0,0.010000001639127731
angle,1780512896053378360,-2.0299999713897705,0,0.010000000707805157
angle,1780512896063378805,-2.0299999713897705,0,0.009999958798289299
angle,1780512896073378428,-2.0299999713897705,0,0.009999968111515045
angle,1780512896083378694,-2.0299999713897705,0,0.009999936446547508
angle,1780512896093379093,-2.0299999713897705,0,0.009999988600611687
angle,1780512896103379170,-2.0299999713897705,0,0.009999948553740978
angle,1780512896113379757,-2.0299999713897705,0,0.009999980218708515
angle,1780512896123379644,-2.0299999713897705,0,0.009999983943998814
angle,1780512896133379937,-2.0299999713897705,0,0.009999990463256836
angle,1780512896143380231,-2.0299999713897705,0,0.009999978356063366
angle,1780512896153380712,-2.0299999713897705,0,0.009999994188547134
angle,1780512896163380846,-2.0299999713897705,0,0.009999965317547321
angle,1780512896173380887,-2.0299999713897705,0,0.009999971836805344
angle,1780512896183381453,-2.0299999713897705,0,0.009999973699450493
angle,1780512896193381676,-2.0299999713897705,0,0.009999958798289299
angle,1780512896203381793,-2.0299999713897705,0,0.009999970905482769
angle,1780512896213382029,-2.0299999713897705,0,0.009999937377870083
angle,1780512896223382456,-2.0299999713897705,0,0.010000008158385754
angle,1780512896233382618,-2.0299999713897705,0,0.009999966248869896
angle,1780512896243383207,-2.0299999713897705,0,0.009999983012676239
angle,1780512896253384614,-2.0299999713897705,0,0.009999937377870083
angle,1780512896263383379,-2.0299999713897705,0,0.00999984610825777
angle,1780512896273383490,-2.0299999713897705,0,0.009999936446547508
angle,1780512896283384148,-2.0299999713897705,0,0.009999964386224747
angle,1780512896293384204,-2.0299999713897705,0,0.009999924339354038
angle,1780512896303384011,-2.0299999713897705,0,0.009999973699450493
angle,1780512896313384356,-2.0299999713897705,0,0.00999999325722456
angle,1780512896323385229,-2.0299999713897705,0,0.009999995119869709
angle,1780512896333384936,-2.0299999713897705,0,0.009999838657677174
angle,1780512896343385605,-2.0299999713897705,0,0.009999975562095642
angle,1780512896353385311,-2.0299999713897705,0,0.009999973699450493
angle,1780512896363385691,-2.0299999713897705,0,0.009999972768127918
angle,1780512896373385857,-2.0299999713897705,0,0.009999939240515232
angle,1780512896383386563,-2.0299999713897705,0,0.009999983943998814
angle,1780512896393386182,-2.0299999713897705,0,0.009999887086451054
angle,1780512896403386425,-2.0299999713897705,0,0.009999994188547134
angle,1780512896413386644,-2.0299999713897705,0,0.009999964386224747
angle,1780512896423386986,-2.0299999713897705,0,0.009999955072999
angle,1780512896433388642,-2.0299999713897705,0,0.009999986737966537
angle,1780512896443387468,-2.0299999713897705,0,0.009999910369515419
angle,1780512896453388112,-2.0299999713897705,0,0.00999999139457941
angle,1780512896463388204,-2.0299999713897705,0,0.009999947622418404
angle,1780512896475111458,-2.0299999713897705,0,0.011722815223038197
angle,1780512896485112148,-2.0299999713897705,0,0.00999994296580553
angle,1780512896495111974,-2.0299999713897705,0,0.009999938309192657
angle,1780512896505112444,-2.0299999713897705,0,0.00999997928738594
angle,1780512896515112626,-2.0299999713897705,0,0.009999984875321388
angle,1780512896525112806,-2.0299999713897705,0,0.00999995693564415
angle,1780512896535115027,-2.0299999713897705,0,0.00999999139457941
angle,1780512896545115119,-2.0299999713897705,0,0.009999892674386501
angle,1780512896555113807,-2.0299999713897705,0,0.009999890811741352
angle,1780512896565114148,-2.0299999713897705,0,0.00999994296580553
angle,1780512896575114076,-2.0299999713897705,0,0.009999963454902172
angle,1780512896585114159,-2.0299999713897705,0,0.009999996982514858
angle,1780512896595114480,-2.0299999713897705,0,0.009999950416386127
angle,1780512896605114692,-2.0299999713897705,0,0.009999970905482769
angle,1780512896615114991,-2.0299999713897705,0,0.009999970905482769
angle,1780512896625116166,-2.0299999713897705,0,0.009999953210353851
angle,1780512896635115506,-2.0299999713897705,0,0.009999911300837994
angle,1780512896645115971,-2.0299999713897705,0,0.009999956004321575
angle,1780512896655115741,-2.0299999713897705,0,0.009999983012676239
angle,1780512896665116103,-2.0299999713897705,0,0.010000007227063179
angle,1780512896675116267,-2.0299999713897705,0,0.009999996051192284
angle,1780512896685116485,-2.0299999713897705,0,0.009999951347708702
angle,1780512896695116941,-2.0299999713897705,0,0.009999975562095642
angle,1780512896705117359,-2.0299999713897705,0,0.009999948553740978
angle,1780512896715117612,-2.0299999713897705,0,0.009999934583902359
angle,1780512896725117627,-2.0299999713897705,0,0.009999888017773628
angle,1780512896735118020,-2.0299999713897705,0,0.009999987669289112
angle,1780512896745118104,-2.0299999713897705,0,0.009999997913837433
angle,1780512896755118328,-2.0299999713897705,0,0.009999987669289112
angle,1780512896765118767,-2.0299999713897705,0,0.009999978356063366
angle,1780512896775119005,-2.0299999713897705,0,0.009999997913837433
angle,1780512896785119061,-2.0299999713897705,0,0.00999994296580553
angle,1780512896795119232,-2.0299999713897705,0,0.009999980218708515
angle,1780512896805121168,-2.0299999713897705,0,0.009999950416386127
angle,1780512896815119572,-2.0299999713897705,0,0.009999939240515232
angle,1780512896825120199,-2.0299999713897705,0,0.009999958798289299
angle,1780512896835120269,-2.0299999713897705,0,0.009999955072999
angle,1780512896845120934,-2.0299999713897705,0,0.009999941103160381
angle,1780512896855120482,-2.0299999713897705,0,0.009999971836805344
angle,1780512896865120961,-2.0299999713897705,0,0.009999975562095642
angle,1780512896875121210,-2.0299999713897705,0,0.009999950416386127
angle,1780512896885122250,-2.0299999713897705,0,0.009999957866966724
angle,1780512896895121399,-2.0299999713897705,0,0.009999929927289486
angle,1780512896905122167,-2.0299999713897705,0,0.010000026784837246
angle,1780512896915121972,-2.0299999713897705,0,0.009999902918934822
angle,1780512896925122296,-2.0299999713897705,0,0.009999966248869896
angle,1780512896935122415,-2.0299999713897705,0,0.009999952279031277
angle,1780512896945122448,-2.0299999713897705,0,0.009999964386224747
angle,1780512896955122835,-2.0299999713897705,0,0.009999998845160007
angle,1780512896965123171,-2.0299999713897705,0,0.009999952279031277
angle,1780512896975123238,-2.0299999713897705,0,0.009999996982514858
angle,1780512896985123357,-2.0299999713897705,0,0.009999971836805344
angle,1780512896995123689,-2.0299999713897705,0,0.009999996051192284
angle,1780512897005124184,-2.0299999713897705,0,0.009999934583902359
angle,1780512897015124545,-2.0299999713897705,0,0.009999971836805344
angle,1780512897025124364,-2.0299999713897705,0,0.009999948553740978
angle,1780512897035124585,-2.0299999713897705,0,0.00999993272125721
angle,1780512897045124987,-2.0299999713897705,0,0.009999960660934448
angle,1780512897055125258,-2.0299999713897705,0,0.009999915957450867
angle,1780512897065126211,-2.0299999713897705,0,0.009999957866966724
angle,1780512897075125530,-2.0299999713897705,0,0.009999891743063927
angle,1780512897085125873,-2.0299999713897705,0,0.01000000536441803
angle,1780512897095126312,-2.0299999713897705,0,0.009999990463256836
angle,1780512897105126685,-2.0299999713897705,0,0.009999974630773067
angle,1780512897115126672,-2.0299999713897705,0,0.009999994188547134
angle,1780512897125126849,-2.0299999713897705,0,0.009999947622418404
angle,1780512897135127133,-2.0299999713897705,0,0.009999952279031277
angle,1780512897145127487,-2.0299999713897705,0,0.009999992325901985
angle,1780512897155127569,-2.0299999713897705,0,0.009999897330999374
angle,1780512897165127996,-2.0299999713897705,0,0.009999972768127918
angle,1780512897175127951,-2.0299999713897705,0,0.009999941103160381
angle,1780512897185128230,-2.0299999713897705,0,0.009999947622418404
angle,1780512897195128460,-2.0299999713897705,0,0.009999995119869709
angle,1780512897205128833,-2.0299999713897705,0,0.00999994482845068
angle,1780512897215129056,-2.0299999713897705,0,0.009999952279031277
angle,1780512897225129283,-2.0299999713897705,0,0.009999961592257023
angle,1780512897235130154,-2.0299999713897705,0,0.009999995119869709
angle,1780512897245132666,-2.0299999713897705,0,0.00999994296580553
angle,1780512897255132314,-2.0299999713897705,0,0.009999946691095829
angle,1780512897265132950,-2.0299999713897705,0,0.009999856352806091
angle,1780512897275131306,-2.0299999713897705,0,0.009999929927289486
angle,1780512897285132437,-2.0299999713897705,0,0.009999883361160755
angle,1780512897295131366,-2.0299999713897705,0,0.009999902918934822
angle,1780512897305131596,-2.0299999713897705,0,0.009999983012676239
angle,1780512897315131773,-2.0299999713897705,0,0.009999975562095642
angle,1780512897325132290,-2.0299999713897705,0,0.009999959729611874
angle,1780512897335132351,-2.0299999713897705,0,0.009999968111515045
angle,1780512897346917243,-2.0299999713897705,0,0.011784305796027184
angle,1780512897356917550,-2.0299999713897705,0,0.00999999325722456
angle,1780512897366918206,-2.0299999713897705,0,0.010000004433095455
angle,1780512897376918434,-2.0299999713897705,0,0.009999951347708702
angle,1780512897386918590,-2.0299999713897705,0,0.00999999139457941
angle,1780512897396918471,-2.0299999713897705,0,0.00999997928738594
angle,1780512897406918875,-2.0299999713897705,0,0.009999965317547321
angle,1780512897416918892,-2.0299999713897705,0,0.009999959729611874
angle,1780512897426919239,-2.0299999713897705,0,0.00999994482845068
angle,1780512897436919615,-2.0299999713897705,0,0.00999996904283762
angle,1780512897446919645,-2.0299999713897705,0,0.00999999325722456
angle,1780512897456920075,-2.0299999713897705,0,0.009999952279031277
angle,1780512897466920742,-2.0299999713897705,0,0.009999977424740791
angle,1780512897476920381,-2.0299999713897705,0,0.009999939240515232
angle,1780512897486920539,-2.0299999713897705,0,0.00999998115003109
angle,1780512897496921225,-2.0299999713897705,0,0.009999982081353664
angle,1780512897506921483,-2.0299999713897705,0,0.009999942034482956
angle,1780512897516921302,-2.0299999713897705,0,0.009999977424740791
angle,1780512897526921538,-2.0299999713897705,0,0.010000009089708328
angle,1780512897536921810,-2.0299999713897705,0,0.009999987669289112
angle,1780512897546922163,-2.0299999713897705,0,0.009999968111515045
angle,1780512897556922559,-2.0299999713897705,0,0.009999998845160007
angle,1780512897566922989,-2.0299999713897705,0,0.009999970905482769
angle,1780512897576922989,-2.0299999713897705,0,0.00999999139457941
angle,1780512897586923411,-2.0299999713897705,0,0.009999977424740791
angle,1780512897596923717,-2.0299999713897705,0,0.009999995119869709
angle,1780512897606923624,-2.0299999713897705,0,0.009999999776482582
angle,1780512897616923812,-2.0299999713897705,0,0.009999977424740791
angle,1780512897626924096,-2.0299999713897705,0,0.00999999325722456
angle,1780512897636924463,-2.0299999713897705,0,0.01000000536441803
angle,1780512897646924814,-2.0299999713897705,0,0.009999943897128105
angle,1780512897656924585,-2.0299999713897705,0,0.009999974630773067
angle,1780512897666925167,-2.0299999713897705,0,0.009999966248869896
angle,1780512897676925391,-2.0299999713897705,0,0.009999905712902546
angle,1780512897686925778,-2.0299999713897705,0,0.009999986737966537
angle,1780512897696925713,-2.0299999713897705,0,0.009999985806643963
angle,1780512897706926084,-2.0299999713897705,0,0.009999945759773254
angle,1780512897716926143,-2.0299999713897705,0,0.009999969974160194
angle,1780512897726926732,-2.0299999713897705,0,0.009999964386224747
angle,1780512897736926892,-2.0299999713897705,0,0.009999986737966537
angle,1780512897746926993,-2.0299999713897705,0,0.009999974630773067
angle,1780512897756927297,-2.0299999713897705,0,0.009999942034482956
angle,1780512897766927741,-2.0299999713897705,0,0.009999978356063366
angle,1780512897776927998,-2.0299999713897705,0,0.009999919682741165
angle,1780512897786927957,-2.0299999713897705,0,0.009999973699450493
angle,1780512897796928342,-2.0299999713897705,0,0.009999950416386127
angle,1780512897806930023,-2.0299999713897705,0,0.010000000707805157
angle,1780512897816929178,-2.0299999713897705,0,0.009999927133321762
angle,1780512897826928868,-2.0299999713897705,0,0.009999987669289112
angle,1780512897836929367,-2.0299999713897705,0,0.010000002570450306
angle,1780512897846929990,-2.0299999713897705,0,0.010000009089708328
angle,1780512897856929826,-2.0299999713897705,0,0.00999998115003109
angle,1780512897866930450,-2.0299999713897705,0,0.009999956004321575
angle,1780512897876930307,-2.0299999713897705,0,0.009999986737966537
angle,1780512897886931688,-2.0299999713897705,0,0.009999951347708702
angle,1780512897896930661,-2.0299999713897705,0,0.00999991875141859
angle,1780512897906931201,-2.0299999713897705,0,0.009999988600611687
angle,1780512897916931262,-2.0299999713897705,0,0.010000000707805157
angle,1780512897926931480,-2.0299999713897705,0,0.009999973699450493
angle,1780512897936932006,-2.0299999713897705,0,0.009999934583902359
angle,1780512897946931896,-2.0299999713897705,0,0.009999992325901985
angle,1780512897956932279,-2.0299999713897705,0,0.009999939240515232
angle,1780512897966932654,-2.0299999713897705,0,0.009999950416386127
angle,1780512897976934165,-2.0299999713897705,0,0.009999961592257023
angle,1780512897986932858,-2.0299999713897705,0,0.009999925270676613
angle,1780512897996933067,-2.0299999713897705,0,0.009999951347708702
angle,1780512898006933496,-2.0299999713897705,0,0.009999942034482956
angle,1780512898016935011,-2.0299999713897705,0,0.010000002570450306
angle,1780512898026933789,-2.0299999713897705,0,0.009999887086451054
angle,1780512898036934074,-2.0299999713897705,0,0.009999959729611874
angle,1780512898046934318,-2.0299999713897705,0,0.009999966248869896
angle,1780512898056934403,-2.0299999713897705,0,0.009999965317547321
angle,1780512898066935138,-2.0299999713897705,0,0.00999996904283762
angle,1780512898076935156,-2.0299999713897705,0,0.009999934583902359
angle,1780512898086935191,-2.0299999713897705,0,0.009999945759773254
angle,1780512898096935604,-2.0299999713897705,0,0.009999969974160194
angle,1780512898106935584,-2.0299999713897705,0,0.009999983943998814
angle,1780512898116936079,-2.0299999713897705,0,0.00999994296580553
angle,1780512898126935965,-2.0299999713897705,0,0.009999996982514858
angle,1780512898136936266,-2.0299999713897705,0,0.009999942034482956
angle,1780512898146936379,-2.0299999713897705,0,0.00999994482845068
angle,1780512898156937090,-2.0299999713897705,0,0.009999954141676426
angle,1780512898166936852,-2.0299999713897705,0,0.009999969974160194
angle,1780512898176937218,-2.0299999713897705,0,0.00999999325722456
angle,1780512898186937376,-2.0299999713897705,0,0.00999998115003109
angle,1780512898196937535,-2.0299999713897705,0,0.009999992325901985
angle,1780512898206937827,-2.0299999713897705,0,0.009999952279031277
angle,1780512898216938149,-2.0299999713897705,0,0.009999936446547508
angle,1780512898226940612,-2.0299999713897705,0,0.010000000707805157
angle,1780512898236939724,-2.0299999713897705,0,0.00999985821545124
angle,1780512898246938881,-2.0299999713897705,0,0.009999952279031277
angle,1780512898256939225,-2.0299999713897705,0,0.009999994188547134
angle,1780512898266939174,-2.0299999713897705,0,0.009999957866966724
angle,1780512898276939869,-2.0299999713897705,0,0.009999963454902172
angle,1780512898286940015,-2.0299999713897705,0,0.00999990664422512
angle,1780512898296939846,-2.0299999713897705,0,0.010000001639127731
angle,1780512898306940215,-2.0299999713897705,0,0.00999997928738594
angle,1780512898316940442,-2.0299999713897705,0,0.009999997913837433
angle,1780512898326940641,-2.0299999713897705,0,0.009999988600611687
angle,1780512898336940844,-2.0299999713897705,0,0.009999974630773067
angle,1780512898346941375,-2.0299999713897705,0,0.009999951347708702
angle,1780512898356941364,-2.0299999713897705,0,0.009999999776482582
angle,1780512898366941813,-2.0299999713897705,0,0.009999939240515232
angle,1780512898376942261,-2.0299999713897705,0,0.009999938309192657
angle,1780512898386942258,-2.0299999713897705,0,0.009999951347708702
angle,1780512898396942448,-2.0299999713897705,0,0.009999980218708515
angle,1780512898406943752,-2.0299999713897705,0,0.009999951347708702
angle,1780512898416942884,-2.0299999713897705,0,0.009999888949096203
angle,1780512898426943103,-2.0299999713897705,0,0.009999942034482956
angle,1780512898436943606,-2.0299999713897705,0,0.009999936446547508
angle,1780512898446943444,-2.0299999713897705,0,0.009999892674386501
angle,1780512898456943841,-2.0299999713897705,0,0.009999959729611874
angle,1780512898466943889,-2.0299999713897705,0,0.01000000536441803
angle,1780512898476944498,-2.0299999713897705,0,0.009999983943998814
angle,1780512898486944923,-2.0299999713897705,0,0.01000000536441803
angle,1780512898496944932,-2.0299999713897705,0,0.009999902918934822
angle,1780512898506945195,-2.0299999713897705,0,0.009999983012676239
angle,1780512898516945147,-2.0299999713897705,0,0.009999965317547321
angle,1780512898526945379,-2.0299999713897705,0,0.009999964386224747
angle,1780512898536945765,-2.0299999713897705,0,0.009999943897128105
angle,1780512898546945923,-2.0299999713897705,0,0.009999990463256836
angle,1780512898556946268,-2.0299999713897705,0,0.010000001639127731
angle,1780512898566946452,-2.0299999713897705,0,0.009999984875321388
angle,1780512898576947166,-2.0299999713897705,0,0.010000004433095455
angle,1780512898586947003,-2.0299999713897705,0,0.009999971836805344
angle,1780512898596947308,-2.0299999713897705,0,0.009999980218708515
angle,1780512898606947522,-2.0299999713897705,0,0.009999977424740791
angle,1780512898616947953,-2.0299999713897705,0,0.009999953210353851
angle,1780512898626947855,-2.0299999713897705,0,0.009999953210353851
angle,1780512898636948284,-2.0299999713897705,0,0.00999996718019247
angle,1780512898646948332,-2.0299999713897705,0,0.009999953210353851
angle,1780512898656948766,-2.0299999713897705,0,0.009999992325901985
angle,1780512898666949454,-2.0299999713897705,0,0.009999942034482956
angle,1780512898676949334,-2.0299999713897705,0,0.009999992325901985
angle,1780512898686949429,-2.0299999713897705,0,0.009999937377870083
angle,1780512898696949620,-2.0299999713897705,0,0.00999998115003109
angle,1780512898706949824,-2.0299999713897705,0,0.009999958798289299
angle,1780512898716950372,-2.0299999713897705,0,0.009999966248869896
angle,1780512898726950609,-2.0299999713897705,0,0.009999945759773254
angle,1780512898736950732,-2.0299999713897705,0,0.009999973699450493
angle,1780512898746950897,-2.0299999713897705,0,0.00999994482845068
angle,1780512898756951103,-2.0299999713897705,0,0.009999954141676426
angle,1780512898766951395,-2.0299999713897705,0,0.009999995119869709
angle,1780512898776951674,-2.0299999713897705,0,0.009999969974160194
angle,1780512898786951666,-2.0299999713897705,0,0.009999950416386127
angle,1780512898796951914,-2.0299999713897705,0,0.009999955072999
angle,1780512898806953790,-2.0299999713897705,0,0.009999970905482769
angle,1780512898816952610,-2.0299999713897705,0,0.009999916888773441
angle,1780512898826952608,-2.0299999713897705,0,0.009999973699450493
angle,1780512898836953266,-2.0299999713897705,0,0.010000037960708141
angle,1780512898846953310,-2.0299999713897705,0,0.009999916888773441
angle,1780512898856953617,-2.0299999713897705,0,0.009999995119869709
angle,1780512898866953719,-2.0299999713897705,0,0.009999948553740978
angle,1780512898876954250,-2.0299999713897705,0,0.009999983012676239
angle,1780512898886955563,-2.0299999713897705,0,0.009999937377870083
angle,1780512898896954522,-2.0299999713897705,0,0.00999988242983818
angle,1780512898906954759,-2.0299999713897705,0,0.009999933652579784
angle,1780512898916955147,-2.0299999713897705,0,0.009999940171837807
angle,1780512898926955193,-2.0299999713897705,0,0.009999983943998814
angle,1780512898936955491,-2.0299999713897705,0,0.009999975562095642
angle,1780512898946955636,-2.0299999713897705,0,0.010000001639127731
angle,1780512898956955953,-2.0299999713897705,0,0.009999995119869709
angle,1780512898966956019,-2.0299999713897705,0,0.009999936446547508
angle,1780512898976956542,-2.0299999713897705,0,0.009999978356063366
angle,1780512898986956583,-2.0299999713897705,0,0.009999988600611687
angle,1780512898996956934,-2.0299999713897705,0,0.009999983012676239
angle,1780512899006957660,-2.0299999713897705,0,0.00999994482845068
angle,1780512899016957264,-2.0299999713897705,0,0.009999937377870083
angle,1780512899026957503,-2.0299999713897705,0,0.009999957866966724
angle,1780512899036957842,-2.0299999713897705,0,0.010000004433095455
angle,1780512899046958167,-2.0299999713897705,0,0.009999977424740791
angle,1780512899056958345,-2.0299999713897705,0,0.009999969974160194
angle,1780512899066958801,-2.0299999713897705,0,0.009999992325901985
angle,1780512899076959052,-2.0299999713897705,0,0.009999963454902172
angle,1780512899086959149,-2.0299999713897705,0,0.009999955072999
angle,1780512899096959482,-2.0299999713897705,0,0.009999965317547321
angle,1780512899106959721,-2.0299999713897705,0,0.009999965317547321
angle,1780512899116959958,-2.0299999713897705,0,0.009999959729611874
angle,1780512899126960074,-2.0299999713897705,0,0.009999947622418404
angle,1780512899136960473,-2.0299999713897705,0,0.009999968111515045
angle,1780512899146961074,-2.0299999713897705,0,0.00999997928738594
angle,1780512899156961189,-2.0299999713897705,0,0.009999987669289112
angle,1780512899166961269,-2.0299999713897705,0,0.009999937377870083
angle,1780512899176961642,-2.0299999713897705,0,0.009999958798289299
angle,1780512899186962443,-2.0299999713897705,0,0.010000000707805157
angle,1780512899196962115,-2.0299999713897705,0,0.009999924339354038
angle,1780512899206962147,-2.0299999713897705,0,0.009999996051192284
angle,1780512899216962444,-2.0299999713897705,0,0.009999940171837807
angle,1780512899226962939,-2.0299999713897705,0,0.00999994296580553
angle,1780512899236965206,-2.0299999713897705,0,0.009999969974160194
angle,1780512899246964349,-2.0299999713897705,0,0.009999888949096203
angle,1780512899256969062,-2.0299999713897705,0,0.009999891743063927
angle,1780512899266964073,-2.0299999713897705,0,0.009999985806643963
angle,1780512899276965062,-2.0299999713897705,0,0.009999971836805344
angle,1780512899286964845,-2.0299999713897705,0,0.009999940171837807
angle,1780512899296964943,-2.0299999713897705,0,0.009999904781579971
angle,1780512899306965061,-2.0299999713897705,0,0.009999943897128105
angle,1780512899316965324,-2.0299999713897705,0,0.010000009089708328
angle,1780512899326965512,-2.0299999713897705,0,0.00999996904283762
angle,1780512899336965842,-2.0299999713897705,0,0.009999992325901985
angle,1780512899346966642,-2.0299999713897705,0,0.009999982081353664
angle,1780512899356966622,-2.0299999713897705,0,0.009999931789934635
angle,1780512899366966929,-2.0299999713897705,0,0.009999890811741352
angle,1780512899376967138,-2.0299999713897705,0,0.009999994188547134
angle,1780512899386967506,-2.0299999713897705,0,0.009999987669289112
angle,1780512899396967343,-2.0299999713897705,0,0.009999965317547321
angle,1780512899406967654,-2.0299999713897705,0,0.009999970905482769
angle,1780512899416967913,-2.0299999713897705,0,0.009999992325901985
angle,1780512899426968121,-2.0299999713897705,0,0.009999943897128105
angle,1780512899436968484,-2.0299999713897705,0,0.009999983012676239
angle,1780512899446969026,-2.0299999713897705,0,0.009999973699450493
angle,1780512899456969151,-2.0299999713897705,0,0.009999901987612247
angle,1780512899466969112,-2.0299999713897705,0,0.00999995693564415
angle,1780512899476969655,-2.0299999713897705,0,0.009999937377870083
angle,1780512899486969662,-2.0299999713897705,0,0.009999892674386501
angle,1780512899496970250,-2.0299999713897705,0,0.009999980218708515
angle,1780512899506970468,-2.0299999713897705,0,0.00999996904283762
angle,1780512899516970512,-2.0299999713897705,0,0.009999936446547508
angle,1780512899526970680,-2.0299999713897705,0,0.009999980218708515
angle,1780512899536971369,-2.0299999713897705,0,0.009999999776482582
angle,1780512899546971935,-2.0299999713897705,0,0.009999975562095642
angle,1780512899556971782,-2.0299999713897705,0,0.00999991875141859
angle,1780512899566971726,-2.0299999713897705,0,0.00999999139457941
angle,1780512899576972070,-2.0299999713897705,0,0.00999996718019247
angle,1780512899586972417,-2.0299999713897705,0,0.009999977424740791
angle,1780512899596972758,-2.0299999713897705,0,0.010000002570450306
angle,1780512899606972562,-2.0299999713897705,0,0.00999989453703165
angle,1780512899616972971,-2.0299999713897705,0,0.010000002570450306
angle,1780512899626973040,-2.0299999713897705,0,0.009999940171837807
angle,1780512899636973270,-2.0299999713897705,0,0.009999937377870083
angle,1780512899646973409,-2.0299999713897705,0,0.009999975562095642
angle,1780512899656973606,-2.0299999713897705,0,0.00999994296580553
angle,1780512899666973698,-2.0299999713897705,0,0.009999942034482956
angle,1780512899676974327,-2.0299999713897705,0,0.009999961592257023
angle,1780512899686974105,-2.0299999713897705,0,0.009999915957450867
angle,1780512899696974563,-2.0299999713897705,0,0.00999998115003109
angle,1780512899706975215,-2.0299999713897705,0,0.009999988600611687
angle,1780512899716975025,-2.0299999713897705,0,0.00999991875141859
angle,1780512899726975046,-2.0299999713897705,0,0.00999994296580553
angle,1780512899736975341,-2.0299999713897705,0,0.009999960660934448
angle,1780512899746975716,-2.0299999713897705,0,0.009999939240515232
angle,1780512899756977008,-2.0299999713897705,0,0.010000001639127731
angle,1780512899766976099,-2.0299999713897705,0,0.009999899193644524
angle,1780512899776976537,-2.0299999713897705,0,0.009999988600611687
angle,1780512899786976623,-2.0299999713897705,0,0.009999909438192844
angle,1780512899796976719,-2.0299999713897705,0,0.010000006295740604
angle,1780512899806979078,-2.0299999713897705,0,0.009999996051192284
angle,1780512899816977223,-2.0299999713897705,0,0.009999871253967285
angle,1780512899826977322,-2.0299999713897705,0,0.009999982081353664
angle,1780512899836977734,-2.0299999713897705,0,0.009999984875321388
angle,1780512899846978518,-2.0299999713897705,0,0.009999963454902172
angle,1780512899856978171,-2.0299999713897705,0,0.009999985806643963
angle,1780512899866978575,-2.0299999713897705,0,0.009999874979257584
angle,1780512899876978750,-2.0299999713897705,0,0.009999954141676426
angle,1780512899886980140,-2.0299999713897705,0,0.00999995693564415
angle,1780512899896979041,-2.0299999713897705,0,0.009999925270676613
angle,1780512899906979293,-2.0299999713897705,0,0.009999942034482956
angle,1780512899916979486,-2.0299999713897705,0,0.009999980218708515
angle,1780512899926979699,-2.0299999713897705,0,0.009999956004321575
angle,1780512899936980312,-2.0299999713897705,0,0.00999996718019247
angle,1780512899946980374,-2.0299999713897705,0,0.009999980218708515
angle,1780512899956980709,-2.0299999713897705,0,0.009999994188547134
angle,1780512899966980935,-2.0299999713897705,0,0.009999939240515232
angle,1780512899976983072,-2.0299999713897705,0,0.009999942034482956
angle,1780512899986981127,-2.0299999713897705,0,0.009999891743063927
angle,1780512899996981806,-2.0299999713897705,0,0.009999958798289299
angle,1780512900006983550,-2.0299999713897705,0,0.009999980218708515
angle,1780512900016982246,-2.0299999713897705,0,0.009999934583902359
angle,1780512900026982058,-2.0299999713897705,0,0.009999996982514858
angle,1780512900036982816,-2.0299999713897705,0,0.009999983943998814
angle,1780512900046983242,-2.0299999713897705,0,0.009999936446547508
angle,1780512900056983137,-2.0299999713897705,0,0.009999901987612247
angle,1780512900066984721,-2.0299999713897705,0,0.009999969974160194
angle,1780512900076984004,-2.0299999713897705,0,0.009999960660934448
angle,1780512900086984277,-2.0299999713897705,0,0.009999838657677174
angle,1780512900096984631,-2.0299999713897705,0,0.009999933652579784
angle,1780512900106984391,-2.0299999713897705,0,0.00999999139457941
angle,1780512900116984733,-2.0299999713897705,0,0.009999983012676239
angle,1780512900126984958,-2.0299999713897705,0,0.009999947622418404
angle,1780512900136985386,-2.0299999713897705,0,0.009999957866966724
angle,1780512900146985364,-2.0299999713897705,0,0.009999939240515232
angle,1780512900156985612,-2.0299999713897705,0,0.009999986737966537
angle,1780512900166985663,-2.0299999713897705,0,0.00999993272125721
angle,1780512900176985882,-2.0299999713897705,0,0.009999969974160194
angle,1780512900186986249,-2.0299999713897705,0,0.009999990463256836
angle,1780512900196986366,-2.0299999713897705,0,0.009999972768127918
angle,1780512900206986572,-2.0299999713897705,0,0.009999971836805344
angle,1780512900216986963,-2.0299999713897705,0,0.009999945759773254
angle,1780512900226987004,-2.0299999713897705,0,0.009999977424740791
angle,1780512900236987373,-2.0299999713897705,0,0.010000004433095455
angle,1780512900246987689,-2.0299999713897705,0,0.009999953210353851
angle,1780512900256987655,-2.0299999713897705,0,0.009999968111515045
angle,1780512900266988262,-2.0299999713897705,0,0.009999988600611687
angle,1780512900276988702,-2.0299999713897705,0,0.00999999139457941
angle,1780512900286989858,-2.0299999713897705,0,0.009999964386224747
angle,1780512900296989018,-2.0299999713897705,0,0.00999991875141859
angle,1780512900306989379,-2.0299999713897705,0,0.01000000536441803
angle,1780512900316989672,-2.0299999713897705,0,0.009999951347708702
angle,1780512900326989748,-2.0299999713897705,0,0.009999971836805344
angle,1780512900336990009,-2.0299999713897705,0,0.00999996718019247
angle,1780512900346990831,-2.0299999713897705,0,0.009999946691095829
angle,1780512900356990539,-2.0299999713897705,0,0.009999886155128479
angle,1780512900366990974,-2.0299999713897705,0,0.009999942034482956
angle,1780512900376991132,-2.0299999713897705,0,0.009999983012676239
angle,1780512900386991514,-2.0299999713897705,0,0.009999950416386127
angle,1780512900396991601,-2.0299999713897705,0,0.009999925270676613
angle,1780512900406992050,-2.0299999713897705,0,0.009999953210353851
angle,1780512900416992001,-2.0299999713897705,0,0.009999950416386127
angle,1780512900426992176,-2.0299999713897705,0,0.009999942034482956
angle,1780512900436992328,-2.0299999713897705,0,0.009999951347708702
angle,1780512900446992913,-2.0299999713897705,0,0.009999946691095829
angle,1780512900456992674,-2.0299999713897705,0,0.009999951347708702
angle,1780512900466993018,-2.0299999713897705,0,0.00999998115003109
angle,1780512900476993337,-2.0299999713897705,0,0.009999971836805344
angle,1780512900486993556,-2.0299999713897705,0,0.009999959729611874
angle,1780512900496993694,-2.0299999713897705,0,0.009999948553740978
angle,1780512900506994087,-2.0299999713897705,0,0.010000013746321201
angle,1780512900516994022,-2.0299999713897705,0,0.009999954141676426
angle,1780512900526994374,-2.0299999713897705,0,0.00999994482845068
angle,1780512900536994976,-2.0299999713897705,0,0.009999999776482582
angle,1780512900546994968,-2.0299999713897705,0,0.009999963454902172
angle,1780512900556994994,-2.0299999713897705,0,0.009999943897128105
angle,1780512900566995330,-2.0299999713897705,0,0.009999945759773254
angle,1780512900576995423,-2.0299999713897705,0,0.009999995119869709
angle,1780512900586996086,-2.0299999713897705,0,0.009999999776482582
angle,1780512900596996592,-2.0299999713897705,0,0.009999913163483143
angle,1780512900608665567,-2.0299999713897705,0,0.011668456718325615
angle,1780512900618666053,-2.0299999713897705,0,0.009999923408031464
angle,1780512900628665947,-2.0299999713897705,0,0.010000001639127731
angle,1780512900638666228,-2.0299999713897705,0,0.009999992325901985
angle,1780512900648666677,-2.0299999713897705,0,0.009999972768127918
angle,1780512900658666683,-2.0299999713897705,0,0.009999914094805717
angle,1780512900668666994,-2.0299999713897705,0,0.009999933652579784
angle,1780512900678667236,-2.0299999713897705,0,0.010000001639127731
angle,1780512900688667646,-2.0299999713897705,0,0.009999952279031277
angle,1780512900698667826,-2.0299999713897705,0,0.009999964386224747
angle,1780512900708668092,-2.0299999713897705,0,0.009999960660934448
angle,1780512900718667987,-2.0299999713897705,0,0.009999980218708515
angle,1780512900728668210,-2.0299999713897705,0,0.009999963454902172
angle,1780512900738668482,-2.0299999713897705,0,0.00999995693564415
angle,1780512900748669352,-2.0299999713897705,0,0.010000001639127731
angle,1780512900758669166,-2.0299999713897705,0,0.009999524801969528
angle,1780512900768669136,-2.0299999713897705,0,0.009999951347708702
angle,1780512900778669342,-2.0299999713897705,0,0.009999934583902359
angle,1780512900788669846,-2.0299999713897705,0,0.009999987669289112
angle,1780512900798670270,-2.0299999713897705,0,0.010000009089708328
angle,1780512900808671781,-2.0299999713897705,0,0.009999977424740791
angle,1780512900818670625,-2.0299999713897705,0,0.009999843314290047
angle,1780512900828670704,-2.0299999713897705,0,0.010000010021030903
angle,1780512900838670756,-2.0299999713897705,0,0.009999973699450493
angle,1780512900848671358,-2.0299999713897705,0,0.009999986737966537
angle,1780512900858671304,-2.0299999713897705,0,0.009999938309192657
angle,1780512900868671692,-2.0299999713897705,0,0.00999994482845068
angle,1780512900878671674,-2.0299999713897705,0,0.009999954141676426
angle,1780512900888672920,-2.0299999713897705,0,0.009999937377870083
angle,1780512900898672200,-2.0299999713897705,0,0.009999939240515232
angle,1780512900908672553,-2.0299999713897705,0,0.009999954141676426
angle,1780512900918672826,-2.0299999713897705,0,0.009999955072999
angle,1780512900928675155,-2.0299999713897705,0,0.009999986737966537
angle,1780512900938673257,-2.0299999713897705,0,0.009999868459999561
angle,1780512900948673669,-2.0299999713897705,0,0.010000000707805157
angle,1780512900958674794,-2.0299999713897705,0,0.009999965317547321
angle,1780512900968674255,-2.0299999713897705,0,0.009999950416386127
angle,1780512900978674298,-2.0299999713897705,0,0.00999996718019247
angle,1780512900988674720,-2.0299999713897705,0,0.009999986737966537
angle,1780512900998674625,-2.0299999713897705,0,0.009999951347708702
angle,1780512901008675289,-2.0299999713897705,0,0.009999985806643963
angle,1780512901018675165,-2.0299999713897705,0,0.009999996051192284
angle,1780512901028675647,-2.0299999713897705,0,0.009999950416386127
angle,1780512901038675829,-2.0299999713897705,0,0.009999980218708515
angle,1780512901048675884,-2.0299999713897705,0,0.010000010952353477
angle,1780512901058676943,-2.0299999713897705,0,0.009999969974160194
angle,1780512901068676575,-2.0299999713897705,0,0.009999925270676613
angle,1780512901078676848,-2.0299999713897705,0,0.009999953210353851
angle,1780512901090130054,-2.0299999713897705,0,0.011452626436948776
angle,1780512901100131080,-2.0299999713897705,0,0.009999919682741165
angle,1780512901110130483,-2.0299999713897705,0,0.009999973699450493
angle,1780512901120130906,-2.0299999713897705,0,0.009999983943998814
angle,1780512901130130986,-2.0299999713897705,0,0.009999960660934448
angle,1780512901140131866,-2.0299999713897705,0,0.010000009089708328
angle,1780512901150132290,-2.0299999713897705,0,0.010000055655837059
angle,1780512901160132023,-2.0299999713897705,0,0.009999904781579971
angle,1780512901170132271,-2.0299999713897705,0,0.009999978356063366
angle,1780512901180132484,-2.0299999713897705,0,0.009999950416386127
angle,1780512901190133112,-2.0299999713897705,0,0.009999977424740791
angle,1780512901200132982,-2.0299999713897705,0,0.009999885223805904
angle,1780512901210133188,-2.0299999713897705,0,0.009999983943998814
angle,1780512901220133675,-2.0299999713897705,0,0.00999996904283762
angle,1780512901230134113,-2.0299999713897705,0,0.009999956004321575
angle,1780512901240133974,-2.0299999713897705,0,0.00999997928738594
angle,1780512901250134152,-2.0299999713897705,0,0.009999984875321388
angle,1780512901260134211,-2.0299999713897705,0,0.009999959729611874
angle,1780512901270134504,-2.0299999713897705,0,0.009999933652579784
angle,1780512901280134996,-2.0299999713897705,0,0.009999959729611874
angle,1780512901290135437,-2.0299999713897705,0,0.009999952279031277
angle,1780512901300135245,-2.0299999713897705,0,0.00999990664422512
angle,1780512901310135639,-2.0299999713897705,0,0.009999986737966537
angle,1780512901320136031,-2.0299999713897705,0,0.009999958798289299
angle,1780512901330135864,-2.0299999713897705,0,0.009999946691095829
angle,1780512901340136254,-2.0299999713897705,0,0.009999966248869896
angle,1780512901350136324,-2.0299999713897705,0,0.009999969974160194
angle,1780512901360136981,-2.0299999713897705,0,0.009999969974160194
angle,1780512901370136783,-2.0299999713897705,0,0.009999986737966537
angle,1780512901380137008,-2.0299999713897705,0,0.009999974630773067
angle,1780512901390137467,-2.0299999713897705,0,0.009999990463256836
angle,1780512901400137373,-2.0299999713897705,0,0.009999878704547882
angle,1780512901410137918,-2.0299999713897705,0,0.009999996982514858
angle,1780512901420137981,-2.0299999713897705,0,0.009999888017773628
angle,1780512901430139606,-2.0299999713897705,0,0.009999998845160007
angle,1780512901440138485,-2.0299999713897705,0,0.009999893605709076
angle,1780512901450138684,-2.0299999713897705,0,0.010000001639127731
angle,1780512901460138959,-2.0299999713897705,0,0.009999965317547321
angle,1780512901470139138,-2.0299999713897705,0,0.009999968111515045
angle,1780512901480139437,-2.0299999713897705,0,0.009999957866966724
angle,1780512901490139842,-2.0299999713897705,0,0.009999952279031277
angle,1780512901500139876,-2.0299999713897705,0,0.00999997928738594
angle,1780512901510140192,-2.0299999713897705,0,0.009999986737966537
angle,1780512901520140442,-2.0299999713897705,0,0.009999940171837807
angle,1780512901530140651,-2.0299999713897705,0,0.009999972768127918
angle,1780512901540140893,-2.0299999713897705,0,0.00999994296580553
angle,1780512901550144517,-2.0299999713897705,0,0.010000010021030903
angle,1780512901560143544,-2.0299999713897705,0,0.00999984610825777
angle,1780512901570141837,-2.0299999713897705,0,0.009999898262321949
angle,1780512901580142522,-2.0299999713897705,0,0.009999959729611874
angle,1780512901590142149,-2.0299999713897705,0,0.009999946691095829
angle,1780512901600142416,-2.0299999713897705,0,0.009999980218708515
angle,1780512901610142562,-2.0299999713897705,0,0.009999939240515232
angle,1780512901620142949,-2.0299999713897705,0,0.009999969974160194
angle,1780512901630143900,-2.0299999713897705,0,0.009999985806643963
angle,1780512901640143342,-2.0299999713897705,0,0.009999950416386127
angle,1780512901650143929,-2.0299999713897705,0,0.009999971836805344
angle,1780512901660143765,-2.0299999713897705,0,0.009999937377870083
angle,1780512901670144326,-2.0299999713897705,0,0.009999961592257023
angle,1780512901680144260,-2.0299999713897705,0,0.009999938309192657
angle,1780512901690144527,-2.0299999713897705,0,0.009999983012676239
angle,1780512901700144691,-2.0299999713897705,0,0.009999924339354038
angle,1780512901710145078,-2.0299999713897705,0,0.009999943897128105
angle,1780512901720145296,-2.0299999713897705,0,0.009999951347708702
angle,1780512901730145683,-2.0299999713897705,0,0.009999942034482956
angle,1780512901740145712,-2.0299999713897705,0,0.009999983012676239
angle,1780512901750146343,-2.0299999713897705,0,0.009999986737966537
angle,1780512901760146797,-2.0299999713897705,0,0.009999936446547508
angle,1780512901770146474,-2.0299999713897705,0,0.009999917820096016
angle,1780512901780146776,-2.0299999713897705,0,0.009999971836805344
angle,1780512901790147002,-2.0299999713897705,0,0.009999969974160194
angle,1780512901800147371,-2.0299999713897705,0,0.010000002570450306
angle,1780512901810148901,-2.0299999713897705,0,0.00999993085861206
angle,1780512901820148044,-2.0299999713897705,0,0.009999958798289299
angle,1780512901830148318,-2.0299999713897705,0,0.010000000707805157
angle,1780512901840149212,-2.0299999713897705,0,0.009999958798289299
angle,1780512901850149050,-2.0299999713897705,0,0.009999942034482956
angle,1780512901860152374,-2.0299999713897705,0,0.009999961592257023
angle,1780512901870150767,-2.0299999713897705,0,0.009999913163483143
angle,1780512901880151405,-2.0299999713897705,0,0.009999945759773254
angle,1780512901890150691,-2.0299999713897705,0,0.009999886155128479
angle,1780512901900150445,-2.0299999713897705,0,0.009999891743063927
angle,1780512901910150282,-2.0299999713897705,0,0.010000004433095455
angle,1780512901920150649,-2.0299999713897705,0,0.009999951347708702
angle,1780512901930150972,-2.0299999713897705,0,0.009999959729611874
angle,1780512901940151274,-2.0299999713897705,0,0.009999975562095642
angle,1780512901950151568,-2.0299999713897705,0,0.00999996718019247
angle,1780512901960152062,-2.0299999713897705,0,0.009999971836805344
angle,1780512901970154497,-2.0299999713897705,0,0.010000020265579224
angle,1780512901980152439,-2.0299999713897705,0,0.009999869391322136
angle,1780512901990152507,-2.0299999713897705,0,0.009999948553740978
angle,1780512902000153097,-2.0299999713897705,0,0.009999994188547134
angle,1780512902010153208,-2.0299999713897705,0,0.009999933652579784
angle,1780512902020153278,-2.0299999713897705,0,0.009999957866966724
angle,1780512902030153600,-2.0299999713897705,0,0.009999997913837433
angle,1780512902040153825,-2.0299999713897705,0,0.009999928995966911
angle,1780512902050153994,-2.0299999713897705,0,0.009999940171837807
angle,1780512902060154534,-2.0299999713897705,0,0.010000006295740604
angle,1780512902070154941,-2.0299999713897705,0,0.009999953210353851
angle,1780512902080155064,-2.0299999713897705,0,0.009999941103160381
angle,1780512902090155180,-2.0299999713897705,0,0.01000000536441803
angle,1780512902100155849,-2.0299999713897705,0,0.010000006295740604
angle,1780512902110155767,-2.0299999713897705,0,0.009999887086451054
angle,1780512902120156301,-2.0299999713897705,0,0.009999942034482956
angle,1780512902130156158,-2.0299999713897705,0,0.009999960660934448
angle,1780512902140156457,-2.0299999713897705,0,0.00999997928738594
angle,1780512902150156576,-2.0299999713897705,0,0.009999966248869896
angle,1780512902160157166,-2.0299999713897705,0,0.010000002570450306
angle,1780512902170158473,-2.0299999713897705,0,0.009999946691095829
angle,1780512902180157506,-2.0299999713897705,0,0.009999897330999374
angle,1780512902190157835,-2.0299999713897705,0,0.009999980218708515
angle,1780512902200158197,-2.0299999713897705,0,0.010000006295740604
angle,1780512902210158549,-2.0299999713897705,0,0.009999986737966537
angle,1780512902220158684,-2.0299999713897705,0,0.009999953210353851
angle,1780512902230158680,-2.0299999713897705,0,0.009999964386224747
angle,1780512902240158981,-2.0299999713897705,0,0.009999997913837433
angle,1780512902250159527,-2.0299999713897705,0,0.009999939240515232
angle,1780512902260160586,-2.0299999713897705,0,0.009999961592257023
angle,1780512902270163234,-2.0299999713897705,0,0.009999995119869709
angle,1780512902280162141,-2.0299999713897705,0,0.009999853558838367
angle,1780512902290162326,-2.0299999713897705,0,0.009999877773225307
angle,1780512902300161190,-2.0299999713897705,0,0.00999989453703165
angle,1780512902310161195,-2.0299999713897705,0,0.009999928995966911
angle,1780512902320161730,-2.0299999713897705,0,0.009999987669289112
angle,1780512902330161748,-2.0299999713897705,0,0.009999994188547134
angle,1780512902340162002,-2.0299999713897705,0,0.009999992325901985
angle,1780512902350162278,-2.0299999713897705,0,0.009999934583902359
angle,1780512902360162568,-2.0299999713897705,0,0.00999994296580553
angle,1780512902370162944,-2.0299999713897705,0,0.010000002570450306
angle,1780512902380162806,-2.0299999713897705,0,0.009999936446547508
angle,1780512902390163154,-2.0299999713897705,0,0.009999978356063366
angle,1780512902400163855,-2.0299999713897705,0,0.009999985806643963
angle,1780512902410163756,-2.0299999713897705,0,0.00999991875141859
angle,1780512902420164272,-2.0299999713897705,0,0.010000009089708328
angle,1780512902430164626,-2.0299999713897705,0,0.010000000707805157
angle,1780512902440164718,-2.0299999713897705,0,0.00999999139457941
angle,1780512902450165111,-2.0299999713897705,0,0.009999940171837807
angle,1780512902460165725,-2.0299999713897705,0,0.00999996904283762
angle,1780512902470165560,-2.0299999713897705,0,0.009999885223805904
angle,1780512902480165799,-2.0299999713897705,0,0.009999961592257023
angle,1780512902490165933,-2.0299999713897705,0,0.00999999139457941
angle,1780512902500166402,-2.0299999713897705,0,0.009999972768127918
angle,1780512902510166661,-2.0299999713897705,0,0.009999972768127918
angle,1780512902520166723,-2.0299999713897705,0,0.010000001639127731
angle,1780512902530167039,-2.0299999713897705,0,0.009999938309192657
angle,1780512902540167521,-2.0299999713897705,0,0.009999990463256836
angle,1780512902550168114,-2.0299999713897705,0,0.009999954141676426
angle,1780512902560168163,-2.0299999713897705,0,0.009999917820096016
angle,1780512902570168282,-2.0299999713897705,0,0.009999975562095642
angle,1780512902580168703,-2.0299999713897705,0,0.009999985806643963
angle,1780512902590168681,-2.0299999713897705,0,0.009999983012676239
angle,1780512902600169043,-2.0299999713897705,0,0.009999984875321388
angle,1780512902610169052,-2.0299999713897705,0,0.009999999776482582
angle,1780512902620169479,-2.0299999713897705,0,0.010000000707805157
angle,1780512902630169818,-2.0299999713897705,0,0.009999982081353664
angle,1780512902640170192,-2.0299999713897705,0,0.00999990664422512
angle,1780512902650170087,-2.0299999713897705,0,0.009999959729611874
angle,1780512902660170531,-2.0299999713897705,0,0.009999995119869709
angle,1780512902670170568,-2.0299999713897705,0,0.010000001639127731
angle,1780512902680170941,-2.0299999713897705,0,0.009999948553740978
angle,1780512902690171157,-2.0299999713897705,0,0.009999996982514858
angle,1780512902700171771,-2.0299999713897705,0,0.010000014677643776
angle,1780512902710171964,-2.0299999713897705,0,0.009999952279031277
angle,1780512902720172038,-2.0299999713897705,0,0.009999941103160381
angle,1780512902730172549,-2.0299999713897705,0,0.009999978356063366
angle,1780512902740172451,-2.0299999713897705,0,0.00999998115003109
angle,1780512902750173054,-2.0299999713897705,0,0.009999984875321388
angle,1780512902760173292,-2.0299999713897705,0,0.009999984875321388
angle,1780512902770173511,-2.0299999713897705,0,0.009999951347708702
angle,1780512902780173606,-2.0299999713897705,0,0.009999982081353664
angle,1780512902790173872,-2.0299999713897705,0,0.009999983012676239
angle,1780512902800174082,-2.0299999713897705,0,0.00999995693564415
angle,1780512902810174979,-2.0299999713897705,0,0.00999994482845068
angle,1780512902820174585,-2.0299999713897705,0,0.009999873116612434
angle,1780512902830174700,-2.0299999713897705,0,0.009999953210353851
angle,1780512902840174917,-2.0299999713897705,0,0.009999975562095642
angle,1780512902850175727,-2.0299999713897705,0,0.009999971836805344
angle,1780512902860175805,-2.0299999713897705,0,0.009999928995966911
angle,1780512902870175690,-2.0299999713897705,0,0.009999996982514858
angle,1780512902880175874,-2.0299999713897705,0,0.009999971836805344
angle,1780512902890176896,-2.0299999713897705,0,0.009999978356063366
angle,1780512902900176969,-2.0299999713897705,0,0.00999994482845068
angle,1780512902910176629,-2.0299999713897705,0,0.009999986737966537
angle,1780512902920176652,-2.0299999713897705,0,0.009999937377870083
angle,1780512902930177068,-2.0299999713897705,0,0.00999998115003109
angle,1780512902940177518,-2.0299999713897705,0,0.009999939240515232
angle,1780512902950177374,-2.0299999713897705,0,0.009999945759773254
angle,1780512902960177992,-2.0299999713897705,0,0.010000000707805157
angle,1780512902970178515,-2.0299999713897705,0,0.00999999325722456
angle,1780512902980178165,-2.0299999713897705,0,0.009999973699450493
angle,1780512902990178407,-2.0299999713897705,0,0.009999923408031464
angle,1780512903000178876,-2.0299999713897705,0,0.009999996051192284
angle,1780512903010178824,-2.0299999713897705,0,0.009999919682741165
angle,1780512903020178976,-2.0299999713897705,0,0.009999963454902172
angle,1780512903030179235,-2.0299999713897705,0,0.009999965317547321
angle,1780512903040179407,-2.0299999713897705,0,0.009999955072999
angle,1780512903050179555,-2.0299999713897705,0,0.009999937377870083
angle,1780512903060179712,-2.0299999713897705,0,0.009999968111515045
angle,1780512903070180148,-2.0299999713897705,0,0.009999940171837807
angle,1780512903080180380,-2.0299999713897705,0,0.009999990463256836
angle,1780512903090180832,-2.0299999713897705,0,0.00999999325722456
angle,1780512903100181093,-2.0299999713897705,0,0.009999945759773254
angle,1780512903110181056,-2.0299999713897705,0,0.010000004433095455
angle,1780512903120181631,-2.0299999713897705,0,0.009999968111515045
angle,1780512903130181727,-2.0299999713897705,0,0.009999941103160381
angle,1780512903140182065,-2.0299999713897705,0,0.009999992325901985
angle,1780512903150182314,-2.0299999713897705,0,0.009999933652579784
angle,1780512903160182656,-2.0299999713897705,0,0.009999975562095642
angle,1780512903170183298,-2.0299999713897705,0,0.009999970905482769
angle,1780512903180183064,-2.0299999713897705,0,0.009999996982514858
angle,1780512903190183415,-2.0299999713897705,0,0.009999998845160007
angle,1780512903200183564,-2.0299999713897705,0,0.009999952279031277
angle,1780512903210184228,-2.0299999713897705,0,0.009999956004321575
angle,1780512903220184498,-2.0299999713897705,0,0.0099998963996768
angle,1780512903230184497,-2.0299999713897705,0,0.009999977424740791
angle,1780512903240184649,-2.0299999713897705,0,0.009999988600611687
angle,1780512903250185029,-2.0299999713897705,0,0.009999952279031277
angle,1780512903260185565,-2.0299999713897705,0,0.009999942034482956
angle,1780512903270185680,-2.0299999713897705,0,0.009999936446547508
angle,1780512903280185765,-2.0299999713897705,0,0.009999919682741165
angle,1780512903290185989,-2.0299999713897705,0,0.009999956004321575
angle,1780512903300186650,-2.0299999713897705,0,0.009999975562095642
angle,1780512903310186711,-2.0299999713897705,0,0.009999975562095642
angle,1780512903320186779,-2.0299999713897705,0,0.009999980218708515
angle,1780512903330187165,-2.0299999713897705,0,0.009999999776482582
angle,1780512903340187456,-2.0299999713897705,0,0.009999982081353664
angle,1780512903350187930,-2.0299999713897705,0,0.009999994188547134
angle,1780512903360187717,-2.0299999713897705,0,0.00999997928738594
angle,1780512903370188452,-2.0299999713897705,0,0.010000004433095455
angle,1780512903380188254,-2.0299999713897705,0,0.009999891743063927
angle,1780512903390188809,-2.0299999713897705,0,0.009999997913837433
angle,1780512903400188918,-2.0299999713897705,0,0.009999982081353664
angle,1780512903410189428,-2.0299999713897705,0,0.00999999139457941
angle,1780512903420189602,-2.0299999713897705,0,0.009999966248869896
angle,1780512903430189652,-2.0299999713897705,0,0.01000000536441803
angle,1780512903440190239,-2.0299999713897705,0,0.009999992325901985
angle,1780512903450190222,-2.0299999713897705,0,0.00999996718019247
angle,1780512903460190295,-2.0299999713897705,0,0.00999994482845068
angle,1780512903470190736,-2.0299999713897705,0,0.00999994482845068
angle,1780512903480190834,-2.0299999713897705,0,0.009999999776482582
angle,1780512903490191084,-2.0299999713897705,0,0.009999983012676239
angle,1780512903500191923,-2.0299999713897705,0,0.009999939240515232
angle,1780512903510191841,-2.0299999713897705,0,0.009999905712902546
angle,1780512903520191822,-2.0299999713897705,0,0.009999927133321762
angle,1780512903530191847,-2.0299999713897705,0,0.00999996718019247
angle,1780512903540192181,-2.0299999713897705,0,0.009999988600611687
angle,1780512903550192341,-2.0299999713897705,0,0.009999984875321388
angle,1780512903560192771,-2.0299999713897705,0,0.009999965317547321
angle,1780512903570192954,-2.0299999713897705,0,0.009999972768127918
angle,1780512903580193109,-2.0299999713897705,0,0.009999994188547134
angle,1780512903590193628,-2.0299999713897705,0,0.009999984875321388
angle,1780512903600193948,-2.0299999713897705,0,0.009999978356063366
angle,1780512903610194079,-2.0299999713897705,0,0.009999933652579784
angle,1780512903620194038,-2.0299999713897705,0,0.009999926201999187
angle,1780512903630194433,-2.0299999713897705,0,0.009999941103160381
angle,1780512903640194502,-2.0299999713897705,0,0.009999954141676426
angle,1780512903650194778,-2.0299999713897705,0,0.010000001639127731
angle,1780512903660194974,-2.0299999713897705,0,0.010000010021030903
angle,1780512903670195302,-2.0299999713897705,0,0.009999961592257023
angle,1780512903680195795,-2.0299999713897705,0,0.009999940171837807
angle,1780512903690195612,-2.0299999713897705,0,0.009999937377870083
angle,1780512903700195891,-2.0299999713897705,0,0.009999946691095829
angle,1780512903710196465,-2.0299999713897705,0,0.009999971836805344
angle,1780512903720196571,-2.0299999713897705,0,0.009999914094805717
angle,1780512903730196682,-2.0299999713897705,0,0.009999982081353664
angle,1780512903740196868,-2.0299999713897705,0,0.009999999776482582
angle,1780512903750197032,-2.0299999713897705,0,0.009999954141676426
angle,1780512903760197255,-2.0299999713897705,0,0.009999953210353851
angle,1780512903770197713,-2.0299999713897705,0,0.009999998845160007
angle,1780512903780197930,-2.0299999713897705,0,0.009999897330999374
angle,1780512903790198374,-2.0299999713897705,0,0.009999996051192284
angle,1780512903800198424,-2.0299999713897705,0,0.009999983943998814
angle,1780512903810199406,-2.0299999713897705,0,0.009999974630773067
angle,1780512903820200440,-2.0299999713897705,0,0.009999987669289112
angle,1780512903830199029,-2.0299999713897705,0,0.009999877773225307
angle,1780512903840199281,-2.0299999713897705,0,0.009999992325901985
angle,1780512903850199729,-2.0299999713897705,0,0.009999996051192284
angle,1780512903860199738,-2.0299999713897705,0,0.009999980218708515
angle,1780512903870200427,-2.0299999713897705,0,0.00999994482845068
angle,1780512903880200082,-2.0299999713897705,0,0.009999988600611687
angle,1780512903890201265,-2.0299999713897705,0,0.00999998115003109
angle,1780512903900200492,-2.0299999713897705,0,0.009999880567193031
angle,1780512903910200923,-2.0299999713897705,0,0.00999997928738594
angle,1780512903920200983,-2.0299999713897705,0,0.009999938309192657
angle,1780512903930201600,-2.0299999713897705,0,0.009999943897128105
angle,1780512903940202671,-2.0299999713897705,0,0.009999960660934448
angle,1780512903950201800,-2.0299999713897705,0,0.009999939240515232
angle,1780512903960202323,-2.0299999713897705,0,0.00999995693564415
angle,1780512903970202769,-2.0299999713897705,0,0.00999997928738594
angle,1780512903980202560,-2.0299999713897705,0,0.009999912232160568
angle,1780512903990202814,-2.0299999713897705,0,0.009999956004321575
angle,1780512904000203120,-2.0299999713897705,0,0.009999953210353851
angle,1780512904010204265,-2.0299999713897705,0,0.010000006295740604
angle,1780512904020203553,-2.0299999713897705,0,0.009999945759773254
angle,1780512904030203854,-2.0299999713897705,0,0.010000001639127731
angle,1780512904040204223,-2.0299999713897705,0,0.009999997913837433
angle,1780512904050205045,-2.0299999713897705,0,0.009999937377870083
angle,1780512904060204585,-2.0299999713897705,0,0.009999516420066357
angle,1780512904070204919,-2.0299999713897705,0,0.009999948553740978
angle,1780512904080204990,-2.0299999713897705,0,0.009999956004321575
angle,1780512904090205080,-2.0299999713897705,0,0.009999942034482956
angle,1780512904100205811,-2.0299999713897705,0,0.009999943897128105
angle,1780512904110205775,-2.0299999713897705,0,0.009999968111515045
angle,1780512904120205650,-2.0299999713897705,0,0.009999938309192657
angle,1780512904130205892,-2.0299999713897705,0,0.009999951347708702
angle,1780512904140206372,-2.0299999713897705,0,0.010000000707805157
angle,1780512904150206273,-2.0299999713897705,0,0.009999999776482582
angle,1780512904160206744,-2.0299999713897705,0,0.009999956004321575
angle,1780512904170206940,-2.0299999713897705,0,0.009999983012676239
angle,1780512904180207164,-2.0299999713897705,0,0.009999956004321575
angle,1780512904190207546,-2.0299999713897705,0,0.009999973699450493
angle,1780512904200207617,-2.0299999713897705,0,0.009999972768127918
angle,1780512904210208193,-2.0299999713897705,0,0.00999994482845068
angle,1780512904220208260,-2.0299999713897705,0,0.009999974630773067
angle,1780512904230208712,-2.0299999713897705,0,0.01000000536441803
angle,1780512904240209412,-2.0299999713897705,0,0.009999943897128105
angle,1780512904250208945,-2.0299999713897705,0,0.009999973699450493
angle,1780512904260209907,-2.0299999713897705,0,0.00999999325722456
angle,1780512904270209842,-2.0299999713897705,0,0.009999983012676239
angle,1780512904280209942,-2.0299999713897705,0,0.009999959729611874
angle,1780512904290210065,-2.0299999713897705,0,0.009999983012676239
angle,1780512904300210272,-2.0299999713897705,0,0.009999961592257023
angle,1780512904310210970,-2.0299999713897705,0,0.009999943897128105
angle,1780512904320211211,-2.0299999713897705,0,0.009999925270676613
angle,1780512904330211150,-2.0299999713897705,0,0.009999938309192657
angle,1780512904340211658,-2.0299999713897705,0,0.009999964386224747
angle,1780512904350211464,-2.0299999713897705,0,0.009999948553740978
angle,1780512904360211627,-2.0299999713897705,0,0.009999937377870083
angle,1780512904370212230,-2.0299999713897705,0,0.00999999139457941
angle,1780512904380212384,-2.0299999713897705,0,0.00999996904283762
angle,1780512904390212508,-2.0299999713897705,0,0.009999888017773628
angle,1780512904400212575,-2.0299999713897705,0,0.0099998963996768
angle,1780512904410213018,-2.0299999713897705,0,0.009999938309192657
angle,1780512904420212977,-2.0299999713897705,0,0.009999873116612434
angle,1780512904430213616,-2.0299999713897705,0,0.009999936446547508
angle,1780512904440213414,-2.0299999713897705,0,0.009999960660934448
angle,1780512904450213577,-2.0299999713897705,0,0.00999996718019247
angle,1780512904460214198,-2.0299999713897705,0,0.009999968111515045
angle,1780512904470214648,-2.0299999713897705,0,0.009999996982514858
angle,1780512904480214324,-2.0299999713897705,0,0.009999954141676426
angle,1780512904490214583,-2.0299999713897705,0,0.009999945759773254
angle,1780512904500214768,-2.0299999713897705,0,0.00999996718019247
angle,1780512904510215215,-2.0299999713897705,0,0.009999977424740791
angle,1780512904520215168,-2.0299999713897705,0,0.009999938309192657
angle,1780512904530215459,-2.0299999713897705,0,0.010000004433095455
angle,1780512904542029025,-2.0299999713897705,0,0.011812885291874409
angle,1780512904552029575,-2.0299999713897705,0,0.009999971836805344
angle,1780512904562029519,-2.0299999713897705,0,0.00999990664422512
angle,1780512904572030258,-2.0299999713897705,0,0.00999995693564415
angle,1780512904582030088,-2.0299999713897705,0,0.009999994188547134
angle,1780512904592033058,-2.0299999713897705,0,0.009999997913837433
angle,1780512904602030635,-2.0299999713897705,0,0.009999855421483517
angle,1780512904612030935,-2.0299999713897705,0,0.009999953210353851
angle,1780512904622031323,-2.0299999713897705,0,0.00999994482845068
angle,1780512904632031170,-2.0299999713897705,0,0.009999972768127918
angle,1780512904642031372,-2.0299999713897705,0,0.009999996051192284
angle,1780512904652031773,-2.0299999713897705,0,0.009999951347708702
angle,1780512904662032001,-2.0299999713897705,0,0.009999992325901985
angle,1780512904672032301,-2.0299999713897705,0,0.009999974630773067
angle,1780512904682032380,-2.0299999713897705,0,0.009999955072999
angle,1780512904692032730,-2.0299999713897705,0,0.00999996904283762
angle,1780512904702032734,-2.0299999713897705,0,0.009999977424740791
angle,1780512904712033460,-2.0299999713897705,0,0.009999965317547321
angle,1780512904722033251,-2.0299999713897705,0,0.009999939240515232
angle,1780512904732033599,-2.0299999713897705,0,0.00999995693564415
angle,1780512904742033818,-2.0299999713897705,0,0.00999997928738594
angle,1780512904752034892,-2.0299999713897705,0,0.009999998845160007
angle,1780512904762034920,-2.0299999713897705,0,0.009999883361160755
angle,1780512904772034914,-2.0299999713897705,0,0.009999939240515232
angle,1780512904782034966,-2.0299999713897705,0,0.009999995119869709
angle,1780512904792035166,-2.0299999713897705,0,0.00999996904283762
angle,1780512904802035756,-2.0299999713897705,0,0.009999986737966537
angle,1780512904812036077,-2.0299999713897705,0,0.010000006295740604
angle,1780512904822036948,-2.0299999713897705,0,0.009999938309192657
angle,1780512904832036199,-2.0299999713897705,0,0.009999909438192844
angle,1780512904842036530,-2.0299999713897705,0,0.010000010952353477
angle,1780512904852037267,-2.0299999713897705,0,0.009999952279031277
angle,1780512904862037178,-2.0299999713897705,0,0.00999999325722456
angle,1780512904872037802,-2.0299999713897705,0,0.009999983012676239
angle,1780512904882037780,-2.0299999713897705,0,0.00999987218528986
angle,1780512904892038955,-2.0299999713897705,0,0.009999980218708515
angle,1780512904902037969,-2.0299999713897705,0,0.009999902918934822
angle,1780512904912039435,-2.0299999713897705,0,0.009999999776482582
angle,1780512904922038465,-2.0299999713897705,0,0.009999898262321949
angle,1780512904932038700,-2.0299999713897705,0,0.009999969974160194
angle,1780512904942038880,-2.0299999713897705,0,0.010000007227063179
angle,1780512904952039319,-2.0299999713897705,0,0.009999996982514858
angle,1780512904962039897,-2.0299999713897705,0,0.009999978356063366
angle,1780512904972040308,-2.0299999713897705,0,0.009999992325901985
angle,1780512904982040388,-2.0299999713897705,0,0.009999924339354038
angle,1780512904992040820,-2.0299999713897705,0,0.00999999325722456
angle,1780512905002041200,-2.0299999713897705,0,0.009999998845160007
angle,1780512905012041025,-2.0299999713897705,0,0.009999961592257023
angle,1780512905022041396,-2.0299999713897705,0,0.01000000536441803
angle,1780512905032041501,-2.0299999713897705,0,0.00999999325722456
angle,1780512905042041974,-2.0299999713897705,0,0.010000007227063179
angle,1780512905052042119,-2.0299999713897705,0,0.00999996718019247
angle,1780512905062042409,-2.0299999713897705,0,0.009999987669289112
angle,1780512905072042831,-2.0299999713897705,0,0.009999946691095829
angle,1780512905082043064,-2.0299999713897705,0,0.010000009089708328
angle,1780512905092043208,-2.0299999713897705,0,0.01000000536441803
angle,1780512905102043372,-2.0299999713897705,0,0.009999968111515045
angle,1780512905112043571,-2.0299999713897705,0,0.009999984875321388
angle,1780512905122044075,-2.0299999713897705,0,0.00999997928738594
angle,1780512905132044366,-2.0299999713897705,0,0.009999994188547134
angle,1780512905142044768,-2.0299999713897705,0,0.009999956004321575
angle,1780512905152044866,-2.0299999713897705,0,0.009999997913837433
angle,1780512905162045323,-2.0299999713897705,0,0.009999975562095642
angle,1780512905172045640,-2.0299999713897705,0,0.00999996904283762
angle,1780512905182046005,-2.0299999713897705,0,0.00999996904283762
angle,1780512905192045739,-2.0299999713897705,0,0.009999957866966724
angle,1780512905202046061,-2.0299999713897705,0,0.009999954141676426
angle,1780512905212046347,-2.0299999713897705,0,0.009999985806643963
angle,1780512905222046690,-2.0299999713897705,0,0.00999999139457941
angle,1780512905232047174,-2.0299999713897705,0,0.010000026784837246
angle,1780512905242047062,-2.0299999713897705,0,0.009999917820096016
angle,1780512905252047240,-2.0299999713897705,0,0.009999966248869896
angle,1780512905262047519,-2.0299999713897705,0,0.00999997928738594
angle,1780512905272047992,-2.0299999713897705,0,0.009999953210353851
angle,1780512905282048234,-2.0299999713897705,0,0.009999939240515232
angle,1780512905292048225,-2.0299999713897705,0,0.009999947622418404
angle,1780512905302048827,-2.0299999713897705,0,0.009999996051192284
angle,1780512905312048814,-2.0299999713897705,0,0.009999982081353664
angle,1780512905322049148,-2.0299999713897705,0,0.009999957866966724
angle,1780512905332049316,-2.0299999713897705,0,0.009999975562095642
angle,1780512905342049604,-2.0299999713897705,0,0.009999947622418404
angle,1780512905352050070,-2.0299999713897705,0,0.009999966248869896
angle,1780512905362050151,-2.0299999713897705,0,0.009999957866966724
angle,1780512905372050702,-2.0299999713897705,0,0.009999938309192657
angle,1780512905382050673,-2.0299999713897705,0,0.009999892674386501
angle,1780512905392050850,-2.0299999713897705,0,0.009999972768127918
angle,1780512905402051024,-2.0299999713897705,0,0.009999934583902359
angle,1780512905412051219,-2.0299999713897705,0,0.009999984875321388
angle,1780512905422051547,-2.0299999713897705,0,0.009999945759773254
angle,1780512905432052076,-2.0299999713897705,0,0.01000001560896635
angle,1780512905442051968,-2.0299999713897705,0,0.009999996051192284
angle,1780512905452052207,-2.0299999713897705,0,0.009999946691095829
angle,1780512905462052432,-2.0299999713897705,0,0.009999978356063366
angle,1780512905472052589,-2.0299999713897705,0,0.009999957866966724
angle,1780512905482052915,-2.0299999713897705,0,0.009999997913837433
angle,1780512905492054772,-2.0299999713897705,0,0.009999945759773254
angle,1780512905502054068,-2.0299999713897705,0,0.009999913163483143
angle,1780512905512053633,-2.0299999713897705,0,0.009999942034482956
angle,1780512905522054263,-2.0299999713897705,0,0.009999984875321388
angle,1780512905532054298,-2.0299999713897705,0,0.009999900124967098
angle,1780512905542054413,-2.0299999713897705,0,0.009999942034482956
angle,1780512905552054586,-2.0299999713897705,0,0.009999980218708515
angle,1780512905562054821,-2.0299999713897705,0,0.009999973699450493
angle,1780512905572055098,-2.0299999713897705,0,0.009999934583902359
angle,1780512905582055331,-2.0299999713897705,0,0.009999937377870083
angle,1780512905592056679,-2.0299999713897705,0,0.009999939240515232
angle,1780512905602055980,-2.0299999713897705,0,0.009999916888773441
angle,1780512905612056136,-2.0299999713897705,0,0.009999992325901985
angle,1780512905622056103,-2.0299999713897705,0,0.00999993272125721
angle,1780512905632056507,-2.0299999713897705,0,0.009999992325901985
angle,1780512905642057292,-2.0299999713897705,0,0.009999966248869896
angle,1780512905652057162,-2.0299999713897705,0,0.009999903850257397
angle,1780512905662057283,-2.0299999713897705,0,0.009999999776482582
angle,1780512905672057343,-2.0299999713897705,0,0.00999998115003109
angle,1780512905682057977,-2.0299999713897705,0,0.009999943897128105
angle,1780512905692058398,-2.0299999713897705,0,0.009999952279031277
angle,1780512905702058818,-2.0299999713897705,0,0.009999961592257023
angle,1780512905712058664,-2.0299999713897705,0,0.009999910369515419
angle,1780512905722058854,-2.0299999713897705,0,0.009999904781579971
angle,1780512905732058895,-2.0299999713897705,0,0.00999994482845068
angle,1780512905742059046,-2.0299999713897705,0,0.009999940171837807
angle,1780512905752059359,-2.0299999713897705,0,0.00999999139457941
angle,1780512905762059671,-2.0299999713897705,0,0.009999977424740791
angle,1780512905772059850,-2.0299999713897705,0,0.009999945759773254
angle,1780512905782060584,-2.0299999713897705,0,0.00999999139457941
angle,1780512905792060614,-2.0299999713897705,0,0.009999956004321575
angle,1780512905802060845,-2.0299999713897705,0,0.010000002570450306
angle,1780512905812060856,-2.0299999713897705,0,0.00999994482845068
angle,1780512905822062861,-2.0299999713897705,0,0.009999975562095642
angle,1780512905832061400,-2.0299999713897705,0,0.009999933652579784
angle,1780512905842062132,-2.0299999713897705,0,0.009999983012676239
angle,1780512905852062273,-2.0299999713897705,0,0.009999905712902546
angle,1780512905862062452,-2.0299999713897705,0,0.009999990463256836
angle,1780512905872062495,-2.0299999713897705,0,0.00999994296580553
angle,1780512905882062936,-2.0299999713897705,0,0.00999995693564415
angle,1780512905892063864,-2.0299999713897705,0,0.009999954141676426
angle,1780512905902063131,-2.0299999713897705,0,0.009999958798289299
angle,1780512905912063309,-2.0299999713897705,0,0.009999986737966537
angle,1780512905922063637,-2.0299999713897705,0,0.009999990463256836
angle,1780512905932064033,-2.0299999713897705,0,0.009999996051192284
angle,1780512905942063974,-2.0299999713897705,0,0.009999969974160194
angle,1780512905952064273,-2.0299999713897705,0,0.009999940171837807
angle,1780512905962064715,-2.0299999713897705,0,0.01000000536441803
angle,1780512905972066528,-2.0299999713897705,0,0.009999984875321388
angle,1780512905982065063,-2.0299999713897705,0,0.00999986007809639
angle,1780512905992065718,-2.0299999713897705,0,0.009999937377870083
angle,1780512906002065617,-2.0299999713897705,0,0.010000010021030903
angle,1780512906012066020,-2.0299999713897705,0,0.009999986737966537
angle,1780512906022066328,-2.0299999713897705,0,0.009999996982514858
angle,1780512906032066682,-2.0299999713897705,0,0.00999999139457941
angle,1780512906042068028,-2.0299999713897705,0,0.009999972768127918
angle,1780512906052066980,-2.0299999713897705,0,0.009999905712902546
angle,1780512906062067137,-2.0299999713897705,0,0.009999959729611874
angle,1780512906072067203,-2.0299999713897705,0,0.009999940171837807
angle,1780512906082067900,-2.0299999713897705,0,0.009999923408031464
angle,1780512906092067612,-2.0299999713897705,0,0.009999977424740791
angle,1780512906102067815,-2.0299999713897705,0,0.009999931789934635
angle,1780512906112068149,-2.0299999713897705,0,0.009999943897128105
angle,1780512906122068656,-2.0299999713897705,0,0.009999984875321388
angle,1780512906132068804,-2.0299999713897705,0,0.009999980218708515
angle,1780512906142069081,-2.0299999713897705,0,0.009999955072999
angle,1780512906152069359,-2.0299999713897705,0,0.009999971836805344
angle,1780512906162069564,-2.0299999713897705,0,0.009999999776482582
angle,1780512906172070067,-2.0299999713897705,0,0.009999998845160007
angle,1780512906182070200,-2.0299999713897705,0,0.009999938309192657
angle,1780512906192070237,-2.0299999713897705,0,0.009999945759773254
angle,1780512906202070538,-2.0299999713897705,0,0.00999996904283762
angle,1780512906212070847,-2.0299999713897705,0,0.009999969974160194
angle,1780512906222071645,-2.0299999713897705,0,0.009999995119869709
angle,1780512906232071489,-2.0299999713897705,0,0.009999982081353664
angle,1780512906242071677,-2.0299999713897705,0,0.009999960660934448
angle,1780512906252072149,-2.0299999713897705,0,0.009999986737966537
angle,1780512906262072184,-2.0299999713897705,0,0.009999969974160194
angle,1780512906272072384,-2.0299999713897705,0,0.009999970905482769
angle,1780512906282072816,-2.0299999713897705,0,0.00999994296580553
angle,1780512906292072740,-2.0299999713897705,0,0.009999943897128105
angle,1780512906302073308,-2.0299999713897705,0,0.00999997928738594
angle,1780512906312073438,-2.0299999713897705,0,0.00999999325722456
angle,1780512906322074162,-2.0299999713897705,0,0.00999999325722456
angle,1780512906332073847,-2.0299999713897705,0,0.009999879635870457
angle,1780512906342074106,-2.0299999713897705,0,0.009999978356063366
angle,1780512906352074382,-2.0299999713897705,0,0.009999943897128105
angle,1780512906362074880,-2.0299999713897705,0,0.010000018402934074
angle,1780512906372074802,-2.0299999713897705,0,0.009999921545386314
angle,1780512906382076113,-2.0299999713897705,0,0.009999952279031277
angle,1780512906392075501,-2.0299999713897705,0,0.009999890811741352
angle,1780512906402075396,-2.0299999713897705,0,0.009999972768127918
angle,1780512906412075567,-2.0299999713897705,0,0.009999940171837807
angle,1780512906422076132,-2.0299999713897705,0,0.009999985806643963
angle,1780512906432077966,-2.0299999713897705,0,0.009999988600611687
angle,1780512906442076794,-2.0299999713897705,0,0.009999907575547695
angle,1780512906452076694,-2.0299999713897705,0,0.009999999776482582
angle,1780512906462076948,-2.0299999713897705,0,0.009999966248869896
angle,1780512906472077334,-2.0299999713897705,0,0.009999988600611687
angle,1780512906482077571,-2.0299999713897705,0,0.010000006295740604
angle,1780512906492077769,-2.0299999713897705,0,0.009999954141676426
angle,1780512906502078206,-2.0299999713897705,0,0.009999937377870083
angle,1780512906512078309,-2.0299999713897705,0,0.009999972768127918
angle,1780512906522078444,-2.0299999713897705,0,0.010000000707805157
angle,1780512906532078697,-2.0299999713897705,0,0.009999973699450493
angle,1780512906542079017,-2.0299999713897705,0,0.009999934583902359
angle,1780512906552079357,-2.0299999713897705,0,0.009999943897128105
angle,1780512906562082095,-2.0299999713897705,0,0.009999997913837433
angle,1780512906572081150,-2.0299999713897705,0,0.009999893605709076
angle,1780512906582080093,-2.0299999713897705,0,0.009999890811741352
angle,1780512906592080517,-2.0299999713897705,0,0.01000000536441803
angle,1780512906602080859,-2.0299999713897705,0,0.009999904781579971
angle,1780512906612081071,-2.0299999713897705,0,0.009999998845160007
angle,1780512906622080994,-2.0299999713897705,0,0.009999951347708702
angle,1780512906632081674,-2.0299999713897705,0,0.01000000536441803
angle,1780512906642081619,-2.0299999713897705,0,0.009999939240515232
angle,1780512906652081705,-2.0299999713897705,0,0.009999997913837433
angle,1780512906662082041,-2.0299999713897705,0,0.009999992325901985
angle,1780512906672082387,-2.0299999713897705,0,0.009999959729611874
angle,1780512906682082448,-2.0299999713897705,0,0.009999951347708702
angle,1780512906692082801,-2.0299999713897705,0,0.00999999325722456
angle,1780512906702082946,-2.0299999713897705,0,0.00999994296580553
angle,1780512906712083288,-2.0299999713897705,0,0.009999934583902359
angle,1780512906722083743,-2.0299999713897705,0,0.00999991875141859
angle,1780512906732083788,-2.0299999713897705,0,0.009999947622418404
angle,1780512906742084010,-2.0299999713897705,0,0.010000010952353477
angle,1780512906752084148,-2.0299999713897705,0,0.009999968111515045
angle,1780512906762084578,-2.0299999713897705,0,0.009999996051192284
angle,1780512906772084863,-2.0299999713897705,0,0.009999992325901985
angle,1780512906782085201,-2.0299999713897705,0,0.009999951347708702
angle,1780512906792085509,-2.0299999713897705,0,0.009999955072999
angle,1780512906802085727,-2.0299999713897705,0,0.009999928064644337
angle,1780512906812086158,-2.0299999713897705,0,0.009999982081353664
angle,1780512906822087411,-2.0299999713897705,0,0.009999936446547508
angle,1780512906832086726,-2.0299999713897705,0,0.009999898262321949
angle,1780512906842086861,-2.0299999713897705,0,0.009999983012676239
angle,1780512906852087470,-2.0299999713897705,0,0.01000000536441803
angle,1780512906862087111,-2.0299999713897705,0,0.010000001639127731
angle,1780512906872087380,-2.0299999713897705,0,0.00999995693564415
angle,1780512906882088041,-2.0299999713897705,0,0.009999987669289112
angle,1780512906892088693,-2.0299999713897705,0,0.00999993272125721
angle,1780512906902088105,-2.0299999713897705,0,0.009999911300837994
angle,1780512906912088573,-2.0299999713897705,0,0.009999940171837807
angle,1780512906922088459,-2.0299999713897705,0,0.00999998115003109
angle,1780512906932088764,-2.0299999713897705,0,0.009999942034482956
angle,1780512906942089212,-2.0299999713897705,0,0.010000023059546947
angle,1780512906952089357,-2.0299999713897705,0,0.009999963454902172
angle,1780512906962089483,-2.0299999713897705,0,0.009999998845160007
angle,1780512906972089781,-2.0299999713897705,0,0.009999958798289299
angle,1780512906982090562,-2.0299999713897705,0,0.00999998115003109
angle,1780512906992090393,-2.0299999713897705,0,0.010000000707805157
angle,1780512907002090529,-2.0299999713897705,0,0.00999999325722456
angle,1780512907012090860,-2.0299999713897705,0,0.009999969974160194
angle,1780512907022091536,-2.0299999713897705,0,0.009999983012676239
angle,1780512907032091698,-2.0299999713897705,0,0.009999917820096016
angle,1780512907042091538,-2.0299999713897705,0,0.009999968111515045
angle,1780512907052091731,-2.0299999713897705,0,0.009999990463256836
angle,1780512907062091980,-2.0299999713897705,0,0.009999964386224747
angle,1780512907072092542,-2.0299999713897705,0,0.009999951347708702
angle,1780512907082092577,-2.0299999713897705,0,0.009999978356063366
angle,1780512907092092845,-2.0299999713897705,0,0.009999953210353851
angle,1780512907102093041,-2.0299999713897705,0,0.009999983943998814
angle,1780512907112093221,-2.0299999713897705,0,0.009999955072999
angle,1780512907122094003,-2.0299999713897705,0,0.009999995119869709
angle,1780512907132093977,-2.0299999713897705,0,0.010000002570450306
angle,1780512907142094160,-2.0299999713897705,0,0.009999986737966537
angle,1780512907152094354,-2.0299999713897705,0,0.009999992325901985
angle,1780512907162094786,-2.0299999713897705,0,0.009999963454902172
angle,1780512907172095332,-2.0299999713897705,0,0.009999965317547321
angle,1780512907182095454,-2.0299999713897705,0,0.009999937377870083
angle,1780512907192095465,-2.0299999713897705,0,0.009999869391322136
angle,1780512907202095486,-2.0299999713897705,0,0.009999950416386127
angle,1780512907212096225,-2.0299999713897705,0,0.009999983943998814
angle,1780512907222096189,-2.0299999713897705,0,0.009999955072999
angle,1780512907232096875,-2.0299999713897705,0,0.009999964386224747
angle,1780512907242096730,-2.0299999713897705,0,0.009999868459999561
angle,1780512907252097321,-2.0299999713897705,0,0.009999986737966537
angle,1780512907262097544,-2.0299999713897705,0,0.010000006295740604
angle,1780512907272097978,-2.0299999713897705,0,0.009999966248869896
angle,1780512907282098969,-2.0299999713897705,0,0.009999972768127918
angle,1780512907292100561,-2.0299999713897705,0,0.009999869391322136
angle,1780512907302100355,-2.0299999713897705,0,0.009999868459999561
angle,1780512907312100477,-2.0299999713897705,0,0.00999994482845068
angle,1780512907322099501,-2.0299999713897705,0,0.009999897330999374
angle,1780512907332099700,-2.0299999713897705,0,0.009999955072999
angle,1780512907342099426,-2.0299999713897705,0,0.009999923408031464
angle,1780512907352099880,-2.0299999713897705,0,0.009999997913837433
angle,1780512907362099948,-2.0299999713897705,0,0.009999959729611874
angle,1780512907372100261,-2.0299999713897705,0,0.009999971836805344
angle,1780512907382100402,-2.0299999713897705,0,0.009999982081353664
angle,1780512907392101007,-2.0299999713897705,0,0.009999960660934448
angle,1780512907402101370,-2.0299999713897705,0,0.010000008158385754
angle,1780512907412101316,-2.0299999713897705,0,0.00999996904283762
angle,1780512907422101742,-2.0299999713897705,0,0.009999941103160381
angle,1780512907432102140,-2.0299999713897705,0,0.009999950416386127
angle,1780512907442102300,-2.0299999713897705,0,0.009999947622418404
angle,1780512907452102311,-2.0299999713897705,0,0.009999997913837433
angle,1780512907462102576,-2.0299999713897705,0,0.009999994188547134
angle,1780512907472102669,-2.0299999713897705,0,0.009999996051192284
angle,1780512907482103115,-2.0299999713897705,0,0.009999978356063366
angle,1780512907492103394,-2.0299999713897705,0,0.00999996718019247
angle,1780512907502103726,-2.0299999713897705,0,0.009999987669289112
angle,1780512907512104830,-2.0299999713897705,0,0.009999992325901985
angle,1780512907522104414,-2.0299999713897705,0,0.009999945759773254
angle,1780512907532104785,-2.0299999713897705,0,0.009999950416386127
angle,1780512907542104643,-2.0299999713897705,0,0.009999946691095829
angle,1780512907552104861,-2.0299999713897705,0,0.009999988600611687
angle,1780512907562105151,-2.0299999713897705,0,0.009999987669289112
angle,1780512907572105537,-2.0299999713897705,0,0.009999945759773254
angle,1780512907582105548,-2.0299999713897705,0,0.009999980218708515
angle,1780512907592105904,-2.0299999713897705,0,0.009999996051192284
angle,1780512907602106404,-2.0299999713897705,0,0.009999950416386127
angle,1780512907612106741,-2.0299999713897705,0,0.009999957866966724
angle,1780512907622106692,-2.0299999713897705,0,0.009999950416386127
angle,1780512907632107129,-2.0299999713897705,0,0.009999939240515232
angle,1780512907642107094,-2.0299999713897705,0,0.009999988600611687
angle,1780512907652107266,-2.0299999713897705,0,0.009999937377870083
angle,1780512907662107583,-2.0299999713897705,0,0.009999940171837807
angle,1780512907672107680,-2.0299999713897705,0,0.009999958798289299
angle,1780512907682107919,-2.0299999713897705,0,0.009999939240515232
angle,1780512907692108706,-2.0299999713897705,0,0.009999955072999
angle,1780512907702108609,-2.0299999713897705,0,0.009999970905482769
angle,1780512907712108748,-2.0299999713897705,0,0.00999996904283762
angle,1780512907722108998,-2.0299999713897705,0,0.00999996904283762
angle,1780512907732109586,-2.0299999713897705,0,0.00999997928738594
angle,1780512907742109609,-2.0299999713897705,0,0.009999817237257957
angle,1780512907752109935,-2.0299999713897705,0,0.009999980218708515
angle,1780512907762110019,-2.0299999713897705,0,0.009999948553740978
angle,1780512907772110152,-2.0299999713897705,0,0.009999933652579784
angle,1780512907782110212,-2.0299999713897705,0,0.009999866597354412
angle,1780512907792110750,-2.0299999713897705,0,0.009999968111515045
angle,1780512907802110677,-2.0299999713897705,0,0.00999995693564415
angle,1780512907812111266,-2.0299999713897705,0,0.009999994188547134
angle,1780512907822112311,-2.0299999713897705,0,0.009999937377870083
angle,1780512907832111994,-2.0299999713897705,0,0.009999911300837994
angle,1780512907842111695,-2.0299999713897705,0,0.00999995693564415
angle,1780512907852112113,-2.0299999713897705,0,0.009999961592257023
angle,1780512907862111978,-2.0299999713897705,0,0.009999957866966724
angle,1780512907872112407,-2.0299999713897705,0,0.009999994188547134
angle,1780512907882112546,-2.0299999713897705,0,0.009999980218708515
angle,1780512907892113737,-2.0299999713897705,0,0.009999950416386127
angle,1780512907902113165,-2.0299999713897705,0,0.009999890811741352
angle,1780512907919281460,-2.0299999713897705,0,0.017167886719107628
angle,1780512907929281810,-2.0299999713897705,0,0.009999974630773067
angle,1780512907939282277,-2.0299999713897705,0,0.009999953210353851
angle,1780512907949282287,-2.0299999713897705,0,0.010000009089708328
angle,1780512907959282554,-2.0299999713897705,0,0.010000007227063179
angle,1780512907969282995,-2.0299999713897705,0,0.009999992325901985
angle,1780512907979284160,-2.0299999713897705,0,0.009999952279031277
angle,1780512907989283236,-2.0299999713897705,0,0.009999904781579971
angle,1780512907999283528,-2.0299999713897705,0,0.009999978356063366
angle,1780512908009284072,-2.0299999713897705,0,0.010000024922192097
angle,1780512908019284005,-2.0299999713897705,0,0.009999913163483143
angle,1780512908029284100,-2.0299999713897705,0,0.010000000707805157
angle,1780512908039284366,-2.0299999713897705,0,0.009999958798289299
angle,1780512908049284616,-2.0299999713897705,0,0.009999957866966724
angle,1780512908059284852,-2.0299999713897705,0,0.010000007227063179
angle,1780512908069285215,-2.0299999713897705,0,0.009999956004321575
angle,1780512908079285268,-2.0299999713897705,0,0.009999941103160381
angle,1780512908089285496,-2.0299999713897705,0,0.010000006295740604
angle,1780512908099287054,-2.0299999713897705,0,0.009999990463256836
angle,1780512908109286330,-2.0299999713897705,0,0.009999880567193031
angle,1780512908119286172,-2.0299999713897705,0,0.009999940171837807
angle,1780512908129287003,-2.0299999713897705,0,0.009999945759773254
angle,1780512908139286808,-2.0299999713897705,0,0.009999928064644337
angle,1780512908149286935,-2.0299999713897705,0,0.009999990463256836
angle,1780512908159287204,-2.0299999713897705,0,0.009999996051192284
angle,1780512908169287661,-2.0299999713897705,0,0.009999969974160194
angle,1780512908179287790,-2.0299999713897705,0,0.00999999139457941
angle,1780512908189287976,-2.0299999713897705,0,0.009999971836805344
angle,1780512908199288185,-2.0299999713897705,0,0.009999959729611874
angle,1780512908209288951,-2.0299999713897705,0,0.009999958798289299
angle,1780512908219288728,-2.0299999713897705,0,0.009999934583902359
angle,1780512908229288891,-2.0299999713897705,0,0.010000008158385754
angle,1780512908239291592,-2.0299999713897705,0,0.010000023990869522
angle,1780512908249292559,-2.0299999713897705,0,0.009999905712902546
angle,1780512908259291116,-2.0299999713897705,0,0.009999862872064114
angle,1780512908269289938,-2.0299999713897705,0,0.009999889880418777
angle,1780512908279290280,-2.0299999713897705,0,0.009999948553740978
angle,1780512908289290869,-2.0299999713897705,0,0.00999995693564415
angle,1780512908299291046,-2.0299999713897705,0,0.00999999325722456
angle,1780512908309290808,-2.0299999713897705,0,0.009999986737966537
angle,1780512908319291122,-2.0299999713897705,0,0.009999983012676239
angle,1780512908329291277,-2.0299999713897705,0,0.009999948553740978
angle,1780512908339291986,-2.0299999713897705,0,0.00999994296580553
angle,1780512908349291845,-2.0299999713897705,0,0.00999987032264471
angle,1780512908359291746,-2.0299999713897705,0,0.009999940171837807
angle,1780512908369292084,-2.0299999713897705,0,0.009999990463256836
angle,1780512908379292238,-2.0299999713897705,0,0.00999999139457941
angle,1780512908389292576,-2.0299999713897705,0,0.010000004433095455
angle,1780512908399292792,-2.0299999713897705,0,0.009999959729611874
angle,1780512908410886086,-2.0299999713897705,0,0.011592832393944263
angle,1780512908420886466,-2.0299999713897705,0,0.009999927133321762
angle,1780512908430886895,-2.0299999713897705,0,0.009999998845160007
angle,1780512908440887448,-2.0299999713897705,0,0.009999995119869709
angle,1780512908450887578,-2.0299999713897705,0,0.009999988600611687
angle,1780512908460887891,-2.0299999713897705,0,0.009999939240515232
angle,1780512908470887958,-2.0299999713897705,0,0.009999939240515232
angle,1780512908480888204,-2.0299999713897705,0,0.00999993085861206
angle,1780512908490889185,-2.0299999713897705,0,0.009999936446547508
angle,1780512908500888821,-2.0299999713897705,0,0.009999911300837994
angle,1780512908510889102,-2.0299999713897705,0,0.009999985806643963
angle,1780512908520889211,-2.0299999713897705,0,0.009999963454902172
angle,1780512908530889629,-2.0299999713897705,0,0.009999950416386127
angle,1780512908540890246,-2.0299999713897705,0,0.009999950416386127
angle,1780512908550890521,-2.0299999713897705,0,0.010000004433095455
angle,1780512908560890468,-2.0299999713897705,0,0.009999958798289299
angle,1780512908570890666,-2.0299999713897705,0,0.009999987669289112
angle,1780512908580891256,-2.0299999713897705,0,0.009999965317547321
angle,1780512908590891210,-2.0299999713897705,0,0.009999927133321762
angle,1780512908600891348,-2.0299999713897705,0,0.009999960660934448
angle,1780512908610891672,-2.0299999713897705,0,0.009999999776482582
angle,1780512908620892121,-2.0299999713897705,0,0.009999943897128105
angle,1780512908630892444,-2.0299999713897705,0,0.009999929927289486
angle,1780512908640893122,-2.0299999713897705,0,0.00999997928738594
angle,1780512908650892808,-2.0299999713897705,0,0.00999993272125721
angle,1780512908660893115,-2.0299999713897705,0,0.009999974630773067
angle,1780512908670893521,-2.0299999713897705,0,0.009999973699450493
angle,1780512908680893822,-2.0299999713897705,0,0.009999988600611687
angle,1780512908690893881,-2.0299999713897705,0,0.009999925270676613
angle,1780512908700894182,-2.0299999713897705,0,0.009999978356063366
angle,1780512908710894590,-2.0299999713897705,0,0.009999978356063366
angle,1780512908720894845,-2.0299999713897705,0,0.009999965317547321
angle,1780512908730894913,-2.0299999713897705,0,0.009999973699450493
angle,1780512908740895616,-2.0299999713897705,0,0.009999952279031277
angle,1780512908750895415,-2.0299999713897705,0,0.009999997913837433
angle,1780512908760895827,-2.0299999713897705,0,0.00999995693564415
angle,1780512908770895863,-2.0299999713897705,0,0.010000000707805157
angle,1780512908780896235,-2.0299999713897705,0,0.009999992325901985
angle,1780512908790896319,-2.0299999713897705,0,0.009999970905482769
angle,1780512908800896425,-2.0299999713897705,0,0.009999927133321762
angle,1780512908810896554,-2.0299999713897705,0,0.009999973699450493
angle,1780512908820896827,-2.0299999713897705,0,0.009999955072999
angle,1780512908830897223,-2.0299999713897705,0,0.010000002570450306
angle,1780512908840897561,-2.0299999713897705,0,0.00999996904283762
angle,1780512908850898104,-2.0299999713897705,0,0.010000010021030903
angle,1780512908860897908,-2.0299999713897705,0,0.00999994296580553
angle,1780512908870898594,-2.0299999713897705,0,0.009999992325901985
angle,1780512908880898433,-2.0299999713897705,0,0.009999946691095829
angle,1780512908890898698,-2.0299999713897705,0,0.009999961592257023
angle,1780512908900899770,-2.0299999713897705,0,0.009999956004321575
angle,1780512908910899359,-2.0299999713897705,0,0.009999877773225307
angle,1780512908920899532,-2.0299999713897705,0,0.009999994188547134
angle,1780512908930899598,-2.0299999713897705,0,0.009999980218708515
angle,1780512908940900120,-2.0299999713897705,0,0.009999959729611874
angle,1780512908950900109,-2.0299999713897705,0,0.009999945759773254
angle,1780512908960900731,-2.0299999713897705,0,0.009999956004321575
angle,1780512908970901168,-2.0299999713897705,0,0.009999964386224747
angle,1780512908980900969,-2.0299999713897705,0,0.009999848902225494
angle,1780512908990901095,-2.0299999713897705,0,0.009999968111515045
angle,1780512909000901774,-2.0299999713897705,0,0.009999939240515232
angle,1780512909010901799,-2.0299999713897705,0,0.009999936446547508
angle,1780512909020901737,-2.0299999713897705,0,0.009999969974160194
angle,1780512909030901848,-2.0299999713897705,0,0.009999954141676426
angle,1780512909040902454,-2.0299999713897705,0,0.009999952279031277
angle,1780512909050902452,-2.0299999713897705,0,0.009999855421483517
angle,1780512909060902466,-2.0299999713897705,0,0.00999994482845068
angle,1780512909070903201,-2.0299999713897705,0,0.009999950416386127
angle,1780512909080902937,-2.0299999713897705,0,0.009999897330999374
angle,1780512909090903524,-2.0299999713897705,0,0.009999974630773067
angle,1780512909100903653,-2.0299999713897705,0,0.009999965317547321
angle,1780512909110903705,-2.0299999713897705,0,0.009999974630773067
angle,1780512909120903903,-2.0299999713897705,0,0.00999994482845068
angle,1780512909130904340,-2.0299999713897705,0,0.009999974630773067
angle,1780512909140904846,-2.0299999713897705,0,0.009999937377870083
angle,1780512909150904932,-2.0299999713897705,0,0.009999946691095829
angle,1780512909160905112,-2.0299999713897705,0,0.009999952279031277
angle,1780512909170905530,-2.0299999713897705,0,0.009999946691095829
angle,1780512909180905908,-2.0299999713897705,0,0.009999955072999
angle,1780512909190905826,-2.0299999713897705,0,0.009999959729611874
angle,1780512909200905826,-2.0299999713897705,0,0.00999999325722456
angle,1780512909210906119,-2.0299999713897705,0,0.010000008158385754
angle,1780512909220906758,-2.0299999713897705,0,0.009999933652579784
angle,1780512909230907185,-2.0299999713897705,0,0.010000002570450306
angle,1780512909240908125,-2.0299999713897705,0,0.009999909438192844
angle,1780512909250907048,-2.0299999713897705,0,0.009999842382967472
angle,1780512909260907391,-2.0299999713897705,0,0.009999965317547321
angle,1780512909270907508,-2.0299999713897705,0,0.009999995119869709
angle,1780512909280908092,-2.0299999713897705,0,0.009999943897128105
angle,1780512909290907823,-2.0299999713897705,0,0.009999996982514858
angle,1780512909300908701,-2.0299999713897705,0,0.010000002570450306
angle,1780512909310908448,-2.0299999713897705,0,0.009999973699450493
angle,1780512909320908797,-2.0299999713897705,0,0.009999977424740791
angle,1780512909330909038,-2.0299999713897705,0,0.009999933652579784
angle,1780512909340909603,-2.0299999713897705,0,0.009999964386224747
angle,1780512909350909864,-2.0299999713897705,0,0.009999929927289486
angle,1780512909360909740,-2.0299999713897705,0,0.009999939240515232
angle,1780512909370910262,-2.0299999713897705,0,0.009999994188547134
angle,1780512909380910155,-2.0299999713897705,0,0.009999977424740791
angle,1780512909390910428,-2.0299999713897705,0,0.009999966248869896
angle,1780512909400910844,-2.0299999713897705,0,0.009999963454902172
angle,1780512909410910794,-2.0299999713897705,0,0.009999880567193031
angle,1780512909420910941,-2.0299999713897705,0,0.009999963454902172
angle,1780512909430911125,-2.0299999713897705,0,0.00999994296580553
angle,1780512909440911517,-2.0299999713897705,0,0.00999998115003109
angle,1780512909450911633,-2.0299999713897705,0,0.009999955072999
angle,1780512909460912343,-2.0299999713897705,0,0.009999958798289299
angle,1780512909470912106,-2.0299999713897705,0,0.009999964386224747
angle,1780512909480912349,-2.0299999713897705,0,0.009999945759773254
angle,1780512909490912993,-2.0299999713897705,0,0.009999948553740978
angle,1780512909500914783,-2.0299999713897705,0,0.009999996982514858
angle,1780512909510914663,-2.0299999713897705,0,0.009999928995966911
angle,1780512909520913307,-2.0299999713897705,0,0.0099998963996768
angle,1780512909530913848,-2.0299999713897705,0,0.009999937377870083
angle,1780512909540913982,-2.0299999713897705,0,0.009999958798289299
angle,1780512909550913979,-2.0299999713897705,0,0.009999943897128105
angle,1780512909560914260,-2.0299999713897705,0,0.009999951347708702
angle,1780512909570914391,-2.0299999713897705,0,0.00999994296580553
angle,1780512909580914708,-2.0299999713897705,0,0.009999995119869709
angle,1780512909590914883,-2.0299999713897705,0,0.009999945759773254
angle,1780512909600915735,-2.0299999713897705,0,0.00999998115003109
angle,1780512909610915483,-2.0299999713897705,0,0.009999919682741165
angle,1780512909620916143,-2.0299999713897705,0,0.009999974630773067
angle,1780512909630915980,-2.0299999713897705,0,0.009999987669289112
angle,1780512909640916119,-2.0299999713897705,0,0.009999974630773067
angle,1780512909650916562,-2.0299999713897705,0,0.009999941103160381
angle,1780512909660916902,-2.0299999713897705,0,0.00999994482845068
angle,1780512909670917056,-2.0299999713897705,0,0.009999951347708702
angle,1780512909680917358,-2.0299999713897705,0,0.009999960660934448
angle,1780512909690917335,-2.0299999713897705,0,0.009999942034482956
angle,1780512909700917808,-2.0299999713897705,0,0.00999996718019247
angle,1780512909710918183,-2.0299999713897705,0,0.009999961592257023
angle,1780512909720918259,-2.0299999713897705,0,0.009999950416386127
angle,1780512909730918370,-2.0299999713897705,0,0.00999997928738594
angle,1780512909740918626,-2.0299999713897705,0,0.009999947622418404
angle,1780512909750919667,-2.0299999713897705,0,0.009999961592257023
angle,1780512909760919253,-2.0299999713897705,0,0.00999988242983818
angle,1780512909770919411,-2.0299999713897705,0,0.009999960660934448
angle,1780512909780920860,-2.0299999713897705,0,0.010000004433095455
angle,1780512909790920920,-2.0299999713897705,0,0.009999899193644524
angle,1780512909800920655,-2.0299999713897705,0,0.009999878704547882
angle,1780512909810920641,-2.0299999713897705,0,0.009999924339354038
angle,1780512909820920932,-2.0299999713897705,0,0.009999961592257023
angle,1780512909830923276,-2.0299999713897705,0,0.009999990463256836
angle,1780512909840921301,-2.0299999713897705,0,0.009999848902225494
angle,1780512909850922125,-2.0299999713897705,0,0.009999978356063366
angle,1780512909860921766,-2.0299999713897705,0,0.0099998340010643
angle,1780512909870922102,-2.0299999713897705,0,0.009999960660934448
angle,1780512909880922320,-2.0299999713897705,0,0.009999937377870083
angle,1780512909890922433,-2.0299999713897705,0,0.009999983943998814
angle,1780512909900923626,-2.0299999713897705,0,0.009999955072999
angle,1780512909910922695,-2.0299999713897705,0,0.009999888949096203
angle,1780512909920923031,-2.0299999713897705,0,0.009999999776482582
angle,1780512909930923746,-2.0299999713897705,0,0.009999998845160007
angle,1780512909940923630,-2.0299999713897705,0,0.01000000536441803
angle,1780512909950923858,-2.0299999713897705,0,0.00999998115003109
angle,1780512909960924116,-2.0299999713897705,0,0.009999972768127918
angle,1780512909970925319,-2.0299999713897705,0,0.009999960660934448
angle,1780512909980924547,-2.0299999713897705,0,0.009999905712902546
angle,1780512909990924747,-2.0299999713897705,0,0.00999996904283762
angle,1780512910000925479,-2.0299999713897705,0,0.009999987669289112
angle,1780512910010926229,-2.0299999713897705,0,0.009999869391322136
angle,1780512910020925913,-2.0299999713897705,0,0.009999936446547508
angle,1780512910030925777,-2.0299999713897705,0,0.009999961592257023
angle,1780512910040926033,-2.0299999713897705,0,0.00999998115003109
angle,1780512910050926441,-2.0299999713897705,0,0.010000007227063179
angle,1780512910060926557,-2.0299999713897705,0,0.00999989453703165
angle,1780512910070926612,-2.0299999713897705,0,0.009999974630773067
angle,1780512910080926932,-2.0299999713897705,0,0.009999978356063366
angle,1780512910090927785,-2.0299999713897705,0,0.010000001639127731
angle,1780512910100927644,-2.0299999713897705,0,0.009999886155128479
angle,1780512910110927968,-2.0299999713897705,0,0.009999873116612434
angle,1780512910120927797,-2.0299999713897705,0,0.009999942034482956
angle,1780512910130927913,-2.0299999713897705,0,0.009999963454902172
angle,1780512910140929405,-2.0299999713897705,0,0.009999939240515232
angle,1780512910150928654,-2.0299999713897705,0,0.009999871253967285
angle,1780512910160928709,-2.0299999713897705,0,0.00999998115003109
angle,1780512910170928967,-2.0299999713897705,0,0.010000000707805157
angle,1780512910180929733,-2.0299999713897705,0,0.009999951347708702
angle,1780512910190929606,-2.0299999713897705,0,0.009999988600611687
angle,1780512910200929941,-2.0299999713897705,0,0.009999952279031277
angle,1780512910210930048,-2.0299999713897705,0,0.010000000707805157
angle,1780512910220931531,-2.0299999713897705,0,0.010000031441450119
angle,1780512910230933060,-2.0299999713897705,0,0.00999994296580553
angle,1780512910240932706,-2.0299999713897705,0,0.009999938309192657
angle,1780512910250931945,-2.0299999713897705,0,0.00999990664422512
angle,1780512910260932102,-2.0299999713897705,0,0.00999999139457941
angle,1780512910270931868,-2.0299999713897705,0,0.010000000707805157
angle,1780512910280932483,-2.0299999713897705,0,0.009999940171837807
angle,1780512910290932430,-2.0299999713897705,0,0.009999985806643963
angle,1780512910300933068,-2.0299999713897705,0,0.009999974630773067
angle,1780512910310932900,-2.0299999713897705,0,0.009999907575547695
angle,1780512910320933800,-2.0299999713897705,0,0.009999995119869709
angle,1780512910330933427,-2.0299999713897705,0,0.009999938309192657
angle,1780512910340933702,-2.0299999713897705,0,0.00999994482845068
angle,1780512910350934044,-2.0299999713897705,0,0.009999940171837807
angle,1780512910360934334,-2.0299999713897705,0,0.010000006295740604
angle,1780512910370934384,-2.0299999713897705,0,0.00999997928738594
angle,1780512910380934585,-2.0299999713897705,0,0.009999972768127918
angle,1780512910390935043,-2.0299999713897705,0,0.009999964386224747
angle,1780512910400935137,-2.0299999713897705,0,0.00999993085861206
angle,1780512910410935449,-2.0299999713897705,0,0.00999996904283762
angle,1780512910420935473,-2.0299999713897705,0,0.009999951347708702
angle,1780512910430935890,-2.0299999713897705,0,0.009999982081353664
angle,1780512910440935948,-2.0299999713897705,0,0.009999978356063366
angle,1780512910450936320,-2.0299999713897705,0,0.009999970905482769
angle,1780512910460936395,-2.0299999713897705,0,0.009999988600611687
angle,1780512910470936638,-2.0299999713897705,0,0.009999951347708702
angle,1780512910480936942,-2.0299999713897705,0,0.010000000707805157
angle,1780512910490937194,-2.0299999713897705,0,0.009999958798289299
angle,1780512910500937450,-2.0299999713897705,0,0.009999990463256836
angle,1780512910510937767,-2.0299999713897705,0,0.010000000707805157
angle,1780512910520937744,-2.0299999713897705,0,0.00999996718019247
angle,1780512910530937946,-2.0299999713897705,0,0.009999938309192657
angle,1780512910540938520,-2.0299999713897705,0,0.00999999325722456
angle,1780512910550938702,-2.0299999713897705,0,0.010000001639127731
angle,1780512910560938870,-2.0299999713897705,0,0.009999980218708515
angle,1780512910570939110,-2.0299999713897705,0,0.010000006295740604
angle,1780512910580939188,-2.0299999713897705,0,0.009999945759773254
angle,1780512910590939440,-2.0299999713897705,0,0.009999994188547134
angle,1780512910600940046,-2.0299999713897705,0,0.009999939240515232
angle,1780512910610940410,-2.0299999713897705,0,0.009999977424740791
angle,1780512910620940639,-2.0299999713897705,0,0.009999933652579784
angle,1780512910630940928,-2.0299999713897705,0,0.009999957866966724
angle,1780512910640941052,-2.0299999713897705,0,0.009999975562095642
angle,1780512910650941482,-2.0299999713897705,0,0.009999988600611687
angle,1780512910660941728,-2.0299999713897705,0,0.009999964386224747
angle,1780512910670941747,-2.0299999713897705,0,0.009999972768127918
angle,1780512910680941921,-2.0299999713897705,0,0.00999999139457941
angle,1780512910690942270,-2.0299999713897705,0,0.009999975562095642
angle,1780512910700942500,-2.0299999713897705,0,0.00999993085861206
angle,1780512910710942783,-2.0299999713897705,0,0.009999984875321388
angle,1780512910720942926,-2.0299999713897705,0,0.00999994482845068
angle,1780512910730943049,-2.0299999713897705,0,0.009999960660934448
angle,1780512910740943953,-2.0299999713897705,0,0.009999950416386127
angle,1780512910750944110,-2.0299999713897705,0,0.009999901987612247
angle,1780512910760943816,-2.0299999713897705,0,0.00999994482845068
angle,1780512910770943960,-2.0299999713897705,0,0.00999998115003109
angle,1780512910780944412,-2.0299999713897705,0,0.010000008158385754
angle,1780512910790944928,-2.0299999713897705,0,0.00999997928738594
angle,1780512910800948499,-2.0299999713897705,0,0.009999997913837433
angle,1780512910810945055,-2.0299999713897705,0,0.009999986737966537
angle,1780512910820945105,-2.0299999713897705,0,0.009999924339354038
angle,1780512910830947088,-2.0299999713897705,0,0.009999998845160007
angle,1780512910840945510,-2.0299999713897705,0,0.009999900124967098
angle,1780512910850946186,-2.0299999713897705,0,0.009999945759773254
angle,1780512910860946346,-2.0299999713897705,0,0.009999921545386314
angle,1780512910870946140,-2.0299999713897705,0,0.010000002570450306
angle,1780512910880946691,-2.0299999713897705,0,0.009999899193644524
angle,1780512910890946671,-2.0299999713897705,0,0.009999939240515232
angle,1780512910900947543,-2.0299999713897705,0,0.009999970905482769
angle,1780512910910947307,-2.0299999713897705,0,0.00999993272125721
angle,1780512910920947509,-2.0299999713897705,0,0.009999996982514858
angle,1780512910930947808,-2.0299999713897705,0,0.009999998845160007
angle,1780512910940948310,-2.0299999713897705,0,0.009999983943998814
angle,1780512910950948623,-2.0299999713897705,0,0.010000001639127731
angle,1780512910960948632,-2.0299999713897705,0,0.009999998845160007
angle,1780512910970949487,-2.0299999713897705,0,0.009999954141676426
angle,1780512910980949355,-2.0299999713897705,0,0.009999929927289486
angle,1780512910990949314,-2.0299999713897705,0,0.009999966248869896
angle,1780512911000949588,-2.0299999713897705,0,0.009999987669289112
angle,1780512911010950426,-2.0299999713897705,0,0.009999966248869896
angle,1780512911022778354,-2.0299999713897705,0,0.011827686801552773
angle,1780512911032778446,-2.0299999713897705,0,0.009999927133321762
angle,1780512911042779046,-2.0299999713897705,0,0.009999960660934448
angle,1780512911052779338,-2.0299999713897705,0,0.009999982081353664
angle,1780512911062779632,-2.0299999713897705,0,0.009999961592257023
angle,1780512911072779711,-2.0299999713897705,0,0.009999980218708515
angle,1780512911082779793,-2.0299999713897705,0,0.009999966248869896
angle,1780512911092780281,-2.0299999713897705,0,0.009999964386224747
angle,1780512911102780565,-2.0299999713897705,0,0.009999942034482956
angle,1780512911112781005,-2.0299999713897705,0,0.009999984875321388
angle,1780512911122780754,-2.0299999713897705,0,0.009999925270676613
angle,1780512911132781023,-2.0299999713897705,0,0.010000007227063179
angle,1780512911142781190,-2.0299999713897705,0,0.009999956004321575
angle,1780512911152782516,-2.0299999713897705,0,0.009999997913837433
angle,1780512911162781818,-2.0299999713897705,0,0.00999990664422512
angle,1780512911172781906,-2.0299999713897705,0,0.009999980218708515
angle,1780512911182782039,-2.0299999713897705,0,0.009999948553740978
angle,1780512911192782875,-2.0299999713897705,0,0.009999965317547321
angle,1780512911202782672,-2.0299999713897705,0,0.009999994188547134
angle,1780512911212783129,-2.0299999713897705,0,0.009999983012676239
angle,1780512911222783436,-2.0299999713897705,0,0.00999994482845068
angle,1780512911232783688,-2.0299999713897705,0,0.010000007227063179
angle,1780512911242783686,-2.0299999713897705,0,0.009999995119869709
angle,1780512911252784324,-2.0299999713897705,0,0.010000002570450306
angle,1780512911262784162,-2.0299999713897705,0,0.009999995119869709
angle,1780512911272784607,-2.0299999713897705,0,0.009999978356063366
angle,1780512911282785078,-2.0299999713897705,0,0.00999996904283762
angle,1780512911292784909,-2.0299999713897705,0,0.009999946691095829
angle,1780512911302785092,-2.0299999713897705,0,0.009999937377870083
angle,1780512911312785478,-2.0299999713897705,0,0.009999983012676239
angle,1780512911322785642,-2.0299999713897705,0,0.009999956004321575
angle,1780512911332785681,-2.0299999713897705,0,0.010000006295740604
angle,1780512911342786118,-2.0299999713897705,0,0.010000001639127731
angle,1780512911352786271,-2.0299999713897705,0,0.009999971836805344
angle,1780512911362786815,-2.0299999713897705,0,0.010000016540288925
angle,1780512911372787362,-2.0299999713897705,0,0.009999909438192844
angle,1780512911382787173,-2.0299999713897705,0,0.00999998115003109
angle,1780512911392787483,-2.0299999713897705,0,0.009999986737966537
angle,1780512911402787880,-2.0299999713897705,0,0.009999938309192657
angle,1780512911412788181,-2.0299999713897705,0,0.009999950416386127
angle,1780512911422788453,-2.0299999713897705,0,0.009999904781579971
angle,1780512911432789774,-2.0299999713897705,0,0.009999988600611687
angle,1780512911442788946,-2.0299999713897705,0,0.009999914094805717
angle,1780512911452788981,-2.0299999713897705,0,0.009999960660934448
angle,1780512911462789251,-2.0299999713897705,0,0.009999939240515232
angle,1780512911472789988,-2.0299999713897705,0,0.009999977424740791
angle,1780512911482789879,-2.0299999713897705,0,0.009999956004321575
angle,1780512911492790082,-2.0299999713897705,0,0.009999897330999374
angle,1780512911502790278,-2.0299999713897705,0,0.009999988600611687
angle,1780512911512790637,-2.0299999713897705,0,0.009999974630773067
angle,1780512911522790551,-2.0299999713897705,0,0.009999936446547508
angle,1780512911532790764,-2.0299999713897705,0,0.009999956004321575
angle,1780512911542791742,-2.0299999713897705,0,0.009999966248869896
angle,1780512911552791727,-2.0299999713897705,0,0.009999947622418404
angle,1780512911562791782,-2.0299999713897705,0,0.009999947622418404
angle,1780512911572793751,-2.0299999713897705,0,0.009999919682741165
angle,1780512911582793593,-2.0299999713897705,0,0.009999890811741352
angle,1780512911592792316,-2.0299999713897705,0,0.009999956004321575
angle,1780512911602792767,-2.0299999713897705,0,0.009999950416386127
angle,1780512911612792916,-2.0299999713897705,0,0.009999866597354412
angle,1780512911622792861,-2.0299999713897705,0,0.009999994188547134
angle,1780512911632793865,-2.0299999713897705,0,0.009999974630773067
angle,1780512911642793176,-2.0299999713897705,0,0.00999983586370945
angle,1780512911652793676,-2.0299999713897705,0,0.009999984875321388
angle,1780512911662793710,-2.0299999713897705,0,0.009999963454902172
angle,1780512911672794070,-2.0299999713897705,0,0.010000000707805157
angle,1780512911682794237,-2.0299999713897705,0,0.00999999325722456
angle,1780512911692794397,-2.0299999713897705,0,0.009999901987612247
angle,1780512911702795000,-2.0299999713897705,0,0.009999988600611687
angle,1780512911712795157,-2.0299999713897705,0,0.009999969974160194
angle,1780512911722795320,-2.0299999713897705,0,0.010000008158385754
angle,1780512911732795434,-2.0299999713897705,0,0.009999968111515045
angle,1780512911742795959,-2.0299999713897705,0,0.009999984875321388
angle,1780512911752796127,-2.0299999713897705,0,0.009999954141676426
angle,1780512911762796421,-2.0299999713897705,0,0.009999946691095829
angle,1780512911772796350,-2.0299999713897705,0,0.009999978356063366
angle,1780512911782796578,-2.0299999713897705,0,0.009999954141676426
angle,1780512911792797422,-2.0299999713897705,0,0.009999996051192284
angle,1780512911802796923,-2.0299999713897705,0,0.010000000707805157
angle,1780512911812797340,-2.0299999713897705,0,0.009999977424740791
angle,1780512911822797612,-2.0299999713897705,0,0.010000004433095455
angle,1780512911832799395,-2.0299999713897705,0,0.009999966248869896
angle,1780512911842798388,-2.0299999713897705,0,0.009999911300837994
angle,1780512911852798943,-2.0299999713897705,0,0.009999961592257023
angle,1780512911862798846,-2.0299999713897705,0,0.009999963454902172
angle,1780512911872799187,-2.0299999713897705,0,0.009999971836805344
angle,1780512911882800348,-2.0299999713897705,0,0.009999987669289112
angle,1780512911892799551,-2.0299999713897705,0,0.009999953210353851
angle,1780512911902799973,-2.0299999713897705,0,0.009999931789934635
angle,1780512911912800318,-2.0299999713897705,0,0.009999988600611687
angle,1780512911922800520,-2.0299999713897705,0,0.009999978356063366
angle,1780512911932800658,-2.0299999713897705,0,0.009999998845160007
angle,1780512911942801059,-2.0299999713897705,0,0.009999952279031277
angle,1780512911952801446,-2.0299999713897705,0,0.010000000707805157
angle,1780512911962802029,-2.0299999713897705,0,0.009999983943998814
angle,1780512911972803294,-2.0299999713897705,0,0.009999956004321575
angle,1780512911982801912,-2.0299999713897705,0,0.009999957866966724
angle,1780512911992802409,-2.0299999713897705,0,0.009999948553740978
angle,1780512912002802661,-2.0299999713897705,0,0.00999999325722456
angle,1780512912012803160,-2.0299999713897705,0,0.009999952279031277
angle,1780512912022803068,-2.0299999713897705,0,0.009999975562095642
angle,1780512912032803452,-2.0299999713897705,0,0.009999948553740978
angle,1780512912042803548,-2.0299999713897705,0,0.009999954141676426
angle,1780512912052803664,-2.0299999713897705,0,0.009999984875321388
angle,1780512912062804528,-2.0299999713897705,0,0.009999957866966724
angle,1780512912072804398,-2.0299999713897705,0,0.009999996982514858
angle,1780512912082804489,-2.0299999713897705,0,0.009999956004321575
angle,1780512912092805140,-2.0299999713897705,0,0.010000043548643589
angle,1780512912102805014,-2.0299999713897705,0,0.009999899193644524
angle,1780512912112805538,-2.0299999713897705,0,0.009999980218708515
angle,1780512912122805409,-2.0299999713897705,0,0.009999956004321575
angle,1780512912132805938,-2.0299999713897705,0,0.009999952279031277
angle,1780512912142805940,-2.0299999713897705,0,0.009999971836805344
angle,1780512912152806516,-2.0299999713897705,0,0.009999947622418404
angle,1780512912162806680,-2.0299999713897705,0,0.009999954141676426
angle,1780512912172806655,-2.0299999713897705,0,0.009999953210353851
angle,1780512912182807038,-2.0299999713897705,0,0.009999970905482769
angle,1780512912192807321,-2.0299999713897705,0,0.00999995693564415
angle,1780512912202807570,-2.0299999713897705,0,0.009999961592257023
angle,1780512912212808258,-2.0299999713897705,0,0.009999950416386127
angle,1780512912222808414,-2.0299999713897705,0,0.009999996982514858
angle,1780512912232808732,-2.0299999713897705,0,0.009999899193644524
angle,1780512912242808967,-2.0299999713897705,0,0.009999903850257397
angle,1780512912252808939,-2.0299999713897705,0,0.009999992325901985
angle,1780512912262809401,-2.0299999713897705,0,0.009999950416386127
angle,1780512912272809106,-2.0299999713897705,0,0.009999956004321575
angle,1780512912282810413,-2.0299999713897705,0,0.00999997928738594
angle,1780512912292810216,-2.0299999713897705,0,0.009999940171837807
angle,1780512912302810330,-2.0299999713897705,0,0.009999964386224747
angle,1780512912312812872,-2.0299999713897705,0,0.009999936446547508
angle,1780512912322812633,-2.0299999713897705,0,0.009999842382967472
angle,1780512912332813149,-2.0299999713897705,0,0.009999869391322136
angle,1780512912342811235,-2.0299999713897705,0,0.009999943897128105
angle,1780512912352811469,-2.0299999713897705,0,0.009999934583902359
angle,1780512912362812176,-2.0299999713897705,0,0.01000000536441803
angle,1780512912372811946,-2.0299999713897705,0,0.00999988242983818
angle,1780512912382812273,-2.0299999713897705,0,0.009999968111515045
angle,1780512912392812452,-2.0299999713897705,0,0.009999995119869709
angle,1780512912402812649,-2.0299999713897705,0,0.009999996051192284
angle,1780512912412813044,-2.0299999713897705,0,0.009999951347708702
angle,1780512912422813383,-2.0299999713897705,0,0.010000007227063179
angle,1780512912432813282,-2.0299999713897705,0,0.009999987669289112
angle,1780512912442813536,-2.0299999713897705,0,0.009999998845160007
angle,1780512912452813827,-2.0299999713897705,0,0.009999934583902359
angle,1780512912462814427,-2.0299999713897705,0,0.009999973699450493
angle,1780512912472814383,-2.0299999713897705,0,0.009999868459999561
angle,1780512912482814531,-2.0299999713897705,0,0.00999994296580553
angle,1780512912492814933,-2.0299999713897705,0,0.010000002570450306
angle,1780512912502814911,-2.0299999713897705,0,0.009999978356063366
angle,1780512912512815834,-2.0299999713897705,0,0.009999953210353851
angle,1780512912522815446,-2.0299999713897705,0,0.009999936446547508
angle,1780512912532815756,-2.0299999713897705,0,0.009999898262321949
angle,1780512912542816092,-2.0299999713897705,0,0.009999983012676239
angle,1780512912552816657,-2.0299999713897705,0,0.010000006295740604
angle,1780512912562817520,-2.0299999713897705,0,0.009999986737966537
angle,1780512912572817526,-2.0299999713897705,0,0.009999957866966724
angle,1780512912582817250,-2.0299999713897705,0,0.009999917820096016
angle,1780512912592817749,-2.0299999713897705,0,0.009999972768127918
angle,1780512912602817965,-2.0299999713897705,0,0.009999970905482769
angle,1780512912612818230,-2.0299999713897705,0,0.009999947622418404
angle,1780512912622818162,-2.0299999713897705,0,0.009999885223805904
angle,1780512912632818523,-2.0299999713897705,0,0.00999995693564415
angle,1780512912642818904,-2.0299999713897705,0,0.009999953210353851
angle,1780512912652819044,-2.0299999713897705,0,0.009999958798289299
angle,1780512912662819679,-2.0299999713897705,0,0.009999999776482582
angle,1780512912672819544,-2.0299999713897705,0,0.009999909438192844
angle,1780512912682819772,-2.0299999713897705,0,0.009999948553740978
angle,1780512912692820257,-2.0299999713897705,0,0.009999955072999
angle,1780512912702820386,-2.0299999713897705,0,0.009999972768127918
angle,1780512912712820618,-2.0299999713897705,0,0.009999975562095642
angle,1780512912722820766,-2.0299999713897705,0,0.009999986737966537
angle,1780512912732821183,-2.0299999713897705,0,0.009999986737966537
angle,1780512912742821471,-2.0299999713897705,0,0.009999947622418404
angle,1780512912752821935,-2.0299999713897705,0,0.009999983943998814
angle,1780512912762822082,-2.0299999713897705,0,0.00999999325722456
angle,1780512912772822261,-2.0299999713897705,0,0.009999986737966537
angle,1780512912782822638,-2.0299999713897705,0,0.009999978356063366
angle,1780512912792822702,-2.0299999713897705,0,0.009999999776482582
angle,1780512912802823012,-2.0299999713897705,0,0.010000004433095455
angle,1780512912812823190,-2.0299999713897705,0,0.009999937377870083
angle,1780512912822824073,-2.0299999713897705,0,0.009999982081353664
angle,1780512912832825249,-2.0299999713897705,0,0.009999964386224747
angle,1780512912842824651,-2.0299999713897705,0,0.009999973699450493
angle,1780512912852824945,-2.0299999713897705,0,0.00999988242983818
angle,1780512912862824806,-2.0299999713897705,0,0.009999948553740978
angle,1780512912872824880,-2.0299999713897705,0,0.009999925270676613
angle,1780512912882825120,-2.0299999713897705,0,0.009999998845160007
angle,1780512912892825270,-2.0299999713897705,0,0.010000004433095455
angle,1780512912902825514,-2.0299999713897705,0,0.009999945759773254
angle,1780512912912825633,-2.0299999713897705,0,0.009999965317547321
angle,1780512912922825917,-2.0299999713897705,0,0.00999996718019247
angle,1780512912932826158,-2.0299999713897705,0,0.009999951347708702
angle,1780512912942826227,-2.0299999713897705,0,0.009999936446547508
angle,1780512912952826500,-2.0299999713897705,0,0.009999958798289299
angle,1780512912962827259,-2.0299999713897705,0,0.009999960660934448
angle,1780512912972827284,-2.0299999713897705,0,0.009999941103160381
angle,1780512912982827453,-2.0299999713897705,0,0.009999942034482956
angle,1780512912992827742,-2.0299999713897705,0,0.009999961592257023
angle,1780512913002827917,-2.0299999713897705,0,0.009999950416386127
angle,1780512913012828033,-2.0299999713897705,0,0.009999956004321575
angle,1780512913022828185,-2.0299999713897705,0,0.009999983943998814
angle,1780512913032828490,-2.0299999713897705,0,0.009999990463256836
angle,1780512913042828736,-2.0299999713897705,0,0.00999996904283762
angle,1780512913052829251,-2.0299999713897705,0,0.009999968111515045
angle,1780512913062829473,-2.0299999713897705,0,0.009999948553740978
angle,1780512913072829420,-2.0299999713897705,0,0.009999941103160381
angle,1780512913082829561,-2.0299999713897705,0,0.009999937377870083
angle,1780512913092830045,-2.0299999713897705,0,0.010000001639127731
angle,1780512913102830494,-2.0299999713897705,0,0.009999996051192284
angle,1780512913112830689,-2.0299999713897705,0,0.009999990463256836
angle,1780512913122830636,-2.0299999713897705,0,0.009999957866966724
angle,1780512913132830937,-2.0299999713897705,0,0.009999934583902359
angle,1780512913142831390,-2.0299999713897705,0,0.009999983943998814
angle,1780512913152831340,-2.0299999713897705,0,0.009999980218708515
angle,1780512913162831489,-2.0299999713897705,0,0.00999997928738594
angle,1780512913172832037,-2.0299999713897705,0,0.01000000536441803
angle,1780512913182832024,-2.0299999713897705,0,0.00999999325722456
angle,1780512913192832367,-2.0299999713897705,0,0.009999961592257023
angle,1780512913202832706,-2.0299999713897705,0,0.009999983012676239
angle,1780512913212833214,-2.0299999713897705,0,0.010000045411288738
angle,1780512913222833633,-2.0299999713897705,0,0.009999933652579784
angle,1780512913232833648,-2.0299999713897705,0,0.00999984797090292
angle,1780512913242833855,-2.0299999713897705,0,0.009999968111515045
angle,1780512913252833716,-2.0299999713897705,0,0.009999951347708702
angle,1780512913262834054,-2.0299999713897705,0,0.009999939240515232
angle,1780512913272834403,-2.0299999713897705,0,0.009999961592257023
angle,1780512913282834787,-2.0299999713897705,0,0.00999999139457941
angle,1780512913292835636,-2.0299999713897705,0,0.009999951347708702
angle,1780512913302835144,-2.0299999713897705,0,0.009999887086451054
angle,1780512913312835120,-2.0299999713897705,0,0.00999988429248333
angle,1780512913322835612,-2.0299999713897705,0,0.00999994296580553
angle,1780512913332835630,-2.0299999713897705,0,0.009999968111515045
angle,1780512913342835836,-2.0299999713897705,0,0.009999965317547321
angle,1780512913352836105,-2.0299999713897705,0,0.009999961592257023
angle,1780512913362836723,-2.0299999713897705,0,0.009999982081353664
angle,1780512913372836842,-2.0299999713897705,0,0.009999972768127918
angle,1780512913382837206,-2.0299999713897705,0,0.009999974630773067
angle,1780512913392837215,-2.0299999713897705,0,0.009999987669289112
angle,1780512913402837274,-2.0299999713897705,0,0.009999947622418404
angle,1780512913412837528,-2.0299999713897705,0,0.009999968111515045
angle,1780512913422837904,-2.0299999713897705,0,0.009999977424740791
angle,1780512913432838068,-2.0299999713897705,0,0.009999942034482956
angle,1780512913442838177,-2.0299999713897705,0,0.009999954141676426
angle,1780512913452838418,-2.0299999713897705,0,0.009999937377870083
angle,1780512913462838736,-2.0299999713897705,0,0.009999969974160194
angle,1780512913472839384,-2.0299999713897705,0,0.009999958798289299
angle,1780512913482839045,-2.0299999713897705,0,0.00999994482845068
angle,1780512913492840414,-2.0299999713897705,0,0.00999998115003109
angle,1780512913502839646,-2.0299999713897705,0,0.009999890811741352
angle,1780512913512840354,-2.0299999713897705,0,0.009999970905482769
angle,1780512913522840203,-2.0299999713897705,0,0.010000002570450306
angle,1780512913532846396,-2.0299999713897705,0,0.009999996982514858
angle,1780512913542840617,-2.0299999713897705,0,0.009999984875321388
angle,1780512913552841145,-2.0299999713897705,0,0.010000006295740604
angle,1780512913562841195,-2.0299999713897705,0,0.009999943897128105
angle,1780512913572841403,-2.0299999713897705,0,0.009999999776482582
angle,1780512913582841601,-2.0299999713897705,0,0.009999940171837807
angle,1780512913592841888,-2.0299999713897705,0,0.009999961592257023
angle,1780512913602842003,-2.0299999713897705,0,0.010000007227063179
angle,1780512913612842292,-2.0299999713897705,0,0.009999939240515232
angle,1780512913622842709,-2.0299999713897705,0,0.009999947622418404
angle,1780512913632842631,-2.0299999713897705,0,0.009999888017773628
angle,1780512913642843242,-2.0299999713897705,0,0.009999982081353664
angle,1780512913652843384,-2.0299999713897705,0,0.009999960660934448
angle,1780512913662843419,-2.0299999713897705,0,0.009999934583902359
angle,1780512913672843794,-2.0299999713897705,0,0.00999996904283762
angle,1780512913682844054,-2.0299999713897705,0,0.009999946691095829
angle,1780512913692844147,-2.0299999713897705,0,0.009999980218708515
angle,1780512913702844505,-2.0299999713897705,0,0.009999955072999
angle,1780512913712844623,-2.0299999713897705,0,0.009999950416386127
angle,1780512913722844926,-2.0299999713897705,0,0.00999997928738594
angle,1780512913732845477,-2.0299999713897705,0,0.009999960660934448
angle,1780512913742845443,-2.0299999713897705,0,0.009999910369515419
angle,1780512913752846151,-2.0299999713897705,0,0.009999972768127918
angle,1780512913762846057,-2.0299999713897705,0,0.009999919682741165
angle,1780512913772846532,-2.0299999713897705,0,0.009999975562095642
angle,1780512913782846337,-2.0299999713897705,0,0.00999997928738594
angle,1780512913792846395,-2.0299999713897705,0,0.00999994296580553
angle,1780512913802846674,-2.0299999713897705,0,0.009999951347708702
angle,1780512913812846922,-2.0299999713897705,0,0.009999994188547134
angle,1780512913822847210,-2.0299999713897705,0,0.009999964386224747
angle,1780512913832848892,-2.0299999713897705,0,0.01000002771615982
angle,1780512913842848202,-2.0299999713897705,0,0.00999987218528986
angle,1780512913852848417,-2.0299999713897705,0,0.009999951347708702
angle,1780512913862848343,-2.0299999713897705,0,0.009999996982514858
angle,1780512913872848692,-2.0299999713897705,0,0.009999946691095829
angle,1780512913882848641,-2.0299999713897705,0,0.009999958798289299
angle,1780512913894767468,-2.0299999713897705,0,0.011917447671294212
angle,1780512913904767845,-2.0299999713897705,0,0.009999937377870083
angle,1780512913914767588,-2.0299999713897705,0,0.009999978356063366
angle,1780512913924768044,-2.0299999713897705,0,0.009999963454902172
angle,1780512913934769246,-2.0299999713897705,0,0.009999955072999
angle,1780512913944768257,-2.0299999713897705,0,0.009999954141676426
angle,1780512913954768413,-2.0299999713897705,0,0.009999953210353851
angle,1780512913964768969,-2.0299999713897705,0,0.009999998845160007
angle,1780512913974770807,-2.0299999713897705,0,0.009999974630773067
angle,1780512913984769084,-2.0299999713897705,0,0.009999880567193031
angle,1780512913994769809,-2.0299999713897705,0,0.009999994188547134
angle,1780512914004769822,-2.0299999713897705,0,0.00999996904283762
angle,1780512914014769848,-2.0299999713897705,0,0.009999973699450493
angle,1780512914024770184,-2.0299999713897705,0,0.009999980218708515
angle,1780512914034770621,-2.0299999713897705,0,0.00999998115003109
angle,1780512914044770617,-2.0299999713897705,0,0.009999964386224747
angle,1780512914054770806,-2.0299999713897705,0,0.009999960660934448
angle,1780512914064771228,-2.0299999713897705,0,0.00999997928738594
angle,1780512914074771464,-2.0299999713897705,0,0.009999954141676426
angle,1780512914084771877,-2.0299999713897705,0,0.009999963454902172
angle,1780512914094771798,-2.0299999713897705,0,0.009999939240515232
angle,1780512914104772139,-2.0299999713897705,0,0.009999934583902359
angle,1780512914114772039,-2.0299999713897705,0,0.009999963454902172
angle,1780512914124772632,-2.0299999713897705,0,0.009999987669289112
angle,1780512914134772604,-2.0299999713897705,0,0.009999781847000122
angle,1780512914144772853,-2.0299999713897705,0,0.00999996718019247
angle,1780512914154773075,-2.0299999713897705,0,0.009999988600611687
angle,1780512914164773468,-2.0299999713897705,0,0.009999957866966724
angle,1780512914174773725,-2.0299999713897705,0,0.009999934583902359
angle,1780512914184774119,-2.0299999713897705,0,0.009999927133321762
angle,1780512914194774084,-2.0299999713897705,0,0.009999929927289486
angle,1780512914204774287,-2.0299999713897705,0,0.00999999325722456
angle,1780512914214775170,-2.0299999713897705,0,0.009999996982514858
angle,1780512914224775117,-2.0299999713897705,0,0.009999984875321388
angle,1780512914234775094,-2.0299999713897705,0,0.009999874979257584
angle,1780512914244775302,-2.0299999713897705,0,0.009999943897128105
angle,1780512914254775851,-2.0299999713897705,0,0.010000000707805157
angle,1780512914264775911,-2.0299999713897705,0,0.009999938309192657
angle,1780512914274776440,-2.0299999713897705,0,0.009999952279031277
angle,1780512914284776884,-2.0299999713897705,0,0.009999915026128292
angle,1780512914294776560,-2.0299999713897705,0,0.009999983012676239
angle,1780512914304777147,-2.0299999713897705,0,0.009999933652579784
angle,1780512914314777108,-2.0299999713897705,0,0.009999978356063366
angle,1780512914324777212,-2.0299999713897705,0,0.009999971836805344
angle,1780512914334777482,-2.0299999713897705,0,0.009999947622418404
angle,1780512914344778000,-2.0299999713897705,0,0.009999995119869709
angle,1780512914354778701,-2.0299999713897705,0,0.009999961592257023
angle,1780512914364778374,-2.0299999713897705,0,0.009999999776482582
angle,1780512914374778764,-2.0299999713897705,0,0.010000008158385754
angle,1780512914384778766,-2.0299999713897705,0,0.009999946691095829
angle,1780512914394779429,-2.0299999713897705,0,0.009999899193644524
angle,1780512914404779315,-2.0299999713897705,0,0.009999997913837433
angle,1780512914414779574,-2.0299999713897705,0,0.009999951347708702
angle,1780512914424779714,-2.0299999713897705,0,0.009999992325901985
angle,1780512914434779920,-2.0299999713897705,0,0.010000002570450306
angle,1780512914444780137,-2.0299999713897705,0,0.010000002570450306
angle,1780512914454780294,-2.0299999713897705,0,0.009999985806643963
angle,1780512914464780664,-2.0299999713897705,0,0.009999966248869896
angle,1780512914474781124,-2.0299999713897705,0,0.00999999325722456
angle,1780512914484781302,-2.0299999713897705,0,0.009999909438192844
angle,1780512914494781171,-2.0299999713897705,0,0.009999994188547134
angle,1780512914504781351,-2.0299999713897705,0,0.009999954141676426
angle,1780512914514781771,-2.0299999713897705,0,0.00999999325722456
angle,1780512914524782278,-2.0299999713897705,0,0.009999980218708515
angle,1780512914534782495,-2.0299999713897705,0,0.00999993272125721
angle,1780512914544783005,-2.0299999713897705,0,0.009999996982514858
angle,1780512914554783022,-2.0299999713897705,0,0.009999971836805344
angle,1780512914564783328,-2.0299999713897705,0,0.009999934583902359
angle,1780512914574783809,-2.0299999713897705,0,0.009999987669289112
angle,1780512914584783652,-2.0299999713897705,0,0.009999890811741352
angle,1780512914594786468,-2.0299999713897705,0,0.009999980218708515
angle,1780512914604784147,-2.0299999713897705,0,0.009999875910580158
angle,1780512914614784443,-2.0299999713897705,0,0.009999995119869709
angle,1780512914624784883,-2.0299999713897705,0,0.009999990463256836
angle,1780512914634784909,-2.0299999713897705,0,0.009999899193644524
angle,1780512914644785296,-2.0299999713897705,0,0.009999947622418404
angle,1780512914654785207,-2.0299999713897705,0,0.009999969974160194
angle,1780512914664785390,-2.0299999713897705,0,0.009999941103160381
angle,1780512914674785756,-2.0299999713897705,0,0.009999997913837433
angle,1780512914684785852,-2.0299999713897705,0,0.009999988600611687
angle,1780512914694786059,-2.0299999713897705,0,0.009999994188547134
angle,1780512914704786578,-2.0299999713897705,0,0.009999936446547508
angle,1780512914714786618,-2.0299999713897705,0,0.00999996904283762
angle,1780512914724787105,-2.0299999713897705,0,0.009999984875321388
angle,1780512914734787472,-2.0299999713897705,0,0.009999996982514858
angle,1780512914744787314,-2.0299999713897705,0,0.009999946691095829
angle,1780512914754789735,-2.0299999713897705,0,0.009999972768127918
angle,1780512914764787763,-2.0299999713897705,0,0.009999941103160381
angle,1780512914774788134,-2.0299999713897705,0,0.009999970905482769
angle,1780512914784788101,-2.0299999713897705,0,0.009999964386224747
angle,1780512914794788441,-2.0299999713897705,0,0.009999959729611874
angle,1780512914804789321,-2.0299999713897705,0,0.00999999325722456
angle,1780512914814789295,-2.0299999713897705,0,0.009999914094805717
angle,1780512914824789270,-2.0299999713897705,0,0.009999892674386501
angle,1780512914834790640,-2.0299999713897705,0,0.009999921545386314
angle,1780512914844789417,-2.0299999713897705,0,0.0099998963996768
angle,1780512914854789884,-2.0299999713897705,0,0.009999955072999
angle,1780512914864789994,-2.0299999713897705,0,0.009999983943998814
angle,1780512914874790836,-2.0299999713897705,0,0.009999985806643963
angle,1780512914884790305,-2.0299999713897705,0,0.009999907575547695
angle,1780512914894791132,-2.0299999713897705,0,0.009999978356063366
angle,1780512914904790764,-2.0299999713897705,0,0.009999948553740978
angle,1780512914914790996,-2.0299999713897705,0,0.009999960660934448
angle,1780512914924791347,-2.0299999713897705,0,0.009999961592257023
angle,1780512914934791623,-2.0299999713897705,0,0.009999943897128105
angle,1780512914944791681,-2.0299999713897705,0,0.009999913163483143
angle,1780512914954791863,-2.0299999713897705,0,0.009999970905482769
angle,1780512914964792140,-2.0299999713897705,0,0.009999999776482582
angle,1780512914974792676,-2.0299999713897705,0,0.009999937377870083
angle,1780512914984792881,-2.0299999713897705,0,0.009999710135161877
angle,1780512914994792731,-2.0299999713897705,0,0.009999958798289299
angle,1780512915004793327,-2.0299999713897705,0,0.010000004433095455
angle,1780512915014793150,-2.0299999713897705,0,0.009999953210353851
angle,1780512915024793545,-2.0299999713897705,0,0.009999955072999
angle,1780512915034793650,-2.0299999713897705,0,0.009999990463256836
angle,1780512915044794095,-2.0299999713897705,0,0.009999972768127918
angle,1780512915054794065,-2.0299999713897705,0,0.009999997913837433
angle,1780512915064794639,-2.0299999713897705,0,0.009999939240515232
angle,1780512915074794678,-2.0299999713897705,0,0.009999982081353664
angle,1780512915084795154,-2.0299999713897705,0,0.009999977424740791
angle,1780512915094795762,-2.0299999713897705,0,0.01000005379319191
angle,1780512915104795465,-2.0299999713897705,0,0.009999919682741165
angle,1780512915114795772,-2.0299999713897705,0,0.009999998845160007
angle,1780512915124796202,-2.0299999713897705,0,0.009999958798289299
angle,1780512915134796442,-2.0299999713897705,0,0.009999955072999
angle,1780512915144796584,-2.0299999713897705,0,0.009999937377870083
angle,1780512915154796986,-2.0299999713897705,0,0.009999969974160194
angle,1780512915164797124,-2.0299999713897705,0,0.010000000707805157
angle,1780512915174797247,-2.0299999713897705,0,0.00999994482845068
angle,1780512915184797739,-2.0299999713897705,0,0.009999950416386127
angle,1780512915194797804,-2.0299999713897705,0,0.009999963454902172
angle,1780512915204798050,-2.0299999713897705,0,0.009999975562095642
angle,1780512915214798393,-2.0299999713897705,0,0.009999980218708515
angle,1780512915224798505,-2.0299999713897705,0,0.009999966248869896
angle,1780512915234798760,-2.0299999713897705,0,0.009999964386224747
angle,1780512915244799418,-2.0299999713897705,0,0.009999965317547321
angle,1780512915254799293,-2.0299999713897705,0,0.010000006295740604
angle,1780512915264799438,-2.0299999713897705,0,0.009999948553740978
angle,1780512915274800016,-2.0299999713897705,0,0.00999999139457941
angle,1780512915284800225,-2.0299999713897705,0,0.009999956004321575
angle,1780512915294800024,-2.0299999713897705,0,0.009999954141676426
angle,1780512915304800296,-2.0299999713897705,0,0.009999958798289299
angle,1780512915314800803,-2.0299999713897705,0,0.009999960660934448
angle,1780512915324801131,-2.0299999713897705,0,0.010000004433095455
angle,1780512915334801317,-2.0299999713897705,0,0.009999998845160007
angle,1780512915344801326,-2.0299999713897705,0,0.009999943897128105
angle,1780512915354801455,-2.0299999713897705,0,0.009999939240515232
angle,1780512915364801769,-2.0299999713897705,0,0.00999997928738594
angle,1780512915374802120,-2.0299999713897705,0,0.010000006295740604
angle,1780512915384802775,-2.0299999713897705,0,0.009999978356063366
angle,1780512915394802712,-2.0299999713897705,0,0.00999995693564415
angle,1780512915404803037,-2.0299999713897705,0,0.010000001639127731
angle,1780512915414803271,-2.0299999713897705,0,0.00999999139457941
angle,1780512915424803800,-2.0299999713897705,0,0.009999947622418404
angle,1780512915434803942,-2.0299999713897705,0,0.00999999325722456
angle,1780512915444805788,-2.0299999713897705,0,0.010000026784837246
angle,1780512915454805528,-2.0299999713897705,0,0.009999891743063927
angle,1780512915464804549,-2.0299999713897705,0,0.00999989453703165
angle,1780512915474804826,-2.0299999713897705,0,0.009999951347708702
angle,1780512915484805390,-2.0299999713897705,0,0.00999999325722456
angle,1780512915494807815,-2.0299999713897705,0,0.009999934583902359
angle,1780512915504805692,-2.0299999713897705,0,0.009999886155128479
angle,1780512915514806416,-2.0299999713897705,0,0.009999966248869896
angle,1780512915524806019,-2.0299999713897705,0,0.00999996718019247
angle,1780512915534806762,-2.0299999713897705,0,0.009999984875321388
angle,1780512915544806343,-2.0299999713897705,0,0.009999904781579971
angle,1780512915554806894,-2.0299999713897705,0,0.00999994482845068
angle,1780512915564807331,-2.0299999713897705,0,0.01000000536441803
angle,1780512915574807586,-2.0299999713897705,0,0.00999995693564415
angle,1780512915584807996,-2.0299999713897705,0,0.009999941103160381
angle,1780512915594808219,-2.0299999713897705,0,0.009999947622418404
angle,1780512915604808555,-2.0299999713897705,0,0.009999937377870083
angle,1780512915614808376,-2.0299999713897705,0,0.009999996051192284
angle,1780512915624808613,-2.0299999713897705,0,0.009999955072999
angle,1780512915634809383,-2.0299999713897705,0,0.00999997928738594
angle,1780512915644809202,-2.0299999713897705,0,0.009999914094805717
angle,1780512915654809496,-2.0299999713897705,0,0.009999940171837807
angle,1780512915664809763,-2.0299999713897705,0,0.010000010021030903
angle,1780512915674810121,-2.0299999713897705,0,0.009999950416386127
angle,1780512915684810525,-2.0299999713897705,0,0.009999994188547134
angle,1780512915694810714,-2.0299999713897705,0,0.009999888949096203
angle,1780512915704811161,-2.0299999713897705,0,0.00999999325722456
angle,1780512915714810960,-2.0299999713897705,0,0.009999927133321762
angle,1780512915724811140,-2.0299999713897705,0,0.009999939240515232
angle,1780512915734811650,-2.0299999713897705,0,0.010000001639127731
angle,1780512915744811621,-2.0299999713897705,0,0.009999947622418404
angle,1780512915754811851,-2.0299999713897705,0,0.009999984875321388
angle,1780512915764812205,-2.0299999713897705,0,0.009999998845160007
angle,1780512915774812345,-2.0299999713897705,0,0.009999937377870083
angle,1780512915784813016,-2.0299999713897705,0,0.009999948553740978
angle,1780512915794813037,-2.0299999713897705,0,0.009999970905482769
angle,1780512915804813209,-2.0299999713897705,0,0.009999915957450867
angle,1780512915814813292,-2.0299999713897705,0,0.00999994482845068
angle,1780512915824813739,-2.0299999713897705,0,0.009999947622418404
angle,1780512915834813869,-2.0299999713897705,0,0.010000008158385754
angle,1780512915844814100,-2.0299999713897705,0,0.009999954141676426
angle,1780512915854814336,-2.0299999713897705,0,0.009999892674386501
angle,1780512915864814573,-2.0299999713897705,0,0.009999957866966724
angle,1780512915874814535,-2.0299999713897705,0,0.010000002570450306
angle,1780512915884815062,-2.0299999713897705,0,0.009999946691095829
angle,1780512915894815317,-2.0299999713897705,0,0.009999941103160381
angle,1780512915904815538,-2.0299999713897705,0,0.009999940171837807
angle,1780512915914815466,-2.0299999713897705,0,0.009999947622418404
angle,1780512915924815751,-2.0299999713897705,0,0.009999945759773254
angle,1780512915934816409,-2.0299999713897705,0,0.009999990463256836
angle,1780512915944816327,-2.0299999713897705,0,0.009999937377870083
angle,1780512915954816368,-2.0299999713897705,0,0.00999997928738594
angle,1780512915964816761,-2.0299999713897705,0,0.009999969974160194
angle,1780512915974818923,-2.0299999713897705,0,0.00999994296580553
angle,1780512915984817454,-2.0299999713897705,0,0.009999952279031277
angle,1780512915994817580,-2.0299999713897705,0,0.009999941103160381
angle,1780512916004817968,-2.0299999713897705,0,0.009999886155128479
angle,1780512916014817836,-2.0299999713897705,0,0.009999941103160381
angle,1780512916024818212,-2.0299999713897705,0,0.009999999776482582
angle,1780512916034818879,-2.0299999713897705,0,0.009999999776482582
angle,1780512916044818805,-2.0299999713897705,0,0.009999952279031277
angle,1780512916054818996,-2.0299999713897705,0,0.00999993272125721
angle,1780512916064819451,-2.0299999713897705,0,0.009999954141676426
angle,1780512916074819397,-2.0299999713897705,0,0.009999941103160381
angle,1780512916084819879,-2.0299999713897705,0,0.009999985806643963
angle,1780512916094820005,-2.0299999713897705,0,0.009999916888773441
angle,1780512916104819963,-2.0299999713897705,0,0.009999969974160194
angle,1780512916114824714,-2.0299999713897705,0,0.009999947622418404
angle,1780512916124820687,-2.0299999713897705,0,0.009999942034482956
angle,1780512916134820899,-2.0299999713897705,0,0.009999973699450493
angle,1780512916144820935,-2.0299999713897705,0,0.009999961592257023
angle,1780512916154821228,-2.0299999713897705,0,0.009999937377870083
angle,1780512916164823232,-2.0299999713897705,0,0.009999992325901985
angle,1780512916174821799,-2.0299999713897705,0,0.009999998845160007
angle,1780512916184822060,-2.0299999713897705,0,0.00999997928738594
angle,1780512916194822172,-2.0299999713897705,0,0.009999937377870083
angle,1780512916204822330,-2.0299999713897705,0,0.010000006295740604
angle,1780512916214823083,-2.0299999713897705,0,0.009999970905482769
angle,1780512916224823014,-2.0299999713897705,0,0.009999975562095642
angle,1780512916234823716,-2.0299999713897705,0,0.009999986737966537
angle,1780512916244823255,-2.0299999713897705,0,0.009999939240515232
angle,1780512916254824710,-2.0299999713897705,0,0.010000007227063179
angle,1780512916264823723,-2.0299999713897705,0,0.00999990664422512
angle,1780512916274824000,-2.0299999713897705,0,0.010000010952353477
angle,1780512916284824515,-2.0299999713897705,0,0.009999936446547508
angle,1780512916294824492,-2.0299999713897705,0,0.00999988242983818
angle,1780512916304824628,-2.0299999713897705,0,0.010000001639127731
angle,1780512916314824793,-2.0299999713897705,0,0.009999977424740791
angle,1780512916324825036,-2.0299999713897705,0,0.009999968111515045
angle,1780512916334825641,-2.0299999713897705,0,0.009999974630773067
angle,1780512916344825872,-2.0299999713897705,0,0.00999994296580553
angle,1780512916354825723,-2.0299999713897705,0,0.00999997928738594
angle,1780512916364826549,-2.0299999713897705,0,0.009999927133321762
angle,1780512916374827233,-2.0299999713897705,0,0.009999943897128105
angle,1780512916384827374,-2.0299999713897705,0,0.009999965317547321
angle,1780512916394827088,-2.0299999713897705,0,0.009999938309192657
angle,1780512916404827316,-2.0299999713897705,0,0.009999996051192284
angle,1780512916414827406,-2.0299999713897705,0,0.00999996904283762
angle,1780512916424827679,-2.0299999713897705,0,0.009999942034482956
angle,1780512916434829814,-2.0299999713897705,0,0.010000001639127731
angle,1780512916444828135,-2.0299999713897705,0,0.009999875910580158
angle,1780512916454828332,-2.0299999713897705,0,0.009999975562095642
angle,1780512916464828685,-2.0299999713897705,0,0.009999975562095642
angle,1780512916474828977,-2.0299999713897705,0,0.009999983943998814
angle,1780512916484829602,-2.0299999713897705,0,0.009999939240515232
angle,1780512916494829738,-2.0299999713897705,0,0.009999907575547695
angle,1780512916504829743,-2.0299999713897705,0,0.009999951347708702
angle,1780512916514830020,-2.0299999713897705,0,0.009999997913837433
angle,1780512916524830635,-2.0299999713897705,0,0.009999940171837807
angle,1780512916534830720,-2.0299999713897705,0,0.009999946691095829
angle,1780512916544830676,-2.0299999713897705,0,0.009999955072999
angle,1780512916554830856,-2.0299999713897705,0,0.009999954141676426
angle,1780512916564831352,-2.0299999713897705,0,0.009999966248869896
angle,1780512916574831283,-2.0299999713897705,0,0.00999996904283762
angle,1780512916584834289,-2.0299999713897705,0,0.010000048205256462
angle,1780512916594833689,-2.0299999713897705,0,0.009999915026128292
angle,1780512916604832299,-2.0299999713897705,0,0.00999988242983818
angle,1780512916614832746,-2.0299999713897705,0,0.009999917820096016
angle,1780512916624832896,-2.0299999713897705,0,0.009999956004321575
angle,1780512916634834693,-2.0299999713897705,0,0.009999933652579784
angle,1780512916644833338,-2.0299999713897705,0,0.009999892674386501
angle,1780512916654833388,-2.0299999713897705,0,0.009999986737966537
angle,1780512916664833744,-2.0299999713897705,0,0.00999999325722456
angle,1780512916674835291,-2.0299999713897705,0,0.009999984875321388
angle,1780512916684834154,-2.0299999713897705,0,0.009999526664614677
angle,1780512916694834246,-2.0299999713897705,0,0.009999957866966724
angle,1780512916704834758,-2.0299999713897705,0,0.009999983943998814
angle,1780512916714835120,-2.0299999713897705,0,0.009999970905482769
angle,1780512916724835208,-2.0299999713897705,0,0.009999961592257023
angle,1780512916734835480,-2.0299999713897705,0,0.009999928064644337
angle,1780512916744835552,-2.0299999713897705,0,0.009999939240515232
angle,1780512916754835794,-2.0299999713897705,0,0.009999959729611874
angle,1780512916764836410,-2.0299999713897705,0,0.009999971836805344
angle,1780512916774836247,-2.0299999713897705,0,0.009999901056289673
angle,1780512916784836508,-2.0299999713897705,0,0.009999940171837807
angle,1780512916794837026,-2.0299999713897705,0,0.009999983012676239
angle,1780512916804837120,-2.0299999713897705,0,0.009999954141676426
angle,1780512916814837030,-2.0299999713897705,0,0.009999941103160381
angle,1780512916824837462,-2.0299999713897705,0,0.009999968111515045
angle,1780512916834837625,-2.0299999713897705,0,0.009999975562095642
angle,1780512916844839055,-2.0299999713897705,0,0.009999954141676426
angle,1780512916854838120,-2.0299999713897705,0,0.009999928995966911
angle,1780512916864838676,-2.0299999713897705,0,0.009999945759773254
angle,1780512916874838799,-2.0299999713897705,0,0.009999916888773441
angle,1780512916884838801,-2.0299999713897705,0,0.009999971836805344
angle,1780512916894839601,-2.0299999713897705,0,0.00999994296580553
angle,1780512916904839302,-2.0299999713897705,0,0.009999910369515419
angle,1780512916914839687,-2.0299999713897705,0,0.009999992325901985
angle,1780512916924839996,-2.0299999713897705,0,0.009999990463256836
angle,1780512916934840372,-2.0299999713897705,0,0.009999948553740978
angle,1780512916944840524,-2.0299999713897705,0,0.009999963454902172
angle,1780512916954840843,-2.0299999713897705,0,0.009999968111515045
angle,1780512916964841380,-2.0299999713897705,0,0.01000000536441803
angle,1780512916974841263,-2.0299999713897705,0,0.009999980218708515
angle,1780512916984841438,-2.0299999713897705,0,0.009999965317547321
angle,1780512916994842011,-2.0299999713897705,0,0.009999955072999
angle,1780512917004842235,-2.0299999713897705,0,0.009999968111515045
angle,1780512917014842294,-2.0299999713897705,0,0.009999992325901985
angle,1780512917024842549,-2.0299999713897705,0,0.009999999776482582
angle,1780512917034843058,-2.0299999713897705,0,0.009999959729611874
angle,1780512917044843162,-2.0299999713897705,0,0.009999936446547508
angle,1780512917054844688,-2.0299999713897705,0,0.009999999776482582
angle,1780512917064843517,-2.0299999713897705,0,0.009999942034482956
angle,1780512917074843951,-2.0299999713897705,0,0.010000004433095455
angle,1780512917084844131,-2.0299999713897705,0,0.009999948553740978
angle,1780512917094844569,-2.0299999713897705,0,0.010000010021030903
angle,1780512917104844667,-2.0299999713897705,0,0.009999992325901985
angle,1780512917114844832,-2.0299999713897705,0,0.009999983943998814
angle,1780512917124845193,-2.0299999713897705,0,0.009999973699450493
angle,1780512917134845501,-2.0299999713897705,0,0.009999937377870083
angle,1780512917144845997,-2.0299999713897705,0,0.009999992325901985
angle,1780512917154845834,-2.0299999713897705,0,0.009999959729611874
angle,1780512917164846418,-2.0299999713897705,0,0.010000002570450306
angle,1780512917174846396,-2.0299999713897705,0,0.010000007227063179
angle,1780512917184846909,-2.0299999713897705,0,0.009999952279031277
angle,1780512917194847201,-2.0299999713897705,0,0.010000008158385754
angle,1780512917204847408,-2.0299999713897705,0,0.009999939240515232
angle,1780512917214847623,-2.0299999713897705,0,0.009999968111515045
angle,1780512917224847926,-2.0299999713897705,0,0.009999943897128105
angle,1780512917234848470,-2.0299999713897705,0,0.009999957866966724
angle,1780512917244848113,-2.0299999713897705,0,0.009999938309192657
angle,1780512917254848418,-2.0299999713897705,0,0.009999968111515045
angle,1780512917264848882,-2.0299999713897705,0,0.00999997928738594
angle,1780512917274849646,-2.0299999713897705,0,0.009999970905482769
angle,1780512917284849698,-2.0299999713897705,0,0.010000007227063179
angle,1780512917294849685,-2.0299999713897705,0,0.009999988600611687
angle,1780512917304850071,-2.0299999713897705,0,0.009999950416386127
angle,1780512917314849906,-2.0299999713897705,0,0.009999907575547695
angle,1780512917324850162,-2.0299999713897705,0,0.00999994296580553
angle,1780512917334853332,-2.0299999713897705,0,0.009999969974160194
angle,1780512917344852865,-2.0299999713897705,0,0.009999779984354973
angle,1780512917354853052,-2.0299999713897705,0,0.009999924339354038
angle,1780512917364852729,-2.0299999713897705,0,0.009999917820096016
angle,1780512917374851893,-2.0299999713897705,0,0.009999891743063927
angle,1780512917384852306,-2.0299999713897705,0,0.00999994482845068
angle,1780512917394852318,-2.0299999713897705,0,0.009999969974160194
angle,1780512917404852544,-2.0299999713897705,0,0.009999947622418404
angle,1780512917414852525,-2.0299999713897705,0,0.009999986737966537
angle,1780512917424852864,-2.0299999713897705,0,0.009999997913837433
angle,1780512917434853213,-2.0299999713897705,0,0.009999941103160381
angle,1780512917444853606,-2.0299999713897705,0,0.00999994296580553
angle,1780512917454853750,-2.0299999713897705,0,0.009999987669289112
angle,1780512917464854185,-2.0299999713897705,0,0.009999951347708702
angle,1780512917474854508,-2.0299999713897705,0,0.00999995693564415
angle,1780512917484854378,-2.0299999713897705,0,0.009999977424740791
angle,1780512917494854841,-2.0299999713897705,0,0.009999946691095829
angle,1780512917504854858,-2.0299999713897705,0,0.009999990463256836
angle,1780512917514855260,-2.0299999713897705,0,0.009999973699450493
angle,1780512917524855415,-2.0299999713897705,0,0.009999951347708702
angle,1780512917534855415,-2.0299999713897705,0,0.009999940171837807
angle,1780512917544855848,-2.0299999713897705,0,0.009999986737966537
angle,1780512917554856126,-2.0299999713897705,0,0.009999971836805344
angle,1780512917564856485,-2.0299999713897705,0,0.009999973699450493
angle,1780512917574856714,-2.0299999713897705,0,0.00999993272125721
angle,1780512917584856795,-2.0299999713897705,0,0.009999998845160007
angle,1780512917594857170,-2.0299999713897705,0,0.009999982081353664
angle,1780512917604857289,-2.0299999713897705,0,0.009999999776482582
angle,1780512917614857617,-2.0299999713897705,0,0.010000006295740604
angle,1780512917624857999,-2.0299999713897705,0,0.00999995693564415
angle,1780512917634858131,-2.0299999713897705,0,0.01000000536441803
angle,1780512917644858595,-2.0299999713897705,0,0.009999990463256836
angle,1780512917654859006,-2.0299999713897705,0,0.010000002570450306
angle,1780512917664858965,-2.0299999713897705,0,0.009999965317547321
angle,1780512917674859102,-2.0299999713897705,0,0.009999956004321575
angle,1780512917684859531,-2.0299999713897705,0,0.009999959729611874
angle,1780512917694859874,-2.0299999713897705,0,0.009999984875321388
angle,1780512917704860040,-2.0299999713897705,0,0.009999937377870083
angle,1780512917714860066,-2.0299999713897705,0,0.009999941103160381
angle,1780512917724860451,-2.0299999713897705,0,0.009999956004321575
angle,1780512917734860535,-2.0299999713897705,0,0.009999937377870083
angle,1780512917744861146,-2.0299999713897705,0,0.010000006295740604
angle,1780512917754861035,-2.0299999713897705,0,0.009999965317547321
angle,1780512917764861186,-2.0299999713897705,0,0.009999972768127918
angle,1780512917774861485,-2.0299999713897705,0,0.00999996904283762
angle,1780512917784861994,-2.0299999713897705,0,0.009999996051192284
angle,1780512917794861922,-2.0299999713897705,0,0.010000000707805157
angle,1780512917804862097,-2.0299999713897705,0,0.009999947622418404
angle,1780512917814862277,-2.0299999713897705,0,0.009999996051192284
angle,1780512917824862553,-2.0299999713897705,0,0.009999968111515045
angle,1780512917834863298,-2.0299999713897705,0,0.009999996982514858
angle,1780512917844864768,-2.0299999713897705,0,0.009999965317547321
angle,1780512917854863797,-2.0299999713897705,0,0.009999875910580158
angle,1780512917864863548,-2.0299999713897705,0,0.010000001639127731
angle,1780512917874864079,-2.0299999713897705,0,0.009999983012676239
angle,1780512917884864019,-2.0299999713897705,0,0.009999975562095642
angle,1780512917894864669,-2.0299999713897705,0,0.009999934583902359
angle,1780512917904865266,-2.0299999713897705,0,0.009999889880418777
angle,1780512917914864707,-2.0299999713897705,0,0.009999875910580158
angle,1780512917924865025,-2.0299999713897705,0,0.009999992325901985
angle,1780512917934865030,-2.0299999713897705,0,0.009999964386224747
angle,1780512917944866293,-2.0299999713897705,0,0.00999999139457941
angle,1780512917954865619,-2.0299999713897705,0,0.009999945759773254
angle,1780512917964866065,-2.0299999713897705,0,0.009999955072999
angle,1780512917974868532,-2.0299999713897705,0,0.009999985806643963
angle,1780512917984866843,-2.0299999713897705,0,0.00999993085861206
angle,1780512917994866771,-2.0299999713897705,0,0.009999954141676426
angle,1780512918004867332,-2.0299999713897705,0,0.009999974630773067
angle,1780512918014868514,-2.0299999713897705,0,0.009999970905482769
angle,1780512918024868338,-2.0299999713897705,0,0.009999911300837994
angle,1780512918034867688,-2.0299999713897705,0,0.009999904781579971
angle,1780512918044868079,-2.0299999713897705,0,0.009999996982514858
angle,1780512918054868026,-2.0299999713897705,0,0.0099998963996768
angle,1780512918064868919,-2.0299999713897705,0,0.009999980218708515
angle,1780512918074868982,-2.0299999713897705,0,0.009999948553740978
angle,1780512918084868832,-2.0299999713897705,0,0.009999966248869896
angle,1780512918094869399,-2.0299999713897705,0,0.009999986737966537
angle,1780512918104869372,-2.0299999713897705,0,0.009999957866966724
angle,1780512918114869572,-2.0299999713897705,0,0.009999956004321575
angle,1780512918124869995,-2.0299999713897705,0,0.009999985806643963
angle,1780512918134870081,-2.0299999713897705,0,0.009999968111515045
angle,1780512918144870619,-2.0299999713897705,0,0.009999986737966537
angle,1780512918154870905,-2.0299999713897705,0,0.009999915026128292
angle,1780512918164870761,-2.0299999713897705,0,0.009999996051192284
angle,1780512918174871211,-2.0299999713897705,0,0.009999938309192657
angle,1780512918184871076,-2.0299999713897705,0,0.009999964386224747
angle,1780512918194871601,-2.0299999713897705,0,0.009999946691095829
angle,1780512918204872060,-2.0299999713897705,0,0.009999937377870083
angle,1780512918214872005,-2.0299999713897705,0,0.009999903850257397
angle,1780512918226782564,-2.0299999713897705,0,0.011909988708794117
angle,1780512918236783830,-2.0299999713897705,0,0.009999971836805344
angle,1780512918246783677,-2.0299999713897705,0,0.009999992325901985
angle,1780512918256785310,-2.0299999713897705,0,0.010000023990869522
angle,1780512918266786260,-2.0299999713897705,0,0.009999961592257023
angle,1780512918276785704,-2.0299999713897705,0,0.009999862872064114
angle,1780512918286784735,-2.0299999713897705,0,0.009999879635870457
angle,1780512918296785032,-2.0299999713897705,0,0.01000000536441803
angle,1780512918306785066,-2.0299999713897705,0,0.009999987669289112
angle,1780512918316785298,-2.0299999713897705,0,0.009999942034482956
angle,1780512918326785873,-2.0299999713897705,0,0.009999988600611687
angle,1780512918336785867,-2.0299999713897705,0,0.009999954141676426
angle,1780512918346786311,-2.0299999713897705,0,0.009999972768127918
angle,1780512918356786124,-2.0299999713897705,0,0.009999945759773254
angle,1780512918366786649,-2.0299999713897705,0,0.009999975562095642
angle,1780512918376786652,-2.0299999713897705,0,0.00999999139457941
angle,1780512918386786891,-2.0299999713897705,0,0.009999975562095642
angle,1780512918396786915,-2.0299999713897705,0,0.009999947622418404
angle,1780512918406789056,-2.0299999713897705,0,0.010000052861869335
angle,1780512918416787573,-2.0299999713897705,0,0.009999861940741539
angle,1780512918426788233,-2.0299999713897705,0,0.01000000536441803
angle,1780512918436787995,-2.0299999713897705,0,0.009999965317547321
angle,1780512918446788352,-2.0299999713897705,0,0.009999963454902172
angle,1780512918456788484,-2.0299999713897705,0,0.009999990463256836
angle,1780512918466789020,-2.0299999713897705,0,0.009999958798289299
angle,1780512918476788938,-2.0299999713897705,0,0.009999997913837433
angle,1780512918486789256,-2.0299999713897705,0,0.009999931789934635
angle,1780512918496789513,-2.0299999713897705,0,0.009999994188547134
angle,1780512918506790245,-2.0299999713897705,0,0.00999995693564415
angle,1780512918516789893,-2.0299999713897705,0,0.009999978356063366
angle,1780512918526790089,-2.0299999713897705,0,0.009999963454902172
angle,1780512918536790515,-2.0299999713897705,0,0.010000001639127731
angle,1780512918546790750,-2.0299999713897705,0,0.009999961592257023
angle,1780512918556791166,-2.0299999713897705,0,0.009999999776482582
angle,1780512918566791054,-2.0299999713897705,0,0.009999969974160194
angle,1780512918576791172,-2.0299999713897705,0,0.009999972768127918
angle,1780512918586791456,-2.0299999713897705,0,0.009999961592257023
angle,1780512918596791732,-2.0299999713897705,0,0.009999951347708702
angle,1780512918606792172,-2.0299999713897705,0,0.00999994296580553
angle,1780512918616792320,-2.0299999713897705,0,0.009999892674386501
angle,1780512918626792356,-2.0299999713897705,0,0.00999999139457941
angle,1780512918636792595,-2.0299999713897705,0,0.010000001639127731
angle,1780512918646793241,-2.0299999713897705,0,0.00999994482845068
angle,1780512918656793191,-2.0299999713897705,0,0.009999963454902172
angle,1780512918666793168,-2.0299999713897705,0,0.009999901987612247
angle,1780512918676793436,-2.0299999713897705,0,0.009999951347708702
angle,1780512918686794578,-2.0299999713897705,0,0.009999936446547508
angle,1780512918696794222,-2.0299999713897705,0,0.0099998963996768
angle,1780512918706795220,-2.0299999713897705,0,0.009999957866966724
angle,1780512918716795584,-2.0299999713897705,0,0.009999928064644337
angle,1780512918726795272,-2.0299999713897705,0,0.009999847039580345
angle,1780512918736795503,-2.0299999713897705,0,0.009999986737966537
angle,1780512918746797174,-2.0299999713897705,0,0.009999990463256836
angle,1780512918756795708,-2.0299999713897705,0,0.00999995693564415
angle,1780512918766796077,-2.0299999713897705,0,0.009999983012676239
angle,1780512918776796206,-2.0299999713897705,0,0.010000002570450306
angle,1780512918786796350,-2.0299999713897705,0,0.009999972768127918
angle,1780512918796796731,-2.0299999713897705,0,0.009999937377870083
angle,1780512918806797306,-2.0299999713897705,0,0.009999940171837807
angle,1780512918816797101,-2.0299999713897705,0,0.009999883361160755
angle,1780512918826797796,-2.0299999713897705,0,0.009999946691095829
angle,1780512918836798025,-2.0299999713897705,0,0.009999987669289112
angle,1780512918846799241,-2.0299999713897705,0,0.009999999776482582
angle,1780512918856798764,-2.0299999713897705,0,0.00999988429248333
angle,1780512918866798531,-2.0299999713897705,0,0.00999999325722456
angle,1780512918876798715,-2.0299999713897705,0,0.009999984875321388
angle,1780512918886798990,-2.0299999713897705,0,0.009999970905482769
angle,1780512918896799478,-2.0299999713897705,0,0.009999968111515045
angle,1780512918906799370,-2.0299999713897705,0,0.009999945759773254
angle,1780512918916799430,-2.0299999713897705,0,0.009999958798289299
angle,1780512918926799691,-2.0299999713897705,0,0.009999947622418404
angle,1780512918936800018,-2.0299999713897705,0,0.00999997928738594
angle,1780512918946800359,-2.0299999713897705,0,0.009999980218708515
angle,1780512918956800386,-2.0299999713897705,0,0.009999961592257023
angle,1780512918966800690,-2.0299999713897705,0,0.00999994482845068
angle,1780512918976801116,-2.0299999713897705,0,0.009999974630773067
angle,1780512918986801386,-2.0299999713897705,0,0.009999951347708702
angle,1780512918996801605,-2.0299999713897705,0,0.009999983943998814
angle,1780512919006801978,-2.0299999713897705,0,0.009999999776482582
angle,1780512919016801895,-2.0299999713897705,0,0.009999956004321575
angle,1780512919026802233,-2.0299999713897705,0,0.009999953210353851
angle,1780512919036802437,-2.0299999713897705,0,0.009999982081353664
angle,1780512919046802737,-2.0299999713897705,0,0.009999990463256836
angle,1780512919056802791,-2.0299999713897705,0,0.009999938309192657
angle,1780512919066802987,-2.0299999713897705,0,0.00999996718019247
angle,1780512919076803759,-2.0299999713897705,0,0.009999952279031277
angle,1780512919086803719,-2.0299999713897705,0,0.009999952279031277
angle,1780512919096803970,-2.0299999713897705,0,0.009999998845160007
angle,1780512919106804007,-2.0299999713897705,0,0.009999946691095829
angle,1780512919116804656,-2.0299999713897705,0,0.00999999139457941
angle,1780512919126804865,-2.0299999713897705,0,0.00999998115003109
angle,1780512919136805073,-2.0299999713897705,0,0.009999963454902172
angle,1780512919146805621,-2.0299999713897705,0,0.009999957866966724
angle,1780512919156805950,-2.0299999713897705,0,0.00999994482845068
angle,1780512919166806254,-2.0299999713897705,0,0.00999993272125721
angle,1780512919176806204,-2.0299999713897705,0,0.009999970905482769
angle,1780512919186806390,-2.0299999713897705,0,0.009999963454902172
angle,1780512919196806907,-2.0299999713897705,0,0.009999978356063366
angle,1780512919206807578,-2.0299999713897705,0,0.009999933652579784
angle,1780512919216807443,-2.0299999713897705,0,0.009999897330999374
angle,1780512919226807571,-2.0299999713897705,0,0.00999998115003109
angle,1780512919236809759,-2.0299999713897705,0,0.009999973699450493
angle,1780512919246809470,-2.0299999713897705,0,0.009999941103160381
angle,1780512919256808549,-2.0299999713897705,0,0.009999913163483143
angle,1780512919266809345,-2.0299999713897705,0,0.009999972768127918
angle,1780512919276809326,-2.0299999713897705,0,0.009999961592257023
angle,1780512919286809408,-2.0299999713897705,0,0.00999988429248333
angle,1780512919296809525,-2.0299999713897705,0,0.009999969974160194
angle,1780512919306809755,-2.0299999713897705,0,0.009999960660934448
angle,1780512919316810396,-2.0299999713897705,0,0.009999889880418777
angle,1780512919326810154,-2.0299999713897705,0,0.009999956004321575
angle,1780512919336810468,-2.0299999713897705,0,0.009999996982514858
angle,1780512919346810857,-2.0299999713897705,0,0.009999980218708515
angle,1780512919356811210,-2.0299999713897705,0,0.010000008158385754
angle,1780512919366811130,-2.0299999713897705,0,0.009999957866966724
angle,1780512919376811354,-2.0299999713897705,0,0.010000002570450306
angle,1780512919386811720,-2.0299999713897705,0,0.00999999325722456
angle,1780512919396811727,-2.0299999713897705,0,0.009999933652579784
angle,1780512919406813008,-2.0299999713897705,0,0.009999964386224747
angle,1780512919416812320,-2.0299999713897705,0,0.009999948553740978
angle,1780512919426812481,-2.0299999713897705,0,0.00999999325722456
angle,1780512919436812710,-2.0299999713897705,0,0.009999942034482956
angle,1780512919446813303,-2.0299999713897705,0,0.009999986737966537
angle,1780512919458626842,-2.0299999713897705,0,0.011813177727162838
angle,1780512919468627756,-2.0299999713897705,0,0.00999995693564415
angle,1780512919478627636,-2.0299999713897705,0,0.009999902918934822
angle,1780512919488627655,-2.0299999713897705,0,0.009999998845160007
angle,1780512919498627874,-2.0299999713897705,0,0.00999988242983818
angle,1780512919508628406,-2.0299999713897705,0,0.009999970905482769
angle,1780512919518628588,-2.0299999713897705,0,0.009999879635870457
angle,1780512919528628440,-2.0299999713897705,0,0.009999958798289299
angle,1780512919538628884,-2.0299999713897705,0,0.009999958798289299
angle,1780512919548629219,-2.0299999713897705,0,0.009999985806643963
angle,1780512919558629370,-2.0299999713897705,0,0.009999953210353851
angle,1780512919568630131,-2.0299999713897705,0,0.009999972768127918
angle,1780512919578629754,-2.0299999713897705,0,0.009999943897128105
angle,1780512919588629923,-2.0299999713897705,0,0.009999961592257023
angle,1780512919598630407,-2.0299999713897705,0,0.009999997913837433
angle,1780512919608631110,-2.0299999713897705,0,0.01000000536441803
angle,1780512919618630735,-2.0299999713897705,0,0.009999878704547882
angle,1780512919628630899,-2.0299999713897705,0,0.009999996982514858
angle,1780512919638631396,-2.0299999713897705,0,0.009999990463256836
angle,1780512919648631319,-2.0299999713897705,0,0.009999957866966724
angle,1780512919658631818,-2.0299999713897705,0,0.009999969974160194
angle,1780512919668631967,-2.0299999713897705,0,0.009999987669289112
angle,1780512919678632164,-2.0299999713897705,0,0.00999994296580553
angle,1780512919688632388,-2.0299999713897705,0,0.009999990463256836
angle,1780512919698633006,-2.0299999713897705,0,0.009999954141676426
angle,1780512919708633276,-2.0299999713897705,0,0.009999995119869709
angle,1780512919718633204,-2.0299999713897705,0,0.009999923408031464
angle,1780512919728634165,-2.0299999713897705,0,0.009999996051192284
angle,1780512919738633670,-2.0299999713897705,0,0.009999919682741165
angle,1780512919748634003,-2.0299999713897705,0,0.009999983943998814
angle,1780512919758634937,-2.0299999713897705,0,0.009999901056289673
angle,1780512919768635320,-2.0299999713897705,0,0.009999919682741165
angle,1780512919778635067,-2.0299999713897705,0,0.00999995693564415
angle,1780512919788635226,-2.0299999713897705,0,0.009999959729611874
angle,1780512919798635613,-2.0299999713897705,0,0.009999996982514858
angle,1780512919808636399,-2.0299999713897705,0,0.00999996904283762
angle,1780512919818636271,-2.0299999713897705,0,0.009999973699450493
angle,1780512919828636257,-2.0299999713897705,0,0.009999965317547321
angle,1780512919838636586,-2.0299999713897705,0,0.00999997928738594
angle,1780512919848638297,-2.0299999713897705,0,0.009999965317547321
angle,1780512919858637468,-2.0299999713897705,0,0.009999921545386314
angle,1780512919868637668,-2.0299999713897705,0,0.009999940171837807
angle,1780512919878637631,-2.0299999713897705,0,0.00999994296580553
angle,1780512919888637763,-2.0299999713897705,0,0.010000004433095455
angle,1780512919898639622,-2.0299999713897705,0,0.009999973699450493
angle,1780512919908639116,-2.0299999713897705,0,0.009999905712902546
angle,1780512919918638870,-2.0299999713897705,0,0.009999883361160755
angle,1780512919928638954,-2.0299999713897705,0,0.010000004433095455
angle,1780512919938639187,-2.0299999713897705,0,0.009999986737966537
angle,1780512919948639777,-2.0299999713897705,0,0.009999968111515045
angle,1780512919958639864,-2.0299999713897705,0,0.009999960660934448
angle,1780512919968640275,-2.0299999713897705,0,0.009999974630773067
angle,1780512919978641589,-2.0299999713897705,0,0.009999992325901985
angle,1780512919988640751,-2.0299999713897705,0,0.00999994296580553
angle,1780512919998640779,-2.0299999713897705,0,0.009999994188547134
angle,1780512920008642880,-2.0299999713897705,0,0.00999993272125721
angle,1780512920018641219,-2.0299999713897705,0,0.009999933652579784
angle,1780512920028641327,-2.0299999713897705,0,0.009999983943998814
angle,1780512920038642014,-2.0299999713897705,0,0.010000000707805157
angle,1780512920048641908,-2.0299999713897705,0,0.009999997913837433
angle,1780512920058642305,-2.0299999713897705,0,0.009999973699450493
angle,1780512920068642189,-2.0299999713897705,0,0.009999958798289299
angle,1780512920078642629,-2.0299999713897705,0,0.009999969974160194
angle,1780512920088642821,-2.0299999713897705,0,0.00999999139457941
angle,1780512920098643099,-2.0299999713897705,0,0.00999997928738594
angle,1780512920108643424,-2.0299999713897705,0,0.009999980218708515
angle,1780512920118643588,-2.0299999713897705,0,0.009999941103160381
angle,1780512920128643938,-2.0299999713897705,0,0.009999961592257023
angle,1780512920138643862,-2.0299999713897705,0,0.009999943897128105
angle,1780512920148644180,-2.0299999713897705,0,0.009999996982514858
angle,1780512920158644607,-2.0299999713897705,0,0.009999975562095642
angle,1780512920168644712,-2.0299999713897705,0,0.009999971836805344
angle,1780512920178644947,-2.0299999713897705,0,0.009999968111515045
angle,1780512920188645242,-2.0299999713897705,0,0.009999961592257023
angle,1780512920198645498,-2.0299999713897705,0,0.010000002570450306
angle,1780512920208645940,-2.0299999713897705,0,0.00999998115003109
angle,1780512920218646210,-2.0299999713897705,0,0.009999963454902172
angle,1780512920228646068,-2.0299999713897705,0,0.00999998115003109
angle,1780512920238646416,-2.0299999713897705,0,0.009999960660934448
angle,1780512920248647989,-2.0299999713897705,0,0.00999996904283762
angle,1780512920258647149,-2.0299999713897705,0,0.009999924339354038
angle,1780512920268647284,-2.0299999713897705,0,0.009999968111515045
angle,1780512920278647774,-2.0299999713897705,0,0.009999985806643963
angle,1780512920288647972,-2.0299999713897705,0,0.009999974630773067
angle,1780512920298648118,-2.0299999713897705,0,0.009999980218708515
angle,1780512920308648401,-2.0299999713897705,0,0.009999953210353851
angle,1780512920318648834,-2.0299999713897705,0,0.009999893605709076
angle,1780512920328648815,-2.0299999713897705,0,0.009999936446547508
angle,1780512920338649507,-2.0299999713897705,0,0.009999945759773254
angle,1780512920348651060,-2.0299999713897705,0,0.009999937377870083
angle,1780512920358649806,-2.0299999713897705,0,0.009999891743063927
angle,1780512920368650504,-2.0299999713897705,0,0.00999999325722456
angle,1780512920378649952,-2.0299999713897705,0,0.009999874047935009
angle,1780512920388650416,-2.0299999713897705,0,0.00999994296580553
angle,1780512920398650377,-2.0299999713897705,0,0.009999885223805904
angle,1780512920408650998,-2.0299999713897705,0,0.009999952279031277
angle,1780512920418650744,-2.0299999713897705,0,0.009999982081353664
angle,1780512920428651082,-2.0299999713897705,0,0.009999988600611687
angle,1780512920438651175,-2.0299999713897705,0,0.009999934583902359
angle,1780512920448651612,-2.0299999713897705,0,0.009999945759773254
angle,1780512920458651906,-2.0299999713897705,0,0.009999985806643963
angle,1780512920468651998,-2.0299999713897705,0,0.010000007227063179
angle,1780512920478652329,-2.0299999713897705,0,0.009999997913837433
angle,1780512920488652566,-2.0299999713897705,0,0.009999988600611687
angle,1780512920498653106,-2.0299999713897705,0,0.009999965317547321
angle,1780512920508654036,-2.0299999713897705,0,0.009999992325901985
angle,1780512920518653261,-2.0299999713897705,0,0.009999859146773815
angle,1780512920528653508,-2.0299999713897705,0,0.009999990463256836
angle,1780512920538653961,-2.0299999713897705,0,0.009999982081353664
angle,1780512920548654086,-2.0299999713897705,0,0.009999955072999
angle,1780512920558654539,-2.0299999713897705,0,0.009999954141676426
angle,1780512920568654855,-2.0299999713897705,0,0.009999987669289112
angle,1780512920578654910,-2.0299999713897705,0,0.009999973699450493
angle,1780512920588655108,-2.0299999713897705,0,0.009999998845160007
angle,1780512920598655887,-2.0299999713897705,0,0.009999997913837433
angle,1780512920608656573,-2.0299999713897705,0,0.010000094771385193
angle,1780512920618656069,-2.0299999713897705,0,0.00999988242983818
angle,1780512920628656390,-2.0299999713897705,0,0.009999985806643963
angle,1780512920638656470,-2.0299999713897705,0,0.009999947622418404
angle,1780512920648656889,-2.0299999713897705,0,0.009999969974160194
angle,1780512920658657171,-2.0299999713897705,0,0.009999972768127918
angle,1780512920668657360,-2.0299999713897705,0,0.009999963454902172
angle,1780512920678657613,-2.0299999713897705,0,0.010000001639127731
angle,1780512920688658073,-2.0299999713897705,0,0.009999946691095829
angle,1780512920698658329,-2.0299999713897705,0,0.009999968111515045
angle,1780512920708658379,-2.0299999713897705,0,0.009999987669289112
angle,1780512920718658545,-2.0299999713897705,0,0.009999963454902172
angle,1780512920728658840,-2.0299999713897705,0,0.009999963454902172
angle,1780512920738659016,-2.0299999713897705,0,0.009999997913837433
angle,1780512920748659676,-2.0299999713897705,0,0.009999970905482769
angle,1780512920758659610,-2.0299999713897705,0,0.010000006295740604
angle,1780512920768659981,-2.0299999713897705,0,0.009999985806643963
angle,1780512920778660106,-2.0299999713897705,0,0.00999992061406374
angle,1780512920788660615,-2.0299999713897705,0,0.009999997913837433
angle,1780512920798660484,-2.0299999713897705,0,0.00999997928738594
angle,1780512920808660795,-2.0299999713897705,0,0.009999978356063366
angle,1780512920818661097,-2.0299999713897705,0,0.009999984875321388
angle,1780512920828661314,-2.0299999713897705,0,0.009999943897128105
angle,1780512920838661438,-2.0299999713897705,0,0.009999990463256836
angle,1780512920848663155,-2.0299999713897705,0,0.009999943897128105
angle,1780512920858662478,-2.0299999713897705,0,0.009999877773225307
angle,1780512920868662321,-2.0299999713897705,0,0.00999989453703165
angle,1780512920878662654,-2.0299999713897705,0,0.009999940171837807
angle,1780512920888662540,-2.0299999713897705,0,0.009999975562095642
angle,1780512920898663101,-2.0299999713897705,0,0.00999999325722456
angle,1780512920908663160,-2.0299999713897705,0,0.009999969974160194
angle,1780512920918663426,-2.0299999713897705,0,0.009999969974160194
angle,1780512920928663485,-2.0299999713897705,0,0.009999971836805344
angle,1780512920938663639,-2.0299999713897705,0,0.009999952279031277
angle,1780512920948663980,-2.0299999713897705,0,0.009999968111515045
angle,1780512920958664310,-2.0299999713897705,0,0.009999978356063366
angle,1780512920968664455,-2.0299999713897705,0,0.009999931789934635
angle,1780512920978664810,-2.0299999713897705,0,0.009999954141676426
angle,1780512920988664763,-2.0299999713897705,0,0.009999957866966724
angle,1780512920998664994,-2.0299999713897705,0,0.009999947622418404
angle,1780512921008665755,-2.0299999713897705,0,0.00999995693564415
angle,1780512921018666048,-2.0299999713897705,0,0.00999998115003109
angle,1780512921028667112,-2.0299999713897705,0,0.010000012814998627
angle,1780512921038666289,-2.0299999713897705,0,0.009999879635870457
angle,1780512921048666561,-2.0299999713897705,0,0.009999990463256836
angle,1780512921058667215,-2.0299999713897705,0,0.009999971836805344
angle,1780512921068667360,-2.0299999713897705,0,0.009999946691095829
angle,1780512921078668115,-2.0299999713897705,0,0.009999992325901985
angle,1780512921088667384,-2.0299999713897705,0,0.009999892674386501
angle,1780512921098667846,-2.0299999713897705,0,0.009999941103160381
angle,1780512921108668073,-2.0299999713897705,0,0.00999996718019247
angle,1780512921118668497,-2.0299999713897705,0,0.009999984875321388
angle,1780512921128669074,-2.0299999713897705,0,0.009999915957450867
angle,1780512921138669038,-2.0299999713897705,0,0.010000007227063179
angle,1780512921148669095,-2.0299999713897705,0,0.009999977424740791
angle,1780512921158669461,-2.0299999713897705,0,0.009999975562095642
angle,1780512921168669867,-2.0299999713897705,0,0.009999982081353664
angle,1780512921178669792,-2.0299999713897705,0,0.009999998845160007
angle,1780512921188670007,-2.0299999713897705,0,0.009999941103160381
angle,1780512921198670287,-2.0299999713897705,0,0.009999940171837807
angle,1780512921208670563,-2.0299999713897705,0,0.009999983943998814
angle,1780512921218671116,-2.0299999713897705,0,0.009999980218708515
angle,1780512921228670937,-2.0299999713897705,0,0.009999947622418404
angle,1780512921238671157,-2.0299999713897705,0,0.00999999325722456
angle,1780512921248671344,-2.0299999713897705,0,0.009999953210353851
angle,1780512921258672002,-2.0299999713897705,0,0.009999966248869896
angle,1780512921268671805,-2.0299999713897705,0,0.009999996051192284
angle,1780512921278672124,-2.0299999713897705,0,0.010000002570450306
angle,1780512921288672502,-2.0299999713897705,0,0.009999998845160007
angle,1780512921298672579,-2.0299999713897705,0,0.009999980218708515
angle,1780512921308674327,-2.0299999713897705,0,0.00999998115003109
angle,1780512921318673411,-2.0299999713897705,0,0.009999818168580532
angle,1780512921328673634,-2.0299999713897705,0,0.00999996718019247
angle,1780512921338674806,-2.0299999713897705,0,0.009999971836805344
angle,1780512921348674139,-2.0299999713897705,0,0.009999900124967098
angle,1780512921358674644,-2.0299999713897705,0,0.010000002570450306
angle,1780512921368674654,-2.0299999713897705,0,0.009999951347708702
angle,1780512921378674744,-2.0299999713897705,0,0.009999942034482956
angle,1780512921388675015,-2.0299999713897705,0,0.009999998845160007
angle,1780512921398675435,-2.0299999713897705,0,0.00999995693564415
angle,1780512921408675420,-2.0299999713897705,0,0.009999985806643963
angle,1780512921418675992,-2.0299999713897705,0,0.00999996718019247
angle,1780512921428675955,-2.0299999713897705,0,0.00999999325722456
angle,1780512921438676862,-2.0299999713897705,0,0.009999995119869709
angle,1780512921448676307,-2.0299999713897705,0,0.009999946691095829
angle,1780512921458676738,-2.0299999713897705,0,0.009999977424740791
angle,1780512921468676776,-2.0299999713897705,0,0.009999952279031277
angle,1780512921478677083,-2.0299999713897705,0,0.009999984875321388
angle,1780512921488677171,-2.0299999713897705,0,0.009999997913837433
angle,1780512921498677525,-2.0299999713897705,0,0.010000004433095455
angle,1780512921508678176,-2.0299999713897705,0,0.00999996904283762
angle,1780512921518678425,-2.0299999713897705,0,0.009999983012676239
angle,1780512921528681954,-2.0299999713897705,0,0.009999931789934635
angle,1780512921538678680,-2.0299999713897705,0,0.009999959729611874
angle,1780512921548678827,-2.0299999713897705,0,0.00999997928738594
angle,1780512921558679108,-2.0299999713897705,0,0.009999964386224747
angle,1780512921568679346,-2.0299999713897705,0,0.009999883361160755
angle,1780512921578679709,-2.0299999713897705,0,0.009999953210353851
angle,1780512921588679770,-2.0299999713897705,0,0.00999993272125721
angle,1780512921598682219,-2.0299999713897705,0,0.009999936446547508
angle,1780512921608681764,-2.0299999713897705,0,0.009999925270676613
angle,1780512921618680583,-2.0299999713897705,0,0.00999994296580553
angle,1780512921628680704,-2.0299999713897705,0,0.009999890811741352
angle,1780512921638681288,-2.0299999713897705,0,0.009999940171837807
angle,1780512921648681245,-2.0299999713897705,0,0.009999928995966911
angle,1780512921658681757,-2.0299999713897705,0,0.009999996982514858
angle,1780512921668681742,-2.0299999713897705,0,0.00999996718019247
angle,1780512921678682299,-2.0299999713897705,0,0.01000000536441803
angle,1780512921688682339,-2.0299999713897705,0,0.009999864734709263
angle,1780512921698682859,-2.0299999713897705,0,0.009999934583902359
angle,1780512921708682689,-2.0299999713897705,0,0.009999951347708702
angle,1780512921718683283,-2.0299999713897705,0,0.010000004433095455
angle,1780512921728683233,-2.0299999713897705,0,0.009999947622418404
angle,1780512921738683806,-2.0299999713897705,0,0.009999971836805344
angle,1780512921748684001,-2.0299999713897705,0,0.010000001639127731
angle,1780512921758684426,-2.0299999713897705,0,0.009999970905482769
angle,1780512921768684560,-2.0299999713897705,0,0.009999955072999
angle,1780512921778684809,-2.0299999713897705,0,0.009999939240515232
angle,1780512921788685133,-2.0299999713897705,0,0.009999987669289112
angle,1780512921798684903,-2.0299999713897705,0,0.009999938309192657
angle,1780512921808685583,-2.0299999713897705,0,0.009999972768127918
angle,1780512921818685624,-2.0299999713897705,0,0.010000001639127731
angle,1780512921828685851,-2.0299999713897705,0,0.009999964386224747
angle,1780512921838685896,-2.0299999713897705,0,0.00999994482845068
angle,1780512921848688010,-2.0299999713897705,0,0.00999998115003109
angle,1780512921858687117,-2.0299999713897705,0,0.00999990664422512
angle,1780512921868686875,-2.0299999713897705,0,0.009999923408031464
angle,1780512921878689219,-2.0299999713897705,0,0.009999888017773628
angle,1780512921888688091,-2.0299999713897705,0,0.009999912232160568
angle,1780512921898687878,-2.0299999713897705,0,0.009999963454902172
angle,1780512921908687938,-2.0299999713897705,0,0.00999993272125721
angle,1780512921918688634,-2.0299999713897705,0,0.009999983012676239
angle,1780512921928688285,-2.0299999713897705,0,0.00999999139457941
angle,1780512921938688561,-2.0299999713897705,0,0.00999996904283762
angle,1780512921948688916,-2.0299999713897705,0,0.010000007227063179
angle,1780512921958689146,-2.0299999713897705,0,0.009999951347708702
angle,1780512921968690157,-2.0299999713897705,0,0.009999937377870083
angle,1780512921978690997,-2.0299999713897705,0,0.009999845176935196
angle,1780512921988689995,-2.0299999713897705,0,0.009999890811741352
angle,1780512921998690475,-2.0299999713897705,0,0.00999995693564415
angle,1780512922008690366,-2.0299999713897705,0,0.009999936446547508
angle,1780512922018690484,-2.0299999713897705,0,0.009999992325901985
angle,1780512922028690753,-2.0299999713897705,0,0.010000009089708328
angle,1780512922038691010,-2.0299999713897705,0,0.010000001639127731
angle,1780512922048691315,-2.0299999713897705,0,0.009999942034482956
angle,1780512922058691497,-2.0299999713897705,0,0.009999998845160007
angle,1780512922068692696,-2.0299999713897705,0,0.010000001639127731
angle,1780512922078692013,-2.0299999713897705,0,0.00999993272125721
angle,1780512922088692398,-2.0299999713897705,0,0.009999943897128105
angle,1780512922098692492,-2.0299999713897705,0,0.009999950416386127
angle,1780512922108692630,-2.0299999713897705,0,0.009999945759773254
angle,1780512922118693197,-2.0299999713897705,0,0.010000020265579224
angle,1780512922128693368,-2.0299999713897705,0,0.009999888017773628
angle,1780512922138693348,-2.0299999713897705,0,0.009999964386224747
angle,1780512922148693774,-2.0299999713897705,0,0.009999995119869709
angle,1780512922158693969,-2.0299999713897705,0,0.009999948553740978
angle,1780512922168694384,-2.0299999713897705,0,0.009999968111515045
angle,1780512922178694715,-2.0299999713897705,0,0.009999977424740791
angle,1780512922188694875,-2.0299999713897705,0,0.009999924339354038
angle,1780512922198695144,-2.0299999713897705,0,0.009999966248869896
angle,1780512922208695189,-2.0299999713897705,0,0.009999970905482769
angle,1780512922218696038,-2.0299999713897705,0,0.009999996051192284
angle,1780512922228695857,-2.0299999713897705,0,0.009999899193644524
angle,1780512922238696186,-2.0299999713897705,0,0.009999940171837807
angle,1780512922248696327,-2.0299999713897705,0,0.00999999139457941
angle,1780512922258696486,-2.0299999713897705,0,0.00999994296580553
angle,1780512922268696986,-2.0299999713897705,0,0.009999961592257023
angle,1780512922278697047,-2.0299999713897705,0,0.009999995119869709
angle,1780512922288697403,-2.0299999713897705,0,0.00999996718019247
angle,1780512922298697451,-2.0299999713897705,0,0.009999986737966537
angle,1780512922308698054,-2.0299999713897705,0,0.009999971836805344
angle,1780512922318698040,-2.0299999713897705,0,0.009999985806643963
angle,1780512922328698409,-2.0299999713897705,0,0.009999978356063366
angle,1780512922338698570,-2.0299999713897705,0,0.009999983943998814
angle,1780512922356945742,-2.0299999713897705,0,0.018242917954921722
angle,1780512922366949923,-2.0299999713897705,0,0.009999755769968033
angle,1780512922376949036,-2.0299999713897705,0,0.009999689646065235
angle,1780512922386947865,-2.0299999713897705,0,0.009999753907322884
angle,1780512922396947280,-2.0299999713897705,0,0.009999848902225494
angle,1780512922406947346,-2.0299999713897705,0,0.00999994482845068
angle,1780512922416946197,-2.0299999713897705,0,0.009999929927289486
angle,1780512922426946460,-2.0299999713897705,0,0.009999941103160381
angle,1780512922436946714,-2.0299999713897705,0,0.009999956004321575
angle,1780512922446946825,-2.0299999713897705,0,0.009999963454902172
angle,1780512922456947179,-2.0299999713897705,0,0.009999996982514858
angle,1780512922466947927,-2.0299999713897705,0,0.009999956004321575
angle,1780512922476947743,-2.0299999713897705,0,0.00999995693564415
angle,1780512922486948047,-2.0299999713897705,0,0.009999969974160194
angle,1780512922496948230,-2.0299999713897705,0,0.009999966248869896
angle,1780512922506948539,-2.0299999713897705,0,0.009999956004321575
angle,1780512922516948792,-2.0299999713897705,0,0.009999961592257023
angle,1780512922526949521,-2.0299999713897705,0,0.009999983012676239
angle,1780512922536949347,-2.0299999713897705,0,0.009999943897128105
angle,1780512922546949510,-2.0299999713897705,0,0.009999996982514858
angle,1780512922556949784,-2.0299999713897705,0,0.009999994188547134
angle,1780512922566950294,-2.0299999713897705,0,0.00999997928738594
angle,1780512922576950784,-2.0299999713897705,0,0.009999997913837433
angle,1780512922586950692,-2.0299999713897705,0,0.009999931789934635
angle,1780512922596951025,-2.0299999713897705,0,0.009999990463256836
angle,1780512922606951525,-2.0299999713897705,0,0.009999983943998814
angle,1780512922616951310,-2.0299999713897705,0,0.009999999776482582
angle,1780512922626951697,-2.0299999713897705,0,0.00999996718019247
angle,1780512922636951747,-2.0299999713897705,0,0.00999998115003109
angle,1780512922646952041,-2.0299999713897705,0,0.009999965317547321
angle,1780512922656952248,-2.0299999713897705,0,0.010000020265579224
angle,1780512922666952748,-2.0299999713897705,0,0.009999973699450493
angle,1780512922676952732,-2.0299999713897705,0,0.009999971836805344
angle,1780512922686953043,-2.0299999713897705,0,0.009999960660934448
angle,1780512922696953237,-2.0299999713897705,0,0.009999971836805344
angle,1780512922706953295,-2.0299999713897705,0,0.009999952279031277
angle,1780512922716953599,-2.0299999713897705,0,0.00999997928738594
angle,1780512922726954223,-2.0299999713897705,0,0.009999986737966537
angle,1780512922736954164,-2.0299999713897705,0,0.009999874979257584
angle,1780512922746954395,-2.0299999713897705,0,0.009999985806643963
angle,1780512922756954771,-2.0299999713897705,0,0.009999963454902172
angle,1780512922766954899,-2.0299999713897705,0,0.009999936446547508
angle,1780512922776954923,-2.0299999713897705,0,0.009999987669289112
angle,1780512922786955241,-2.0299999713897705,0,0.009999945759773254
angle,1780512922796955523,-2.0299999713897705,0,0.010000000707805157
angle,1780512922806955782,-2.0299999713897705,0,0.009999996982514858
angle,1780512922816955907,-2.0299999713897705,0,0.00999994296580553
angle,1780512922826956536,-2.0299999713897705,0,0.00999997928738594
angle,1780512922836957384,-2.0299999713897705,0,0.009999995119869709
angle,1780512922846958746,-2.0299999713897705,0,0.010000032372772694
angle,1780512922856956966,-2.0299999713897705,0,0.009999862872064114
angle,1780512922866958197,-2.0299999713897705,0,0.009999970905482769
angle,1780512922876957650,-2.0299999713897705,0,0.009999945759773254
angle,1780512922886957930,-2.0299999713897705,0,0.009999983943998814
angle,1780512922896958626,-2.0299999713897705,0,0.009999968111515045
angle,1780512922906959182,-2.0299999713897705,0,0.00999989453703165
angle,1780512922916958705,-2.0299999713897705,0,0.009999907575547695
angle,1780512922926959150,-2.0299999713897705,0,0.009999957866966724
angle,1780512922936959150,-2.0299999713897705,0,0.009999974630773067
angle,1780512922946959401,-2.0299999713897705,0,0.009999957866966724
angle,1780512922956959937,-2.0299999713897705,0,0.009999998845160007
angle,1780512922966960120,-2.0299999713897705,0,0.010000001639127731
angle,1780512922976960527,-2.0299999713897705,0,0.009999970905482769
angle,1780512922986960519,-2.0299999713897705,0,0.009999937377870083
angle,1780512922996960731,-2.0299999713897705,0,0.009999990463256836
angle,1780512923006961702,-2.0299999713897705,0,0.00999996904283762
angle,1780512923016961199,-2.0299999713897705,0,0.010000004433095455
angle,1780512923026961834,-2.0299999713897705,0,0.009999964386224747
angle,1780512923036961918,-2.0299999713897705,0,0.009999954141676426
angle,1780512923046962284,-2.0299999713897705,0,0.010000006295740604
angle,1780512923056962331,-2.0299999713897705,0,0.009999994188547134
angle,1780512923066962940,-2.0299999713897705,0,0.009999936446547508
angle,1780512923076963719,-2.0299999713897705,0,0.009999963454902172
angle,1780512923086963086,-2.0299999713897705,0,0.009999890811741352
angle,1780512923096964262,-2.0299999713897705,0,0.010000009089708328
angle,1780512923106963747,-2.0299999713897705,0,0.010000002570450306
angle,1780512923116964065,-2.0299999713897705,0,0.009999983943998814
angle,1780512923126964738,-2.0299999713897705,0,0.009999973699450493
angle,1780512923136964965,-2.0299999713897705,0,0.009999998845160007
angle,1780512923146964801,-2.0299999713897705,0,0.009999936446547508
angle,1780512923156964916,-2.0299999713897705,0,0.009999947622418404
angle,1780512923166965426,-2.0299999713897705,0,0.009999945759773254
angle,1780512923176965658,-2.0299999713897705,0,0.009999980218708515
angle,1780512923186965711,-2.0299999713897705,0,0.009999943897128105
angle,1780512923196966101,-2.0299999713897705,0,0.010000008158385754
angle,1780512923206965921,-2.0299999713897705,0,0.009999966248869896
angle,1780512923216966642,-2.0299999713897705,0,0.010000048205256462
angle,1780512923226967102,-2.0299999713897705,0,0.009999924339354038
angle,1780512923236967234,-2.0299999713897705,0,0.009999982081353664
angle,1780512923246967205,-2.0299999713897705,0,0.009999931789934635
angle,1780512923256967373,-2.0299999713897705,0,0.010000010021030903
angle,1780512923266967743,-2.0299999713897705,0,0.009999954141676426
angle,1780512923276968141,-2.0299999713897705,0,0.009999948553740978
angle,1780512923286968417,-2.0299999713897705,0,0.00999996904283762
angle,1780512923296968360,-2.0299999713897705,0,0.009999987669289112
angle,1780512923306968606,-2.0299999713897705,0,0.00999996904283762
angle,1780512923316969253,-2.0299999713897705,0,0.009999956004321575
angle,1780512923326969117,-2.0299999713897705,0,0.009999953210353851
angle,1780512923336969304,-2.0299999713897705,0,0.009999965317547321
angle,1780512923346969557,-2.0299999713897705,0,0.009999948553740978
angle,1780512923356970003,-2.0299999713897705,0,0.009999955072999
angle,1780512923366970222,-2.0299999713897705,0,0.009999965317547321
angle,1780512923376970233,-2.0299999713897705,0,0.010000007227063179
angle,1780512923386970532,-2.0299999713897705,0,0.009999970905482769
angle,1780512923396970811,-2.0299999713897705,0,0.009999984875321388
angle,1780512923406970836,-2.0299999713897705,0,0.009999942034482956
angle,1780512923416971047,-2.0299999713897705,0,0.009999963454902172
angle,1780512923426971589,-2.0299999713897705,0,0.009999986737966537
angle,1780512923436971824,-2.0299999713897705,0,0.009999983943998814
angle,1780512923446972145,-2.0299999713897705,0,0.010000026784837246
angle,1780512923456972232,-2.0299999713897705,0,0.009999954141676426
angle,1780512923466972371,-2.0299999713897705,0,0.009999963454902172
angle,1780512923476972518,-2.0299999713897705,0,0.009999946691095829
angle,1780512923486972794,-2.0299999713897705,0,0.009999961592257023
angle,1780512923496974021,-2.0299999713897705,0,0.009999988600611687
angle,1780512923506973414,-2.0299999713897705,0,0.009999890811741352
angle,1780512923516973923,-2.0299999713897705,0,0.009999982081353664
angle,1780512923528814931,-2.0299999713897705,0,0.011840828694403172
angle,1780512923538816232,-2.0299999713897705,0,0.010000035166740417
angle,1780512923548815720,-2.0299999713897705,0,0.009999874979257584
angle,1780512923558815933,-2.0299999713897705,0,0.009999943897128105
angle,1780512923568816836,-2.0299999713897705,0,0.00999996904283762
angle,1780512923578816553,-2.0299999713897705,0,0.009999937377870083
angle,1780512923588816675,-2.0299999713897705,0,0.009999947622418404
angle,1780512923598816963,-2.0299999713897705,0,0.009999939240515232
angle,1780512923608817069,-2.0299999713897705,0,0.010000001639127731
angle,1780512923618818681,-2.0299999713897705,0,0.01000000536441803
angle,1780512923628818727,-2.0299999713897705,0,0.009999924339354038
angle,1780512923638818109,-2.0299999713897705,0,0.009999915957450867
angle,1780512923648818110,-2.0299999713897705,0,0.009999938309192657
angle,1780512923658818527,-2.0299999713897705,0,0.009999941103160381
angle,1780512923668818858,-2.0299999713897705,0,0.009999995119869709
angle,1780512923678818842,-2.0299999713897705,0,0.00999999325722456
angle,1780512923688818976,-2.0299999713897705,0,0.00999994482845068
angle,1780512923698819195,-2.0299999713897705,0,0.009999936446547508
angle,1780512923708819303,-2.0299999713897705,0,0.009999992325901985
angle,1780512923718819566,-2.0299999713897705,0,0.00999997928738594
angle,1780512923728820034,-2.0299999713897705,0,0.009999968111515045
angle,1780512923738820049,-2.0299999713897705,0,0.009999924339354038
angle,1780512923748820564,-2.0299999713897705,0,0.009999946691095829
angle,1780512923758820423,-2.0299999713897705,0,0.00999994296580553
angle,1780512923768820917,-2.0299999713897705,0,0.009999974630773067
angle,1780512923778820958,-2.0299999713897705,0,0.009999982081353664
angle,1780512923788821382,-2.0299999713897705,0,0.009999956004321575
angle,1780512923798821337,-2.0299999713897705,0,0.009999983943998814
angle,1780512923808821665,-2.0299999713897705,0,0.009999980218708515
angle,1780512923818822016,-2.0299999713897705,0,0.009999961592257023
angle,1780512923828822079,-2.0299999713897705,0,0.009999937377870083
angle,1780512923838822254,-2.0299999713897705,0,0.009999987669289112
angle,1780512923848824083,-2.0299999713897705,0,0.009999946691095829
angle,1780512923858822736,-2.0299999713897705,0,0.009999901056289673
angle,1780512923868823250,-2.0299999713897705,0,0.009999984875321388
angle,1780512923878823481,-2.0299999713897705,0,0.009999975562095642
angle,1780512923888824047,-2.0299999713897705,0,0.00999996904283762
angle,1780512923898824068,-2.0299999713897705,0,0.009999963454902172
angle,1780512923908824670,-2.0299999713897705,0,0.009999998845160007
angle,1780512923918824661,-2.0299999713897705,0,0.009999973699450493
angle,1780512923928825006,-2.0299999713897705,0,0.009999972768127918
angle,1780512923938826501,-2.0299999713897705,0,0.009999988600611687
angle,1780512923948825659,-2.0299999713897705,0,0.009999910369515419
angle,1780512923958825674,-2.0299999713897705,0,0.009999954141676426
angle,1780512923968825940,-2.0299999713897705,0,0.009999970905482769
angle,1780512923978828063,-2.0299999713897705,0,0.009999936446547508
angle,1780512923988826102,-2.0299999713897705,0,0.009999934583902359
angle,1780512923998826391,-2.0299999713897705,0,0.009999998845160007
angle,1780512924008826858,-2.0299999713897705,0,0.009999972768127918
angle,1780512924018827393,-2.0299999713897705,0,0.009999965317547321
angle,1780512924028827696,-2.0299999713897705,0,0.009999998845160007
angle,1780512924038827650,-2.0299999713897705,0,0.009999902918934822
angle,1780512924048827938,-2.0299999713897705,0,0.009999971836805344
angle,1780512924058828393,-2.0299999713897705,0,0.009999952279031277
angle,1780512924068828658,-2.0299999713897705,0,0.010000001639127731
angle,1780512924078828814,-2.0299999713897705,0,0.009999985806643963
angle,1780512924088829157,-2.0299999713897705,0,0.00999997928738594
angle,1780512924098829331,-2.0299999713897705,0,0.009999985806643963
angle,1780512924108829646,-2.0299999713897705,0,0.009999995119869709
angle,1780512924118829824,-2.0299999713897705,0,0.009999990463256836
angle,1780512924128830186,-2.0299999713897705,0,0.009999971836805344
angle,1780512924138830349,-2.0299999713897705,0,0.009999998845160007
angle,1780512924148830892,-2.0299999713897705,0,0.009999997913837433
angle,1780512924158831416,-2.0299999713897705,0,0.009999901987612247
angle,1780512924168831230,-2.0299999713897705,0,0.009999945759773254
angle,1780512924178831377,-2.0299999713897705,0,0.009999971836805344
angle,1780512924188831405,-2.0299999713897705,0,0.009999950416386127
angle,1780512924198831967,-2.0299999713897705,0,0.009999939240515232
angle,1780512924208832173,-2.0299999713897705,0,0.009999974630773067
angle,1780512924218832822,-2.0299999713897705,0,0.009999975562095642
angle,1780512924228832767,-2.0299999713897705,0,0.009999942034482956
angle,1780512924238833073,-2.0299999713897705,0,0.010000009089708328
angle,1780512924248833698,-2.0299999713897705,0,0.010000007227063179
angle,1780512924258833745,-2.0299999713897705,0,0.00999996904283762
angle,1780512924268833826,-2.0299999713897705,0,0.009999973699450493
angle,1780512924278834410,-2.0299999713897705,0,0.00999999325722456
angle,1780512924288834578,-2.0299999713897705,0,0.009999985806643963
angle,1780512924298834567,-2.0299999713897705,0,0.009999977424740791
angle,1780512924308834894,-2.0299999713897705,0,0.009999973699450493
angle,1780512924318835204,-2.0299999713897705,0,0.009999940171837807
angle,1780512924328835402,-2.0299999713897705,0,0.009999995119869709
angle,1780512924338836022,-2.0299999713897705,0,0.009999980218708515
angle,1780512924348835852,-2.0299999713897705,0,0.009999929927289486
angle,1780512924358836151,-2.0299999713897705,0,0.009999983012676239
angle,1780512924368836405,-2.0299999713897705,0,0.00999994296580553
angle,1780512924378836825,-2.0299999713897705,0,0.009999940171837807
angle,1780512924388837070,-2.0299999713897705,0,0.009999954141676426
angle,1780512924398837221,-2.0299999713897705,0,0.009999950416386127
angle,1780512924408837526,-2.0299999713897705,0,0.010000006295740604
angle,1780512924418837604,-2.0299999713897705,0,0.00999992061406374
angle,1780512924428838363,-2.0299999713897705,0,0.009999999776482582
angle,1780512924438838060,-2.0299999713897705,0,0.010000006295740604
angle,1780512924448838515,-2.0299999713897705,0,0.009999983943998814
angle,1780512924458838584,-2.0299999713897705,0,0.009999986737966537
angle,1780512924468839207,-2.0299999713897705,0,0.009999952279031277
angle,1780512924478839672,-2.0299999713897705,0,0.009999980218708515
angle,1780512924488839481,-2.0299999713897705,0,0.009999995119869709
angle,1780512924498839960,-2.0299999713897705,0,0.009999933652579784
angle,1780512924508840300,-2.0299999713897705,0,0.009999983012676239
angle,1780512924518840490,-2.0299999713897705,0,0.009999965317547321
angle,1780512924528840606,-2.0299999713897705,0,0.00999995693564415
angle,1780512924538840802,-2.0299999713897705,0,0.00999999139457941
angle,1780512924548841000,-2.0299999713897705,0,0.009999951347708702
angle,1780512924558841122,-2.0299999713897705,0,0.009999942034482956
angle,1780512924568841304,-2.0299999713897705,0,0.00999994482845068
angle,1780512924578841681,-2.0299999713897705,0,0.009999959729611874
angle,1780512924588844234,-2.0299999713897705,0,0.00999998115003109
angle,1780512924598844260,-2.0299999713897705,0,0.009999849833548069
angle,1780512924608842349,-2.0299999713897705,0,0.009999897330999374
angle,1780512924618842559,-2.0299999713897705,0,0.009999948553740978
angle,1780512924628842789,-2.0299999713897705,0,0.009999983012676239
angle,1780512924638843067,-2.0299999713897705,0,0.009999966248869896
angle,1780512924648843225,-2.0299999713897705,0,0.009999941103160381
angle,1780512924658843429,-2.0299999713897705,0,0.009999970905482769
angle,1780512924668843686,-2.0299999713897705,0,0.009999963454902172
angle,1780512924678843892,-2.0299999713897705,0,0.009999942034482956
angle,1780512924688844381,-2.0299999713897705,0,0.010000004433095455
angle,1780512924698844507,-2.0299999713897705,0,0.00999995693564415
angle,1780512924708844683,-2.0299999713897705,0,0.009999938309192657
angle,1780512924718844923,-2.0299999713897705,0,0.009999972768127918
angle,1780512924728845302,-2.0299999713897705,0,0.010000002570450306
angle,1780512924738845755,-2.0299999713897705,0,0.00999996718019247
angle,1780512924748845770,-2.0299999713897705,0,0.00999996904283762
angle,1780512924758846118,-2.0299999713897705,0,0.010000002570450306
angle,1780512924768846208,-2.0299999713897705,0,0.009999974630773067
angle,1780512924778847737,-2.0299999713897705,0,0.009999938309192657
angle,1780512924788848198,-2.0299999713897705,0,0.009999901987612247
angle,1780512924798846822,-2.0299999713897705,0,0.009999903850257397
angle,1780512924808847100,-2.0299999713897705,0,0.009999974630773067
angle,1780512924818847580,-2.0299999713897705,0,0.009999985806643963
angle,1780512924828847799,-2.0299999713897705,0,0.009999938309192657
angle,1780512924838848771,-2.0299999713897705,0,0.01000000536441803
angle,1780512924848848549,-2.0299999713897705,0,0.00999987032264471
angle,1780512924858850179,-2.0299999713897705,0,0.009999971836805344
angle,1780512924868849108,-2.0299999713897705,0,0.009999943897128105
angle,1780512924878848988,-2.0299999713897705,0,0.00999999139457941
angle,1780512924888849415,-2.0299999713897705,0,0.00999995693564415
angle,1780512924898849834,-2.0299999713897705,0,0.009999973699450493
angle,1780512924908850511,-2.0299999713897705,0,0.009999980218708515
angle,1780512924918849865,-2.0299999713897705,0,0.009999915957450867
angle,1780512924928850064,-2.0299999713897705,0,0.009999998845160007
angle,1780512924938850699,-2.0299999713897705,0,0.009999933652579784
angle,1780512924948851040,-2.0299999713897705,0,0.009999965317547321
angle,1780512924958851101,-2.0299999713897705,0,0.00999998115003109
angle,1780512924968851610,-2.0299999713897705,0,0.009999999776482582
angle,1780512924978851801,-2.0299999713897705,0,0.009999915957450867
angle,1780512924988852088,-2.0299999713897705,0,0.009999928995966911
angle,1780512924998852019,-2.0299999713897705,0,0.009999954141676426
angle,1780512925008852371,-2.0299999713897705,0,0.00999993272125721
angle,1780512925018853064,-2.0299999713897705,0,0.009999994188547134
angle,1780512925028852898,-2.0299999713897705,0,0.009999873116612434
angle,1780512925038853660,-2.0299999713897705,0,0.009999995119869709
angle,1780512925048853584,-2.0299999713897705,0,0.009999969974160194
angle,1780512925058853775,-2.0299999713897705,0,0.009999953210353851
angle,1780512925068853834,-2.0299999713897705,0,0.009999901987612247
angle,1780512925078854644,-2.0299999713897705,0,0.009999963454902172
angle,1780512925088854394,-2.0299999713897705,0,0.00999995693564415
angle,1780512925098854966,-2.0299999713897705,0,0.009999969974160194
angle,1780512925108854844,-2.0299999713897705,0,0.00999997928738594
angle,1780512925118855239,-2.0299999713897705,0,0.009999972768127918
angle,1780512925128855532,-2.0299999713897705,0,0.009999985806643963
angle,1780512925138856707,-2.0299999713897705,0,0.009999946691095829
angle,1780512925148856271,-2.0299999713897705,0,0.009999878704547882
angle,1780512925160560187,-2.0299999713897705,0,0.01170332171022892
angle,1780512925170560859,-2.0299999713897705,0,0.009999996051192284
angle,1780512925180561022,-2.0299999713897705,0,0.009999992325901985
angle,1780512925190561289,-2.0299999713897705,0,0.010000000707805157
angle,1780512925200561479,-2.0299999713897705,0,0.009999994188547134
angle,1780512925210561644,-2.0299999713897705,0,0.009999978356063366
angle,1780512925220562038,-2.0299999713897705,0,0.009999951347708702
angle,1780512925230562852,-2.0299999713897705,0,0.00999999325722456
angle,1780512925240562883,-2.0299999713897705,0,0.009999926201999187
angle,1780512925250562759,-2.0299999713897705,0,0.00999999325722456
angle,1780512925260563098,-2.0299999713897705,0,0.009999958798289299
angle,1780512925270563968,-2.0299999713897705,0,0.009999983943998814
angle,1780512925280563968,-2.0299999713897705,0,0.009999973699450493
angle,1780512925290563749,-2.0299999713897705,0,0.00999997928738594
angle,1780512925300564045,-2.0299999713897705,0,0.009999943897128105
angle,1780512925310564222,-2.0299999713897705,0,0.009999983943998814
angle,1780512925320564233,-2.0299999713897705,0,0.009999960660934448
angle,1780512925330564567,-2.0299999713897705,0,0.010000010952353477
angle,1780512925340565209,-2.0299999713897705,0,0.009999951347708702
angle,1780512925350565214,-2.0299999713897705,0,0.009999888949096203
angle,1780512925360565932,-2.0299999713897705,0,0.009999997913837433
angle,1780512925370565929,-2.0299999713897705,0,0.009999917820096016
angle,1780512925380566489,-2.0299999713897705,0,0.009999941103160381
angle,1780512925390566589,-2.0299999713897705,0,0.010000009089708328
angle,1780512925400566529,-2.0299999713897705,0,0.010000009089708328
angle,1780512925410566804,-2.0299999713897705,0,0.009999956004321575
angle,1780512925420566928,-2.0299999713897705,0,0.009999974630773067
angle,1780512925430567411,-2.0299999713897705,0,0.009999972768127918
angle,1780512925440568347,-2.0299999713897705,0,0.009999940171837807
angle,1780512925450567825,-2.0299999713897705,0,0.009999928064644337
angle,1780512925460568071,-2.0299999713897705,0,0.009999992325901985
angle,1780512925470568391,-2.0299999713897705,0,0.009999965317547321
angle,1780512925480569119,-2.0299999713897705,0,0.010000008158385754
angle,1780512925490570450,-2.0299999713897705,0,0.010000002570450306
angle,1780512925500570930,-2.0299999713897705,0,0.009999883361160755
angle,1780512925510569586,-2.0299999713897705,0,0.009999940171837807
angle,1780512925520569516,-2.0299999713897705,0,0.009999977424740791
angle,1780512925530569918,-2.0299999713897705,0,0.009999955072999
angle,1780512925540570344,-2.0299999713897705,0,0.009999982081353664
angle,1780512925550570323,-2.0299999713897705,0,0.010000001639127731
angle,1780512925560570834,-2.0299999713897705,0,0.009999972768127918
angle,1780512925570570904,-2.0299999713897705,0,0.009999969974160194
angle,1780512925580571539,-2.0299999713897705,0,0.009999996982514858
angle,1780512925590571264,-2.0299999713897705,0,0.00999996904283762
angle,1780512925600571553,-2.0299999713897705,0,0.009999998845160007
angle,1780512925610571796,-2.0299999713897705,0,0.009999971836805344
angle,1780512925620572016,-2.0299999713897705,0,0.009999954141676426
angle,1780512925630572173,-2.0299999713897705,0,0.009999988600611687
angle,1780512925640572713,-2.0299999713897705,0,0.009999984875321388
angle,1780512925650572791,-2.0299999713897705,0,0.009999974630773067
angle,1780512925660572835,-2.0299999713897705,0,0.009999957866966724
angle,1780512925670573669,-2.0299999713897705,0,0.009999983012676239
angle,1780512925680573771,-2.0299999713897705,0,0.009999984875321388
angle,1780512925690573767,-2.0299999713897705,0,0.009999980218708515
angle,1780512925700574686,-2.0299999713897705,0,0.009999953210353851
angle,1780512925710574142,-2.0299999713897705,0,0.009999866597354412
angle,1780512925720574436,-2.0299999713897705,0,0.009999994188547134
angle,1780512925730574694,-2.0299999713897705,0,0.009999939240515232
angle,1780512925740575173,-2.0299999713897705,0,0.009999985806643963
angle,1780512925750575585,-2.0299999713897705,0,0.010000047273933887
angle,1780512925760575778,-2.0299999713897705,0,0.009999942034482956
angle,1780512925770575744,-2.0299999713897705,0,0.009999939240515232
angle,1780512925780576177,-2.0299999713897705,0,0.009999982081353664
angle,1780512925790576247,-2.0299999713897705,0,0.009999958798289299
angle,1780512925800576522,-2.0299999713897705,0,0.010000004433095455
angle,1780512925810576717,-2.0299999713897705,0,0.009999966248869896
angle,1780512925820577079,-2.0299999713897705,0,0.009999937377870083
angle,1780512925830577421,-2.0299999713897705,0,0.009999968111515045
angle,1780512925840577821,-2.0299999713897705,0,0.009999943897128105
angle,1780512925850578268,-2.0299999713897705,0,0.010000007227063179
angle,1780512925860580148,-2.0299999713897705,0,0.009999987669289112
angle,1780512925870578313,-2.0299999713897705,0,0.009999915957450867
angle,1780512925880578613,-2.0299999713897705,0,0.009999936446547508
angle,1780512925890578883,-2.0299999713897705,0,0.009999945759773254
angle,1780512925900579006,-2.0299999713897705,0,0.00999998115003109
angle,1780512925910579412,-2.0299999713897705,0,0.010000010021030903
angle,1780512925920579670,-2.0299999713897705,0,0.00999999325722456
angle,1780512925930579596,-2.0299999713897705,0,0.009999958798289299
angle,1780512925940580033,-2.0299999713897705,0,0.01000000536441803
angle,1780512925950580040,-2.0299999713897705,0,0.009999950416386127
angle,1780512925960580651,-2.0299999713897705,0,0.009999943897128105
angle,1780512925970581178,-2.0299999713897705,0,0.009999955072999
angle,1780512925982808456,-2.0299999713897705,0,0.012227230705320835
angle,1780512925992810353,-2.0299999713897705,0,0.010000040754675865
angle,1780512926002810626,-2.0299999713897705,0,0.009999948553740978
angle,1780512926012811022,-2.0299999713897705,0,0.009999910369515419
angle,1780512926022810865,-2.0299999713897705,0,0.009999838657677174
angle,1780512926032810903,-2.0299999713897705,0,0.00999998115003109
angle,1780512926042811784,-2.0299999713897705,0,0.009999985806643963
angle,1780512926052812147,-2.0299999713897705,0,0.009999936446547508
angle,1780512926062811693,-2.0299999713897705,0,0.009999990463256836
angle,1780512926072812010,-2.0299999713897705,0,0.009999975562095642
angle,1780512926082812063,-2.0299999713897705,0,0.009999950416386127
angle,1780512926092812638,-2.0299999713897705,0,0.009999983012676239
angle,1780512926102812528,-2.0299999713897705,0,0.009999961592257023
angle,1780512926112812797,-2.0299999713897705,0,0.009999945759773254
angle,1780512926122812941,-2.0299999713897705,0,0.009999999776482582
angle,1780512926132813326,-2.0299999713897705,0,0.01000000536441803
angle,1780512926142813570,-2.0299999713897705,0,0.009999945759773254
angle,1780512926152813753,-2.0299999713897705,0,0.010000004433095455
angle,1780512926162813877,-2.0299999713897705,0,0.00999996904283762
angle,1780512926172814149,-2.0299999713897705,0,0.009999946691095829
angle,1780512926182814871,-2.0299999713897705,0,0.009999998845160007
angle,1780512926192814790,-2.0299999713897705,0,0.009999961592257023
angle,1780512926202814963,-2.0299999713897705,0,0.009999982081353664
angle,1780512926212815155,-2.0299999713897705,0,0.009999960660934448
angle,1780512926222815601,-2.0299999713897705,0,0.00999999325722456
angle,1780512926232815948,-2.0299999713897705,0,0.009999955072999
angle,1780512926242816223,-2.0299999713897705,0,0.009999925270676613
angle,1780512926252817352,-2.0299999713897705,0,0.009999929927289486
angle,1780512926262816380,-2.0299999713897705,0,0.009999891743063927
angle,1780512926272816717,-2.0299999713897705,0,0.010000008158385754
angle,1780512926282817128,-2.0299999713897705,0,0.009999998845160007
angle,1780512926292817257,-2.0299999713897705,0,0.009999992325901985
angle,1780512926302817392,-2.0299999713897705,0,0.009999938309192657
angle,1780512926312817931,-2.0299999713897705,0,0.00999996904283762
angle,1780512926322818150,-2.0299999713897705,0,0.010000002570450306
angle,1780512926332818161,-2.0299999713897705,0,0.00999996718019247
angle,1780512926342823373,-2.0299999713897705,0,0.00999999139457941
angle,1780512926352819029,-2.0299999713897705,0,0.009998557157814503
angle,1780512926362819244,-2.0299999713897705,0,0.009999956004321575
angle,1780512926372819424,-2.0299999713897705,0,0.009999964386224747
angle,1780512926382819529,-2.0299999713897705,0,0.009999946691095829
angle,1780512926392820840,-2.0299999713897705,0,0.009999971836805344
angle,1780512926402820358,-2.0299999713897705,0,0.009999940171837807
angle,1780512926412820154,-2.0299999713897705,0,0.009999888949096203
angle,1780512926422820380,-2.0299999713897705,0,0.009999978356063366
angle,1780512926432821874,-2.0299999713897705,0,0.00999997928738594
angle,1780512926442821293,-2.0299999713897705,0,0.009999928064644337
angle,1780512926452821567,-2.0299999713897705,0,0.009999917820096016
angle,1780512926462821427,-2.0299999713897705,0,0.010000020265579224
angle,1780512926472821504,-2.0299999713897705,0,0.009999959729611874
angle,1780512926482821817,-2.0299999713897705,0,0.009999968111515045
angle,1780512926492822202,-2.0299999713897705,0,0.009999950416386127
angle,1780512926502822206,-2.0299999713897705,0,0.009999945759773254
angle,1780512926512822628,-2.0299999713897705,0,0.009999952279031277
angle,1780512926522822607,-2.0299999713897705,0,0.009999936446547508
angle,1780512926532822871,-2.0299999713897705,0,0.009999958798289299
angle,1780512926542823567,-2.0299999713897705,0,0.009999961592257023
angle,1780512926552823548,-2.0299999713897705,0,0.009999953210353851
angle,1780512926562823501,-2.0299999713897705,0,0.00999990664422512
angle,1780512926572823808,-2.0299999713897705,0,0.009999983012676239
angle,1780512926582824343,-2.0299999713897705,0,0.009999996051192284
angle,1780512926592824749,-2.0299999713897705,0,0.009999977424740791
angle,1780512926602824962,-2.0299999713897705,0,0.009999960660934448
angle,1780512926612827756,-2.0299999713897705,0,0.009999947622418404
angle,1780512926622826281,-2.0299999713897705,0,0.00999993272125721
angle,1780512926632826418,-2.0299999713897705,0,0.009999984875321388
angle,1780512926642827317,-2.0299999713897705,0,0.009999837726354599
angle,1780512926652826268,-2.0299999713897705,0,0.009999899193644524
angle,1780512926662826092,-2.0299999713897705,0,0.009999986737966537
angle,1780512926672826728,-2.0299999713897705,0,0.009999947622418404
angle,1780512926682826723,-2.0299999713897705,0,0.009999961592257023
angle,1780512926692826938,-2.0299999713897705,0,0.009999974630773067
angle,1780512926702827199,-2.0299999713897705,0,0.009999986737966537
angle,1780512926712827496,-2.0299999713897705,0,0.009999984875321388
angle,1780512926722827546,-2.0299999713897705,0,0.009999980218708515
angle,1780512926732827826,-2.0299999713897705,0,0.010000000707805157
angle,1780512926742828342,-2.0299999713897705,0,0.009999997913837433
angle,1780512926752828389,-2.0299999713897705,0,0.009999977424740791
angle,1780512926762829482,-2.0299999713897705,0,0.009999974630773067
angle,1780512926773428792,-2.0299999713897705,0,0.010595489293336868
angle,1780512926783428502,-2.0299999713897705,0,0.009999873116612434
angle,1780512926793428993,-2.0299999713897705,0,0.00999991875141859
angle,1780512926803427660,-2.0299999713897705,0,0.00999989453703165
angle,1780512926813428369,-2.0299999713897705,0,0.009999965317547321
angle,1780512926823428165,-2.0299999713897705,0,0.009999965317547321
angle,1780512926833429053,-2.0299999713897705,0,0.009999955072999
angle,1780512926843429172,-2.0299999713897705,0,0.009999886155128479
angle,1780512926853429221,-2.0299999713897705,0,0.009999995119869709
angle,1780512926863430181,-2.0299999713897705,0,0.009999978356063366
angle,1780512926873429253,-2.0299999713897705,0,0.009999953210353851
angle,1780512926883429599,-2.0299999713897705,0,0.009999994188547134
angle,1780512926893429745,-2.0299999713897705,0,0.009999987669289112
angle,1780512926903430998,-2.0299999713897705,0,0.009999950416386127
angle,1780512926913430132,-2.0299999713897705,0,0.00999990664422512
angle,1780512926923430501,-2.0299999713897705,0,0.010000006295740604
angle,1780512926933430779,-2.0299999713897705,0,0.009999988600611687
angle,1780512926943431033,-2.0299999713897705,0,0.009999960660934448
angle,1780512926953431368,-2.0299999713897705,0,0.00999994296580553
angle,1780512926963431668,-2.0299999713897705,0,0.009999950416386127
angle,1780512926973431939,-2.0299999713897705,0,0.009999997913837433
angle,1780512926983431816,-2.0299999713897705,0,0.009999992325901985
angle,1780512926993432200,-2.0299999713897705,0,0.009999998845160007
angle,1780512927003432651,-2.0299999713897705,0,0.009999957866966724
angle,1780512927015124525,-2.0299999713897705,0,0.011691237799823284
angle,1780512927025124932,-2.0299999713897705,0,0.009999956004321575
angle,1780512927035125362,-2.0299999713897705,0,0.009999942034482956
angle,1780512927045125643,-2.0299999713897705,0,0.00999994296580553
angle,1780512927055125681,-2.0299999713897705,0,0.009999951347708702
angle,1780512927065126223,-2.0299999713897705,0,0.00999996718019247
angle,1780512927075126018,-2.0299999713897705,0,0.009999942034482956
angle,1780512927085126118,-2.0299999713897705,0,0.009999934583902359
angle,1780512927095126765,-2.0299999713897705,0,0.009999963454902172
angle,1780512927105126834,-2.0299999713897705,0,0.009999936446547508
angle,1780512927115126974,-2.0299999713897705,0,0.009999966248869896
angle,1780512927125127202,-2.0299999713897705,0,0.009999990463256836
angle,1780512927135127325,-2.0299999713897705,0,0.009999934583902359
angle,1780512927145127635,-2.0299999713897705,0,0.00999995693564415
angle,1780512927155127915,-2.0299999713897705,0,0.009999937377870083
angle,1780512927165127901,-2.0299999713897705,0,0.009999937377870083
angle,1780512927175128237,-2.0299999713897705,0,0.009999978356063366
angle,1780512927185128682,-2.0299999713897705,0,0.010000000707805157
angle,1780512927195129547,-2.0299999713897705,0,0.009999978356063366
angle,1780512927205129079,-2.0299999713897705,0,0.0099998963996768
angle,1780512927215129272,-2.0299999713897705,0,0.009999978356063366
angle,1780512927225130284,-2.0299999713897705,0,0.009999954141676426
angle,1780512927235129964,-2.0299999713897705,0,0.00999996718019247
angle,1780512927245130602,-2.0299999713897705,0,0.010000019334256649
angle,1780512927255130366,-2.0299999713897705,0,0.009999939240515232
angle,1780512927265130886,-2.0299999713897705,0,0.009999946691095829
angle,1780512927275131258,-2.0299999713897705,0,0.009999968111515045
angle,1780512927285131861,-2.0299999713897705,0,0.00999993085861206
angle,1780512927295131649,-2.0299999713897705,0,0.009999927133321762
angle,1780512927305131573,-2.0299999713897705,0,0.009999880567193031
angle,1780512927315131763,-2.0299999713897705,0,0.009999941103160381
angle,1780512927325132154,-2.0299999713897705,0,0.009999984875321388
angle,1780512927335132360,-2.0299999713897705,0,0.009999969974160194
angle,1780512927345132773,-2.0299999713897705,0,0.009999980218708515
angle,1780512927355133101,-2.0299999713897705,0,0.009999985806643963
angle,1780512927365133149,-2.0299999713897705,0,0.009999948553740978
angle,1780512927375133314,-2.0299999713897705,0,0.009999936446547508
angle,1780512927385133649,-2.0299999713897705,0,0.009999966248869896
angle,1780512927395134062,-2.0299999713897705,0,0.009999921545386314
angle,1780512927405136785,-2.0299999713897705,0,0.009999973699450493
angle,1780512927415136927,-2.0299999713897705,0,0.009999879635870457
angle,1780512927425136420,-2.0299999713897705,0,0.009999849833548069
angle,1780512927435135259,-2.0299999713897705,0,0.009999936446547508
angle,1780512927445135094,-2.0299999713897705,0,0.009999941103160381
angle,1780512927455135327,-2.0299999713897705,0,0.009999954141676426
angle,1780512927465135641,-2.0299999713897705,0,0.009999980218708515
angle,1780512927475135853,-2.0299999713897705,0,0.009999946691095829
angle,1780512927485136043,-2.0299999713897705,0,0.009999965317547321
angle,1780512927495137399,-2.0299999713897705,0,0.009999975562095642
angle,1780512927505136856,-2.0299999713897705,0,0.009999876841902733
angle,1780512927515136870,-2.0299999713897705,0,0.00999990664422512
angle,1780512927525136824,-2.0299999713897705,0,0.009999961592257023
angle,1780512927535137208,-2.0299999713897705,0,0.009999951347708702
angle,1780512927545137282,-2.0299999713897705,0,0.00999999139457941
angle,1780512927555137949,-2.0299999713897705,0,0.010000010021030903
angle,1780512927565137738,-2.0299999713897705,0,0.010000000707805157
angle,1780512927575138028,-2.0299999713897705,0,0.009999999776482582
angle,1780512927585138264,-2.0299999713897705,0,0.009999984875321388
angle,1780512927595138624,-2.0299999713897705,0,0.00999994482845068
angle,1780512927605138651,-2.0299999713897705,0,0.009999961592257023
angle,1780512927615138811,-2.0299999713897705,0,0.009999997913837433
angle,1780512927625139047,-2.0299999713897705,0,0.009999938309192657
angle,1780512927635139374,-2.0299999713897705,0,0.00999999139457941
angle,1780512927645139871,-2.0299999713897705,0,0.009999986737966537
angle,1780512927655140035,-2.0299999713897705,0,0.009999983943998814
angle,1780512927665140106,-2.0299999713897705,0,0.009999992325901985
angle,1780512927675140328,-2.0299999713897705,0,0.009999980218708515
angle,1780512927685140738,-2.0299999713897705,0,0.00999996718019247
angle,1780512927695141190,-2.0299999713897705,0,0.009999939240515232
angle,1780512927705141295,-2.0299999713897705,0,0.00999994296580553
angle,1780512927715141584,-2.0299999713897705,0,0.009999947622418404
angle,1780512927725142309,-2.0299999713897705,0,0.009999963454902172
angle,1780512927735142132,-2.0299999713897705,0,0.009999924339354038
angle,1780512927745142104,-2.0299999713897705,0,0.00999999139457941
angle,1780512927755142495,-2.0299999713897705,0,0.009999954141676426
angle,1780512927765142553,-2.0299999713897705,0,0.010000006295740604
angle,1780512927775142786,-2.0299999713897705,0,0.009999947622418404
angle,1780512927785143396,-2.0299999713897705,0,0.009999980218708515
angle,1780512927795143396,-2.0299999713897705,0,0.009999951347708702
angle,1780512927805143599,-2.0299999713897705,0,0.009999970905482769
angle,1780512927815144020,-2.0299999713897705,0,0.00999995693564415
angle,1780512927825144326,-2.0299999713897705,0,0.009999933652579784
angle,1780512927835144317,-2.0299999713897705,0,0.010000000707805157
angle,1780512927845144442,-2.0299999713897705,0,0.009999975562095642
angle,1780512927855144797,-2.0299999713897705,0,0.009999985806643963
angle,1780512927865146408,-2.0299999713897705,0,0.00999997928738594
angle,1780512927875145333,-2.0299999713897705,0,0.009999954141676426
angle,1780512927885145656,-2.0299999713897705,0,0.009999931789934635
angle,1780512927895145812,-2.0299999713897705,0,0.009999986737966537
angle,1780512927905146880,-2.0299999713897705,0,0.01000000536441803
angle,1780512927915146366,-2.0299999713897705,0,0.009999952279031277
angle,1780512927925146443,-2.0299999713897705,0,0.009999947622418404
angle,1780512927935146659,-2.0299999713897705,0,0.009999972768127918
angle,1780512927945147127,-2.0299999713897705,0,0.009999977424740791
angle,1780512927955147306,-2.0299999713897705,0,0.009999988600611687
angle,1780512927965147358,-2.0299999713897705,0,0.009999888017773628
angle,1780512927975149821,-2.0299999713897705,0,0.009999999776482582
angle,1780512927985149290,-2.0299999713897705,0,0.009999912232160568
angle,1780512927995148238,-2.0299999713897705,0,0.009999956004321575
angle,1780512928005148599,-2.0299999713897705,0,0.009999934583902359
angle,1780512928015149975,-2.0299999713897705,0,0.009999942034482956
angle,1780512928025148600,-2.0299999713897705,0,0.009999921545386314
angle,1780512928035149171,-2.0299999713897705,0,0.009999954141676426
angle,1780512928045149139,-2.0299999713897705,0,0.009999977424740791
angle,1780512928055149740,-2.0299999713897705,0,0.009999933652579784
angle,1780512928065149979,-2.0299999713897705,0,0.009999874047935009
angle,1780512928075149800,-2.0299999713897705,0,0.009999971836805344
angle,1780512928085150043,-2.0299999713897705,0,0.009999988600611687
angle,1780512928095150831,-2.0299999713897705,0,0.009999972768127918
angle,1780512928105150605,-2.0299999713897705,0,0.009999901987612247
angle,1780512928115150680,-2.0299999713897705,0,0.009999958798289299
angle,1780512928125150909,-2.0299999713897705,0,0.009999960660934448
angle,1780512928135151151,-2.0299999713897705,0,0.009999983943998814
angle,1780512928145151389,-2.0299999713897705,0,0.009999988600611687
angle,1780512928155152549,-2.0299999713897705,0,0.009999960660934448
angle,1780512928165152062,-2.0299999713897705,0,0.009999880567193031
angle,1780512928175152409,-2.0299999713897705,0,0.009999940171837807
angle,1780512928185152376,-2.0299999713897705,0,0.01000000536441803
angle,1780512928195152983,-2.0299999713897705,0,0.009999971836805344
angle,1780512928205152945,-2.0299999713897705,0,0.009999998845160007
angle,1780512928215153056,-2.0299999713897705,0,0.009999960660934448
angle,1780512928225153100,-2.0299999713897705,0,0.009999943897128105
angle,1780512928235153643,-2.0299999713897705,0,0.009999987669289112
angle,1780512928245153777,-2.0299999713897705,0,0.009999966248869896
angle,1780512928255154004,-2.0299999713897705,0,0.009999933652579784
angle,1780512928265154283,-2.0299999713897705,0,0.009999968111515045
angle,1780512928275157640,-2.0299999713897705,0,0.009999961592257023
angle,1780512928285157501,-2.0299999713897705,0,0.009999226778745651
angle,1780512928295156825,-2.0299999713897705,0,0.009999844245612621
angle,1780512928305155894,-2.0299999713897705,0,0.009999905712902546
angle,1780512928315156217,-2.0299999713897705,0,0.009999971836805344
angle,1780512928325156642,-2.0299999713897705,0,0.009999958798289299
angle,1780512928335156463,-2.0299999713897705,0,0.009999963454902172
angle,1780512928345156869,-2.0299999713897705,0,0.00999996718019247
angle,1780512928355157973,-2.0299999713897705,0,0.00999996718019247
angle,1780512928365157360,-2.0299999713897705,0,0.009999868459999561
angle,1780512928375157860,-2.0299999713897705,0,0.009999984875321388
angle,1780512928385157744,-2.0299999713897705,0,0.009999942034482956
angle,1780512928395158067,-2.0299999713897705,0,0.009999929927289486
angle,1780512928405158243,-2.0299999713897705,0,0.009999959729611874
angle,1780512928415158341,-2.0299999713897705,0,0.00999995693564415
angle,1780512928425158649,-2.0299999713897705,0,0.00999998115003109
angle,1780512928435158728,-2.0299999713897705,0,0.00999996904283762
angle,1780512928445159417,-2.0299999713897705,0,0.009999943897128105
angle,1780512928455159263,-2.0299999713897705,0,0.009999986737966537
angle,1780512928465159534,-2.0299999713897705,0,0.00999996904283762
angle,1780512928475159782,-2.0299999713897705,0,0.009999999776482582
angle,1780512928485160106,-2.0299999713897705,0,0.009999938309192657
angle,1780512928495160195,-2.0299999713897705,0,0.009999945759773254
angle,1780512928505160507,-2.0299999713897705,0,0.009999968111515045
angle,1780512928515160847,-2.0299999713897705,0,0.010000000707805157
angle,1780512928525161018,-2.0299999713897705,0,0.009999978356063366
angle,1780512928535161145,-2.0299999713897705,0,0.009999943897128105
angle,1780512928545161225,-2.0299999713897705,0,0.009999971836805344
angle,1780512928555161524,-2.0299999713897705,0,0.009999970905482769
angle,1780512928565161756,-2.0299999713897705,0,0.009999940171837807
angle,1780512928575162068,-2.0299999713897705,0,0.009999995119869709
angle,1780512928585162417,-2.0299999713897705,0,0.009999999776482582
angle,1780512928595162637,-2.0299999713897705,0,0.009999969974160194
angle,1780512928605162865,-2.0299999713897705,0,0.009999968111515045
angle,1780512928615162734,-2.0299999713897705,0,0.009999950416386127
angle,1780512928625163451,-2.0299999713897705,0,0.010000001639127731
angle,1780512928635163475,-2.0299999713897705,0,0.009999997913837433
angle,1780512928645163628,-2.0299999713897705,0,0.009999951347708702
angle,1780512928655163978,-2.0299999713897705,0,0.010000007227063179
angle,1780512928665164199,-2.0299999713897705,0,0.00999997928738594
angle,1780512928675164465,-2.0299999713897705,0,0.009999987669289112
angle,1780512928685164491,-2.0299999713897705,0,0.009999951347708702
angle,1780512928695164857,-2.0299999713897705,0,0.00999996904283762
angle,1780512928705165021,-2.0299999713897705,0,0.009999964386224747
angle,1780512928715165664,-2.0299999713897705,0,0.009999963454902172
angle,1780512928725165512,-2.0299999713897705,0,0.010000007227063179
angle,1780512928735165727,-2.0299999713897705,0,0.009999956004321575
angle,1780512928745165837,-2.0299999713897705,0,0.009999954141676426
angle,1780512928755167006,-2.0299999713897705,0,0.009999973699450493
angle,1780512928765166327,-2.0299999713897705,0,0.009999972768127918
angle,1780512928775166574,-2.0299999713897705,0,0.00999999139457941
angle,1780512928785166847,-2.0299999713897705,0,0.009999996051192284
angle,1780512928795167104,-2.0299999713897705,0,0.009999985806643963
angle,1780512928805167722,-2.0299999713897705,0,0.009999997913837433
angle,1780512928815167643,-2.0299999713897705,0,0.009999911300837994
angle,1780512928825167788,-2.0299999713897705,0,0.010000000707805157
angle,1780512928835168083,-2.0299999713897705,0,0.009999951347708702
angle,1780512928845168580,-2.0299999713897705,0,0.009999939240515232
angle,1780512928855168625,-2.0299999713897705,0,0.009999987669289112
angle,1780512928865170125,-2.0299999713897705,0,0.009999998845160007
angle,1780512928875169328,-2.0299999713897705,0,0.009999927133321762
angle,1780512928885169211,-2.0299999713897705,0,0.009999921545386314
angle,1780512928895169382,-2.0299999713897705,0,0.009999987669289112
angle,1780512928905170710,-2.0299999713897705,0,0.010000006295740604
angle,1780512928915170647,-2.0299999713897705,0,0.009999917820096016
angle,1780512928925170286,-2.0299999713897705,0,0.009999936446547508
angle,1780512928935170895,-2.0299999713897705,0,0.009999959729611874
angle,1780512928945171052,-2.0299999713897705,0,0.009999986737966537
angle,1780512928955171329,-2.0299999713897705,0,0.009999965317547321
angle,1780512928965171393,-2.0299999713897705,0,0.009999937377870083
angle,1780512928975171791,-2.0299999713897705,0,0.010000007227063179
angle,1780512928985171765,-2.0299999713897705,0,0.009999945759773254
angle,1780512928995172148,-2.0299999713897705,0,0.009999999776482582
angle,1780512929005172949,-2.0299999713897705,0,0.00999996904283762
angle,1780512929015172729,-2.0299999713897705,0,0.009999969974160194
angle,1780512929025173197,-2.0299999713897705,0,0.00999996904283762
angle,1780512929035173258,-2.0299999713897705,0,0.009999939240515232
angle,1780512929045173189,-2.0299999713897705,0,0.009999960660934448
angle,1780512929055173647,-2.0299999713897705,0,0.009999966248869896
angle,1780512929065173739,-2.0299999713897705,0,0.010000006295740604
angle,1780512929075174121,-2.0299999713897705,0,0.009999969974160194
angle,1780512929085174364,-2.0299999713897705,0,0.009999961592257023
angle,1780512929095174667,-2.0299999713897705,0,0.009999995119869709
angle,1780512929105174944,-2.0299999713897705,0,0.009999960660934448
angle,1780512929115175343,-2.0299999713897705,0,0.009999938309192657
angle,1780512929125174948,-2.0299999713897705,0,0.009999931789934635
angle,1780512929135175314,-2.0299999713897705,0,0.009999940171837807
angle,1780512929145175384,-2.0299999713897705,0,0.009999956004321575
angle,1780512929155175865,-2.0299999713897705,0,0.009999961592257023
angle,1780512929165175710,-2.0299999713897705,0,0.009999975562095642
angle,1780512929175176070,-2.0299999713897705,0,0.009999943897128105
angle,1780512929185176256,-2.0299999713897705,0,0.009999953210353851
angle,1780512929195176434,-2.0299999713897705,0,0.009999958798289299
angle,1780512929205177433,-2.0299999713897705,0,0.010000006295740604
angle,1780512929215177309,-2.0299999713897705,0,0.009999941103160381
angle,1780512929225177237,-2.0299999713897705,0,0.009999919682741165
angle,1780512929235178888,-2.0299999713897705,0,0.010000009089708328
angle,1780512929245178146,-2.0299999713897705,0,0.009999863803386688
angle,1780512929255178318,-2.0299999713897705,0,0.00999993085861206
angle,1780512929265178308,-2.0299999713897705,0,0.009999983012676239
angle,1780512929275178592,-2.0299999713897705,0,0.010000007227063179
angle,1780512929285178745,-2.0299999713897705,0,0.00999997928738594
angle,1780512929295179003,-2.0299999713897705,0,0.010000000707805157
angle,1780512929305179411,-2.0299999713897705,0,0.009999968111515045
angle,1780512929315179393,-2.0299999713897705,0,0.009999984875321388
angle,1780512929325179705,-2.0299999713897705,0,0.009999915957450867
angle,1780512929335180527,-2.0299999713897705,0,0.009999956004321575
angle,1780512929345180858,-2.0299999713897705,0,0.010000004433095455
angle,1780512929355180456,-2.0299999713897705,0,0.009999937377870083
angle,1780512929365180942,-2.0299999713897705,0,0.009999965317547321
angle,1780512929375181018,-2.0299999713897705,0,0.00999995693564415
angle,1780512929385181299,-2.0299999713897705,0,0.009999968111515045
angle,1780512929395181629,-2.0299999713897705,0,0.009999983012676239
angle,1780512929405181909,-2.0299999713897705,0,0.00999996904283762
angle,1780512929415181973,-2.0299999713897705,0,0.009999970905482769
angle,1780512929425182692,-2.0299999713897705,0,0.009999992325901985
angle,1780512929435182718,-2.0299999713897705,0,0.009999986737966537
angle,1780512929445182612,-2.0299999713897705,0,0.00999994482845068
angle,1780512929455183183,-2.0299999713897705,0,0.009999942034482956
angle,1780512929465183618,-2.0299999713897705,0,0.009999940171837807
angle,1780512929475183747,-2.0299999713897705,0,0.009999907575547695
angle,1780512929485183753,-2.0299999713897705,0,0.00999997928738594
angle,1780512929495184102,-2.0299999713897705,0,0.009999999776482582
angle,1780512929505184655,-2.0299999713897705,0,0.009999948553740978
angle,1780512929515185171,-2.0299999713897705,0,0.00999996718019247
angle,1780512929525185162,-2.0299999713897705,0,0.009999947622418404
angle,1780512929535185530,-2.0299999713897705,0,0.009999964386224747
angle,1780512929545185298,-2.0299999713897705,0,0.00999990664422512
angle,1780512929555185658,-2.0299999713897705,0,0.00999999139457941
angle,1780512929565186086,-2.0299999713897705,0,0.009999964386224747
angle,1780512929575186241,-2.0299999713897705,0,0.010000008158385754
angle,1780512929585186530,-2.0299999713897705,0,0.009999972768127918
angle,1780512929595186823,-2.0299999713897705,0,0.009999947622418404
angle,1780512929605187644,-2.0299999713897705,0,0.010000023990869522
angle,1780512929615187334,-2.0299999713897705,0,0.00999994482845068
angle,1780512929625187850,-2.0299999713897705,0,0.009999999776482582
angle,1780512929635188119,-2.0299999713897705,0,0.009999947622418404
angle,1780512929645188094,-2.0299999713897705,0,0.009999984875321388
angle,1780512929655188386,-2.0299999713897705,0,0.010000001639127731
angle,1780512929665188889,-2.0299999713897705,0,0.00999997928738594
angle,1780512929675188936,-2.0299999713897705,0,0.00999994296580553
angle,1780512929685189255,-2.0299999713897705,0,0.009999948553740978
angle,1780512929695189692,-2.0299999713897705,0,0.009999965317547321
angle,1780512929705189879,-2.0299999713897705,0,0.009999950416386127
angle,1780512929715190074,-2.0299999713897705,0,0.009999942034482956
angle,1780512929725190291,-2.0299999713897705,0,0.009999959729611874
angle,1780512929735190455,-2.0299999713897705,0,0.009999897330999374
angle,1780512929745190693,-2.0299999713897705,0,0.00999997928738594
angle,1780512929755191511,-2.0299999713897705,0,0.009999999776482582
angle,1780512929765191276,-2.0299999713897705,0,0.009999897330999374
angle,1780512929775191488,-2.0299999713897705,0,0.009999980218708515
angle,1780512929785192024,-2.0299999713897705,0,0.009999996051192284
angle,1780512929795191971,-2.0299999713897705,0,0.009999977424740791
angle,1780512929805192487,-2.0299999713897705,0,0.009999940171837807
angle,1780512929815193286,-2.0299999713897705,0,0.009999901056289673
angle,1780512929825193533,-2.0299999713897705,0,0.009999915026128292
angle,1780512929835192880,-2.0299999713897705,0,0.009999876841902733
angle,1780512929845193489,-2.0299999713897705,0,0.009999995119869709
angle,1780512929855193404,-2.0299999713897705,0,0.010000002570450306
angle,1780512929865195540,-2.0299999713897705,0,0.009999972768127918
angle,1780512929875193867,-2.0299999713897705,0,0.009999921545386314
angle,1780512929885194379,-2.0299999713897705,0,0.009999965317547321
angle,1780512929895194430,-2.0299999713897705,0,0.009999936446547508
angle,1780512929905195878,-2.0299999713897705,0,0.009999978356063366
angle,1780512929915194980,-2.0299999713897705,0,0.009999936446547508
angle,1780512929925194910,-2.0299999713897705,0,0.009999957866966724
angle,1780512929935195268,-2.0299999713897705,0,0.009999963454902172
angle,1780512929945195410,-2.0299999713897705,0,0.009999945759773254
angle,1780512929955195796,-2.0299999713897705,0,0.009999972768127918
angle,1780512929965196201,-2.0299999713897705,0,0.009999999776482582
angle,1780512929975198428,-2.0299999713897705,0,0.009999934583902359
angle,1780512929985196385,-2.0299999713897705,0,0.009999926201999187
angle,1780512929995196618,-2.0299999713897705,0,0.009999988600611687
angle,1780512930005199064,-2.0299999713897705,0,0.009999939240515232
angle,1780512930015197037,-2.0299999713897705,0,0.009999886155128479
angle,1780512930025197594,-2.0299999713897705,0,0.009999971836805344
angle,1780512930035197966,-2.0299999713897705,0,0.009999973699450493
angle,1780512930045197612,-2.0299999713897705,0,0.009999968111515045
angle,1780512930055197891,-2.0299999713897705,0,0.00999995693564415
angle,1780512930065198401,-2.0299999713897705,0,0.010000004433095455
angle,1780512930075198566,-2.0299999713897705,0,0.009999961592257023
angle,1780512930085198613,-2.0299999713897705,0,0.009999995119869709
angle,1780512930095199059,-2.0299999713897705,0,0.010000006295740604
angle,1780512930105199019,-2.0299999713897705,0,0.009999984875321388
angle,1780512930115199302,-2.0299999713897705,0,0.00999998115003109
angle,1780512930125199616,-2.0299999713897705,0,0.009999974630773067
angle,1780512930135199800,-2.0299999713897705,0,0.00999999139457941
angle,1780512930145200016,-2.0299999713897705,0,0.009999957866966724
angle,1780512930155200160,-2.0299999713897705,0,0.00999998115003109
angle,1780512930165201008,-2.0299999713897705,0,0.009999982081353664
angle,1780512930175200793,-2.0299999713897705,0,0.009999963454902172
angle,1780512930185200849,-2.0299999713897705,0,0.009999983012676239
angle,1780512930195201056,-2.0299999713897705,0,0.009999973699450493
angle,1780512930205201315,-2.0299999713897705,0,0.00999994482845068
angle,1780512930215201690,-2.0299999713897705,0,0.009999950416386127
angle,1780512930225202040,-2.0299999713897705,0,0.010000004433095455
angle,1780512930235202082,-2.0299999713897705,0,0.009999946691095829
angle,1780512930245202319,-2.0299999713897705,0,0.00999999325722456
angle,1780512930255203023,-2.0299999713897705,0,0.010000006295740604
angle,1780512930265203023,-2.0299999713897705,0,0.00999995693564415
angle,1780512930275203147,-2.0299999713897705,0,0.009999961592257023
angle,1780512930287815169,-2.0299999713897705,0,0.01261027529835701
angle,1780512930297815076,-2.0299999713897705,0,0.009999899193644524
angle,1780512930307815164,-2.0299999713897705,0,0.009999940171837807
angle,1780512930317815189,-2.0299999713897705,0,0.009999941103160381
angle,1780512930327815441,-2.0299999713897705,0,0.009999951347708702
angle,1780512930337816064,-2.0299999713897705,0,0.009999939240515232
angle,1780512930347816030,-2.0299999713897705,0,0.009999969974160194
angle,1780512930357816084,-2.0299999713897705,0,0.00999997928738594
angle,1780512930369525745,-2.0299999713897705,0,0.011708705686032772
angle,1780512930379526510,-2.0299999713897705,0,0.009999978356063366
angle,1780512930389528180,-2.0299999713897705,0,0.010000058449804783
angle,1780512930399527471,-2.0299999713897705,0,0.009999888017773628
angle,1780512930409527353,-2.0299999713897705,0,0.009999955072999
angle,1780512930419527185,-2.0299999713897705,0,0.009999950416386127
angle,1780512930429527572,-2.0299999713897705,0,0.009999973699450493
angle,1780512930439527699,-2.0299999713897705,0,0.009999947622418404
angle,1780512930449528237,-2.0299999713897705,0,0.009999975562095642
angle,1780512930459528213,-2.0299999713897705,0,0.009999940171837807
angle,1780512930469528899,-2.0299999713897705,0,0.009999988600611687
angle,1780512930479529030,-2.0299999713897705,0,0.009999992325901985
angle,1780512930489528750,-2.0299999713897705,0,0.00999994296580553
angle,1780512930499529089,-2.0299999713897705,0,0.010000000707805157
angle,1780512930509529712,-2.0299999713897705,0,0.009999994188547134
angle,1780512930519529806,-2.0299999713897705,0,0.009999998845160007
angle,1780512930529529836,-2.0299999713897705,0,0.009999955072999
angle,1780512930539530245,-2.0299999713897705,0,0.009999975562095642
angle,1780512930549530480,-2.0299999713897705,0,0.00999994296580553
angle,1780512930559530663,-2.0299999713897705,0,0.010000001639127731
angle,1780512930569531741,-2.0299999713897705,0,0.009999975562095642
angle,1780512930579531267,-2.0299999713897705,0,0.009999997913837433
angle,1780512930589531504,-2.0299999713897705,0,0.010000010021030903
angle,1780512930599532456,-2.0299999713897705,0,0.010000010952353477
angle,1780512930609532306,-2.0299999713897705,0,0.009999945759773254
angle,1780512930619532328,-2.0299999713897705,0,0.009999940171837807
angle,1780512930629532555,-2.0299999713897705,0,0.00999996718019247
angle,1780512930639533465,-2.0299999713897705,0,0.009999975562095642
angle,1780512930649533209,-2.0299999713897705,0,0.009999987669289112
angle,1780512930659533530,-2.0299999713897705,0,0.009999893605709076
angle,1780512930669533794,-2.0299999713897705,0,0.009999988600611687
angle,1780512930679533766,-2.0299999713897705,0,0.009999985806643963
angle,1780512930689534147,-2.0299999713897705,0,0.010000012814998627
angle,1780512930699534337,-2.0299999713897705,0,0.009999980218708515
angle,1780512930709534828,-2.0299999713897705,0,0.009999974630773067
angle,1780512930719535208,-2.0299999713897705,0,0.010000022128224373
angle,1780512930729535462,-2.0299999713897705,0,0.009999907575547695
angle,1780512930739535459,-2.0299999713897705,0,0.009999975562095642
angle,1780512930749536209,-2.0299999713897705,0,0.009999997913837433
angle,1780512930759536025,-2.0299999713897705,0,0.009999996982514858
angle,1780512930769536419,-2.0299999713897705,0,0.009999999776482582
angle,1780512930779536493,-2.0299999713897705,0,0.009999898262321949
angle,1780512930789536923,-2.0299999713897705,0,0.009999946691095829
angle,1780512930799537040,-2.0299999713897705,0,0.009999957866966724
angle,1780512930809537415,-2.0299999713897705,0,0.009999959729611874
angle,1780512930819537739,-2.0299999713897705,0,0.00999996904283762
angle,1780512930829537766,-2.0299999713897705,0,0.00999995693564415
angle,1780512930839538515,-2.0299999713897705,0,0.009999987669289112
angle,1780512930849538582,-2.0299999713897705,0,0.009999972768127918
angle,1780512930859538610,-2.0299999713897705,0,0.009999986737966537
angle,1780512930869540447,-2.0299999713897705,0,0.00999995693564415
angle,1780512930879538918,-2.0299999713897705,0,0.009999952279031277
angle,1780512930889539276,-2.0299999713897705,0,0.009999937377870083
angle,1780512930899539485,-2.0299999713897705,0,0.009999983943998814
angle,1780512930909540792,-2.0299999713897705,0,0.009999995119869709
angle,1780512930919540780,-2.0299999713897705,0,0.00999992061406374
angle,1780512930929540593,-2.0299999713897705,0,0.009999904781579971
angle,1780512930939540576,-2.0299999713897705,0,0.009999939240515232
angle,1780512930949540709,-2.0299999713897705,0,0.009999937377870083
angle,1780512930959541294,-2.0299999713897705,0,0.009999959729611874
angle,1780512930969541637,-2.0299999713897705,0,0.009999956004321575
angle,1780512930979541471,-2.0299999713897705,0,0.009999975562095642
angle,1780512930989541968,-2.0299999713897705,0,0.010000008158385754
angle,1780512930999542179,-2.0299999713897705,0,0.009999934583902359
angle,1780512931009542675,-2.0299999713897705,0,0.009999999776482582
angle,1780512931019542818,-2.0299999713897705,0,0.00999995693564415
angle,1780512931029542967,-2.0299999713897705,0,0.009999951347708702
angle,1780512931039543108,-2.0299999713897705,0,0.00999999139457941
angle,1780512931049543717,-2.0299999713897705,0,0.009999959729611874
angle,1780512931059543663,-2.0299999713897705,0,0.009999961592257023
angle,1780512931069544323,-2.0299999713897705,0,0.009999956004321575
angle,1780512931079544110,-2.0299999713897705,0,0.00999988429248333
angle,1780512931089544641,-2.0299999713897705,0,0.009999973699450493
angle,1780512931099544829,-2.0299999713897705,0,0.009999995119869709
angle,1780512931109545138,-2.0299999713897705,0,0.009999983012676239
angle,1780512931119545477,-2.0299999713897705,0,0.009999968111515045
angle,1780512931129545428,-2.0299999713897705,0,0.00999996904283762
angle,1780512931139545915,-2.0299999713897705,0,0.010000002570450306
angle,1780512931149545879,-2.0299999713897705,0,0.009999977424740791
angle,1780512931159546169,-2.0299999713897705,0,0.00999995693564415
angle,1780512931169546627,-2.0299999713897705,0,0.009999978356063366
angle,1780512931179546955,-2.0299999713897705,0,0.009999960660934448
angle,1780512931189547159,-2.0299999713897705,0,0.009999945759773254
angle,1780512931199547339,-2.0299999713897705,0,0.009999946691095829
angle,1780512931209547818,-2.0299999713897705,0,0.010000001639127731
angle,1780512931219548015,-2.0299999713897705,0,0.009999990463256836
angle,1780512931229548309,-2.0299999713897705,0,0.009999985806643963
angle,1780512931239548282,-2.0299999713897705,0,0.009999961592257023
angle,1780512931249548553,-2.0299999713897705,0,0.009999984875321388
angle,1780512931259548705,-2.0299999713897705,0,0.009999955072999
angle,1780512931269549316,-2.0299999713897705,0,0.010000010021030903
angle,1780512931279549768,-2.0299999713897705,0,0.009999983012676239
angle,1780512931289550455,-2.0299999713897705,0,0.009999915957450867
angle,1780512931299549991,-2.0299999713897705,0,0.009999941103160381
angle,1780512931309550330,-2.0299999713897705,0,0.009999983943998814
angle,1780512931319550806,-2.0299999713897705,0,0.009999942034482956
angle,1780512931329551174,-2.0299999713897705,0,0.010000010021030903
angle,1780512931339550925,-2.0299999713897705,0,0.009999936446547508
angle,1780512931349551293,-2.0299999713897705,0,0.009999945759773254
angle,1780512931359551475,-2.0299999713897705,0,0.00999999139457941
angle,1780512931369551872,-2.0299999713897705,0,0.00999995693564415
angle,1780512931379552001,-2.0299999713897705,0,0.009999983943998814
angle,1780512931389552183,-2.0299999713897705,0,0.009999983943998814
angle,1780512931399552431,-2.0299999713897705,0,0.009999952279031277
angle,1780512931409552660,-2.0299999713897705,0,0.009999972768127918
angle,1780512931419553508,-2.0299999713897705,0,0.009999977424740791
angle,1780512931429553239,-2.0299999713897705,0,0.00999996904283762
angle,1780512931439554772,-2.0299999713897705,0,0.009999936446547508
angle,1780512931449553730,-2.0299999713897705,0,0.009999873116612434
angle,1780512931459553629,-2.0299999713897705,0,0.00999996904283762
angle,1780512931469553958,-2.0299999713897705,0,0.009999988600611687
angle,1780512931479554103,-2.0299999713897705,0,0.009999952279031277
angle,1780512931489554657,-2.0299999713897705,0,0.009999998845160007
angle,1780512931499554660,-2.0299999713897705,0,0.010000002570450306
angle,1780512931509555156,-2.0299999713897705,0,0.009999950416386127
angle,1780512931519555243,-2.0299999713897705,0,0.009999996051192284
angle,1780512931529555357,-2.0299999713897705,0,0.009999911300837994
angle,1780512931539556067,-2.0299999713897705,0,0.009999934583902359
angle,1780512931549555924,-2.0299999713897705,0,0.009999984875321388
angle,1780512931559556134,-2.0299999713897705,0,0.009999975562095642
angle,1780512931569556397,-2.0299999713897705,0,0.00999997928738594
angle,1780512931579556676,-2.0299999713897705,0,0.010000006295740604
angle,1780512931589557053,-2.0299999713897705,0,0.010000006295740604
angle,1780512931599557530,-2.0299999713897705,0,0.009999951347708702
angle,1780512931609557596,-2.0299999713897705,0,0.009999970905482769
angle,1780512931619559381,-2.0299999713897705,0,0.009999984875321388
angle,1780512931629560236,-2.0299999713897705,0,0.009999915957450867
angle,1780512931639558586,-2.0299999713897705,0,0.00999990664422512
angle,1780512931649559475,-2.0299999713897705,0,0.009999966248869896
angle,1780512931659559014,-2.0299999713897705,0,0.009999964386224747
angle,1780512931669559086,-2.0299999713897705,0,0.009999961592257023
angle,1780512931679559435,-2.0299999713897705,0,0.009999972768127918
angle,1780512931692102858,-2.0299999713897705,0,0.012540053576231003
angle,1780512931702122606,-2.0299999713897705,0,0.010016980580985546
angle,1780512931712122751,-2.0299999713897705,0,0.009999734349548817
angle,1780512931722123883,-2.0299999713897705,0,0.00999996904283762
angle,1780512931732125004,-2.0299999713897705,0,0.009999794885516167
angle,1780512931742124943,-2.0299999713897705,0,0.009999873116612434
angle,1780512931752124305,-2.0299999713897705,0,0.009999889880418777
angle,1780512931762125532,-2.0299999713897705,0,0.009999997913837433
angle,1780512931772124647,-2.0299999713897705,0,0.009999830275774002
angle,1780512931782124320,-2.0299999713897705,0,0.009999945759773254
angle,1780512931792124560,-2.0299999713897705,0,0.009999974630773067
angle,1780512931802124769,-2.0299999713897705,0,0.00999997928738594
angle,1780512931812125011,-2.0299999713897705,0,0.009999998845160007
angle,1780512931822125441,-2.0299999713897705,0,0.00999996718019247
angle,1780512931832125683,-2.0299999713897705,0,0.009999980218708515
angle,1780512931842126218,-2.0299999713897705,0,0.009999943897128105
angle,1780512931852126427,-2.0299999713897705,0,0.009999941103160381
angle,1780512931862126216,-2.0299999713897705,0,0.009999988600611687
angle,1780512931872127847,-2.0299999713897705,0,0.009999955072999
angle,1780512931882127853,-2.0299999713897705,0,0.009999929927289486
angle,1780512931892127206,-2.0299999713897705,0,0.009999942034482956
angle,1780512931902127144,-2.0299999713897705,0,0.009999975562095642
angle,1780512931912128234,-2.0299999713897705,0,0.009999957866966724
angle,1780512931922127865,-2.0299999713897705,0,0.009999879635870457
angle,1780512931932127789,-2.0299999713897705,0,0.009999917820096016
angle,1780512931942128012,-2.0299999713897705,0,0.009999963454902172
angle,1780512931952128427,-2.0299999713897705,0,0.009999941103160381
angle,1780512931962128512,-2.0299999713897705,0,0.009999971836805344
angle,1780512931972131360,-2.0299999713897705,0,0.009999983943998814
angle,1780512931982129061,-2.0299999713897705,0,0.009999779053032398
angle,1780512931992129186,-2.0299999713897705,0,0.009999948553740978
angle,1780512932002129565,-2.0299999713897705,0,0.010000006295740604
angle,1780512932012129773,-2.0299999713897705,0,0.009999937377870083
angle,1780512932022130375,-2.0299999713897705,0,0.009999942034482956
angle,1780512932032130109,-2.0299999713897705,0,0.009999947622418404
angle,1780512932042130636,-2.0299999713897705,0,0.009999968111515045
angle,1780512932052130514,-2.0299999713897705,0,0.009999958798289299
angle,1780512932062130840,-2.0299999713897705,0,0.010000021196901798
angle,1780512932072131114,-2.0299999713897705,0,0.009999961592257023
angle,1780512932082131752,-2.0299999713897705,0,0.009999950416386127
angle,1780512932092131517,-2.0299999713897705,0,0.00999997928738594
angle,1780512932102131694,-2.0299999713897705,0,0.009999942034482956
angle,1780512932112131874,-2.0299999713897705,0,0.009999997913837433
angle,1780512932122132512,-2.0299999713897705,0,0.010000002570450306
angle,1780512932132132335,-2.0299999713897705,0,0.009999937377870083
angle,1780512932142132476,-2.0299999713897705,0,0.009999968111515045
angle,1780512932152132701,-2.0299999713897705,0,0.009999951347708702
angle,1780512932162133061,-2.0299999713897705,0,0.009999974630773067
angle,1780512932172133803,-2.0299999713897705,0,0.00999999139457941
angle,1780512932183936706,-2.0299999713897705,0,0.011802775785326958
angle,1780512932193936956,-2.0299999713897705,0,0.009999978356063366
angle,1780512932203937296,-2.0299999713897705,0,0.009999996982514858
angle,1780512932213937530,-2.0299999713897705,0,0.009999968111515045
angle,1780512932223938547,-2.0299999713897705,0,0.010000001639127731
angle,1780512932233938002,-2.0299999713897705,0,0.009999995119869709
angle,1780512932243939156,-2.0299999713897705,0,0.010000004433095455
angle,1780512932253938549,-2.0299999713897705,0,0.00999994296580553
angle,1780512932263938928,-2.0299999713897705,0,0.009999965317547321
angle,1780512932273939017,-2.0299999713897705,0,0.009999984875321388
angle,1780512932283939273,-2.0299999713897705,0,0.009999947622418404
angle,1780512932293939717,-2.0299999713897705,0,0.00999996718019247
angle,1780512932303940023,-2.0299999713897705,0,0.009999999776482582
angle,1780512932313940125,-2.0299999713897705,0,0.009999901056289673
angle,1780512932323940322,-2.0299999713897705,0,0.009999952279031277
angle,1780512932333940566,-2.0299999713897705,0,0.009999939240515232
angle,1780512932343940915,-2.0299999713897705,0,0.010000009089708328
angle,1780512932353940846,-2.0299999713897705,0,0.009999971836805344
angle,1780512932363941295,-2.0299999713897705,0,0.009999977424740791
angle,1780512932373941581,-2.0299999713897705,0,0.009999983012676239
angle,1780512932383942528,-2.0299999713897705,0,0.009999953210353851
angle,1780512932393942069,-2.0299999713897705,0,0.010000004433095455
angle,1780512932403942561,-2.0299999713897705,0,0.009999933652579784
angle,1780512932413942559,-2.0299999713897705,0,0.009999959729611874
angle,1780512932423945416,-2.0299999713897705,0,0.009999990463256836
angle,1780512932433945757,-2.0299999713897705,0,0.009999843314290047
angle,1780512932443945408,-2.0299999713897705,0,0.009999837726354599
angle,1780512932453943897,-2.0299999713897705,0,0.009999905712902546
angle,1780512932463944687,-2.0299999713897705,0,0.00999995693564415
angle,1780512932473944352,-2.0299999713897705,0,0.009999938309192657
angle,1780512932483944650,-2.0299999713897705,0,0.010000008158385754
angle,1780512932493944901,-2.0299999713897705,0,0.009999975562095642
angle,1780512932503944849,-2.0299999713897705,0,0.009999943897128105
angle,1780512932513945643,-2.0299999713897705,0,0.009999966248869896
angle,1780512932523945434,-2.0299999713897705,0,0.00999999325722456
angle,1780512932533946818,-2.0299999713897705,0,0.009999954141676426
angle,1780512932543946091,-2.0299999713897705,0,0.009999820962548256
angle,1780512932553946308,-2.0299999713897705,0,0.009999947622418404
angle,1780512932565784854,-2.0299999713897705,0,0.011838014237582684
angle,1780512932575786088,-2.0299999713897705,0,0.009999973699450493
angle,1780512932585785734,-2.0299999713897705,0,0.009999915026128292
angle,1780512932595786100,-2.0299999713897705,0,0.009999983943998814
angle,1780512932605786015,-2.0299999713897705,0,0.009999951347708702
angle,1780512932615786372,-2.0299999713897705,0,0.009999958798289299
angle,1780512932625786970,-2.0299999713897705,0,0.009999964386224747
angle,1780512932635787046,-2.0299999713897705,0,0.00999999325722456
angle,1780512932645787147,-2.0299999713897705,0,0.009999983012676239
angle,1780512932655787213,-2.0299999713897705,0,0.010000000707805157
angle,1780512932665787659,-2.0299999713897705,0,0.010000000707805157
angle,1780512932675788215,-2.0299999713897705,0,0.009999972768127918
angle,1780512932685788282,-2.0299999713897705,0,0.009999990463256836
angle,1780512932695788472,-2.0299999713897705,0,0.00999998115003109
angle,1780512932705788795,-2.0299999713897705,0,0.009999996982514858
angle,1780512932715789244,-2.0299999713897705,0,0.009999974630773067
angle,1780512932725789344,-2.0299999713897705,0,0.009999941103160381
angle,1780512932735789678,-2.0299999713897705,0,0.009999973699450493
angle,1780512932745789748,-2.0299999713897705,0,0.00999999325722456
angle,1780512932755790291,-2.0299999713897705,0,0.009999983012676239
angle,1780512932765790372,-2.0299999713897705,0,0.010000002570450306
angle,1780512932775790581,-2.0299999713897705,0,0.009999934583902359
angle,1780512932785791139,-2.0299999713897705,0,0.009999988600611687
angle,1780512932795790965,-2.0299999713897705,0,0.00999989453703165
angle,1780512932805791543,-2.0299999713897705,0,0.009999988600611687
angle,1780512932815791425,-2.0299999713897705,0,0.009999977424740791
angle,1780512932825791748,-2.0299999713897705,0,0.009999955072999
angle,1780512932835791817,-2.0299999713897705,0,0.009999971836805344
angle,1780512932845792361,-2.0299999713897705,0,0.009999983012676239
angle,1780512932855792705,-2.0299999713897705,0,0.009999958798289299
angle,1780512932865793220,-2.0299999713897705,0,0.009999994188547134
angle,1780512932875793468,-2.0299999713897705,0,0.00999991875141859
angle,1780512932885793971,-2.0299999713897705,0,0.009999874047935009
angle,1780512932895793733,-2.0299999713897705,0,0.009999987669289112
angle,1780512932905794961,-2.0299999713897705,0,0.009999946691095829
angle,1780512932915794740,-2.0299999713897705,0,0.009999905712902546
angle,1780512932925794482,-2.0299999713897705,0,0.009999968111515045
angle,1780512932935794641,-2.0299999713897705,0,0.009999943897128105
angle,1780512932945794697,-2.0299999713897705,0,0.009999939240515232
angle,1780512932955794936,-2.0299999713897705,0,0.00999994482845068
angle,1780512932965795169,-2.0299999713897705,0,0.009999978356063366
angle,1780512932975795599,-2.0299999713897705,0,0.010000004433095455
angle,1780512932985795920,-2.0299999713897705,0,0.009999931789934635
angle,1780512932995795916,-2.0299999713897705,0,0.009999968111515045
angle,1780512933005796786,-2.0299999713897705,0,0.009999997913837433
angle,1780512933015796423,-2.0299999713897705,0,0.009999997913837433
angle,1780512933025796743,-2.0299999713897705,0,0.00999995693564415
angle,1780512933035796951,-2.0299999713897705,0,0.010000002570450306
angle,1780512933045797441,-2.0299999713897705,0,0.009999948553740978
angle,1780512933055797794,-2.0299999713897705,0,0.009999980218708515
angle,1780512933065797583,-2.0299999713897705,0,0.00999994482845068
angle,1780512933075797919,-2.0299999713897705,0,0.009999960660934448
angle,1780512933085798109,-2.0299999713897705,0,0.009999939240515232
angle,1780512933095799114,-2.0299999713897705,0,0.009999997913837433
angle,1780512933105798517,-2.0299999713897705,0,0.009999871253967285
angle,1780512933115798657,-2.0299999713897705,0,0.010000023990869522
angle,1780512933125799169,-2.0299999713897705,0,0.009999961592257023
angle,1780512933135799568,-2.0299999713897705,0,0.009999928995966911
angle,1780512933145799434,-2.0299999713897705,0,0.010000002570450306
angle,1780512933155799759,-2.0299999713897705,0,0.009999996051192284
angle,1780512933165799863,-2.0299999713897705,0,0.009999946691095829
angle,1780512933175800326,-2.0299999713897705,0,0.009999945759773254
angle,1780512933185800450,-2.0299999713897705,0,0.010000006295740604
angle,1780512933195800628,-2.0299999713897705,0,0.009999965317547321
angle,1780512933205800931,-2.0299999713897705,0,0.009999999776482582
angle,1780512933215801493,-2.0299999713897705,0,0.009999995119869709
angle,1780512933225801969,-2.0299999713897705,0,0.009999984875321388
angle,1780512933235801818,-2.0299999713897705,0,0.009999983943998814
angle,1780512933245801972,-2.0299999713897705,0,0.009999939240515232
angle,1780512933255802194,-2.0299999713897705,0,0.009999999776482582
angle,1780512933265802519,-2.0299999713897705,0,0.010000008158385754
angle,1780512933275802706,-2.0299999713897705,0,0.009999937377870083
angle,1780512933285803276,-2.0299999713897705,0,0.009999998845160007
angle,1780512933295803595,-2.0299999713897705,0,0.010000006295740604
angle,1780512933305803737,-2.0299999713897705,0,0.009999995119869709
angle,1780512933315804071,-2.0299999713897705,0,0.009999956004321575
angle,1780512933325804015,-2.0299999713897705,0,0.009999957866966724
angle,1780512933335804153,-2.0299999713897705,0,0.009999943897128105
angle,1780512933345804512,-2.0299999713897705,0,0.009999978356063366
angle,1780512933355804746,-2.0299999713897705,0,0.010000002570450306
angle,1780512933365806163,-2.0299999713897705,0,0.009999994188547134
angle,1780512933375805203,-2.0299999713897705,0,0.009999913163483143
angle,1780512933385805788,-2.0299999713897705,0,0.009999973699450493
angle,1780512933395805630,-2.0299999713897705,0,0.009999924339354038
angle,1780512933405812084,-2.0299999713897705,0,0.009999956004321575
angle,1780512933415806303,-2.0299999713897705,0,0.010000001639127731
angle,1780512933425806712,-2.0299999713897705,0,0.009999984875321388
angle,1780512933435806801,-2.0299999713897705,0,0.009999947622418404
angle,1780512933445807295,-2.0299999713897705,0,0.009999999776482582
angle,1780512933455807332,-2.0299999713897705,0,0.009999965317547321
angle,1780512933465807661,-2.0299999713897705,0,0.009999939240515232
angle,1780512933475807882,-2.0299999713897705,0,0.010000002570450306
angle,1780512933485808434,-2.0299999713897705,0,0.009999936446547508
angle,1780512933495810224,-2.0299999713897705,0,0.009999913163483143
angle,1780512933505808582,-2.0299999713897705,0,0.009999880567193031
angle,1780512933515808936,-2.0299999713897705,0,0.009999934583902359
angle,1780512933525809242,-2.0299999713897705,0,0.009999948553740978
angle,1780512933535809429,-2.0299999713897705,0,0.009999948553740978
angle,1780512933545809703,-2.0299999713897705,0,0.009999959729611874
angle,1780512933555810070,-2.0299999713897705,0,0.00999996904283762
angle,1780512933565810287,-2.0299999713897705,0,0.009999958798289299
angle,1780512933575810697,-2.0299999713897705,0,0.009999983943998814
angle,1780512933585811034,-2.0299999713897705,0,0.009999966248869896
angle,1780512933595811207,-2.0299999713897705,0,0.009999942034482956
angle,1780512933605811182,-2.0299999713897705,0,0.009999977424740791
angle,1780512933615811516,-2.0299999713897705,0,0.009999984875321388
angle,1780512933625811857,-2.0299999713897705,0,0.009999937377870083
angle,1780512933635812131,-2.0299999713897705,0,0.009999980218708515
angle,1780512933645812379,-2.0299999713897705,0,0.009999966248869896
angle,1780512933655812693,-2.0299999713897705,0,0.009999998845160007
angle,1780512933665812840,-2.0299999713897705,0,0.009999971836805344
angle,1780512933675813294,-2.0299999713897705,0,0.009999938309192657
angle,1780512933685813672,-2.0299999713897705,0,0.009999973699450493
angle,1780512933695813462,-2.0299999713897705,0,0.009999950416386127
angle,1780512933705813662,-2.0299999713897705,0,0.009999996982514858
angle,1780512933715814199,-2.0299999713897705,0,0.009999958798289299
angle,1780512933727529253,-2.0299999713897705,0,0.011714857071638107
angle,1780512933737529758,-2.0299999713897705,0,0.009999982081353664
angle,1780512933747530444,-2.0299999713897705,0,0.009999950416386127
angle,1780512933757530157,-2.0299999713897705,0,0.009999901056289673
angle,1780512933767530358,-2.0299999713897705,0,0.010000008158385754
angle,1780512933777530549,-2.0299999713897705,0,0.00999994482845068
angle,1780512933787531056,-2.0299999713897705,0,0.00999999139457941
angle,1780512933797531592,-2.0299999713897705,0,0.010000010021030903
angle,1780512933807531288,-2.0299999713897705,0,0.009999923408031464
angle,1780512933817531538,-2.0299999713897705,0,0.009999996982514858
angle,1780512933827531967,-2.0299999713897705,0,0.010000006295740604
angle,1780512933837532187,-2.0299999713897705,0,0.009999940171837807
angle,1780512933847532386,-2.0299999713897705,0,0.00999993272125721
angle,1780512933857532665,-2.0299999713897705,0,0.00999997928738594
angle,1780512933867533639,-2.0299999713897705,0,0.010000018402934074
angle,1780512933877533919,-2.0299999713897705,0,0.010000006295740604
angle,1780512933887533309,-2.0299999713897705,0,0.009999936446547508
angle,1780512933897533623,-2.0299999713897705,0,0.009999982081353664
angle,1780512933907535322,-2.0299999713897705,0,0.009999957866966724
angle,1780512933917534038,-2.0299999713897705,0,0.00999993085861206
angle,1780512933927534681,-2.0299999713897705,0,0.00999991875141859
angle,1780512933937536752,-2.0299999713897705,0,0.009999980218708515
angle,1780512933947535120,-2.0299999713897705,0,0.009999916888773441
angle,1780512933957535416,-2.0299999713897705,0,0.009999960660934448
angle,1780512933967535830,-2.0299999713897705,0,0.010000009089708328
angle,1780512933977537061,-2.0299999713897705,0,0.009999960660934448
angle,1780512933987536521,-2.0299999713897705,0,0.009999923408031464
angle,1780512933997536314,-2.0299999713897705,0,0.010000007227063179
angle,1780512934007536675,-2.0299999713897705,0,0.009999942034482956
angle,1780512934017536561,-2.0299999713897705,0,0.009999945759773254
angle,1780512934027536822,-2.0299999713897705,0,0.009999947622418404
angle,1780512934037537308,-2.0299999713897705,0,0.009999987669289112
angle,1780512934047537612,-2.0299999713897705,0,0.009999960660934448
angle,1780512934057537549,-2.0299999713897705,0,0.00999994296580553
angle,1780512934067537834,-2.0299999713897705,0,0.009999985806643963
angle,1780512934077538033,-2.0299999713897705,0,0.009999971836805344
angle,1780512934087538690,-2.0299999713897705,0,0.009999990463256836
angle,1780512934097538569,-2.0299999713897705,0,0.009999947622418404
angle,1780512934107538696,-2.0299999713897705,0,0.009999998845160007
angle,1780512934117538944,-2.0299999713897705,0,0.009999937377870083
angle,1780512934127539170,-2.0299999713897705,0,0.009999966248869896
angle,1780512934137540154,-2.0299999713897705,0,0.009999955072999
angle,1780512934147539666,-2.0299999713897705,0,0.009999994188547134
angle,1780512934157539962,-2.0299999713897705,0,0.009999961592257023
angle,1780512934167540094,-2.0299999713897705,0,0.009999980218708515
angle,1780512934177540513,-2.0299999713897705,0,0.00999995693564415
angle,1780512934187540639,-2.0299999713897705,0,0.009999959729611874
angle,1780512934197540744,-2.0299999713897705,0,0.009999990463256836
angle,1780512934207542138,-2.0299999713897705,0,0.009999947622418404
angle,1780512934217541217,-2.0299999713897705,0,0.009999885223805904
angle,1780512934227541616,-2.0299999713897705,0,0.009999987669289112
angle,1780512934237541914,-2.0299999713897705,0,0.009999988600611687
angle,1780512934247541879,-2.0299999713897705,0,0.009999938309192657
angle,1780512934257542065,-2.0299999713897705,0,0.009999982081353664
angle,1780512934267542490,-2.0299999713897705,0,0.009999941103160381
angle,1780512934277542892,-2.0299999713897705,0,0.009999875910580158
angle,1780512934287543058,-2.0299999713897705,0,0.00999992061406374
angle,1780512934297543428,-2.0299999713897705,0,0.00999994296580553
angle,1780512934307542966,-2.0299999713897705,0,0.009999951347708702
angle,1780512934317543228,-2.0299999713897705,0,0.009999971836805344
angle,1780512934327543699,-2.0299999713897705,0,0.00999994296580553
angle,1780512934337543772,-2.0299999713897705,0,0.00999994296580553
angle,1780512934347544186,-2.0299999713897705,0,0.009999978356063366
angle,1780512934357544557,-2.0299999713897705,0,0.009999939240515232
angle,1780512934367544523,-2.0299999713897705,0,0.009999994188547134
angle,1780512934377544578,-2.0299999713897705,0,0.00999999325722456
angle,1780512934387544848,-2.0299999713897705,0,0.009999966248869896
angle,1780512934397545944,-2.0299999713897705,0,0.009999941103160381
angle,1780512934407545245,-2.0299999713897705,0,0.010000002570450306
angle,1780512934417545929,-2.0299999713897705,0,0.00999998115003109
angle,1780512934427545824,-2.0299999713897705,0,0.009999942034482956
angle,1780512934437546089,-2.0299999713897705,0,0.009999996051192284
angle,1780512934447546323,-2.0299999713897705,0,0.009999997913837433
angle,1780512934457547067,-2.0299999713897705,0,0.009999961592257023
angle,1780512934467546840,-2.0299999713897705,0,0.010000010021030903
angle,1780512934477547227,-2.0299999713897705,0,0.010000000707805157
angle,1780512934487547330,-2.0299999713897705,0,0.009999990463256836
angle,1780512934497547699,-2.0299999713897705,0,0.009999934583902359
angle,1780512934507547845,-2.0299999713897705,0,0.009999982081353664
angle,1780512934517548486,-2.0299999713897705,0,0.009999956004321575
angle,1780512934527548321,-2.0299999713897705,0,0.009999974630773067
angle,1780512934537548954,-2.0299999713897705,0,0.009999931789934635
angle,1780512934547549098,-2.0299999713897705,0,0.009999901987612247
angle,1780512934557549045,-2.0299999713897705,0,0.010000007227063179
angle,1780512934567549889,-2.0299999713897705,0,0.010000008158385754
angle,1780512934577549602,-2.0299999713897705,0,0.00999989453703165
angle,1780512934587549854,-2.0299999713897705,0,0.009999950416386127
angle,1780512934597551746,-2.0299999713897705,0,0.009999950416386127
angle,1780512934607550534,-2.0299999713897705,0,0.009999947622418404
angle,1780512934617550395,-2.0299999713897705,0,0.009999948553740978
angle,1780512934627550538,-2.0299999713897705,0,0.009999956004321575
angle,1780512934637550918,-2.0299999713897705,0,0.009999982081353664
angle,1780512934647551158,-2.0299999713897705,0,0.009999988600611687
angle,1780512934657551568,-2.0299999713897705,0,0.009999969974160194
angle,1780512934667551467,-2.0299999713897705,0,0.009999939240515232
angle,1780512934677551782,-2.0299999713897705,0,0.009999956004321575
angle,1780512934687552207,-2.0299999713897705,0,0.009999990463256836
angle,1780512934697552779,-2.0299999713897705,0,0.009999953210353851
angle,1780512934707552802,-2.0299999713897705,0,0.009999948553740978
angle,1780512934717552884,-2.0299999713897705,0,0.009999982081353664
angle,1780512934727553245,-2.0299999713897705,0,0.009999965317547321
angle,1780512934737553615,-2.0299999713897705,0,0.009999973699450493
angle,1780512934747553970,-2.0299999713897705,0,0.009999909438192844
angle,1780512934757554801,-2.0299999713897705,0,0.010000006295740604
angle,1780512934767554312,-2.0299999713897705,0,0.009999942034482956
angle,1780512934777554372,-2.0299999713897705,0,0.009999990463256836
angle,1780512934787554573,-2.0299999713897705,0,0.00999999139457941
angle,1780512934797555067,-2.0299999713897705,0,0.010000006295740604
angle,1780512934807554920,-2.0299999713897705,0,0.009999905712902546
angle,1780512934817555166,-2.0299999713897705,0,0.009999992325901985
angle,1780512934827555484,-2.0299999713897705,0,0.009999968111515045
angle,1780512934837556161,-2.0299999713897705,0,0.009999987669289112
angle,1780512934847556360,-2.0299999713897705,0,0.009999903850257397
angle,1780512934857556185,-2.0299999713897705,0,0.009999975562095642
angle,1780512934867556968,-2.0299999713897705,0,0.009999973699450493
angle,1780512934877558804,-2.0299999713897705,0,0.009999945759773254
angle,1780512934887556956,-2.0299999713897705,0,0.009999547153711319
angle,1780512934897557360,-2.0299999713897705,0,0.009999933652579784
angle,1780512934907558556,-2.0299999713897705,0,0.009999998845160007
angle,1780512934917557702,-2.0299999713897705,0,0.009999915026128292
angle,1780512934927557768,-2.0299999713897705,0,0.00999998115003109
angle,1780512934937557990,-2.0299999713897705,0,0.009999961592257023
angle,1780512934947558059,-2.0299999713897705,0,0.009999951347708702
angle,1780512934957558602,-2.0299999713897705,0,0.009999950416386127
angle,1780512934967558549,-2.0299999713897705,0,0.009999997913837433
angle,1780512934977559019,-2.0299999713897705,0,0.009999992325901985
angle,1780512934987558880,-2.0299999713897705,0,0.009999963454902172
angle,1780512934997559892,-2.0299999713897705,0,0.00999996904283762
angle,1780512935007559937,-2.0299999713897705,0,0.009999961592257023
angle,1780512935017559912,-2.0299999713897705,0,0.010000009089708328
angle,1780512935027560098,-2.0299999713897705,0,0.009999974630773067
angle,1780512935037560826,-2.0299999713897705,0,0.010000004433095455
angle,1780512935047561071,-2.0299999713897705,0,0.009999972768127918
angle,1780512935057561028,-2.0299999713897705,0,0.009999952279031277
angle,1780512935067561695,-2.0299999713897705,0,0.00999994296580553
angle,1780512935077562397,-2.0299999713897705,0,0.00999996718019247
angle,1780512935087562133,-2.0299999713897705,0,0.009999933652579784
angle,1780512935097562295,-2.0299999713897705,0,0.009999956004321575
angle,1780512935107562261,-2.0299999713897705,0,0.009999961592257023
angle,1780512935117562448,-2.0299999713897705,0,0.009999999776482582
angle,1780512935127562888,-2.0299999713897705,0,0.009999946691095829
angle,1780512935137563550,-2.0299999713897705,0,0.009999978356063366
angle,1780512935147563521,-2.0299999713897705,0,0.009999925270676613
angle,1780512935157563653,-2.0299999713897705,0,0.009999998845160007
angle,1780512935167563993,-2.0299999713897705,0,0.010000002570450306
angle,1780512935177564528,-2.0299999713897705,0,0.00999994296580553
angle,1780512935187564463,-2.0299999713897705,0,0.009999973699450493
angle,1780512935197564919,-2.0299999713897705,0,0.009999996982514858
angle,1780512935207564990,-2.0299999713897705,0,0.009999885223805904
angle,1780512935217565440,-2.0299999713897705,0,0.009999987669289112
angle,1780512935227565848,-2.0299999713897705,0,0.009999972768127918
angle,1780512935237566164,-2.0299999713897705,0,0.009999957866966724
angle,1780512935247566226,-2.0299999713897705,0,0.009999996982514858
angle,1780512935257566208,-2.0299999713897705,0,0.009999978356063366
angle,1780512935267566857,-2.0299999713897705,0,0.009999970905482769
angle,1780512935277566974,-2.0299999713897705,0,0.009999977424740791
angle,1780512935287567314,-2.0299999713897705,0,0.009999963454902172
angle,1780512935297567469,-2.0299999713897705,0,0.009999963454902172
angle,1780512935307567739,-2.0299999713897705,0,0.009999937377870083
angle,1780512935317568019,-2.0299999713897705,0,0.009999997913837433
angle,1780512935327568379,-2.0299999713897705,0,0.00999994482845068
angle,1780512935337568651,-2.0299999713897705,0,0.00999994482845068
angle,1780512935347568809,-2.0299999713897705,0,0.009999951347708702
angle,1780512935357569370,-2.0299999713897705,0,0.009999995119869709
angle,1780512935367569170,-2.0299999713897705,0,0.010000004433095455
angle,1780512935377569438,-2.0299999713897705,0,0.010000000707805157
angle,1780512935387569602,-2.0299999713897705,0,0.009999987669289112
angle,1780512935397571238,-2.0299999713897705,0,0.009999941103160381
angle,1780512935407570451,-2.0299999713897705,0,0.009999887086451054
angle,1780512935417570583,-2.0299999713897705,0,0.009999977424740791
angle,1780512935427571051,-2.0299999713897705,0,0.00999999139457941
angle,1780512935437571143,-2.0299999713897705,0,0.009999978356063366
angle,1780512935447571549,-2.0299999713897705,0,0.009999960660934448
angle,1780512935457571536,-2.0299999713897705,0,0.009999945759773254
angle,1780512935467571892,-2.0299999713897705,0,0.009999994188547134
angle,1780512935477572054,-2.0299999713897705,0,0.00999996718019247
angle,1780512935487572461,-2.0299999713897705,0,0.009999992325901985
angle,1780512935497575076,-2.0299999713897705,0,0.009999939240515232
angle,1780512935507572883,-2.0299999713897705,0,0.009999931789934635
angle,1780512935517573336,-2.0299999713897705,0,0.009999946691095829
angle,1780512935529076266,-2.0299999713897705,0,0.011502552777528763
angle,1780512935539077218,-2.0299999713897705,0,0.009999926201999187
angle,1780512935549076931,-2.0299999713897705,0,0.009999954141676426
angle,1780512935559077151,-2.0299999713897705,0,0.009999961592257023
angle,1780512935569077784,-2.0299999713897705,0,0.00999999325722456
angle,1780512935579077681,-2.0299999713897705,0,0.009999953210353851
angle,1780512935589078402,-2.0299999713897705,0,0.009999956004321575
angle,1780512935599079491,-2.0299999713897705,0,0.009999939240515232
angle,1780512935609303224,-2.0299999713897705,0,0.010224423371255398
angle,1780512935619303680,-2.0299999713897705,0,0.009999893605709076
angle,1780512935629303615,-2.0299999713897705,0,0.00999996718019247
angle,1780512935639304413,-2.0299999713897705,0,0.00999999139457941
angle,1780512935649304262,-2.0299999713897705,0,0.009999954141676426
angle,1780512935659304367,-2.0299999713897705,0,0.009999961592257023
angle,1780512935669304738,-2.0299999713897705,0,0.009999951347708702
angle,1780512935679304804,-2.0299999713897705,0,0.00999994296580553
angle,1780512935689305019,-2.0299999713897705,0,0.009999957866966724
angle,1780512935699307280,-2.0299999713897705,0,0.009999961592257023
angle,1780512935709305663,-2.0299999713897705,0,0.009999893605709076
angle,1780512935719305666,-2.0299999713897705,0,0.009999986737966537
angle,1780512935729306003,-2.0299999713897705,0,0.009999940171837807
angle,1780512935739306347,-2.0299999713897705,0,0.009999978356063366
angle,1780512935749306689,-2.0299999713897705,0,0.009999984875321388
angle,1780512935759306905,-2.0299999713897705,0,0.009999954141676426
angle,1780512935769307130,-2.0299999713897705,0,0.009999997913837433
angle,1780512935779307339,-2.0299999713897705,0,0.009999978356063366
angle,1780512935789307618,-2.0299999713897705,0,0.009999952279031277
angle,1780512935799308251,-2.0299999713897705,0,0.009999959729611874
angle,1780512935809308087,-2.0299999713897705,0,0.009999955072999
angle,1780512935819308297,-2.0299999713897705,0,0.009999959729611874
angle,1780512935829308528,-2.0299999713897705,0,0.009999987669289112
angle,1780512935839309159,-2.0299999713897705,0,0.009999983012676239
angle,1780512935849309287,-2.0299999713897705,0,0.009999956004321575
angle,1780512935859309607,-2.0299999713897705,0,0.009999950416386127
angle,1780512935869310010,-2.0299999713897705,0,0.009999999776482582
angle,1780512935879311890,-2.0299999713897705,0,0.009999999776482582
angle,1780512935889310306,-2.0299999713897705,0,0.009999946691095829
angle,1780512935899310882,-2.0299999713897705,0,0.009999953210353851
angle,1780512935909312226,-2.0299999713897705,0,0.009999995119869709
angle,1780512935919311345,-2.0299999713897705,0,0.009999942034482956
angle,1780512935929311560,-2.0299999713897705,0,0.009999947622418404
angle,1780512935939312028,-2.0299999713897705,0,0.009999995119869709
angle,1780512935949312034,-2.0299999713897705,0,0.009999957866966724
angle,1780512935959312295,-2.0299999713897705,0,0.009999964386224747
angle,1780512935969313873,-2.0299999713897705,0,0.009999938309192657
angle,1780512935979314331,-2.0299999713897705,0,0.009999866597354412
angle,1780512935989312937,-2.0299999713897705,0,0.009999933652579784
angle,1780512935999313345,-2.0299999713897705,0,0.00999996904283762
angle,1780512936009313563,-2.0299999713897705,0,0.010000006295740604
angle,1780512936019314095,-2.0299999713897705,0,0.009999990463256836
angle,1780512936029313901,-2.0299999713897705,0,0.009999940171837807
angle,1780512936039314445,-2.0299999713897705,0,0.009999987669289112
angle,1780512936049314718,-2.0299999713897705,0,0.00999999325722456
angle,1780512936059315021,-2.0299999713897705,0,0.009999947622418404
angle,1780512936069314916,-2.0299999713897705,0,0.009999965317547321
angle,1780512936079315036,-2.0299999713897705,0,0.009999947622418404
angle,1780512936089315398,-2.0299999713897705,0,0.009999974630773067
angle,1780512936099315543,-2.0299999713897705,0,0.009999948553740978
angle,1780512936109316418,-2.0299999713897705,0,0.009999940171837807
angle,1780512936119316206,-2.0299999713897705,0,0.00999988242983818
angle,1780512936129316110,-2.0299999713897705,0,0.009999996051192284
angle,1780512936139316210,-2.0299999713897705,0,0.009999999776482582
angle,1780512936149316529,-2.0299999713897705,0,0.009999998845160007
angle,1780512936159316729,-2.0299999713897705,0,0.009999969974160194
angle,1780512936169317121,-2.0299999713897705,0,0.009999980218708515
angle,1780512936179317226,-2.0299999713897705,0,0.009999998845160007
angle,1780512936189317833,-2.0299999713897705,0,0.010000004433095455
angle,1780512936199317712,-2.0299999713897705,0,0.009999943897128105
angle,1780512936209318157,-2.0299999713897705,0,0.009999957866966724
angle,1780512936219318291,-2.0299999713897705,0,0.009999934583902359
angle,1780512936229318525,-2.0299999713897705,0,0.009999984875321388
angle,1780512936239318810,-2.0299999713897705,0,0.009999982081353664
angle,1780512936249319218,-2.0299999713897705,0,0.009999943897128105
angle,1780512936259320854,-2.0299999713897705,0,0.00999995693564415
angle,1780512936269319478,-2.0299999713897705,0,0.009999950416386127
angle,1780512936279319558,-2.0299999713897705,0,0.00999997928738594
angle,1780512936289320167,-2.0299999713897705,0,0.009999966248869896
angle,1780512936299320236,-2.0299999713897705,0,0.00999999139457941
angle,1780512936309320646,-2.0299999713897705,0,0.009999982081353664
angle,1780512936319320641,-2.0299999713897705,0,0.009999931789934635
angle,1780512936329320887,-2.0299999713897705,0,0.009999945759773254
angle,1780512936339321591,-2.0299999713897705,0,0.010000009089708328
angle,1780512936349321787,-2.0299999713897705,0,0.009999950416386127
angle,1780512936359321750,-2.0299999713897705,0,0.009999941103160381
angle,1780512936369321983,-2.0299999713897705,0,0.009999996051192284
angle,1780512936381132266,-2.0299999713897705,0,0.011809584684669971
angle,1780512936391132980,-2.0299999713897705,0,0.009999948553740978
angle,1780512936401132775,-2.0299999713897705,0,0.009999961592257023
angle,1780512936411133488,-2.0299999713897705,0,0.009999998845160007
angle,1780512936421133244,-2.0299999713897705,0,0.009999942034482956
angle,1780512936431133427,-2.0299999713897705,0,0.009999940171837807
angle,1780512936441135122,-2.0299999713897705,0,0.009999950416386127
angle,1780512936451133898,-2.0299999713897705,0,0.009999874047935009
angle,1780512936461134071,-2.0299999713897705,0,0.009999975562095642
angle,1780512936471134797,-2.0299999713897705,0,0.009999921545386314
angle,1780512936481134447,-2.0299999713897705,0,0.009999937377870083
angle,1780512936491134882,-2.0299999713897705,0,0.010000009089708328
angle,1780512936501135316,-2.0299999713897705,0,0.00999998115003109
angle,1780512936511135550,-2.0299999713897705,0,0.009999980218708515
angle,1780512936521135746,-2.0299999713897705,0,0.010000007227063179
angle,1780512936531136066,-2.0299999713897705,0,0.010000007227063179
angle,1780512936541136347,-2.0299999713897705,0,0.009999988600611687
angle,1780512936551136385,-2.0299999713897705,0,0.009999994188547134
angle,1780512936561137276,-2.0299999713897705,0,0.009999937377870083
angle,1780512936571137297,-2.0299999713897705,0,0.010000011883676052
angle,1780512936581137489,-2.0299999713897705,0,0.009999969974160194
angle,1780512936591137540,-2.0299999713897705,0,0.010000007227063179
angle,1780512936601137774,-2.0299999713897705,0,0.00999999325722456
angle,1780512936611137941,-2.0299999713897705,0,0.009999982081353664
angle,1780512936621138056,-2.0299999713897705,0,0.009999970905482769
angle,1780512936631139153,-2.0299999713897705,0,0.009999940171837807
angle,1780512936641140731,-2.0299999713897705,0,0.0099998963996768
angle,1780512936651139520,-2.0299999713897705,0,0.009999934583902359
angle,1780512936661139207,-2.0299999713897705,0,0.009999951347708702
angle,1780512936671139405,-2.0299999713897705,0,0.00999999325722456
angle,1780512936681139568,-2.0299999713897705,0,0.009999997913837433
angle,1780512936691140490,-2.0299999713897705,0,0.010000002570450306
angle,1780512936701140122,-2.0299999713897705,0,0.009999977424740791
angle,1780512936711140586,-2.0299999713897705,0,0.009999951347708702
angle,1780512936721140415,-2.0299999713897705,0,0.009999931789934635
angle,1780512936731141111,-2.0299999713897705,0,0.009999970905482769
angle,1780512936741141094,-2.0299999713897705,0,0.009999941103160381
angle,1780512936751141147,-2.0299999713897705,0,0.009999880567193031
angle,1780512936761141392,-2.0299999713897705,0,0.010000002570450306
angle,1780512936771141743,-2.0299999713897705,0,0.009999974630773067
angle,1780512936781141906,-2.0299999713897705,0,0.00999996718019247
angle,1780512936791142218,-2.0299999713897705,0,0.009999959729611874
angle,1780512936801142650,-2.0299999713897705,0,0.009999955072999
angle,1780512936811142869,-2.0299999713897705,0,0.010000002570450306
angle,1780512936821143507,-2.0299999713897705,0,0.00999996904283762
angle,1780512936831143051,-2.0299999713897705,0,0.009999913163483143
angle,1780512936841143363,-2.0299999713897705,0,0.00999996718019247
angle,1780512936851143855,-2.0299999713897705,0,0.009999992325901985
angle,1780512936861143984,-2.0299999713897705,0,0.00999988429248333
angle,1780512936871144725,-2.0299999713897705,0,0.009999968111515045
angle,1780512936881145453,-2.0299999713897705,0,0.009999946691095829
angle,1780512936891144659,-2.0299999713897705,0,0.009999936446547508
angle,1780512936901144764,-2.0299999713897705,0,0.009999971836805344
angle,1780512936911145902,-2.0299999713897705,0,0.009999971836805344
angle,1780512936921145355,-2.0299999713897705,0,0.009999905712902546
angle,1780512936931145525,-2.0299999713897705,0,0.009999796748161316
angle,1780512936941145614,-2.0299999713897705,0,0.00999994296580553
angle,1780512936951146140,-2.0299999713897705,0,0.009999948553740978
angle,1780512936961146148,-2.0299999713897705,0,0.009999965317547321
angle,1780512936971146428,-2.0299999713897705,0,0.00999994296580553
angle,1780512936981146620,-2.0299999713897705,0,0.00999996904283762
angle,1780512936991146717,-2.0299999713897705,0,0.009999992325901985
angle,1780512937001146780,-2.0299999713897705,0,0.00999994482845068
angle,1780512937011147384,-2.0299999713897705,0,0.009999938309192657
angle,1780512937021147234,-2.0299999713897705,0,0.009999864734709263
angle,1780512937031147532,-2.0299999713897705,0,0.009999971836805344
angle,1780512937041147877,-2.0299999713897705,0,0.009999953210353851
angle,1780512937051147771,-2.0299999713897705,0,0.009999938309192657
angle,1780512937061148067,-2.0299999713897705,0,0.009999936446547508
angle,1780512937071148178,-2.0299999713897705,0,0.009999978356063366
angle,1780512937081148781,-2.0299999713897705,0,0.009999942034482956
angle,1780512937091148866,-2.0299999713897705,0,0.009999953210353851
angle,1780512937101149363,-2.0299999713897705,0,0.009999941103160381
angle,1780512937111149572,-2.0299999713897705,0,0.009999999776482582
angle,1780512937121149711,-2.0299999713897705,0,0.010000007227063179
angle,1780512937131150026,-2.0299999713897705,0,0.00999995693564415
angle,1780512937141150077,-2.0299999713897705,0,0.009999958798289299
angle,1780512937151150633,-2.0299999713897705,0,0.010000007227063179
angle,1780512937161150670,-2.0299999713897705,0,0.009999973699450493
angle,1780512937171151167,-2.0299999713897705,0,0.00999995693564415
angle,1780512937181151320,-2.0299999713897705,0,0.009999987669289112
angle,1780512937191151477,-2.0299999713897705,0,0.00999994296580553
angle,1780512937201151928,-2.0299999713897705,0,0.009999965317547321
angle,1780512937211152240,-2.0299999713897705,0,0.00999994296580553
angle,1780512937221152925,-2.0299999713897705,0,0.010000000707805157
angle,1780512937231152346,-2.0299999713897705,0,0.009999955072999
angle,1780512937241152540,-2.0299999713897705,0,0.00999999139457941
angle,1780512937251153079,-2.0299999713897705,0,0.009999973699450493
angle,1780512937261153402,-2.0299999713897705,0,0.009999996982514858
angle,1780512937271153832,-2.0299999713897705,0,0.009999983012676239
angle,1780512937281153853,-2.0299999713897705,0,0.009999938309192657
angle,1780512937291154817,-2.0299999713897705,0,0.010000000707805157
angle,1780512937301154541,-2.0299999713897705,0,0.00999993085861206
angle,1780512937311155293,-2.0299999713897705,0,0.00999995693564415
angle,1780512937321154959,-2.0299999713897705,0,0.009999940171837807
angle,1780512937331155244,-2.0299999713897705,0,0.010000009089708328
angle,1780512937341155466,-2.0299999713897705,0,0.009999946691095829
angle,1780512937351155955,-2.0299999713897705,0,0.010000010021030903
angle,1780512937361156335,-2.0299999713897705,0,0.009999956004321575
angle,1780512937371156459,-2.0299999713897705,0,0.009999975562095642
angle,1780512937381156834,-2.0299999713897705,0,0.010000004433095455
angle,1780512937391157101,-2.0299999713897705,0,0.009999994188547134
angle,1780512937401157730,-2.0299999713897705,0,0.009999994188547134
angle,1780512937411157441,-2.0299999713897705,0,0.009999891743063927
angle,1780512937421157462,-2.0299999713897705,0,0.00999995693564415
angle,1780512937431157795,-2.0299999713897705,0,0.009999996982514858
angle,1780512937441158174,-2.0299999713897705,0,0.009999982081353664
angle,1780512937451160883,-2.0299999713897705,0,0.009999973699450493
angle,1780512937461160112,-2.0299999713897705,0,0.009999873116612434
angle,1780512937471160648,-2.0299999713897705,0,0.009999916888773441
angle,1780512937481159038,-2.0299999713897705,0,0.009999955072999
angle,1780512937491159255,-2.0299999713897705,0,0.009999957866966724
angle,1780512937501159442,-2.0299999713897705,0,0.009999948553740978
angle,1780512937511160118,-2.0299999713897705,0,0.009999961592257023
angle,1780512937521160027,-2.0299999713897705,0,0.009999966248869896
angle,1780512937531160029,-2.0299999713897705,0,0.009999951347708702
angle,1780512937541160387,-2.0299999713897705,0,0.009999995119869709
angle,1780512937551160858,-2.0299999713897705,0,0.009999964386224747
angle,1780512937561160805,-2.0299999713897705,0,0.009999955072999
angle,1780512937571160934,-2.0299999713897705,0,0.010000000707805157
angle,1780512937581161057,-2.0299999713897705,0,0.009999972768127918
angle,1780512937591161524,-2.0299999713897705,0,0.009999959729611874
angle,1780512937601162039,-2.0299999713897705,0,0.010000009089708328
angle,1780512937611161918,-2.0299999713897705,0,0.009999955072999
angle,1780512937623130706,-2.0299999713897705,0,0.011967765167355537
angle,1780512937633130867,-2.0299999713897705,0,0.009999904781579971
angle,1780512937643130746,-2.0299999713897705,0,0.009999975562095642
angle,1780512937653131406,-2.0299999713897705,0,0.010000001639127731
angle,1780512937663131560,-2.0299999713897705,0,0.009999943897128105
angle,1780512937673131988,-2.0299999713897705,0,0.010000004433095455
angle,1780512937683132228,-2.0299999713897705,0,0.009999999776482582
angle,1780512937693132405,-2.0299999713897705,0,0.009999988600611687
angle,1780512937703132733,-2.0299999713897705,0,0.009999945759773254
angle,1780512937713133648,-2.0299999713897705,0,0.009999960660934448
angle,1780512937723133298,-2.0299999713897705,0,0.010000002570450306
angle,1780512937733133537,-2.0299999713897705,0,0.009999960660934448
angle,1780512937743133689,-2.0299999713897705,0,0.00999999139457941
angle,1780512937753134074,-2.0299999713897705,0,0.009999939240515232
angle,1780512937763134638,-2.0299999713897705,0,0.009999973699450493
angle,1780512937773134512,-2.0299999713897705,0,0.00999999139457941
angle,1780512937783135117,-2.0299999713897705,0,0.00999999139457941
angle,1780512937793135040,-2.0299999713897705,0,0.009999933652579784
angle,1780512937803135601,-2.0299999713897705,0,0.00999996904283762
angle,1780512937813135696,-2.0299999713897705,0,0.009999999776482582
angle,1780512937823135737,-2.0299999713897705,0,0.009999968111515045
angle,1780512937833136069,-2.0299999713897705,0,0.00999999139457941
angle,1780512937843136387,-2.0299999713897705,0,0.009999973699450493
angle,1780512937853136381,-2.0299999713897705,0,0.009999948553740978
angle,1780512937863136610,-2.0299999713897705,0,0.00999994296580553
angle,1780512937873137210,-2.0299999713897705,0,0.009999975562095642
angle,1780512937883138381,-2.0299999713897705,0,0.009999880567193031
angle,1780512937893137364,-2.0299999713897705,0,0.009999933652579784
angle,1780512937903137546,-2.0299999713897705,0,0.009999938309192657
angle,1780512937913139113,-2.0299999713897705,0,0.009999945759773254
angle,1780512937923138042,-2.0299999713897705,0,0.009999912232160568
angle,1780512937933138290,-2.0299999713897705,0,0.009999974630773067
angle,1780512937943138530,-2.0299999713897705,0,0.009999952279031277
angle,1780512937953138904,-2.0299999713897705,0,0.009999957866966724
angle,1780512937963139106,-2.0299999713897705,0,0.009999988600611687
angle,1780512937973141350,-2.0299999713897705,0,0.01000000536441803
angle,1780512937983139470,-2.0299999713897705,0,0.009999963454902172
angle,1780512937993139630,-2.0299999713897705,0,0.009999943897128105
angle,1780512938003140545,-2.0299999713897705,0,0.009999959729611874
angle,1780512938013141527,-2.0299999713897705,0,0.010000006295740604
angle,1780512938023140750,-2.0299999713897705,0,0.00999989453703165
angle,1780512938033140616,-2.0299999713897705,0,0.009999966248869896
angle,1780512938043140800,-2.0299999713897705,0,0.009999971836805344
angle,1780512938053141313,-2.0299999713897705,0,0.010000002570450306
angle,1780512938063141386,-2.0299999713897705,0,0.009999966248869896
angle,1780512938073141613,-2.0299999713897705,0,0.009999952279031277
angle,1780512938083141785,-2.0299999713897705,0,0.009999957866966724
angle,1780512938093142368,-2.0299999713897705,0,0.009999945759773254
angle,1780512938103142610,-2.0299999713897705,0,0.009999945759773254
angle,1780512938113142558,-2.0299999713897705,0,0.00999996718019247
angle,1780512938123142764,-2.0299999713897705,0,0.009999978356063366
angle,1780512938133143677,-2.0299999713897705,0,0.00999998115003109
angle,1780512938143143150,-2.0299999713897705,0,0.00999994482845068
angle,1780512938153143522,-2.0299999713897705,0,0.009999948553740978
angle,1780512938163144273,-2.0299999713897705,0,0.009999913163483143
angle,1780512938173144033,-2.0299999713897705,0,0.009999980218708515
angle,1780512938183144001,-2.0299999713897705,0,0.00999995693564415
angle,1780512938193144329,-2.0299999713897705,0,0.009999940171837807
angle,1780512938203144736,-2.0299999713897705,0,0.00999998115003109
angle,1780512938213144760,-2.0299999713897705,0,0.00999993272125721
angle,1780512938223145242,-2.0299999713897705,0,0.009999951347708702
angle,1780512938233145206,-2.0299999713897705,0,0.009999982081353664
angle,1780512938243145590,-2.0299999713897705,0,0.009999988600611687
angle,1780512938253146111,-2.0299999713897705,0,0.009999983012676239
angle,1780512938263146037,-2.0299999713897705,0,0.009999952279031277
angle,1780512938273146741,-2.0299999713897705,0,0.010000013746321201
angle,1780512938283146742,-2.0299999713897705,0,0.00999994296580553
angle,1780512938293148076,-2.0299999713897705,0,0.010000008158385754
angle,1780512938303149967,-2.0299999713897705,0,0.009999925270676613
angle,1780512938313148579,-2.0299999713897705,0,0.009999874979257584
angle,1780512938323148126,-2.0299999713897705,0,0.009999893605709076
angle,1780512938333147977,-2.0299999713897705,0,0.009999972768127918
angle,1780512938343148311,-2.0299999713897705,0,0.00999994296580553
angle,1780512938353148626,-2.0299999713897705,0,0.010000002570450306
angle,1780512938363149188,-2.0299999713897705,0,0.009999992325901985
angle,1780512938373149094,-2.0299999713897705,0,0.009999988600611687
angle,1780512938383149404,-2.0299999713897705,0,0.010000004433095455
angle,1780512938393149485,-2.0299999713897705,0,0.009999961592257023
angle,1780512938403149872,-2.0299999713897705,0,0.009999965317547321
angle,1780512938413150994,-2.0299999713897705,0,0.009999983943998814
angle,1780512938423150397,-2.0299999713897705,0,0.009999892674386501
angle,1780512938433150588,-2.0299999713897705,0,0.009999957866966724
angle,1780512938443150669,-2.0299999713897705,0,0.009999978356063366
angle,1780512938453151238,-2.0299999713897705,0,0.009999954141676426
angle,1780512938463151397,-2.0299999713897705,0,0.01000000536441803
angle,1780512938473151231,-2.0299999713897705,0,0.009999886155128479
angle,1780512938483151659,-2.0299999713897705,0,0.009999987669289112
angle,1780512938493151994,-2.0299999713897705,0,0.009999969974160194
angle,1780512938503159342,-2.0299999713897705,0,0.009999996051192284
angle,1780512938513153144,-2.0299999713897705,0,0.009999983943998814
angle,1780512938523153239,-2.0299999713897705,0,0.009999945759773254
angle,1780512938533153350,-2.0299999713897705,0,0.009999969974160194
angle,1780512938543153392,-2.0299999713897705,0,0.010000002570450306
angle,1780512938553153722,-2.0299999713897705,0,0.009999958798289299
angle,1780512938563154261,-2.0299999713897705,0,0.009999983012676239
angle,1780512938573154267,-2.0299999713897705,0,0.009999951347708702
angle,1780512938583154410,-2.0299999713897705,0,0.009999988600611687
angle,1780512938593154823,-2.0299999713897705,0,0.00999996904283762
angle,1780512938603155152,-2.0299999713897705,0,0.009999960660934448
angle,1780512938613155004,-2.0299999713897705,0,0.009999939240515232
angle,1780512938623155549,-2.0299999713897705,0,0.010000007227063179
angle,1780512938633155455,-2.0299999713897705,0,0.00999988429248333
angle,1780512938643155728,-2.0299999713897705,0,0.009999980218708515
angle,1780512938653155968,-2.0299999713897705,0,0.009999912232160568
angle,1780512938663156197,-2.0299999713897705,0,0.009999937377870083
angle,1780512938673156642,-2.0299999713897705,0,0.009999931789934635
angle,1780512938683157147,-2.0299999713897705,0,0.009999933652579784
angle,1780512938693156976,-2.0299999713897705,0,0.009999888017773628
angle,1780512938703157014,-2.0299999713897705,0,0.010000010021030903
angle,1780512938713157424,-2.0299999713897705,0,0.009999997913837433
angle,1780512938723157725,-2.0299999713897705,0,0.009999954141676426
angle,1780512938733158035,-2.0299999713897705,0,0.009999988600611687
angle,1780512938743157924,-2.0299999713897705,0,0.009999934583902359
angle,1780512938753158347,-2.0299999713897705,0,0.009999968111515045
angle,1780512938763158515,-2.0299999713897705,0,0.009999983012676239
angle,1780512938773158880,-2.0299999713897705,0,0.009999969974160194
angle,1780512938783159060,-2.0299999713897705,0,0.009999972768127918
angle,1780512938793159281,-2.0299999713897705,0,0.00999996904283762
angle,1780512938803159624,-2.0299999713897705,0,0.00999998115003109
angle,1780512938813159907,-2.0299999713897705,0,0.009999973699450493
angle,1780512938823160680,-2.0299999713897705,0,0.009999996982514858
angle,1780512938833160314,-2.0299999713897705,0,0.009999925270676613
angle,1780512938843160385,-2.0299999713897705,0,0.00999998115003109
angle,1780512938853160914,-2.0299999713897705,0,0.009999941103160381
angle,1780512938863160920,-2.0299999713897705,0,0.009999996051192284
angle,1780512938873161801,-2.0299999713897705,0,0.009999987669289112
angle,1780512938883163019,-2.0299999713897705,0,0.009999849833548069
angle,1780512938893161637,-2.0299999713897705,0,0.00999990664422512
angle,1780512938903161692,-2.0299999713897705,0,0.00999994296580553
angle,1780512938913162969,-2.0299999713897705,0,0.009999992325901985
angle,1780512938923162401,-2.0299999713897705,0,0.009999927133321762
angle,1780512938933162343,-2.0299999713897705,0,0.009999942034482956
angle,1780512938943162666,-2.0299999713897705,0,0.009999948553740978
angle,1780512938953163428,-2.0299999713897705,0,0.009999996051192284
angle,1780512938963163350,-2.0299999713897705,0,0.009999958798289299
angle,1780512938973163857,-2.0299999713897705,0,0.00999996718019247
angle,1780512938983163889,-2.0299999713897705,0,0.009999936446547508
angle,1780512938993164064,-2.0299999713897705,0,0.00999990664422512
angle,1780512939003164460,-2.0299999713897705,0,0.009999942034482956
angle,1780512939013164685,-2.0299999713897705,0,0.009999985806643963
angle,1780512939023164700,-2.0299999713897705,0,0.009999939240515232
angle,1780512939033164849,-2.0299999713897705,0,0.009999974630773067
angle,1780512939043165220,-2.0299999713897705,0,0.009999955072999
angle,1780512939053165253,-2.0299999713897705,0,0.009999972768127918
angle,1780512939063165956,-2.0299999713897705,0,0.009999972768127918
angle,1780512939073165701,-2.0299999713897705,0,0.00999997928738594
angle,1780512939083166268,-2.0299999713897705,0,0.00999998115003109
angle,1780512939093166504,-2.0299999713897705,0,0.009999996982514858
angle,1780512939103166546,-2.0299999713897705,0,0.009999986737966537
angle,1780512939113166860,-2.0299999713897705,0,0.00999996718019247
angle,1780512939123167186,-2.0299999713897705,0,0.010000000707805157
angle,1780512939133167383,-2.0299999713897705,0,0.009999958798289299
angle,1780512939143167623,-2.0299999713897705,0,0.009999998845160007
angle,1780512939153168194,-2.0299999713897705,0,0.009999977424740791
angle,1780512939163168250,-2.0299999713897705,0,0.009999986737966537
angle,1780512939173168464,-2.0299999713897705,0,0.00999999325722456
angle,1780512939183168769,-2.0299999713897705,0,0.009999959729611874
angle,1780512939193168922,-2.0299999713897705,0,0.00999997928738594
angle,1780512939203169197,-2.0299999713897705,0,0.00999991875141859
angle,1780512939213169469,-2.0299999713897705,0,0.009999986737966537
angle,1780512939223170186,-2.0299999713897705,0,0.009999983943998814
angle,1780512939233171232,-2.0299999713897705,0,0.009999943897128105
angle,1780512939243170829,-2.0299999713897705,0,0.009999886155128479
angle,1780512939253170341,-2.0299999713897705,0,0.00999994296580553
angle,1780512939263170740,-2.0299999713897705,0,0.009999994188547134
angle,1780512939273171109,-2.0299999713897705,0,0.009999874979257584
angle,1780512939283171389,-2.0299999713897705,0,0.00999994296580553
angle,1780512939293171424,-2.0299999713897705,0,0.00999998115003109
angle,1780512939303171622,-2.0299999713897705,0,0.009999951347708702
angle,1780512939313171775,-2.0299999713897705,0,0.009999984875321388
angle,1780512939323172245,-2.0299999713897705,0,0.009999953210353851
angle,1780512939333172427,-2.0299999713897705,0,0.009999923408031464
angle,1780512939343173222,-2.0299999713897705,0,0.009999984875321388
angle,1780512939353172845,-2.0299999713897705,0,0.009999966248869896
angle,1780512939363173203,-2.0299999713897705,0,0.00999999325722456
angle,1780512939373173453,-2.0299999713897705,0,0.009999959729611874
angle,1780512939383173771,-2.0299999713897705,0,0.009999948553740978
angle,1780512939393173878,-2.0299999713897705,0,0.009999982081353664
angle,1780512939403174365,-2.0299999713897705,0,0.00999993272125721
angle,1780512939413174369,-2.0299999713897705,0,0.00999999325722456
angle,1780512939423175086,-2.0299999713897705,0,0.00999996718019247
angle,1780512939433174974,-2.0299999713897705,0,0.00999993085861206
angle,1780512939443175206,-2.0299999713897705,0,0.009999965317547321
angle,1780512939453175452,-2.0299999713897705,0,0.009999999776482582
angle,1780512939463175741,-2.0299999713897705,0,0.010000000707805157
angle,1780512939473176093,-2.0299999713897705,0,0.01000000536441803
angle,1780512939483176309,-2.0299999713897705,0,0.009999940171837807
angle,1780512939493176508,-2.0299999713897705,0,0.009999963454902172
angle,1780512939503176941,-2.0299999713897705,0,0.009999954141676426
angle,1780512939513177509,-2.0299999713897705,0,0.009999945759773254
angle,1780512939523177518,-2.0299999713897705,0,0.009999994188547134
angle,1780512939533177459,-2.0299999713897705,0,0.009999996982514858
angle,1780512939543177630,-2.0299999713897705,0,0.009999946691095829
angle,1780512939553178250,-2.0299999713897705,0,0.009999937377870083
angle,1780512939563178626,-2.0299999713897705,0,0.009999939240515232
angle,1780512939573178675,-2.0299999713897705,0,0.009999909438192844
angle,1780512939583178771,-2.0299999713897705,0,0.009999954141676426
angle,1780512939593179452,-2.0299999713897705,0,0.009999970905482769
angle,1780512939603179761,-2.0299999713897705,0,0.009999948553740978
angle,1780512939613179709,-2.0299999713897705,0,0.009999969974160194
angle,1780512939623180125,-2.0299999713897705,0,0.009999983943998814
angle,1780512939633180430,-2.0299999713897705,0,0.009999877773225307
angle,1780512939643180630,-2.0299999713897705,0,0.009999960660934448
angle,1780512939653180729,-2.0299999713897705,0,0.009999965317547321
angle,1780512939663180983,-2.0299999713897705,0,0.009999965317547321
angle,1780512939673181121,-2.0299999713897705,0,0.00999999139457941
angle,1780512939683181200,-2.0299999713897705,0,0.009999971836805344
angle,1780512939693181719,-2.0299999713897705,0,0.009999952279031277
angle,1780512939703181790,-2.0299999713897705,0,0.009999939240515232
angle,1780512939713181891,-2.0299999713897705,0,0.009999992325901985
angle,1780512939723182154,-2.0299999713897705,0,0.009999955072999
angle,1780512939733182634,-2.0299999713897705,0,0.00999994296580553
angle,1780512939743182452,-2.0299999713897705,0,0.010000002570450306
angle,1780512939753183259,-2.0299999713897705,0,0.009999951347708702
angle,1780512939763183057,-2.0299999713897705,0,0.009999915026128292
angle,1780512939773183189,-2.0299999713897705,0,0.009999986737966537
angle,1780512939783184614,-2.0299999713897705,0,0.009999948553740978
angle,1780512939793183762,-2.0299999713897705,0,0.009999951347708702
angle,1780512939803184260,-2.0299999713897705,0,0.009999974630773067
angle,1780512939813184484,-2.0299999713897705,0,0.009999966248869896
angle,1780512939823184770,-2.0299999713897705,0,0.00999994482845068
angle,1780512939833184991,-2.0299999713897705,0,0.00999998115003109
angle,1780512939843185146,-2.0299999713897705,0,0.009999942034482956
angle,1780512939853185572,-2.0299999713897705,0,0.009999931789934635
angle,1780512939863185584,-2.0299999713897705,0,0.009999955072999
angle,1780512939873186016,-2.0299999713897705,0,0.00999997928738594
angle,1780512939883187473,-2.0299999713897705,0,0.009999996051192284
angle,1780512939893186187,-2.0299999713897705,0,0.009999883361160755
angle,1780512939903186457,-2.0299999713897705,0,0.009999999776482582
angle,1780512939913187999,-2.0299999713897705,0,0.009999972768127918
angle,1780512939923186856,-2.0299999713897705,0,0.009999923408031464
angle,1780512939933187174,-2.0299999713897705,0,0.009999995119869709
angle,1780512939943187410,-2.0299999713897705,0,0.009999923408031464
angle,1780512939953187712,-2.0299999713897705,0,0.009999996051192284
angle,1780512939963188105,-2.0299999713897705,0,0.00999996904283762
angle,1780512939973190004,-2.0299999713897705,0,0.010000014677643776
angle,1780512939983188821,-2.0299999713897705,0,0.009999879635870457
angle,1780512939993188792,-2.0299999713897705,0,0.009999958798289299
angle,1780512940003190259,-2.0299999713897705,0,0.010000018402934074
angle,1780512940013189653,-2.0299999713897705,0,0.009999855421483517
angle,1780512940023189592,-2.0299999713897705,0,0.010000000707805157
angle,1780512940033189873,-2.0299999713897705,0,0.010000004433095455
angle,1780512940043190286,-2.0299999713897705,0,0.009999943897128105
angle,1780512940053190555,-2.0299999713897705,0,0.009999937377870083
angle,1780512940063190733,-2.0299999713897705,0,0.009999992325901985
angle,1780512940073191077,-2.0299999713897705,0,0.00999999325722456
angle,1780512940083191436,-2.0299999713897705,0,0.009999980218708515
angle,1780512940093191907,-2.0299999713897705,0,0.010000000707805157
angle,1780512940103191778,-2.0299999713897705,0,0.009999956004321575
angle,1780512940113192041,-2.0299999713897705,0,0.009999951347708702
angle,1780512940123192356,-2.0299999713897705,0,0.00999999325722456
angle,1780512940133192861,-2.0299999713897705,0,0.009999934583902359
angle,1780512940143192786,-2.0299999713897705,0,0.009999952279031277
angle,1780512940153193063,-2.0299999713897705,0,0.009999945759773254
angle,1780512940163193366,-2.0299999713897705,0,0.009999946691095829
angle,1780512940173193514,-2.0299999713897705,0,0.010000002570450306
angle,1780512940183193994,-2.0299999713897705,0,0.00999996718019247
angle,1780512940193193962,-2.0299999713897705,0,0.009999996051192284
angle,1780512940203194258,-2.0299999713897705,0,0.009999992325901985
angle,1780512940213194521,-2.0299999713897705,0,0.009999970905482769
angle,1780512940223194985,-2.0299999713897705,0,0.009999957866966724
angle,1780512940233196101,-2.0299999713897705,0,0.009999986737966537
angle,1780512940243195453,-2.0299999713897705,0,0.009999851696193218
angle,1780512940253195731,-2.0299999713897705,0,0.009999953210353851
angle,1780512940263196095,-2.0299999713897705,0,0.010000016540288925
angle,1780512940273196581,-2.0299999713897705,0,0.009999985806643963
angle,1780512940283196567,-2.0299999713897705,0,0.009999988600611687
angle,1780512940293196700,-2.0299999713897705,0,0.009999987669289112
angle,1780512940303196999,-2.0299999713897705,0,0.00999999139457941
angle,1780512940313197267,-2.0299999713897705,0,0.009999994188547134
angle,1780512940323197773,-2.0299999713897705,0,0.009999983012676239
angle,1780512940333198167,-2.0299999713897705,0,0.009999971836805344
angle,1780512940343198100,-2.0299999713897705,0,0.009999970905482769
angle,1780512940353198349,-2.0299999713897705,0,0.00999994296580553
angle,1780512940363199093,-2.0299999713897705,0,0.010000006295740604
angle,1780512940373198869,-2.0299999713897705,0,0.009999958798289299
angle,1780512940383199120,-2.0299999713897705,0,0.009999973699450493
angle,1780512940393199278,-2.0299999713897705,0,0.009999980218708515
angle,1780512940403199648,-2.0299999713897705,0,0.009999955072999
angle,1780512940413199827,-2.0299999713897705,0,0.009999938309192657
angle,1780512940423200111,-2.0299999713897705,0,0.009999965317547321
angle,1780512940433200561,-2.0299999713897705,0,0.009999988600611687
angle,1780512940443200548,-2.0299999713897705,0,0.009999984875321388
angle,1780512940453201027,-2.0299999713897705,0,0.009999885223805904
angle,1780512940463201062,-2.0299999713897705,0,0.009999952279031277
angle,1780512940473201233,-2.0299999713897705,0,0.009999959729611874
angle,1780512940483201821,-2.0299999713897705,0,0.010000052861869335
angle,1780512940493201795,-2.0299999713897705,0,0.009999931789934635
angle,1780512940503202067,-2.0299999713897705,0,0.010000006295740604
angle,1780512940513202240,-2.0299999713897705,0,0.009999971836805344
angle,1780512940523202636,-2.0299999713897705,0,0.009999994188547134
angle,1780512940533202942,-2.0299999713897705,0,0.009999933652579784
angle,1780512940543203086,-2.0299999713897705,0,0.010000001639127731
angle,1780512940553203331,-2.0299999713897705,0,0.009999986737966537
angle,1780512940563203717,-2.0299999713897705,0,0.009999946691095829
angle,1780512940573203798,-2.0299999713897705,0,0.009999999776482582
angle,1780512940583204357,-2.0299999713897705,0,0.009999998845160007
angle,1780512940593204962,-2.0299999713897705,0,0.009999986737966537
angle,1780512940603204889,-2.0299999713897705,0,0.009999985806643963
angle,1780512940613205134,-2.0299999713897705,0,0.00999994296580553
angle,1780512940623205434,-2.0299999713897705,0,0.009999966248869896
angle,1780512940633206414,-2.0299999713897705,0,0.009999957866966724
angle,1780512940643205974,-2.0299999713897705,0,0.010000000707805157
angle,1780512940653206185,-2.0299999713897705,0,0.009999959729611874
angle,1780512940663206764,-2.0299999713897705,0,0.009999984875321388
angle,1780512940673206782,-2.0299999713897705,0,0.009999897330999374
angle,1780512940683206906,-2.0299999713897705,0,0.009999937377870083
angle,1780512940693207107,-2.0299999713897705,0,0.00999994296580553
angle,1780512940703207466,-2.0299999713897705,0,0.009999973699450493
angle,1780512940713207790,-2.0299999713897705,0,0.00999996904283762
angle,1780512940723208072,-2.0299999713897705,0,0.00999990664422512
angle,1780512940733208319,-2.0299999713897705,0,0.009999984875321388
angle,1780512940743208245,-2.0299999713897705,0,0.009999965317547321
angle,1780512940753208609,-2.0299999713897705,0,0.009999945759773254
angle,1780512940763208842,-2.0299999713897705,0,0.010000007227063179
angle,1780512940773209219,-2.0299999713897705,0,0.009999947622418404
angle,1780512940783209230,-2.0299999713897705,0,0.00999999325722456
angle,1780512940793209499,-2.0299999713897705,0,0.009999938309192657
angle,1780512940803209614,-2.0299999713897705,0,0.00999993272125721
angle,1780512940813209787,-2.0299999713897705,0,0.009999972768127918
angle,1780512940823210474,-2.0299999713897705,0,0.009999950416386127
angle,1780512940833210529,-2.0299999713897705,0,0.010000006295740604
angle,1780512940843210514,-2.0299999713897705,0,0.00999995693564415
angle,1780512940853210869,-2.0299999713897705,0,0.009999951347708702
angle,1780512940863211036,-2.0299999713897705,0,0.009999986737966537
angle,1780512940873211518,-2.0299999713897705,0,0.00999996718019247
angle,1780512940883213216,-2.0299999713897705,0,0.009999977424740791
angle,1780512940893211671,-2.0299999713897705,0,0.009999848902225494
angle,1780512940903212051,-2.0299999713897705,0,0.009999955072999
angle,1780512940913213350,-2.0299999713897705,0,0.009999998845160007
angle,1780512940923212613,-2.0299999713897705,0,0.00999988429248333
angle,1780512940933213401,-2.0299999713897705,0,0.009999919682741165
angle,1780512940943213090,-2.0299999713897705,0,0.009999970905482769
angle,1780512940953213521,-2.0299999713897705,0,0.009999997913837433
angle,1780512940963213580,-2.0299999713897705,0,0.009999978356063366
angle,1780512940973213896,-2.0299999713897705,0,0.009999956004321575
angle,1780512940983213986,-2.0299999713897705,0,0.009999995119869709
angle,1780512940993214364,-2.0299999713897705,0,0.009999988600611687
angle,1780512941003214813,-2.0299999713897705,0,0.00999997928738594
angle,1780512941013214760,-2.0299999713897705,0,0.009999964386224747
angle,1780512941023215339,-2.0299999713897705,0,0.009999940171837807
angle,1780512941033215525,-2.0299999713897705,0,0.00999996718019247
angle,1780512941043215505,-2.0299999713897705,0,0.009999953210353851
angle,1780512941053215708,-2.0299999713897705,0,0.01000000536441803
angle,1780512941063215902,-2.0299999713897705,0,0.00999997928738594
angle,1780512941073216172,-2.0299999713897705,0,0.009999965317547321
angle,1780512941083216404,-2.0299999713897705,0,0.010000007227063179
angle,1780512941093216913,-2.0299999713897705,0,0.009999960660934448
angle,1780512941103216922,-2.0299999713897705,0,0.00999993272125721
angle,1780512941113217381,-2.0299999713897705,0,0.009999995119869709
angle,1780512941123217146,-2.0299999713897705,0,0.009999951347708702
angle,1780512941133217507,-2.0299999713897705,0,0.009999996051192284
angle,1780512941143218694,-2.0299999713897705,0,0.009999978356063366
angle,1780512941153218175,-2.0299999713897705,0,0.009999924339354038
angle,1780512941163218332,-2.0299999713897705,0,0.009999953210353851
angle,1780512941173219209,-2.0299999713897705,0,0.010000001639127731
angle,1780512941183218854,-2.0299999713897705,0,0.00999998115003109
angle,1780512941193219162,-2.0299999713897705,0,0.00999994296580553
angle,1780512941203219626,-2.0299999713897705,0,0.009999956004321575
angle,1780512941213219615,-2.0299999713897705,0,0.009999955072999
angle,1780512941223220132,-2.0299999713897705,0,0.009999996051192284
angle,1780512941233220564,-2.0299999713897705,0,0.009999945759773254
angle,1780512941243220659,-2.0299999713897705,0,0.009999877773225307
angle,1780512941253220677,-2.0299999713897705,0,0.009999984875321388
angle,1780512941263220999,-2.0299999713897705,0,0.009999969974160194
angle,1780512941273221427,-2.0299999713897705,0,0.010000002570450306
angle,1780512941283221760,-2.0299999713897705,0,0.009999985806643963
angle,1780512941293221949,-2.0299999713897705,0,0.009999952279031277
angle,1780512941303221791,-2.0299999713897705,0,0.009999954141676426
angle,1780512941313222167,-2.0299999713897705,0,0.009999959729611874
angle,1780512941323222123,-2.0299999713897705,0,0.00999995693564415
angle,1780512941333223078,-2.0299999713897705,0,0.009999950416386127
angle,1780512941343222728,-2.0299999713897705,0,0.009999950416386127
angle,1780512941353222847,-2.0299999713897705,0,0.009999943897128105
angle,1780512941363223166,-2.0299999713897705,0,0.009999984875321388
angle,1780512941373223557,-2.0299999713897705,0,0.009999980218708515
angle,1780512941383223436,-2.0299999713897705,0,0.009999939240515232
angle,1780512941393223724,-2.0299999713897705,0,0.009999997913837433
angle,1780512941403224018,-2.0299999713897705,0,0.010000010021030903
angle,1780512941413224223,-2.0299999713897705,0,0.01000001560896635
angle,1780512941423225012,-2.0299999713897705,0,0.009999982081353664
angle,1780512941433224931,-2.0299999713897705,0,0.009999953210353851
angle,1780512941443226382,-2.0299999713897705,0,0.00999995693564415
angle,1780512941453225290,-2.0299999713897705,0,0.009999952279031277
angle,1780512941463225616,-2.0299999713897705,0,0.009999958798289299
angle,1780512941473225729,-2.0299999713897705,0,0.00999996718019247
angle,1780512941484825924,-2.0299999713897705,0,0.011599631048738956
angle,1780512941494826567,-2.0299999713897705,0,0.009999934583902359
angle,1780512941504826499,-2.0299999713897705,0,0.009999941103160381
angle,1780512941514827289,-2.0299999713897705,0,0.009999943897128105
angle,1780512941524826927,-2.0299999713897705,0,0.009999970905482769
angle,1780512941534827422,-2.0299999713897705,0,0.009999988600611687
angle,1780512941544827995,-2.0299999713897705,0,0.009999966248869896
angle,1780512941554827977,-2.0299999713897705,0,0.010000001639127731
angle,1780512941564828121,-2.0299999713897705,0,0.009999948553740978
angle,1780512941574828415,-2.0299999713897705,0,0.009999912232160568
angle,1780512941584828424,-2.0299999713897705,0,0.009999948553740978
angle,1780512941594829192,-2.0299999713897705,0,0.009999936446547508
angle,1780512941604862209,-2.0299999713897705,0,0.01003283727914095
angle,1780512941614862604,-2.0299999713897705,0,0.009999957866966724
angle,1780512941624862308,-2.0299999713897705,0,0.009999936446547508
angle,1780512941634865227,-2.0299999713897705,0,0.009999953210353851
angle,1780512941644865680,-2.0299999713897705,0,0.009998587891459465
angle,1780512941656679049,-2.0299999713897705,0,0.011814853176474571
angle,1780512941666679114,-2.0299999713897705,0,0.00999989453703165
angle,1780512941676679457,-2.0299999713897705,0,0.009999923408031464
angle,1780512941686679417,-2.0299999713897705,0,0.009999985806643963
angle,1780512941696680322,-2.0299999713897705,0,0.009999970905482769
angle,1780512941706679932,-2.0299999713897705,0,0.009999919682741165
angle,1780512941716680383,-2.0299999713897705,0,0.009999997913837433
angle,1780512941726680694,-2.0299999713897705,0,0.009999941103160381
angle,1780512941736680961,-2.0299999713897705,0,0.00999994296580553
angle,1780512941746680903,-2.0299999713897705,0,0.009999957866966724
angle,1780512941756681247,-2.0299999713897705,0,0.009999983012676239
angle,1780512941766681394,-2.0299999713897705,0,0.009999938309192657
angle,1780512941776681686,-2.0299999713897705,0,0.009999994188547134
angle,1780512941786681833,-2.0299999713897705,0,0.009999955072999
angle,1780512941796682280,-2.0299999713897705,0,0.009999956004321575
angle,1780512941806682256,-2.0299999713897705,0,0.009999936446547508
angle,1780512941816682555,-2.0299999713897705,0,0.010000033304095268
angle,1780512941826682766,-2.0299999713897705,0,0.009999972768127918
angle,1780512941836683669,-2.0299999713897705,0,0.00999998115003109
angle,1780512941846683613,-2.0299999713897705,0,0.009999912232160568
angle,1780512941856683934,-2.0299999713897705,0,0.00999995693564415
angle,1780512941866684167,-2.0299999713897705,0,0.009999939240515232
angle,1780512941876684775,-2.0299999713897705,0,0.009999987669289112
angle,1780512941886686089,-2.0299999713897705,0,0.010000054724514484
angle,1780512941896685008,-2.0299999713897705,0,0.009999880567193031
angle,1780512941906685457,-2.0299999713897705,0,0.00999992061406374
angle,1780512941916686011,-2.0299999713897705,0,0.009999974630773067
angle,1780512941926687109,-2.0299999713897705,0,0.009999915026128292
angle,1780512941936685804,-2.0299999713897705,0,0.009999929927289486
angle,1780512941946686202,-2.0299999713897705,0,0.009999977424740791
angle,1780512941956686462,-2.0299999713897705,0,0.009999956004321575
angle,1780512941966686331,-2.0299999713897705,0,0.009999939240515232
angle,1780512941976688815,-2.0299999713897705,0,0.009999983943998814
angle,1780512941986688347,-2.0299999713897705,0,0.009999885223805904
angle,1780512941996687122,-2.0299999713897705,0,0.009999902918934822
angle,1780512942006687465,-2.0299999713897705,0,0.009999954141676426
angle,1780512942016687421,-2.0299999713897705,0,0.010000001639127731
angle,1780512942026687773,-2.0299999713897705,0,0.00999999325722456
angle,1780512942036688011,-2.0299999713897705,0,0.009999970905482769
angle,1780512942046688297,-2.0299999713897705,0,0.009999988600611687
angle,1780512942056688532,-2.0299999713897705,0,0.009999911300837994
angle,1780512942066688983,-2.0299999713897705,0,0.009999972768127918
angle,1780512942076689056,-2.0299999713897705,0,0.009999957866966724
angle,1780512942086689330,-2.0299999713897705,0,0.009999987669289112
angle,1780512942096689563,-2.0299999713897705,0,0.009999982081353664
angle,1780512942106689733,-2.0299999713897705,0,0.009999975562095642
angle,1780512942116690062,-2.0299999713897705,0,0.009999948553740978
angle,1780512942126690442,-2.0299999713897705,0,0.010000008158385754
angle,1780512942136690719,-2.0299999713897705,0,0.009999968111515045
angle,1780512942146690832,-2.0299999713897705,0,0.010000008158385754
angle,1780512942156691323,-2.0299999713897705,0,0.010000000707805157
angle,1780512942166691372,-2.0299999713897705,0,0.009999980218708515
angle,1780512942176691616,-2.0299999713897705,0,0.009999963454902172
angle,1780512942186691713,-2.0299999713897705,0,0.010000001639127731
angle,1780512942196692240,-2.0299999713897705,0,0.00999996718019247
angle,1780512942206692424,-2.0299999713897705,0,0.009999972768127918
angle,1780512942216692888,-2.0299999713897705,0,0.009999973699450493
angle,1780512942226692902,-2.0299999713897705,0,0.009999936446547508
angle,1780512942236693125,-2.0299999713897705,0,0.009999957866966724
angle,1780512942246693594,-2.0299999713897705,0,0.009999965317547321
angle,1780512942256693776,-2.0299999713897705,0,0.00999996904283762
angle,1780512942266693916,-2.0299999713897705,0,0.009999937377870083
angle,1780512942276694257,-2.0299999713897705,0,0.010000000707805157
angle,1780512942286695627,-2.0299999713897705,0,0.009999883361160755
angle,1780512942296694964,-2.0299999713897705,0,0.009999874979257584
angle,1780512942306695070,-2.0299999713897705,0,0.00999997928738594
angle,1780512942316695323,-2.0299999713897705,0,0.00999998115003109
angle,1780512942326695882,-2.0299999713897705,0,0.00999996718019247
angle,1780512942336696077,-2.0299999713897705,0,0.00999994482845068
angle,1780512942346696036,-2.0299999713897705,0,0.009999951347708702
angle,1780512942356696207,-2.0299999713897705,0,0.009999933652579784
angle,1780512942366696567,-2.0299999713897705,0,0.009999952279031277
angle,1780512942376697118,-2.0299999713897705,0,0.009999986737966537
angle,1780512942386697148,-2.0299999713897705,0,0.009999975562095642
angle,1780512942396697239,-2.0299999713897705,0,0.009999965317547321
angle,1780512942406697789,-2.0299999713897705,0,0.009999987669289112
angle,1780512942416697605,-2.0299999713897705,0,0.00999995693564415
angle,1780512942426697882,-2.0299999713897705,0,0.009999992325901985
angle,1780512942436698094,-2.0299999713897705,0,0.009999986737966537
angle,1780512942446698535,-2.0299999713897705,0,0.009999996982514858
angle,1780512942456698666,-2.0299999713897705,0,0.009999965317547321
angle,1780512942466699299,-2.0299999713897705,0,0.009999999776482582
angle,1780512942476701229,-2.0299999713897705,0,0.010000035166740417
angle,1780512942486701638,-2.0299999713897705,0,0.009999852627515793
angle,1780512942496700440,-2.0299999713897705,0,0.009999956004321575
angle,1780512942506700007,-2.0299999713897705,0,0.009999924339354038
angle,1780512942516700276,-2.0299999713897705,0,0.009999957866966724
angle,1780512942526700621,-2.0299999713897705,0,0.009999999776482582
angle,1780512942536700692,-2.0299999713897705,0,0.009999956004321575
angle,1780512942546701739,-2.0299999713897705,0,0.00999996904283762
angle,1780512942556701273,-2.0299999713897705,0,0.009999927133321762
angle,1780512942566701402,-2.0299999713897705,0,0.009999978356063366
angle,1780512942576701965,-2.0299999713897705,0,0.009999945759773254
angle,1780512942586702177,-2.0299999713897705,0,0.009999988600611687
angle,1780512942596702179,-2.0299999713897705,0,0.009999966248869896
angle,1780512942606702238,-2.0299999713897705,0,0.009999946691095829
angle,1780512942616702538,-2.0299999713897705,0,0.009999982081353664
angle,1780512942626702677,-2.0299999713897705,0,0.00999994482845068
angle,1780512942636702784,-2.0299999713897705,0,0.009999936446547508
angle,1780512942646703307,-2.0299999713897705,0,0.009999945759773254
angle,1780512942656703348,-2.0299999713897705,0,0.010000023990869522
angle,1780512942666703645,-2.0299999713897705,0,0.009999983943998814
angle,1780512942676704123,-2.0299999713897705,0,0.009999948553740978
angle,1780512942686704240,-2.0299999713897705,0,0.009999943897128105
angle,1780512942696704699,-2.0299999713897705,0,0.00999997928738594
angle,1780512942706704599,-2.0299999713897705,0,0.009999914094805717
angle,1780512942716705058,-2.0299999713897705,0,0.00999995693564415
angle,1780512942726704995,-2.0299999713897705,0,0.009999961592257023
angle,1780512942736705286,-2.0299999713897705,0,0.009999959729611874
angle,1780512942746705699,-2.0299999713897705,0,0.009999987669289112
angle,1780512942756705516,-2.0299999713897705,0,0.009999965317547321
angle,1780512942766705861,-2.0299999713897705,0,0.00999999139457941
angle,1780512942776706152,-2.0299999713897705,0,0.010000007227063179
angle,1780512942786706385,-2.0299999713897705,0,0.009999915957450867
angle,1780512942796706558,-2.0299999713897705,0,0.009999925270676613
angle,1780512942806707206,-2.0299999713897705,0,0.010000000707805157
angle,1780512942816707061,-2.0299999713897705,0,0.00999999325722456
angle,1780512942826707265,-2.0299999713897705,0,0.009999939240515232
angle,1780512942836707754,-2.0299999713897705,0,0.009999950416386127
angle,1780512942846708043,-2.0299999713897705,0,0.009999973699450493
angle,1780512942856708485,-2.0299999713897705,0,0.009999964386224747
angle,1780512942866708401,-2.0299999713897705,0,0.00999988429248333
angle,1780512942876709015,-2.0299999713897705,0,0.009999936446547508
angle,1780512942886710881,-2.0299999713897705,0,0.009999900124967098
angle,1780512942896710293,-2.0299999713897705,0,0.009999857284128666
angle,1780512942906709435,-2.0299999713897705,0,0.009999953210353851
angle,1780512942916710469,-2.0299999713897705,0,0.009999948553740978
angle,1780512942926709941,-2.0299999713897705,0,0.009999891743063927
angle,1780512942936710194,-2.0299999713897705,0,0.009999928064644337
angle,1780512942946710497,-2.0299999713897705,0,0.009999877773225307
angle,1780512942956710581,-2.0299999713897705,0,0.009999933652579784
angle,1780512942966710836,-2.0299999713897705,0,0.009999978356063366
angle,1780512942976711701,-2.0299999713897705,0,0.009999952279031277
angle,1780512942986711219,-2.0299999713897705,0,0.009999999776482582
angle,1780512942996711552,-2.0299999713897705,0,0.009999971836805344
angle,1780512943006712032,-2.0299999713897705,0,0.010000006295740604
angle,1780512943016712081,-2.0299999713897705,0,0.010000004433095455
angle,1780512943026712316,-2.0299999713897705,0,0.009999943897128105
angle,1780512943036712448,-2.0299999713897705,0,0.009999933652579784
angle,1780512943046712788,-2.0299999713897705,0,0.009999942034482956
angle,1780512943056713047,-2.0299999713897705,0,0.009999971836805344
angle,1780512943066713607,-2.0299999713897705,0,0.009999985806643963
angle,1780512943076713498,-2.0299999713897705,0,0.009999952279031277
angle,1780512943086713607,-2.0299999713897705,0,0.009999992325901985
angle,1780512943096714457,-2.0299999713897705,0,0.009999955072999
angle,1780512943106714397,-2.0299999713897705,0,0.009999995119869709
angle,1780512943116714896,-2.0299999713897705,0,0.009999934583902359
angle,1780512943126714805,-2.0299999713897705,0,0.009999892674386501
angle,1780512943136714997,-2.0299999713897705,0,0.01000000536441803
angle,1780512943146715393,-2.0299999713897705,0,0.00999996718019247
angle,1780512943156715679,-2.0299999713897705,0,0.00999996718019247
angle,1780512943166715624,-2.0299999713897705,0,0.00999994482845068
angle,1780512943176715918,-2.0299999713897705,0,0.010000004433095455
angle,1780512943186716287,-2.0299999713897705,0,0.009999985806643963
angle,1780512943196716696,-2.0299999713897705,0,0.009999946691095829
angle,1780512943206716702,-2.0299999713897705,0,0.009999998845160007
angle,1780512943216717227,-2.0299999713897705,0,0.009999947622418404
angle,1780512943226717200,-2.0299999713897705,0,0.009999995119869709
angle,1780512943236717621,-2.0299999713897705,0,0.009999951347708702
angle,1780512943246718170,-2.0299999713897705,0,0.010000007227063179
angle,1780512943256717944,-2.0299999713897705,0,0.009999987669289112
angle,1780512943266718216,-2.0299999713897705,0,0.009999965317547321
angle,1780512943276718966,-2.0299999713897705,0,0.00999994482845068
angle,1780512943286719092,-2.0299999713897705,0,0.009999873116612434
angle,1780512943296718902,-2.0299999713897705,0,0.010000009089708328
angle,1780512943306719358,-2.0299999713897705,0,0.00999997928738594
angle,1780512943316719440,-2.0299999713897705,0,0.009999974630773067
angle,1780512943326719630,-2.0299999713897705,0,0.00999993272125721
angle,1780512943336719691,-2.0299999713897705,0,0.01000000536441803
angle,1780512943346720193,-2.0299999713897705,0,0.010000008158385754
angle,1780512943356720262,-2.0299999713897705,0,0.00999990664422512
angle,1780512943366720858,-2.0299999713897705,0,0.00999999139457941
angle,1780512943376721173,-2.0299999713897705,0,0.009999940171837807
angle,1780512943386721577,-2.0299999713897705,0,0.009999874979257584
angle,1780512943396721117,-2.0299999713897705,0,0.009999868459999561
angle,1780512943406721269,-2.0299999713897705,0,0.010000000707805157
angle,1780512943416721390,-2.0299999713897705,0,0.009999940171837807
angle,1780512943426721946,-2.0299999713897705,0,0.009999965317547321
angle,1780512943436722098,-2.0299999713897705,0,0.009999939240515232
angle,1780512943446722747,-2.0299999713897705,0,0.01000000536441803
angle,1780512943456722559,-2.0299999713897705,0,0.009999931789934635
angle,1780512943466723016,-2.0299999713897705,0,0.009999938309192657
angle,1780512943476723230,-2.0299999713897705,0,0.01000000536441803
angle,1780512943486723295,-2.0299999713897705,0,0.0099998963996768
angle,1780512943496724741,-2.0299999713897705,0,0.00999998115003109
angle,1780512943506723920,-2.0299999713897705,0,0.00999988242983818
angle,1780512943516724529,-2.0299999713897705,0,0.009999947622418404
angle,1780512943526724326,-2.0299999713897705,0,0.009999946691095829
angle,1780512943536724499,-2.0299999713897705,0,0.009999953210353851
angle,1780512943546725068,-2.0299999713897705,0,0.009999968111515045
angle,1780512943556725149,-2.0299999713897705,0,0.009999936446547508
angle,1780512943566725071,-2.0299999713897705,0,0.009999971836805344
angle,1780512943576725611,-2.0299999713897705,0,0.00999998115003109
angle,1780512943586725638,-2.0299999713897705,0,0.00999999139457941
angle,1780512943596726343,-2.0299999713897705,0,0.009999980218708515
angle,1780512943606726032,-2.0299999713897705,0,0.009999876841902733
angle,1780512943616726181,-2.0299999713897705,0,0.009999987669289112
angle,1780512943626726444,-2.0299999713897705,0,0.009999960660934448
angle,1780512943636726735,-2.0299999713897705,0,0.009999982081353664
angle,1780512943646727016,-2.0299999713897705,0,0.009999996982514858
angle,1780512943656727352,-2.0299999713897705,0,0.009999964386224747
angle,1780512943666727505,-2.0299999713897705,0,0.009999916888773441
angle,1780512943676727502,-2.0299999713897705,0,0.009999947622418404
angle,1780512943686728242,-2.0299999713897705,0,0.009999978356063366
angle,1780512943696728097,-2.0299999713897705,0,0.009999916888773441
angle,1780512943706728530,-2.0299999713897705,0,0.009999951347708702
angle,1780512943716728541,-2.0299999713897705,0,0.009999904781579971
angle,1780512943726728858,-2.0299999713897705,0,0.009999990463256836
angle,1780512943736729064,-2.0299999713897705,0,0.009999954141676426
angle,1780512943746729516,-2.0299999713897705,0,0.009999953210353851
angle,1780512943756729529,-2.0299999713897705,0,0.009999940171837807
angle,1780512943766729826,-2.0299999713897705,0,0.009999990463256836
angle,1780512943776730251,-2.0299999713897705,0,0.009999945759773254
angle,1780512943786730511,-2.0299999713897705,0,0.010000052861869335
angle,1780512943796730635,-2.0299999713897705,0,0.01000000536441803
angle,1780512943806730773,-2.0299999713897705,0,0.009999992325901985
angle,1780512943816731177,-2.0299999713897705,0,0.009999958798289299
angle,1780512943826731480,-2.0299999713897705,0,0.01000000536441803
angle,1780512943836731750,-2.0299999713897705,0,0.010000012814998627
angle,1780512943846732055,-2.0299999713897705,0,0.00999999139457941
angle,1780512943856732193,-2.0299999713897705,0,0.009999980218708515
angle,1780512943866732585,-2.0299999713897705,0,0.009999936446547508
angle,1780512943876732786,-2.0299999713897705,0,0.00999994482845068
angle,1780512943886734556,-2.0299999713897705,0,0.010000036098062992
angle,1780512943896734212,-2.0299999713897705,0,0.00999990664422512
angle,1780512943906733221,-2.0299999713897705,0,0.009999927133321762
angle,1780512943916734486,-2.0299999713897705,0,0.00999994296580553
angle,1780512943926734233,-2.0299999713897705,0,0.00999989453703165
angle,1780512943936735215,-2.0299999713897705,0,0.009999890811741352
angle,1780512943946734662,-2.0299999713897705,0,0.009999886155128479
angle,1780512943956734714,-2.0299999713897705,0,0.0099998963996768
angle,1780512943966735283,-2.0299999713897705,0,0.009999953210353851
angle,1780512943976736529,-2.0299999713897705,0,0.009999957866966724
angle,1780512943986735773,-2.0299999713897705,0,0.009999925270676613
angle,1780512943996735596,-2.0299999713897705,0,0.009999940171837807
angle,1780512944006736084,-2.0299999713897705,0,0.009999923408031464
angle,1780512944016735934,-2.0299999713897705,0,0.009999992325901985
angle,1780512944026736181,-2.0299999713897705,0,0.009999969974160194
angle,1780512944036736373,-2.0299999713897705,0,0.009999995119869709
angle,1780512944046736730,-2.0299999713897705,0,0.009999934583902359
angle,1780512944056736850,-2.0299999713897705,0,0.009999985806643963
angle,1780512944066737124,-2.0299999713897705,0,0.009999998845160007
angle,1780512944076737383,-2.0299999713897705,0,0.009999971836805344
angle,1780512944086738368,-2.0299999713897705,0,0.009999937377870083
angle,1780512944096738299,-2.0299999713897705,0,0.009999919682741165
angle,1780512944106738096,-2.0299999713897705,0,0.00999994482845068
angle,1780512944116738248,-2.0299999713897705,0,0.00999993272125721
angle,1780512944126738664,-2.0299999713897705,0,0.009999985806643963
angle,1780512944136738880,-2.0299999713897705,0,0.009999968111515045
angle,1780512944146739004,-2.0299999713897705,0,0.009999958798289299
angle,1780512944156739355,-2.0299999713897705,0,0.010000009089708328
angle,1780512944166739756,-2.0299999713897705,0,0.010000047273933887
angle,1780512944176740440,-2.0299999713897705,0,0.009999941103160381
angle,1780512944186740083,-2.0299999713897705,0,0.009999905712902546
angle,1780512944196740229,-2.0299999713897705,0,0.00999994296580553
angle,1780512944206740433,-2.0299999713897705,0,0.009999938309192657
angle,1780512944216741368,-2.0299999713897705,0,0.009999985806643963
angle,1780512944226741682,-2.0299999713897705,0,0.0099998963996768
angle,1780512944236741386,-2.0299999713897705,0,0.009999942034482956
angle,1780512944246741393,-2.0299999713897705,0,0.009999936446547508
angle,1780512944256742053,-2.0299999713897705,0,0.009999954141676426
angle,1780512944266741841,-2.0299999713897705,0,0.009999864734709263
angle,1780512944276741981,-2.0299999713897705,0,0.009999939240515232
angle,1780512944286742948,-2.0299999713897705,0,0.009999953210353851
angle,1780512944296742484,-2.0299999713897705,0,0.009999893605709076
angle,1780512944306742831,-2.0299999713897705,0,0.009999965317547321
angle,1780512944316743086,-2.0299999713897705,0,0.009999933652579784
angle,1780512944326743494,-2.0299999713897705,0,0.009999983943998814
angle,1780512944336743320,-2.0299999713897705,0,0.009999885223805904
angle,1780512944346743885,-2.0299999713897705,0,0.009999992325901985
angle,1780512944356744362,-2.0299999713897705,0,0.009999952279031277
angle,1780512944366746173,-2.0299999713897705,0,0.009999983012676239
angle,1780512944376744736,-2.0299999713897705,0,0.009999936446547508
angle,1780512944386745316,-2.0299999713897705,0,0.009999948553740978
angle,1780512944396745329,-2.0299999713897705,0,0.009999875910580158
angle,1780512944406745800,-2.0299999713897705,0,0.009999952279031277
angle,1780512944418464649,-2.0299999713897705,0,0.011718189343810081
angle,1780512944428464773,-2.0299999713897705,0,0.009999900124967098
angle,1780512944438464773,-2.0299999713897705,0,0.009999950416386127
angle,1780512944448465048,-2.0299999713897705,0,0.00999997928738594
angle,1780512944458465240,-2.0299999713897705,0,0.009999939240515232
angle,1780512944468465420,-2.0299999713897705,0,0.009999956004321575
angle,1780512944478465616,-2.0299999713897705,0,0.009999973699450493
angle,1780512944488465797,-2.0299999713897705,0,0.009999948553740978
angle,1780512944498466438,-2.0299999713897705,0,0.009999970905482769
angle,1780512944508466221,-2.0299999713897705,0,0.009999990463256836
angle,1780512944518466652,-2.0299999713897705,0,0.00999993085861206
angle,1780512944528466663,-2.0299999713897705,0,0.009999988600611687
angle,1780512944538467184,-2.0299999713897705,0,0.010000001639127731
angle,1780512944548467500,-2.0299999713897705,0,0.010000020265579224
angle,1780512944558468231,-2.0299999713897705,0,0.00999994296580553
angle,1780512944568468014,-2.0299999713897705,0,0.009999995119869709
angle,1780512944578468337,-2.0299999713897705,0,0.009999974630773067
angle,1780512944588469364,-2.0299999713897705,0,0.009999996051192284
angle,1780512944598471411,-2.0299999713897705,0,0.009999957866966724
angle,1780512944608469434,-2.0299999713897705,0,0.00999993272125721
angle,1780512944618469171,-2.0299999713897705,0,0.009999953210353851
angle,1780512944628469465,-2.0299999713897705,0,0.009999970905482769
angle,1780512944638469829,-2.0299999713897705,0,0.009999992325901985
angle,1780512944648469917,-2.0299999713897705,0,0.009999965317547321
angle,1780512944658470470,-2.0299999713897705,0,0.009999936446547508
angle,1780512944668470409,-2.0299999713897705,0,0.009999938309192657
angle,1780512944678470679,-2.0299999713897705,0,0.00999996904283762
angle,1780512944688471243,-2.0299999713897705,0,0.010000001639127731
angle,1780512944698471491,-2.0299999713897705,0,0.00999987218528986
angle,1780512944708471282,-2.0299999713897705,0,0.009999943897128105
angle,1780512944718471514,-2.0299999713897705,0,0.009999980218708515
angle,1780512944728471714,-2.0299999713897705,0,0.009999958798289299
angle,1780512944738472215,-2.0299999713897705,0,0.009999973699450493
angle,1780512944748472415,-2.0299999713897705,0,0.009999969974160194
angle,1780512944758473903,-2.0299999713897705,0,0.009999933652579784
angle,1780512944768472732,-2.0299999713897705,0,0.009999907575547695
angle,1780512944778472858,-2.0299999713897705,0,0.010000007227063179
angle,1780512944788473286,-2.0299999713897705,0,0.009999951347708702
angle,1780512944798473283,-2.0299999713897705,0,0.00999997928738594
angle,1780512944808474229,-2.0299999713897705,0,0.009999965317547321
angle,1780512944818474776,-2.0299999713897705,0,0.009999909438192844
angle,1780512944828474120,-2.0299999713897705,0,0.00999993272125721
angle,1780512944838474843,-2.0299999713897705,0,0.009999982081353664
angle,1780512944848474575,-2.0299999713897705,0,0.009999954141676426
angle,1780512944858474811,-2.0299999713897705,0,0.009999948553740978
angle,1780512944868475150,-2.0299999713897705,0,0.009999919682741165
angle,1780512944878475425,-2.0299999713897705,0,0.0099998963996768
angle,1780512944888475654,-2.0299999713897705,0,0.009999975562095642
angle,1780512944898476283,-2.0299999713897705,0,0.009999980218708515
angle,1780512944908476081,-2.0299999713897705,0,0.009999916888773441
angle,1780512944918477456,-2.0299999713897705,0,0.009999958798289299
angle,1780512944928476504,-2.0299999713897705,0,0.00999992061406374
angle,1780512944938476793,-2.0299999713897705,0,0.010000001639127731
angle,1780512944948477131,-2.0299999713897705,0,0.009999964386224747
angle,1780512944958477424,-2.0299999713897705,0,0.009999958798289299
angle,1780512944968477570,-2.0299999713897705,0,0.009999938309192657
angle,1780512944978477627,-2.0299999713897705,0,0.00999994296580553
angle,1780512944988478276,-2.0299999713897705,0,0.01000000536441803
angle,1780512944998478314,-2.0299999713897705,0,0.009999956004321575
angle,1780512945008478847,-2.0299999713897705,0,0.010000007227063179
angle,1780512945018479206,-2.0299999713897705,0,0.00999994296580553
angle,1780512945028479004,-2.0299999713897705,0,0.009999968111515045
angle,1780512945038479325,-2.0299999713897705,0,0.009999969974160194
angle,1780512945048479398,-2.0299999713897705,0,0.009999996051192284
angle,1780512945058479951,-2.0299999713897705,0,0.009999958798289299
angle,1780512945068480027,-2.0299999713897705,0,0.009999868459999561
angle,1780512945078480299,-2.0299999713897705,0,0.010000000707805157
angle,1780512945088480555,-2.0299999713897705,0,0.009999941103160381
angle,1780512945098480927,-2.0299999713897705,0,0.009999964386224747
angle,1780512945108481273,-2.0299999713897705,0,0.009999982081353664
angle,1780512945118481084,-2.0299999713897705,0,0.009999996982514858
angle,1780512945128481275,-2.0299999713897705,0,0.009999959729611874
angle,1780512945138481733,-2.0299999713897705,0,0.010000006295740604
angle,1780512945148481961,-2.0299999713897705,0,0.009999971836805344
angle,1780512945158482354,-2.0299999713897705,0,0.009999958798289299
angle,1780512945168482426,-2.0299999713897705,0,0.010000001639127731
angle,1780512945178482671,-2.0299999713897705,0,0.009999982081353664
angle,1780512945188483117,-2.0299999713897705,0,0.00999995693564415
angle,1780512945198483345,-2.0299999713897705,0,0.009999984875321388
angle,1780512945208483693,-2.0299999713897705,0,0.00999996718019247
angle,1780512945218483760,-2.0299999713897705,0,0.00999996904283762
angle,1780512945228483800,-2.0299999713897705,0,0.009999970905482769
angle,1780512945238484241,-2.0299999713897705,0,0.009999971836805344
angle,1780512945248484533,-2.0299999713897705,0,0.009999939240515232
angle,1780512945258485278,-2.0299999713897705,0,0.009999995119869709
angle,1780512945268485078,-2.0299999713897705,0,0.009999873116612434
angle,1780512945278485386,-2.0299999713897705,0,0.00999999325722456
angle,1780512945288486178,-2.0299999713897705,0,0.010000014677643776
angle,1780512945298485885,-2.0299999713897705,0,0.009999996982514858
angle,1780512945308486017,-2.0299999713897705,0,0.009999964386224747
angle,1780512945318486247,-2.0299999713897705,0,0.010000010952353477
angle,1780512945328486984,-2.0299999713897705,0,0.010000056587159634
angle,1780512945338486884,-2.0299999713897705,0,0.009999933652579784
angle,1780512945348487216,-2.0299999713897705,0,0.009999982081353664
angle,1780512945358487519,-2.0299999713897705,0,0.009999941103160381
angle,1780512945368487606,-2.0299999713897705,0,0.009999933652579784
angle,1780512945378487992,-2.0299999713897705,0,0.009999977424740791
angle,1780512945388488140,-2.0299999713897705,0,0.010000007227063179
angle,1780512945398488237,-2.0299999713897705,0,0.00999996904283762
angle,1780512945408488473,-2.0299999713897705,0,0.009999951347708702
angle,1780512945418488690,-2.0299999713897705,0,0.009999963454902172
angle,1780512945428489020,-2.0299999713897705,0,0.00999997928738594
angle,1780512945438489205,-2.0299999713897705,0,0.009999996051192284
angle,1780512945448489946,-2.0299999713897705,0,0.010000012814998627
angle,1780512945458490181,-2.0299999713897705,0,0.00999995693564415
angle,1780512945468489872,-2.0299999713897705,0,0.00999994296580553
angle,1780512945478491285,-2.0299999713897705,0,0.009999966248869896
angle,1780512945488490651,-2.0299999713897705,0,0.009999888949096203
angle,1780512945498492181,-2.0299999713897705,0,0.009999984875321388
angle,1780512945508490897,-2.0299999713897705,0,0.009999879635870457
angle,1780512945518491128,-2.0299999713897705,0,0.009999954141676426
angle,1780512945528491643,-2.0299999713897705,0,0.009999978356063366
angle,1780512945538491589,-2.0299999713897705,0,0.00999991875141859
angle,1780512945548491835,-2.0299999713897705,0,0.009999933652579784
angle,1780512945558492325,-2.0299999713897705,0,0.009999934583902359
angle,1780512945568492565,-2.0299999713897705,0,0.009999994188547134
angle,1780512945578492772,-2.0299999713897705,0,0.009999957866966724
angle,1780512945588493087,-2.0299999713897705,0,0.010000006295740604
angle,1780512945598493903,-2.0299999713897705,0,0.00999997928738594
angle,1780512945608493381,-2.0299999713897705,0,0.00999996718019247
angle,1780512945618493966,-2.0299999713897705,0,0.009999977424740791
angle,1780512945628493928,-2.0299999713897705,0,0.009999988600611687
angle,1780512945638494234,-2.0299999713897705,0,0.009999997913837433
angle,1780512945648494486,-2.0299999713897705,0,0.009999957866966724
angle,1780512945658495088,-2.0299999713897705,0,0.009999978356063366
angle,1780512945668495161,-2.0299999713897705,0,0.009999877773225307
angle,1780512945678495391,-2.0299999713897705,0,0.00999994482845068
angle,1780512945688495761,-2.0299999713897705,0,0.010000002570450306
angle,1780512945698496009,-2.0299999713897705,0,0.009999985806643963
angle,1780512945708496115,-2.0299999713897705,0,0.009999977424740791
angle,1780512945718496422,-2.0299999713897705,0,0.009999958798289299
angle,1780512945728496507,-2.0299999713897705,0,0.009999961592257023
angle,1780512945738496954,-2.0299999713897705,0,0.009999946691095829
angle,1780512945748497392,-2.0299999713897705,0,0.009999959729611874
angle,1780512945758497624,-2.0299999713897705,0,0.009999994188547134
angle,1780512945768497515,-2.0299999713897705,0,0.009999964386224747
angle,1780512945778498314,-2.0299999713897705,0,0.009999865666031837
angle,1780512945788498263,-2.0299999713897705,0,0.009999950416386127
angle,1780512945798498480,-2.0299999713897705,0,0.009999965317547321
angle,1780512945808498386,-2.0299999713897705,0,0.00999994482845068
angle,1780512945818498628,-2.0299999713897705,0,0.009999990463256836
angle,1780512945828498821,-2.0299999713897705,0,0.009999978356063366
angle,1780512945838499290,-2.0299999713897705,0,0.010000007227063179
angle,1780512945848499367,-2.0299999713897705,0,0.009999964386224747
angle,1780512945858499646,-2.0299999713897705,0,0.009999996982514858
angle,1780512945868499863,-2.0299999713897705,0,0.009999965317547321
angle,1780512945878500620,-2.0299999713897705,0,0.009999966248869896
angle,1780512945888500288,-2.0299999713897705,0,0.009999950416386127
angle,1780512945898502048,-2.0299999713897705,0,0.00999994296580553
angle,1780512945908500804,-2.0299999713897705,0,0.009999919682741165
angle,1780512945918502116,-2.0299999713897705,0,0.009999990463256836
angle,1780512945928501184,-2.0299999713897705,0,0.009999825619161129
angle,1780512945938501330,-2.0299999713897705,0,0.00999995693564415
angle,1780512945948501920,-2.0299999713897705,0,0.009999961592257023
angle,1780512945958501808,-2.0299999713897705,0,0.009999957866966724
angle,1780512945968502329,-2.0299999713897705,0,0.009999971836805344
angle,1780512945978503709,-2.0299999713897705,0,0.009999996982514858
angle,1780512945988502349,-2.0299999713897705,0,0.00999992061406374
angle,1780512945998502849,-2.0299999713897705,0,0.009999945759773254
angle,1780512946008503625,-2.0299999713897705,0,0.009999997913837433
angle,1780512946018503288,-2.0299999713897705,0,0.009999970905482769
angle,1780512946028503327,-2.0299999713897705,0,0.009999937377870083
angle,1780512946038503627,-2.0299999713897705,0,0.009999951347708702
angle,1780512946048503809,-2.0299999713897705,0,0.009999947622418404
angle,1780512946058504157,-2.0299999713897705,0,0.00999994296580553
angle,1780512946068504272,-2.0299999713897705,0,0.009999972768127918
angle,1780512946078504435,-2.0299999713897705,0,0.009999958798289299
angle,1780512946088504782,-2.0299999713897705,0,0.009999977424740791
angle,1780512946098505467,-2.0299999713897705,0,0.009999941103160381
angle,1780512946108506051,-2.0299999713897705,0,0.009999985806643963
angle,1780512946118505551,-2.0299999713897705,0,0.009999913163483143
angle,1780512946128506109,-2.0299999713897705,0,0.009999994188547134
angle,1780512946138506467,-2.0299999713897705,0,0.009999948553740978
angle,1780512946148506205,-2.0299999713897705,0,0.009999954141676426
angle,1780512946158506700,-2.0299999713897705,0,0.009999951347708702
angle,1780512946168506888,-2.0299999713897705,0,0.009999928064644337
angle,1780512946178507553,-2.0299999713897705,0,0.009999933652579784
angle,1780512946188507584,-2.0299999713897705,0,0.009999998845160007
angle,1780512946198508160,-2.0299999713897705,0,0.010000004433095455
angle,1780512946208508186,-2.0299999713897705,0,0.009999999776482582
angle,1780512946218508509,-2.0299999713897705,0,0.009999983012676239
angle,1780512946228509072,-2.0299999713897705,0,0.009999965317547321
angle,1780512946238508745,-2.0299999713897705,0,0.009999945759773254
angle,1780512946248509004,-2.0299999713897705,0,0.009999937377870083
angle,1780512946258510557,-2.0299999713897705,0,0.009999963454902172
angle,1780512946268509699,-2.0299999713897705,0,0.009999917820096016
angle,1780512946278509813,-2.0299999713897705,0,0.009999877773225307
angle,1780512946288510163,-2.0299999713897705,0,0.00999995693564415
angle,1780512946298510590,-2.0299999713897705,0,0.009999942034482956
angle,1780512946308510424,-2.0299999713897705,0,0.009999987669289112
angle,1780512946318510804,-2.0299999713897705,0,0.009999953210353851
angle,1780512946328511123,-2.0299999713897705,0,0.009999978356063366
angle,1780512946338511051,-2.0299999713897705,0,0.009999904781579971
angle,1780512946348511380,-2.0299999713897705,0,0.010000006295740604
angle,1780512946358511846,-2.0299999713897705,0,0.009999936446547508
angle,1780512946368512032,-2.0299999713897705,0,0.009999968111515045
angle,1780512946378513049,-2.0299999713897705,0,0.009999983012676239
angle,1780512946388512350,-2.0299999713897705,0,0.009999842382967472
angle,1780512946398512557,-2.0299999713897705,0,0.009999964386224747
angle,1780512946408513628,-2.0299999713897705,0,0.009999999776482582
angle,1780512946418512891,-2.0299999713897705,0,0.009999911300837994
angle,1780512946428513222,-2.0299999713897705,0,0.009999940171837807
angle,1780512946438514756,-2.0299999713897705,0,0.009999973699450493
angle,1780512946448513659,-2.0299999713897705,0,0.009999877773225307
angle,1780512946458513836,-2.0299999713897705,0,0.009999986737966537
angle,1780512946468514296,-2.0299999713897705,0,0.009999956004321575
angle,1780512946478514944,-2.0299999713897705,0,0.009999936446547508
angle,1780512946488514567,-2.0299999713897705,0,0.009999953210353851
angle,1780512946498514883,-2.0299999713897705,0,0.009999990463256836
angle,1780512946510869865,-2.0299999713897705,0,0.012354396283626556
angle,1780512946520870627,-2.0299999713897705,0,0.009999923408031464
angle,1780512946530870317,-2.0299999713897705,0,0.009999978356063366
angle,1780512946540870983,-2.0299999713897705,0,0.010000000707805157
angle,1780512946550870935,-2.0299999713897705,0,0.009999945759773254
angle,1780512946560870995,-2.0299999713897705,0,0.009999965317547321
angle,1780512946570871396,-2.0299999713897705,0,0.00999996718019247
angle,1780512946580871602,-2.0299999713897705,0,0.009999966248869896
angle,1780512946590871677,-2.0299999713897705,0,0.009999939240515232
angle,1780512946600872194,-2.0299999713897705,0,0.009999977424740791
angle,1780512946610872309,-2.0299999713897705,0,0.009999994188547134
angle,1780512946620872456,-2.0299999713897705,0,0.009999999776482582
angle,1780512946630872957,-2.0299999713897705,0,0.010000006295740604
angle,1780512946640872973,-2.0299999713897705,0,0.009999996982514858
angle,1780512946650873344,-2.0299999713897705,0,0.00999999325722456
angle,1780512946660875711,-2.0299999713897705,0,0.009999988600611687
angle,1780512946670874315,-2.0299999713897705,0,0.009999845176935196
angle,1780512946680874504,-2.0299999713897705,0,0.009999971836805344
angle,1780512946690875000,-2.0299999713897705,0,0.009999939240515232
angle,1780512946700874616,-2.0299999713897705,0,0.009999959729611874
angle,1780512946710874878,-2.0299999713897705,0,0.009999963454902172
angle,1780512946720875084,-2.0299999713897705,0,0.009999965317547321
angle,1780512946730875457,-2.0299999713897705,0,0.009999946691095829
angle,1780512946740875879,-2.0299999713897705,0,0.009999987669289112
angle,1780512946750875898,-2.0299999713897705,0,0.009999934583902359
angle,1780512946760876018,-2.0299999713897705,0,0.009999900124967098
angle,1780512946770876501,-2.0299999713897705,0,0.009999945759773254
angle,1780512946780876354,-2.0299999713897705,0,0.009999915957450867
angle,1780512946790876509,-2.0299999713897705,0,0.009999952279031277
angle,1780512946800877131,-2.0299999713897705,0,0.009999937377870083
angle,1780512946810876850,-2.0299999713897705,0,0.009999947622418404
angle,1780512946820877155,-2.0299999713897705,0,0.009999999776482582
angle,1780512946830877448,-2.0299999713897705,0,0.009999961592257023
angle,1780512946840877728,-2.0299999713897705,0,0.009999965317547321
angle,1780512946850877903,-2.0299999713897705,0,0.009999970905482769
angle,1780512946860878406,-2.0299999713897705,0,0.00999997928738594
angle,1780512946870878619,-2.0299999713897705,0,0.009999936446547508
angle,1780512946880878895,-2.0299999713897705,0,0.009999893605709076
angle,1780512946890878848,-2.0299999713897705,0,0.009999957866966724
angle,1780512946900880843,-2.0299999713897705,0,0.009999938309192657
angle,1780512946910879293,-2.0299999713897705,0,0.009999909438192844
angle,1780512946920881003,-2.0299999713897705,0,0.009999982081353664
angle,1780512946930879863,-2.0299999713897705,0,0.009999923408031464
angle,1780512946940880089,-2.0299999713897705,0,0.009999985806643963
angle,1780512946950880467,-2.0299999713897705,0,0.009999957866966724
angle,1780512946960880607,-2.0299999713897705,0,0.009999974630773067
angle,1780512946970881010,-2.0299999713897705,0,0.009999941103160381
angle,1780512946980881107,-2.0299999713897705,0,0.009999980218708515
angle,1780512946990881637,-2.0299999713897705,0,0.010000004433095455
angle,1780512947000881785,-2.0299999713897705,0,0.009999954141676426
angle,1780512947010882117,-2.0299999713897705,0,0.009999948553740978
angle,1780512947020882075,-2.0299999713897705,0,0.009999999776482582
angle,1780512947030882581,-2.0299999713897705,0,0.009999990463256836
angle,1780512947040882515,-2.0299999713897705,0,0.00999999325722456
angle,1780512947050882577,-2.0299999713897705,0,0.00999994296580553
angle,1780512947060882906,-2.0299999713897705,0,0.009999960660934448
angle,1780512947070883837,-2.0299999713897705,0,0.009999982081353664
angle,1780512947080883735,-2.0299999713897705,0,0.009999892674386501
angle,1780512947090883644,-2.0299999713897705,0,0.009999965317547321
angle,1780512947100884258,-2.0299999713897705,0,0.009999982081353664
angle,1780512947110884227,-2.0299999713897705,0,0.009999947622418404
angle,1780512947120885055,-2.0299999713897705,0,0.009999986737966537
angle,1780512947130884588,-2.0299999713897705,0,0.009999971836805344
angle,1780512947140884833,-2.0299999713897705,0,0.009999945759773254
angle,1780512947150885140,-2.0299999713897705,0,0.009999972768127918
angle,1780512947160885287,-2.0299999713897705,0,0.009999933652579784
angle,1780512947170886060,-2.0299999713897705,0,0.010000007227063179
angle,1780512947180885855,-2.0299999713897705,0,0.009999910369515419
angle,1780512947190885956,-2.0299999713897705,0,0.010000023059546947
angle,1780512947200886351,-2.0299999713897705,0,0.010000008158385754
angle,1780512947210886584,-2.0299999713897705,0,0.009999940171837807
angle,1780512947220886839,-2.0299999713897705,0,0.009999990463256836
angle,1780512947230886755,-2.0299999713897705,0,0.009999955072999
angle,1780512947240887113,-2.0299999713897705,0,0.009999975562095642
angle,1780512947250887426,-2.0299999713897705,0,0.009999984875321388
angle,1780512947260888089,-2.0299999713897705,0,0.009999946691095829
angle,1780512947270887950,-2.0299999713897705,0,0.009999933652579784
angle,1780512947280888043,-2.0299999713897705,0,0.009999875910580158
angle,1780512947290888618,-2.0299999713897705,0,0.009999940171837807
angle,1780512947300888464,-2.0299999713897705,0,0.009999902918934822
angle,1780512947310888652,-2.0299999713897705,0,0.01000000536441803
angle,1780512947320889435,-2.0299999713897705,0,0.009999957866966724
angle,1780512947330889491,-2.0299999713897705,0,0.009999972768127918
angle,1780512947340889735,-2.0299999713897705,0,0.009999938309192657
angle,1780512947350889787,-2.0299999713897705,0,0.009999987669289112
angle,1780512947360890139,-2.0299999713897705,0,0.009999947622418404
angle,1780512947370890869,-2.0299999713897705,0,0.00999996718019247
angle,1780512947380890598,-2.0299999713897705,0,0.009999956004321575
angle,1780512947390890762,-2.0299999713897705,0,0.009999955072999
angle,1780512947400891292,-2.0299999713897705,0,0.009999987669289112
angle,1780512947410891739,-2.0299999713897705,0,0.009999834932386875
angle,1780512947420891482,-2.0299999713897705,0,0.009999561123549938
angle,1780512947430891633,-2.0299999713897705,0,0.009999998845160007
angle,1780512947440891799,-2.0299999713897705,0,0.009999939240515232
angle,1780512947450892000,-2.0299999713897705,0,0.009999982081353664
angle,1780512947460892253,-2.0299999713897705,0,0.009999969974160194
angle,1780512947470892486,-2.0299999713897705,0,0.009999974630773067
angle,1780512947480892825,-2.0299999713897705,0,0.009999965317547321
angle,1780512947490893841,-2.0299999713897705,0,0.010000031441450119
angle,1780512947500895198,-2.0299999713897705,0,0.009999907575547695
angle,1780512947510895924,-2.0299999713897705,0,0.009999904781579971
angle,1780512947520894765,-2.0299999713897705,0,0.009999849833548069
angle,1780512947530894148,-2.0299999713897705,0,0.00999993085861206
angle,1780512947540894274,-2.0299999713897705,0,0.009999960660934448
angle,1780512947550894578,-2.0299999713897705,0,0.009999943897128105
angle,1780512947560894697,-2.0299999713897705,0,0.00999998115003109
angle,1780512947570894995,-2.0299999713897705,0,0.009999958798289299
angle,1780512947580895004,-2.0299999713897705,0,0.009999969974160194
angle,1780512947590895697,-2.0299999713897705,0,0.009999977424740791
angle,1780512947600895947,-2.0299999713897705,0,0.009999928064644337
angle,1780512947610895984,-2.0299999713897705,0,0.009999975562095642
angle,1780512947620896069,-2.0299999713897705,0,0.009999939240515232
angle,1780512947630896424,-2.0299999713897705,0,0.009999983012676239
angle,1780512947640896590,-2.0299999713897705,0,0.009999952279031277
angle,1780512947650896856,-2.0299999713897705,0,0.009999938309192657
angle,1780512947660897339,-2.0299999713897705,0,0.009999972768127918
angle,1780512947670897263,-2.0299999713897705,0,0.009999958798289299
angle,1780512947680897577,-2.0299999713897705,0,0.009999997913837433
angle,1780512947690897886,-2.0299999713897705,0,0.009999983012676239
angle,1780512947700898418,-2.0299999713897705,0,0.009999982081353664
angle,1780512947710898565,-2.0299999713897705,0,0.009999955072999
angle,1780512947720898626,-2.0299999713897705,0,0.010000001639127731
angle,1780512947730898943,-2.0299999713897705,0,0.009999950416386127
angle,1780512947740899025,-2.0299999713897705,0,0.009999940171837807
angle,1780512947750899453,-2.0299999713897705,0,0.009999970905482769
angle,1780512947760900269,-2.0299999713897705,0,0.009999988600611687
angle,1780512947770899657,-2.0299999713897705,0,0.009999919682741165
angle,1780512947780900087,-2.0299999713897705,0,0.009999936446547508
angle,1780512947790900310,-2.0299999713897705,0,0.009999986737966537
angle,1780512947800900535,-2.0299999713897705,0,0.009999950416386127
angle,1780512947810900584,-2.0299999713897705,0,0.009999877773225307
angle,1780512947820900649,-2.0299999713897705,0,0.00999996904283762
angle,1780512947830901053,-2.0299999713897705,0,0.009999958798289299
angle,1780512947840901080,-2.0299999713897705,0,0.009999969974160194
angle,1780512947850901473,-2.0299999713897705,0,0.010000007227063179
angle,1780512947860901704,-2.0299999713897705,0,0.009999983012676239
angle,1780512947870901838,-2.0299999713897705,0,0.009999925270676613
angle,1780512947880902901,-2.0299999713897705,0,0.009999933652579784
angle,1780512947890902401,-2.0299999713897705,0,0.009999921545386314
angle,1780512947900904388,-2.0299999713897705,0,0.009999974630773067
angle,1780512947910902771,-2.0299999713897705,0,0.009999916888773441
angle,1780512947920904327,-2.0299999713897705,0,0.009999996982514858
angle,1780512947930903255,-2.0299999713897705,0,0.009999901056289673
angle,1780512947940903430,-2.0299999713897705,0,0.009999937377870083
angle,1780512947950903558,-2.0299999713897705,0,0.009999965317547321
angle,1780512947960903900,-2.0299999713897705,0,0.010000001639127731
angle,1780512947970906972,-2.0299999713897705,0,0.010000107809901237
angle,1780512947980904650,-2.0299999713897705,0,0.009999829344451427
angle,1780512947990904560,-2.0299999713897705,0,0.009999945759773254
angle,1780512948000905204,-2.0299999713897705,0,0.009999987669289112
angle,1780512948010907174,-2.0299999713897705,0,0.009999966248869896
angle,1780512948020906011,-2.0299999713897705,0,0.009999847039580345
angle,1780512948030906136,-2.0299999713897705,0,0.009999999776482582
angle,1780512948040906280,-2.0299999713897705,0,0.009999969974160194
angle,1780512948050906568,-2.0299999713897705,0,0.010000010952353477
angle,1780512948060906992,-2.0299999713897705,0,0.00999995693564415
angle,1780512948070907559,-2.0299999713897705,0,0.010000000707805157
angle,1780512948080907592,-2.0299999713897705,0,0.009999969974160194
angle,1780512948090907811,-2.0299999713897705,0,0.009999984875321388
angle,1780512948100907919,-2.0299999713897705,0,0.009999985806643963
angle,1780512948110908129,-2.0299999713897705,0,0.009999970905482769
angle,1780512948120908260,-2.0299999713897705,0,0.010000002570450306
angle,1780512948130908526,-2.0299999713897705,0,0.009999956004321575
angle,1780512948140908706,-2.0299999713897705,0,0.00999996904283762
angle,1780512948150909252,-2.0299999713897705,0,0.010000009089708328
angle,1780512948160909364,-2.0299999713897705,0,0.009999982081353664
angle,1780512948170909475,-2.0299999713897705,0,0.009999946691095829
angle,1780512948180909921,-2.0299999713897705,0,0.009999975562095642
angle,1780512948190910265,-2.0299999713897705,0,0.009999961592257023
angle,1780512948200910541,-2.0299999713897705,0,0.009999968111515045
angle,1780512948210910579,-2.0299999713897705,0,0.009999971836805344
angle,1780512948220910833,-2.0299999713897705,0,0.009999953210353851
angle,1780512948230910961,-2.0299999713897705,0,0.00999999139457941
angle,1780512948240911024,-2.0299999713897705,0,0.009999980218708515
angle,1780512948250911148,-2.0299999713897705,0,0.009999965317547321
angle,1780512948260911597,-2.0299999713897705,0,0.009999968111515045
angle,1780512948270911713,-2.0299999713897705,0,0.009999960660934448
angle,1780512948280912546,-2.0299999713897705,0,0.009999947622418404
angle,1780512948290912223,-2.0299999713897705,0,0.009999975562095642
angle,1780512948300912397,-2.0299999713897705,0,0.009999956004321575
angle,1780512948310913741,-2.0299999713897705,0,0.009999990463256836
angle,1780512948320915282,-2.0299999713897705,0,0.00999996904283762
angle,1780512948330914379,-2.0299999713897705,0,0.00999984610825777
angle,1780512948340913527,-2.0299999713897705,0,0.009999952279031277
angle,1780512948350913837,-2.0299999713897705,0,0.010000002570450306
angle,1780512948360914094,-2.0299999713897705,0,0.00999995693564415
angle,1780512948370914431,-2.0299999713897705,0,0.009999996051192284
angle,1780512948380914604,-2.0299999713897705,0,0.009999945759773254
angle,1780512948390914774,-2.0299999713897705,0,0.009999996982514858
angle,1780512948400915271,-2.0299999713897705,0,0.009999975562095642
angle,1780512948410916493,-2.0299999713897705,0,0.009999963454902172
angle,1780512948420915837,-2.0299999713897705,0,0.009999900124967098
angle,1780512948430915589,-2.0299999713897705,0,0.00999996904283762
angle,1780512948440916188,-2.0299999713897705,0,0.009999948553740978
angle,1780512948450916025,-2.0299999713897705,0,0.010000001639127731
angle,1780512948460916199,-2.0299999713897705,0,0.009999938309192657
angle,1780512948470916726,-2.0299999713897705,0,0.009999982081353664
angle,1780512948480916950,-2.0299999713897705,0,0.009999963454902172
angle,1780512948490916916,-2.0299999713897705,0,0.009999971836805344
angle,1780512948500917274,-2.0299999713897705,0,0.009999983012676239
angle,1780512948510917679,-2.0299999713897705,0,0.009999928064644337
angle,1780512948520917893,-2.0299999713897705,0,0.00999999139457941
angle,1780512948530918326,-2.0299999713897705,0,0.009999996982514858
angle,1780512948540918422,-2.0299999713897705,0,0.009999934583902359
angle,1780512948550918804,-2.0299999713897705,0,0.010000008158385754
angle,1780512948560919133,-2.0299999713897705,0,0.009999990463256836
angle,1780512948570919094,-2.0299999713897705,0,0.009999961592257023
angle,1780512948580919912,-2.0299999713897705,0,0.010000001639127731
angle,1780512948590919951,-2.0299999713897705,0,0.00999989453703165
angle,1780512948600920049,-2.0299999713897705,0,0.009999966248869896
angle,1780512948610920036,-2.0299999713897705,0,0.009999766945838928
angle,1780512948620920073,-2.0299999713897705,0,0.009999887086451054
angle,1780512948630920473,-2.0299999713897705,0,0.010000001639127731
angle,1780512948640920707,-2.0299999713897705,0,0.009999996051192284
angle,1780512948650921032,-2.0299999713897705,0,0.009999942034482956
angle,1780512948660921264,-2.0299999713897705,0,0.00999997928738594
angle,1780512948670921669,-2.0299999713897705,0,0.009999996051192284
angle,1780512948680922179,-2.0299999713897705,0,0.009999948553740978
angle,1780512948690922121,-2.0299999713897705,0,0.009999982081353664
angle,1780512948700922371,-2.0299999713897705,0,0.009999977424740791
angle,1780512948710922490,-2.0299999713897705,0,0.009999940171837807
angle,1780512948720922725,-2.0299999713897705,0,0.009999985806643963
angle,1780512948732603360,-2.0299999713897705,0,0.011679495684802532
angle,1780512948742603285,-2.0299999713897705,0,0.009999982081353664
angle,1780512948752603668,-2.0299999713897705,0,0.009999999776482582
angle,1780512948762603787,-2.0299999713897705,0,0.009999994188547134
angle,1780512948772604163,-2.0299999713897705,0,0.009999959729611874
angle,1780512948782604650,-2.0299999713897705,0,0.010000002570450306
angle,1780512948792604858,-2.0299999713897705,0,0.00999987218528986
angle,1780512948802605140,-2.0299999713897705,0,0.009999947622418404
angle,1780512948812604991,-2.0299999713897705,0,0.009999936446547508
angle,1780512948822605203,-2.0299999713897705,0,0.009999974630773067
angle,1780512948832605461,-2.0299999713897705,0,0.009999965317547321
angle,1780512948842605818,-2.0299999713897705,0,0.00999994482845068
angle,1780512948852605878,-2.0299999713897705,0,0.009999960660934448
angle,1780512948862606200,-2.0299999713897705,0,0.009999948553740978
angle,1780512948872606512,-2.0299999713897705,0,0.009999957866966724
angle,1780512948882607818,-2.0299999713897705,0,0.009999975562095642
angle,1780512948892606856,-2.0299999713897705,0,0.009999921545386314
angle,1780512948902608227,-2.0299999713897705,0,0.009999943897128105
angle,1780512948912607249,-2.0299999713897705,0,0.009999938309192657
angle,1780512948922608813,-2.0299999713897705,0,0.009999963454902172
angle,1780512948932607944,-2.0299999713897705,0,0.009999915957450867
angle,1780512948942607894,-2.0299999713897705,0,0.01000000536441803
angle,1780512948952608069,-2.0299999713897705,0,0.009999940171837807
angle,1780512948962608276,-2.0299999713897705,0,0.009999959729611874
angle,1780512948972608507,-2.0299999713897705,0,0.009999972768127918
angle,1780512948982608887,-2.0299999713897705,0,0.00999996904283762
angle,1780512948992609512,-2.0299999713897705,0,0.009999980218708515
angle,1780512949002609582,-2.0299999713897705,0,0.009999885223805904
angle,1780512949012609955,-2.0299999713897705,0,0.00999997928738594
angle,1780512949022609771,-2.0299999713897705,0,0.009999951347708702
angle,1780512949032609976,-2.0299999713897705,0,0.009999987669289112
angle,1780512949042610237,-2.0299999713897705,0,0.009999946691095829
angle,1780512949052610343,-2.0299999713897705,0,0.009999968111515045
angle,1780512949062610693,-2.0299999713897705,0,0.00999998115003109
angle,1780512949072610964,-2.0299999713897705,0,0.00999997928738594
angle,1780512949082612072,-2.0299999713897705,0,0.009999937377870083
angle,1780512949092611488,-2.0299999713897705,0,0.009999903850257397
angle,1780512949102611940,-2.0299999713897705,0,0.009999969974160194
angle,1780512949112611726,-2.0299999713897705,0,0.009999937377870083
angle,1780512949122611848,-2.0299999713897705,0,0.009999964386224747
angle,1780512949132612184,-2.0299999713897705,0,0.010000013746321201
angle,1780512949142612714,-2.0299999713897705,0,0.009999953210353851
angle,1780512949152612830,-2.0299999713897705,0,0.009999961592257023
angle,1780512949162612983,-2.0299999713897705,0,0.01000000536441803
angle,1780512949172613479,-2.0299999713897705,0,0.010000013746321201
angle,1780512949182613619,-2.0299999713897705,0,0.009999948553740978
angle,1780512949192613811,-2.0299999713897705,0,0.009999893605709076
angle,1780512949202614101,-2.0299999713897705,0,0.010000000707805157
angle,1780512949212614516,-2.0299999713897705,0,0.00999997928738594
angle,1780512949222614835,-2.0299999713897705,0,0.009999861009418964
angle,1780512949232615851,-2.0299999713897705,0,0.009999980218708515
angle,1780512949242615710,-2.0299999713897705,0,0.009999862872064114
angle,1780512949252615196,-2.0299999713897705,0,0.009999939240515232
angle,1780512949262615387,-2.0299999713897705,0,0.009999968111515045
angle,1780512949272615782,-2.0299999713897705,0,0.009999982081353664
angle,1780512949282616652,-2.0299999713897705,0,0.009999966248869896
angle,1780512949292616483,-2.0299999713897705,0,0.010000001639127731
angle,1780512949302617065,-2.0299999713897705,0,0.009999975562095642
angle,1780512949312616801,-2.0299999713897705,0,0.009999933652579784
angle,1780512949322616944,-2.0299999713897705,0,0.009999888017773628
angle,1780512949332617392,-2.0299999713897705,0,0.009999973699450493
angle,1780512949342617691,-2.0299999713897705,0,0.009999975562095642
angle,1780512949352617538,-2.0299999713897705,0,0.009999973699450493
angle,1780512949362618114,-2.0299999713897705,0,0.009999985806643963
angle,1780512949372618150,-2.0299999713897705,0,0.009999952279031277
angle,1780512949382618458,-2.0299999713897705,0,0.009999992325901985
angle,1780512949392618915,-2.0299999713897705,0,0.009999983943998814
angle,1780512949402618958,-2.0299999713897705,0,0.009999916888773441
angle,1780512949412619479,-2.0299999713897705,0,0.009999971836805344
angle,1780512949422619712,-2.0299999713897705,0,0.009999966248869896
angle,1780512949432619712,-2.0299999713897705,0,0.009999996982514858
angle,1780512949442619848,-2.0299999713897705,0,0.009999957866966724
angle,1780512949452620193,-2.0299999713897705,0,0.010000004433095455
angle,1780512949462620244,-2.0299999713897705,0,0.009999939240515232
angle,1780512949472620602,-2.0299999713897705,0,0.009999983943998814
angle,1780512949482621112,-2.0299999713897705,0,0.009999963454902172
angle,1780512949492621379,-2.0299999713897705,0,0.009999996051192284
angle,1780512949502621267,-2.0299999713897705,0,0.009999959729611874
angle,1780512949512622256,-2.0299999713897705,0,0.010000046342611313
angle,1780512949522622134,-2.0299999713897705,0,0.009999954141676426
angle,1780512949532622416,-2.0299999713897705,0,0.010000007227063179
angle,1780512949544093963,-2.0299999713897705,0,0.011471129953861237
angle,1780512949554094931,-2.0299999713897705,0,0.00999995693564415
angle,1780512949564094627,-2.0299999713897705,0,0.009999946691095829
angle,1780512949574094842,-2.0299999713897705,0,0.009999942034482956
angle,1780512949584095818,-2.0299999713897705,0,0.009999958798289299
angle,1780512949594095558,-2.0299999713897705,0,0.00999997928738594
angle,1780512949604095632,-2.0299999713897705,0,0.009999990463256836
angle,1780512949614095833,-2.0299999713897705,0,0.010000004433095455
angle,1780512949624096400,-2.0299999713897705,0,0.01000000536441803
angle,1780512949634096187,-2.0299999713897705,0,0.009999954141676426
angle,1780512949644096399,-2.0299999713897705,0,0.009999992325901985
angle,1780512949654096839,-2.0299999713897705,0,0.009999983943998814
angle,1780512949664097113,-2.0299999713897705,0,0.00999998115003109
angle,1780512949674097264,-2.0299999713897705,0,0.009999985806643963
angle,1780512949684097558,-2.0299999713897705,0,0.009999937377870083
angle,1780512949694097750,-2.0299999713897705,0,0.009999987669289112
angle,1780512949704097936,-2.0299999713897705,0,0.009999995119869709
angle,1780512949714098701,-2.0299999713897705,0,0.009999964386224747
angle,1780512949724098393,-2.0299999713897705,0,0.009999985806643963
angle,1780512949734098691,-2.0299999713897705,0,0.010000001639127731
angle,1780512949744098879,-2.0299999713897705,0,0.009999954141676426
angle,1780512949754100307,-2.0299999713897705,0,0.009999992325901985
angle,1780512949764100210,-2.0299999713897705,0,0.009999917820096016
angle,1780512949774099495,-2.0299999713897705,0,0.009999926201999187
angle,1780512949784099868,-2.0299999713897705,0,0.009999943897128105
angle,1780512949794100010,-2.0299999713897705,0,0.009999961592257023
angle,1780512949804100232,-2.0299999713897705,0,0.009999988600611687
angle,1780512949814100589,-2.0299999713897705,0,0.009999933652579784
angle,1780512949824100612,-2.0299999713897705,0,0.009999950416386127
angle,1780512949834100984,-2.0299999713897705,0,0.009999961592257023
angle,1780512949844101510,-2.0299999713897705,0,0.009999936446547508
angle,1780512949862191110,-2.0299999713897705,0,0.018089285120368004
angle,1780512949872191512,-2.0299999713897705,0,0.009999934583902359
angle,1780512949882191940,-2.0299999713897705,0,0.009999936446547508
angle,1780512949892192006,-2.0299999713897705,0,0.009999931789934635
angle,1780512949902193471,-2.0299999713897705,0,0.009999960660934448
angle,1780512949912192681,-2.0299999713897705,0,0.009999903850257397
angle,1780512949922193897,-2.0299999713897705,0,0.009999996051192284
angle,1780512949932192970,-2.0299999713897705,0,0.009999926201999187
angle,1780512949942193300,-2.0299999713897705,0,0.009999939240515232
angle,1780512949952193461,-2.0299999713897705,0,0.009999958798289299
angle,1780512949962194201,-2.0299999713897705,0,0.009999997913837433
angle,1780512949972196756,-2.0299999713897705,0,0.010000021196901798
angle,1780512949982194431,-2.0299999713897705,0,0.009999871253967285
angle,1780512949992195732,-2.0299999713897705,0,0.009999951347708702
angle,1780512950002195428,-2.0299999713897705,0,0.00999993085861206
angle,1780512950012195714,-2.0299999713897705,0,0.009999879635870457
angle,1780512950022195412,-2.0299999713897705,0,0.009999901987612247
angle,1780512950032195769,-2.0299999713897705,0,0.009999999776482582
angle,1780512950042196098,-2.0299999713897705,0,0.009999937377870083
angle,1780512950052196090,-2.0299999713897705,0,0.009999951347708702
angle,1780512950062196556,-2.0299999713897705,0,0.009999937377870083
angle,1780512950072196687,-2.0299999713897705,0,0.009999875910580158
angle,1780512950082196864,-2.0299999713897705,0,0.009999951347708702
angle,1780512950092197331,-2.0299999713897705,0,0.010000004433095455
angle,1780512950102197314,-2.0299999713897705,0,0.009999928064644337
angle,1780512950112197529,-2.0299999713897705,0,0.009999959729611874
angle,1780512950122197755,-2.0299999713897705,0,0.009999961592257023
angle,1780512950132198391,-2.0299999713897705,0,0.009999978356063366
angle,1780512950142198106,-2.0299999713897705,0,0.009999988600611687
angle,1780512950152198341,-2.0299999713897705,0,0.009999951347708702
angle,1780512950162198539,-2.0299999713897705,0,0.00999995693564415
angle,1780512950172198990,-2.0299999713897705,0,0.00999994296580553
angle,1780512950182198982,-2.0299999713897705,0,0.009999943897128105
angle,1780512950192199541,-2.0299999713897705,0,0.009999955072999
angle,1780512950202199360,-2.0299999713897705,0,0.00999998115003109
angle,1780512950212199646,-2.0299999713897705,0,0.00999996904283762
angle,1780512950222200514,-2.0299999713897705,0,0.009999941103160381
angle,1780512950232200067,-2.0299999713897705,0,0.009999999776482582
angle,1780512950242200108,-2.0299999713897705,0,0.009999978356063366
angle,1780512950252200432,-2.0299999713897705,0,0.010000004433095455
angle,1780512950262201097,-2.0299999713897705,0,0.00999994296580553
angle,1780512950272201362,-2.0299999713897705,0,0.010000016540288925
angle,1780512950282201661,-2.0299999713897705,0,0.00999992061406374
angle,1780512950292201648,-2.0299999713897705,0,0.009999956004321575
angle,1780512950302201881,-2.0299999713897705,0,0.009999994188547134
angle,1780512950312202101,-2.0299999713897705,0,0.009999988600611687
angle,1780512950322202274,-2.0299999713897705,0,0.009999994188547134
angle,1780512950332203121,-2.0299999713897705,0,0.00999996718019247
angle,1780512950342202776,-2.0299999713897705,0,0.009999928064644337
angle,1780512950352204376,-2.0299999713897705,0,0.00999994296580553
angle,1780512950362203614,-2.0299999713897705,0,0.009999928064644337
angle,1780512950372203436,-2.0299999713897705,0,0.009999980218708515
angle,1780512950382203567,-2.0299999713897705,0,0.009999997913837433
angle,1780512950392203924,-2.0299999713897705,0,0.009999970905482769
angle,1780512950402204515,-2.0299999713897705,0,0.009999986737966537
angle,1780512950412204630,-2.0299999713897705,0,0.01000000536441803
angle,1780512950422204458,-2.0299999713897705,0,0.00999999325722456
angle,1780512950432204938,-2.0299999713897705,0,0.009999942034482956
angle,1780512950442205406,-2.0299999713897705,0,0.009999984875321388
angle,1780512950452205323,-2.0299999713897705,0,0.009999943897128105
angle,1780512950462205559,-2.0299999713897705,0,0.009999978356063366
angle,1780512950472205745,-2.0299999713897705,0,0.00999999139457941
angle,1780512950482205955,-2.0299999713897705,0,0.009999942034482956
angle,1780512950492206292,-2.0299999713897705,0,0.009999956004321575
angle,1780512950502206665,-2.0299999713897705,0,0.009999990463256836
angle,1780512950512207080,-2.0299999713897705,0,0.009999937377870083
angle,1780512950522206957,-2.0299999713897705,0,0.00999994482845068
angle,1780512950532207510,-2.0299999713897705,0,0.009999974630773067
angle,1780512950542207346,-2.0299999713897705,0,0.009999994188547134
angle,1780512950552207599,-2.0299999713897705,0,0.009999997913837433
angle,1780512950562207963,-2.0299999713897705,0,0.009999999776482582
angle,1780512950572208112,-2.0299999713897705,0,0.009999973699450493
angle,1780512950582208427,-2.0299999713897705,0,0.009999988600611687
angle,1780512950592209036,-2.0299999713897705,0,0.009999956004321575
angle,1780512950602208936,-2.0299999713897705,0,0.009999953210353851
angle,1780512950612209503,-2.0299999713897705,0,0.00999993085861206
angle,1780512950622209399,-2.0299999713897705,0,0.010000004433095455
angle,1780512950632209691,-2.0299999713897705,0,0.009999995119869709
angle,1780512950642209984,-2.0299999713897705,0,0.010000001639127731
angle,1780512950652210153,-2.0299999713897705,0,0.009999939240515232
angle,1780512950662210572,-2.0299999713897705,0,0.009999995119869709
angle,1780512950672210559,-2.0299999713897705,0,0.009999946691095829
angle,1780512950682211015,-2.0299999713897705,0,0.009999970905482769
angle,1780512950692211846,-2.0299999713897705,0,0.009999982081353664
angle,1780512950702211875,-2.0299999713897705,0,0.009999928064644337
angle,1780512950712212074,-2.0299999713897705,0,0.009999970905482769
angle,1780512950722212216,-2.0299999713897705,0,0.009999893605709076
angle,1780512950732212391,-2.0299999713897705,0,0.009999987669289112
angle,1780512950742213174,-2.0299999713897705,0,0.00999996718019247
angle,1780512950752213234,-2.0299999713897705,0,0.00999999139457941
angle,1780512950762213222,-2.0299999713897705,0,0.009999974630773067
angle,1780512950772213335,-2.0299999713897705,0,0.009999997913837433
angle,1780512950782214074,-2.0299999713897705,0,0.009999992325901985
angle,1780512950792214222,-2.0299999713897705,0,0.009999972768127918
angle,1780512950802214618,-2.0299999713897705,0,0.009999937377870083
angle,1780512950812214701,-2.0299999713897705,0,0.009999995119869709
angle,1780512950822214950,-2.0299999713897705,0,0.009999983943998814
angle,1780512950832215327,-2.0299999713897705,0,0.009999969974160194
angle,1780512950842215427,-2.0299999713897705,0,0.009999941103160381
angle,1780512950852215488,-2.0299999713897705,0,0.009999996051192284
angle,1780512950862215898,-2.0299999713897705,0,0.009999969974160194
angle,1780512950872216108,-2.0299999713897705,0,0.009999992325901985
angle,1780512950882216972,-2.0299999713897705,0,0.009999992325901985
angle,1780512950892216586,-2.0299999713897705,0,0.009999913163483143
angle,1780512950902218967,-2.0299999713897705,0,0.00999996904283762
angle,1780512950912217603,-2.0299999713897705,0,0.009999903850257397
angle,1780512950922218523,-2.0299999713897705,0,0.009999942034482956
angle,1780512950932217629,-2.0299999713897705,0,0.009999923408031464
angle,1780512950942217933,-2.0299999713897705,0,0.009999994188547134
angle,1780512950952218385,-2.0299999713897705,0,0.009999931789934635
angle,1780512950962218269,-2.0299999713897705,0,0.009999977424740791
angle,1780512950972219582,-2.0299999713897705,0,0.01000000536441803
angle,1780512950982218674,-2.0299999713897705,0,0.009999938309192657
angle,1780512950992219048,-2.0299999713897705,0,0.009999940171837807
angle,1780512951002219148,-2.0299999713897705,0,0.009999973699450493
angle,1780512951012219470,-2.0299999713897705,0,0.009999953210353851
angle,1780512951022219803,-2.0299999713897705,0,0.009999964386224747
angle,1780512951032219721,-2.0299999713897705,0,0.009999948553740978
angle,1780512951042220102,-2.0299999713897705,0,0.009999997913837433
angle,1780512951052220299,-2.0299999713897705,0,0.009999973699450493
angle,1780512951062220582,-2.0299999713897705,0,0.009999982081353664
angle,1780512951072221164,-2.0299999713897705,0,0.009999978356063366
angle,1780512951082221096,-2.0299999713897705,0,0.00999994482845068
angle,1780512951092221213,-2.0299999713897705,0,0.009999964386224747
angle,1780512951102221439,-2.0299999713897705,0,0.009999948553740978
angle,1780512951112221603,-2.0299999713897705,0,0.010000006295740604
angle,1780512951122222137,-2.0299999713897705,0,0.009999940171837807
angle,1780512951132222504,-2.0299999713897705,0,0.009999984875321388
angle,1780512951142222377,-2.0299999713897705,0,0.009999971836805344
angle,1780512951152222714,-2.0299999713897705,0,0.009999982081353664
angle,1780512951162222926,-2.0299999713897705,0,0.009999951347708702
angle,1780512951172223192,-2.0299999713897705,0,0.009999996051192284
angle,1780512951182223299,-2.0299999713897705,0,0.009999950416386127
angle,1780512951192223609,-2.0299999713897705,0,0.009999987669289112
angle,1780512951202224009,-2.0299999713897705,0,0.009999998845160007
angle,1780512951212224088,-2.0299999713897705,0,0.009999996982514858
angle,1780512951222224984,-2.0299999713897705,0,0.009999988600611687
angle,1780512951232224880,-2.0299999713897705,0,0.009999964386224747
angle,1780512951242224874,-2.0299999713897705,0,0.009999898262321949
angle,1780512951252225342,-2.0299999713897705,0,0.00999996718019247
angle,1780512951262225440,-2.0299999713897705,0,0.009999971836805344
angle,1780512951272225457,-2.0299999713897705,0,0.009999959729611874
angle,1780512951282225947,-2.0299999713897705,0,0.009999938309192657
angle,1780512951292225941,-2.0299999713897705,0,0.009999983012676239
angle,1780512951302226881,-2.0299999713897705,0,0.009999942034482956
angle,1780512951312227594,-2.0299999713897705,0,0.009999874979257584
angle,1780512951322227121,-2.0299999713897705,0,0.00999984797090292
angle,1780512951332226880,-2.0299999713897705,0,0.009999939240515232
angle,1780512951342228388,-2.0299999713897705,0,0.009999975562095642
angle,1780512951352227301,-2.0299999713897705,0,0.009999904781579971
angle,1780512951362227721,-2.0299999713897705,0,0.009999955072999
angle,1780512951372227908,-2.0299999713897705,0,0.00999998115003109
angle,1780512951382228284,-2.0299999713897705,0,0.009999938309192657
angle,1780512951392228292,-2.0299999713897705,0,0.009999934583902359
angle,1780512951402228577,-2.0299999713897705,0,0.009999939240515232
angle,1780512951412228862,-2.0299999713897705,0,0.009999980218708515
angle,1780512951422229162,-2.0299999713897705,0,0.009999983012676239
angle,1780512951432229065,-2.0299999713897705,0,0.009999987669289112
angle,1780512951442231170,-2.0299999713897705,0,0.009999960660934448
angle,1780512951452230280,-2.0299999713897705,0,0.009999946691095829
angle,1780512951462229963,-2.0299999713897705,0,0.00999996718019247
angle,1780512951472230500,-2.0299999713897705,0,0.010000007227063179
angle,1780512951482230745,-2.0299999713897705,0,0.009999928064644337
angle,1780512951492230706,-2.0299999713897705,0,0.009999971836805344
angle,1780512951502231242,-2.0299999713897705,0,0.009999945759773254
angle,1780512951512232133,-2.0299999713897705,0,0.009999893605709076
angle,1780512951522231505,-2.0299999713897705,0,0.009999928064644337
angle,1780512951532231750,-2.0299999713897705,0,0.009999960660934448
angle,1780512951542232015,-2.0299999713897705,0,0.009999984875321388
angle,1780512951552232150,-2.0299999713897705,0,0.009999998845160007
angle,1780512951562232423,-2.0299999713897705,0,0.009999982081353664
angle,1780512951572232858,-2.0299999713897705,0,0.00999999139457941
angle,1780512951582232925,-2.0299999713897705,0,0.009999963454902172
angle,1780512951592232967,-2.0299999713897705,0,0.009999948553740978
angle,1780512951602233322,-2.0299999713897705,0,0.009999933652579784
angle,1780512951612233728,-2.0299999713897705,0,0.00999998115003109
angle,1780512951622234251,-2.0299999713897705,0,0.009999999776482582
angle,1780512951632234309,-2.0299999713897705,0,0.009999939240515232
angle,1780512951642234550,-2.0299999713897705,0,0.009999997913837433
angle,1780512951652234849,-2.0299999713897705,0,0.009999969974160194
angle,1780512951662235030,-2.0299999713897705,0,0.010000007227063179
angle,1780512951672237352,-2.0299999713897705,0,0.00999996904283762
angle,1780512951682235739,-2.0299999713897705,0,0.009999883361160755
angle,1780512951692235983,-2.0299999713897705,0,0.00999999139457941
angle,1780512951702236386,-2.0299999713897705,0,0.010000001639127731
angle,1780512951712236503,-2.0299999713897705,0,0.009999978356063366
angle,1780512951722236839,-2.0299999713897705,0,0.009999888949096203
angle,1780512951732236931,-2.0299999713897705,0,0.010000004433095455
angle,1780512951742237473,-2.0299999713897705,0,0.009999988600611687
angle,1780512951752237353,-2.0299999713897705,0,0.01000000536441803
angle,1780512951762238268,-2.0299999713897705,0,0.009999990463256836
angle,1780512951772237878,-2.0299999713897705,0,0.00999998115003109
angle,1780512951782238443,-2.0299999713897705,0,0.010000004433095455
angle,1780512951792238603,-2.0299999713897705,0,0.009999985806643963
angle,1780512951802239081,-2.0299999713897705,0,0.009999964386224747
angle,1780512951812238953,-2.0299999713897705,0,0.009999909438192844
angle,1780512951822239422,-2.0299999713897705,0,0.009999986737966537
angle,1780512951832239436,-2.0299999713897705,0,0.009999972768127918
angle,1780512951842240288,-2.0299999713897705,0,0.009999961592257023
angle,1780512951852240006,-2.0299999713897705,0,0.009999980218708515
angle,1780512951862240197,-2.0299999713897705,0,0.009999963454902172
angle,1780512951872240791,-2.0299999713897705,0,0.010000008158385754
angle,1780512951882242071,-2.0299999713897705,0,0.009999933652579784
angle,1780512951892241012,-2.0299999713897705,0,0.009999948553740978
angle,1780512951902241528,-2.0299999713897705,0,0.009999946691095829
angle,1780512951912241759,-2.0299999713897705,0,0.009999957866966724
angle,1780512951922242943,-2.0299999713897705,0,0.00999992061406374
angle,1780512951932241793,-2.0299999713897705,0,0.009999913163483143
angle,1780512951942242161,-2.0299999713897705,0,0.009999997913837433
angle,1780512951952242206,-2.0299999713897705,0,0.009999973699450493
angle,1780512951962242718,-2.0299999713897705,0,0.009999982081353664
angle,1780512951972244678,-2.0299999713897705,0,0.00999996904283762
angle,1780512951982242963,-2.0299999713897705,0,0.009999933652579784
angle,1780512951992243334,-2.0299999713897705,0,0.010000008158385754
angle,1780512952002243680,-2.0299999713897705,0,0.010000000707805157
angle,1780512952012243872,-2.0299999713897705,0,0.009999963454902172
angle,1780512952022244315,-2.0299999713897705,0,0.009999965317547321
angle,1780512952032244463,-2.0299999713897705,0,0.009999978356063366
angle,1780512952042244831,-2.0299999713897705,0,0.010000008158385754
angle,1780512952052245127,-2.0299999713897705,0,0.009999980218708515
angle,1780512952062245404,-2.0299999713897705,0,0.009999988600611687
angle,1780512952072245474,-2.0299999713897705,0,0.009999954141676426
angle,1780512952082245655,-2.0299999713897705,0,0.009999939240515232
angle,1780512952092245810,-2.0299999713897705,0,0.009999957866966724
angle,1780512952102246545,-2.0299999713897705,0,0.009999945759773254
angle,1780512952112246826,-2.0299999713897705,0,0.009999996051192284
angle,1780512952122246842,-2.0299999713897705,0,0.010000010021030903
angle,1780512952132247125,-2.0299999713897705,0,0.010000000707805157
angle,1780512952142247314,-2.0299999713897705,0,0.009999963454902172
angle,1780512952152247803,-2.0299999713897705,0,0.009999984875321388
angle,1780512952162247855,-2.0299999713897705,0,0.010000009089708328
angle,1780512952172248215,-2.0299999713897705,0,0.009999957866966724
angle,1780512952182248395,-2.0299999713897705,0,0.009999973699450493
angle,1780512952192248697,-2.0299999713897705,0,0.009999983943998814
angle,1780512952202249033,-2.0299999713897705,0,0.00999999139457941
angle,1780512952212249191,-2.0299999713897705,0,0.009999950416386127
angle,1780512952222249642,-2.0299999713897705,0,0.009999939240515232
angle,1780512952232249694,-2.0299999713897705,0,0.00999988429248333
angle,1780512952242250140,-2.0299999713897705,0,0.009999940171837807
angle,1780512952252249669,-2.0299999713897705,0,0.009999995119869709
angle,1780512952262250282,-2.0299999713897705,0,0.009999998845160007
angle,1780512952272250498,-2.0299999713897705,0,0.00999994296580553
angle,1780512952282251168,-2.0299999713897705,0,0.009999951347708702
angle,1780512952292251290,-2.0299999713897705,0,0.009999939240515232
angle,1780512952302251200,-2.0299999713897705,0,0.0099998963996768
angle,1780512952312251280,-2.0299999713897705,0,0.009999996051192284
angle,1780512952322251659,-2.0299999713897705,0,0.009999982081353664
angle,1780512952332251639,-2.0299999713897705,0,0.009999964386224747
angle,1780512952342251926,-2.0299999713897705,0,0.009999933652579784
angle,1780512952352252030,-2.0299999713897705,0,0.00999999139457941
angle,1780512952362252467,-2.0299999713897705,0,0.009999999776482582
angle,1780512952372253266,-2.0299999713897705,0,0.009999997913837433
angle,1780512952382253092,-2.0299999713897705,0,0.009999952279031277
angle,1780512952392253001,-2.0299999713897705,0,0.009999984875321388
angle,1780512952402253637,-2.0299999713897705,0,0.009999952279031277
angle,1780512952412253695,-2.0299999713897705,0,0.010000009089708328
angle,1780512952422254092,-2.0299999713897705,0,0.00999994296580553
angle,1780512952432253947,-2.0299999713897705,0,0.009999897330999374
angle,1780512952442254178,-2.0299999713897705,0,0.009999995119869709
angle,1780512952452254420,-2.0299999713897705,0,0.009999965317547321
angle,1780512952462254941,-2.0299999713897705,0,0.009999986737966537
angle,1780512952472254753,-2.0299999713897705,0,0.009999970905482769
angle,1780512952482255373,-2.0299999713897705,0,0.010000001639127731
angle,1780512952492255526,-2.0299999713897705,0,0.009999969974160194
angle,1780512952502256154,-2.0299999713897705,0,0.009999965317547321
angle,1780512952512256326,-2.0299999713897705,0,0.009999953210353851
angle,1780512952522258711,-2.0299999713897705,0,0.009999945759773254
angle,1780512952532259080,-2.0299999713897705,0,0.00999987032264471
angle,1780512952542258647,-2.0299999713897705,0,0.009999901987612247
angle,1780512952552257134,-2.0299999713897705,0,0.009999887086451054
angle,1780512952562257250,-2.0299999713897705,0,0.009999978356063366
angle,1780512952572257609,-2.0299999713897705,0,0.009999998845160007
angle,1780512952582258088,-2.0299999713897705,0,0.009999990463256836
angle,1780512952592258066,-2.0299999713897705,0,0.009999937377870083
angle,1780512952602258638,-2.0299999713897705,0,0.00999999325722456
angle,1780512952612258675,-2.0299999713897705,0,0.009999988600611687
angle,1780512952622258954,-2.0299999713897705,0,0.010000009089708328
angle,1780512952632259084,-2.0299999713897705,0,0.009999990463256836
angle,1780512952642259467,-2.0299999713897705,0,0.009999936446547508
angle,1780512952652259429,-2.0299999713897705,0,0.009999951347708702
angle,1780512952662259714,-2.0299999713897705,0,0.009999969974160194
angle,1780512952672259908,-2.0299999713897705,0,0.00999994482845068
angle,1780512952682260388,-2.0299999713897705,0,0.009999977424740791
angle,1780512952692260448,-2.0299999713897705,0,0.010000010952353477
angle,1780512952702260828,-2.0299999713897705,0,0.009999940171837807
angle,1780512952712260955,-2.0299999713897705,0,0.009999937377870083
angle,1780512952722261088,-2.0299999713897705,0,0.009999953210353851
angle,1780512952732261453,-2.0299999713897705,0,0.010000001639127731
angle,1780512952742261618,-2.0299999713897705,0,0.009999952279031277
angle,1780512952752261698,-2.0299999713897705,0,0.009999978356063366
angle,1780512952762262007,-2.0299999713897705,0,0.00999999325722456
angle,1780512952772262302,-2.0299999713897705,0,0.009999963454902172
angle,1780512952782262590,-2.0299999713897705,0,0.00999997928738594
angle,1780512952792262579,-2.0299999713897705,0,0.009999950416386127
angle,1780512952802262962,-2.0299999713897705,0,0.009999957866966724
angle,1780512952812263255,-2.0299999713897705,0,0.009999956004321575
angle,1780512952822264412,-2.0299999713897705,0,0.010000002570450306
angle,1780512952832264179,-2.0299999713897705,0,0.009999916888773441
angle,1780512952842264005,-2.0299999713897705,0,0.00999996718019247
angle,1780512952852264536,-2.0299999713897705,0,0.009999985806643963
angle,1780512952862264577,-2.0299999713897705,0,0.009999940171837807
angle,1780512952872264626,-2.0299999713897705,0,0.009999960660934448
angle,1780512952882265297,-2.0299999713897705,0,0.009999983943998814
angle,1780512952892265412,-2.0299999713897705,0,0.009999952279031277
angle,1780512952902265222,-2.0299999713897705,0,0.009999952279031277
angle,1780512952912267005,-2.0299999713897705,0,0.009999960660934448
angle,1780512952922267203,-2.0299999713897705,0,0.009999945759773254
angle,1780512952932266683,-2.0299999713897705,0,0.009999950416386127
angle,1780512952942266727,-2.0299999713897705,0,0.009999973699450493
angle,1780512952952267614,-2.0299999713897705,0,0.010000010952353477
angle,1780512952962267372,-2.0299999713897705,0,0.009999948553740978
angle,1780512952972267539,-2.0299999713897705,0,0.009999984875321388
angle,1780512952982267803,-2.0299999713897705,0,0.009999974630773067
angle,1780512952992268658,-2.0299999713897705,0,0.009999972768127918
angle,1780512953002268284,-2.0299999713897705,0,0.00999996718019247
angle,1780512953012268906,-2.0299999713897705,0,0.009999934583902359
angle,1780512953022268641,-2.0299999713897705,0,0.009999885223805904
angle,1780512953032269043,-2.0299999713897705,0,0.009999983012676239
angle,1780512953042269007,-2.0299999713897705,0,0.00999994482845068
angle,1780512953052269425,-2.0299999713897705,0,0.009999968111515045
angle,1780512953062269465,-2.0299999713897705,0,0.009999996982514858
angle,1780512953072269823,-2.0299999713897705,0,0.009999975562095642
angle,1780512953082271279,-2.0299999713897705,0,0.010000002570450306
angle,1780512953092270256,-2.0299999713897705,0,0.010000007227063179
angle,1780512953102270618,-2.0299999713897705,0,0.009999942034482956
angle,1780512953112271297,-2.0299999713897705,0,0.009999938309192657
angle,1780512953122271169,-2.0299999713897705,0,0.00999990664422512
angle,1780512953132271166,-2.0299999713897705,0,0.009999888949096203
angle,1780512953142271571,-2.0299999713897705,0,0.009999992325901985
angle,1780512953152271888,-2.0299999713897705,0,0.009999973699450493
angle,1780512953164116830,-2.0299999713897705,0,0.011843718588352203
angle,1780512953174117200,-2.0299999713897705,0,0.009999928064644337
angle,1780512953184117101,-2.0299999713897705,0,0.009999963454902172
angle,1780512953194117401,-2.0299999713897705,0,0.009999948553740978
angle,1780512953204117713,-2.0299999713897705,0,0.009999974630773067
angle,1780512953214118370,-2.0299999713897705,0,0.009999995119869709
angle,1780512953224118487,-2.0299999713897705,0,0.009999952279031277
angle,1780512953234118706,-2.0299999713897705,0,0.00999994296580553
angle,1780512953244118660,-2.0299999713897705,0,0.009999834932386875
angle,1780512953254119053,-2.0299999713897705,0,0.009999968111515045
angle,1780512953264119641,-2.0299999713897705,0,0.009999992325901985
angle,1780512953274119394,-2.0299999713897705,0,0.00999994296580553
angle,1780512953284119795,-2.0299999713897705,0,0.009999997913837433
angle,1780512953294119948,-2.0299999713897705,0,0.009999964386224747
angle,1780512953304120450,-2.0299999713897705,0,0.009999983012676239
angle,1780512953314120549,-2.0299999713897705,0,0.009999995119869709
angle,1780512953324120529,-2.0299999713897705,0,0.009999950416386127
angle,1780512953334120956,-2.0299999713897705,0,0.009999940171837807
angle,1780512953344120989,-2.0299999713897705,0,0.00999994482845068
angle,1780512953354121164,-2.0299999713897705,0,0.009999972768127918
angle,1780512953364121551,-2.0299999713897705,0,0.009999968111515045
angle,1780512953374121612,-2.0299999713897705,0,0.010000002570450306
angle,1780512953384121962,-2.0299999713897705,0,0.009999983943998814
angle,1780512953394122426,-2.0299999713897705,0,0.009999951347708702
angle,1780512953404122286,-2.0299999713897705,0,0.009999938309192657
angle,1780512953414122866,-2.0299999713897705,0,0.01000000536441803
angle,1780512953424122933,-2.0299999713897705,0,0.009999909438192844
angle,1780512953434123121,-2.0299999713897705,0,0.009999934583902359
angle,1780512953444123341,-2.0299999713897705,0,0.009999916888773441
angle,1780512953454123456,-2.0299999713897705,0,0.009999945759773254
angle,1780512953464123693,-2.0299999713897705,0,0.010000010021030903
angle,1780512953474123990,-2.0299999713897705,0,0.00999999325722456
angle,1780512953484124709,-2.0299999713897705,0,0.009999978356063366
angle,1780512953494125955,-2.0299999713897705,0,0.009999943897128105
angle,1780512953504124786,-2.0299999713897705,0,0.00999990664422512
angle,1780512953514125895,-2.0299999713897705,0,0.009999972768127918
angle,1780512953524125405,-2.0299999713897705,0,0.009999939240515232
angle,1780512953534125636,-2.0299999713897705,0,0.009999985806643963
angle,1780512953544125661,-2.0299999713897705,0,0.009999964386224747
angle,1780512953554125795,-2.0299999713897705,0,0.009999959729611874
angle,1780512953564126051,-2.0299999713897705,0,0.009999948553740978
angle,1780512953574126359,-2.0299999713897705,0,0.009999980218708515
angle,1780512953584126581,-2.0299999713897705,0,0.009999966248869896
angle,1780512953594127083,-2.0299999713897705,0,0.00999997928738594
angle,1780512953604127030,-2.0299999713897705,0,0.009999980218708515
angle,1780512953614127588,-2.0299999713897705,0,0.009999961592257023
angle,1780512953624127294,-2.0299999713897705,0,0.00999999325722456
angle,1780512953634127797,-2.0299999713897705,0,0.009999974630773067
angle,1780512953644127941,-2.0299999713897705,0,0.00999999139457941
angle,1780512953654128197,-2.0299999713897705,0,0.010000001639127731
angle,1780512953664128291,-2.0299999713897705,0,0.009999934583902359
angle,1780512953674128626,-2.0299999713897705,0,0.01000000536441803
angle,1780512953684128969,-2.0299999713897705,0,0.010000013746321201
angle,1780512953694129126,-2.0299999713897705,0,0.009999942034482956
angle,1780512953704129686,-2.0299999713897705,0,0.009999946691095829
angle,1780512953714129863,-2.0299999713897705,0,0.009999972768127918
angle,1780512953724129892,-2.0299999713897705,0,0.009999945759773254
angle,1780512953734130314,-2.0299999713897705,0,0.009999996982514858
angle,1780512953744130864,-2.0299999713897705,0,0.009999928064644337
angle,1780512953754130587,-2.0299999713897705,0,0.009999961592257023
angle,1780512953764130898,-2.0299999713897705,0,0.009999933652579784
angle,1780512953774131095,-2.0299999713897705,0,0.009999974630773067
angle,1780512953784131389,-2.0299999713897705,0,0.009999954141676426
angle,1780512953794131976,-2.0299999713897705,0,0.009999975562095642
angle,1780512953804131789,-2.0299999713897705,0,0.009999966248869896
angle,1780512953814132166,-2.0299999713897705,0,0.009999970905482769
angle,1780512953824132404,-2.0299999713897705,0,0.009999933652579784
angle,1780512953834132687,-2.0299999713897705,0,0.00999997928738594
angle,1780512953844132556,-2.0299999713897705,0,0.009999936446547508
angle,1780512953854132867,-2.0299999713897705,0,0.009999943897128105
angle,1780512953864132998,-2.0299999713897705,0,0.009999994188547134
angle,1780512953874133535,-2.0299999713897705,0,0.009999974630773067
angle,1780512953884134224,-2.0299999713897705,0,0.009999888017773628
angle,1780512953894134071,-2.0299999713897705,0,0.00999996718019247
angle,1780512953904134146,-2.0299999713897705,0,0.009999982081353664
angle,1780512953914135615,-2.0299999713897705,0,0.009999968111515045
angle,1780512953924135172,-2.0299999713897705,0,0.009999899193644524
angle,1780512953934136062,-2.0299999713897705,0,0.009999938309192657
angle,1780512953944134974,-2.0299999713897705,0,0.009999904781579971
angle,1780512953954135287,-2.0299999713897705,0,0.009999985806643963
angle,1780512953964135546,-2.0299999713897705,0,0.009999988600611687
angle,1780512953974137468,-2.0299999713897705,0,0.010000011883676052
angle,1780512953984136058,-2.0299999713897705,0,0.009999855421483517
angle,1780512953994136259,-2.0299999713897705,0,0.009999974630773067
angle,1780512954004136930,-2.0299999713897705,0,0.009999977424740791
angle,1780512954014136992,-2.0299999713897705,0,0.009999978356063366
angle,1780512954024136976,-2.0299999713897705,0,0.00999988242983818
angle,1780512954034137430,-2.0299999713897705,0,0.009999984875321388
angle,1780512954044137555,-2.0299999713897705,0,0.009999998845160007
angle,1780512954054137909,-2.0299999713897705,0,0.009999942034482956
angle,1780512954064137855,-2.0299999713897705,0,0.009999982081353664
angle,1780512954074138270,-2.0299999713897705,0,0.009999950416386127
angle,1780512954084138155,-2.0299999713897705,0,0.009999939240515232
angle,1780512954094139012,-2.0299999713897705,0,0.009999990463256836
angle,1780512954104138958,-2.0299999713897705,0,0.009999953210353851
angle,1780512954114139583,-2.0299999713897705,0,0.009999999776482582
angle,1780512954124139572,-2.0299999713897705,0,0.00999993272125721
angle,1780512954134139986,-2.0299999713897705,0,0.00999997928738594
angle,1780512954144140187,-2.0299999713897705,0,0.009999955072999
angle,1780512954154140087,-2.0299999713897705,0,0.009999985806643963
angle,1780512954164140513,-2.0299999713897705,0,0.010000010021030903
angle,1780512954174140831,-2.0299999713897705,0,0.009999940171837807
angle,1780512954184141139,-2.0299999713897705,0,0.009999974630773067
angle,1780512954194141341,-2.0299999713897705,0,0.009999947622418404
angle,1780512954204141674,-2.0299999713897705,0,0.010000002570450306
angle,1780512954214142396,-2.0299999713897705,0,0.009999975562095642
angle,1780512954224142953,-2.0299999713897705,0,0.009999950416386127
angle,1780512954234142803,-2.0299999713897705,0,0.009999900124967098
angle,1780512954244142963,-2.0299999713897705,0,0.00999993272125721
angle,1780512954254143016,-2.0299999713897705,0,0.009999913163483143
angle,1780512954264143009,-2.0299999713897705,0,0.009999941103160381
angle,1780512954274143702,-2.0299999713897705,0,0.00999995693564415
angle,1780512954284144007,-2.0299999713897705,0,0.010000008158385754
angle,1780512954294144050,-2.0299999713897705,0,0.00999994296580553
angle,1780512954304144259,-2.0299999713897705,0,0.009999955072999
angle,1780512954314144585,-2.0299999713897705,0,0.009999964386224747
angle,1780512954324144959,-2.0299999713897705,0,0.009999956004321575
angle,1780512954334145215,-2.0299999713897705,0,0.009999968111515045
angle,1780512954344145664,-2.0299999713897705,0,0.009999902918934822
angle,1780512954354145651,-2.0299999713897705,0,0.009999983943998814
angle,1780512954364146338,-2.0299999713897705,0,0.009999960660934448
angle,1780512954374146291,-2.0299999713897705,0,0.009999990463256836
angle,1780512954384146625,-2.0299999713897705,0,0.009999956004321575
angle,1780512954394146693,-2.0299999713897705,0,0.009999951347708702
angle,1780512954404147052,-2.0299999713897705,0,0.009999966248869896
angle,1780512954414147571,-2.0299999713897705,0,0.009999995119869709
angle,1780512954424147589,-2.0299999713897705,0,0.009999985806643963
angle,1780512954434148011,-2.0299999713897705,0,0.009999939240515232
angle,1780512954444147885,-2.0299999713897705,0,0.00999994296580553
angle,1780512954454148196,-2.0299999713897705,0,0.009999985806643963
angle,1780512954464148318,-2.0299999713897705,0,0.009999939240515232
angle,1780512954474148459,-2.0299999713897705,0,0.009999953210353851
angle,1780512954484149199,-2.0299999713897705,0,0.009999984875321388
angle,1780512954494149042,-2.0299999713897705,0,0.009999888949096203
angle,1780512954504149653,-2.0299999713897705,0,0.009999964386224747
angle,1780512954514149793,-2.0299999713897705,0,0.010000002570450306
angle,1780512954524149758,-2.0299999713897705,0,0.009999939240515232
angle,1780512954534150255,-2.0299999713897705,0,0.00999994482845068
angle,1780512954544150706,-2.0299999713897705,0,0.009999969974160194
angle,1780512954554150526,-2.0299999713897705,0,0.009999996982514858
angle,1780512954564150832,-2.0299999713897705,0,0.010000004433095455
angle,1780512954574151065,-2.0299999713897705,0,0.00999998115003109
angle,1780512954584151276,-2.0299999713897705,0,0.009999947622418404
angle,1780512954594153735,-2.0299999713897705,0,0.009999956004321575
angle,1780512954604153369,-2.0299999713897705,0,0.009999877773225307
angle,1780512954614152282,-2.0299999713897705,0,0.00999992061406374
angle,1780512954624152305,-2.0299999713897705,0,0.009999945759773254
angle,1780512954634152898,-2.0299999713897705,0,0.009999953210353851
angle,1780512954644152840,-2.0299999713897705,0,0.009999909438192844
angle,1780512954654153199,-2.0299999713897705,0,0.00999994296580553
angle,1780512954664153015,-2.0299999713897705,0,0.009999939240515232
angle,1780512954674153306,-2.0299999713897705,0,0.009999938309192657
angle,1780512954684153458,-2.0299999713897705,0,0.009999961592257023
angle,1780512954694154250,-2.0299999713897705,0,0.009999965317547321
angle,1780512954704153989,-2.0299999713897705,0,0.00999991875141859
angle,1780512954714154501,-2.0299999713897705,0,0.009999958798289299
angle,1780512954724154399,-2.0299999713897705,0,0.009999997913837433
angle,1780512954734155168,-2.0299999713897705,0,0.010000033304095268
angle,1780512954744154837,-2.0299999713897705,0,0.009999926201999187
angle,1780512954754155519,-2.0299999713897705,0,0.009999955072999
angle,1780512954764156135,-2.0299999713897705,0,0.009999999776482582
angle,1780512954774155511,-2.0299999713897705,0,0.00999993272125721
angle,1780512954784155765,-2.0299999713897705,0,0.010000001639127731
angle,1780512954794157029,-2.0299999713897705,0,0.009999992325901985
angle,1780512954804156461,-2.0299999713897705,0,0.009999873116612434
angle,1780512954814156914,-2.0299999713897705,0,0.009999963454902172
angle,1780512954824157450,-2.0299999713897705,0,0.00999987032264471
angle,1780512954834157216,-2.0299999713897705,0,0.010000000707805157
angle,1780512954844157377,-2.0299999713897705,0,0.009999988600611687
angle,1780512954854157869,-2.0299999713897705,0,0.009999984875321388
angle,1780512954864157840,-2.0299999713897705,0,0.00999999325722456
angle,1780512954874158319,-2.0299999713897705,0,0.009999984875321388
angle,1780512954884158959,-2.0299999713897705,0,0.009999964386224747
angle,1780512954894158533,-2.0299999713897705,0,0.009999915026128292
angle,1780512954904158724,-2.0299999713897705,0,0.009999965317547321
angle,1780512954914160897,-2.0299999713897705,0,0.009999959729611874
angle,1780512954924160258,-2.0299999713897705,0,0.009999576024711132
angle,1780512954934159644,-2.0299999713897705,0,0.009999915957450867
angle,1780512954944159916,-2.0299999713897705,0,0.009999996051192284
angle,1780512954954160158,-2.0299999713897705,0,0.009999972768127918
angle,1780512954964160362,-2.0299999713897705,0,0.00999996904283762
angle,1780512954974161180,-2.0299999713897705,0,0.009999936446547508
angle,1780512954984160956,-2.0299999713897705,0,0.009999925270676613
angle,1780512954994161558,-2.0299999713897705,0,0.010000001639127731
angle,1780512955004161699,-2.0299999713897705,0,0.009999988600611687
angle,1780512955014161682,-2.0299999713897705,0,0.009999982081353664
angle,1780512955024162043,-2.0299999713897705,0,0.00999995693564415
angle,1780512955034162274,-2.0299999713897705,0,0.009999952279031277
angle,1780512955044162746,-2.0299999713897705,0,0.009999992325901985
angle,1780512955054162654,-2.0299999713897705,0,0.00999989453703165
angle,1780512955064163410,-2.0299999713897705,0,0.010000008158385754
angle,1780512955074162999,-2.0299999713897705,0,0.009999913163483143
angle,1780512955084163538,-2.0299999713897705,0,0.009999943897128105
angle,1780512955094163619,-2.0299999713897705,0,0.009999988600611687
angle,1780512955104163659,-2.0299999713897705,0,0.009999980218708515
angle,1780512955114164009,-2.0299999713897705,0,0.009999983012676239
angle,1780512955124164888,-2.0299999713897705,0,0.009999990463256836
angle,1780512955134164386,-2.0299999713897705,0,0.009999926201999187
angle,1780512955144165291,-2.0299999713897705,0,0.009999952279031277
angle,1780512955154165647,-2.0299999713897705,0,0.009999927133321762
angle,1780512955164165010,-2.0299999713897705,0,0.009999887086451054
angle,1780512955174165139,-2.0299999713897705,0,0.009999995119869709
angle,1780512955184165362,-2.0299999713897705,0,0.009999952279031277
angle,1780512955194165645,-2.0299999713897705,0,0.00999999325722456
angle,1780512955204166174,-2.0299999713897705,0,0.010000001639127731
angle,1780512955214166170,-2.0299999713897705,0,0.009999946691095829
angle,1780512955224166829,-2.0299999713897705,0,0.009999951347708702
angle,1780512955234166888,-2.0299999713897705,0,0.009999866597354412
angle,1780512955244166892,-2.0299999713897705,0,0.00999994482845068
angle,1780512955254167021,-2.0299999713897705,0,0.00999996718019247
angle,1780512955264167169,-2.0299999713897705,0,0.009999977424740791
angle,1780512955274167393,-2.0299999713897705,0,0.009999954141676426
angle,1780512955284168015,-2.0299999713897705,0,0.009999956004321575
angle,1780512955294168168,-2.0299999713897705,0,0.009999952279031277
angle,1780512955304168309,-2.0299999713897705,0,0.009999948553740978
angle,1780512955314168415,-2.0299999713897705,0,0.009999963454902172
angle,1780512955324169090,-2.0299999713897705,0,0.009999963454902172
angle,1780512955334168817,-2.0299999713897705,0,0.009999915957450867
angle,1780512955344169339,-2.0299999713897705,0,0.010000002570450306
angle,1780512955354169338,-2.0299999713897705,0,0.009999966248869896
angle,1780512955364169673,-2.0299999713897705,0,0.009999982081353664
angle,1780512955374169754,-2.0299999713897705,0,0.009999945759773254
angle,1780512955384170013,-2.0299999713897705,0,0.00999995693564415
angle,1780512955394170246,-2.0299999713897705,0,0.009999936446547508
angle,1780512955404170365,-2.0299999713897705,0,0.00999994296580553
angle,1780512955414170580,-2.0299999713897705,0,0.009999975562095642
angle,1780512955424171074,-2.0299999713897705,0,0.009999973699450493
angle,1780512955434171076,-2.0299999713897705,0,0.009999988600611687
angle,1780512955444171540,-2.0299999713897705,0,0.009999986737966537
angle,1780512955454171911,-2.0299999713897705,0,0.009999990463256836
angle,1780512955464171883,-2.0299999713897705,0,0.009999966248869896
angle,1780512955474171938,-2.0299999713897705,0,0.009999937377870083
angle,1780512955484172416,-2.0299999713897705,0,0.009999968111515045
angle,1780512955494174596,-2.0299999713897705,0,0.01000000536441803
angle,1780512955504172868,-2.0299999713897705,0,0.009999871253967285
angle,1780512955514173256,-2.0299999713897705,0,0.009999996982514858
angle,1780512955524173329,-2.0299999713897705,0,0.009999997913837433
angle,1780512955534173585,-2.0299999713897705,0,0.00999999325722456
angle,1780512955544173788,-2.0299999713897705,0,0.00999999325722456
angle,1780512955554173912,-2.0299999713897705,0,0.00999996718019247
angle,1780512955564174097,-2.0299999713897705,0,0.009999941103160381
angle,1780512955574174299,-2.0299999713897705,0,0.00999993272125721
angle,1780512955584174653,-2.0299999713897705,0,0.00999998115003109
angle,1780512955594175516,-2.0299999713897705,0,0.009999983943998814
angle,1780512955604175019,-2.0299999713897705,0,0.009999974630773067
angle,1780512955614175278,-2.0299999713897705,0,0.009999951347708702
angle,1780512955624175681,-2.0299999713897705,0,0.009999940171837807
angle,1780512955634176123,-2.0299999713897705,0,0.009999950416386127
angle,1780512955644176429,-2.0299999713897705,0,0.009999957866966724
angle,1780512955654176470,-2.0299999713897705,0,0.009999992325901985
angle,1780512955664176647,-2.0299999713897705,0,0.009999941103160381
angle,1780512955674176926,-2.0299999713897705,0,0.010000002570450306
angle,1780512955684177940,-2.0299999713897705,0,0.009999943897128105
angle,1780512955694185449,-2.0299999713897705,0,0.009999952279031277
angle,1780512955704178297,-2.0299999713897705,0,0.009999948553740978
angle,1780512955714177657,-2.0299999713897705,0,0.009999903850257397
angle,1780512955724178471,-2.0299999713897705,0,0.009999942034482956
angle,1780512955734178376,-2.0299999713897705,0,0.009999978356063366
angle,1780512955744178838,-2.0299999713897705,0,0.009999954141676426
angle,1780512955754178933,-2.0299999713897705,0,0.009999998845160007
angle,1780512955764179355,-2.0299999713897705,0,0.009999985806643963
angle,1780512955774179734,-2.0299999713897705,0,0.009999951347708702
angle,1780512955784179623,-2.0299999713897705,0,0.009999966248869896
angle,1780512955794179882,-2.0299999713897705,0,0.009999978356063366
angle,1780512955804180082,-2.0299999713897705,0,0.009999996051192284
angle,1780512955814180584,-2.0299999713897705,0,0.00999994296580553
angle,1780512955824181189,-2.0299999713897705,0,0.00999999325722456
angle,1780512955834181282,-2.0299999713897705,0,0.010000001639127731
angle,1780512955844181669,-2.0299999713897705,0,0.00999996718019247
angle,1780512955854181707,-2.0299999713897705,0,0.009999983943998814
angle,1780512955864182155,-2.0299999713897705,0,0.009999980218708515
angle,1780512955874182107,-2.0299999713897705,0,0.009999964386224747
angle,1780512955884182752,-2.0299999713897705,0,0.009999964386224747
angle,1780512955894182821,-2.0299999713897705,0,0.009999880567193031
angle,1780512955904183040,-2.0299999713897705,0,0.009999980218708515
angle,1780512955914185572,-2.0299999713897705,0,0.009999999776482582
angle,1780512955924185079,-2.0299999713897705,0,0.009999904781579971
angle,1780512955934184037,-2.0299999713897705,0,0.009999893605709076
angle,1780512955944184216,-2.0299999713897705,0,0.009999961592257023
angle,1780512955954184341,-2.0299999713897705,0,0.00999998115003109
angle,1780512955964184745,-2.0299999713897705,0,0.009999961592257023
angle,1780512955974187035,-2.0299999713897705,0,0.009999977424740791
angle,1780512955984185162,-2.0299999713897705,0,0.009999828413128853
angle,1780512955994185465,-2.0299999713897705,0,0.009999947622418404
angle,1780512956004185785,-2.0299999713897705,0,0.00999996718019247
angle,1780512956014185898,-2.0299999713897705,0,0.009999936446547508
angle,1780512956024187104,-2.0299999713897705,0,0.010000013746321201
angle,1780512956034186441,-2.0299999713897705,0,0.00999983586370945
angle,1780512956044187261,-2.0299999713897705,0,0.009999968111515045
angle,1780512956054186821,-2.0299999713897705,0,0.009999928064644337
angle,1780512956064187064,-2.0299999713897705,0,0.009999948553740978
angle,1780512956074187241,-2.0299999713897705,0,0.009999963454902172
angle,1780512956084187548,-2.0299999713897705,0,0.009999936446547508
angle,1780512956094187953,-2.0299999713897705,0,0.009999952279031277
angle,1780512956104188039,-2.0299999713897705,0,0.009999986737966537
angle,1780512956114188047,-2.0299999713897705,0,0.009999961592257023
angle,1780512956124188325,-2.0299999713897705,0,0.009999938309192657
angle,1780512956134188674,-2.0299999713897705,0,0.009999997913837433
angle,1780512956144189446,-2.0299999713897705,0,0.009999972768127918
angle,1780512956154189183,-2.0299999713897705,0,0.00999991875141859
angle,1780512956164189544,-2.0299999713897705,0,0.00999994296580553
angle,1780512956174190001,-2.0299999713897705,0,0.009999985806643963
angle,1780512956184190186,-2.0299999713897705,0,0.009999939240515232
angle,1780512956194190364,-2.0299999713897705,0,0.009999982081353664
angle,1780512956204190606,-2.0299999713897705,0,0.009999977424740791
angle,1780512956214190690,-2.0299999713897705,0,0.009999948553740978
angle,1780512956224190907,-2.0299999713897705,0,0.009999980218708515
angle,1780512956234191401,-2.0299999713897705,0,0.009999969974160194
angle,1780512956244191675,-2.0299999713897705,0,0.009999954141676426
angle,1780512956254192951,-2.0299999713897705,0,0.009999938309192657
angle,1780512956264191709,-2.0299999713897705,0,0.00999987218528986
angle,1780512956274192094,-2.0299999713897705,0,0.009999957866966724
angle,1780512956284192539,-2.0299999713897705,0,0.009999970905482769
angle,1780512956294192584,-2.0299999713897705,0,0.009999992325901985
angle,1780512956304192792,-2.0299999713897705,0,0.010000008158385754
angle,1780512956314193242,-2.0299999713897705,0,0.009999945759773254
angle,1780512956324193227,-2.0299999713897705,0,0.009999990463256836
angle,1780512956334193966,-2.0299999713897705,0,0.009999983012676239
angle,1780512956344193958,-2.0299999713897705,0,0.009999907575547695
angle,1780512956354194074,-2.0299999713897705,0,0.009999998845160007
angle,1780512956364194348,-2.0299999713897705,0,0.009999938309192657
angle,1780512956374194540,-2.0299999713897705,0,0.009999985806643963
angle,1780512956384195107,-2.0299999713897705,0,0.010000006295740604
angle,1780512956394194843,-2.0299999713897705,0,0.009999885223805904
angle,1780512956404195631,-2.0299999713897705,0,0.009999975562095642
angle,1780512956414195503,-2.0299999713897705,0,0.009999969974160194
angle,1780512956424195742,-2.0299999713897705,0,0.009999975562095642
angle,1780512956434196032,-2.0299999713897705,0,0.009999968111515045
angle,1780512956444197926,-2.0299999713897705,0,0.009999995119869709
angle,1780512956454196688,-2.0299999713897705,0,0.009999880567193031
angle,1780512956464196589,-2.0299999713897705,0,0.009999936446547508
angle,1780512956474197109,-2.0299999713897705,0,0.009999937377870083
angle,1780512956484196956,-2.0299999713897705,0,0.009999977424740791
angle,1780512956494197298,-2.0299999713897705,0,0.009999951347708702
angle,1780512956504197500,-2.0299999713897705,0,0.009999966248869896
angle,1780512956514198821,-2.0299999713897705,0,0.009999980218708515
angle,1780512956524198213,-2.0299999713897705,0,0.009999878704547882
angle,1780512956534198670,-2.0299999713897705,0,0.009999999776482582
angle,1780512956544198918,-2.0299999713897705,0,0.009999928995966911
angle,1780512956554198861,-2.0299999713897705,0,0.009999972768127918
angle,1780512956564199385,-2.0299999713897705,0,0.009999969974160194
angle,1780512956574199412,-2.0299999713897705,0,0.009999964386224747
angle,1780512956584199566,-2.0299999713897705,0,0.009999958798289299
angle,1780512956594200083,-2.0299999713897705,0,0.00999998115003109
angle,1780512956604200379,-2.0299999713897705,0,0.009999941103160381
angle,1780512956614200287,-2.0299999713897705,0,0.009999986737966537
angle,1780512956624200492,-2.0299999713897705,0,0.00999996904283762
angle,1780512956634200799,-2.0299999713897705,0,0.009999984875321388
angle,1780512956644201142,-2.0299999713897705,0,0.009999951347708702
angle,1780512956654201900,-2.0299999713897705,0,0.009999943897128105
angle,1780512956664201888,-2.0299999713897705,0,0.009999958798289299
angle,1780512956674201626,-2.0299999713897705,0,0.009999875910580158
angle,1780512956684203578,-2.0299999713897705,0,0.009999961592257023
angle,1780512956694202231,-2.0299999713897705,0,0.00999984797090292
angle,1780512956704202511,-2.0299999713897705,0,0.009999986737966537
angle,1780512956714203052,-2.0299999713897705,0,0.009999995119869709
angle,1780512956724203289,-2.0299999713897705,0,0.009999958798289299
angle,1780512956734203694,-2.0299999713897705,0,0.009999937377870083
angle,1780512956744203546,-2.0299999713897705,0,0.009999970905482769
angle,1780512956754204091,-2.0299999713897705,0,0.009999972768127918
angle,1780512956764204077,-2.0299999713897705,0,0.00999996718019247
angle,1780512956774204342,-2.0299999713897705,0,0.009999986737966537
angle,1780512956784204651,-2.0299999713897705,0,0.009999995119869709
angle,1780512956794204747,-2.0299999713897705,0,0.009999996982514858
angle,1780512956804205204,-2.0299999713897705,0,0.009999953210353851
angle,1780512956814205178,-2.0299999713897705,0,0.009999959729611874
angle,1780512956824205512,-2.0299999713897705,0,0.009999965317547321
angle,1780512956834206078,-2.0299999713897705,0,0.009999964386224747
angle,1780512956844206669,-2.0299999713897705,0,0.009999939240515232
angle,1780512956854206333,-2.0299999713897705,0,0.009999978356063366
angle,1780512956864206461,-2.0299999713897705,0,0.009999939240515232
angle,1780512956874206644,-2.0299999713897705,0,0.009999986737966537
angle,1780512956884207493,-2.0299999713897705,0,0.009999995119869709
angle,1780512956894207423,-2.0299999713897705,0,0.009999959729611874
angle,1780512956904207790,-2.0299999713897705,0,0.009999947622418404
angle,1780512956914209016,-2.0299999713897705,0,0.009999970905482769
angle,1780512956924209063,-2.0299999713897705,0,0.009999924339354038
angle,1780512956934209020,-2.0299999713897705,0,0.009999939240515232
angle,1780512956944208487,-2.0299999713897705,0,0.009999915026128292
angle,1780512956954208790,-2.0299999713897705,0,0.010000001639127731
angle,1780512956964209357,-2.0299999713897705,0,0.009999988600611687
angle,1780512956974209242,-2.0299999713897705,0,0.009999987669289112
angle,1780512956984209565,-2.0299999713897705,0,0.009999997913837433
angle,1780512956994209817,-2.0299999713897705,0,0.009999994188547134
angle,1780512957004210472,-2.0299999713897705,0,0.010000000707805157
angle,1780512957014210388,-2.0299999713897705,0,0.009999974630773067
angle,1780512957024210657,-2.0299999713897705,0,0.009999972768127918
angle,1780512957034211091,-2.0299999713897705,0,0.010000014677643776
angle,1780512957044211587,-2.0299999713897705,0,0.009999970905482769
angle,1780512957054211798,-2.0299999713897705,0,0.00999993272125721
angle,1780512957064211715,-2.0299999713897705,0,0.009999947622418404
angle,1780512957074211855,-2.0299999713897705,0,0.009999947622418404
angle,1780512957084212027,-2.0299999713897705,0,0.009999965317547321
angle,1780512957094212738,-2.0299999713897705,0,0.009999940171837807
angle,1780512957104213095,-2.0299999713897705,0,0.009999985806643963
angle,1780512957114213220,-2.0299999713897705,0,0.010000006295740604
angle,1780512957124213540,-2.0299999713897705,0,0.009999946691095829
angle,1780512957134213881,-2.0299999713897705,0,0.010000010952353477
angle,1780512957144214411,-2.0299999713897705,0,0.009999988600611687
angle,1780512957154214272,-2.0299999713897705,0,0.009999889880418777
angle,1780512957164214335,-2.0299999713897705,0,0.009999948553740978
angle,1780512957174214796,-2.0299999713897705,0,0.009999997913837433
angle,1780512957184214923,-2.0299999713897705,0,0.009999958798289299
angle,1780512957194215148,-2.0299999713897705,0,0.009999986737966537
angle,1780512957204215557,-2.0299999713897705,0,0.009999973699450493
angle,1780512957214215939,-2.0299999713897705,0,0.010000000707805157
angle,1780512957224216074,-2.0299999713897705,0,0.009999995119869709
angle,1780512957234216811,-2.0299999713897705,0,0.009999971836805344
angle,1780512957244216484,-2.0299999713897705,0,0.009999983943998814
angle,1780512957254216770,-2.0299999713897705,0,0.009999992325901985
angle,1780512957264217153,-2.0299999713897705,0,0.009999956004321575
angle,1780512957274217760,-2.0299999713897705,0,0.009999938309192657
angle,1780512957284218508,-2.0299999713897705,0,0.010000001639127731
angle,1780512957294217924,-2.0299999713897705,0,0.009999910369515419
angle,1780512957304218309,-2.0299999713897705,0,0.009999985806643963
angle,1780512957314218196,-2.0299999713897705,0,0.009999964386224747
angle,1780512957324218965,-2.0299999713897705,0,0.009999980218708515
angle,1780512957334218848,-2.0299999713897705,0,0.00999999325722456
angle,1780512957344219008,-2.0299999713897705,0,0.009999933652579784
angle,1780512957354219319,-2.0299999713897705,0,0.009999990463256836
angle,1780512957364219913,-2.0299999713897705,0,0.009999938309192657
angle,1780512957374219505,-2.0299999713897705,0,0.009999934583902359
angle,1780512957384219843,-2.0299999713897705,0,0.009999977424740791
angle,1780512957394220058,-2.0299999713897705,0,0.009999988600611687
angle,1780512957404220513,-2.0299999713897705,0,0.009999955072999
angle,1780512957414220969,-2.0299999713897705,0,0.009999978356063366
angle,1780512957424220769,-2.0299999713897705,0,0.009999961592257023
angle,1780512957434221271,-2.0299999713897705,0,0.009999961592257023
angle,1780512957444221175,-2.0299999713897705,0,0.009999996982514858
angle,1780512957454221780,-2.0299999713897705,0,0.009999941103160381
angle,1780512957464221709,-2.0299999713897705,0,0.009999995119869709
angle,1780512957474221973,-2.0299999713897705,0,0.009999947622418404
angle,1780512957484222170,-2.0299999713897705,0,0.009999982081353664
angle,1780512957494222708,-2.0299999713897705,0,0.009999983012676239
angle,1780512957504222868,-2.0299999713897705,0,0.009999971836805344
angle,1780512957514223195,-2.0299999713897705,0,0.009999999776482582
angle,1780512957524223378,-2.0299999713897705,0,0.009999996982514858
angle,1780512957534223647,-2.0299999713897705,0,0.010000002570450306
angle,1780512957544227718,-2.0299999713897705,0,0.010000009089708328
angle,1780512957554231029,-2.0299999713897705,0,0.009999852627515793
angle,1780512957564226301,-2.0299999713897705,0,0.009999879635870457
angle,1780512957574224682,-2.0299999713897705,0,0.009999927133321762
angle,1780512957584224795,-2.0299999713897705,0,0.009999972768127918
angle,1780512957594225356,-2.0299999713897705,0,0.00999994296580553
angle,1780512957604225497,-2.0299999713897705,0,0.009999992325901985
angle,1780512957614225707,-2.0299999713897705,0,0.00999999325722456
angle,1780512957624226164,-2.0299999713897705,0,0.010000002570450306
angle,1780512957634226164,-2.0299999713897705,0,0.00999997928738594
angle,1780512957644226695,-2.0299999713897705,0,0.009999948553740978
angle,1780512957654226773,-2.0299999713897705,0,0.009999940171837807
angle,1780512957664226886,-2.0299999713897705,0,0.009999969974160194
angle,1780512957674227106,-2.0299999713897705,0,0.00999996904283762
angle,1780512957684227679,-2.0299999713897705,0,0.009999938309192657
angle,1780512957694227467,-2.0299999713897705,0,0.00999994482845068
angle,1780512957704227733,-2.0299999713897705,0,0.009999982081353664
angle,1780512957714228165,-2.0299999713897705,0,0.010000000707805157
angle,1780512957724228463,-2.0299999713897705,0,0.009999998845160007
angle,1780512957734228593,-2.0299999713897705,0,0.009999982081353664
angle,1780512957744229075,-2.0299999713897705,0,0.009999999776482582
angle,1780512957754229275,-2.0299999713897705,0,0.009999892674386501
angle,1780512957764229277,-2.0299999713897705,0,0.009999948553740978
angle,1780512957774229540,-2.0299999713897705,0,0.009999986737966537
angle,1780512957784229800,-2.0299999713897705,0,0.009999987669289112
angle,1780512957794229930,-2.0299999713897705,0,0.009999974630773067
angle,1780512957804230657,-2.0299999713897705,0,0.009999972768127918
angle,1780512957814230371,-2.0299999713897705,0,0.009999983012676239
angle,1780512957824230693,-2.0299999713897705,0,0.009999996982514858
angle,1780512957834231017,-2.0299999713897705,0,0.009999961592257023
angle,1780512957844231367,-2.0299999713897705,0,0.009999961592257023
angle,1780512957854231706,-2.0299999713897705,0,0.009999955072999
angle,1780512957864231500,-2.0299999713897705,0,0.009999903850257397
angle,1780512957874231693,-2.0299999713897705,0,0.009999973699450493
angle,1780512957884232274,-2.0299999713897705,0,0.010000002570450306
angle,1780512957894232273,-2.0299999713897705,0,0.009999943897128105
angle,1780512957904232456,-2.0299999713897705,0,0.010000010952353477
angle,1780512957914234805,-2.0299999713897705,0,0.009999985806643963
angle,1780512957924233896,-2.0299999713897705,0,0.009999940171837807
angle,1780512957934233257,-2.0299999713897705,0,0.009999861009418964
angle,1780512957944233682,-2.0299999713897705,0,0.009999996982514858
angle,1780512957954233855,-2.0299999713897705,0,0.009999887086451054
angle,1780512957964234124,-2.0299999713897705,0,0.009999942034482956
angle,1780512957974236761,-2.0299999713897705,0,0.009999994188547134
angle,1780512957984234734,-2.0299999713897705,0,0.009999879635870457
angle,1780512957994235094,-2.0299999713897705,0,0.0099998963996768
angle,1780512958004235365,-2.0299999713897705,0,0.009999983943998814
angle,1780512958014237270,-2.0299999713897705,0,0.010000001639127731
angle,1780512958024235609,-2.0299999713897705,0,0.009999903850257397
angle,1780512958034235810,-2.0299999713897705,0,0.009999928064644337
angle,1780512958044236382,-2.0299999713897705,0,0.00999994482845068
angle,1780512958054236780,-2.0299999713897705,0,0.009999974630773067
angle,1780512958064237071,-2.0299999713897705,0,0.009999983012676239
angle,1780512958074237028,-2.0299999713897705,0,0.009999911300837994
angle,1780512958084237053,-2.0299999713897705,0,0.009999984875321388
angle,1780512958094238231,-2.0299999713897705,0,0.00999994482845068
angle,1780512958104237690,-2.0299999713897705,0,0.009999950416386127
angle,1780512958114237874,-2.0299999713897705,0,0.00999994482845068
angle,1780512958124237891,-2.0299999713897705,0,0.00999994296580553
angle,1780512958134238570,-2.0299999713897705,0,0.00999994482845068
angle,1780512958144238578,-2.0299999713897705,0,0.009999938309192657
angle,1780512958154238687,-2.0299999713897705,0,0.009999899193644524
angle,1780512958164238925,-2.0299999713897705,0,0.009999939240515232
angle,1780512958174239033,-2.0299999713897705,0,0.009999963454902172
angle,1780512958184239102,-2.0299999713897705,0,0.009999947622418404
angle,1780512958194239500,-2.0299999713897705,0,0.009999964386224747
angle,1780512958204239613,-2.0299999713897705,0,0.009999980218708515
angle,1780512958214240001,-2.0299999713897705,0,0.009999971836805344
angle,1780512958224240388,-2.0299999713897705,0,0.009999980218708515
angle,1780512958234240475,-2.0299999713897705,0,0.009999948553740978
angle,1780512958244240578,-2.0299999713897705,0,0.009999938309192657
angle,1780512958254240753,-2.0299999713897705,0,0.00999993272125721
angle,1780512958264241216,-2.0299999713897705,0,0.009999983012676239
angle,1780512958274241430,-2.0299999713897705,0,0.009999937377870083
angle,1780512958284241887,-2.0299999713897705,0,0.009999939240515232
angle,1780512958294241865,-2.0299999713897705,0,0.009999975562095642
angle,1780512958304242181,-2.0299999713897705,0,0.009999992325901985
angle,1780512958314242667,-2.0299999713897705,0,0.009999968111515045
angle,1780512958324242747,-2.0299999713897705,0,0.009999992325901985
angle,1780512958334244732,-2.0299999713897705,0,0.00999996718019247
angle,1780512958344245751,-2.0299999713897705,0,0.009999863803386688
angle,1780512958354244175,-2.0299999713897705,0,0.009999900124967098
angle,1780512958364243787,-2.0299999713897705,0,0.00999997928738594
angle,1780512958374243882,-2.0299999713897705,0,0.009999937377870083
angle,1780512958384244220,-2.0299999713897705,0,0.010000002570450306
angle,1780512958394244416,-2.0299999713897705,0,0.009999970905482769
angle,1780512958404244895,-2.0299999713897705,0,0.009999961592257023
angle,1780512958414246167,-2.0299999713897705,0,0.009999936446547508
angle,1780512958424245300,-2.0299999713897705,0,0.009999923408031464
angle,1780512958434245413,-2.0299999713897705,0,0.009999943897128105
angle,1780512958444245699,-2.0299999713897705,0,0.009999988600611687
angle,1780512958454245897,-2.0299999713897705,0,0.009999988600611687
angle,1780512958464246515,-2.0299999713897705,0,0.010000025853514671
angle,1780512958474246388,-2.0299999713897705,0,0.009999913163483143
angle,1780512958484246549,-2.0299999713897705,0,0.009999940171837807
angle,1780512958494246884,-2.0299999713897705,0,0.009999941103160381
angle,1780512958504247049,-2.0299999713897705,0,0.010000006295740604
angle,1780512958514247480,-2.0299999713897705,0,0.009999970905482769
angle,1780512958524247782,-2.0299999713897705,0,0.009999939240515232
angle,1780512958534248005,-2.0299999713897705,0,0.009999983012676239
angle,1780512958544248507,-2.0299999713897705,0,0.00999997928738594
angle,1780512958554248345,-2.0299999713897705,0,0.009999966248869896
angle,1780512958564248845,-2.0299999713897705,0,0.009999997913837433
angle,1780512958574248980,-2.0299999713897705,0,0.009999966248869896
angle,1780512958584249376,-2.0299999713897705,0,0.009999952279031277
angle,1780512958594249511,-2.0299999713897705,0,0.009999946691095829
angle,1780512958604249803,-2.0299999713897705,0,0.009999950416386127
angle,1780512958614249666,-2.0299999713897705,0,0.010000002570450306
angle,1780512958624249839,-2.0299999713897705,0,0.009999951347708702
angle,1780512958634250146,-2.0299999713897705,0,0.009999939240515232
angle,1780512958644250690,-2.0299999713897705,0,0.009999980218708515
angle,1780512958654250646,-2.0299999713897705,0,0.009999885223805904
angle,1780512958664250898,-2.0299999713897705,0,0.00999997928738594
angle,1780512958674251196,-2.0299999713897705,0,0.009999984875321388
angle,1780512958684251169,-2.0299999713897705,0,0.009999945759773254
angle,1780512958694251721,-2.0299999713897705,0,0.009999945759773254
angle,1780512958704251651,-2.0299999713897705,0,0.009999970905482769
angle,1780512958714251872,-2.0299999713897705,0,0.009999936446547508
angle,1780512958724252130,-2.0299999713897705,0,0.010000001639127731
angle,1780512958734252304,-2.0299999713897705,0,0.009999973699450493
angle,1780512958744252981,-2.0299999713897705,0,0.00999996904283762
angle,1780512958754252818,-2.0299999713897705,0,0.01000000536441803
angle,1780512958764253251,-2.0299999713897705,0,0.009999995119869709
angle,1780512958774253383,-2.0299999713897705,0,0.009999937377870083
angle,1780512958784253917,-2.0299999713897705,0,0.009999942034482956
angle,1780512958794253758,-2.0299999713897705,0,0.009999977424740791
angle,1780512958804253949,-2.0299999713897705,0,0.009999945759773254
angle,1780512958814254078,-2.0299999713897705,0,0.010000010021030903
angle,1780512958824254505,-2.0299999713897705,0,0.00999999325722456
angle,1780512958834254821,-2.0299999713897705,0,0.009999945759773254
angle,1780512958844258240,-2.0299999713897705,0,0.010000021196901798
angle,1780512958854257190,-2.0299999713897705,0,0.009999878704547882
angle,1780512958864256184,-2.0299999713897705,0,0.00999989453703165
angle,1780512958874255913,-2.0299999713897705,0,0.010000004433095455
angle,1780512958884256819,-2.0299999713897705,0,0.009999941103160381
angle,1780512958894256534,-2.0299999713897705,0,0.00999992061406374
angle,1780512958904256973,-2.0299999713897705,0,0.010000006295740604
angle,1780512958914257138,-2.0299999713897705,0,0.010000010952353477
angle,1780512958924258525,-2.0299999713897705,0,0.010000056587159634
angle,1780512958934257896,-2.0299999713897705,0,0.009999909438192844
angle,1780512958944258450,-2.0299999713897705,0,0.01000000536441803
angle,1780512958954258536,-2.0299999713897705,0,0.009999909438192844
angle,1780512958964259114,-2.0299999713897705,0,0.009999948553740978
angle,1780512958974258865,-2.0299999713897705,0,0.009999942034482956
angle,1780512958984259175,-2.0299999713897705,0,0.010000001639127731
angle,1780512958994259671,-2.0299999713897705,0,0.009999964386224747
angle,1780512959004259889,-2.0299999713897705,0,0.009999999776482582
angle,1780512959014260095,-2.0299999713897705,0,0.009999997913837433
angle,1780512959024260223,-2.0299999713897705,0,0.009999961592257023
angle,1780512959034260621,-2.0299999713897705,0,0.009999936446547508
angle,1780512959044260894,-2.0299999713897705,0,0.009999970905482769
angle,1780512959054260879,-2.0299999713897705,0,0.009999998845160007
angle,1780512959064261267,-2.0299999713897705,0,0.009999950416386127
angle,1780512959074261371,-2.0299999713897705,0,0.009999951347708702
angle,1780512959084261492,-2.0299999713897705,0,0.009999960660934448
angle,1780512959094262046,-2.0299999713897705,0,0.009999961592257023
angle,1780512959104262216,-2.0299999713897705,0,0.00999998115003109
angle,1780512959114262145,-2.0299999713897705,0,0.009999986737966537
angle,1780512959124262728,-2.0299999713897705,0,0.009999951347708702
angle,1780512959134262905,-2.0299999713897705,0,0.009999966248869896
angle,1780512959144263020,-2.0299999713897705,0,0.009999964386224747
angle,1780512959154263220,-2.0299999713897705,0,0.009999969974160194
angle,1780512959164263568,-2.0299999713897705,0,0.009999941103160381
angle,1780512959174263770,-2.0299999713897705,0,0.009999995119869709
angle,1780512959184263906,-2.0299999713897705,0,0.009999958798289299
angle,1780512959194264152,-2.0299999713897705,0,0.009999952279031277
angle,1780512959204264464,-2.0299999713897705,0,0.009999992325901985
angle,1780512959214264827,-2.0299999713897705,0,0.010000006295740604
angle,1780512959224265024,-2.0299999713897705,0,0.009999978356063366
angle,1780512959234266950,-2.0299999713897705,0,0.00999992061406374
angle,1780512959244267476,-2.0299999713897705,0,0.009999928995966911
angle,1780512959254265433,-2.0299999713897705,0,0.009999889880418777
angle,1780512959264265861,-2.0299999713897705,0,0.009999964386224747
angle,1780512959274266555,-2.0299999713897705,0,0.010000006295740604
angle,1780512959284266613,-2.0299999713897705,0,0.00999989453703165
angle,1780512959294266397,-2.0299999713897705,0,0.009999980218708515
angle,1780512959304266703,-2.0299999713897705,0,0.009999963454902172
angle,1780512959314266854,-2.0299999713897705,0,0.009999946691095829
angle,1780512959324267483,-2.0299999713897705,0,0.009999983012676239
angle,1780512959334267472,-2.0299999713897705,0,0.009999951347708702
angle,1780512959344267732,-2.0299999713897705,0,0.009999937377870083
angle,1780512959354269711,-2.0299999713897705,0,0.009999942034482956
angle,1780512959364268999,-2.0299999713897705,0,0.009999888017773628
angle,1780512959374268208,-2.0299999713897705,0,0.009999943897128105
angle,1780512959384268607,-2.0299999713897705,0,0.009999978356063366
angle,1780512959394268893,-2.0299999713897705,0,0.00999995693564415
angle,1780512959404269326,-2.0299999713897705,0,0.009999963454902172
angle,1780512959414269160,-2.0299999713897705,0,0.009999941103160381
angle,1780512959424269480,-2.0299999713897705,0,0.010000002570450306
angle,1780512959434269693,-2.0299999713897705,0,0.009999992325901985
angle,1780512959444269830,-2.0299999713897705,0,0.009999943897128105
angle,1780512959454270060,-2.0299999713897705,0,0.009999952279031277
angle,1780512959464270433,-2.0299999713897705,0,0.009999955072999
angle,1780512959474270583,-2.0299999713897705,0,0.009999960660934448
angle,1780512959484270967,-2.0299999713897705,0,0.009999964386224747
angle,1780512959494271067,-2.0299999713897705,0,0.009999969974160194
angle,1780512959504271372,-2.0299999713897705,0,0.009999980218708515
angle,1780512959514271474,-2.0299999713897705,0,0.009999963454902172
angle,1780512959524271722,-2.0299999713897705,0,0.009999947622418404
angle,1780512959534272074,-2.0299999713897705,0,0.009999990463256836
angle,1780512959544272438,-2.0299999713897705,0,0.009999984875321388
angle,1780512959554272769,-2.0299999713897705,0,0.009999971836805344
angle,1780512959564273027,-2.0299999713897705,0,0.009999929927289486
angle,1780512959574273541,-2.0299999713897705,0,0.009999992325901985
angle,1780512959584273470,-2.0299999713897705,0,0.009999973699450493
angle,1780512959594273756,-2.0299999713897705,0,0.009999978356063366
angle,1780512959604273878,-2.0299999713897705,0,0.010000002570450306
angle,1780512959614274200,-2.0299999713897705,0,0.009999997913837433
angle,1780512959624274567,-2.0299999713897705,0,0.010000004433095455
angle,1780512959634274863,-2.0299999713897705,0,0.009999994188547134
angle,1780512959644275147,-2.0299999713897705,0,0.009999897330999374
angle,1780512959654275400,-2.0299999713897705,0,0.009999987669289112
angle,1780512959664275885,-2.0299999713897705,0,0.009999952279031277
angle,1780512959674275607,-2.0299999713897705,0,0.009999958798289299
angle,1780512959684275918,-2.0299999713897705,0,0.009999947622418404
angle,1780512959694276090,-2.0299999713897705,0,0.009999917820096016
angle,1780512959704276477,-2.0299999713897705,0,0.009999953210353851
angle,1780512959714276828,-2.0299999713897705,0,0.009999951347708702
angle,1780512959724277083,-2.0299999713897705,0,0.00999993272125721
angle,1780512959734277256,-2.0299999713897705,0,0.010000004433095455
angle,1780512959744277636,-2.0299999713897705,0,0.009999953210353851
angle,1780512959754278915,-2.0299999713897705,0,0.009999934583902359
angle,1780512959764279223,-2.0299999713897705,0,0.009999938309192657
angle,1780512959774279294,-2.0299999713897705,0,0.009999909438192844
angle,1780512959784278596,-2.0299999713897705,0,0.009999891743063927
angle,1780512959794278746,-2.0299999713897705,0,0.009999946691095829
angle,1780512959804278889,-2.0299999713897705,0,0.009999940171837807
angle,1780512959814279173,-2.0299999713897705,0,0.009999940171837807
angle,1780512959824279418,-2.0299999713897705,0,0.009999955072999
angle,1780512959834279615,-2.0299999713897705,0,0.009999987669289112
angle,1780512959844279827,-2.0299999713897705,0,0.009999960660934448
angle,1780512959854280590,-2.0299999713897705,0,0.009999973699450493
angle,1780512959864280729,-2.0299999713897705,0,0.009999943897128105
angle,1780512959874280707,-2.0299999713897705,0,0.009999888949096203
angle,1780512959884281208,-2.0299999713897705,0,0.009999975562095642
angle,1780512959894281093,-2.0299999713897705,0,0.009999998845160007
angle,1780512959904281382,-2.0299999713897705,0,0.009999937377870083
angle,1780512959914281472,-2.0299999713897705,0,0.009999974630773067
angle,1780512959924283096,-2.0299999713897705,0,0.009999956004321575
angle,1780512959934282005,-2.0299999713897705,0,0.009999819099903107
angle,1780512959944282249,-2.0299999713897705,0,0.010000010021030903
angle,1780512959954283136,-2.0299999713897705,0,0.009999945759773254
angle,1780512959964283785,-2.0299999713897705,0,0.009999871253967285
angle,1780512959974284809,-2.0299999713897705,0,0.009999936446547508
angle,1780512959984283344,-2.0299999713897705,0,0.00999989453703165
angle,1780512959994283510,-2.0299999713897705,0,0.009999901056289673
angle,1780512960004285766,-2.0299999713897705,0,0.009999954141676426
angle,1780512960014284130,-2.0299999713897705,0,0.009999910369515419
angle,1780512960024284540,-2.0299999713897705,0,0.00999996904283762
angle,1780512960034284321,-2.0299999713897705,0,0.009999948553740978
angle,1780512960044284572,-2.0299999713897705,0,0.00999996718019247
angle,1780512960054285018,-2.0299999713897705,0,0.009999994188547134
angle,1780512960064285556,-2.0299999713897705,0,0.009999945759773254
angle,1780512960074285492,-2.0299999713897705,0,0.009999880567193031
angle,1780512960084286247,-2.0299999713897705,0,0.009999916888773441
angle,1780512960094286343,-2.0299999713897705,0,0.009999909438192844
angle,1780512960104286424,-2.0299999713897705,0,0.009999985806643963
angle,1780512960114286881,-2.0299999713897705,0,0.009999978356063366
angle,1780512960124287046,-2.0299999713897705,0,0.009999958798289299
angle,1780512960134287117,-2.0299999713897705,0,0.009999986737966537
angle,1780512960144287142,-2.0299999713897705,0,0.010000009089708328
angle,1780512960154287914,-2.0299999713897705,0,0.009999995119869709
angle,1780512960164288045,-2.0299999713897705,0,0.009999965317547321
angle,1780512960174288274,-2.0299999713897705,0,0.009999954141676426
angle,1780512960184288300,-2.0299999713897705,0,0.009999985806643963
angle,1780512960194288658,-2.0299999713897705,0,0.009999997913837433
angle,1780512960204288934,-2.0299999713897705,0,0.009999948553740978
angle,1780512960214289015,-2.0299999713897705,0,0.009999940171837807
angle,1780512960224289432,-2.0299999713897705,0,0.009999971836805344
angle,1780512960234289489,-2.0299999713897705,0,0.009999964386224747
angle,1780512960244289882,-2.0299999713897705,0,0.009999961592257023
angle,1780512960254290466,-2.0299999713897705,0,0.009999990463256836
angle,1780512960264290515,-2.0299999713897705,0,0.009999977424740791
angle,1780512960274290698,-2.0299999713897705,0,0.009999971836805344
angle,1780512960284291037,-2.0299999713897705,0,0.009999965317547321
angle,1780512960294291385,-2.0299999713897705,0,0.009999984875321388
angle,1780512960304291577,-2.0299999713897705,0,0.010000002570450306
angle,1780512960314291583,-2.0299999713897705,0,0.009999958798289299
angle,1780512960324292100,-2.0299999713897705,0,0.009999946691095829
angle,1780512960334292333,-2.0299999713897705,0,0.0099998963996768
angle,1780512960344292923,-2.0299999713897705,0,0.009999946691095829
angle,1780512960354292976,-2.0299999713897705,0,0.009999999776482582
angle,1780512960364293286,-2.0299999713897705,0,0.00999996718019247
angle,1780512960374293384,-2.0299999713897705,0,0.009999986737966537
angle,1780512960384293866,-2.0299999713897705,0,0.009999971836805344
angle,1780512960394293896,-2.0299999713897705,0,0.010000002570450306
angle,1780512960404293906,-2.0299999713897705,0,0.00999994482845068
angle,1780512960414294396,-2.0299999713897705,0,0.009999942034482956
angle,1780512960424294654,-2.0299999713897705,0,0.009999952279031277
angle,1780512960434294987,-2.0299999713897705,0,0.009999988600611687
angle,1780512960444295141,-2.0299999713897705,0,0.009999952279031277
angle,1780512960454295987,-2.0299999713897705,0,0.009999947622418404
angle,1780512960464295594,-2.0299999713897705,0,0.009999848902225494
angle,1780512960474296182,-2.0299999713897705,0,0.009999942034482956
angle,1780512960484296269,-2.0299999713897705,0,0.009999947622418404
angle,1780512960494296154,-2.0299999713897705,0,0.009999943897128105
angle,1780512960504296382,-2.0299999713897705,0,0.009999952279031277
angle,1780512960514297147,-2.0299999713897705,0,0.00999994296580553
angle,1780512960524296886,-2.0299999713897705,0,0.009999995119869709
angle,1780512960534297772,-2.0299999713897705,0,0.009999997913837433
angle,1780512960544297290,-2.0299999713897705,0,0.009999898262321949
angle,1780512960554297892,-2.0299999713897705,0,0.009999954141676426
angle,1780512960564298243,-2.0299999713897705,0,0.009999910369515419
angle,1780512960574298315,-2.0299999713897705,0,0.009999963454902172
angle,1780512960584298347,-2.0299999713897705,0,0.009999940171837807
angle,1780512960594298849,-2.0299999713897705,0,0.009999987669289112
angle,1780512960604299027,-2.0299999713897705,0,0.009999959729611874
angle,1780512960614299127,-2.0299999713897705,0,0.01000000536441803
angle,1780512960624299401,-2.0299999713897705,0,0.009999990463256836
angle,1780512960634299414,-2.0299999713897705,0,0.009999942034482956
angle,1780512960644299761,-2.0299999713897705,0,0.00999993085861206
angle,1780512960654300828,-2.0299999713897705,0,0.00999997928738594
angle,1780512960664300283,-2.0299999713897705,0,0.009999885223805904
angle,1780512960674300629,-2.0299999713897705,0,0.010000000707805157
angle,1780512960684300579,-2.0299999713897705,0,0.009999901056289673
angle,1780512960694301104,-2.0299999713897705,0,0.009999950416386127
angle,1780512960704301021,-2.0299999713897705,0,0.009999937377870083
angle,1780512960714301431,-2.0299999713897705,0,0.009999996051192284
angle,1780512960724301504,-2.0299999713897705,0,0.009999987669289112
angle,1780512960734301887,-2.0299999713897705,0,0.009999978356063366
angle,1780512960744302281,-2.0299999713897705,0,0.009999959729611874
angle,1780512960754302979,-2.0299999713897705,0,0.00999996904283762
angle,1780512960764302657,-2.0299999713897705,0,0.009999931789934635
angle,1780512960774302989,-2.0299999713897705,0,0.00999999325722456
angle,1780512960784303385,-2.0299999713897705,0,0.009999964386224747
angle,1780512960794303701,-2.0299999713897705,0,0.00999998115003109
angle,1780512960804303627,-2.0299999713897705,0,0.009999934583902359
angle,1780512960814303803,-2.0299999713897705,0,0.009999987669289112
angle,1780512960824304395,-2.0299999713897705,0,0.009999940171837807
angle,1780512960834304574,-2.0299999713897705,0,0.009999972768127918
angle,1780512960844304816,-2.0299999713897705,0,0.009999983012676239
angle,1780512960854305290,-2.0299999713897705,0,0.009999971836805344
angle,1780512960864305488,-2.0299999713897705,0,0.00999993085861206
angle,1780512960874305935,-2.0299999713897705,0,0.009999974630773067
angle,1780512960884306100,-2.0299999713897705,0,0.009999923408031464
angle,1780512960894306178,-2.0299999713897705,0,0.009999999776482582
angle,1780512960904306305,-2.0299999713897705,0,0.010000000707805157
angle,1780512960914306439,-2.0299999713897705,0,0.009999957866966724
angle,1780512960924308856,-2.0299999713897705,0,0.00999999139457941
angle,1780512960934306895,-2.0299999713897705,0,0.009999931789934635
angle,1780512960944307548,-2.0299999713897705,0,0.010000023990869522
angle,1780512960954308208,-2.0299999713897705,0,0.01000002771615982
angle,1780512960964307866,-2.0299999713897705,0,0.0099998963996768
angle,1780512960974308333,-2.0299999713897705,0,0.009999999776482582
angle,1780512960984308208,-2.0299999713897705,0,0.009999912232160568
angle,1780512960994309876,-2.0299999713897705,0,0.009999936446547508
angle,1780512961004308936,-2.0299999713897705,0,0.009999947622418404
angle,1780512961014308983,-2.0299999713897705,0,0.009999953210353851
angle,1780512961024309652,-2.0299999713897705,0,0.009999947622418404
angle,1780512961034309485,-2.0299999713897705,0,0.009999961592257023
angle,1780512961044309717,-2.0299999713897705,0,0.009999999776482582
angle,1780512961054309960,-2.0299999713897705,0,0.009999977424740791
angle,1780512961064310459,-2.0299999713897705,0,0.009999997913837433
angle,1780512961074310454,-2.0299999713897705,0,0.009999999776482582
angle,1780512961084310715,-2.0299999713897705,0,0.009999964386224747
angle,1780512961094311097,-2.0299999713897705,0,0.00999999139457941
angle,1780512961104311230,-2.0299999713897705,0,0.00999996718019247
angle,1780512961114311480,-2.0299999713897705,0,0.010000008158385754
angle,1780512961124311665,-2.0299999713897705,0,0.009999952279031277
angle,1780512961134311828,-2.0299999713897705,0,0.010000000707805157
angle,1780512961144312162,-2.0299999713897705,0,0.009999968111515045
angle,1780512961154312619,-2.0299999713897705,0,0.009999912232160568
angle,1780512961164312513,-2.0299999713897705,0,0.009999980218708515
angle,1780512961174312963,-2.0299999713897705,0,0.009999955072999
angle,1780512961184313032,-2.0299999713897705,0,0.009999992325901985
angle,1780512961194313313,-2.0299999713897705,0,0.009999948553740978
angle,1780512961204313494,-2.0299999713897705,0,0.009999996982514858
angle,1780512961214313778,-2.0299999713897705,0,0.009999947622418404
angle,1780512961224314063,-2.0299999713897705,0,0.009999975562095642
angle,1780512961234314329,-2.0299999713897705,0,0.009999983943998814
angle,1780512961244314607,-2.0299999713897705,0,0.009999939240515232
angle,1780512961254314544,-2.0299999713897705,0,0.00999998115003109
angle,1780512961267086001,-2.0299999713897705,0,0.012770811095833778
angle,1780512961277089114,-2.0299999713897705,0,0.010000031441450119
angle,1780512961287090612,-2.0299999713897705,0,0.009999959729611874
angle,1780512961297090127,-2.0299999713897705,0,0.00999983586370945
angle,1780512961307090097,-2.0299999713897705,0,0.009999795816838741
angle,1780512961317089993,-2.0299999713897705,0,0.009999913163483143
angle,1780512961327089722,-2.0299999713897705,0,0.009999877773225307
angle,1780512961337089728,-2.0299999713897705,0,0.009999957866966724
angle,1780512961347090118,-2.0299999713897705,0,0.009999966248869896
angle,1780512961357090747,-2.0299999713897705,0,0.009999947622418404
angle,1780512961367090587,-2.0299999713897705,0,0.00999999139457941
angle,1780512961377090910,-2.0299999713897705,0,0.009999998845160007
angle,1780512961387090846,-2.0299999713897705,0,0.009999984875321388
angle,1780512961397091001,-2.0299999713897705,0,0.009999948553740978
angle,1780512961407091339,-2.0299999713897705,0,0.009999936446547508
angle,1780512961417091390,-2.0299999713897705,0,0.00999995693564415
angle,1780512961427091827,-2.0299999713897705,0,0.009999995119869709
angle,1780512961437092227,-2.0299999713897705,0,0.009999996982514858
angle,1780512961447093265,-2.0299999713897705,0,0.009999960660934448
angle,1780512961457092473,-2.0299999713897705,0,0.009999913163483143
angle,1780512961467092798,-2.0299999713897705,0,0.009999970905482769
angle,1780512961477093086,-2.0299999713897705,0,0.009999975562095642
angle,1780512961487092960,-2.0299999713897705,0,0.00999995693564415
angle,1780512961497093551,-2.0299999713897705,0,0.009999996051192284
angle,1780512961507093562,-2.0299999713897705,0,0.009999889880418777
angle,1780512961517094182,-2.0299999713897705,0,0.009999970905482769
angle,1780512961527094007,-2.0299999713897705,0,0.010000000707805157
angle,1780512961537094160,-2.0299999713897705,0,0.009999951347708702
angle,1780512961547094475,-2.0299999713897705,0,0.009999939240515232
angle,1780512961557094995,-2.0299999713897705,0,0.009999938309192657
angle,1780512961567095328,-2.0299999713897705,0,0.010000008158385754
angle,1780512961577095532,-2.0299999713897705,0,0.009999975562095642
angle,1780512961587095806,-2.0299999713897705,0,0.009999961592257023
angle,1780512961597096208,-2.0299999713897705,0,0.009999971836805344
angle,1780512961607096601,-2.0299999713897705,0,0.00999999325722456
angle,1780512961617096508,-2.0299999713897705,0,0.00999999325722456
angle,1780512961627096710,-2.0299999713897705,0,0.009999992325901985
angle,1780512961637096849,-2.0299999713897705,0,0.009999940171837807
angle,1780512961647097460,-2.0299999713897705,0,0.009999974630773067
angle,1780512961657098409,-2.0299999713897705,0,0.010000045411288738
angle,1780512961667098627,-2.0299999713897705,0,0.009999915957450867
angle,1780512961677098351,-2.0299999713897705,0,0.009999973699450493
angle,1780512961687099110,-2.0299999713897705,0,0.00999994482845068
angle,1780512961697100853,-2.0299999713897705,0,0.00999985821545124
angle,1780512961707099132,-2.0299999713897705,0,0.009999926201999187
angle,1780512961717099222,-2.0299999713897705,0,0.009999964386224747
angle,1780512961727099430,-2.0299999713897705,0,0.009999966248869896
angle,1780512961737099907,-2.0299999713897705,0,0.00999995693564415
angle,1780512961747100058,-2.0299999713897705,0,0.009999952279031277
angle,1780512961757100209,-2.0299999713897705,0,0.00999998115003109
angle,1780512961767100536,-2.0299999713897705,0,0.00999994296580553
angle,1780512961777100788,-2.0299999713897705,0,0.009999975562095642
angle,1780512961787101268,-2.0299999713897705,0,0.009999983943998814
angle,1780512961797101226,-2.0299999713897705,0,0.010000011883676052
angle,1780512961807101661,-2.0299999713897705,0,0.009999957866966724
angle,1780512961817101670,-2.0299999713897705,0,0.009999951347708702
angle,1780512961827101828,-2.0299999713897705,0,0.009999977424740791
angle,1780512961837102129,-2.0299999713897705,0,0.009999945759773254
angle,1780512961847102578,-2.0299999713897705,0,0.009999970905482769
angle,1780512961857103344,-2.0299999713897705,0,0.009999995119869709
angle,1780512961867102952,-2.0299999713897705,0,0.009999890811741352
angle,1780512961877104914,-2.0299999713897705,0,0.009999986737966537
angle,1780512961887135189,-2.0299999713897705,0,0.010030318051576614
angle,1780512961897134537,-2.0299999713897705,0,0.009999916888773441
angle,1780512961907134863,-2.0299999713897705,0,0.009999965317547321
angle,1780512961917134656,-2.0299999713897705,0,0.009999971836805344
angle,1780512961927136904,-2.0299999713897705,0,0.009999999776482582
angle,1780512961937135080,-2.0299999713897705,0,0.00999989453703165
angle,1780512961947135538,-2.0299999713897705,0,0.009999970905482769
angle,1780512961957135698,-2.0299999713897705,0,0.009999947622418404
angle,1780512961967136494,-2.0299999713897705,0,0.009999973699450493
angle,1780512961977137750,-2.0299999713897705,0,0.009999876841902733
angle,1780512961987136427,-2.0299999713897705,0,0.009999907575547695
angle,1780512961997136814,-2.0299999713897705,0,0.009999978356063366
angle,1780512962007136781,-2.0299999713897705,0,0.009999971836805344
angle,1780512962017137046,-2.0299999713897705,0,0.009999973699450493
angle,1780512962027137011,-2.0299999713897705,0,0.009999986737966537
angle,1780512962037137354,-2.0299999713897705,0,0.010000008158385754
angle,1780512962047137592,-2.0299999713897705,0,0.009999968111515045
angle,1780512962057137893,-2.0299999713897705,0,0.009999996051192284
angle,1780512962067138237,-2.0299999713897705,0,0.009999983012676239
angle,1780512962077138753,-2.0299999713897705,0,0.009999997913837433
angle,1780512962087138641,-2.0299999713897705,0,0.009999997913837433
angle,1780512962097139234,-2.0299999713897705,0,0.009999937377870083
angle,1780512962107139441,-2.0299999713897705,0,0.009999996982514858
angle,1780512962117139421,-2.0299999713897705,0,0.010000007227063179
angle,1780512962127139857,-2.0299999713897705,0,0.009999943897128105
angle,1780512962137139886,-2.0299999713897705,0,0.009999999776482582
angle,1780512962147140194,-2.0299999713897705,0,0.009999937377870083
angle,1780512962157140419,-2.0299999713897705,0,0.009999969974160194
angle,1780512962167140960,-2.0299999713897705,0,0.00999994296580553
angle,1780512962177141215,-2.0299999713897705,0,0.00999998115003109
angle,1780512962187141170,-2.0299999713897705,0,0.009999988600611687
angle,1780512962197141386,-2.0299999713897705,0,0.009999999776482582
angle,1780512962207141508,-2.0299999713897705,0,0.00999995693564415
angle,1780512962217141920,-2.0299999713897705,0,0.009999971836805344
angle,1780512962227142066,-2.0299999713897705,0,0.009999995119869709
angle,1780512962237142252,-2.0299999713897705,0,0.00999999325722456
angle,1780512962247142243,-2.0299999713897705,0,0.009999943897128105
angle,1780512962257142644,-2.0299999713897705,0,0.009999994188547134
angle,1780512962267143557,-2.0299999713897705,0,0.010000009089708328
angle,1780512962277143527,-2.0299999713897705,0,0.009999947622418404
angle,1780512962287144079,-2.0299999713897705,0,0.009999995119869709
angle,1780512962297143863,-2.0299999713897705,0,0.009999898262321949
angle,1780512962307144111,-2.0299999713897705,0,0.009999999776482582
angle,1780512962317144400,-2.0299999713897705,0,0.009999938309192657
angle,1780512962327144465,-2.0299999713897705,0,0.009999978356063366
angle,1780512962337144539,-2.0299999713897705,0,0.009999938309192657
angle,1780512962347144771,-2.0299999713897705,0,0.009999950416386127
angle,1780512962357144957,-2.0299999713897705,0,0.009999946691095829
angle,1780512962367145523,-2.0299999713897705,0,0.009999984875321388
angle,1780512962377145789,-2.0299999713897705,0,0.009999986737966537
angle,1780512962387146051,-2.0299999713897705,0,0.009999955072999
angle,1780512962397146097,-2.0299999713897705,0,0.009999891743063927
angle,1780512962407146217,-2.0299999713897705,0,0.009999951347708702
angle,1780512962417146241,-2.0299999713897705,0,0.009999952279031277
angle,1780512962427146485,-2.0299999713897705,0,0.009999942034482956
angle,1780512962437146944,-2.0299999713897705,0,0.009999998845160007
angle,1780512962447147239,-2.0299999713897705,0,0.009999961592257023
angle,1780512962457147501,-2.0299999713897705,0,0.009999946691095829
angle,1780512962467147809,-2.0299999713897705,0,0.00999999139457941
angle,1780512962477148197,-2.0299999713897705,0,0.009999988600611687
angle,1780512962487148482,-2.0299999713897705,0,0.009999921545386314
angle,1780512962497151053,-2.0299999713897705,0,0.010000168345868587
angle,1780512962507150775,-2.0299999713897705,0,0.009999849833548069
angle,1780512962517149151,-2.0299999713897705,0,0.009999880567193031
angle,1780512962527149308,-2.0299999713897705,0,0.009999940171837807
angle,1780512962537149421,-2.0299999713897705,0,0.009999990463256836
angle,1780512962547149835,-2.0299999713897705,0,0.009999986737966537
angle,1780512962557150019,-2.0299999713897705,0,0.009999970905482769
angle,1780512962567152971,-2.0299999713897705,0,0.009999950416386127
angle,1780512962577153049,-2.0299999713897705,0,0.00999991875141859
angle,1780512962587152611,-2.0299999713897705,0,0.009999886155128479
angle,1780512962597151330,-2.0299999713897705,0,0.009999905712902546
angle,1780512962607151369,-2.0299999713897705,0,0.009999971836805344
angle,1780512962617151568,-2.0299999713897705,0,0.009999994188547134
angle,1780512962627151817,-2.0299999713897705,0,0.009999955072999
angle,1780512962637152124,-2.0299999713897705,0,0.009999984875321388
angle,1780512962647152328,-2.0299999713897705,0,0.009999975562095642
angle,1780512962657152472,-2.0299999713897705,0,0.009999974630773067
angle,1780512962667153046,-2.0299999713897705,0,0.00999996904283762
angle,1780512962677153049,-2.0299999713897705,0,0.00999997928738594
angle,1780512962687153128,-2.0299999713897705,0,0.009999996982514858
angle,1780512962697153779,-2.0299999713897705,0,0.009999941103160381
angle,1780512962707153882,-2.0299999713897705,0,0.00999988242983818
angle,1780512962717153968,-2.0299999713897705,0,0.009999947622418404
angle,1780512962727154510,-2.0299999713897705,0,0.009999969974160194
angle,1780512962737154596,-2.0299999713897705,0,0.009999968111515045
angle,1780512962747154669,-2.0299999713897705,0,0.010000000707805157
angle,1780512962757156019,-2.0299999713897705,0,0.009999986737966537
angle,1780512962767155594,-2.0299999713897705,0,0.009999943897128105
angle,1780512962777155469,-2.0299999713897705,0,0.009999966248869896
angle,1780512962787156046,-2.0299999713897705,0,0.009999987669289112
angle,1780512962797155868,-2.0299999713897705,0,0.009999980218708515
angle,1780512962807156275,-2.0299999713897705,0,0.00999996718019247
angle,1780512962817156696,-2.0299999713897705,0,0.00999999325722456
angle,1780512962827156730,-2.0299999713897705,0,0.009999936446547508
angle,1780512962837156849,-2.0299999713897705,0,0.009999948553740978
angle,1780512962847156944,-2.0299999713897705,0,0.00999998115003109
angle,1780512962857157519,-2.0299999713897705,0,0.009999936446547508
angle,1780512962867157842,-2.0299999713897705,0,0.009999938309192657
angle,1780512962877158206,-2.0299999713897705,0,0.009999975562095642
angle,1780512962887158448,-2.0299999713897705,0,0.009999952279031277
angle,1780512962897159088,-2.0299999713897705,0,0.009999942034482956
angle,1780512962907158555,-2.0299999713897705,0,0.00999994296580553
angle,1780512962917158899,-2.0299999713897705,0,0.009999971836805344
angle,1780512962927161016,-2.0299999713897705,0,0.009999946691095829
angle,1780512962937159608,-2.0299999713897705,0,0.009999904781579971
angle,1780512962947159504,-2.0299999713897705,0,0.009999936446547508
angle,1780512962958717490,-2.0299999713897705,0,0.011557204648852348
angle,1780512962968717896,-2.0299999713897705,0,0.009999919682741165
angle,1780512962978718011,-2.0299999713897705,0,0.009999980218708515
angle,1780512962988718146,-2.0299999713897705,0,0.009999984875321388
angle,1780512962998718481,-2.0299999713897705,0,0.01000000536441803
angle,1780512963008718916,-2.0299999713897705,0,0.010000007227063179
angle,1780512963018718805,-2.0299999713897705,0,0.009999983012676239
angle,1780512963028719457,-2.0299999713897705,0,0.009999998845160007
angle,1780512963038719360,-2.0299999713897705,0,0.00999999325722456
angle,1780512963048719705,-2.0299999713897705,0,0.010000007227063179
angle,1780512963058720060,-2.0299999713897705,0,0.009999969974160194
angle,1780512963068720270,-2.0299999713897705,0,0.009999995119869709
angle,1780512963078720441,-2.0299999713897705,0,0.00999998115003109
angle,1780512963088720752,-2.0299999713897705,0,0.00999999325722456
angle,1780512963098721190,-2.0299999713897705,0,0.009999946691095829
angle,1780512963108721173,-2.0299999713897705,0,0.009999973699450493
angle,1780512963118721589,-2.0299999713897705,0,0.010000007227063179
angle,1780512963128721673,-2.0299999713897705,0,0.010000006295740604
angle,1780512963138721858,-2.0299999713897705,0,0.00999996718019247
angle,1780512963148722062,-2.0299999713897705,0,0.009999946691095829
angle,1780512963158722526,-2.0299999713897705,0,0.00999998115003109
angle,1780512963168723009,-2.0299999713897705,0,0.009999961592257023
angle,1780512963178723110,-2.0299999713897705,0,0.009999986737966537
angle,1780512963188723728,-2.0299999713897705,0,0.00999994482845068
angle,1780512963198723729,-2.0299999713897705,0,0.009999911300837994
angle,1780512963208724112,-2.0299999713897705,0,0.00999999325722456
angle,1780512963218724587,-2.0299999713897705,0,0.009999946691095829
angle,1780512963228724308,-2.0299999713897705,0,0.009999928995966911
angle,1780512963238724585,-2.0299999713897705,0,0.009999952279031277
angle,1780512963248725009,-2.0299999713897705,0,0.009999996982514858
angle,1780512963258725423,-2.0299999713897705,0,0.009999998845160007
angle,1780512963268725877,-2.0299999713897705,0,0.009999975562095642
angle,1780512963278725966,-2.0299999713897705,0,0.010000001639127731
angle,1780512963288726540,-2.0299999713897705,0,0.00999995693564415
angle,1780512963298726476,-2.0299999713897705,0,0.009999849833548069
angle,1780512963308726604,-2.0299999713897705,0,0.009999938309192657
angle,1780512963318726779,-2.0299999713897705,0,0.009999972768127918
angle,1780512963328727041,-2.0299999713897705,0,0.009999940171837807
angle,1780512963338727355,-2.0299999713897705,0,0.010000008158385754
angle,1780512963348727613,-2.0299999713897705,0,0.009999995119869709
angle,1780512963358728136,-2.0299999713897705,0,0.009999978356063366
angle,1780512963368728492,-2.0299999713897705,0,0.010000001639127731
angle,1780512963378728458,-2.0299999713897705,0,0.009999875910580158
angle,1780512963388729003,-2.0299999713897705,0,0.009999957866966724
angle,1780512963398728929,-2.0299999713897705,0,0.009999875910580158
angle,1780512963408728975,-2.0299999713897705,0,0.009999961592257023
angle,1780512963418729282,-2.0299999713897705,0,0.00999996718019247
angle,1780512963428729645,-2.0299999713897705,0,0.009999995119869709
angle,1780512963438730011,-2.0299999713897705,0,0.010000010952353477
angle,1780512963448730266,-2.0299999713897705,0,0.009999946691095829
angle,1780512963458730676,-2.0299999713897705,0,0.00999999139457941
angle,1780512963468731042,-2.0299999713897705,0,0.009999985806643963
angle,1780512963478731426,-2.0299999713897705,0,0.009999911300837994
angle,1780512963488731553,-2.0299999713897705,0,0.009999994188547134
angle,1780512963498733213,-2.0299999713897705,0,0.00999991875141859
angle,1780512963508731943,-2.0299999713897705,0,0.009999902918934822
angle,1780512963518732204,-2.0299999713897705,0,0.009999951347708702
angle,1780512963528732474,-2.0299999713897705,0,0.010000002570450306
angle,1780512963538732703,-2.0299999713897705,0,0.00999999325722456
angle,1780512963548732890,-2.0299999713897705,0,0.009999964386224747
angle,1780512963558733136,-2.0299999713897705,0,0.009999968111515045
angle,1780512963568733664,-2.0299999713897705,0,0.00999996718019247
angle,1780512963578734201,-2.0299999713897705,0,0.00999999325722456
angle,1780512963588734443,-2.0299999713897705,0,0.009999912232160568
angle,1780512963598734102,-2.0299999713897705,0,0.009999497793614864
angle,1780512963608734265,-2.0299999713897705,0,0.009999980218708515
angle,1780512963618734805,-2.0299999713897705,0,0.009999999776482582
angle,1780512963628734688,-2.0299999713897705,0,0.009999955072999
angle,1780512963638734946,-2.0299999713897705,0,0.009999972768127918
angle,1780512963648735202,-2.0299999713897705,0,0.009999955072999
angle,1780512963658735339,-2.0299999713897705,0,0.009999999776482582
angle,1780512963668735747,-2.0299999713897705,0,0.009999998845160007
angle,1780512963678736122,-2.0299999713897705,0,0.009999964386224747
angle,1780512963688736438,-2.0299999713897705,0,0.009999975562095642
angle,1780512963698736434,-2.0299999713897705,0,0.009999927133321762
angle,1780512963708736856,-2.0299999713897705,0,0.010000001639127731
angle,1780512963718736901,-2.0299999713897705,0,0.00999998115003109
angle,1780512963728737023,-2.0299999713897705,0,0.009999986737966537
angle,1780512963738737293,-2.0299999713897705,0,0.009999987669289112
angle,1780512963748737803,-2.0299999713897705,0,0.009999970905482769
angle,1780512963758738015,-2.0299999713897705,0,0.009999983943998814
angle,1780512963768738296,-2.0299999713897705,0,0.00999999325722456
angle,1780512963778738681,-2.0299999713897705,0,0.009999956004321575
angle,1780512963788740587,-2.0299999713897705,0,0.009999938309192657
angle,1780512963798740819,-2.0299999713897705,0,0.009999938309192657
angle,1780512963810783852,-2.0299999713897705,0,0.012041854672133923
angle,1780512963820783031,-2.0299999713897705,0,0.00999985821545124
angle,1780512963830782614,-2.0299999713897705,0,0.009999961592257023
angle,1780512963840783190,-2.0299999713897705,0,0.009999977424740791
angle,1780512963850783014,-2.0299999713897705,0,0.009999978356063366
angle,1780512963860783390,-2.0299999713897705,0,0.010000008158385754
angle,1780512963870783778,-2.0299999713897705,0,0.009999980218708515
angle,1780512963880784116,-2.0299999713897705,0,0.009999919682741165
angle,1780512963890785121,-2.0299999713897705,0,0.009999983943998814
angle,1780512963900784468,-2.0299999713897705,0,0.009999880567193031
angle,1780512963910784585,-2.0299999713897705,0,0.00999994296580553
angle,1780512963920784887,-2.0299999713897705,0,0.009999964386224747
angle,1780512963930787582,-2.0299999713897705,0,0.00999999325722456
angle,1780512963940786773,-2.0299999713897705,0,0.009999865666031837
angle,1780512963950785715,-2.0299999713897705,0,0.009999893605709076
angle,1780512963960785929,-2.0299999713897705,0,0.009999941103160381
angle,1780512963970786517,-2.0299999713897705,0,0.009999941103160381
angle,1780512963980787267,-2.0299999713897705,0,0.009999873116612434
angle,1780512963990786471,-2.0299999713897705,0,0.009999914094805717
angle,1780512964000787024,-2.0299999713897705,0,0.009999994188547134
angle,1780512964010787125,-2.0299999713897705,0,0.009999929927289486
angle,1780512964020786993,-2.0299999713897705,0,0.009999939240515232
angle,1780512964030787413,-2.0299999713897705,0,0.009999982081353664
angle,1780512964040787557,-2.0299999713897705,0,0.009999975562095642
angle,1780512964050787703,-2.0299999713897705,0,0.00999995693564415
angle,1780512964060788314,-2.0299999713897705,0,0.009999963454902172
angle,1780512964070788215,-2.0299999713897705,0,0.009999968111515045
angle,1780512964080788553,-2.0299999713897705,0,0.010000011883676052
angle,1780512964090789164,-2.0299999713897705,0,0.009999889880418777
angle,1780512964100788942,-2.0299999713897705,0,0.00999996904283762
angle,1780512964110789066,-2.0299999713897705,0,0.01000000536441803
angle,1780512964120789244,-2.0299999713897705,0,0.009999974630773067
angle,1780512964130789548,-2.0299999713897705,0,0.010000006295740604
angle,1780512964140789772,-2.0299999713897705,0,0.00999998115003109
angle,1780512964150790786,-2.0299999713897705,0,0.009999974630773067
angle,1780512964160790199,-2.0299999713897705,0,0.009999865666031837
angle,1780512964170790584,-2.0299999713897705,0,0.009999963454902172
angle,1780512964180791123,-2.0299999713897705,0,0.009999964386224747
angle,1780512964190791229,-2.0299999713897705,0,0.009999955072999
angle,1780512964200791214,-2.0299999713897705,0,0.00999987218528986
angle,1780512964210791551,-2.0299999713897705,0,0.009999982081353664
angle,1780512964220792007,-2.0299999713897705,0,0.009999937377870083
angle,1780512964230792225,-2.0299999713897705,0,0.010000009089708328
angle,1780512964240792489,-2.0299999713897705,0,0.009999911300837994
angle,1780512964250792664,-2.0299999713897705,0,0.009999970905482769
angle,1780512964260792896,-2.0299999713897705,0,0.009999985806643963
angle,1780512964270793346,-2.0299999713897705,0,0.009999957866966724
angle,1780512964280793484,-2.0299999713897705,0,0.009999994188547134
angle,1780512964290793834,-2.0299999713897705,0,0.009999999776482582
angle,1780512964300793805,-2.0299999713897705,0,0.01000000536441803
angle,1780512964310794385,-2.0299999713897705,0,0.009999988600611687
angle,1780512964320794643,-2.0299999713897705,0,0.010000006295740604
angle,1780512964330794777,-2.0299999713897705,0,0.009999970905482769
angle,1780512964340794999,-2.0299999713897705,0,0.009999969974160194
angle,1780512964350795168,-2.0299999713897705,0,0.009999943897128105
angle,1780512964360795659,-2.0299999713897705,0,0.009999975562095642
angle,1780512964370795963,-2.0299999713897705,0,0.009999940171837807
angle,1780512964380796197,-2.0299999713897705,0,0.009999945759773254
angle,1780512964390796407,-2.0299999713897705,0,0.009999984875321388
angle,1780512964400796374,-2.0299999713897705,0,0.00999999325722456
angle,1780512964410796683,-2.0299999713897705,0,0.009999970905482769
angle,1780512964420796765,-2.0299999713897705,0,0.009999974630773067
angle,1780512964430797235,-2.0299999713897705,0,0.009999943897128105
angle,1780512964440797635,-2.0299999713897705,0,0.009999977424740791
angle,1780512964450797475,-2.0299999713897705,0,0.00999995693564415
angle,1780512964460797743,-2.0299999713897705,0,0.009999953210353851
angle,1780512964470797861,-2.0299999713897705,0,0.009999974630773067
angle,1780512964480798253,-2.0299999713897705,0,0.01000000536441803
angle,1780512964490798556,-2.0299999713897705,0,0.009999995119869709
angle,1780512964500798411,-2.0299999713897705,0,0.009999958798289299
angle,1780512964510799320,-2.0299999713897705,0,0.00999999139457941
angle,1780512964520799301,-2.0299999713897705,0,0.009999877773225307
angle,1780512964530799981,-2.0299999713897705,0,0.009999977424740791
angle,1780512964540799299,-2.0299999713897705,0,0.009999876841902733
angle,1780512964550799794,-2.0299999713897705,0,0.01000000536441803
angle,1780512964560799948,-2.0299999713897705,0,0.00999996904283762
angle,1780512964570800380,-2.0299999713897705,0,0.009999933652579784
angle,1780512964580800558,-2.0299999713897705,0,0.009999947622418404
angle,1780512964590800722,-2.0299999713897705,0,0.009999873116612434
angle,1780512964600802792,-2.0299999713897705,0,0.010000052861869335
angle,1780512964610801307,-2.0299999713897705,0,0.009999905712902546
angle,1780512964620801351,-2.0299999713897705,0,0.009999947622418404
angle,1780512964630801556,-2.0299999713897705,0,0.009999954141676426
angle,1780512964640801831,-2.0299999713897705,0,0.009999974630773067
angle,1780512964650802194,-2.0299999713897705,0,0.009999964386224747
angle,1780512964660802435,-2.0299999713897705,0,0.009999973699450493
angle,1780512964670802460,-2.0299999713897705,0,0.00999996718019247
angle,1780512964680803080,-2.0299999713897705,0,0.009999938309192657
angle,1780512964690803328,-2.0299999713897705,0,0.009999878704547882
angle,1780512964700803145,-2.0299999713897705,0,0.009999983943998814
angle,1780512964710803450,-2.0299999713897705,0,0.009999988600611687
angle,1780512964720804238,-2.0299999713897705,0,0.01000003982335329
angle,1780512964730803990,-2.0299999713897705,0,0.009999883361160755
angle,1780512964740804566,-2.0299999713897705,0,0.009999983012676239
angle,1780512964750805216,-2.0299999713897705,0,0.009999941103160381
angle,1780512964760805360,-2.0299999713897705,0,0.009999874979257584
angle,1780512964770805068,-2.0299999713897705,0,0.00999993272125721
angle,1780512964780805766,-2.0299999713897705,0,0.009999959729611874
angle,1780512964790805778,-2.0299999713897705,0,0.009999938309192657
angle,1780512964800806036,-2.0299999713897705,0,0.009999990463256836
angle,1780512964810806028,-2.0299999713897705,0,0.009999996982514858
angle,1780512964820806359,-2.0299999713897705,0,0.009999956004321575
angle,1780512964830806565,-2.0299999713897705,0,0.009999952279031277
angle,1780512964840806742,-2.0299999713897705,0,0.009999954141676426
angle,1780512964850807340,-2.0299999713897705,0,0.009999946691095829
angle,1780512964860807307,-2.0299999713897705,0,0.010000000707805157
angle,1780512964870807854,-2.0299999713897705,0,0.00999995693564415
angle,1780512964880807962,-2.0299999713897705,0,0.009999948553740978
angle,1780512964890808521,-2.0299999713897705,0,0.009999941103160381
angle,1780512964900808245,-2.0299999713897705,0,0.00999993085861206
angle,1780512964910808708,-2.0299999713897705,0,0.009999936446547508
angle,1780512964920809250,-2.0299999713897705,0,0.009999955072999
angle,1780512964930810831,-2.0299999713897705,0,0.009999953210353851
angle,1780512964940809505,-2.0299999713897705,0,0.009999923408031464
angle,1780512964950809608,-2.0299999713897705,0,0.00999995693564415
angle,1780512964960810386,-2.0299999713897705,0,0.009999937377870083
angle,1780512964970810778,-2.0299999713897705,0,0.009999977424740791
angle,1780512964980810393,-2.0299999713897705,0,0.00999990664422512
angle,1780512964990810808,-2.0299999713897705,0,0.009999937377870083
angle,1780512965000810904,-2.0299999713897705,0,0.009999951347708702
angle,1780512965010811699,-2.0299999713897705,0,0.009999986737966537
angle,1780512965020811401,-2.0299999713897705,0,0.009999994188547134
angle,1780512965030811587,-2.0299999713897705,0,0.009999939240515232
angle,1780512965040811780,-2.0299999713897705,0,0.009999950416386127
angle,1780512965050812302,-2.0299999713897705,0,0.009999999776482582
angle,1780512965060812474,-2.0299999713897705,0,0.00999995693564415
angle,1780512965070812497,-2.0299999713897705,0,0.009999970905482769
angle,1780512965080812814,-2.0299999713897705,0,0.009999978356063366
angle,1780512965090812882,-2.0299999713897705,0,0.009999926201999187
angle,1780512965100813232,-2.0299999713897705,0,0.00999999325722456
angle,1780512965110813769,-2.0299999713897705,0,0.010000002570450306
angle,1780512965120813622,-2.0299999713897705,0,0.009999953210353851
angle,1780512965130813931,-2.0299999713897705,0,0.009999977424740791
angle,1780512965140814184,-2.0299999713897705,0,0.00999994296580553
angle,1780512965150814375,-2.0299999713897705,0,0.009999992325901985
angle,1780512965160814640,-2.0299999713897705,0,0.009999983012676239
angle,1780512965170815299,-2.0299999713897705,0,0.009999973699450493
angle,1780512965180815110,-2.0299999713897705,0,0.009999994188547134
angle,1780512965190815447,-2.0299999713897705,0,0.009999974630773067
angle,1780512965200815596,-2.0299999713897705,0,0.009999987669289112
angle,1780512965210815945,-2.0299999713897705,0,0.009999978356063366
angle,1780512965220816320,-2.0299999713897705,0,0.010000000707805157
angle,1780512965230816394,-2.0299999713897705,0,0.009999999776482582
angle,1780512965240816766,-2.0299999713897705,0,0.009999947622418404
angle,1780512965250816776,-2.0299999713897705,0,0.009999961592257023
angle,1780512965260816978,-2.0299999713897705,0,0.009999957866966724
angle,1780512965270817349,-2.0299999713897705,0,0.009999987669289112
angle,1780512965280817481,-2.0299999713897705,0,0.009999955072999
angle,1780512965290818242,-2.0299999713897705,0,0.010000001639127731
angle,1780512965300817985,-2.0299999713897705,0,0.009999912232160568
angle,1780512965310818436,-2.0299999713897705,0,0.009999986737966537
angle,1780512965320818407,-2.0299999713897705,0,0.010000001639127731
angle,1780512965330818689,-2.0299999713897705,0,0.009999972768127918
angle,1780512965340819025,-2.0299999713897705,0,0.010000007227063179
angle,1780512965350819337,-2.0299999713897705,0,0.009999953210353851
angle,1780512965360819753,-2.0299999713897705,0,0.009999998845160007
angle,1780512965370820070,-2.0299999713897705,0,0.00999997928738594
angle,1780512965380820447,-2.0299999713897705,0,0.009999954141676426
angle,1780512965390820676,-2.0299999713897705,0,0.009999964386224747
angle,1780512965400820889,-2.0299999713897705,0,0.009999975562095642
angle,1780512965410820837,-2.0299999713897705,0,0.009999926201999187
angle,1780512965420821007,-2.0299999713897705,0,0.009999970905482769
angle,1780512965430821285,-2.0299999713897705,0,0.009999959729611874
angle,1780512965440821671,-2.0299999713897705,0,0.009999948553740978
angle,1780512965450821986,-2.0299999713897705,0,0.009999953210353851
angle,1780512965460822181,-2.0299999713897705,0,0.009999998845160007
angle,1780512965470822598,-2.0299999713897705,0,0.009999992325901985
angle,1780512965480822665,-2.0299999713897705,0,0.009999990463256836
angle,1780512965490825546,-2.0299999713897705,0,0.009999974630773067
angle,1780512965500824947,-2.0299999713897705,0,0.009999866597354412
angle,1780512965510823477,-2.0299999713897705,0,0.009999931789934635
angle,1780512965520823800,-2.0299999713897705,0,0.00999994482845068
angle,1780512965530824371,-2.0299999713897705,0,0.009999984875321388
angle,1780512965540824304,-2.0299999713897705,0,0.009999950416386127
angle,1780512965550824300,-2.0299999713897705,0,0.009999978356063366
angle,1780512965560824612,-2.0299999713897705,0,0.00999997928738594
angle,1780512965570825000,-2.0299999713897705,0,0.009999939240515232
angle,1780512965580825145,-2.0299999713897705,0,0.009999992325901985
angle,1780512965590825684,-2.0299999713897705,0,0.009999997913837433
angle,1780512965600826134,-2.0299999713897705,0,0.009999977424740791
angle,1780512965610825936,-2.0299999713897705,0,0.009999901987612247
angle,1780512965620826201,-2.0299999713897705,0,0.010000002570450306
angle,1780512965630826417,-2.0299999713897705,0,0.00999999325722456
angle,1780512965640826851,-2.0299999713897705,0,0.009999974630773067
angle,1780512965650827166,-2.0299999713897705,0,0.009999939240515232
angle,1780512965660827361,-2.0299999713897705,0,0.009999911300837994
angle,1780512965670827857,-2.0299999713897705,0,0.010000009089708328
angle,1780512965680827636,-2.0299999713897705,0,0.009999971836805344
angle,1780512965690828108,-2.0299999713897705,0,0.009999977424740791
angle,1780512965700829858,-2.0299999713897705,0,0.010000050999224186
angle,1780512965710828410,-2.0299999713897705,0,0.009999833069741726
angle,1780512965720828642,-2.0299999713897705,0,0.009999938309192657
angle,1780512965730829107,-2.0299999713897705,0,0.00999996718019247
angle,1780512965740829225,-2.0299999713897705,0,0.00999996904283762
angle,1780512965750830340,-2.0299999713897705,0,0.009999936446547508
angle,1780512965760830295,-2.0299999713897705,0,0.009999929927289486
angle,1780512965770829986,-2.0299999713897705,0,0.009999953210353851
angle,1780512965780830032,-2.0299999713897705,0,0.009999937377870083
angle,1780512965790830907,-2.0299999713897705,0,0.009999960660934448
angle,1780512965800830822,-2.0299999713897705,0,0.009999996051192284
angle,1780512965810830789,-2.0299999713897705,0,0.009999975562095642
angle,1780512965820831235,-2.0299999713897705,0,0.009999983943998814
angle,1780512965830832730,-2.0299999713897705,0,0.010000025853514671
angle,1780512965840831616,-2.0299999713897705,0,0.009999916888773441
angle,1780512965850831904,-2.0299999713897705,0,0.010000001639127731
angle,1780512965860832425,-2.0299999713897705,0,0.00999996718019247
angle,1780512965870832950,-2.0299999713897705,0,0.010000006295740604
angle,1780512965880833336,-2.0299999713897705,0,0.00999995693564415
angle,1780512965890833909,-2.0299999713897705,0,0.009999939240515232
angle,1780512965900833968,-2.0299999713897705,0,0.009999983943998814
angle,1780512965910833806,-2.0299999713897705,0,0.009999996982514858
angle,1780512965920833971,-2.0299999713897705,0,0.009999972768127918
angle,1780512965930836197,-2.0299999713897705,0,0.009999973699450493
angle,1780512965940834733,-2.0299999713897705,0,0.00999991875141859
angle,1780512965950835009,-2.0299999713897705,0,0.009999966248869896
angle,1780512965960835269,-2.0299999713897705,0,0.009999970905482769
angle,1780512965970837580,-2.0299999713897705,0,0.009999982081353664
angle,1780512965980835883,-2.0299999713897705,0,0.00999988429248333
angle,1780512965990836250,-2.0299999713897705,0,0.00999996718019247
angle,1780512966000836729,-2.0299999713897705,0,0.009999998845160007
angle,1780512966010836806,-2.0299999713897705,0,0.009999913163483143
angle,1780512966020836864,-2.0299999713897705,0,0.009999936446547508
angle,1780512966030837085,-2.0299999713897705,0,0.009999996051192284
angle,1780512966040837486,-2.0299999713897705,0,0.009999986737966537
angle,1780512966050838147,-2.0299999713897705,0,0.009999961592257023
angle,1780512966060838026,-2.0299999713897705,0,0.009999968111515045
angle,1780512966070838032,-2.0299999713897705,0,0.009999954141676426
angle,1780512966080838285,-2.0299999713897705,0,0.009999971836805344
angle,1780512966090839112,-2.0299999713897705,0,0.009999964386224747
angle,1780512966100838917,-2.0299999713897705,0,0.00999987032264471
angle,1780512966110839045,-2.0299999713897705,0,0.009999960660934448
angle,1780512966120839242,-2.0299999713897705,0,0.009999965317547321
angle,1780512966130839412,-2.0299999713897705,0,0.009999943897128105
angle,1780512966140839738,-2.0299999713897705,0,0.009999952279031277
angle,1780512966150839910,-2.0299999713897705,0,0.009999940171837807
angle,1780512966160840142,-2.0299999713897705,0,0.009999968111515045
angle,1780512966170840323,-2.0299999713897705,0,0.00999994482845068
angle,1780512966180840830,-2.0299999713897705,0,0.009999971836805344
angle,1780512966190840968,-2.0299999713897705,0,0.009999971836805344
angle,1780512966200841005,-2.0299999713897705,0,0.009999938309192657
angle,1780512966210841065,-2.0299999713897705,0,0.009999988600611687
angle,1780512966220842013,-2.0299999713897705,0,0.00999995693564415
angle,1780512966230842001,-2.0299999713897705,0,0.01000002957880497
angle,1780512966240842052,-2.0299999713897705,0,0.009999900124967098
angle,1780512966250842492,-2.0299999713897705,0,0.009999985806643963
angle,1780512966260842815,-2.0299999713897705,0,0.009999933652579784
angle,1780512966270842988,-2.0299999713897705,0,0.009999942034482956
angle,1780512966280843181,-2.0299999713897705,0,0.009999980218708515
angle,1780512966290843336,-2.0299999713897705,0,0.00999998115003109
angle,1780512966300843676,-2.0299999713897705,0,0.009999865666031837
angle,1780512966310843619,-2.0299999713897705,0,0.010000002570450306
angle,1780512966320843867,-2.0299999713897705,0,0.009999954141676426
angle,1780512966330844403,-2.0299999713897705,0,0.009999985806643963
angle,1780512966340844426,-2.0299999713897705,0,0.009999998845160007
angle,1780512966350844998,-2.0299999713897705,0,0.01000000536441803
angle,1780512966360845118,-2.0299999713897705,0,0.010000006295740604
angle,1780512966370845260,-2.0299999713897705,0,0.009999988600611687
angle,1780512966380845447,-2.0299999713897705,0,0.00999997928738594
angle,1780512966390846546,-2.0299999713897705,0,0.009999984875321388
angle,1780512966400845862,-2.0299999713897705,0,0.009999923408031464
angle,1780512966410846210,-2.0299999713897705,0,0.009999985806643963
angle,1780512966420846237,-2.0299999713897705,0,0.009999936446547508
angle,1780512966430846505,-2.0299999713897705,0,0.009999952279031277
angle,1780512966440847941,-2.0299999713897705,0,0.009999942034482956
angle,1780512966450847112,-2.0299999713897705,0,0.009999926201999187
angle,1780512966460847247,-2.0299999713897705,0,0.00999995693564415
angle,1780512966470847564,-2.0299999713897705,0,0.00999993272125721
angle,1780512966480847601,-2.0299999713897705,0,0.010000001639127731
angle,1780512966490848195,-2.0299999713897705,0,0.009999986737966537
angle,1780512966500848076,-2.0299999713897705,0,0.009999969974160194
angle,1780512966510848270,-2.0299999713897705,0,0.009999992325901985
angle,1780512966520848778,-2.0299999713897705,0,0.009999961592257023
angle,1780512966530849051,-2.0299999713897705,0,0.009999990463256836
angle,1780512966540849321,-2.0299999713897705,0,0.009999950416386127
angle,1780512966550849538,-2.0299999713897705,0,0.00999994482845068
angle,1780512966560849870,-2.0299999713897705,0,0.009999997913837433
angle,1780512966570850065,-2.0299999713897705,0,0.009999983012676239
angle,1780512966580850155,-2.0299999713897705,0,0.00999996718019247
angle,1780512966590850894,-2.0299999713897705,0,0.009999960660934448
angle,1780512966600850799,-2.0299999713897705,0,0.009999901056289673
angle,1780512966610851217,-2.0299999713897705,0,0.009999952279031277
angle,1780512966620851211,-2.0299999713897705,0,0.00999992061406374
angle,1780512966630851460,-2.0299999713897705,0,0.009999974630773067
angle,1780512966640851700,-2.0299999713897705,0,0.009999999776482582
angle,1780512966650851954,-2.0299999713897705,0,0.009999957866966724
angle,1780512966660852190,-2.0299999713897705,0,0.009999940171837807
angle,1780512966670853393,-2.0299999713897705,0,0.009999950416386127
angle,1780512966680852648,-2.0299999713897705,0,0.009999939240515232
angle,1780512966690852858,-2.0299999713897705,0,0.009999968111515045
angle,1780512966700854739,-2.0299999713897705,0,0.009999955072999
angle,1780512966710854803,-2.0299999713897705,0,0.009999928064644337
angle,1780512966720853657,-2.0299999713897705,0,0.009999903850257397
angle,1780512966730853674,-2.0299999713897705,0,0.009999901987612247
angle,1780512966740854332,-2.0299999713897705,0,0.009999975562095642
angle,1780512966750854113,-2.0299999713897705,0,0.009999977424740791
angle,1780512966760854407,-2.0299999713897705,0,0.009999974630773067
angle,1780512966770854942,-2.0299999713897705,0,0.009999992325901985
angle,1780512966780854961,-2.0299999713897705,0,0.009999983012676239
angle,1780512966790855518,-2.0299999713897705,0,0.009999941103160381
angle,1780512966800855378,-2.0299999713897705,0,0.010000002570450306
angle,1780512966810855954,-2.0299999713897705,0,0.009999988600611687
angle,1780512966820856014,-2.0299999713897705,0,0.009999954141676426
angle,1780512966830856081,-2.0299999713897705,0,0.00999998115003109
angle,1780512966840856459,-2.0299999713897705,0,0.009999966248869896
angle,1780512966850856508,-2.0299999713897705,0,0.009999992325901985
angle,1780512966860856997,-2.0299999713897705,0,0.010000006295740604
angle,1780512966870857260,-2.0299999713897705,0,0.009999982081353664
angle,1780512966880857665,-2.0299999713897705,0,0.009999961592257023
angle,1780512966890858611,-2.0299999713897705,0,0.009999950416386127
angle,1780512966900858506,-2.0299999713897705,0,0.009999889880418777
angle,1780512966910858527,-2.0299999713897705,0,0.009999975562095642
angle,1780512966920858586,-2.0299999713897705,0,0.009999995119869709
angle,1780512966930860327,-2.0299999713897705,0,0.010000014677643776
angle,1780512966940859137,-2.0299999713897705,0,0.009999869391322136
angle,1780512966950859543,-2.0299999713897705,0,0.00999997928738594
angle,1780512966960859591,-2.0299999713897705,0,0.009999999776482582
angle,1780512966970859866,-2.0299999713897705,0,0.009999985806643963
angle,1780512966980860422,-2.0299999713897705,0,0.009999974630773067
angle,1780512966990860292,-2.0299999713897705,0,0.00999994296580553
angle,1780512967000860713,-2.0299999713897705,0,0.009999992325901985
angle,1780512967010860984,-2.0299999713897705,0,0.009999996051192284
angle,1780512967020861061,-2.0299999713897705,0,0.009999888017773628
angle,1780512967030862197,-2.0299999713897705,0,0.009999969974160194
angle,1780512967040863499,-2.0299999713897705,0,0.009999844245612621
angle,1780512967050864236,-2.0299999713897705,0,0.009999977424740791
angle,1780512967060864284,-2.0299999713897705,0,0.00999988242983818
angle,1780512967070864373,-2.0299999713897705,0,0.009999947622418404
