name,time,value,timeout,delta_time
angle,1780569749004198525,2.0299999713897705,0,0.009999965317547321
angle,1780569749014199394,2.0299999713897705,0,0.009999936446547508
angle,1780569749024199926,2.0299999713897705,0,0.009999929927289486
angle,1780569749034199715,2.0299999713897705,0,0.009999924339354038
angle,1780569749044200720,2.0299999713897705,0,0.009999950416386127
angle,1780569749054200294,2.0299999713897705,0,0.009999873116612434
angle,1780569749064200840,2.0299999713897705,0,0.009999898262321949
angle,1780569749074200545,2.0299999713897705,0,0.009999923408031464
angle,1780569749084201108,2.0299999713897705,0,0.00999992061406374
angle,1780569749094201442,2.0299999713897705,0,0.009999942034482956
angle,1780569749104201567,2.0299999713897705,0,0.009999873116612434
angle,1780569749114201788,2.0299999713897705,0,0.009999946691095829
angle,1780569749124202241,2.0299999713897705,0,0.009999891743063927
angle,1780569749134202041,2.0299999713897705,0,0.009999859146773815
angle,1780569749144202352,2.0299999713897705,0,0.009999899193644524
angle,1780569749154203321,2.0299999713897705,0,0.009999931789934635
angle,1780569749164202709,2.0299999713897705,0,0.009999892674386501
angle,1780569749174203170,2.0299999713897705,0,0.009999916888773441
angle,1780569749184203316,2.0299999713897705,0,0.009999844245612621
angle,1780569749194203610,2.0299999713897705,0,0.009999943897128105
angle,1780569749204203614,2.0299999713897705,0,0.009999925270676613
angle,1780569749214204209,2.0299999713897705,0,0.009999927133321762
angle,1780569749224204678,2.0299999713897705,0,0.009999940171837807
angle,1780569749234204741,2.0299999713897705,0,0.009999855421483517
angle,1780569749244204709,2.0299999713897705,0,0.009999904781579971
angle,1780569749254204884,2.0299999713897705,0,0.009999883361160755
angle,1780569749264206817,2.0299999713897705,0,0.00999996718019247
angle,1780569749274207624,2.0299999713897705,0,0.009999907575547695
angle,1780569749285306015,2.0299999713897705,0,0.011098546907305717
angle,1780569749295306545,2.0299999713897705,0,0.009999910369515419
angle,1780569749305305704,2.0299999713897705,0,0.009999803267419338
angle,1780569749315305903,2.0299999713897705,0,0.009999905712902546
angle,1780569749325305884,2.0299999713897705,0,0.0099998963996768
angle,1780569749335306633,2.0299999713897705,0,0.009999923408031464
angle,1780569749345306336,2.0299999713897705,0,0.009999879635870457
angle,1780569749355306798,2.0299999713897705,0,0.00999991875141859
angle,1780569749365307101,2.0299999713897705,0,0.009999859146773815
angle,1780569749375307348,2.0299999713897705,0,0.009999898262321949
angle,1780569749385307748,2.0299999713897705,0,0.009999891743063927
angle,1780569749395307538,2.0299999713897705,0,0.00999994482845068
angle,1780569749405307876,2.0299999713897705,0,0.009999919682741165
angle,1780569749415308219,2.0299999713897705,0,0.009999939240515232
angle,1780569749425308820,2.0299999713897705,0,0.009999874979257584
angle,1780569749435308854,2.0299999713897705,0,0.009999934583902359
angle,1780569749445308995,2.0299999713897705,0,0.009999901056289673
angle,1780569749455308951,2.0299999713897705,0,0.009999891743063927
angle,1780569749465309763,2.0299999713897705,0,0.009999916888773441
angle,1780569749475310073,2.0299999713897705,0,0.009999913163483143
angle,1780569749485310001,2.0299999713897705,0,0.009999863803386688
angle,1780569749495310370,2.0299999713897705,0,0.009999943897128105
angle,1780569749505310267,2.0299999713897705,0,0.009999874047935009
angle,1780569749515310333,2.0299999713897705,0,0.009999874979257584
angle,1780569749525311270,2.0299999713897705,0,0.009999940171837807
angle,1780569749535310924,2.0299999713897705,0,0.009999938309192657
angle,1780569749545310871,2.0299999713897705,0,0.009999975562095642
angle,1780569749555311563,2.0299999713897705,0,0.009999970905482769
angle,1780569749565311764,2.0299999713897705,0,0.009999845176935196
angle,1780569749575312007,2.0299999713897705,0,0.009999964386224747
angle,1780569749585311871,2.0299999713897705,0,0.009999845176935196
angle,1780569749595312259,2.0299999713897705,0,0.00999987218528986
angle,1780569749605312799,2.0299999713897705,0,0.009999927133321762
angle,1780569749615312556,2.0299999713897705,0,0.00999971479177475
angle,1780569749625312631,2.0299999713897705,0,0.009999875910580158
angle,1780569749635313015,2.0299999713897705,0,0.010000000707805157
angle,1780569749645313242,2.0299999713897705,0,0.009999913163483143
angle,1780569749655314056,2.0299999713897705,0,0.00999990664422512
angle,1780569749665313630,2.0299999713897705,0,0.009999843314290047
angle,1780569749675314108,2.0299999713897705,0,0.00999990664422512
angle,1780569749685314331,2.0299999713897705,0,0.00999989453703165
angle,1780569749695314721,2.0299999713897705,0,0.00999993272125721
angle,1780569749705315416,2.0299999713897705,0,0.009999974630773067
angle,1780569749715314832,2.0299999713897705,0,0.009999914094805717
angle,1780569749725315238,2.0299999713897705,0,0.009999921545386314
angle,1780569749735315503,2.0299999713897705,0,0.009999931789934635
angle,1780569749745315956,2.0299999713897705,0,0.009999904781579971
angle,1780569749755316290,2.0299999713897705,0,0.009999898262321949
angle,1780569749765316543,2.0299999713897705,0,0.009999913163483143
angle,1780569749775316382,2.0299999713897705,0,0.009999899193644524
angle,1780569749785317145,2.0299999713897705,0,0.00999991875141859
angle,1780569749795316909,2.0299999713897705,0,0.009999943897128105
angle,1780569749805317347,2.0299999713897705,0,0.009999948553740978
angle,1780569749815317469,2.0299999713897705,0,0.009999883361160755
angle,1780569749825317998,2.0299999713897705,0,0.010000011883676052
angle,1780569749835317585,2.0299999713897705,0,0.009999887086451054
angle,1780569749845318577,2.0299999713897705,0,0.009999913163483143
angle,1780569749855318669,2.0299999713897705,0,0.009999907575547695
angle,1780569749865319079,2.0299999713897705,0,0.009999862872064114
angle,1780569749875319534,2.0299999713897705,0,0.009999874979257584
angle,1780569749885319545,2.0299999713897705,0,0.009999907575547695
angle,1780569749895320091,2.0299999713897705,0,0.009999961592257023
angle,1780569749905320495,2.0299999713897705,0,0.009999898262321949
angle,1780569749915320297,2.0299999713897705,0,0.00999986007809639
angle,1780569749925320446,2.0299999713897705,0,0.00999993272125721
angle,1780569749935320536,2.0299999713897705,0,0.009999941103160381
angle,1780569749945321299,2.0299999713897705,0,0.009999971836805344
angle,1780569749955321796,2.0299999713897705,0,0.009999940171837807
angle,1780569749965321669,2.0299999713897705,0,0.009999904781579971
angle,1780569749975322953,2.0299999713897705,0,0.009999887086451054
angle,1780569749985322127,2.0299999713897705,0,0.009999861940741539
angle,1780569749995322601,2.0299999713897705,0,0.009999916888773441
angle,1780569750005323597,2.0299999713897705,0,0.009999909438192844
angle,1780569750015323380,2.0299999713897705,0,0.009999939240515232
angle,1780569750025323131,2.0299999713897705,0,0.009999838657677174
angle,1780569750035323462,2.0299999713897705,0,0.009999890811741352
angle,1780569750045324209,2.0299999713897705,0,0.00999993272125721
angle,1780569750055324074,2.0299999713897705,0,0.009999864734709263
angle,1780569750065324030,2.0299999713897705,0,0.009999905712902546
angle,1780569750075325135,2.0299999713897705,0,0.010000080801546574
angle,1780569750085326018,2.0299999713897705,0,0.009999961592257023
angle,1780569750095325334,2.0299999713897705,0,0.00999990664422512
angle,1780569750105325504,2.0299999713897705,0,0.009999975562095642
angle,1780569750115326593,2.0299999713897705,0,0.009999929927289486
angle,1780569750125326333,2.0299999713897705,0,0.009999898262321949
angle,1780569750135326990,2.0299999713897705,0,0.009999926201999187
angle,1780569750145326668,2.0299999713897705,0,0.009999862872064114
angle,1780569750155327433,2.0299999713897705,0,0.010000008158385754
angle,1780569750165328379,2.0299999713897705,0,0.009999921545386314
angle,1780569750175327993,2.0299999713897705,0,0.009999838657677174
angle,1780569750185328375,2.0299999713897705,0,0.009999883361160755
angle,1780569750195328676,2.0299999713897705,0,0.00999995693564415
angle,1780569750205328806,2.0299999713897705,0,0.00999993272125721
angle,1780569750215328515,2.0299999713897705,0,0.009999971836805344
angle,1780569750225329366,2.0299999713897705,0,0.009999975562095642
angle,1780569750235330001,2.0299999713897705,0,0.009999916888773441
angle,1780569750245329720,2.0299999713897705,0,0.009999874979257584
angle,1780569750255329970,2.0299999713897705,0,0.009999868459999561
angle,1780569750265330058,2.0299999713897705,0,0.009999871253967285
angle,1780569750275330756,2.0299999713897705,0,0.009999934583902359
angle,1780569750285331364,2.0299999713897705,0,0.009999888017773628
angle,1780569750295331143,2.0299999713897705,0,0.009999866597354412
angle,1780569750305331109,2.0299999713897705,0,0.009999956004321575
angle,1780569750315331386,2.0299999713897705,0,0.009999928995966911
angle,1780569750325332081,2.0299999713897705,0,0.009999995119869709
angle,1780569750335332770,2.0299999713897705,0,0.009999904781579971
angle,1780569750345332258,2.0299999713897705,0,0.009999929927289486
angle,1780569750355332737,2.0299999713897705,0,0.00999988429248333
angle,1780569750365333114,2.0299999713897705,0,0.00999989453703165
angle,1780569750375333295,2.0299999713897705,0,0.00999985821545124
angle,1780569750385333100,2.0299999713897705,0,0.009999978356063366
angle,1780569750395333630,2.0299999713897705,0,0.009999960660934448
angle,1780569750405333759,2.0299999713897705,0,0.009999928995966911
angle,1780569750415334564,2.0299999713897705,0,0.009999880567193031
angle,1780569750425335018,2.0299999713897705,0,0.009999892674386501
angle,1780569750435334864,2.0299999713897705,0,0.009999863803386688
angle,1780569750445335630,2.0299999713897705,0,0.009999929927289486
angle,1780569750455335954,2.0299999713897705,0,0.009999701753258705
angle,1780569750465335776,2.0299999713897705,0,0.009999540634453297
angle,1780569750475336627,2.0299999713897705,0,0.009999961592257023
angle,1780569750485336497,2.0299999713897705,0,0.009999910369515419
angle,1780569750495337184,2.0299999713897705,0,0.009999909438192844
angle,1780569750505337570,2.0299999713897705,0,0.009999849833548069
angle,1780569750515337588,2.0299999713897705,0,0.009999954141676426
angle,1780569750525337870,2.0299999713897705,0,0.009999911300837994
angle,1780569750535338166,2.0299999713897705,0,0.009999905712902546
angle,1780569750545338842,2.0299999713897705,0,0.009999878704547882
angle,1780569750555338689,2.0299999713897705,0,0.009999905712902546
angle,1780569750565338804,2.0299999713897705,0,0.00999998115003109
angle,1780569750575338943,2.0299999713897705,0,0.009999902918934822
angle,1780569750585339538,2.0299999713897705,0,0.010000021196901798
angle,1780569750595340184,2.0299999713897705,0,0.009999919682741165
angle,1780569750605340056,2.0299999713897705,0,0.00999985821545124
angle,1780569750615340493,2.0299999713897705,0,0.009999886155128479
angle,1780569750625340917,2.0299999713897705,0,0.009999939240515232
angle,1780569750635341308,2.0299999713897705,0,0.010000014677643776
angle,1780569750645341143,2.0299999713897705,0,0.009999562986195087
angle,1780569750655716143,2.0299999713897705,0,0.010374926961958408
angle,1780569750665717619,2.0299999713897705,0,0.01000007800757885
angle,1780569750675718137,2.0299999713897705,0,0.009999904781579971
angle,1780569750685718242,2.0299999713897705,0,0.009999948553740978
angle,1780569750695718382,2.0299999713897705,0,0.009999866597354412
angle,1780569750705718770,2.0299999713897705,0,0.009999955072999
angle,1780569750715718957,2.0299999713897705,0,0.009999891743063927
angle,1780569750725720130,2.0299999713897705,0,0.010000217705965042
angle,1780569750735719710,2.0299999713897705,0,0.009999904781579971
angle,1780569750745719919,2.0299999713897705,0,0.00999998115003109
angle,1780569750755720258,2.0299999713897705,0,0.009999849833548069
angle,1780569750765722494,2.0299999713897705,0,0.009999931789934635
angle,1780569750775721251,2.0299999713897705,0,0.009999885223805904
angle,1780569750785724567,2.0299999713897705,0,0.010003436356782913
angle,1780569750795724890,2.0299999713897705,0,0.009999890811741352
angle,1780569750805726064,2.0299999713897705,0,0.009999963454902172
angle,1780569750815725856,2.0299999713897705,0,0.009999886155128479
angle,1780569750825726380,2.0299999713897705,0,0.009999869391322136
angle,1780569750835726174,2.0299999713897705,0,0.009999891743063927
angle,1780569750845726895,2.0299999713897705,0,0.009999928995966911
angle,1780569750855727738,2.0299999713897705,0,0.009999909438192844
angle,1780569750865728256,2.0299999713897705,0,0.009999847039580345
angle,1780569750875727661,2.0299999713897705,0,0.009999887086451054
angle,1780569750885728285,2.0299999713897705,0,0.009999942034482956
angle,1780569750895729531,2.0299999713897705,0,0.009999897330999374
angle,1780569750905729318,2.0299999713897705,0,0.009999801404774189
angle,1780569750915729175,2.0299999713897705,0,0.00999988429248333
angle,1780569750925729113,2.0299999713897705,0,0.00999972689896822
angle,1780569750935729677,2.0299999713897705,0,0.009999928995966911
angle,1780569750945730422,2.0299999713897705,0,0.009999888949096203
angle,1780569750955730618,2.0299999713897705,0,0.00999994296580553
angle,1780569750965730185,2.0299999713897705,0,0.009999936446547508
angle,1780569750975730361,2.0299999713897705,0,0.009999956004321575
angle,1780569750985730906,2.0299999713897705,0,0.009999959729611874
angle,1780569750995732077,2.0299999713897705,0,0.009999960660934448
angle,1780569751005731538,2.0299999713897705,0,0.009999907575547695
angle,1780569751015732323,2.0299999713897705,0,0.00999996718019247
angle,1780569751025732360,2.0299999713897705,0,0.009999880567193031
angle,1780569751035732468,2.0299999713897705,0,0.009999925270676613
angle,1780569751045732864,2.0299999713897705,0,0.009999975562095642
angle,1780569751055733701,2.0299999713897705,0,0.009999905712902546
angle,1780569751065733473,2.0299999713897705,0,0.009999934583902359
angle,1780569751075733537,2.0299999713897705,0,0.009999929927289486
angle,1780569751085734147,2.0299999713897705,0,0.009999855421483517
angle,1780569751095734353,2.0299999713897705,0,0.00999989453703165
angle,1780569751105734399,2.0299999713897705,0,0.009999901987612247
angle,1780569751115734629,2.0299999713897705,0,0.009999902918934822
angle,1780569751125735160,2.0299999713897705,0,0.009999934583902359
angle,1780569751135737399,2.0299999713897705,0,0.010001620277762413
angle,1780569751145738892,2.0299999713897705,0,0.009999877773225307
angle,1780569751155739847,2.0299999713897705,0,0.00999988429248333
angle,1780569751165738376,2.0299999713897705,0,0.00999987218528986
angle,1780569751175738767,2.0299999713897705,0,0.009999941103160381
angle,1780569751185738659,2.0299999713897705,0,0.00999983586370945
angle,1780569751195739169,2.0299999713897705,0,0.009999955072999
angle,1780569751205739342,2.0299999713897705,0,0.009999869391322136
angle,1780569751215739464,2.0299999713897705,0,0.009999901987612247
angle,1780569751225740065,2.0299999713897705,0,0.009999966248869896
angle,1780569751235740076,2.0299999713897705,0,0.009999822825193405
angle,1780569751245740234,2.0299999713897705,0,0.009999968111515045
angle,1780569751255740952,2.0299999713897705,0,0.00999984797090292
angle,1780569751265740873,2.0299999713897705,0,0.009999859146773815
angle,1780569751275741196,2.0299999713897705,0,0.010000008158385754
angle,1780569751285742285,2.0299999713897705,0,0.009999926201999187
angle,1780569751295742166,2.0299999713897705,0,0.009999833069741726
angle,1780569751305742702,2.0299999713897705,0,0.009999940171837807
angle,1780569751315742655,2.0299999713897705,0,0.00999984797090292
angle,1780569751325743084,2.0299999713897705,0,0.009999990463256836
angle,1780569751335749046,2.0299999713897705,0,0.009999980218708515
angle,1780569751345744115,2.0299999713897705,0,0.009999876841902733
angle,1780569751355743358,2.0299999713897705,0,0.009999513626098633
angle,1780569751365744143,2.0299999713897705,0,0.009999910369515419
angle,1780569751375744907,2.0299999713897705,0,0.009999984875321388
angle,1780569751385752520,2.0299999713897705,0,0.009999883361160755
angle,1780569751395745542,2.0299999713897705,0,0.009998464956879616
angle,1780569751405745294,2.0299999713897705,0,0.00999993272125721
angle,1780569751415745801,2.0299999713897705,0,0.009999889880418777
angle,1780569751425746331,2.0299999713897705,0,0.009999983012676239
angle,1780569751435746544,2.0299999713897705,0,0.009999833069741726
angle,1780569751445746433,2.0299999713897705,0,0.009999839588999748
angle,1780569751455746743,2.0299999713897705,0,0.009999855421483517
angle,1780569751465748424,2.0299999713897705,0,0.009999945759773254
angle,1780569751475747295,2.0299999713897705,0,0.009999849833548069
angle,1780569751485747683,2.0299999713897705,0,0.009999902918934822
angle,1780569751495748351,2.0299999713897705,0,0.009999798610806465
angle,1780569751505748033,2.0299999713897705,0,0.00999990664422512
angle,1780569751515748537,2.0299999713897705,0,0.009999972768127918
angle,1780569751525749787,2.0299999713897705,0,0.00999991875141859
angle,1780569751535748830,2.0299999713897705,0,0.00999993085861206
angle,1780569751545749598,2.0299999713897705,0,0.009999901987612247
angle,1780569751555749429,2.0299999713897705,0,0.009999822825193405
angle,1780569751565750398,2.0299999713897705,0,0.009999909438192844
angle,1780569751575750981,2.0299999713897705,0,0.00999984797090292
angle,1780569751585750086,2.0299999713897705,0,0.009999853558838367
angle,1780569751595757214,2.0299999713897705,0,0.00999993085861206
angle,1780569751605750504,2.0299999713897705,0,0.009999907575547695
angle,1780569751615751673,2.0299999713897705,0,0.009999984875321388
angle,1780569751625751121,2.0299999713897705,0,0.009999843314290047
angle,1780569751635751598,2.0299999713897705,0,0.009999893605709076
angle,1780569751645752277,2.0299999713897705,0,0.009999891743063927
angle,1780569751655752917,2.0299999713897705,0,0.009999886155128479
angle,1780569751665753088,2.0299999713897705,0,0.009999560192227364
angle,1780569751675752865,2.0299999713897705,0,0.00999992061406374
angle,1780569751685753966,2.0299999713897705,0,0.009999869391322136
angle,1780569751695753720,2.0299999713897705,0,0.009999954141676426
angle,1780569751705754619,2.0299999713897705,0,0.009999901056289673
angle,1780569751715754532,2.0299999713897705,0,0.00999994296580553
angle,1780569751729856329,2.0299999713897705,0,0.01410186942666769
angle,1780569751743287718,2.0299999713897705,0,0.01343061774969101
angle,1780569751753288891,2.0299999713897705,0,0.009999960660934448
angle,1780569751763288465,2.0299999713897705,0,0.009999861940741539
angle,1780569751773289406,2.0299999713897705,0,0.009999960660934448
angle,1780569751783289988,2.0299999713897705,0,0.009999844245612621
angle,1780569751793289787,2.0299999713897705,0,0.009999959729611874
angle,1780569751803289981,2.0299999713897705,0,0.00999995693564415
angle,1780569751813290816,2.0299999713897705,0,0.009999889880418777
angle,1780569751823291164,2.0299999713897705,0,0.009999852627515793
angle,1780569751833291778,2.0299999713897705,0,0.009999914094805717
angle,1780569751843291614,2.0299999713897705,0,0.009999963454902172
angle,1780569751853291968,2.0299999713897705,0,0.009999890811741352
angle,1780569751863292238,2.0299999713897705,0,0.009999891743063927
angle,1780569751873292743,2.0299999713897705,0,0.009999929927289486
angle,1780569751883292772,2.0299999713897705,0,0.009999937377870083
angle,1780569751893293857,2.0299999713897705,0,0.00999994482845068
angle,1780569751903293696,2.0299999713897705,0,0.00999992061406374
angle,1780569751913293751,2.0299999713897705,0,0.00999995693564415
angle,1780569751923294346,2.0299999713897705,0,0.009999852627515793
angle,1780569751933294143,2.0299999713897705,0,0.009999838657677174
angle,1780569751943294536,2.0299999713897705,0,0.01000004168599844
angle,1780569751953295016,2.0299999713897705,0,0.009999941103160381
angle,1780569751963295338,2.0299999713897705,0,0.009999839588999748
angle,1780569751973296474,2.0299999713897705,0,0.00999992061406374
angle,1780569751983296044,2.0299999713897705,0,0.009999942034482956
angle,1780569751993296639,2.0299999713897705,0,0.009999926201999187
angle,1780569752003296517,2.0299999713897705,0,0.009999801404774189
angle,1780569752013296949,2.0299999713897705,0,0.009999955072999
angle,1780569752023297359,2.0299999713897705,0,0.00999988429248333
angle,1780569752033297604,2.0299999713897705,0,0.009999890811741352
angle,1780569752043298015,2.0299999713897705,0,0.00999989453703165
angle,1780569752053298532,2.0299999713897705,0,0.009999938309192657
angle,1780569752063298466,2.0299999713897705,0,0.009999865666031837
angle,1780569752073298754,2.0299999713897705,0,0.009999901987612247
angle,1780569752083298972,2.0299999713897705,0,0.009999899193644524
angle,1780569752093299475,2.0299999713897705,0,0.009999912232160568
angle,1780569752103299757,2.0299999713897705,0,0.009999841451644897
angle,1780569752113299889,2.0299999713897705,0,0.009999921545386314
angle,1780569752123300603,2.0299999713897705,0,0.00999986007809639
angle,1780569752133300683,2.0299999713897705,0,0.010000009089708328
angle,1780569752143300880,2.0299999713897705,0,0.0099998963996768
angle,1780569752153301112,2.0299999713897705,0,0.009999939240515232
angle,1780569752163301553,2.0299999713897705,0,0.009999957866966724
angle,1780569752173301924,2.0299999713897705,0,0.009999849833548069
angle,1780569752183301694,2.0299999713897705,0,0.009999877773225307
angle,1780569752193302030,2.0299999713897705,0,0.010000007227063179
angle,1780569752203302915,2.0299999713897705,0,0.009999929927289486
angle,1780569752213303087,2.0299999713897705,0,0.009999833069741726
angle,1780569752223303323,2.0299999713897705,0,0.009999910369515419
angle,1780569752233303237,2.0299999713897705,0,0.009999875910580158
angle,1780569752243304269,2.0299999713897705,0,0.00999992061406374
angle,1780569752253303873,2.0299999713897705,0,0.009999899193644524
angle,1780569752263304457,2.0299999713897705,0,0.010000028647482395
angle,1780569752273304947,2.0299999713897705,0,0.00999987218528986
angle,1780569752283305095,2.0299999713897705,0,0.009999844245612621
angle,1780569752293304925,2.0299999713897705,0,0.00999953132122755
angle,1780569752303306049,2.0299999713897705,0,0.009999963454902172
angle,1780569752313305569,2.0299999713897705,0,0.009999995119869709
angle,1780569752323306899,2.0299999713897705,0,0.009999933652579784
angle,1780569752333306984,2.0299999713897705,0,0.009999934583902359
angle,1780569752343307363,2.0299999713897705,0,0.009999961592257023
angle,1780569752353306740,2.0299999713897705,0,0.00999992061406374
angle,1780569752363307132,2.0299999713897705,0,0.009999909438192844
angle,1780569752373307741,2.0299999713897705,0,0.009999888017773628
angle,1780569752383308191,2.0299999713897705,0,0.009999873116612434
angle,1780569752393308015,2.0299999713897705,0,0.009999873116612434
angle,1780569752403309053,2.0299999713897705,0,0.009999921545386314
angle,1780569752413309222,2.0299999713897705,0,0.009999836795032024
angle,1780569752423309197,2.0299999713897705,0,0.009999985806643963
angle,1780569752433309524,2.0299999713897705,0,0.009999889880418777
angle,1780569752443310359,2.0299999713897705,0,0.009999971836805344
angle,1780569752453309907,2.0299999713897705,0,0.009999832138419151
angle,1780569752463310352,2.0299999713897705,0,0.009999875910580158
angle,1780569752473311359,2.0299999713897705,0,0.009999973699450493
angle,1780569752483310846,2.0299999713897705,0,0.009999936446547508
angle,1780569752493310951,2.0299999713897705,0,0.009999874979257584
angle,1780569752503311407,2.0299999713897705,0,0.009999878704547882
angle,1780569752513311385,2.0299999713897705,0,0.009999891743063927
angle,1780569752523311719,2.0299999713897705,0,0.009999917820096016
angle,1780569752534652084,2.0299999713897705,0,0.011340471915900707
angle,1780569752544653143,2.0299999713897705,0,0.009999986737966537
angle,1780569752554653168,2.0299999713897705,0,0.009999998845160007
angle,1780569752564653332,2.0299999713897705,0,0.00999980978667736
angle,1780569752574654406,2.0299999713897705,0,0.009999924339354038
angle,1780569752584654885,2.0299999713897705,0,0.009999859146773815
angle,1780569752594655497,2.0299999713897705,0,0.009999946691095829
angle,1780569752604654865,2.0299999713897705,0,0.009999974630773067
angle,1780569752614655866,2.0299999713897705,0,0.009999956004321575
angle,1780569752624655293,2.0299999713897705,0,0.009999961592257023
angle,1780569752634656838,2.0299999713897705,0,0.009999892674386501
angle,1780569752644656360,2.0299999713897705,0,0.009999851696193218
angle,1780569752654656346,2.0299999713897705,0,0.009999888017773628
angle,1780569752664656863,2.0299999713897705,0,0.009999992325901985
angle,1780569752674657112,2.0299999713897705,0,0.009999877773225307
angle,1780569752684657028,2.0299999713897705,0,0.009999931789934635
angle,1780569752694657583,2.0299999713897705,0,0.009999936446547508
angle,1780569752704658091,2.0299999713897705,0,0.009999866597354412
angle,1780569752714659616,2.0299999713897705,0,0.009999983943998814
angle,1780569752724660602,2.0299999713897705,0,0.009999899193644524
angle,1780569752734660481,2.0299999713897705,0,0.009999901056289673
angle,1780569752744659766,2.0299999713897705,0,0.00999996718019247
angle,1780569752754659918,2.0299999713897705,0,0.00999999139457941
angle,1780569752764660576,2.0299999713897705,0,0.009999915026128292
angle,1780569752774660828,2.0299999713897705,0,0.009999987669289112
angle,1780569752784660703,2.0299999713897705,0,0.009999857284128666
angle,1780569752794661011,2.0299999713897705,0,0.009999915026128292
angle,1780569752804662178,2.0299999713897705,0,0.009999897330999374
angle,1780569752814661496,2.0299999713897705,0,0.009999839588999748
angle,1780569752824661911,2.0299999713897705,0,0.009999925270676613
angle,1780569752834662042,2.0299999713897705,0,0.00999999325722456
angle,1780569752844662574,2.0299999713897705,0,0.009999919682741165
angle,1780569752854663232,2.0299999713897705,0,0.00999988242983818
angle,1780569752864662845,2.0299999713897705,0,0.009999959729611874
angle,1780569752874664119,2.0299999713897705,0,0.009999927133321762
angle,1780569752884663857,2.0299999713897705,0,0.009999639354646206
angle,1780569752894664628,2.0299999713897705,0,0.009999963454902172
angle,1780569752904665225,2.0299999713897705,0,0.00999998115003109
angle,1780569752914665216,2.0299999713897705,0,0.009999972768127918
angle,1780569752924665013,2.0299999713897705,0,0.00999990664422512
angle,1780569752934666153,2.0299999713897705,0,0.009999915026128292
angle,1780569752944666186,2.0299999713897705,0,0.009999883361160755
angle,1780569752954667460,2.0299999713897705,0,0.009999710135161877
angle,1780569752964667000,2.0299999713897705,0,0.009999898262321949
angle,1780569752974667114,2.0299999713897705,0,0.009999915026128292
angle,1780569752984666900,2.0299999713897705,0,0.009999852627515793
angle,1780569752994667371,2.0299999713897705,0,0.009999836795032024
angle,1780569753004669098,2.0299999713897705,0,0.009999859146773815
angle,1780569753014668123,2.0299999713897705,0,0.009999563917517662
angle,1780569753024668337,2.0299999713897705,0,0.00999989453703165
angle,1780569753034668685,2.0299999713897705,0,0.010000026784837246
angle,1780569753044668819,2.0299999713897705,0,0.009999842382967472
angle,1780569753054669111,2.0299999713897705,0,0.009999901987612247
angle,1780569753064669576,2.0299999713897705,0,0.009999999776482582
angle,1780569753074670066,2.0299999713897705,0,0.009999992325901985
angle,1780569753084670398,2.0299999713897705,0,0.009999859146773815
angle,1780569753094670193,2.0299999713897705,0,0.009999861940741539
angle,1780569753104670154,2.0299999713897705,0,0.009999955072999
angle,1780569753114670709,2.0299999713897705,0,0.009999966248869896
angle,1780569753124670739,2.0299999713897705,0,0.009999861940741539
angle,1780569753134672270,2.0299999713897705,0,0.00999994482845068
angle,1780569753144671374,2.0299999713897705,0,0.009999889880418777
angle,1780569753154671740,2.0299999713897705,0,0.009999853558838367
angle,1780569753164672129,2.0299999713897705,0,0.00999994296580553
angle,1780569753174672511,2.0299999713897705,0,0.009999891743063927
angle,1780569753184672476,2.0299999713897705,0,0.009999926201999187
angle,1780569753194672543,2.0299999713897705,0,0.009999901987612247
angle,1780569753204673085,2.0299999713897705,0,0.009999958798289299
angle,1780569753214673459,2.0299999713897705,0,0.00999986007809639
angle,1780569753224674175,2.0299999713897705,0,0.009999923408031464
angle,1780569753234674431,2.0299999713897705,0,0.010000060312449932
angle,1780569753244674841,2.0299999713897705,0,0.010000019334256649
angle,1780569753254675079,2.0299999713897705,0,0.009999899193644524
angle,1780569753264675096,2.0299999713897705,0,0.009999899193644524
angle,1780569753274676013,2.0299999713897705,0,0.010000007227063179
angle,1780569753284676262,2.0299999713897705,0,0.009999936446547508
angle,1780569753294676120,2.0299999713897705,0,0.009999871253967285
angle,1780569753304676387,2.0299999713897705,0,0.009999969974160194
angle,1780569753314676977,2.0299999713897705,0,0.010000025853514671
angle,1780569753324676401,2.0299999713897705,0,0.0099998340010643
angle,1780569753334677304,2.0299999713897705,0,0.009999931789934635
angle,1780569753344677761,2.0299999713897705,0,0.009999957866966724
angle,1780569753354677720,2.0299999713897705,0,0.009999859146773815
angle,1780569753364678092,2.0299999713897705,0,0.010000052861869335
angle,1780569753374678503,2.0299999713897705,0,0.009999829344451427
angle,1780569753384690340,2.0299999713897705,0,0.009999901056289673
angle,1780569753394679759,2.0299999713897705,0,0.009999887086451054
angle,1780569753404679948,2.0299999713897705,0,0.009999951347708702
angle,1780569753414680689,2.0299999713897705,0,0.009999956004321575
angle,1780569753424681276,2.0299999713897705,0,0.009999928995966911
angle,1780569753434684285,2.0299999713897705,0,0.009999864734709263
angle,1780569753444682599,2.0299999713897705,0,0.009999988600611687
angle,1780569753454683346,2.0299999713897705,0,0.00999995693564415
angle,1780569753464683229,2.0299999713897705,0,0.009999880567193031
angle,1780569753474684398,2.0299999713897705,0,0.009999891743063927
angle,1780569753484684268,2.0299999713897705,0,0.009999985806643963
angle,1780569753494684916,2.0299999713897705,0,0.009999886155128479
angle,1780569753504684999,2.0299999713897705,0,0.009999849833548069
angle,1780569753514684964,2.0299999713897705,0,0.009999876841902733
angle,1780569753524685013,2.0299999713897705,0,0.009999848902225494
angle,1780569753534685251,2.0299999713897705,0,0.009999929927289486
angle,1780569753544685211,2.0299999713897705,0,0.009999888949096203
angle,1780569753554685701,2.0299999713897705,0,0.009999980218708515
angle,1780569753564686156,2.0299999713897705,0,0.009999876841902733
angle,1780569753574686880,2.0299999713897705,0,0.009999911300837994
angle,1780569753584686778,2.0299999713897705,0,0.009999859146773815
angle,1780569753594687006,2.0299999713897705,0,0.009999874047935009
angle,1780569753604687039,2.0299999713897705,0,0.009999956004321575
angle,1780569753614687927,2.0299999713897705,0,0.009999900124967098
angle,1780569753624687852,2.0299999713897705,0,0.00999994296580553
angle,1780569753634688938,2.0299999713897705,0,0.00999991875141859
angle,1780569753644688554,2.0299999713897705,0,0.009999838657677174
angle,1780569753654688775,2.0299999713897705,0,0.009999905712902546
angle,1780569753664690045,2.0299999713897705,0,0.009999900124967098
angle,1780569753674689738,2.0299999713897705,0,0.009999910369515419
angle,1780569753684689970,2.0299999713897705,0,0.009999883361160755
angle,1780569753694690169,2.0299999713897705,0,0.009999885223805904
angle,1780569753704693926,2.0299999713897705,0,0.010002970695495605
angle,1780569753714694541,2.0299999713897705,0,0.009999806992709637
angle,1780569753724693899,2.0299999713897705,0,0.009999877773225307
angle,1780569753734694863,2.0299999713897705,0,0.009999940171837807
angle,1780569753744694801,2.0299999713897705,0,0.009999890811741352
angle,1780569753754694947,2.0299999713897705,0,0.009999927133321762
angle,1780569753764695939,2.0299999713897705,0,0.009999893605709076
angle,1780569753774695582,2.0299999713897705,0,0.009999957866966724
angle,1780569753784695554,2.0299999713897705,0,0.009999869391322136
angle,1780569753794695852,2.0299999713897705,0,0.00999994482845068
angle,1780569753804696306,2.0299999713897705,0,0.010000020265579224
angle,1780569753814697324,2.0299999713897705,0,0.009999966248869896
angle,1780569753824697751,2.0299999713897705,0,0.009999933652579784
angle,1780569753834697458,2.0299999713897705,0,0.0099997753277421
angle,1780569753844697693,2.0299999713897705,0,0.01000001560896635
angle,1780569753854697835,2.0299999713897705,0,0.009999905712902546
angle,1780569753864698046,2.0299999713897705,0,0.009999945759773254
angle,1780569753874699099,2.0299999713897705,0,0.00999990664422512
angle,1780569753884699324,2.0299999713897705,0,0.009999947622418404
angle,1780569753894699810,2.0299999713897705,0,0.009999890811741352
angle,1780569753904699022,2.0299999713897705,0,0.009999866597354412
angle,1780569753914699785,2.0299999713897705,0,0.009999874979257584
angle,1780569753924700056,2.0299999713897705,0,0.009999871253967285
angle,1780569753934700880,2.0299999713897705,0,0.009999909438192844
angle,1780569753944700872,2.0299999713897705,0,0.009999843314290047
angle,1780569753954700591,2.0299999713897705,0,0.009999931789934635
angle,1780569753964701296,2.0299999713897705,0,0.009999923408031464
angle,1780569753974701473,2.0299999713897705,0,0.009999986737966537
angle,1780569753984701808,2.0299999713897705,0,0.009999874979257584
angle,1780569753994702030,2.0299999713897705,0,0.009999627247452736
angle,1780569754004702555,2.0299999713897705,0,0.009999857284128666
angle,1780569754014702402,2.0299999713897705,0,0.009999891743063927
angle,1780569754024703138,2.0299999713897705,0,0.009999942034482956
angle,1780569754034703498,2.0299999713897705,0,0.009999912232160568
angle,1780569754044703523,2.0299999713897705,0,0.009999961592257023
angle,1780569754054703758,2.0299999713897705,0,0.009999880567193031
angle,1780569754064704098,2.0299999713897705,0,0.009999874047935009
angle,1780569754074704569,2.0299999713897705,0,0.009999945759773254
angle,1780569754084704600,2.0299999713897705,0,0.00999985821545124
angle,1780569754094705468,2.0299999713897705,0,0.009999963454902172
angle,1780569754104704540,2.0299999713897705,0,0.00999989453703165
angle,1780569754114705888,2.0299999713897705,0,0.009999961592257023
angle,1780569754124705679,2.0299999713897705,0,0.009999912232160568
angle,1780569754134706438,2.0299999713897705,0,0.010000000707805157
angle,1780569754144706582,2.0299999713897705,0,0.009999844245612621
angle,1780569754154706741,2.0299999713897705,0,0.009999829344451427
angle,1780569754164707489,2.0299999713897705,0,0.009999998845160007
angle,1780569754174707897,2.0299999713897705,0,0.009999990463256836
angle,1780569754184707944,2.0299999713897705,0,0.009999888949096203
angle,1780569754194708093,2.0299999713897705,0,0.009999939240515232
angle,1780569754204709154,2.0299999713897705,0,0.009999934583902359
angle,1780569754214708894,2.0299999713897705,0,0.009999951347708702
angle,1780569754224708937,2.0299999713897705,0,0.00999987032264471
angle,1780569754234709217,2.0299999713897705,0,0.009999933652579784
angle,1780569754244710286,2.0299999713897705,0,0.009999899193644524
angle,1780569754254710194,2.0299999713897705,0,0.009999901987612247
angle,1780569754264710480,2.0299999713897705,0,0.009999946691095829
angle,1780569754274710983,2.0299999713897705,0,0.009999926201999187
angle,1780569754284710577,2.0299999713897705,0,0.0099994707852602
angle,1780569754294712283,2.0299999713897705,0,0.009999913163483143
angle,1780569754304711661,2.0299999713897705,0,0.00999991875141859
angle,1780569754314711645,2.0299999713897705,0,0.009999897330999374
angle,1780569754324712089,2.0299999713897705,0,0.009999876841902733
angle,1780569754334711910,2.0299999713897705,0,0.009999871253967285
angle,1780569754344712236,2.0299999713897705,0,0.009999817237257957
angle,1780569754354712494,2.0299999713897705,0,0.009999957866966724
angle,1780569754364713642,2.0299999713897705,0,0.009999886155128479
angle,1780569754374713258,2.0299999713897705,0,0.00999971479177475
angle,1780569754384713173,2.0299999713897705,0,0.009999950416386127
angle,1780569754394714414,2.0299999713897705,0,0.010000033304095268
angle,1780569754404714102,2.0299999713897705,0,0.009999878704547882
angle,1780569754414714748,2.0299999713897705,0,0.009999939240515232
angle,1780569754424714440,2.0299999713897705,0,0.009999926201999187
angle,1780569754434715641,2.0299999713897705,0,0.009999992325901985
angle,1780569754444715208,2.0299999713897705,0,0.009999855421483517
angle,1780569754454716372,2.0299999713897705,0,0.00999990664422512
angle,1780569754464715529,2.0299999713897705,0,0.009999886155128479
angle,1780569754474716661,2.0299999713897705,0,0.009999868459999561
angle,1780569754484717143,2.0299999713897705,0,0.009999970905482769
angle,1780569754494716688,2.0299999713897705,0,0.009999645873904228
angle,1780569754504723090,2.0299999713897705,0,0.01000562310218811
angle,1780569754514722923,2.0299999713897705,0,0.009999916888773441
angle,1780569754524723700,2.0299999713897705,0,0.009999928064644337
angle,1780569754534723500,2.0299999713897705,0,0.009999859146773815
angle,1780569754544724010,2.0299999713897705,0,0.009999940171837807
angle,1780569754554724140,2.0299999713897705,0,0.00999992061406374
angle,1780569754564724752,2.0299999713897705,0,0.009999938309192657
angle,1780569754574724573,2.0299999713897705,0,0.009999912232160568
angle,1780569754584724887,2.0299999713897705,0,0.009999988600611687
angle,1780569754594725260,2.0299999713897705,0,0.009999893605709076
angle,1780569754604726361,2.0299999713897705,0,0.009999912232160568
angle,1780569754614726040,2.0299999713897705,0,0.009999883361160755
angle,1780569754624727004,2.0299999713897705,0,0.009999938309192657
angle,1780569754634727292,2.0299999713897705,0,0.009999853558838367
angle,1780569754644727330,2.0299999713897705,0,0.009999916888773441
angle,1780569754654727312,2.0299999713897705,0,0.009999897330999374
angle,1780569754664728471,2.0299999713897705,0,0.00999999325722456
angle,1780569754674728949,2.0299999713897705,0,0.00999994296580553
angle,1780569754684728736,2.0299999713897705,0,0.009999933652579784
angle,1780569754694729213,2.0299999713897705,0,0.009999980218708515
angle,1780569754704729441,2.0299999713897705,0,0.009999856352806091
angle,1780569754714730046,2.0299999713897705,0,0.00999987218528986
angle,1780569754724730202,2.0299999713897705,0,0.00999987218528986
angle,1780569754734730478,2.0299999713897705,0,0.009999987669289112
angle,1780569754744730688,2.0299999713897705,0,0.009999856352806091
angle,1780569754754732228,2.0299999713897705,0,0.009999974630773067
angle,1780569754764731563,2.0299999713897705,0,0.009999893605709076
angle,1780569754774733704,2.0299999713897705,0,0.010002177208662033
angle,1780569754784734088,2.0299999713897705,0,0.009999826550483704
angle,1780569754794734266,2.0299999713897705,0,0.009999897330999374
angle,1780569754804735624,2.0299999713897705,0,0.009999928995966911
angle,1780569754814735434,2.0299999713897705,0,0.009999907575547695
angle,1780569754824735173,2.0299999713897705,0,0.009999852627515793
angle,1780569754834735698,2.0299999713897705,0,0.009999941103160381
angle,1780569754844735946,2.0299999713897705,0,0.009999847039580345
angle,1780569754854736422,2.0299999713897705,0,0.009999635629355907
angle,1780569754864737072,2.0299999713897705,0,0.009999911300837994
angle,1780569754874737378,2.0299999713897705,0,0.009999992325901985
angle,1780569754884737255,2.0299999713897705,0,0.009999887086451054
angle,1780569754894738087,2.0299999713897705,0,0.009999829344451427
angle,1780569754904738203,2.0299999713897705,0,0.009999978356063366
angle,1780569754914737691,2.0299999713897705,0,0.009999842382967472
angle,1780569754924738248,2.0299999713897705,0,0.009999997913837433
angle,1780569754934738550,2.0299999713897705,0,0.009999941103160381
angle,1780569754944739241,2.0299999713897705,0,0.009999883361160755
angle,1780569754954739604,2.0299999713897705,0,0.009999948553740978
angle,1780569754964740410,2.0299999713897705,0,0.009999807924032211
angle,1780569754974740003,2.0299999713897705,0,0.009999953210353851
angle,1780569754984740110,2.0299999713897705,0,0.009999829344451427
angle,1780569754994740781,2.0299999713897705,0,0.009999921545386314
angle,1780569755004740785,2.0299999713897705,0,0.009999849833548069
angle,1780569755014741792,2.0299999713897705,0,0.009999997913837433
angle,1780569755024741917,2.0299999713897705,0,0.009999921545386314
angle,1780569755034742114,2.0299999713897705,0,0.009999880567193031
angle,1780569755044742356,2.0299999713897705,0,0.00999995693564415
angle,1780569755054742849,2.0299999713897705,0,0.009999859146773815
angle,1780569755064743095,2.0299999713897705,0,0.009999937377870083
angle,1780569755074743796,2.0299999713897705,0,0.010000063106417656
angle,1780569755084743562,2.0299999713897705,0,0.009999972768127918
angle,1780569755094744437,2.0299999713897705,0,0.009999841451644897
angle,1780569755104744024,2.0299999713897705,0,0.009999879635870457
angle,1780569755114744359,2.0299999713897705,0,0.009999899193644524
angle,1780569755124745319,2.0299999713897705,0,0.01000000536441803
angle,1780569755134744941,2.0299999713897705,0,0.00999988242983818
angle,1780569755144745829,2.0299999713897705,0,0.010000113397836685
angle,1780569755154746351,2.0299999713897705,0,0.01000001560896635
angle,1780569755164746644,2.0299999713897705,0,0.009999839588999748
angle,1780569755174747323,2.0299999713897705,0,0.009999788366258144
angle,1780569755184747468,2.0299999713897705,0,0.009999986737966537
angle,1780569755194748290,2.0299999713897705,0,0.010000028647482395
angle,1780569755204748681,2.0299999713897705,0,0.009999927133321762
angle,1780569755214748980,2.0299999713897705,0,0.009999901056289673
angle,1780569755224749171,2.0299999713897705,0,0.0099998963996768
angle,1780569755234749389,2.0299999713897705,0,0.009999946691095829
angle,1780569755244749806,2.0299999713897705,0,0.009999915957450867
angle,1780569755254750198,2.0299999713897705,0,0.009999953210353851
angle,1780569755264751145,2.0299999713897705,0,0.010000009089708328
angle,1780569755274750740,2.0299999713897705,0,0.00999975111335516
angle,1780569755284750746,2.0299999713897705,0,0.009999838657677174
angle,1780569755294751459,2.0299999713897705,0,0.009999933652579784
angle,1780569755304752101,2.0299999713897705,0,0.009999905712902546
angle,1780569755314751504,2.0299999713897705,0,0.00999989453703165
angle,1780569755324752199,2.0299999713897705,0,0.009999992325901985
angle,1780569755334752134,2.0299999713897705,0,0.00999987218528986
angle,1780569755344752693,2.0299999713897705,0,0.00999995693564415
angle,1780569755354754087,2.0299999713897705,0,0.009999974630773067
angle,1780569755364753640,2.0299999713897705,0,0.010000025853514671
angle,1780569755374759837,2.0299999713897705,0,0.010006021708250046
angle,1780569755384760427,2.0299999713897705,0,0.009999924339354038
angle,1780569755394760686,2.0299999713897705,0,0.010000008158385754
angle,1780569755404761061,2.0299999713897705,0,0.009999956004321575
angle,1780569755414761124,2.0299999713897705,0,0.009999865666031837
angle,1780569755424761338,2.0299999713897705,0,0.009999893605709076
angle,1780569755434762143,2.0299999713897705,0,0.009999950416386127
angle,1780569755444761887,2.0299999713897705,0,0.009999916888773441
angle,1780569755454762133,2.0299999713897705,0,0.009999942034482956
angle,1780569755464763063,2.0299999713897705,0,0.009999948553740978
angle,1780569755474764267,2.0299999713897705,0,0.009999801404774189
angle,1780569755484763759,2.0299999713897705,0,0.009999789297580719
angle,1780569755494764565,2.0299999713897705,0,0.009999892674386501
angle,1780569755504763976,2.0299999713897705,0,0.00999950710684061
angle,1780569755514764400,2.0299999713897705,0,0.009999909438192844
angle,1780569755524764593,2.0299999713897705,0,0.009999952279031277
angle,1780569755534765017,2.0299999713897705,0,0.01000005193054676
angle,1780569755544765895,2.0299999713897705,0,0.010000016540288925
angle,1780569755554765838,2.0299999713897705,0,0.00999984797090292
angle,1780569755564766216,2.0299999713897705,0,0.010000026784837246
angle,1780569755574766629,2.0299999713897705,0,0.009999945759773254
angle,1780569755584766775,2.0299999713897705,0,0.009999892674386501
angle,1780569755594767758,2.0299999713897705,0,0.009999977424740791
angle,1780569755604767493,2.0299999713897705,0,0.009999850764870644
angle,1780569755614767896,2.0299999713897705,0,0.00999984797090292
angle,1780569755624768207,2.0299999713897705,0,0.010000025853514671
angle,1780569755634768223,2.0299999713897705,0,0.00999984610825777
angle,1780569755644768674,2.0299999713897705,0,0.009999929927289486
angle,1780569755654768956,2.0299999713897705,0,0.00999989453703165
angle,1780569755664769112,2.0299999713897705,0,0.009999845176935196
angle,1780569755674769829,2.0299999713897705,0,0.009999897330999374
angle,1780569755684770495,2.0299999713897705,0,0.00999992061406374
angle,1780569755694770161,2.0299999713897705,0,0.009999851696193218
angle,1780569755704770918,2.0299999713897705,0,0.00999992061406374
angle,1780569755714771012,2.0299999713897705,0,0.00999993085861206
angle,1780569755724771657,2.0299999713897705,0,0.009999891743063927
angle,1780569755734770836,2.0299999713897705,0,0.009999929927289486
angle,1780569755744776466,2.0299999713897705,0,0.010004612617194653
angle,1780569755754777028,2.0299999713897705,0,0.00999982375651598
angle,1780569755764776689,2.0299999713897705,0,0.009999883361160755
angle,1780569755774778861,2.0299999713897705,0,0.010001948103308678
angle,1780569755784779468,2.0299999713897705,0,0.009999963454902172
angle,1780569755794779464,2.0299999713897705,0,0.009999905712902546
angle,1780569755804781198,2.0299999713897705,0,0.009999859146773815
angle,1780569755814781607,2.0299999713897705,0,0.009999852627515793
angle,1780569755827424170,2.0299999713897705,0,0.012642263434827328
angle,1780569755838211400,2.0299999713897705,0,0.010786700993776321
angle,1780569755849426594,2.0299999713897705,0,0.011212186887860298
angle,1780569755859426812,2.0299999713897705,0,0.01000023540109396
angle,1780569755869426745,2.0299999713897705,0,0.00999999139457941
angle,1780569755879426485,2.0299999713897705,0,0.009999660775065422
angle,1780569755889426907,2.0299999713897705,0,0.009999996051192284
angle,1780569755899427684,2.0299999713897705,0,0.009999851696193218
angle,1780569755909427918,2.0299999713897705,0,0.009999947622418404
angle,1780569755919427849,2.0299999713897705,0,0.009999843314290047
angle,1780569755929428480,2.0299999713897705,0,0.00999994296580553
angle,1780569755939428279,2.0299999713897705,0,0.009999886155128479
angle,1780569755949428932,2.0299999713897705,0,0.009999899193644524
angle,1780569755959429630,2.0299999713897705,0,0.009999937377870083
angle,1780569755969431599,2.0299999713897705,0,0.009999953210353851
angle,1780569755979429765,2.0299999713897705,0,0.009999902918934822
angle,1780569755989429912,2.0299999713897705,0,0.010000046342611313
angle,1780569755999430177,2.0299999713897705,0,0.009999946691095829
angle,1780569756009430568,2.0299999713897705,0,0.009999910369515419
angle,1780569756019434944,2.0299999713897705,0,0.010003973729908466
angle,1780569756029435401,2.0299999713897705,0,0.009999915957450867
angle,1780569756039435838,2.0299999713897705,0,0.009999888017773628
angle,1780569756049435739,2.0299999713897705,0,0.009999865666031837
angle,1780569756059436205,2.0299999713897705,0,0.00999997928738594
angle,1780569756069435994,2.0299999713897705,0,0.009999924339354038
angle,1780569756079438213,2.0299999713897705,0,0.009999877773225307
angle,1780569756089437620,2.0299999713897705,0,0.009999788366258144
angle,1780569756099437509,2.0299999713897705,0,0.00999996718019247
angle,1780569756109437329,2.0299999713897705,0,0.00999984610825777
angle,1780569756119437756,2.0299999713897705,0,0.010000001639127731
angle,1780569756129439321,2.0299999713897705,0,0.009999943897128105
angle,1780569756139439017,2.0299999713897705,0,0.00999992061406374
angle,1780569756149438861,2.0299999713897705,0,0.009999905712902546
angle,1780569756159439636,2.0299999713897705,0,0.009999917820096016
angle,1780569756169439090,2.0299999713897705,0,0.009999864734709263
angle,1780569756179439787,2.0299999713897705,0,0.009999992325901985
angle,1780569756189440022,2.0299999713897705,0,0.009999822825193405
angle,1780569756199440551,2.0299999713897705,0,0.009999893605709076
angle,1780569756209440316,2.0299999713897705,0,0.009999888949096203
angle,1780569756219441127,2.0299999713897705,0,0.010000009089708328
angle,1780569756229441308,2.0299999713897705,0,0.009999864734709263
angle,1780569756239441168,2.0299999713897705,0,0.00999985821545124
angle,1780569756249442127,2.0299999713897705,0,0.00999999139457941
angle,1780569756259442548,2.0299999713897705,0,0.00999994482845068
angle,1780569756269442564,2.0299999713897705,0,0.009999540634453297
angle,1780569756279442432,2.0299999713897705,0,0.00999990664422512
angle,1780569756289442851,2.0299999713897705,0,0.00999996718019247
angle,1780569756299443115,2.0299999713897705,0,0.009999901056289673
angle,1780569756309443029,2.0299999713897705,0,0.009999921545386314
angle,1780569756319444447,2.0299999713897705,0,0.009999973699450493
angle,1780569756329444040,2.0299999713897705,0,0.009999902918934822
angle,1780569756339444449,2.0299999713897705,0,0.009999900124967098
angle,1780569756349445193,2.0299999713897705,0,0.009999874979257584
angle,1780569756359444959,2.0299999713897705,0,0.009999912232160568
angle,1780569756369445497,2.0299999713897705,0,0.009999924339354038
angle,1780569756379445378,2.0299999713897705,0,0.00999984797090292
angle,1780569756389445581,2.0299999713897705,0,0.009999877773225307
angle,1780569756399446013,2.0299999713897705,0,0.009999959729611874
angle,1780569756409446372,2.0299999713897705,0,0.009999942034482956
angle,1780569756419446673,2.0299999713897705,0,0.009999897330999374
angle,1780569756429447379,2.0299999713897705,0,0.009999902918934822
angle,1780569756439447003,2.0299999713897705,0,0.009999954141676426
angle,1780569756449447730,2.0299999713897705,0,0.010000040754675865
angle,1780569756459447511,2.0299999713897705,0,0.00999987032264471
angle,1780569756469449329,2.0299999713897705,0,0.009999901056289673
angle,1780569756479450592,2.0299999713897705,0,0.009999911300837994
angle,1780569756489449688,2.0299999713897705,0,0.009999856352806091
angle,1780569756499450777,2.0299999713897705,0,0.009999889880418777
angle,1780569756509450937,2.0299999713897705,0,0.00999991875141859
angle,1780569756519451633,2.0299999713897705,0,0.0099998340010643
angle,1780569756529451380,2.0299999713897705,0,0.009999876841902733
angle,1780569756539452208,2.0299999713897705,0,0.009999957866966724
angle,1780569756549452309,2.0299999713897705,0,0.009999886155128479
angle,1780569756561005745,2.0299999713897705,0,0.011554629541933537
angle,1780569756571007949,2.0299999713897705,0,0.009999966248869896
angle,1780569756581008141,2.0299999713897705,0,0.00999987218528986
angle,1780569756591008774,2.0299999713897705,0,0.009999903850257397
angle,1780569756601009617,2.0299999713897705,0,0.009999904781579971
angle,1780569756611009911,2.0299999713897705,0,0.009999905712902546
angle,1780569756621010064,2.0299999713897705,0,0.009999880567193031
angle,1780569756631432320,2.0299999713897705,0,0.010419240221381187
angle,1780569756641432518,2.0299999713897705,0,0.009999631904065609
angle,1780569756651431283,2.0299999713897705,0,0.009999969974160194
angle,1780569756661433198,2.0299999713897705,0,0.009999909438192844
angle,1780569756671433686,2.0299999713897705,0,0.009999868459999561
angle,1780569756681433510,2.0299999713897705,0,0.009999863803386688
angle,1780569756691433298,2.0299999713897705,0,0.009999925270676613
angle,1780569756701432768,2.0299999713897705,0,0.00999993272125721
angle,1780569756711433775,2.0299999713897705,0,0.009999874979257584
angle,1780569756721433010,2.0299999713897705,0,0.009999893605709076
angle,1780569756731433215,2.0299999713897705,0,0.009999971836805344
angle,1780569756741433388,2.0299999713897705,0,0.009999941103160381
angle,1780569756751433610,2.0299999713897705,0,0.00999999139457941
angle,1780569756761433691,2.0299999713897705,0,0.009999988600611687
angle,1780569756771433940,2.0299999713897705,0,0.00999999325722456
angle,1780569756781434115,2.0299999713897705,0,0.009999960660934448
angle,1780569756791434822,2.0299999713897705,0,0.009999987669289112
angle,1780569756801434616,2.0299999713897705,0,0.009999986737966537
angle,1780569756811434929,2.0299999713897705,0,0.00999998115003109
angle,1780569756821435076,2.0299999713897705,0,0.00999994482845068
angle,1780569756831437266,2.0299999713897705,0,0.009999955072999
angle,1780569756841437580,2.0299999713897705,0,0.00999989453703165
angle,1780569756851437480,2.0299999713897705,0,0.00999992061406374
angle,1780569756861437124,2.0299999713897705,0,0.009999890811741352
angle,1780569756871436687,2.0299999713897705,0,0.009999874047935009
angle,1780569756881436641,2.0299999713897705,0,0.009999947622418404
angle,1780569756891437196,2.0299999713897705,0,0.009999943897128105
angle,1780569756901437066,2.0299999713897705,0,0.009999963454902172
angle,1780569756911437281,2.0299999713897705,0,0.010000010952353477
angle,1780569756921437741,2.0299999713897705,0,0.009999988600611687
angle,1780569756931438415,2.0299999713897705,0,0.010000023990869522
angle,1780569756941438300,2.0299999713897705,0,0.009999933652579784
angle,1780569756951438598,2.0299999713897705,0,0.009999951347708702
angle,1780569756961439469,2.0299999713897705,0,0.010000006295740604
angle,1780569756971439204,2.0299999713897705,0,0.009999988600611687
angle,1780569756981439134,2.0299999713897705,0,0.009999951347708702
angle,1780569756991439482,2.0299999713897705,0,0.009999997913837433
angle,1780569757001439948,2.0299999713897705,0,0.009999940171837807
angle,1780569757011440039,2.0299999713897705,0,0.009999963454902172
angle,1780569757021440064,2.0299999713897705,0,0.009999875910580158
angle,1780569757031440318,2.0299999713897705,0,0.00999994482845068
angle,1780569757041440814,2.0299999713897705,0,0.009999953210353851
angle,1780569757051441140,2.0299999713897705,0,0.009999959729611874
angle,1780569757061440938,2.0299999713897705,0,0.009999972768127918
angle,1780569757071441055,2.0299999713897705,0,0.009999960660934448
angle,1780569757081441432,2.0299999713897705,0,0.010000012814998627
angle,1780569757091441607,2.0299999713897705,0,0.009999998845160007
angle,1780569757101442047,2.0299999713897705,0,0.009999994188547134
angle,1780569757111442253,2.0299999713897705,0,0.009999997913837433
angle,1780569757121442284,2.0299999713897705,0,0.009999936446547508
angle,1780569757131443075,2.0299999713897705,0,0.00999992061406374
angle,1780569757141442766,2.0299999713897705,0,0.009999971836805344
angle,1780569757151443024,2.0299999713897705,0,0.009999998845160007
angle,1780569757161443486,2.0299999713897705,0,0.00999996904283762
angle,1780569757171444137,2.0299999713897705,0,0.009999983012676239
angle,1780569757181444380,2.0299999713897705,0,0.009999998845160007
angle,1780569757191444370,2.0299999713897705,0,0.009999972768127918
angle,1780569757201444757,2.0299999713897705,0,0.009999999776482582
angle,1780569757211444873,2.0299999713897705,0,0.009999956004321575
angle,1780569757221445614,2.0299999713897705,0,0.009999964386224747
angle,1780569757231445680,2.0299999713897705,0,0.00999996718019247
angle,1780569757241445503,2.0299999713897705,0,0.009999936446547508
angle,1780569757251445767,2.0299999713897705,0,0.009999954141676426
angle,1780569757261446365,2.0299999713897705,0,0.010000019334256649
angle,1780569757271446454,2.0299999713897705,0,0.009999931789934635
angle,1780569757281446812,2.0299999713897705,0,0.009999933652579784
angle,1780569757291447016,2.0299999713897705,0,0.009999983943998814
angle,1780569757301447172,2.0299999713897705,0,0.009999992325901985
angle,1780569757311447679,2.0299999713897705,0,0.009999992325901985
angle,1780569757321447675,2.0299999713897705,0,0.009999994188547134
angle,1780569757331447920,2.0299999713897705,0,0.009999953210353851
angle,1780569757341449425,2.0299999713897705,0,0.010000052861869335
angle,1780569757351448522,2.0299999713897705,0,0.009999899193644524
angle,1780569757361448781,2.0299999713897705,0,0.009999966248869896
angle,1780569757371449013,2.0299999713897705,0,0.009999934583902359
angle,1780569757381449387,2.0299999713897705,0,0.00999994482845068
angle,1780569757391449617,2.0299999713897705,0,0.00999993272125721
angle,1780569757401450177,2.0299999713897705,0,0.009999940171837807
angle,1780569757411450008,2.0299999713897705,0,0.009999936446547508
angle,1780569757421450271,2.0299999713897705,0,0.009999938309192657
angle,1780569757431450771,2.0299999713897705,0,0.009999941103160381
angle,1780569757441450740,2.0299999713897705,0,0.009999968111515045
angle,1780569757451451359,2.0299999713897705,0,0.00999997928738594
angle,1780569757461451145,2.0299999713897705,0,0.009999987669289112
angle,1780569757471451262,2.0299999713897705,0,0.009999971836805344
angle,1780569757481454194,2.0299999713897705,0,0.009999973699450493
angle,1780569757491454497,2.0299999713897705,0,0.009999917820096016
angle,1780569757501455459,2.0299999713897705,0,0.009999970905482769
angle,1780569757511454303,2.0299999713897705,0,0.00999989453703165
angle,1780569757521454763,2.0299999713897705,0,0.009999898262321949
angle,1780569757531454425,2.0299999713897705,0,0.009999946691095829
angle,1780569757541453895,2.0299999713897705,0,0.009999936446547508
angle,1780569757551453574,2.0299999713897705,0,0.009999931789934635
angle,1780569757561454121,2.0299999713897705,0,0.009999978356063366
angle,1780569757571455488,2.0299999713897705,0,0.009999940171837807
angle,1780569757581454268,2.0299999713897705,0,0.009999911300837994
angle,1780569757591454847,2.0299999713897705,0,0.009999973699450493
angle,1780569757601454943,2.0299999713897705,0,0.009999937377870083
angle,1780569757611454946,2.0299999713897705,0,0.009999999776482582
angle,1780569757621455125,2.0299999713897705,0,0.00999996904283762
angle,1780569757631455439,2.0299999713897705,0,0.00999996904283762
angle,1780569757641456589,2.0299999713897705,0,0.00999996904283762
angle,1780569757651456155,2.0299999713897705,0,0.009999999776482582
angle,1780569757661456483,2.0299999713897705,0,0.00999996904283762
angle,1780569757671456566,2.0299999713897705,0,0.009999951347708702
angle,1780569757681457033,2.0299999713897705,0,0.009999954141676426
angle,1780569757691456926,2.0299999713897705,0,0.009999980218708515
angle,1780569757701457339,2.0299999713897705,0,0.010000001639127731
angle,1780569757711457587,2.0299999713897705,0,0.009999978356063366
angle,1780569757721457709,2.0299999713897705,0,0.009999950416386127
angle,1780569757731458064,2.0299999713897705,0,0.009999983012676239
angle,1780569757741460439,2.0299999713897705,0,0.009999999776482582
angle,1780569757751460378,2.0299999713897705,0,0.00999988242983818
angle,1780569757761460581,2.0299999713897705,0,0.009999909438192844
angle,1780569757771459352,2.0299999713897705,0,0.009999928995966911
angle,1780569757781459502,2.0299999713897705,0,0.010000000707805157
angle,1780569757791460370,2.0299999713897705,0,0.009999992325901985
angle,1780569757801459981,2.0299999713897705,0,0.010000004433095455
angle,1780569757811460482,2.0299999713897705,0,0.00999995693564415
angle,1780569757821460308,2.0299999713897705,0,0.009999886155128479
angle,1780569757831460865,2.0299999713897705,0,0.009999975562095642
angle,1780569757841461392,2.0299999713897705,0,0.010000006295740604
angle,1780569757851461051,2.0299999713897705,0,0.009999928995966911
angle,1780569757861461542,2.0299999713897705,0,0.010000009089708328
angle,1780569757871461791,2.0299999713897705,0,0.009999990463256836
angle,1780569757881462107,2.0299999713897705,0,0.009999950416386127
angle,1780569757891463504,2.0299999713897705,0,0.00999999325722456
angle,1780569757901464958,2.0299999713897705,0,0.00999993272125721
angle,1780569757911463626,2.0299999713897705,0,0.009999928995966911
angle,1780569757921463047,2.0299999713897705,0,0.00999988242983818
angle,1780569757931463560,2.0299999713897705,0,0.009999971836805344
angle,1780569757941464012,2.0299999713897705,0,0.009999988600611687
angle,1780569757951463913,2.0299999713897705,0,0.00999997928738594
angle,1780569757961464515,2.0299999713897705,0,0.009999996982514858
angle,1780569757971467048,2.0299999713897705,0,0.009999972768127918
angle,1780569757981465113,2.0299999713897705,0,0.00999984797090292
angle,1780569757991465089,2.0299999713897705,0,0.00999996718019247
angle,1780569758001465560,2.0299999713897705,0,0.009999951347708702
angle,1780569758011466779,2.0299999713897705,0,0.00999994296580553
angle,1780569758021466023,2.0299999713897705,0,0.0099998963996768
angle,1780569758031466266,2.0299999713897705,0,0.009999956004321575
angle,1780569758041466424,2.0299999713897705,0,0.009999966248869896
angle,1780569758051466755,2.0299999713897705,0,0.00999996904283762
angle,1780569758063105509,2.0299999713897705,0,0.011638070456683636
angle,1780569758073105688,2.0299999713897705,0,0.009999876841902733
angle,1780569758083105951,2.0299999713897705,0,0.010000002570450306
angle,1780569758093106267,2.0299999713897705,0,0.009999959729611874
angle,1780569758103106364,2.0299999713897705,0,0.009999958798289299
angle,1780569758113106587,2.0299999713897705,0,0.009999953210353851
angle,1780569758123106911,2.0299999713897705,0,0.00999996718019247
angle,1780569758133107911,2.0299999713897705,0,0.00999987032264471
angle,1780569758143107279,2.0299999713897705,0,0.009999900124967098
angle,1780569758153107526,2.0299999713897705,0,0.009999983012676239
angle,1780569758163107679,2.0299999713897705,0,0.009999948553740978
angle,1780569758173108070,2.0299999713897705,0,0.009999973699450493
angle,1780569758183108143,2.0299999713897705,0,0.009999995119869709
angle,1780569758193108519,2.0299999713897705,0,0.009999951347708702
angle,1780569758203108844,2.0299999713897705,0,0.009999988600611687
angle,1780569758213109780,2.0299999713897705,0,0.009999883361160755
angle,1780569758223109038,2.0299999713897705,0,0.009999875910580158
angle,1780569758233109419,2.0299999713897705,0,0.009999947622418404
angle,1780569758243109884,2.0299999713897705,0,0.010000016540288925
angle,1780569758253110018,2.0299999713897705,0,0.010000001639127731
angle,1780569758263110608,2.0299999713897705,0,0.009999975562095642
angle,1780569758273110734,2.0299999713897705,0,0.009999975562095642
angle,1780569758283111017,2.0299999713897705,0,0.009999957866966724
angle,1780569758293111014,2.0299999713897705,0,0.009999960660934448
angle,1780569758303111677,2.0299999713897705,0,0.010000012814998627
angle,1780569758313111364,2.0299999713897705,0,0.009999975562095642
angle,1780569758323111734,2.0299999713897705,0,0.009999994188547134
angle,1780569758333111875,2.0299999713897705,0,0.009999959729611874
angle,1780569758343112531,2.0299999713897705,0,0.010000006295740604
angle,1780569758353112287,2.0299999713897705,0,0.009999942034482956
angle,1780569758363112668,2.0299999713897705,0,0.009999970905482769
angle,1780569758373112906,2.0299999713897705,0,0.009999956004321575
angle,1780569758383113139,2.0299999713897705,0,0.009999964386224747
angle,1780569758393113614,2.0299999713897705,0,0.009999996982514858
angle,1780569758403113374,2.0299999713897705,0,0.009999934583902359
angle,1780569758413115200,2.0299999713897705,0,0.009999950416386127
angle,1780569758423114215,2.0299999713897705,0,0.009999939240515232
angle,1780569758433114141,2.0299999713897705,0,0.009999943897128105
angle,1780569758443114382,2.0299999713897705,0,0.00999998115003109
angle,1780569758453114437,2.0299999713897705,0,0.009999982081353664
angle,1780569758463115080,2.0299999713897705,0,0.009999980218708515
angle,1780569758473114921,2.0299999713897705,0,0.010000002570450306
angle,1780569758483115197,2.0299999713897705,0,0.009999974630773067
angle,1780569758493116506,2.0299999713897705,0,0.009999958798289299
angle,1780569758503115573,2.0299999713897705,0,0.00999988242983818
angle,1780569758513116178,2.0299999713897705,0,0.010000018402934074
angle,1780569758523116816,2.0299999713897705,0,0.009999955072999
angle,1780569758533116332,2.0299999713897705,0,0.009999937377870083
angle,1780569758543116890,2.0299999713897705,0,0.009999954141676426
angle,1780569758553116950,2.0299999713897705,0,0.009999940171837807
angle,1780569758563117264,2.0299999713897705,0,0.009999950416386127
angle,1780569758573117305,2.0299999713897705,0,0.00999997928738594
angle,1780569758593861771,2.0299999713897705,0,0.02074325457215309
angle,1780569758603862179,2.0299999713897705,0,0.00999990664422512
angle,1780569758613862457,2.0299999713897705,0,0.010000000707805157
angle,1780569758623862825,2.0299999713897705,0,0.010000006295740604
angle,1780569758633863140,2.0299999713897705,0,0.009999945759773254
angle,1780569758643863974,2.0299999713897705,0,0.010000002570450306
angle,1780569758653863632,2.0299999713897705,0,0.009999912232160568
angle,1780569758663865654,2.0299999713897705,0,0.010000049136579037
angle,1780569758673864324,2.0299999713897705,0,0.00999993085861206
angle,1780569758683864827,2.0299999713897705,0,0.009999942034482956
angle,1780569758693865660,2.0299999713897705,0,0.009999974630773067
angle,1780569758703865287,2.0299999713897705,0,0.009999910369515419
angle,1780569758713865495,2.0299999713897705,0,0.009999941103160381
angle,1780569758723865566,2.0299999713897705,0,0.009999947622418404
angle,1780569758733866127,2.0299999713897705,0,0.009999998845160007
angle,1780569758743866200,2.0299999713897705,0,0.010000001639127731
angle,1780569758753866447,2.0299999713897705,0,0.009999985806643963
angle,1780569758763866834,2.0299999713897705,0,0.009999996051192284
angle,1780569758773867129,2.0299999713897705,0,0.009999948553740978
angle,1780569758783867424,2.0299999713897705,0,0.009999995119869709
angle,1780569758793867606,2.0299999713897705,0,0.009999974630773067
angle,1780569758803867840,2.0299999713897705,0,0.00999994482845068
angle,1780569758813868222,2.0299999713897705,0,0.009999959729611874
angle,1780569758823868451,2.0299999713897705,0,0.009999974630773067
angle,1780569758833868592,2.0299999713897705,0,0.009999978356063366
angle,1780569758843869468,2.0299999713897705,0,0.009999983012676239
angle,1780569758853869059,2.0299999713897705,0,0.009999977424740791
angle,1780569758863869584,2.0299999713897705,0,0.009999963454902172
angle,1780569758873869873,2.0299999713897705,0,0.009999990463256836
angle,1780569758883869847,2.0299999713897705,0,0.009999973699450493
angle,1780569758893870554,2.0299999713897705,0,0.009999986737966537
angle,1780569758903870599,2.0299999713897705,0,0.009999945759773254
angle,1780569758913870807,2.0299999713897705,0,0.009999983943998814
angle,1780569758923870884,2.0299999713897705,0,0.009999960660934448
angle,1780569758933871232,2.0299999713897705,0,0.01000000536441803
angle,1780569758943871780,2.0299999713897705,0,0.01000000536441803
angle,1780569758953872166,2.0299999713897705,0,0.009999904781579971
angle,1780569758963872191,2.0299999713897705,0,0.009999978356063366
angle,1780569758973872298,2.0299999713897705,0,0.009999956004321575
angle,1780569758983872506,2.0299999713897705,0,0.010000002570450306
angle,1780569758993872557,2.0299999713897705,0,0.010000004433095455
angle,1780569759003873117,2.0299999713897705,0,0.009999983012676239
angle,1780569759013873245,2.0299999713897705,0,0.009999955072999
angle,1780569759023873367,2.0299999713897705,0,0.009999937377870083
angle,1780569759033873662,2.0299999713897705,0,0.009999947622418404
angle,1780569759043873809,2.0299999713897705,0,0.009999974630773067
angle,1780569759053874081,2.0299999713897705,0,0.009999950416386127
angle,1780569759063874512,2.0299999713897705,0,0.00999996904283762
angle,1780569759073874421,2.0299999713897705,0,0.0099998963996768
angle,1780569759083874616,2.0299999713897705,0,0.009999994188547134
angle,1780569759093875388,2.0299999713897705,0,0.009999998845160007
angle,1780569759103875171,2.0299999713897705,0,0.010000010952353477
angle,1780569759113875432,2.0299999713897705,0,0.00999999325722456
angle,1780569759123875805,2.0299999713897705,0,0.010000002570450306
angle,1780569759133876206,2.0299999713897705,0,0.009999965317547321
angle,1780569759143876139,2.0299999713897705,0,0.009999955072999
angle,1780569759153876670,2.0299999713897705,0,0.009999941103160381
angle,1780569759163876989,2.0299999713897705,0,0.01000000536441803
angle,1780569759173876892,2.0299999713897705,0,0.009999983012676239
angle,1780569759183877537,2.0299999713897705,0,0.009999965317547321
angle,1780569759193877379,2.0299999713897705,0,0.009999978356063366
angle,1780569759203877764,2.0299999713897705,0,0.009999972768127918
angle,1780569759213877806,2.0299999713897705,0,0.009999968111515045
angle,1780569759223878383,2.0299999713897705,0,0.009999995119869709
angle,1780569759233879313,2.0299999713897705,0,0.010000004433095455
angle,1780569759243879095,2.0299999713897705,0,0.009999915957450867
angle,1780569759253879555,2.0299999713897705,0,0.009999915957450867
angle,1780569759263879227,2.0299999713897705,0,0.009999954141676426
angle,1780569759273879875,2.0299999713897705,0,0.009999964386224747
angle,1780569759283879814,2.0299999713897705,0,0.00999999139457941
angle,1780569759293879784,2.0299999713897705,0,0.01000000536441803
angle,1780569759303882440,2.0299999713897705,0,0.010000037029385567
angle,1780569759313882285,2.0299999713897705,0,0.00999987218528986
angle,1780569759323881745,2.0299999713897705,0,0.009999850764870644
angle,1780569759333880961,2.0299999713897705,0,0.009999942034482956
angle,1780569759343881398,2.0299999713897705,0,0.009999994188547134
angle,1780569759353881533,2.0299999713897705,0,0.009999984875321388
angle,1780569759363881967,2.0299999713897705,0,0.009999990463256836
angle,1780569759373882311,2.0299999713897705,0,0.009999892674386501
angle,1780569759383882143,2.0299999713897705,0,0.009999937377870083
angle,1780569759393882455,2.0299999713897705,0,0.009999983943998814
angle,1780569759403882496,2.0299999713897705,0,0.009999997913837433
angle,1780569759413883063,2.0299999713897705,0,0.009999980218708515
angle,1780569759423883567,2.0299999713897705,0,0.010000004433095455
angle,1780569759433883460,2.0299999713897705,0,0.01000000536441803
angle,1780569759443883733,2.0299999713897705,0,0.00999998115003109
angle,1780569759453885351,2.0299999713897705,0,0.010000007227063179
angle,1780569759463884302,2.0299999713897705,0,0.009999876841902733
angle,1780569759473884657,2.0299999713897705,0,0.009999964386224747
angle,1780569759483884850,2.0299999713897705,0,0.010000009089708328
angle,1780569759493886203,2.0299999713897705,0,0.009999972768127918
angle,1780569759503885418,2.0299999713897705,0,0.009999994188547134
angle,1780569759513885577,2.0299999713897705,0,0.00999996904283762
angle,1780569759523885851,2.0299999713897705,0,0.009999972768127918
angle,1780569759533886083,2.0299999713897705,0,0.009999992325901985
angle,1780569759543886696,2.0299999713897705,0,0.009999982081353664
angle,1780569759553886588,2.0299999713897705,0,0.009999975562095642
angle,1780569759563886888,2.0299999713897705,0,0.009999996982514858
angle,1780569759573887063,2.0299999713897705,0,0.009999960660934448
angle,1780569759583887348,2.0299999713897705,0,0.009999953210353851
angle,1780569759593887695,2.0299999713897705,0,0.010000001639127731
angle,1780569759603888257,2.0299999713897705,0,0.009999996982514858
angle,1780569759613887957,2.0299999713897705,0,0.009999974630773067
angle,1780569759623888330,2.0299999713897705,0,0.009999951347708702
angle,1780569759633888529,2.0299999713897705,0,0.009999936446547508
angle,1780569759643888456,2.0299999713897705,0,0.009999934583902359
angle,1780569759653889505,2.0299999713897705,0,0.010000012814998627
angle,1780569759663889263,2.0299999713897705,0,0.009999974630773067
angle,1780569759673889955,2.0299999713897705,0,0.009999950416386127
angle,1780569759683889611,2.0299999713897705,0,0.00999994482845068
angle,1780569759693889967,2.0299999713897705,0,0.009999965317547321
angle,1780569759703890223,2.0299999713897705,0,0.009999965317547321
angle,1780569759713890923,2.0299999713897705,0,0.009999985806643963
angle,1780569759723891103,2.0299999713897705,0,0.009999959729611874
angle,1780569759733891374,2.0299999713897705,0,0.009999999776482582
angle,1780569759743891493,2.0299999713897705,0,0.009999970905482769
angle,1780569759753892480,2.0299999713897705,0,0.009999957866966724
angle,1780569759763892910,2.0299999713897705,0,0.009999929927289486
angle,1780569759773892321,2.0299999713897705,0,0.009999912232160568
angle,1780569759783892516,2.0299999713897705,0,0.009999964386224747
angle,1780569759793892600,2.0299999713897705,0,0.009999953210353851
angle,1780569759803892713,2.0299999713897705,0,0.009999987669289112
angle,1780569759813893409,2.0299999713897705,0,0.009999980218708515
angle,1780569759823893419,2.0299999713897705,0,0.009999978356063366
angle,1780569759833893523,2.0299999713897705,0,0.009999974630773067
angle,1780569759843894104,2.0299999713897705,0,0.009999966248869896
angle,1780569759853893968,2.0299999713897705,0,0.009999983012676239
angle,1780569759863894290,2.0299999713897705,0,0.00999998115003109
angle,1780569759873894716,2.0299999713897705,0,0.009999964386224747
angle,1780569759883894707,2.0299999713897705,0,0.009999942034482956
angle,1780569759893895046,2.0299999713897705,0,0.009999997913837433
angle,1780569759903895270,2.0299999713897705,0,0.009999942034482956
angle,1780569759913895241,2.0299999713897705,0,0.00999994296580553
angle,1780569759923895661,2.0299999713897705,0,0.009999985806643963
angle,1780569759933895910,2.0299999713897705,0,0.010000002570450306
angle,1780569759943896080,2.0299999713897705,0,0.009999952279031277
angle,1780569759953896375,2.0299999713897705,0,0.009999974630773067
angle,1780569759963896664,2.0299999713897705,0,0.009999938309192657
angle,1780569759973898901,2.0299999713897705,0,0.009999913163483143
angle,1780569759983897228,2.0299999713897705,0,0.009999848902225494
angle,1780569759993897602,2.0299999713897705,0,0.009999943897128105
angle,1780569760003899634,2.0299999713897705,0,0.009999931789934635
angle,1780569760013897956,2.0299999713897705,0,0.009999877773225307
angle,1780569760023898326,2.0299999713897705,0,0.009999969974160194
angle,1780569760033898800,2.0299999713897705,0,0.009999937377870083
angle,1780569760043898801,2.0299999713897705,0,0.009999969974160194
angle,1780569760053898850,2.0299999713897705,0,0.009999953210353851
angle,1780569760063899195,2.0299999713897705,0,0.009999970905482769
angle,1780569760073899860,2.0299999713897705,0,0.00999999139457941
angle,1780569760083901446,2.0299999713897705,0,0.00999994296580553
angle,1780569760093899829,2.0299999713897705,0,0.009999914094805717
angle,1780569760103899917,2.0299999713897705,0,0.009999955072999
angle,1780569760113900582,2.0299999713897705,0,0.00999996904283762
angle,1780569760123901031,2.0299999713897705,0,0.010000006295740604
angle,1780569760133900682,2.0299999713897705,0,0.010000000707805157
angle,1780569760143901318,2.0299999713897705,0,0.00999999139457941
angle,1780569760153901455,2.0299999713897705,0,0.009999943897128105
angle,1780569760163902288,2.0299999713897705,0,0.009999937377870083
angle,1780569760173901934,2.0299999713897705,0,0.009999910369515419
angle,1780569760183902179,2.0299999713897705,0,0.009999947622418404
angle,1780569760193902149,2.0299999713897705,0,0.009999968111515045
angle,1780569760203902330,2.0299999713897705,0,0.009999972768127918
angle,1780569760213903025,2.0299999713897705,0,0.009999974630773067
angle,1780569760223903043,2.0299999713897705,0,0.00999996718019247
angle,1780569760233903288,2.0299999713897705,0,0.009999919682741165
angle,1780569760243903412,2.0299999713897705,0,0.009999955072999
angle,1780569760253904506,2.0299999713897705,0,0.009999992325901985
angle,1780569760263904431,2.0299999713897705,0,0.009999914094805717
angle,1780569760273904910,2.0299999713897705,0,0.010000002570450306
angle,1780569760283904977,2.0299999713897705,0,0.009999924339354038
angle,1780569760293904853,2.0299999713897705,0,0.009999983012676239
angle,1780569760303905568,2.0299999713897705,0,0.009999936446547508
angle,1780569760313905477,2.0299999713897705,0,0.009999972768127918
angle,1780569760323905632,2.0299999713897705,0,0.009999936446547508
angle,1780569760333905947,2.0299999713897705,0,0.009999961592257023
angle,1780569760343906218,2.0299999713897705,0,0.009999982081353664
angle,1780569760353906483,2.0299999713897705,0,0.009999951347708702
angle,1780569760363906627,2.0299999713897705,0,0.009999941103160381
angle,1780569760373906906,2.0299999713897705,0,0.009999994188547134
angle,1780569760383907119,2.0299999713897705,0,0.00999996904283762
angle,1780569760393907709,2.0299999713897705,0,0.00999996904283762
angle,1780569760403907335,2.0299999713897705,0,0.00999994296580553
angle,1780569760413907527,2.0299999713897705,0,0.009999969974160194
angle,1780569760423907837,2.0299999713897705,0,0.009999966248869896
angle,1780569760433908728,2.0299999713897705,0,0.009999983012676239
angle,1780569760443908320,2.0299999713897705,0,0.009999899193644524
angle,1780569760453909289,2.0299999713897705,0,0.00999997928738594
angle,1780569760463909005,2.0299999713897705,0,0.009999965317547321
angle,1780569760473909263,2.0299999713897705,0,0.00999999325722456
angle,1780569760483909259,2.0299999713897705,0,0.009999956004321575
angle,1780569760493910946,2.0299999713897705,0,0.009999971836805344
angle,1780569760503909731,2.0299999713897705,0,0.009999929927289486
angle,1780569760513910031,2.0299999713897705,0,0.009999980218708515
angle,1780569760523910566,2.0299999713897705,0,0.009999939240515232
angle,1780569760533910551,2.0299999713897705,0,0.009999999776482582
angle,1780569760543910601,2.0299999713897705,0,0.009999954141676426
angle,1780569760553911217,2.0299999713897705,0,0.00999998115003109
angle,1780569760563911239,2.0299999713897705,0,0.009999960660934448
angle,1780569760573911449,2.0299999713897705,0,0.009999972768127918
angle,1780569760583911736,2.0299999713897705,0,0.009999983012676239
angle,1780569760593913430,2.0299999713897705,0,0.010000028647482395
angle,1780569760603912500,2.0299999713897705,0,0.009999899193644524
angle,1780569760613912605,2.0299999713897705,0,0.010000000707805157
angle,1780569760623913097,2.0299999713897705,0,0.009999977424740791
angle,1780569760633912887,2.0299999713897705,0,0.009999941103160381
angle,1780569760643913007,2.0299999713897705,0,0.009999992325901985
angle,1780569760653913774,2.0299999713897705,0,0.009999994188547134
angle,1780569760663913765,2.0299999713897705,0,0.009999943897128105
angle,1780569760673914232,2.0299999713897705,0,0.009999986737966537
angle,1780569760683914316,2.0299999713897705,0,0.00999997928738594
angle,1780569760693914463,2.0299999713897705,0,0.009999945759773254
angle,1780569760703914646,2.0299999713897705,0,0.009999985806643963
angle,1780569760713915392,2.0299999713897705,0,0.009999996051192284
angle,1780569760723915219,2.0299999713897705,0,0.009999961592257023
angle,1780569760733915354,2.0299999713897705,0,0.009999983012676239
angle,1780569760743915738,2.0299999713897705,0,0.009999997913837433
angle,1780569760753916003,2.0299999713897705,0,0.009999937377870083
angle,1780569760763916315,2.0299999713897705,0,0.009999956004321575
angle,1780569760773916716,2.0299999713897705,0,0.009999964386224747
angle,1780569760783917293,2.0299999713897705,0,0.009999915026128292
angle,1780569760793916919,2.0299999713897705,0,0.009999992325901985
angle,1780569760803917105,2.0299999713897705,0,0.00999995693564415
angle,1780569760813917384,2.0299999713897705,0,0.00999996904283762
angle,1780569760823917933,2.0299999713897705,0,0.009999965317547321
angle,1780569760833917999,2.0299999713897705,0,0.009999966248869896
angle,1780569760843918172,2.0299999713897705,0,0.00999996718019247
angle,1780569760853918368,2.0299999713897705,0,0.009999968111515045
angle,1780569760863918682,2.0299999713897705,0,0.010000002570450306
angle,1780569760873918973,2.0299999713897705,0,0.010000001639127731
angle,1780569760883919304,2.0299999713897705,0,0.009999966248869896
angle,1780569760893919213,2.0299999713897705,0,0.009999988600611687
angle,1780569760903920182,2.0299999713897705,0,0.00999995693564415
angle,1780569760913920010,2.0299999713897705,0,0.00999989453703165
angle,1780569760923920016,2.0299999713897705,0,0.00999996718019247
angle,1780569760933920336,2.0299999713897705,0,0.009999988600611687
angle,1780569760943920670,2.0299999713897705,0,0.009999974630773067
angle,1780569760953921045,2.0299999713897705,0,0.009999975562095642
angle,1780569760963921517,2.0299999713897705,0,0.009999951347708702
angle,1780569760973921468,2.0299999713897705,0,0.009999880567193031
angle,1780569760983921614,2.0299999713897705,0,0.009999972768127918
angle,1780569760993921803,2.0299999713897705,0,0.009999957866966724
angle,1780569761003922580,2.0299999713897705,0,0.009999980218708515
angle,1780569761013922462,2.0299999713897705,0,0.010000006295740604
angle,1780569761023924657,2.0299999713897705,0,0.010000043548643589
angle,1780569761033924259,2.0299999713897705,0,0.009999839588999748
angle,1780569761043924410,2.0299999713897705,0,0.009999910369515419
angle,1780569761053923381,2.0299999713897705,0,0.009999924339354038
angle,1780569761063923796,2.0299999713897705,0,0.009999971836805344
angle,1780569761073923570,2.0299999713897705,0,0.009999955072999
angle,1780569761083924076,2.0299999713897705,0,0.009999984875321388
angle,1780569761093924282,2.0299999713897705,0,0.00999999139457941
angle,1780569761103926515,2.0299999713897705,0,0.010000048205256462
angle,1780569761113926950,2.0299999713897705,0,0.009999879635870457
angle,1780569761123927052,2.0299999713897705,0,0.009999852627515793
angle,1780569761133927285,2.0299999713897705,0,0.009999874047935009
angle,1780569761143925825,2.0299999713897705,0,0.009999927133321762
angle,1780569761153926102,2.0299999713897705,0,0.009999978356063366
angle,1780569761163926526,2.0299999713897705,0,0.009999994188547134
angle,1780569761173926491,2.0299999713897705,0,0.009999943897128105
angle,1780569761183926715,2.0299999713897705,0,0.00999995693564415
angle,1780569761193926775,2.0299999713897705,0,0.00999999139457941
angle,1780569761203927290,2.0299999713897705,0,0.009999954141676426
angle,1780569761213932991,2.0299999713897705,0,0.00999996904283762
angle,1780569761223929242,2.0299999713897705,0,0.009999998845160007
angle,1780569761233929240,2.0299999713897705,0,0.00999998115003109
angle,1780569761243929681,2.0299999713897705,0,0.009999937377870083
angle,1780569761253929830,2.0299999713897705,0,0.00999996904283762
angle,1780569761263931436,2.0299999713897705,0,0.009999954141676426
angle,1780569761273930462,2.0299999713897705,0,0.009999929927289486
angle,1780569761283930846,2.0299999713897705,0,0.00999994296580553
angle,1780569761293930730,2.0299999713897705,0,0.009999933652579784
angle,1780569761303931005,2.0299999713897705,0,0.009999997913837433
angle,1780569761313931274,2.0299999713897705,0,0.009999969974160194
angle,1780569761323931642,2.0299999713897705,0,0.009999971836805344
angle,1780569761333932067,2.0299999713897705,0,0.009999973699450493
angle,1780569761343931840,2.0299999713897705,0,0.009999990463256836
angle,1780569761353932146,2.0299999713897705,0,0.009999998845160007
angle,1780569761363933064,2.0299999713897705,0,0.009999999776482582
angle,1780569761373933008,2.0299999713897705,0,0.00999990664422512
angle,1780569761383933037,2.0299999713897705,0,0.009999984875321388
angle,1780569761393933393,2.0299999713897705,0,0.009999965317547321
angle,1780569761403933242,2.0299999713897705,0,0.009999936446547508
angle,1780569761413933682,2.0299999713897705,0,0.010000000707805157
angle,1780569761423933825,2.0299999713897705,0,0.00999999139457941
angle,1780569761433934034,2.0299999713897705,0,0.009999974630773067
angle,1780569761443934328,2.0299999713897705,0,0.00999994296580553
angle,1780569761453934735,2.0299999713897705,0,0.00999998115003109
angle,1780569761463935233,2.0299999713897705,0,0.009999904781579971
angle,1780569761473934933,2.0299999713897705,0,0.009999942034482956
angle,1780569761483935282,2.0299999713897705,0,0.009999939240515232
angle,1780569761493936850,2.0299999713897705,0,0.009999975562095642
angle,1780569761503935604,2.0299999713897705,0,0.009999875910580158
angle,1780569761513936162,2.0299999713897705,0,0.00999998115003109
angle,1780569761523936573,2.0299999713897705,0,0.009999958798289299
angle,1780569761533936748,2.0299999713897705,0,0.00999998115003109
angle,1780569761543936866,2.0299999713897705,0,0.00999994296580553
angle,1780569761553937122,2.0299999713897705,0,0.009999948553740978
angle,1780569761563938036,2.0299999713897705,0,0.010000001639127731
angle,1780569761573937481,2.0299999713897705,0,0.00999994482845068
angle,1780569761583938149,2.0299999713897705,0,0.010000001639127731
angle,1780569761593938663,2.0299999713897705,0,0.009999964386224747
angle,1780569761603940206,2.0299999713897705,0,0.009999875910580158
angle,1780569761613940585,2.0299999713897705,0,0.009999869391322136
angle,1780569761623939117,2.0299999713897705,0,0.009999892674386501
angle,1780569761633939115,2.0299999713897705,0,0.009999984875321388
angle,1780569761643939555,2.0299999713897705,0,0.009999943897128105
angle,1780569761653939892,2.0299999713897705,0,0.00999999325722456
angle,1780569761663940513,2.0299999713897705,0,0.010000006295740604
angle,1780569761673940325,2.0299999713897705,0,0.009999926201999187
angle,1780569761683940997,2.0299999713897705,0,0.009999977424740791
angle,1780569761693940886,2.0299999713897705,0,0.009999992325901985
angle,1780569761703941078,2.0299999713897705,0,0.009999968111515045
angle,1780569761713941382,2.0299999713897705,0,0.009999974630773067
angle,1780569761723941607,2.0299999713897705,0,0.009999939240515232
angle,1780569761733942020,2.0299999713897705,0,0.009999960660934448
angle,1780569761743942768,2.0299999713897705,0,0.009999990463256836
angle,1780569761753942811,2.0299999713897705,0,0.010000000707805157
angle,1780569761763943086,2.0299999713897705,0,0.009999970905482769
angle,1780569761773943090,2.0299999713897705,0,0.009999946691095829
angle,1780569761783943772,2.0299999713897705,0,0.009999998845160007
angle,1780569761793943527,2.0299999713897705,0,0.009999869391322136
angle,1780569761803944081,2.0299999713897705,0,0.010000004433095455
angle,1780569761813944114,2.0299999713897705,0,0.009999998845160007
angle,1780569761823944279,2.0299999713897705,0,0.009999943897128105
angle,1780569761833946190,2.0299999713897705,0,0.009999954141676426
angle,1780569761843946606,2.0299999713897705,0,0.009999898262321949
angle,1780569761853945547,2.0299999713897705,0,0.009999915026128292
angle,1780569761863945620,2.0299999713897705,0,0.00999999325722456
angle,1780569761873946041,2.0299999713897705,0,0.009999878704547882
angle,1780569761883947657,2.0299999713897705,0,0.009999941103160381
angle,1780569761893945910,2.0299999713897705,0,0.009999869391322136
angle,1780569761903947620,2.0299999713897705,0,0.009999943897128105
angle,1780569761913946354,2.0299999713897705,0,0.009999929927289486
angle,1780569761923948690,2.0299999713897705,0,0.009999969974160194
angle,1780569761933946854,2.0299999713897705,0,0.009999887086451054
angle,1780569761943947090,2.0299999713897705,0,0.009999945759773254
angle,1780569761953947486,2.0299999713897705,0,0.009999947622418404
angle,1780569761963948032,2.0299999713897705,0,0.009999980218708515
angle,1780569761973949989,2.0299999713897705,0,0.009999994188547134
angle,1780569761983950027,2.0299999713897705,0,0.009999912232160568
angle,1780569761993949213,2.0299999713897705,0,0.009999893605709076
angle,1780569762003948731,2.0299999713897705,0,0.009999913163483143
angle,1780569762013949194,2.0299999713897705,0,0.010000007227063179
angle,1780569762023949438,2.0299999713897705,0,0.009999985806643963
angle,1780569762033949492,2.0299999713897705,0,0.009999988600611687
angle,1780569762043949507,2.0299999713897705,0,0.009999957866966724
angle,1780569762053949848,2.0299999713897705,0,0.009999971836805344
angle,1780569762063950352,2.0299999713897705,0,0.009999957866966724
angle,1780569762073950240,2.0299999713897705,0,0.009999966248869896
angle,1780569762083950752,2.0299999713897705,0,0.009999958798289299
angle,1780569762093950748,2.0299999713897705,0,0.009999956004321575
angle,1780569762103950784,2.0299999713897705,0,0.00999996718019247
angle,1780569762113951215,2.0299999713897705,0,0.010000002570450306
angle,1780569762123951346,2.0299999713897705,0,0.009999961592257023
angle,1780569762133951835,2.0299999713897705,0,0.009999972768127918
angle,1780569762143951803,2.0299999713897705,0,0.009999980218708515
angle,1780569762153952474,2.0299999713897705,0,0.009999983012676239
angle,1780569762163952759,2.0299999713897705,0,0.010000006295740604
angle,1780569762173952564,2.0299999713897705,0,0.009999977424740791
angle,1780569762183952878,2.0299999713897705,0,0.009999934583902359
angle,1780569762193952965,2.0299999713897705,0,0.009999938309192657
angle,1780569762203953312,2.0299999713897705,0,0.009999936446547508
angle,1780569762213953542,2.0299999713897705,0,0.009999970905482769
angle,1780569762223953924,2.0299999713897705,0,0.01000000536441803
angle,1780569762233954068,2.0299999713897705,0,0.009999966248869896
angle,1780569762243954500,2.0299999713897705,0,0.009999952279031277
angle,1780569762253954402,2.0299999713897705,0,0.009999973699450493
angle,1780569762263954889,2.0299999713897705,0,0.00999995693564415
angle,1780569762273954847,2.0299999713897705,0,0.00999997928738594
angle,1780569762283955821,2.0299999713897705,0,0.009999936446547508
angle,1780569762293956216,2.0299999713897705,0,0.00999989453703165
angle,1780569762303955879,2.0299999713897705,0,0.009999986737966537
angle,1780569762313956163,2.0299999713897705,0,0.009999945759773254
angle,1780569762323956246,2.0299999713897705,0,0.00999999139457941
angle,1780569762333956929,2.0299999713897705,0,0.009999992325901985
angle,1780569762343957967,2.0299999713897705,0,0.009999964386224747
angle,1780569762355945981,2.0299999713897705,0,0.011987730860710144
angle,1780569762365946662,2.0299999713897705,0,0.009999915026128292
angle,1780569762375946059,2.0299999713897705,0,0.009999973699450493
angle,1780569762385946462,2.0299999713897705,0,0.00999989453703165
angle,1780569762395946730,2.0299999713897705,0,0.009999980218708515
angle,1780569762405946877,2.0299999713897705,0,0.00999994296580553
angle,1780569762415947059,2.0299999713897705,0,0.009999937377870083
angle,1780569762425947043,2.0299999713897705,0,0.009999992325901985
angle,1780569762435947583,2.0299999713897705,0,0.009999942034482956
angle,1780569762445947534,2.0299999713897705,0,0.009999996982514858
angle,1780569762455948251,2.0299999713897705,0,0.009999961592257023
angle,1780569762465948178,2.0299999713897705,0,0.009999974630773067
angle,1780569762475948537,2.0299999713897705,0,0.009999965317547321
angle,1780569762485948857,2.0299999713897705,0,0.009999933652579784
angle,1780569762495950622,2.0299999713897705,0,0.01000000536441803
angle,1780569762505949032,2.0299999713897705,0,0.009999915957450867
angle,1780569762515949289,2.0299999713897705,0,0.009999965317547321
angle,1780569762525949426,2.0299999713897705,0,0.009999977424740791
angle,1780569762535949598,2.0299999713897705,0,0.009999942034482956
angle,1780569762545949897,2.0299999713897705,0,0.009999996051192284
angle,1780569762555950142,2.0299999713897705,0,0.009999996982514858
angle,1780569762565950560,2.0299999713897705,0,0.00999996904283762
angle,1780569762575950908,2.0299999713897705,0,0.009999982081353664
angle,1780569762585951268,2.0299999713897705,0,0.009999937377870083
angle,1780569762595951250,2.0299999713897705,0,0.009999985806643963
angle,1780569762605951429,2.0299999713897705,0,0.009999940171837807
angle,1780569762615951588,2.0299999713897705,0,0.009999961592257023
angle,1780569762625951848,2.0299999713897705,0,0.009999955072999
angle,1780569762635952525,2.0299999713897705,0,0.00999999139457941
angle,1780569762645952270,2.0299999713897705,0,0.009999959729611874
angle,1780569762655952599,2.0299999713897705,0,0.009999958798289299
angle,1780569762665952913,2.0299999713897705,0,0.009999995119869709
angle,1780569762675953336,2.0299999713897705,0,0.009999893605709076
angle,1780569762685953733,2.0299999713897705,0,0.009999995119869709
angle,1780569762695953901,2.0299999713897705,0,0.009999975562095642
angle,1780569762705954129,2.0299999713897705,0,0.009999983012676239
angle,1780569762715954427,2.0299999713897705,0,0.010000006295740604
angle,1780569762725954858,2.0299999713897705,0,0.009999964386224747
angle,1780569762735954987,2.0299999713897705,0,0.009999999776482582
angle,1780569762745954880,2.0299999713897705,0,0.009999945759773254
angle,1780569762755955236,2.0299999713897705,0,0.009999955072999
angle,1780569762765958117,2.0299999713897705,0,0.009999956004321575
angle,1780569762775958270,2.0299999713897705,0,0.009999873116612434
angle,1780569762785958081,2.0299999713897705,0,0.009999843314290047
angle,1780569762795956351,2.0299999713897705,0,0.009999961592257023
angle,1780569762805956919,2.0299999713897705,0,0.009999999776482582
angle,1780569762815956894,2.0299999713897705,0,0.009999963454902172
angle,1780569762825957162,2.0299999713897705,0,0.009999968111515045
angle,1780569762835957335,2.0299999713897705,0,0.00999997928738594
angle,1780569762845957990,2.0299999713897705,0,0.009999995119869709
angle,1780569762855957723,2.0299999713897705,0,0.009999984875321388
angle,1780569762865958181,2.0299999713897705,0,0.009999985806643963
angle,1780569762875958323,2.0299999713897705,0,0.009999958798289299
angle,1780569762885959071,2.0299999713897705,0,0.009999964386224747
angle,1780569762895958666,2.0299999713897705,0,0.009999951347708702
angle,1780569762905959063,2.0299999713897705,0,0.00999996904283762
angle,1780569762915959190,2.0299999713897705,0,0.009999951347708702
angle,1780569762925959332,2.0299999713897705,0,0.009999966248869896
angle,1780569762935959855,2.0299999713897705,0,0.009999978356063366
angle,1780569762945959831,2.0299999713897705,0,0.009999969974160194
angle,1780569762955960052,2.0299999713897705,0,0.010000008158385754
angle,1780569762965961464,2.0299999713897705,0,0.009999969974160194
angle,1780569762975961436,2.0299999713897705,0,0.009999873116612434
angle,1780569762985961131,2.0299999713897705,0,0.009999923408031464
angle,1780569762995961060,2.0299999713897705,0,0.009999904781579971
angle,1780569763005961302,2.0299999713897705,0,0.009999948553740978
angle,1780569763015961626,2.0299999713897705,0,0.009999969974160194
angle,1780569763025961795,2.0299999713897705,0,0.009999980218708515
angle,1780569763035962162,2.0299999713897705,0,0.009999972768127918
angle,1780569763045962322,2.0299999713897705,0,0.009999999776482582
angle,1780569763055962617,2.0299999713897705,0,0.009999951347708702
angle,1780569763065963050,2.0299999713897705,0,0.00999998115003109
angle,1780569763075963707,2.0299999713897705,0,0.009999982081353664
angle,1780569763085963520,2.0299999713897705,0,0.009999886155128479
angle,1780569763095963490,2.0299999713897705,0,0.009999946691095829
angle,1780569763105964078,2.0299999713897705,0,0.009999966248869896
angle,1780569763115964005,2.0299999713897705,0,0.00999996718019247
angle,1780569763125964168,2.0299999713897705,0,0.009999952279031277
angle,1780569763135964264,2.0299999713897705,0,0.009999941103160381
angle,1780569763145964804,2.0299999713897705,0,0.009999983012676239
angle,1780569763155964963,2.0299999713897705,0,0.009999950416386127
angle,1780569763165964916,2.0299999713897705,0,0.00999994482845068
angle,1780569763175965364,2.0299999713897705,0,0.00999997928738594
angle,1780569763185966122,2.0299999713897705,0,0.009999999776482582
angle,1780569763195965661,2.0299999713897705,0,0.009999921545386314
angle,1780569763205966206,2.0299999713897705,0,0.009999992325901985
angle,1780569763215966348,2.0299999713897705,0,0.01000000536441803
angle,1780569763225966332,2.0299999713897705,0,0.009999988600611687
angle,1780569763235966702,2.0299999713897705,0,0.009999939240515232
angle,1780569763245966898,2.0299999713897705,0,0.009999966248869896
angle,1780569763255967154,2.0299999713897705,0,0.009999939240515232
angle,1780569763265967493,2.0299999713897705,0,0.009999994188547134
angle,1780569763275967958,2.0299999713897705,0,0.009999985806643963
angle,1780569763285968041,2.0299999713897705,0,0.009999961592257023
angle,1780569763295968523,2.0299999713897705,0,0.009999972768127918
angle,1780569763305968201,2.0299999713897705,0,0.009999963454902172
angle,1780569763315968571,2.0299999713897705,0,0.009999977424740791
angle,1780569763325968774,2.0299999713897705,0,0.00999996904283762
angle,1780569763335969142,2.0299999713897705,0,0.009999955072999
angle,1780569763345969639,2.0299999713897705,0,0.00999995693564415
angle,1780569763355970194,2.0299999713897705,0,0.009999938309192657
angle,1780569763365970241,2.0299999713897705,0,0.009999994188547134
angle,1780569763375970334,2.0299999713897705,0,0.010000001639127731
angle,1780569763385970835,2.0299999713897705,0,0.009999983943998814
angle,1780569763395970812,2.0299999713897705,0,0.00999995693564415
angle,1780569763405970998,2.0299999713897705,0,0.009999999776482582
angle,1780569763415971350,2.0299999713897705,0,0.009999996051192284
angle,1780569763425971568,2.0299999713897705,0,0.009999984875321388
angle,1780569763435971946,2.0299999713897705,0,0.010000008158385754
angle,1780569763445972450,2.0299999713897705,0,0.009999995119869709
angle,1780569763455972697,2.0299999713897705,0,0.009999973699450493
angle,1780569763465972683,2.0299999713897705,0,0.00999988242983818
angle,1780569763475973666,2.0299999713897705,0,0.010000004433095455
angle,1780569763485973213,2.0299999713897705,0,0.009999973699450493
angle,1780569763495975480,2.0299999713897705,0,0.009999999776482582
angle,1780569763505973606,2.0299999713897705,0,0.009999892674386501
angle,1780569763515973822,2.0299999713897705,0,0.009999942034482956
angle,1780569763525974574,2.0299999713897705,0,0.00999996718019247
angle,1780569763535974143,2.0299999713897705,0,0.009999951347708702
angle,1780569763545974571,2.0299999713897705,0,0.009999973699450493
angle,1780569763555974602,2.0299999713897705,0,0.00999995693564415
angle,1780569763565974926,2.0299999713897705,0,0.009999943897128105
angle,1780569763575976056,2.0299999713897705,0,0.009999956004321575
angle,1780569763585975284,2.0299999713897705,0,0.009999994188547134
angle,1780569763595976422,2.0299999713897705,0,0.009999938309192657
angle,1780569763605976129,2.0299999713897705,0,0.009999961592257023
angle,1780569763615975915,2.0299999713897705,0,0.009999963454902172
angle,1780569763625976005,2.0299999713897705,0,0.009999995119869709
angle,1780569763635976794,2.0299999713897705,0,0.009999974630773067
angle,1780569763645976783,2.0299999713897705,0,0.009999968111515045
angle,1780569763655976879,2.0299999713897705,0,0.009999893605709076
angle,1780569763665978344,2.0299999713897705,0,0.009999972768127918
angle,1780569763675978053,2.0299999713897705,0,0.009999946691095829
angle,1780569763685977721,2.0299999713897705,0,0.00999994482845068
angle,1780569763695980325,2.0299999713897705,0,0.009999970905482769
angle,1780569763705979415,2.0299999713897705,0,0.00999997928738594
angle,1780569763715979846,2.0299999713897705,0,0.009999964386224747
angle,1780569763725979875,2.0299999713897705,0,0.009999988600611687
angle,1780569763735980212,2.0299999713897705,0,0.009999964386224747
angle,1780569763745980301,2.0299999713897705,0,0.009999977424740791
angle,1780569763755980345,2.0299999713897705,0,0.00999998115003109
angle,1780569763765980623,2.0299999713897705,0,0.009999939240515232
angle,1780569763775981390,2.0299999713897705,0,0.009999980218708515
angle,1780569763785981285,2.0299999713897705,0,0.009999956004321575
angle,1780569763795981380,2.0299999713897705,0,0.009999943897128105
angle,1780569763805981666,2.0299999713897705,0,0.009999888017773628
angle,1780569763815982252,2.0299999713897705,0,0.009999992325901985
angle,1780569763825982302,2.0299999713897705,0,0.009999995119869709
angle,1780569763835982613,2.0299999713897705,0,0.010000002570450306
angle,1780569763845983035,2.0299999713897705,0,0.009999942034482956
angle,1780569763855983188,2.0299999713897705,0,0.009999942034482956
angle,1780569763865983770,2.0299999713897705,0,0.00999998115003109
angle,1780569763875983893,2.0299999713897705,0,0.010000002570450306
angle,1780569763885983907,2.0299999713897705,0,0.009999961592257023
angle,1780569763895984222,2.0299999713897705,0,0.009999938309192657
angle,1780569763905984312,2.0299999713897705,0,0.009999971836805344
angle,1780569763915984594,2.0299999713897705,0,0.009999950416386127
angle,1780569763925984740,2.0299999713897705,0,0.009999980218708515
angle,1780569763935986270,2.0299999713897705,0,0.009999955072999
angle,1780569763945985284,2.0299999713897705,0,0.009999937377870083
angle,1780569763955986055,2.0299999713897705,0,0.010000001639127731
angle,1780569763965986088,2.0299999713897705,0,0.009999950416386127
angle,1780569763975987984,2.0299999713897705,0,0.010000000707805157
angle,1780569763985986133,2.0299999713897705,0,0.009999928064644337
angle,1780569763995986764,2.0299999713897705,0,0.009999950416386127
angle,1780569764005987800,2.0299999713897705,0,0.009999926201999187
angle,1780569764015987086,2.0299999713897705,0,0.009999983012676239
angle,1780569764025987144,2.0299999713897705,0,0.009999905712902546
angle,1780569764035987299,2.0299999713897705,0,0.009999978356063366
angle,1780569764045987570,2.0299999713897705,0,0.00999998115003109
angle,1780569764055987918,2.0299999713897705,0,0.009999983943998814
angle,1780569764065988157,2.0299999713897705,0,0.010000001639127731
angle,1780569764075988779,2.0299999713897705,0,0.009999990463256836
angle,1780569764085988947,2.0299999713897705,0,0.00999996904283762
angle,1780569764095989668,2.0299999713897705,0,0.009999936446547508
angle,1780569764105989462,2.0299999713897705,0,0.009999985806643963
angle,1780569764115989300,2.0299999713897705,0,0.009999986737966537
angle,1780569764125989731,2.0299999713897705,0,0.009999986737966537
angle,1780569764135990709,2.0299999713897705,0,0.00999999139457941
angle,1780569764145990247,2.0299999713897705,0,0.0099998963996768
angle,1780569764155990656,2.0299999713897705,0,0.009999984875321388
angle,1780569764165990609,2.0299999713897705,0,0.009999968111515045
angle,1780569764175990931,2.0299999713897705,0,0.010000006295740604
angle,1780569764185991043,2.0299999713897705,0,0.009999956004321575
angle,1780569764195991998,2.0299999713897705,0,0.01000000536441803
angle,1780569764205991661,2.0299999713897705,0,0.009999964386224747
angle,1780569764215991988,2.0299999713897705,0,0.009999946691095829
angle,1780569764225992118,2.0299999713897705,0,0.009999954141676426
angle,1780569764235992610,2.0299999713897705,0,0.00999995693564415
angle,1780569764245992534,2.0299999713897705,0,0.009999983012676239
angle,1780569764255995629,2.0299999713897705,0,0.010000099427998066
angle,1780569764265993125,2.0299999713897705,0,0.00999988429248333
angle,1780569764275993410,2.0299999713897705,0,0.009999990463256836
angle,1780569764285993820,2.0299999713897705,0,0.009999948553740978
angle,1780569764295993867,2.0299999713897705,0,0.009999987669289112
angle,1780569764305994289,2.0299999713897705,0,0.009999994188547134
angle,1780569764315996734,2.0299999713897705,0,0.010000020265579224
angle,1780569764325996255,2.0299999713897705,0,0.009999879635870457
angle,1780569764335994756,2.0299999713897705,0,0.009999899193644524
angle,1780569764345995210,2.0299999713897705,0,0.009999966248869896
angle,1780569764355995184,2.0299999713897705,0,0.009999904781579971
angle,1780569764365995628,2.0299999713897705,0,0.009999942034482956
angle,1780569764375995668,2.0299999713897705,0,0.009999959729611874
angle,1780569764385996034,2.0299999713897705,0,0.009999957866966724
angle,1780569764395996554,2.0299999713897705,0,0.009999946691095829
angle,1780569764405996402,2.0299999713897705,0,0.009999975562095642
angle,1780569764415996561,2.0299999713897705,0,0.009999982081353664
angle,1780569764425997067,2.0299999713897705,0,0.009999994188547134
angle,1780569764435997292,2.0299999713897705,0,0.009999950416386127
angle,1780569764445997608,2.0299999713897705,0,0.009999968111515045
angle,1780569764455997702,2.0299999713897705,0,0.009999933652579784
angle,1780569764465997926,2.0299999713897705,0,0.009999982081353664
angle,1780569764475998124,2.0299999713897705,0,0.00999998115003109
angle,1780569764485998731,2.0299999713897705,0,0.00999999139457941
angle,1780569764496001048,2.0299999713897705,0,0.009999919682741165
angle,1780569764505998929,2.0299999713897705,0,0.009999919682741165
angle,1780569764515999283,2.0299999713897705,0,0.00999995693564415
angle,1780569764526000381,2.0299999713897705,0,0.009999946691095829
angle,1780569764535999964,2.0299999713897705,0,0.009999947622418404
angle,1780569764545999930,2.0299999713897705,0,0.009999982081353664
angle,1780569764556000188,2.0299999713897705,0,0.009999980218708515
angle,1780569764566000330,2.0299999713897705,0,0.009999977424740791
angle,1780569764576000676,2.0299999713897705,0,0.009999941103160381
angle,1780569764586000910,2.0299999713897705,0,0.009999973699450493
angle,1780569764596001534,2.0299999713897705,0,0.00999994482845068
angle,1780569764606001263,2.0299999713897705,0,0.009999986737966537
angle,1780569764616001936,2.0299999713897705,0,0.009999969974160194
angle,1780569764626001712,2.0299999713897705,0,0.009999957866966724
angle,1780569764636002000,2.0299999713897705,0,0.009999954141676426
angle,1780569764646002160,2.0299999713897705,0,0.009999939240515232
angle,1780569764656002217,2.0299999713897705,0,0.009999951347708702
angle,1780569764666002523,2.0299999713897705,0,0.009999972768127918
angle,1780569764676002725,2.0299999713897705,0,0.009999947622418404
angle,1780569764686003476,2.0299999713897705,0,0.010000018402934074
angle,1780569764696003263,2.0299999713897705,0,0.009999899193644524
angle,1780569764706003774,2.0299999713897705,0,0.00999996904283762
angle,1780569764716003800,2.0299999713897705,0,0.009999971836805344
angle,1780569764726003899,2.0299999713897705,0,0.00999999325722456
angle,1780569764736004207,2.0299999713897705,0,0.00999994482845068
angle,1780569764746004693,2.0299999713897705,0,0.00999995693564415
angle,1780569764756005125,2.0299999713897705,0,0.00999996904283762
angle,1780569764766004722,2.0299999713897705,0,0.00999994482845068
angle,1780569764776005056,2.0299999713897705,0,0.009999990463256836
angle,1780569764786005606,2.0299999713897705,0,0.009999977424740791
angle,1780569764796006644,2.0299999713897705,0,0.009999941103160381
angle,1780569764806005866,2.0299999713897705,0,0.00999996904283762
angle,1780569764816005935,2.0299999713897705,0,0.009999957866966724
angle,1780569764826006644,2.0299999713897705,0,0.009999973699450493
angle,1780569764836006787,2.0299999713897705,0,0.009999971836805344
angle,1780569764846006954,2.0299999713897705,0,0.009999973699450493
angle,1780569764856006934,2.0299999713897705,0,0.009999980218708515
angle,1780569764866007318,2.0299999713897705,0,0.009999957866966724
angle,1780569764876007434,2.0299999713897705,0,0.009999973699450493
angle,1780569764886007877,2.0299999713897705,0,0.010000002570450306
angle,1780569764896008353,2.0299999713897705,0,0.009999936446547508
angle,1780569764906008268,2.0299999713897705,0,0.009999876841902733
angle,1780569764916008619,2.0299999713897705,0,0.010000000707805157
angle,1780569764926008706,2.0299999713897705,0,0.009999951347708702
angle,1780569764936008809,2.0299999713897705,0,0.009999974630773067
angle,1780569764946009132,2.0299999713897705,0,0.009999948553740978
angle,1780569764956009394,2.0299999713897705,0,0.009999966248869896
angle,1780569764966009496,2.0299999713897705,0,0.00999994296580553
angle,1780569764976009752,2.0299999713897705,0,0.009999961592257023
angle,1780569764986010769,2.0299999713897705,0,0.009999985806643963
angle,1780569764996010379,2.0299999713897705,0,0.009999947622418404
angle,1780569765006010425,2.0299999713897705,0,0.009999972768127918
angle,1780569765016010485,2.0299999713897705,0,0.009999999776482582
angle,1780569765026010932,2.0299999713897705,0,0.009999988600611687
angle,1780569765036011170,2.0299999713897705,0,0.009999957866966724
angle,1780569765046011567,2.0299999713897705,0,0.009999973699450493
angle,1780569765056011654,2.0299999713897705,0,0.009999936446547508
angle,1780569765066011938,2.0299999713897705,0,0.009999946691095829
angle,1780569765076012512,2.0299999713897705,0,0.010000001639127731
angle,1780569765086012589,2.0299999713897705,0,0.010000008158385754
angle,1780569765096012922,2.0299999713897705,0,0.010000001639127731
angle,1780569765106012900,2.0299999713897705,0,0.009999996051192284
angle,1780569765116013353,2.0299999713897705,0,0.009999955072999
angle,1780569765126013618,2.0299999713897705,0,0.009999941103160381
angle,1780569765136013764,2.0299999713897705,0,0.009999992325901985
angle,1780569765146014133,2.0299999713897705,0,0.009999998845160007
angle,1780569765156014371,2.0299999713897705,0,0.009999977424740791
angle,1780569765166014954,2.0299999713897705,0,0.010000004433095455
angle,1780569765176015066,2.0299999713897705,0,0.010000000707805157
angle,1780569765186015304,2.0299999713897705,0,0.009999911300837994
angle,1780569765196015437,2.0299999713897705,0,0.00999993272125721
angle,1780569765206015818,2.0299999713897705,0,0.009999941103160381
angle,1780569765216016797,2.0299999713897705,0,0.009999963454902172
angle,1780569765226016171,2.0299999713897705,0,0.009999951347708702
angle,1780569765236016691,2.0299999713897705,0,0.009999952279031277
angle,1780569765246016605,2.0299999713897705,0,0.009999960660934448
angle,1780569765256017260,2.0299999713897705,0,0.009999933652579784
angle,1780569765266017011,2.0299999713897705,0,0.009999953210353851
angle,1780569765276017378,2.0299999713897705,0,0.009999954141676426
angle,1780569765286017940,2.0299999713897705,0,0.009999942034482956
angle,1780569765296017917,2.0299999713897705,0,0.009999988600611687
angle,1780569765306018167,2.0299999713897705,0,0.010000009089708328
angle,1780569765316018192,2.0299999713897705,0,0.009999994188547134
angle,1780569765326018504,2.0299999713897705,0,0.010000004433095455
angle,1780569765336018765,2.0299999713897705,0,0.009999971836805344
angle,1780569765346019330,2.0299999713897705,0,0.009999978356063366
angle,1780569765356019284,2.0299999713897705,0,0.009999995119869709
angle,1780569765366019764,2.0299999713897705,0,0.00999997928738594
angle,1780569765376019709,2.0299999713897705,0,0.009999923408031464
angle,1780569765386020650,2.0299999713897705,0,0.009999898262321949
angle,1780569765396019998,2.0299999713897705,0,0.009999936446547508
angle,1780569765406020924,2.0299999713897705,0,0.009999954141676426
angle,1780569765416020627,2.0299999713897705,0,0.009999941103160381
angle,1780569765426021024,2.0299999713897705,0,0.009999947622418404
angle,1780569765436021048,2.0299999713897705,0,0.009999996051192284
angle,1780569765446021349,2.0299999713897705,0,0.00999999325722456
angle,1780569765456022764,2.0299999713897705,0,0.00999998115003109
angle,1780569765466021790,2.0299999713897705,0,0.00999993085861206
angle,1780569765476023354,2.0299999713897705,0,0.009999952279031277
angle,1780569765486022739,2.0299999713897705,0,0.009999971836805344
angle,1780569765496024918,2.0299999713897705,0,0.009999982081353664
angle,1780569765506023537,2.0299999713897705,0,0.009999875910580158
angle,1780569765516023277,2.0299999713897705,0,0.009999913163483143
angle,1780569765526023402,2.0299999713897705,0,0.009999964386224747
angle,1780569765536023825,2.0299999713897705,0,0.00999995693564415
angle,1780569765546023746,2.0299999713897705,0,0.009999985806643963
angle,1780569765556024026,2.0299999713897705,0,0.00999997928738594
angle,1780569765566024242,2.0299999713897705,0,0.009999965317547321
angle,1780569765576024684,2.0299999713897705,0,0.009999970905482769
angle,1780569765586025286,2.0299999713897705,0,0.01000004168599844
angle,1780569765596025475,2.0299999713897705,0,0.009999902918934822
angle,1780569765606025643,2.0299999713897705,0,0.009999961592257023
angle,1780569765616025571,2.0299999713897705,0,0.009999934583902359
angle,1780569765626025974,2.0299999713897705,0,0.00999996904283762
angle,1780569765636026226,2.0299999713897705,0,0.009999996051192284
angle,1780569765646026439,2.0299999713897705,0,0.009999969974160194
angle,1780569765656026605,2.0299999713897705,0,0.009999973699450493
angle,1780569765666026998,2.0299999713897705,0,0.009999973699450493
angle,1780569765676027082,2.0299999713897705,0,0.009999984875321388
angle,1780569765686027985,2.0299999713897705,0,0.009999998845160007
angle,1780569765696027590,2.0299999713897705,0,0.009999952279031277
angle,1780569765706028168,2.0299999713897705,0,0.009999942034482956
angle,1780569765716028407,2.0299999713897705,0,0.009999871253967285
angle,1780569765726028185,2.0299999713897705,0,0.009999983943998814
angle,1780569765736028490,2.0299999713897705,0,0.009999975562095642
angle,1780569765746028731,2.0299999713897705,0,0.009999934583902359
angle,1780569765756028967,2.0299999713897705,0,0.009999960660934448
angle,1780569765766029620,2.0299999713897705,0,0.009999955072999
angle,1780569765776029314,2.0299999713897705,0,0.009999956004321575
angle,1780569765786029566,2.0299999713897705,0,0.009999959729611874
angle,1780569765796030162,2.0299999713897705,0,0.009999998845160007
angle,1780569765806030429,2.0299999713897705,0,0.010000002570450306
angle,1780569765816030262,2.0299999713897705,0,0.009999971836805344
angle,1780569765826030491,2.0299999713897705,0,0.009999937377870083
angle,1780569765836030807,2.0299999713897705,0,0.009999998845160007
angle,1780569765846031132,2.0299999713897705,0,0.010000004433095455
angle,1780569765856031294,2.0299999713897705,0,0.009999996051192284
angle,1780569765866031648,2.0299999713897705,0,0.009999941103160381
angle,1780569765876031759,2.0299999713897705,0,0.009999939240515232
angle,1780569765886032000,2.0299999713897705,0,0.009999952279031277
angle,1780569765896032280,2.0299999713897705,0,0.009999956004321575
angle,1780569765906033085,2.0299999713897705,0,0.00999988429248333
angle,1780569765916032536,2.0299999713897705,0,0.009999933652579784
angle,1780569765926032667,2.0299999713897705,0,0.009999948553740978
angle,1780569765936033310,2.0299999713897705,0,0.009999986737966537
angle,1780569765946033494,2.0299999713897705,0,0.009999980218708515
angle,1780569765956033649,2.0299999713897705,0,0.009999960660934448
angle,1780569765966034191,2.0299999713897705,0,0.010000007227063179
angle,1780569765976036219,2.0299999713897705,0,0.009999971836805344
angle,1780569765986034493,2.0299999713897705,0,0.009999902918934822
angle,1780569765996034949,2.0299999713897705,0,0.009999938309192657
angle,1780569766006035408,2.0299999713897705,0,0.010000006295740604
angle,1780569766016035116,2.0299999713897705,0,0.009999934583902359
angle,1780569766026035348,2.0299999713897705,0,0.009999952279031277
angle,1780569766036035621,2.0299999713897705,0,0.009999996051192284
angle,1780569766046035958,2.0299999713897705,0,0.009999995119869709
angle,1780569766056037163,2.0299999713897705,0,0.009999970905482769
angle,1780569766066036721,2.0299999713897705,0,0.00999993272125721
angle,1780569766076036609,2.0299999713897705,0,0.009999948553740978
angle,1780569766086036889,2.0299999713897705,0,0.009999999776482582
angle,1780569766096038225,2.0299999713897705,0,0.009999965317547321
angle,1780569766106037543,2.0299999713897705,0,0.009999997913837433
angle,1780569766116037581,2.0299999713897705,0,0.009999901056289673
angle,1780569766126038999,2.0299999713897705,0,0.009999966248869896
angle,1780569766136039562,2.0299999713897705,0,0.009999885223805904
angle,1780569766146040224,2.0299999713897705,0,0.009999912232160568
angle,1780569766156038628,2.0299999713897705,0,0.009999901987612247
angle,1780569766166038949,2.0299999713897705,0,0.01000000536441803
angle,1780569766176039142,2.0299999713897705,0,0.009999939240515232
angle,1780569766186039333,2.0299999713897705,0,0.009999999776482582
angle,1780569766196039866,2.0299999713897705,0,0.00999997928738594
angle,1780569766206039854,2.0299999713897705,0,0.009999942034482956
angle,1780569766216040195,2.0299999713897705,0,0.009999933652579784
angle,1780569766226040221,2.0299999713897705,0,0.009999871253967285
angle,1780569766236040434,2.0299999713897705,0,0.009999951347708702
angle,1780569766246040596,2.0299999713897705,0,0.010000000707805157
angle,1780569766256041978,2.0299999713897705,0,0.009999960660934448
angle,1780569766266041447,2.0299999713897705,0,0.009999957866966724
angle,1780569766276041560,2.0299999713897705,0,0.009999945759773254
angle,1780569766286041581,2.0299999713897705,0,0.00999997928738594
angle,1780569766296041921,2.0299999713897705,0,0.009999904781579971
angle,1780569766306041999,2.0299999713897705,0,0.009999960660934448
angle,1780569766316042137,2.0299999713897705,0,0.010000009089708328
angle,1780569766326042338,2.0299999713897705,0,0.009999978356063366
angle,1780569766336042571,2.0299999713897705,0,0.009999982081353664
angle,1780569766346042774,2.0299999713897705,0,0.009999988600611687
angle,1780569766356043635,2.0299999713897705,0,0.009999948553740978
angle,1780569766366043594,2.0299999713897705,0,0.009999998845160007
angle,1780569766376044555,2.0299999713897705,0,0.010000006295740604
angle,1780569766386044111,2.0299999713897705,0,0.009999928064644337
angle,1780569766396044700,2.0299999713897705,0,0.009999994188547134
angle,1780569766406044577,2.0299999713897705,0,0.00999996904283762
angle,1780569766416044653,2.0299999713897705,0,0.009999996982514858
angle,1780569766426044830,2.0299999713897705,0,0.009999977424740791
angle,1780569766436045409,2.0299999713897705,0,0.009999980218708515
angle,1780569766446047791,2.0299999713897705,0,0.009999951347708702
angle,1780569766456047164,2.0299999713897705,0,0.00999981164932251
angle,1780569766466046485,2.0299999713897705,0,0.009999915957450867
angle,1780569766476046135,2.0299999713897705,0,0.009999937377870083
angle,1780569766486046379,2.0299999713897705,0,0.009999946691095829
angle,1780569766496047123,2.0299999713897705,0,0.010000001639127731
angle,1780569766506049199,2.0299999713897705,0,0.01000000536441803
angle,1780569766516047240,2.0299999713897705,0,0.00999994296580553
angle,1780569766526047406,2.0299999713897705,0,0.009999951347708702
angle,1780569766536047370,2.0299999713897705,0,0.009999960660934448
angle,1780569766546047832,2.0299999713897705,0,0.009999986737966537
angle,1780569766556048237,2.0299999713897705,0,0.009999980218708515
angle,1780569766566048418,2.0299999713897705,0,0.00999997928738594
angle,1780569766576048540,2.0299999713897705,0,0.010000000707805157
angle,1780569766586049182,2.0299999713897705,0,0.009999937377870083
angle,1780569766596049253,2.0299999713897705,0,0.009999945759773254
angle,1780569766606049400,2.0299999713897705,0,0.00999994296580553
angle,1780569766616049641,2.0299999713897705,0,0.010000009089708328
angle,1780569766626049806,2.0299999713897705,0,0.009999969974160194
angle,1780569766636049999,2.0299999713897705,0,0.009999992325901985
angle,1780569766646050472,2.0299999713897705,0,0.009999957866966724
angle,1780569766656050464,2.0299999713897705,0,0.009999946691095829
angle,1780569766666051005,2.0299999713897705,0,0.00999996904283762
angle,1780569766676051420,2.0299999713897705,0,0.009999978356063366
angle,1780569766686051379,2.0299999713897705,0,0.009999998845160007
angle,1780569766696052233,2.0299999713897705,0,0.009999919682741165
angle,1780569766706051830,2.0299999713897705,0,0.009999977424740791
angle,1780569766716052137,2.0299999713897705,0,0.00999995693564415
angle,1780569766726052394,2.0299999713897705,0,0.009999969974160194
angle,1780569766736052585,2.0299999713897705,0,0.009999975562095642
angle,1780569766746053182,2.0299999713897705,0,0.00999999139457941
angle,1780569766756053075,2.0299999713897705,0,0.009999977424740791
angle,1780569766766053381,2.0299999713897705,0,0.009999997913837433
angle,1780569766776053594,2.0299999713897705,0,0.009999942034482956
angle,1780569766786053925,2.0299999713897705,0,0.009999997913837433
angle,1780569766796054346,2.0299999713897705,0,0.010000006295740604
angle,1780569766806054325,2.0299999713897705,0,0.00999990664422512
angle,1780569766816054464,2.0299999713897705,0,0.00999993085861206
angle,1780569766826054822,2.0299999713897705,0,0.009999983943998814
angle,1780569766836054892,2.0299999713897705,0,0.009999936446547508
angle,1780569766846055469,2.0299999713897705,0,0.009999952279031277
angle,1780569766856055348,2.0299999713897705,0,0.009999987669289112
angle,1780569766866055785,2.0299999713897705,0,0.009999990463256836
angle,1780569766876056297,2.0299999713897705,0,0.009999950416386127
angle,1780569766886056274,2.0299999713897705,0,0.009999948553740978
angle,1780569766896056250,2.0299999713897705,0,0.009999941103160381
angle,1780569766906057373,2.0299999713897705,0,0.009999978356063366
angle,1780569766916056886,2.0299999713897705,0,0.009999946691095829
angle,1780569766926056927,2.0299999713897705,0,0.009999998845160007
angle,1780569766936057036,2.0299999713897705,0,0.009999982081353664
angle,1780569766946057083,2.0299999713897705,0,0.009999971836805344
angle,1780569766956057458,2.0299999713897705,0,0.009999980218708515
angle,1780569766966058237,2.0299999713897705,0,0.009999953210353851
angle,1780569766976058158,2.0299999713897705,0,0.009999982081353664
angle,1780569766986058346,2.0299999713897705,0,0.009999956004321575
angle,1780569766996058692,2.0299999713897705,0,0.00999999139457941
angle,1780569767006058718,2.0299999713897705,0,0.009999996051192284
angle,1780569767016059048,2.0299999713897705,0,0.009999999776482582
angle,1780569767026059275,2.0299999713897705,0,0.009999965317547321
angle,1780569767036059338,2.0299999713897705,0,0.009999954141676426
angle,1780569767046059561,2.0299999713897705,0,0.00999999139457941
angle,1780569767056059821,2.0299999713897705,0,0.009999986737966537
angle,1780569767066060140,2.0299999713897705,0,0.009999977424740791
angle,1780569767076060210,2.0299999713897705,0,0.009999943897128105
angle,1780569767086060590,2.0299999713897705,0,0.009999986737966537
angle,1780569767096061288,2.0299999713897705,0,0.009999998845160007
angle,1780569767106061297,2.0299999713897705,0,0.009999938309192657
angle,1780569767116061427,2.0299999713897705,0,0.009999968111515045
angle,1780569767126061598,2.0299999713897705,0,0.009999975562095642
angle,1780569767136061757,2.0299999713897705,0,0.009999960660934448
angle,1780569767146061962,2.0299999713897705,0,0.009999982081353664
angle,1780569767156062158,2.0299999713897705,0,0.009999943897128105
angle,1780569767166062592,2.0299999713897705,0,0.010000007227063179
angle,1780569767176063103,2.0299999713897705,0,0.009999936446547508
angle,1780569767186063276,2.0299999713897705,0,0.009999947622418404
angle,1780569767196063282,2.0299999713897705,0,0.009999966248869896
angle,1780569767206063451,2.0299999713897705,0,0.010000000707805157
angle,1780569767216063808,2.0299999713897705,0,0.009999938309192657
angle,1780569767226065977,2.0299999713897705,0,0.009999946691095829
angle,1780569767236065463,2.0299999713897705,0,0.009999938309192657
angle,1780569767246064174,2.0299999713897705,0,0.009999885223805904
angle,1780569767256064401,2.0299999713897705,0,0.009999943897128105
angle,1780569767266064720,2.0299999713897705,0,0.009999969974160194
angle,1780569767276065284,2.0299999713897705,0,0.009999988600611687
angle,1780569767286065698,2.0299999713897705,0,0.009999974630773067
angle,1780569767296065499,2.0299999713897705,0,0.009999966248869896
angle,1780569767306065752,2.0299999713897705,0,0.009999985806643963
angle,1780569767316066021,2.0299999713897705,0,0.009999971836805344
angle,1780569767326066322,2.0299999713897705,0,0.009999995119869709
angle,1780569767336066745,2.0299999713897705,0,0.010000000707805157
angle,1780569767346067061,2.0299999713897705,0,0.009999951347708702
angle,1780569767356067031,2.0299999713897705,0,0.009999959729611874
angle,1780569767366067577,2.0299999713897705,0,0.010000010952353477
angle,1780569767376067553,2.0299999713897705,0,0.009999999776482582
angle,1780569767386068012,2.0299999713897705,0,0.009999948553740978
angle,1780569767396068142,2.0299999713897705,0,0.009999942034482956
angle,1780569767406068348,2.0299999713897705,0,0.009999945759773254
angle,1780569767416068957,2.0299999713897705,0,0.009999969974160194
angle,1780569767426068776,2.0299999713897705,0,0.009999951347708702
angle,1780569767436069753,2.0299999713897705,0,0.010000001639127731
angle,1780569767446069107,2.0299999713897705,0,0.00999996718019247
angle,1780569767456069385,2.0299999713897705,0,0.009999983943998814
angle,1780569767466069713,2.0299999713897705,0,0.009999943897128105
angle,1780569767476070058,2.0299999713897705,0,0.009999980218708515
angle,1780569767486070154,2.0299999713897705,0,0.009999951347708702
angle,1780569767496070611,2.0299999713897705,0,0.00999993272125721
angle,1780569767506072580,2.0299999713897705,0,0.00999997928738594
angle,1780569767516070798,2.0299999713897705,0,0.009999950416386127
angle,1780569767526070843,2.0299999713897705,0,0.009999942034482956
angle,1780569767536071684,2.0299999713897705,0,0.009999952279031277
angle,1780569767546071584,2.0299999713897705,0,0.00999999139457941
angle,1780569767556071835,2.0299999713897705,0,0.009999942034482956
angle,1780569767566072093,2.0299999713897705,0,0.010000000707805157
angle,1780569767576072229,2.0299999713897705,0,0.009999945759773254
angle,1780569767586073106,2.0299999713897705,0,0.009999938309192657
angle,1780569767596072772,2.0299999713897705,0,0.009999913163483143
angle,1780569767606072967,2.0299999713897705,0,0.009999965317547321
angle,1780569767616073309,2.0299999713897705,0,0.009999916888773441
angle,1780569767626073667,2.0299999713897705,0,0.009999969974160194
angle,1780569767636073447,2.0299999713897705,0,0.009999940171837807
angle,1780569767646073570,2.0299999713897705,0,0.00999999139457941
angle,1780569767656074014,2.0299999713897705,0,0.009999964386224747
angle,1780569767666074276,2.0299999713897705,0,0.009999937377870083
angle,1780569767676074564,2.0299999713897705,0,0.009999966248869896
angle,1780569767686074742,2.0299999713897705,0,0.009999966248869896
angle,1780569767696074966,2.0299999713897705,0,0.009999984875321388
angle,1780569767706075495,2.0299999713897705,0,0.009999973699450493
angle,1780569767716076308,2.0299999713897705,0,0.00999991875141859
angle,1780569767726075582,2.0299999713897705,0,0.009999971836805344
angle,1780569767736075785,2.0299999713897705,0,0.009999970905482769
angle,1780569767747616159,2.0299999713897705,0,0.011539735831320286
angle,1780569767757616831,2.0299999713897705,0,0.009999925270676613
angle,1780569767767617171,2.0299999713897705,0,0.009999958798289299
angle,1780569767777617510,2.0299999713897705,0,0.00999998115003109
angle,1780569767787619743,2.0299999713897705,0,0.009999936446547508
angle,1780569767797620199,2.0299999713897705,0,0.009999907575547695
angle,1780569767807619934,2.0299999713897705,0,0.009999885223805904
angle,1780569767817618705,2.0299999713897705,0,0.00999992061406374
angle,1780569767827618723,2.0299999713897705,0,0.00999994296580553
angle,1780569767837618958,2.0299999713897705,0,0.009999978356063366
angle,1780569767847619411,2.0299999713897705,0,0.00999994482845068
angle,1780569767857619344,2.0299999713897705,0,0.009999917820096016
angle,1780569767867619525,2.0299999713897705,0,0.009999942034482956
angle,1780569767877620033,2.0299999713897705,0,0.01000000536441803
angle,1780569767887620126,2.0299999713897705,0,0.009999898262321949
angle,1780569767897620101,2.0299999713897705,0,0.009999936446547508
angle,1780569767907620555,2.0299999713897705,0,0.00999998115003109
angle,1780569767917620848,2.0299999713897705,0,0.009999963454902172
angle,1780569767927620964,2.0299999713897705,0,0.009999996982514858
angle,1780569767937621172,2.0299999713897705,0,0.009999938309192657
angle,1780569767947621215,2.0299999713897705,0,0.009999940171837807
angle,1780569767957622015,2.0299999713897705,0,0.009999947622418404
angle,1780569767967622018,2.0299999713897705,0,0.009999960660934448
angle,1780569767977623541,2.0299999713897705,0,0.009999933652579784
angle,1780569767987622182,2.0299999713897705,0,0.009999923408031464
angle,1780569767997622450,2.0299999713897705,0,0.00999995693564415
angle,1780569768007623290,2.0299999713897705,0,0.009999977424740791
angle,1780569768017624372,2.0299999713897705,0,0.010000006295740604
angle,1780569768027623292,2.0299999713897705,0,0.009999921545386314
angle,1780569768037623364,2.0299999713897705,0,0.009999958798289299
angle,1780569768047623567,2.0299999713897705,0,0.009999938309192657
angle,1780569768057623896,2.0299999713897705,0,0.009999975562095642
angle,1780569768067624001,2.0299999713897705,0,0.00999994482845068
angle,1780569768077624336,2.0299999713897705,0,0.010000002570450306
angle,1780569768087624961,2.0299999713897705,0,0.009999974630773067
angle,1780569768097625018,2.0299999713897705,0,0.009999939240515232
angle,1780569768107625766,2.0299999713897705,0,0.010000009089708328
angle,1780569768117625458,2.0299999713897705,0,0.009999919682741165
angle,1780569768127625490,2.0299999713897705,0,0.009999958798289299
angle,1780569768137625862,2.0299999713897705,0,0.009999980218708515
angle,1780569768147626005,2.0299999713897705,0,0.009999972768127918
angle,1780569768157626715,2.0299999713897705,0,0.009999965317547321
angle,1780569768167627049,2.0299999713897705,0,0.009999955072999
angle,1780569768177627066,2.0299999713897705,0,0.009999959729611874
angle,1780569768187627042,2.0299999713897705,0,0.009999980218708515
angle,1780569768197627215,2.0299999713897705,0,0.009999948553740978
angle,1780569768207627755,2.0299999713897705,0,0.009999999776482582
angle,1780569768217628181,2.0299999713897705,0,0.009999983012676239
angle,1780569768227628120,2.0299999713897705,0,0.009999982081353664
angle,1780569768237628351,2.0299999713897705,0,0.009999984875321388
angle,1780569768247628500,2.0299999713897705,0,0.009999980218708515
angle,1780569768257628744,2.0299999713897705,0,0.009999987669289112
angle,1780569768267629560,2.0299999713897705,0,0.009999953210353851
angle,1780569768277629206,2.0299999713897705,0,0.009999980218708515
angle,1780569768287629514,2.0299999713897705,0,0.009999961592257023
angle,1780569768297629686,2.0299999713897705,0,0.009999953210353851
angle,1780569768307630578,2.0299999713897705,0,0.009999974630773067
angle,1780569768317630547,2.0299999713897705,0,0.009999939240515232
angle,1780569768327630416,2.0299999713897705,0,0.009999971836805344
angle,1780569768337630900,2.0299999713897705,0,0.009999996051192284
angle,1780569768347630960,2.0299999713897705,0,0.010000007227063179
angle,1780569768357631555,2.0299999713897705,0,0.009999977424740791
angle,1780569768367631693,2.0299999713897705,0,0.00999996904283762
angle,1780569768377631941,2.0299999713897705,0,0.009999997913837433
angle,1780569768387632190,2.0299999713897705,0,0.009999990463256836
angle,1780569768397632586,2.0299999713897705,0,0.009999939240515232
angle,1780569768407634140,2.0299999713897705,0,0.009999971836805344
angle,1780569768417633331,2.0299999713897705,0,0.009999880567193031
angle,1780569768427633158,2.0299999713897705,0,0.009999997913837433
angle,1780569768437633666,2.0299999713897705,0,0.009999963454902172
angle,1780569768447633722,2.0299999713897705,0,0.009999965317547321
angle,1780569768457633988,2.0299999713897705,0,0.009999994188547134
angle,1780569768467634049,2.0299999713897705,0,0.009999940171837807
angle,1780569768477634413,2.0299999713897705,0,0.009999984875321388
angle,1780569768487635120,2.0299999713897705,0,0.009999954141676426
angle,1780569768497634764,2.0299999713897705,0,0.009999953210353851
angle,1780569768507636555,2.0299999713897705,0,0.009999945759773254
angle,1780569768517635434,2.0299999713897705,0,0.009999926201999187
angle,1780569768527635734,2.0299999713897705,0,0.009999997913837433
angle,1780569768537635673,2.0299999713897705,0,0.009999971836805344
angle,1780569768547636078,2.0299999713897705,0,0.009999982081353664
angle,1780569768557636176,2.0299999713897705,0,0.009999952279031277
angle,1780569768567636388,2.0299999713897705,0,0.009999948553740978
angle,1780569768577636517,2.0299999713897705,0,0.00999994482845068
angle,1780569768587637199,2.0299999713897705,0,0.009999968111515045
angle,1780569768597637225,2.0299999713897705,0,0.009999957866966724
angle,1780569768607638300,2.0299999713897705,0,0.009999983012676239
angle,1780569768617637797,2.0299999713897705,0,0.009999966248869896
angle,1780569768627638104,2.0299999713897705,0,0.009999983943998814
angle,1780569768637638338,2.0299999713897705,0,0.009999983943998814
angle,1780569768647638552,2.0299999713897705,0,0.00999999139457941
angle,1780569768657638888,2.0299999713897705,0,0.009999957866966724
angle,1780569768667640384,2.0299999713897705,0,0.009999984875321388
angle,1780569768677639543,2.0299999713897705,0,0.009999861009418964
angle,1780569768687639567,2.0299999713897705,0,0.010000004433095455
angle,1780569768697639931,2.0299999713897705,0,0.00999999139457941
angle,1780569768707640209,2.0299999713897705,0,0.009999992325901985
angle,1780569768717640668,2.0299999713897705,0,0.009999961592257023
angle,1780569768727640750,2.0299999713897705,0,0.009999988600611687
angle,1780569768737640911,2.0299999713897705,0,0.009999969974160194
angle,1780569768747641087,2.0299999713897705,0,0.00999999139457941
angle,1780569768757641353,2.0299999713897705,0,0.009999974630773067
angle,1780569768767642073,2.0299999713897705,0,0.009999982081353664
angle,1780569768777641867,2.0299999713897705,0,0.00999998115003109
angle,1780569768787642275,2.0299999713897705,0,0.009999983012676239
angle,1780569768797642314,2.0299999713897705,0,0.009999964386224747
angle,1780569768807642807,2.0299999713897705,0,0.010000000707805157
angle,1780569768817642825,2.0299999713897705,0,0.009999947622418404
angle,1780569768827643177,2.0299999713897705,0,0.009999978356063366
angle,1780569768837643290,2.0299999713897705,0,0.009999966248869896
angle,1780569768847643699,2.0299999713897705,0,0.009999987669289112
angle,1780569768857644231,2.0299999713897705,0,0.009999957866966724
angle,1780569768867643929,2.0299999713897705,0,0.009999965317547321
angle,1780569768877644272,2.0299999713897705,0,0.009999960660934448
angle,1780569768887644450,2.0299999713897705,0,0.009999939240515232
angle,1780569768897644742,2.0299999713897705,0,0.009999992325901985
angle,1780569768907645341,2.0299999713897705,0,0.009999972768127918
angle,1780569768917645014,2.0299999713897705,0,0.009999926201999187
angle,1780569768927645313,2.0299999713897705,0,0.009999942034482956
angle,1780569768937645530,2.0299999713897705,0,0.010000008158385754
angle,1780569768947646055,2.0299999713897705,0,0.009999963454902172
angle,1780569768957646444,2.0299999713897705,0,0.009999984875321388
angle,1780569768967646599,2.0299999713897705,0,0.009999963454902172
angle,1780569768977646599,2.0299999713897705,0,0.009999926201999187
angle,1780569768987646684,2.0299999713897705,0,0.009999988600611687
angle,1780569768997647427,2.0299999713897705,0,0.009999995119869709
angle,1780569769007647812,2.0299999713897705,0,0.00999999325722456
angle,1780569769017647545,2.0299999713897705,0,0.009999934583902359
angle,1780569769027647943,2.0299999713897705,0,0.010000002570450306
angle,1780569769037647987,2.0299999713897705,0,0.009999957866966724
angle,1780569769047648188,2.0299999713897705,0,0.009999973699450493
angle,1780569769057648417,2.0299999713897705,0,0.00999999325722456
angle,1780569769067648796,2.0299999713897705,0,0.010000010952353477
angle,1780569769077649233,2.0299999713897705,0,0.00999994482845068
angle,1780569769087649617,2.0299999713897705,0,0.009999954141676426
angle,1780569769097649585,2.0299999713897705,0,0.009999965317547321
angle,1780569769109036466,2.0299999713897705,0,0.011386072263121605
angle,1780569769119036982,2.0299999713897705,0,0.009999934583902359
angle,1780569769129036783,2.0299999713897705,0,0.009999934583902359
angle,1780569769139037357,2.0299999713897705,0,0.009999994188547134
angle,1780569769149037179,2.0299999713897705,0,0.00999994482845068
angle,1780569769159037593,2.0299999713897705,0,0.00999995693564415
angle,1780569769169037710,2.0299999713897705,0,0.009999959729611874
angle,1780569769179037911,2.0299999713897705,0,0.009999975562095642
angle,1780569769189038097,2.0299999713897705,0,0.009999973699450493
angle,1780569769199038305,2.0299999713897705,0,0.009999987669289112
angle,1780569769209039219,2.0299999713897705,0,0.009999945759773254
angle,1780569769219038891,2.0299999713897705,0,0.00999989453703165
angle,1780569769229038906,2.0299999713897705,0,0.009999983943998814
angle,1780569769239039900,2.0299999713897705,0,0.009999941103160381
angle,1780569769249039234,2.0299999713897705,0,0.00999993272125721
angle,1780569769259039626,2.0299999713897705,0,0.009999938309192657
angle,1780569769269039821,2.0299999713897705,0,0.009999978356063366
angle,1780569769279040156,2.0299999713897705,0,0.009999954141676426
angle,1780569769289040688,2.0299999713897705,0,0.009999953210353851
angle,1780569769299040790,2.0299999713897705,0,0.00999998115003109
angle,1780569769309040942,2.0299999713897705,0,0.00999995693564415
angle,1780569769319042172,2.0299999713897705,0,0.009999986737966537
angle,1780569769329043086,2.0299999713897705,0,0.009999952279031277
angle,1780569769339043094,2.0299999713897705,0,0.009999877773225307
angle,1780569769349042590,2.0299999713897705,0,0.009999875910580158
angle,1780569769359042168,2.0299999713897705,0,0.009999938309192657
angle,1780569769369042768,2.0299999713897705,0,0.009999948553740978
angle,1780569769379042805,2.0299999713897705,0,0.00999998115003109
angle,1780569769389043086,2.0299999713897705,0,0.009999941103160381
angle,1780569769399043211,2.0299999713897705,0,0.009999988600611687
angle,1780569769409043579,2.0299999713897705,0,0.009999954141676426
angle,1780569769419044152,2.0299999713897705,0,0.009999978356063366
angle,1780569769429044175,2.0299999713897705,0,0.010000007227063179
angle,1780569769439044271,2.0299999713897705,0,0.010000002570450306
angle,1780569769449044624,2.0299999713897705,0,0.009999996982514858
angle,1780569769459045150,2.0299999713897705,0,0.009999956004321575
angle,1780569769469045270,2.0299999713897705,0,0.009999937377870083
angle,1780569769479045325,2.0299999713897705,0,0.009999939240515232
angle,1780569769489045637,2.0299999713897705,0,0.009999964386224747
angle,1780569769499045830,2.0299999713897705,0,0.009999994188547134
angle,1780569769509047199,2.0299999713897705,0,0.00999999325722456
angle,1780569769519046634,2.0299999713897705,0,0.00999999139457941
angle,1780569769529047055,2.0299999713897705,0,0.00999994296580553
angle,1780569769539047117,2.0299999713897705,0,0.009999986737966537
angle,1780569769549046799,2.0299999713897705,0,0.009999986737966537
angle,1780569769559047372,2.0299999713897705,0,0.009999997913837433
angle,1780569769569047337,2.0299999713897705,0,0.009999938309192657
angle,1780569769579047836,2.0299999713897705,0,0.009999965317547321
angle,1780569769589047961,2.0299999713897705,0,0.00999999325722456
angle,1780569769599048342,2.0299999713897705,0,0.00999996904283762
angle,1780569769609048417,2.0299999713897705,0,0.009999978356063366
angle,1780569769619048941,2.0299999713897705,0,0.009999956004321575
angle,1780569769629049316,2.0299999713897705,0,0.009999983012676239
angle,1780569769639049138,2.0299999713897705,0,0.009999982081353664
angle,1780569769649049412,2.0299999713897705,0,0.009999964386224747
angle,1780569769659049733,2.0299999713897705,0,0.009999994188547134
angle,1780569769669049841,2.0299999713897705,0,0.009999947622418404
angle,1780569769679050013,2.0299999713897705,0,0.009999933652579784
angle,1780569769689050327,2.0299999713897705,0,0.00999997928738594
angle,1780569769699050452,2.0299999713897705,0,0.009999998845160007
angle,1780569769709050964,2.0299999713897705,0,0.009999999776482582
angle,1780569769719051586,2.0299999713897705,0,0.009999959729611874
angle,1780569769729051513,2.0299999713897705,0,0.010000004433095455
angle,1780569769739051711,2.0299999713897705,0,0.010000001639127731
angle,1780569769749051952,2.0299999713897705,0,0.010000010021030903
angle,1780569769760776519,2.0299999713897705,0,0.011723816394805908
angle,1780569769770776759,2.0299999713897705,0,0.009999966248869896
angle,1780569769780776848,2.0299999713897705,0,0.009999968111515045
angle,1780569769790777420,2.0299999713897705,0,0.009999955072999
angle,1780569769800777357,2.0299999713897705,0,0.009999975562095642
angle,1780569769810777763,2.0299999713897705,0,0.009999936446547508
angle,1780569769820777950,2.0299999713897705,0,0.009999945759773254
angle,1780569769830778377,2.0299999713897705,0,0.009999996982514858
angle,1780569769840779380,2.0299999713897705,0,0.010000059381127357
angle,1780569769850779127,2.0299999713897705,0,0.009999931789934635
angle,1780569769860779050,2.0299999713897705,0,0.009999960660934448
angle,1780569769870779517,2.0299999713897705,0,0.009999973699450493
angle,1780569769880779477,2.0299999713897705,0,0.009999950416386127
angle,1780569769890779846,2.0299999713897705,0,0.009999988600611687
angle,1780569769900781125,2.0299999713897705,0,0.009999999776482582
angle,1780569769910780289,2.0299999713897705,0,0.009999996051192284
angle,1780569769920780870,2.0299999713897705,0,0.009999983012676239
angle,1780569769930780916,2.0299999713897705,0,0.009999983012676239
angle,1780569769940781085,2.0299999713897705,0,0.009999965317547321
angle,1780569769950781238,2.0299999713897705,0,0.010000006295740604
angle,1780569769960781745,2.0299999713897705,0,0.009999994188547134
angle,1780569769970783921,2.0299999713897705,0,0.010000007227063179
angle,1780569769980782060,2.0299999713897705,0,0.009999887086451054
angle,1780569769990782603,2.0299999713897705,0,0.009999973699450493
angle,1780569770000782602,2.0299999713897705,0,0.009999950416386127
angle,1780569770010783950,2.0299999713897705,0,0.009999966248869896
angle,1780569770020783302,2.0299999713897705,0,0.009999897330999374
angle,1780569770030783396,2.0299999713897705,0,0.009999983943998814
angle,1780569770040783766,2.0299999713897705,0,0.009999954141676426
angle,1780569770050783663,2.0299999713897705,0,0.009999982081353664
angle,1780569770060783984,2.0299999713897705,0,0.01000000536441803
angle,1780569770070784103,2.0299999713897705,0,0.009999951347708702
angle,1780569770080786406,2.0299999713897705,0,0.009999995119869709
angle,1780569770090786005,2.0299999713897705,0,0.009999890811741352
angle,1780569770100785133,2.0299999713897705,0,0.009999910369515419
angle,1780569770110785121,2.0299999713897705,0,0.00999999139457941
angle,1780569770120785814,2.0299999713897705,0,0.010000001639127731
angle,1780569770130786182,2.0299999713897705,0,0.00999996718019247
angle,1780569770140785985,2.0299999713897705,0,0.009999942034482956
angle,1780569770150786360,2.0299999713897705,0,0.010000008158385754
angle,1780569770160786672,2.0299999713897705,0,0.00999996904283762
angle,1780569770170786664,2.0299999713897705,0,0.00999997928738594
angle,1780569770180786942,2.0299999713897705,0,0.009999978356063366
angle,1780569770190787417,2.0299999713897705,0,0.009999960660934448
angle,1780569770200787487,2.0299999713897705,0,0.009999938309192657
angle,1780569770210787738,2.0299999713897705,0,0.009999955072999
angle,1780569770220788439,2.0299999713897705,0,0.009999997913837433
angle,1780569770230788347,2.0299999713897705,0,0.009999963454902172
angle,1780569770240788299,2.0299999713897705,0,0.010000006295740604
angle,1780569770250788783,2.0299999713897705,0,0.00999994296580553
angle,1780569770260788912,2.0299999713897705,0,0.009999963454902172
angle,1780569770270789087,2.0299999713897705,0,0.009999950416386127
angle,1780569770280789300,2.0299999713897705,0,0.009999972768127918
angle,1780569770290789428,2.0299999713897705,0,0.009999943897128105
angle,1780569770300789587,2.0299999713897705,0,0.009999958798289299
angle,1780569770310790317,2.0299999713897705,0,0.009999975562095642
angle,1780569770320790334,2.0299999713897705,0,0.009999937377870083
angle,1780569770330790617,2.0299999713897705,0,0.009999859146773815
angle,1780569770340790637,2.0299999713897705,0,0.009999942034482956
angle,1780569770350792416,2.0299999713897705,0,0.009999950416386127
angle,1780569770360790982,2.0299999713897705,0,0.009999907575547695
angle,1780569770370791309,2.0299999713897705,0,0.009999940171837807
angle,1780569770380791516,2.0299999713897705,0,0.009999975562095642
angle,1780569770390791738,2.0299999713897705,0,0.009999950416386127
angle,1780569770400792173,2.0299999713897705,0,0.009999977424740791
angle,1780569770410792192,2.0299999713897705,0,0.009999988600611687
angle,1780569770420792667,2.0299999713897705,0,0.009999958798289299
angle,1780569770430792811,2.0299999713897705,0,0.009999999776482582
angle,1780569770440792793,2.0299999713897705,0,0.009999999776482582
angle,1780569770450793076,2.0299999713897705,0,0.009999969974160194
angle,1780569770462371287,2.0299999713897705,0,0.011577265337109566
angle,1780569770472371692,2.0299999713897705,0,0.00999994296580553
angle,1780569770482372058,2.0299999713897705,0,0.009999941103160381
angle,1780569770492371902,2.0299999713897705,0,0.009999951347708702
angle,1780569770502372276,2.0299999713897705,0,0.009999969974160194
angle,1780569770512374034,2.0299999713897705,0,0.009999972768127918
angle,1780569770522372761,2.0299999713897705,0,0.009999901987612247
angle,1780569770532372979,2.0299999713897705,0,0.00999996718019247
angle,1780569770542373121,2.0299999713897705,0,0.009999923408031464
angle,1780569770552373279,2.0299999713897705,0,0.009999998845160007
angle,1780569770562373661,2.0299999713897705,0,0.010000007227063179
angle,1780569770572373982,2.0299999713897705,0,0.009999994188547134
angle,1780569770582374100,2.0299999713897705,0,0.009999952279031277
angle,1780569770592380627,2.0299999713897705,0,0.009999984875321388
angle,1780569770602375817,2.0299999713897705,0,0.009999898262321949
angle,1780569770612376162,2.0299999713897705,0,0.009999970905482769
angle,1780569770622376387,2.0299999713897705,0,0.009999954141676426
angle,1780569770632376838,2.0299999713897705,0,0.009999910369515419
angle,1780569770642376740,2.0299999713897705,0,0.009999943897128105
angle,1780569770652377438,2.0299999713897705,0,0.009999956004321575
angle,1780569770662377198,2.0299999713897705,0,0.010000011883676052
angle,1780569770672377478,2.0299999713897705,0,0.009999988600611687
angle,1780569770682377857,2.0299999713897705,0,0.009999973699450493
angle,1780569770692378077,2.0299999713897705,0,0.009999948553740978
angle,1780569770702378208,2.0299999713897705,0,0.009999992325901985
angle,1780569770712378530,2.0299999713897705,0,0.00999999325722456
angle,1780569770722379034,2.0299999713897705,0,0.009999965317547321
angle,1780569770732379310,2.0299999713897705,0,0.009999980218708515
angle,1780569770742379572,2.0299999713897705,0,0.009999948553740978
angle,1780569770752379459,2.0299999713897705,0,0.009999933652579784
angle,1780569770762379612,2.0299999713897705,0,0.010000004433095455
angle,1780569770772379904,2.0299999713897705,0,0.00999997928738594
angle,1780569770782380186,2.0299999713897705,0,0.010000008158385754
angle,1780569770792380447,2.0299999713897705,0,0.009999954141676426
angle,1780569770802380831,2.0299999713897705,0,0.009999983012676239
angle,1780569770812380919,2.0299999713897705,0,0.010000006295740604
angle,1780569770822381531,2.0299999713897705,0,0.009999970905482769
angle,1780569770832381763,2.0299999713897705,0,0.009999938309192657
angle,1780569770842384203,2.0299999713897705,0,0.009999974630773067
angle,1780569770852383521,2.0299999713897705,0,0.009999958798289299
angle,1780569770862382295,2.0299999713897705,0,0.009999875910580158
angle,1780569770872382402,2.0299999713897705,0,0.010000008158385754
angle,1780569770882382515,2.0299999713897705,0,0.009999936446547508
angle,1780569770892382890,2.0299999713897705,0,0.009999940171837807
angle,1780569770902384656,2.0299999713897705,0,0.009999951347708702
angle,1780569770912383751,2.0299999713897705,0,0.009999901056289673
angle,1780569770922383960,2.0299999713897705,0,0.00999999139457941
angle,1780569770932383826,2.0299999713897705,0,0.010000008158385754
angle,1780569770942383898,2.0299999713897705,0,0.009999983012676239
angle,1780569770952384173,2.0299999713897705,0,0.009999956004321575
angle,1780569770962384768,2.0299999713897705,0,0.00999998115003109
angle,1780569770972385096,2.0299999713897705,0,0.009999990463256836
angle,1780569770982384917,2.0299999713897705,0,0.009999986737966537
angle,1780569770992385345,2.0299999713897705,0,0.009999956004321575
angle,1780569771002385453,2.0299999713897705,0,0.00999997928738594
angle,1780569771012387648,2.0299999713897705,0,0.009999998845160007
angle,1780569771022388693,2.0299999713897705,0,0.009999879635870457
angle,1780569771032388689,2.0299999713897705,0,0.009999671950936317
angle,1780569771046426269,2.0299999713897705,0,0.014038030989468098
angle,1780569771056427306,2.0299999713897705,0,0.00999991875141859
angle,1780569771066427160,2.0299999713897705,0,0.009999875910580158
angle,1780569771076425483,2.0299999713897705,0,0.009999915957450867
angle,1780569771086425922,2.0299999713897705,0,0.009999969974160194
angle,1780569771096427016,2.0299999713897705,0,0.009999974630773067
angle,1780569771106426111,2.0299999713897705,0,0.009999886155128479
angle,1780569771116426623,2.0299999713897705,0,0.009999977424740791
angle,1780569771126427051,2.0299999713897705,0,0.009999946691095829
angle,1780569771136427001,2.0299999713897705,0,0.009999952279031277
angle,1780569771146426934,2.0299999713897705,0,0.009999966248869896
angle,1780569771156427197,2.0299999713897705,0,0.009999970905482769
angle,1780569771166427706,2.0299999713897705,0,0.009999940171837807
angle,1780569771176427668,2.0299999713897705,0,0.009999995119869709
angle,1780569771186428432,2.0299999713897705,0,0.009999950416386127
angle,1780569771196428866,2.0299999713897705,0,0.010000004433095455
angle,1780569771206428488,2.0299999713897705,0,0.009999880567193031
angle,1780569771216428895,2.0299999713897705,0,0.009999992325901985
angle,1780569771226430466,2.0299999713897705,0,0.009999999776482582
angle,1780569771236429463,2.0299999713897705,0,0.009999939240515232
angle,1780569771246429598,2.0299999713897705,0,0.009999977424740791
angle,1780569771256430118,2.0299999713897705,0,0.00999997928738594
angle,1780569771266430283,2.0299999713897705,0,0.009999933652579784
angle,1780569771276430251,2.0299999713897705,0,0.009999945759773254
angle,1780569771286430711,2.0299999713897705,0,0.010000008158385754
angle,1780569771296430838,2.0299999713897705,0,0.009999946691095829
angle,1780569771306430967,2.0299999713897705,0,0.009999999776482582
angle,1780569771316431944,2.0299999713897705,0,0.009999988600611687
angle,1780569771326431923,2.0299999713897705,0,0.009999901056289673
angle,1780569771336432689,2.0299999713897705,0,0.009999992325901985
angle,1780569771346431964,2.0299999713897705,0,0.009999861940741539
angle,1780569771356431986,2.0299999713897705,0,0.009999954141676426
angle,1780569771366432361,2.0299999713897705,0,0.010000010952353477
angle,1780569771376432626,2.0299999713897705,0,0.009999986737966537
angle,1780569771386432853,2.0299999713897705,0,0.009999942034482956
angle,1780569771396433364,2.0299999713897705,0,0.009999986737966537
angle,1780569771406433434,2.0299999713897705,0,0.01000000536441803
angle,1780569771416433546,2.0299999713897705,0,0.009999996982514858
angle,1780569771426434202,2.0299999713897705,0,0.009999937377870083
angle,1780569771436434214,2.0299999713897705,0,0.009999939240515232
angle,1780569771446434032,2.0299999713897705,0,0.009999947622418404
angle,1780569771456434279,2.0299999713897705,0,0.009999965317547321
angle,1780569771466434709,2.0299999713897705,0,0.009999983012676239
angle,1780569771476435241,2.0299999713897705,0,0.010000001639127731
angle,1780569771486435434,2.0299999713897705,0,0.009999902918934822
angle,1780569771496435306,2.0299999713897705,0,0.009999957866966724
angle,1780569771506435617,2.0299999713897705,0,0.010000007227063179
angle,1780569771516436249,2.0299999713897705,0,0.009999988600611687
angle,1780569771526436286,2.0299999713897705,0,0.009999966248869896
angle,1780569771536436743,2.0299999713897705,0,0.009999961592257023
angle,1780569771546436467,2.0299999713897705,0,0.009999986737966537
angle,1780569771556436659,2.0299999713897705,0,0.00999994482845068
angle,1780569771566437252,2.0299999713897705,0,0.009999999776482582
angle,1780569771576437260,2.0299999713897705,0,0.009999977424740791
angle,1780569771586437613,2.0299999713897705,0,0.009999948553740978
angle,1780569771596437893,2.0299999713897705,0,0.009999952279031277
angle,1780569771606438149,2.0299999713897705,0,0.009999946691095829
angle,1780569771616438128,2.0299999713897705,0,0.009999958798289299
angle,1780569771626438629,2.0299999713897705,0,0.009999966248869896
angle,1780569771636438813,2.0299999713897705,0,0.009999937377870083
angle,1780569771646438823,2.0299999713897705,0,0.009999985806643963
angle,1780569771656439155,2.0299999713897705,0,0.009999994188547134
angle,1780569771666439284,2.0299999713897705,0,0.009999939240515232
angle,1780569771676439435,2.0299999713897705,0,0.009999988600611687
angle,1780569771686439861,2.0299999713897705,0,0.009999968111515045
angle,1780569771696440062,2.0299999713897705,0,0.009999968111515045
angle,1780569771706440164,2.0299999713897705,0,0.009999980218708515
angle,1780569771716440758,2.0299999713897705,0,0.009999972768127918
angle,1780569771726440937,2.0299999713897705,0,0.010000007227063179
angle,1780569771736441119,2.0299999713897705,0,0.009999938309192657
angle,1780569771746441152,2.0299999713897705,0,0.009999917820096016
angle,1780569771756441569,2.0299999713897705,0,0.010000021196901798
angle,1780569771766442103,2.0299999713897705,0,0.009999934583902359
angle,1780569771776442365,2.0299999713897705,0,0.009999956004321575
angle,1780569771786442598,2.0299999713897705,0,0.00999998115003109
angle,1780569771796442543,2.0299999713897705,0,0.009999965317547321
angle,1780569771806443398,2.0299999713897705,0,0.009999968111515045
angle,1780569771816443150,2.0299999713897705,0,0.009999964386224747
angle,1780569771826443371,2.0299999713897705,0,0.009999977424740791
angle,1780569771836443882,2.0299999713897705,0,0.009999998845160007
angle,1780569771846444251,2.0299999713897705,0,0.009999931789934635
angle,1780569771856444811,2.0299999713897705,0,0.009999996982514858
angle,1780569771866444836,2.0299999713897705,0,0.009999901056289673
angle,1780569771876445202,2.0299999713897705,0,0.009999966248869896
angle,1780569771886445537,2.0299999713897705,0,0.009999978356063366
angle,1780569771896445387,2.0299999713897705,0,0.009999975562095642
angle,1780569771906447001,2.0299999713897705,0,0.009999994188547134
angle,1780569771916446056,2.0299999713897705,0,0.00999993272125721
angle,1780569771926446422,2.0299999713897705,0,0.009999964386224747
angle,1780569771936446696,2.0299999713897705,0,0.009999945759773254
angle,1780569771946446749,2.0299999713897705,0,0.00999996904283762
angle,1780569771956447041,2.0299999713897705,0,0.009999996982514858
angle,1780569771966447483,2.0299999713897705,0,0.009999941103160381
angle,1780569771976449078,2.0299999713897705,0,0.010000004433095455
angle,1780569771986448027,2.0299999713897705,0,0.009999912232160568
angle,1780569771996448239,2.0299999713897705,0,0.009999986737966537
angle,1780569772006448376,2.0299999713897705,0,0.009999942034482956
angle,1780569772016448328,2.0299999713897705,0,0.009999990463256836
angle,1780569772026448633,2.0299999713897705,0,0.009999931789934635
angle,1780569772036448841,2.0299999713897705,0,0.00999998115003109
angle,1780569772046449166,2.0299999713897705,0,0.009999986737966537
angle,1780569772056449396,2.0299999713897705,0,0.009999942034482956
angle,1780569772066450496,2.0299999713897705,0,0.00999997928738594
angle,1780569772076449709,2.0299999713897705,0,0.009999910369515419
angle,1780569772086450090,2.0299999713897705,0,0.009999963454902172
angle,1780569772096450215,2.0299999713897705,0,0.010000006295740604
angle,1780569772106450421,2.0299999713897705,0,0.00999999325722456
angle,1780569772116450700,2.0299999713897705,0,0.009999943897128105
angle,1780569772126450937,2.0299999713897705,0,0.009999953210353851
angle,1780569772136451120,2.0299999713897705,0,0.010000004433095455
angle,1780569772146451650,2.0299999713897705,0,0.009999973699450493
angle,1780569772156451612,2.0299999713897705,0,0.009999945759773254
angle,1780569772166452262,2.0299999713897705,0,0.009999938309192657
angle,1780569772176452060,2.0299999713897705,0,0.00999999139457941
angle,1780569772186452369,2.0299999713897705,0,0.009999982081353664
angle,1780569772196452733,2.0299999713897705,0,0.009999975562095642
angle,1780569772206452649,2.0299999713897705,0,0.009999959729611874
angle,1780569772216453294,2.0299999713897705,0,0.009999943897128105
angle,1780569772226453255,2.0299999713897705,0,0.009999911300837994
angle,1780569772236453566,2.0299999713897705,0,0.009999996982514858
angle,1780569772246453849,2.0299999713897705,0,0.009999983943998814
angle,1780569772256454264,2.0299999713897705,0,0.009999943897128105
angle,1780569772266454296,2.0299999713897705,0,0.009999984875321388
angle,1780569772276454417,2.0299999713897705,0,0.009999940171837807
angle,1780569772286454736,2.0299999713897705,0,0.009999951347708702
angle,1780569772296455199,2.0299999713897705,0,0.00999999325722456
angle,1780569772306455177,2.0299999713897705,0,0.009999947622418404
angle,1780569772316455252,2.0299999713897705,0,0.009999937377870083
angle,1780569772326455617,2.0299999713897705,0,0.009999980218708515
angle,1780569772336455711,2.0299999713897705,0,0.00999994296580553
angle,1780569772346456968,2.0299999713897705,0,0.010000016540288925
angle,1780569772356456749,2.0299999713897705,0,0.009999927133321762
angle,1780569772366456860,2.0299999713897705,0,0.009999969974160194
angle,1780569772376457045,2.0299999713897705,0,0.009999934583902359
angle,1780569772386457265,2.0299999713897705,0,0.009999951347708702
angle,1780569772396457173,2.0299999713897705,0,0.009999997913837433
angle,1780569772406457632,2.0299999713897705,0,0.00999999325722456
angle,1780569772416457763,2.0299999713897705,0,0.009999971836805344
angle,1780569772426457819,2.0299999713897705,0,0.009999938309192657
angle,1780569772436458361,2.0299999713897705,0,0.009999945759773254
angle,1780569772446458657,2.0299999713897705,0,0.009999990463256836
angle,1780569772456458603,2.0299999713897705,0,0.009999988600611687
angle,1780569772466458871,2.0299999713897705,0,0.009999936446547508
angle,1780569772476459460,2.0299999713897705,0,0.009999939240515232
angle,1780569772486459249,2.0299999713897705,0,0.009999945759773254
angle,1780569772496459652,2.0299999713897705,0,0.009999984875321388
angle,1780569772506459900,2.0299999713897705,0,0.009999931789934635
angle,1780569772516461444,2.0299999713897705,0,0.009999972768127918
angle,1780569772526460253,2.0299999713897705,0,0.009999938309192657
angle,1780569772536460718,2.0299999713897705,0,0.010000010952353477
angle,1780569772546460887,2.0299999713897705,0,0.009999953210353851
angle,1780569772556460885,2.0299999713897705,0,0.009999998845160007
angle,1780569772566461152,2.0299999713897705,0,0.009999996982514858
angle,1780569772576461372,2.0299999713897705,0,0.009999958798289299
angle,1780569772586461839,2.0299999713897705,0,0.009999933652579784
angle,1780569772596462339,2.0299999713897705,0,0.009999983943998814
angle,1780569772606462179,2.0299999713897705,0,0.009999973699450493
angle,1780569772616462163,2.0299999713897705,0,0.00999993085861206
angle,1780569772626462446,2.0299999713897705,0,0.009999998845160007
angle,1780569772636463198,2.0299999713897705,0,0.009999963454902172
angle,1780569772646463192,2.0299999713897705,0,0.009999957866966724
angle,1780569772656463166,2.0299999713897705,0,0.00999995693564415
angle,1780569772666463727,2.0299999713897705,0,0.009999950416386127
angle,1780569772676463557,2.0299999713897705,0,0.009999969974160194
angle,1780569772686464204,2.0299999713897705,0,0.009999986737966537
angle,1780569772696464095,2.0299999713897705,0,0.009999995119869709
angle,1780569772706464196,2.0299999713897705,0,0.00999997928738594
angle,1780569772716464664,2.0299999713897705,0,0.00999994296580553
angle,1780569772726465100,2.0299999713897705,0,0.010000165551900864
angle,1780569772736465833,2.0299999713897705,0,0.010000006295740604
angle,1780569772746465919,2.0299999713897705,0,0.009999931789934635
angle,1780569772756466015,2.0299999713897705,0,0.010000000707805157
angle,1780569772766466139,2.0299999713897705,0,0.009999966248869896
angle,1780569772776466776,2.0299999713897705,0,0.00999996904283762
angle,1780569772786466835,2.0299999713897705,0,0.009999946691095829
angle,1780569772796466900,2.0299999713897705,0,0.00999998115003109
angle,1780569772806467038,2.0299999713897705,0,0.010000002570450306
angle,1780569772816470217,2.0299999713897705,0,0.010000012814998627
angle,1780569772826469633,2.0299999713897705,0,0.009999910369515419
angle,1780569772836469584,2.0299999713897705,0,0.009999874979257584
angle,1780569772846468568,2.0299999713897705,0,0.009999905712902546
angle,1780569772856468692,2.0299999713897705,0,0.009999953210353851
angle,1780569772866468722,2.0299999713897705,0,0.009999965317547321
angle,1780569772879079024,2.0299999713897705,0,0.012609831057488918
angle,1780569772889079507,2.0299999713897705,0,0.009999921545386314
angle,1780569772899080238,2.0299999713897705,0,0.009999959729611874
angle,1780569772909080508,2.0299999713897705,0,0.009999953210353851
angle,1780569772919079949,2.0299999713897705,0,0.009999959729611874
angle,1780569772929080350,2.0299999713897705,0,0.009999970905482769
angle,1780569772939080831,2.0299999713897705,0,0.009999966248869896
angle,1780569772949080912,2.0299999713897705,0,0.010000020265579224
angle,1780569772959080884,2.0299999713897705,0,0.009999956004321575
angle,1780569772969081672,2.0299999713897705,0,0.010000002570450306
angle,1780569772979081632,2.0299999713897705,0,0.009999985806643963
angle,1780569772989082021,2.0299999713897705,0,0.009999996982514858
angle,1780569772999081897,2.0299999713897705,0,0.009999964386224747
angle,1780569773009082560,2.0299999713897705,0,0.009999996051192284
angle,1780569773019082558,2.0299999713897705,0,0.009999897330999374
angle,1780569773029082843,2.0299999713897705,0,0.010000004433095455
angle,1780569773039083069,2.0299999713897705,0,0.009999968111515045
angle,1780569773049083168,2.0299999713897705,0,0.009999988600611687
angle,1780569773059083177,2.0299999713897705,0,0.009999958798289299
angle,1780569773069083752,2.0299999713897705,0,0.009999996051192284
angle,1780569773079083925,2.0299999713897705,0,0.009999960660934448
angle,1780569773089084095,2.0299999713897705,0,0.009999938309192657
angle,1780569773099084472,2.0299999713897705,0,0.010000006295740604
angle,1780569773109084588,2.0299999713897705,0,0.009999970905482769
angle,1780569773119085230,2.0299999713897705,0,0.009999977424740791
angle,1780569773129085170,2.0299999713897705,0,0.009999998845160007
angle,1780569773139085653,2.0299999713897705,0,0.009999978356063366
angle,1780569773149085594,2.0299999713897705,0,0.00999998115003109
angle,1780569773159085710,2.0299999713897705,0,0.00999994482845068
angle,1780569773169085958,2.0299999713897705,0,0.010000010021030903
angle,1780569773179086059,2.0299999713897705,0,0.009999941103160381
angle,1780569773189086424,2.0299999713897705,0,0.009999953210353851
angle,1780569773199086675,2.0299999713897705,0,0.010000001639127731
angle,1780569773209087303,2.0299999713897705,0,0.010000008158385754
angle,1780569773219087614,2.0299999713897705,0,0.009999955072999
angle,1780569773229087387,2.0299999713897705,0,0.009999901987612247
angle,1780569773239087945,2.0299999713897705,0,0.00999997928738594
angle,1780569773249088036,2.0299999713897705,0,0.009999969974160194
angle,1780569773259088333,2.0299999713897705,0,0.00999999139457941
angle,1780569773269088428,2.0299999713897705,0,0.009999947622418404
angle,1780569773279088625,2.0299999713897705,0,0.009999951347708702
angle,1780569773289089270,2.0299999713897705,0,0.009999961592257023
angle,1780569773299089193,2.0299999713897705,0,0.009999963454902172
angle,1780569773309089272,2.0299999713897705,0,0.00999997928738594
angle,1780569773319089470,2.0299999713897705,0,0.009999953210353851
angle,1780569773329089828,2.0299999713897705,0,0.009999968111515045
angle,1780569773339090112,2.0299999713897705,0,0.009999958798289299
angle,1780569773349090632,2.0299999713897705,0,0.009999999776482582
angle,1780569773359090509,2.0299999713897705,0,0.00999996718019247
angle,1780569773369090638,2.0299999713897705,0,0.009999938309192657
angle,1780569773379090907,2.0299999713897705,0,0.009999966248869896
angle,1780569773389091072,2.0299999713897705,0,0.009999951347708702
angle,1780569773399091285,2.0299999713897705,0,0.009999955072999
angle,1780569773409091795,2.0299999713897705,0,0.009999934583902359
angle,1780569773419092200,2.0299999713897705,0,0.009999998845160007
angle,1780569773429092079,2.0299999713897705,0,0.009999961592257023
angle,1780569773439092365,2.0299999713897705,0,0.010000023059546947
angle,1780569773449092667,2.0299999713897705,0,0.009999975562095642
angle,1780569773459092934,2.0299999713897705,0,0.009999971836805344
angle,1780569773469093083,2.0299999713897705,0,0.009999969974160194
angle,1780569773479093455,2.0299999713897705,0,0.009999968111515045
angle,1780569773489093519,2.0299999713897705,0,0.00999996718019247
angle,1780569773499095119,2.0299999713897705,0,0.00999999139457941
angle,1780569773509094365,2.0299999713897705,0,0.009999940171837807
angle,1780569773519096072,2.0299999713897705,0,0.009999996982514858
angle,1780569773529094506,2.0299999713897705,0,0.009999909438192844
angle,1780569773539094925,2.0299999713897705,0,0.009999984875321388
angle,1780569773549095068,2.0299999713897705,0,0.009999937377870083
angle,1780569773559095257,2.0299999713897705,0,0.009999968111515045
angle,1780569773569096083,2.0299999713897705,0,0.009999971836805344
angle,1780569773579096284,2.0299999713897705,0,0.009999955072999
angle,1780569773589096084,2.0299999713897705,0,0.009999943897128105
angle,1780569773599097067,2.0299999713897705,0,0.009999965317547321
angle,1780569773609096546,2.0299999713897705,0,0.00999999325722456
angle,1780569773619097043,2.0299999713897705,0,0.009999950416386127
angle,1780569773629096802,2.0299999713897705,0,0.00999997928738594
angle,1780569773639097300,2.0299999713897705,0,0.009999942034482956
angle,1780569773649097408,2.0299999713897705,0,0.009999965317547321
angle,1780569773659097483,2.0299999713897705,0,0.009999940171837807
angle,1780569773669099461,2.0299999713897705,0,0.009999953210353851
angle,1780569773679098352,2.0299999713897705,0,0.009999904781579971
angle,1780569773689098321,2.0299999713897705,0,0.009999977424740791
angle,1780569773699098727,2.0299999713897705,0,0.009999950416386127
angle,1780569773709098942,2.0299999713897705,0,0.009999933652579784
angle,1780569773719099274,2.0299999713897705,0,0.009999952279031277
angle,1780569773729099309,2.0299999713897705,0,0.009999995119869709
angle,1780569773739099850,2.0299999713897705,0,0.009999941103160381
angle,1780569773749100371,2.0299999713897705,0,0.009999874979257584
angle,1780569773759100015,2.0299999713897705,0,0.009999936446547508
angle,1780569773769100277,2.0299999713897705,0,0.00999998115003109
angle,1780569773779100566,2.0299999713897705,0,0.009999958798289299
angle,1780569773789101119,2.0299999713897705,0,0.009999977424740791
angle,1780569773799101366,2.0299999713897705,0,0.009999960660934448
angle,1780569773809101712,2.0299999713897705,0,0.009999983943998814
angle,1780569773819101817,2.0299999713897705,0,0.009999951347708702
angle,1780569773829102136,2.0299999713897705,0,0.009999994188547134
angle,1780569773839103150,2.0299999713897705,0,0.009999974630773067
angle,1780569773849102702,2.0299999713897705,0,0.009999865666031837
angle,1780569773859102826,2.0299999713897705,0,0.009999974630773067
angle,1780569773869102984,2.0299999713897705,0,0.009999970905482769
angle,1780569773879103391,2.0299999713897705,0,0.009999996982514858
angle,1780569773889103820,2.0299999713897705,0,0.009999965317547321
angle,1780569773899103970,2.0299999713897705,0,0.009999985806643963
angle,1780569773909105882,2.0299999713897705,0,0.01000001560896635
angle,1780569773919104394,2.0299999713897705,0,0.009999883361160755
angle,1780569773929104588,2.0299999713897705,0,0.009999990463256836
angle,1780569773939106524,2.0299999713897705,0,0.00999997928738594
angle,1780569773949105489,2.0299999713897705,0,0.009999871253967285
angle,1780569773959105603,2.0299999713897705,0,0.009999997913837433
angle,1780569773969107165,2.0299999713897705,0,0.010000060312449932
angle,1780569773979107931,2.0299999713897705,0,0.00999979767948389
angle,1780569773989106516,2.0299999713897705,0,0.009999955072999
angle,1780569773999106692,2.0299999713897705,0,0.009999984875321388
angle,1780569774009107124,2.0299999713897705,0,0.009999953210353851
angle,1780569774019107047,2.0299999713897705,0,0.009999934583902359
angle,1780569774029107063,2.0299999713897705,0,0.00999997928738594
angle,1780569774039107635,2.0299999713897705,0,0.009999973699450493
angle,1780569774049107987,2.0299999713897705,0,0.009999961592257023
angle,1780569774059107885,2.0299999713897705,0,0.009999960660934448
angle,1780569774069108476,2.0299999713897705,0,0.009999959729611874
angle,1780569774079108446,2.0299999713897705,0,0.010000002570450306
angle,1780569774089108778,2.0299999713897705,0,0.01000000536441803
angle,1780569774099109152,2.0299999713897705,0,0.009999966248869896
angle,1780569774109109094,2.0299999713897705,0,0.009999957866966724
angle,1780569774119109423,2.0299999713897705,0,0.009999975562095642
angle,1780569774129109689,2.0299999713897705,0,0.009999990463256836
angle,1780569774139109939,2.0299999713897705,0,0.009999970905482769
angle,1780569774149110481,2.0299999713897705,0,0.010000002570450306
angle,1780569774159110633,2.0299999713897705,0,0.009999877773225307
angle,1780569774169110441,2.0299999713897705,0,0.009999985806643963
angle,1780569774179110853,2.0299999713897705,0,0.009999983012676239
angle,1780569774189111055,2.0299999713897705,0,0.009999977424740791
angle,1780569774199111508,2.0299999713897705,0,0.009999994188547134
angle,1780569774209111746,2.0299999713897705,0,0.00999994482845068
angle,1780569774219112342,2.0299999713897705,0,0.010000008158385754
angle,1780569774229112013,2.0299999713897705,0,0.009999907575547695
angle,1780569774239112496,2.0299999713897705,0,0.00999999139457941
angle,1780569774249113573,2.0299999713897705,0,0.009999955072999
angle,1780569774259112917,2.0299999713897705,0,0.009999945759773254
angle,1780569774269112831,2.0299999713897705,0,0.009999961592257023
angle,1780569774279113355,2.0299999713897705,0,0.00999998115003109
angle,1780569774289113841,2.0299999713897705,0,0.009999916888773441
angle,1780569774299113759,2.0299999713897705,0,0.009999946691095829
angle,1780569774309114235,2.0299999713897705,0,0.009999983943998814
angle,1780569774319114333,2.0299999713897705,0,0.009999964386224747
angle,1780569774329114725,2.0299999713897705,0,0.009999953210353851
angle,1780569774339116457,2.0299999713897705,0,0.009999952279031277
angle,1780569774349116765,2.0299999713897705,0,0.009999913163483143
angle,1780569774359115351,2.0299999713897705,0,0.009999936446547508
angle,1780569774369116251,2.0299999713897705,0,0.009999877773225307
angle,1780569774379115662,2.0299999713897705,0,0.009999975562095642
angle,1780569774389116142,2.0299999713897705,0,0.009999994188547134
angle,1780569774399116386,2.0299999713897705,0,0.009999936446547508
angle,1780569774409116296,2.0299999713897705,0,0.009999946691095829
angle,1780569774419116295,2.0299999713897705,0,0.009999939240515232
angle,1780569774429116780,2.0299999713897705,0,0.009999955072999
angle,1780569774439117155,2.0299999713897705,0,0.009999977424740791
angle,1780569774449117233,2.0299999713897705,0,0.009999954141676426
angle,1780569774459117415,2.0299999713897705,0,0.009999986737966537
angle,1780569774469117574,2.0299999713897705,0,0.009999983943998814
angle,1780569774479117850,2.0299999713897705,0,0.009999999776482582
angle,1780569774489118616,2.0299999713897705,0,0.009999986737966537
angle,1780569774499118308,2.0299999713897705,0,0.009999939240515232
angle,1780569774509118497,2.0299999713897705,0,0.009999957866966724
angle,1780569774519120584,2.0299999713897705,0,0.009999969974160194
angle,1780569774529119145,2.0299999713897705,0,0.010000000707805157
angle,1780569774539119830,2.0299999713897705,0,0.009999970905482769
angle,1780569774549119665,2.0299999713897705,0,0.009999940171837807
angle,1780569774559120194,2.0299999713897705,0,0.009999970905482769
angle,1780569774569120083,2.0299999713897705,0,0.009999964386224747
angle,1780569774579122043,2.0299999713897705,0,0.009999997913837433
angle,1780569774589120567,2.0299999713897705,0,0.009999888017773628
angle,1780569774599121143,2.0299999713897705,0,0.009999942034482956
angle,1780569774609120826,2.0299999713897705,0,0.009999987669289112
angle,1780569774619121246,2.0299999713897705,0,0.00999994482845068
angle,1780569774629121301,2.0299999713897705,0,0.009999959729611874
angle,1780569774639121615,2.0299999713897705,0,0.009999964386224747
angle,1780569774649123058,2.0299999713897705,0,0.009999975562095642
angle,1780569774659121950,2.0299999713897705,0,0.009999960660934448
angle,1780569774669122179,2.0299999713897705,0,0.00999996718019247
angle,1780569774679122530,2.0299999713897705,0,0.009999998845160007
angle,1780569774689123458,2.0299999713897705,0,0.010000006295740604
angle,1780569774699123052,2.0299999713897705,0,0.009999928064644337
angle,1780569774709123649,2.0299999713897705,0,0.009999956004321575
angle,1780569774719123884,2.0299999713897705,0,0.00999994482845068
angle,1780569774729123956,2.0299999713897705,0,0.009999995119869709
angle,1780569774739124160,2.0299999713897705,0,0.009999986737966537
angle,1780569774749124241,2.0299999713897705,0,0.009999982081353664
angle,1780569774759124849,2.0299999713897705,0,0.009999955072999
angle,1780569774769124530,2.0299999713897705,0,0.009999970905482769
angle,1780569774779124844,2.0299999713897705,0,0.009999934583902359
angle,1780569774789125033,2.0299999713897705,0,0.009999994188547134
angle,1780569774799125328,2.0299999713897705,0,0.009999965317547321
angle,1780569774809125818,2.0299999713897705,0,0.009999953210353851
angle,1780569774819125827,2.0299999713897705,0,0.009999974630773067
angle,1780569774829126115,2.0299999713897705,0,0.009999992325901985
angle,1780569774839126463,2.0299999713897705,0,0.009999947622418404
angle,1780569774849127402,2.0299999713897705,0,0.00999994482845068
angle,1780569774859127114,2.0299999713897705,0,0.009999913163483143
angle,1780569774869127377,2.0299999713897705,0,0.009999987669289112
angle,1780569774879127538,2.0299999713897705,0,0.009999990463256836
angle,1780569774889127871,2.0299999713897705,0,0.009999966248869896
angle,1780569774899128570,2.0299999713897705,0,0.009999945759773254
angle,1780569774909129479,2.0299999713897705,0,0.00999996904283762
angle,1780569774919128471,2.0299999713897705,0,0.009999900124967098
angle,1780569774929128914,2.0299999713897705,0,0.010000010952353477
angle,1780569774939129131,2.0299999713897705,0,0.009999946691095829
angle,1780569774949129399,2.0299999713897705,0,0.00999999325722456
angle,1780569774959129841,2.0299999713897705,0,0.009999938309192657
angle,1780569774969130267,2.0299999713897705,0,0.009999956004321575
angle,1780569774979130014,2.0299999713897705,0,0.009999997913837433
angle,1780569774989130262,2.0299999713897705,0,0.009999983943998814
angle,1780569774999130563,2.0299999713897705,0,0.009999986737966537
angle,1780569775009131269,2.0299999713897705,0,0.00999999139457941
angle,1780569775019131026,2.0299999713897705,0,0.009999957866966724
angle,1780569775029131255,2.0299999713897705,0,0.009999965317547321
angle,1780569775039131568,2.0299999713897705,0,0.010000001639127731
angle,1780569775049132323,2.0299999713897705,0,0.009999964386224747
angle,1780569775059132417,2.0299999713897705,0,0.00999988242983818
angle,1780569775069132667,2.0299999713897705,0,0.00999997928738594
angle,1780569775079132903,2.0299999713897705,0,0.009999995119869709
angle,1780569775089133169,2.0299999713897705,0,0.00999996718019247
angle,1780569775099133737,2.0299999713897705,0,0.009999953210353851
angle,1780569775109133652,2.0299999713897705,0,0.009999999776482582
angle,1780569775119133663,2.0299999713897705,0,0.009999950416386127
angle,1780569775129133893,2.0299999713897705,0,0.009999983012676239
angle,1780569775139134233,2.0299999713897705,0,0.009999988600611687
angle,1780569775149134719,2.0299999713897705,0,0.009999931789934635
angle,1780569775159135175,2.0299999713897705,0,0.009999974630773067
angle,1780569775169135032,2.0299999713897705,0,0.009999899193644524
angle,1780569775179135237,2.0299999713897705,0,0.009999946691095829
angle,1780569775189135784,2.0299999713897705,0,0.00999999139457941
angle,1780569775199135951,2.0299999713897705,0,0.009999956004321575
angle,1780569775209135877,2.0299999713897705,0,0.009999972768127918
angle,1780569775219136356,2.0299999713897705,0,0.009999950416386127
angle,1780569775229136648,2.0299999713897705,0,0.009999988600611687
angle,1780569775239136765,2.0299999713897705,0,0.009999980218708515
angle,1780569775249137018,2.0299999713897705,0,0.009999973699450493
angle,1780569775259137297,2.0299999713897705,0,0.009999990463256836
angle,1780569775269137555,2.0299999713897705,0,0.009999956004321575
angle,1780569775279138094,2.0299999713897705,0,0.009999933652579784
angle,1780569775289137956,2.0299999713897705,0,0.00999994296580553
angle,1780569775299138014,2.0299999713897705,0,0.010000006295740604
angle,1780569775309138321,2.0299999713897705,0,0.00999997928738594
angle,1780569775319138831,2.0299999713897705,0,0.009999969974160194
angle,1780569775329138755,2.0299999713897705,0,0.00999996718019247
angle,1780569775339139036,2.0299999713897705,0,0.009999964386224747
angle,1780569775349139502,2.0299999713897705,0,0.009999968111515045
angle,1780569775359139640,2.0299999713897705,0,0.009999983012676239
angle,1780569775369139816,2.0299999713897705,0,0.010000007227063179
angle,1780569775379140024,2.0299999713897705,0,0.009999936446547508
angle,1780569775389140287,2.0299999713897705,0,0.009999968111515045
angle,1780569775399140465,2.0299999713897705,0,0.009999950416386127
angle,1780569775409140868,2.0299999713897705,0,0.009999988600611687
angle,1780569775419140783,2.0299999713897705,0,0.009999940171837807
angle,1780569775429141233,2.0299999713897705,0,0.009999982081353664
angle,1780569775439141219,2.0299999713897705,0,0.009999973699450493
angle,1780569775449141808,2.0299999713897705,0,0.009999940171837807
angle,1780569775459142028,2.0299999713897705,0,0.009999995119869709
angle,1780569775469142208,2.0299999713897705,0,0.010000009089708328
angle,1780569775479142366,2.0299999713897705,0,0.00999994482845068
angle,1780569775489142756,2.0299999713897705,0,0.010000001639127731
angle,1780569775499145007,2.0299999713897705,0,0.010000004433095455
angle,1780569775509143170,2.0299999713897705,0,0.009999931789934635
angle,1780569775519145718,2.0299999713897705,0,0.009999934583902359
angle,1780569775529143549,2.0299999713897705,0,0.009999925270676613
angle,1780569775539143724,2.0299999713897705,0,0.009999960660934448
angle,1780569775549144485,2.0299999713897705,0,0.009999974630773067
angle,1780569775559144389,2.0299999713897705,0,0.009999945759773254
angle,1780569775569144484,2.0299999713897705,0,0.00999993272125721
angle,1780569775580982510,2.0299999713897705,0,0.011837196536362171
angle,1780569775590982799,2.0299999713897705,0,0.009999961592257023
angle,1780569775600983306,2.0299999713897705,0,0.010000000707805157
angle,1780569775610983172,2.0299999713897705,0,0.009999970905482769
angle,1780569775620983755,2.0299999713897705,0,0.009999988600611687
angle,1780569775630983753,2.0299999713897705,0,0.009999985806643963
angle,1780569775640983848,2.0299999713897705,0,0.009999977424740791
angle,1780569775650984262,2.0299999713897705,0,0.009999968111515045
angle,1780569775660984970,2.0299999713897705,0,0.009999943897128105
angle,1780569775670984896,2.0299999713897705,0,0.009999955072999
angle,1780569775680985135,2.0299999713897705,0,0.009999933652579784
angle,1780569775690985131,2.0299999713897705,0,0.009999958798289299
angle,1780569775700985336,2.0299999713897705,0,0.009999995119869709
angle,1780569775710986032,2.0299999713897705,0,0.009999959729611874
angle,1780569775720988333,2.0299999713897705,0,0.010000013746321201
angle,1780569775730986551,2.0299999713897705,0,0.009999898262321949
angle,1780569775740986817,2.0299999713897705,0,0.009999964386224747
angle,1780569775750986986,2.0299999713897705,0,0.009999955072999
angle,1780569775760987514,2.0299999713897705,0,0.010000004433095455
angle,1780569775770987489,2.0299999713897705,0,0.009999945759773254
angle,1780569775780987799,2.0299999713897705,0,0.009999969974160194
angle,1780569775790988317,2.0299999713897705,0,0.009999951347708702
angle,1780569775800988270,2.0299999713897705,0,0.009999965317547321
angle,1780569775810988464,2.0299999713897705,0,0.00999999139457941
angle,1780569775820988698,2.0299999713897705,0,0.01000000536441803
angle,1780569775830988935,2.0299999713897705,0,0.009999985806643963
angle,1780569775840988975,2.0299999713897705,0,0.00999995693564415
angle,1780569775850989275,2.0299999713897705,0,0.009999941103160381
angle,1780569775860989532,2.0299999713897705,0,0.00999999325722456
angle,1780569775870989754,2.0299999713897705,0,0.00999995693564415
angle,1780569775880990387,2.0299999713897705,0,0.00999998115003109
angle,1780569775890990272,2.0299999713897705,0,0.009999874979257584
angle,1780569775900990397,2.0299999713897705,0,0.009999972768127918
angle,1780569775910991509,2.0299999713897705,0,0.009999968111515045
angle,1780569775920990977,2.0299999713897705,0,0.009999974630773067
angle,1780569775930990802,2.0299999713897705,0,0.009999940171837807
angle,1780569775940991164,2.0299999713897705,0,0.009999950416386127
angle,1780569775950991375,2.0299999713897705,0,0.010000002570450306
angle,1780569775960992182,2.0299999713897705,0,0.009999997913837433
angle,1780569775970994745,2.0299999713897705,0,0.009999992325901985
angle,1780569775980992191,2.0299999713897705,0,0.009999820962548256
angle,1780569775990992537,2.0299999713897705,0,0.010000000707805157
angle,1780569776000992558,2.0299999713897705,0,0.009999939240515232
angle,1780569776010993016,2.0299999713897705,0,0.01000000536441803
angle,1780569776020993201,2.0299999713897705,0,0.00999994482845068
angle,1780569776030993303,2.0299999713897705,0,0.009999942034482956
angle,1780569776040994315,2.0299999713897705,0,0.009999951347708702
angle,1780569776050995060,2.0299999713897705,0,0.009999948553740978
angle,1780569776060993935,2.0299999713897705,0,0.009999915957450867
angle,1780569776070994679,2.0299999713897705,0,0.009999999776482582
angle,1780569776080994865,2.0299999713897705,0,0.009999928995966911
angle,1780569776090994958,2.0299999713897705,0,0.009999931789934635
angle,1780569776101000371,2.0299999713897705,0,0.009999933652579784
angle,1780569776110997455,2.0299999713897705,0,0.00999986007809639
angle,1780569776120996623,2.0299999713897705,0,0.009999898262321949
angle,1780569776130996007,2.0299999713897705,0,0.009999876841902733
angle,1780569776140996374,2.0299999713897705,0,0.009999953210353851
angle,1780569776150996211,2.0299999713897705,0,0.009999994188547134
angle,1780569776160997028,2.0299999713897705,0,0.009999974630773067
angle,1780569776170996956,2.0299999713897705,0,0.009999977424740791
angle,1780569776180997341,2.0299999713897705,0,0.009999968111515045
angle,1780569776190997387,2.0299999713897705,0,0.009999992325901985
angle,1780569776200997507,2.0299999713897705,0,0.009999938309192657
angle,1780569776210997912,2.0299999713897705,0,0.009999947622418404
angle,1780569776220998084,2.0299999713897705,0,0.009999948553740978
angle,1780569776230998625,2.0299999713897705,0,0.009999994188547134
angle,1780569776240998679,2.0299999713897705,0,0.010000007227063179
angle,1780569776250998846,2.0299999713897705,0,0.00999994482845068
angle,1780569776260999399,2.0299999713897705,0,0.009999983012676239
angle,1780569776270999196,2.0299999713897705,0,0.01000000536441803
angle,1780569776280999456,2.0299999713897705,0,0.00999996718019247
angle,1780569776290999949,2.0299999713897705,0,0.010000001639127731
angle,1780569776300999784,2.0299999713897705,0,0.009999968111515045
angle,1780569776311000166,2.0299999713897705,0,0.009999954141676426
angle,1780569776321000265,2.0299999713897705,0,0.009999974630773067
angle,1780569776331000461,2.0299999713897705,0,0.009999978356063366
angle,1780569776341000671,2.0299999713897705,0,0.009999995119869709
angle,1780569776351001097,2.0299999713897705,0,0.010000008158385754
angle,1780569776361001855,2.0299999713897705,0,0.010000054724514484
angle,1780569776371001787,2.0299999713897705,0,0.009999886155128479
angle,1780569776381001840,2.0299999713897705,0,0.009999961592257023
angle,1780569776391002415,2.0299999713897705,0,0.009999975562095642
angle,1780569776401002358,2.0299999713897705,0,0.009999988600611687
angle,1780569776411002580,2.0299999713897705,0,0.009999969974160194
angle,1780569776421002933,2.0299999713897705,0,0.009999954141676426
angle,1780569776431003171,2.0299999713897705,0,0.00999997928738594
angle,1780569776441003633,2.0299999713897705,0,0.009999971836805344
angle,1780569776451004239,2.0299999713897705,0,0.009999992325901985
angle,1780569776461004171,2.0299999713897705,0,0.009999973699450493
angle,1780569776471004223,2.0299999713897705,0,0.009999885223805904
angle,1780569776481004379,2.0299999713897705,0,0.009999936446547508
angle,1780569776491004718,2.0299999713897705,0,0.009999960660934448
angle,1780569776501004939,2.0299999713897705,0,0.009999978356063366
angle,1780569776511005115,2.0299999713897705,0,0.010000008158385754
angle,1780569776521007190,2.0299999713897705,0,0.009999974630773067
angle,1780569776531005574,2.0299999713897705,0,0.00999994482845068
angle,1780569776541005751,2.0299999713897705,0,0.009999970905482769
angle,1780569776551006324,2.0299999713897705,0,0.009999983012676239
angle,1780569776561006566,2.0299999713897705,0,0.009999951347708702
angle,1780569776571006548,2.0299999713897705,0,0.009999999776482582
angle,1780569776581006914,2.0299999713897705,0,0.009999978356063366
angle,1780569776591007174,2.0299999713897705,0,0.009999951347708702
angle,1780569776601008240,2.0299999713897705,0,0.009999999776482582
angle,1780569776611007670,2.0299999713897705,0,0.009999942034482956
angle,1780569776621007836,2.0299999713897705,0,0.009999943897128105
angle,1780569776631007931,2.0299999713897705,0,0.010000010021030903
angle,1780569776641008671,2.0299999713897705,0,0.00999999139457941
angle,1780569776651008608,2.0299999713897705,0,0.009999965317547321
angle,1780569776661008887,2.0299999713897705,0,0.009999972768127918
angle,1780569776671009434,2.0299999713897705,0,0.009999945759773254
angle,1780569776681009556,2.0299999713897705,0,0.00999994482845068
angle,1780569776691009716,2.0299999713897705,0,0.009999996051192284
angle,1780569776701009960,2.0299999713897705,0,0.00999997928738594
angle,1780569776711010401,2.0299999713897705,0,0.009999950416386127
angle,1780569776721010380,2.0299999713897705,0,0.009999961592257023
angle,1780569776731011001,2.0299999713897705,0,0.009999947622418404
angle,1780569776741010894,2.0299999713897705,0,0.009999997913837433
angle,1780569776751011047,2.0299999713897705,0,0.009999957866966724
angle,1780569776761011610,2.0299999713897705,0,0.009999959729611874
angle,1780569776771011833,2.0299999713897705,0,0.009999885223805904
angle,1780569776781011614,2.0299999713897705,0,0.009999988600611687
angle,1780569776791012007,2.0299999713897705,0,0.009999996982514858
angle,1780569776801012156,2.0299999713897705,0,0.00999998115003109
angle,1780569776811012567,2.0299999713897705,0,0.009999996982514858
angle,1780569776821013029,2.0299999713897705,0,0.010000000707805157
angle,1780569776831013047,2.0299999713897705,0,0.010000006295740604
angle,1780569776841013463,2.0299999713897705,0,0.009999951347708702
angle,1780569776851013443,2.0299999713897705,0,0.009999939240515232
angle,1780569776861014106,2.0299999713897705,0,0.00999995693564415
angle,1780569776871014052,2.0299999713897705,0,0.009999978356063366
angle,1780569776881014165,2.0299999713897705,0,0.009999923408031464
angle,1780569776891014501,2.0299999713897705,0,0.009999992325901985
angle,1780569776901014559,2.0299999713897705,0,0.009999975562095642
angle,1780569776911016155,2.0299999713897705,0,0.00999999139457941
angle,1780569776921015097,2.0299999713897705,0,0.009999974630773067
angle,1780569776931015080,2.0299999713897705,0,0.009999941103160381
angle,1780569776941015339,2.0299999713897705,0,0.009999941103160381
angle,1780569776951015797,2.0299999713897705,0,0.009999997913837433
angle,1780569776961016023,2.0299999713897705,0,0.010000004433095455
angle,1780569776971016974,2.0299999713897705,0,0.00999994296580553
angle,1780569776981016274,2.0299999713897705,0,0.009999956004321575
angle,1780569776991017322,2.0299999713897705,0,0.00999999139457941
angle,1780569777001017167,2.0299999713897705,0,0.00999992061406374
angle,1780569777011017507,2.0299999713897705,0,0.010000009089708328
angle,1780569777021017722,2.0299999713897705,0,0.009999954141676426
angle,1780569777031017879,2.0299999713897705,0,0.009999937377870083
angle,1780569777041018458,2.0299999713897705,0,0.009999996051192284
angle,1780569777051018382,2.0299999713897705,0,0.009999891743063927
angle,1780569777061019156,2.0299999713897705,0,0.009999938309192657
angle,1780569777071018980,2.0299999713897705,0,0.009999893605709076
angle,1780569777081018924,2.0299999713897705,0,0.009999985806643963
angle,1780569777091019307,2.0299999713897705,0,0.009999980218708515
angle,1780569777101019700,2.0299999713897705,0,0.009999969974160194
angle,1780569777111020032,2.0299999713897705,0,0.009999955072999
angle,1780569777121020447,2.0299999713897705,0,0.009999977424740791
angle,1780569777131020591,2.0299999713897705,0,0.009999984875321388
angle,1780569777141020859,2.0299999713897705,0,0.009999988600611687
angle,1780569777151021474,2.0299999713897705,0,0.009999977424740791
angle,1780569777161021559,2.0299999713897705,0,0.00999999325722456
angle,1780569777171021785,2.0299999713897705,0,0.00999994296580553
angle,1780569777181021554,2.0299999713897705,0,0.009999926201999187
angle,1780569777191022097,2.0299999713897705,0,0.009999980218708515
angle,1780569777201022613,2.0299999713897705,0,0.009999947622418404
angle,1780569777211022666,2.0299999713897705,0,0.00999999325722456
angle,1780569777221023107,2.0299999713897705,0,0.009999958798289299
angle,1780569777231023205,2.0299999713897705,0,0.009999988600611687
angle,1780569777241023724,2.0299999713897705,0,0.009999996982514858
angle,1780569777251023640,2.0299999713897705,0,0.009999990463256836
angle,1780569777261023856,2.0299999713897705,0,0.009999938309192657
angle,1780569777271024313,2.0299999713897705,0,0.009999965317547321
angle,1780569777281024564,2.0299999713897705,0,0.009999969974160194
angle,1780569777291024664,2.0299999713897705,0,0.009999938309192657
angle,1780569777301024848,2.0299999713897705,0,0.009999950416386127
angle,1780569777311025137,2.0299999713897705,0,0.009999983943998814
angle,1780569777321025421,2.0299999713897705,0,0.009999977424740791
angle,1780569777331026031,2.0299999713897705,0,0.009999963454902172
angle,1780569777341025774,2.0299999713897705,0,0.009999937377870083
angle,1780569777351026188,2.0299999713897705,0,0.009999982081353664
angle,1780569777361026985,2.0299999713897705,0,0.009999888949096203
angle,1780569777371026674,2.0299999713897705,0,0.009999959729611874
angle,1780569777381026736,2.0299999713897705,0,0.009999942034482956
angle,1780569777391027082,2.0299999713897705,0,0.009999990463256836
angle,1780569777401027821,2.0299999713897705,0,0.009999947622418404
angle,1780569777411027497,2.0299999713897705,0,0.009999902918934822
angle,1780569777421027705,2.0299999713897705,0,0.009999946691095829
angle,1780569777431027987,2.0299999713897705,0,0.00999997928738594
angle,1780569777441028420,2.0299999713897705,0,0.009999956004321575
angle,1780569777451028516,2.0299999713897705,0,0.009999942034482956
angle,1780569777461028892,2.0299999713897705,0,0.010000000707805157
angle,1780569777471029027,2.0299999713897705,0,0.009999936446547508
angle,1780569777481029171,2.0299999713897705,0,0.009999983012676239
angle,1780569777491029742,2.0299999713897705,0,0.009999995119869709
angle,1780569777501029540,2.0299999713897705,0,0.009999945759773254
angle,1780569777511029879,2.0299999713897705,0,0.009999941103160381
angle,1780569777521032325,2.0299999713897705,0,0.010000046342611313
angle,1780569777531032299,2.0299999713897705,0,0.009999925270676613
angle,1780569777541030977,2.0299999713897705,0,0.00999989453703165
angle,1780569777551030905,2.0299999713897705,0,0.009999960660934448
angle,1780569777561031382,2.0299999713897705,0,0.009999950416386127
angle,1780569777571031496,2.0299999713897705,0,0.009999945759773254
angle,1780569777581031615,2.0299999713897705,0,0.009999865666031837
angle,1780569777591032161,2.0299999713897705,0,0.009999959729611874
angle,1780569777601032599,2.0299999713897705,0,0.009999970905482769
angle,1780569777611032282,2.0299999713897705,0,0.00999999139457941
angle,1780569777621032603,2.0299999713897705,0,0.009999985806643963
angle,1780569777631032733,2.0299999713897705,0,0.009999958798289299
angle,1780569777641032957,2.0299999713897705,0,0.010000000707805157
angle,1780569777651033218,2.0299999713897705,0,0.009999961592257023
angle,1780569777661033446,2.0299999713897705,0,0.009999964386224747
angle,1780569777671034365,2.0299999713897705,0,0.009999958798289299
angle,1780569777681033901,2.0299999713897705,0,0.009999951347708702
angle,1780569777691034098,2.0299999713897705,0,0.009999985806643963
angle,1780569777701034340,2.0299999713897705,0,0.009999939240515232
angle,1780569777711034813,2.0299999713897705,0,0.009999946691095829
angle,1780569777721035062,2.0299999713897705,0,0.00999997928738594
angle,1780569777731034986,2.0299999713897705,0,0.009999971836805344
angle,1780569777741035140,2.0299999713897705,0,0.009999937377870083
angle,1780569777751035442,2.0299999713897705,0,0.00999997928738594
angle,1780569777761036148,2.0299999713897705,0,0.009999995119869709
angle,1780569777771036790,2.0299999713897705,0,0.009999988600611687
angle,1780569777781036423,2.0299999713897705,0,0.009999937377870083
angle,1780569777791036803,2.0299999713897705,0,0.009999963454902172
angle,1780569777801036938,2.0299999713897705,0,0.00999994296580553
angle,1780569777811037494,2.0299999713897705,0,0.01000000536441803
angle,1780569777821037232,2.0299999713897705,0,0.009999938309192657
angle,1780569777831037745,2.0299999713897705,0,0.010000002570450306
angle,1780569777841040188,2.0299999713897705,0,0.009999957866966724
angle,1780569777851039796,2.0299999713897705,0,0.00999989453703165
angle,1780569777861040224,2.0299999713897705,0,0.009999888017773628
angle,1780569777871038673,2.0299999713897705,0,0.009999901987612247
angle,1780569777881038817,2.0299999713897705,0,0.009999975562095642
angle,1780569777891039070,2.0299999713897705,0,0.009999901987612247
angle,1780569777901039127,2.0299999713897705,0,0.00999999139457941
angle,1780569777911040433,2.0299999713897705,0,0.010000004433095455
angle,1780569777921039696,2.0299999713897705,0,0.009999980218708515
angle,1780569777931040013,2.0299999713897705,0,0.009999986737966537
angle,1780569777941040023,2.0299999713897705,0,0.009999934583902359
angle,1780569777951040253,2.0299999713897705,0,0.009999997913837433
angle,1780569777961040567,2.0299999713897705,0,0.009999916888773441
angle,1780569777971043137,2.0299999713897705,0,0.009999941103160381
angle,1780569777981041193,2.0299999713897705,0,0.009999838657677174
angle,1780569777991042223,2.0299999713897705,0,0.00999994482845068
angle,1780569778001041581,2.0299999713897705,0,0.009999929927289486
angle,1780569778011043877,2.0299999713897705,0,0.009999955072999
angle,1780569778021042056,2.0299999713897705,0,0.009999936446547508
angle,1780569778031042589,2.0299999713897705,0,0.010000002570450306
angle,1780569778041042706,2.0299999713897705,0,0.00999998115003109
angle,1780569778051043055,2.0299999713897705,0,0.009999999776482582
angle,1780569778061043417,2.0299999713897705,0,0.009999977424740791
angle,1780569778071043872,2.0299999713897705,0,0.01000000536441803
angle,1780569778081044067,2.0299999713897705,0,0.009999963454902172
angle,1780569778091044075,2.0299999713897705,0,0.009999985806643963
angle,1780569778101044450,2.0299999713897705,0,0.009999980218708515
angle,1780569778111044478,2.0299999713897705,0,0.009999996982514858
angle,1780569778121044847,2.0299999713897705,0,0.009999987669289112
angle,1780569778131045200,2.0299999713897705,0,0.009999972768127918
angle,1780569778141045342,2.0299999713897705,0,0.009999969974160194
angle,1780569778151045613,2.0299999713897705,0,0.00999996718019247
angle,1780569778161046042,2.0299999713897705,0,0.009999946691095829
angle,1780569778171047111,2.0299999713897705,0,0.009999953210353851
angle,1780569778181046212,2.0299999713897705,0,0.009999958798289299
angle,1780569778191046459,2.0299999713897705,0,0.009999983943998814
angle,1780569778201046908,2.0299999713897705,0,0.009999941103160381
angle,1780569778211046937,2.0299999713897705,0,0.009999987669289112
angle,1780569778221047370,2.0299999713897705,0,0.009999992325901985
angle,1780569778231047444,2.0299999713897705,0,0.009999951347708702
angle,1780569778241047579,2.0299999713897705,0,0.009999955072999
angle,1780569778251048147,2.0299999713897705,0,0.009999960660934448
angle,1780569778261048084,2.0299999713897705,0,0.010000004433095455
angle,1780569778271048652,2.0299999713897705,0,0.009999994188547134
angle,1780569778281048797,2.0299999713897705,0,0.009999983012676239
angle,1780569778291049234,2.0299999713897705,0,0.009999934583902359
angle,1780569778301049312,2.0299999713897705,0,0.009999954141676426
angle,1780569778311049600,2.0299999713897705,0,0.009999973699450493
angle,1780569778321049848,2.0299999713897705,0,0.009999986737966537
angle,1780569778331050052,2.0299999713897705,0,0.009999974630773067
angle,1780569778341050667,2.0299999713897705,0,0.009999977424740791
angle,1780569778351050391,2.0299999713897705,0,0.009999931789934635
angle,1780569778361050755,2.0299999713897705,0,0.009999950416386127
angle,1780569778371051318,2.0299999713897705,0,0.009999977424740791
angle,1780569778381051388,2.0299999713897705,0,0.009999995119869709
angle,1780569778391051799,2.0299999713897705,0,0.010000006295740604
angle,1780569778401052084,2.0299999713897705,0,0.009999996051192284
angle,1780569778411053249,2.0299999713897705,0,0.009999984875321388
angle,1780569778421052443,2.0299999713897705,0,0.009999885223805904
angle,1780569778431052497,2.0299999713897705,0,0.009999994188547134
angle,1780569778441052794,2.0299999713897705,0,0.009999947622418404
angle,1780569778451053568,2.0299999713897705,0,0.010000009089708328
angle,1780569778461053694,2.0299999713897705,0,0.009999941103160381
angle,1780569778471054140,2.0299999713897705,0,0.009999933652579784
angle,1780569778481054280,2.0299999713897705,0,0.009999984875321388
angle,1780569778491054269,2.0299999713897705,0,0.009999956004321575
angle,1780569778501055033,2.0299999713897705,0,0.00999999139457941
angle,1780569778511054898,2.0299999713897705,0,0.009999937377870083
angle,1780569778521055913,2.0299999713897705,0,0.00999994296580553
angle,1780569778531055650,2.0299999713897705,0,0.00999988429248333
angle,1780569778541055557,2.0299999713897705,0,0.009999934583902359
angle,1780569778551055590,2.0299999713897705,0,0.00999996718019247
angle,1780569778561055882,2.0299999713897705,0,0.00999994482845068
angle,1780569778571056325,2.0299999713897705,0,0.009999992325901985
angle,1780569778581056465,2.0299999713897705,0,0.010000000707805157
angle,1780569778591056551,2.0299999713897705,0,0.009999939240515232
angle,1780569778601056963,2.0299999713897705,0,0.009999996982514858
angle,1780569778611057224,2.0299999713897705,0,0.009999984875321388
angle,1780569778621057497,2.0299999713897705,0,0.009999998845160007
angle,1780569778631058229,2.0299999713897705,0,0.009999988600611687
angle,1780569778641058075,2.0299999713897705,0,0.009999998845160007
angle,1780569778651058304,2.0299999713897705,0,0.01000000536441803
angle,1780569778661058479,2.0299999713897705,0,0.009999937377870083
angle,1780569778671060775,2.0299999713897705,0,0.009999974630773067
angle,1780569778681059209,2.0299999713897705,0,0.009999903850257397
angle,1780569778691059227,2.0299999713897705,0,0.009999971836805344
angle,1780569778701059768,2.0299999713897705,0,0.009999955072999
angle,1780569778711059728,2.0299999713897705,0,0.009999952279031277
angle,1780569778721059882,2.0299999713897705,0,0.009999952279031277
angle,1780569778731060092,2.0299999713897705,0,0.009999966248869896
angle,1780569778741060288,2.0299999713897705,0,0.00999994296580553
angle,1780569778751060494,2.0299999713897705,0,0.009999984875321388
angle,1780569778761060748,2.0299999713897705,0,0.009999939240515232
angle,1780569778771061178,2.0299999713897705,0,0.009999984875321388
angle,1780569778781061381,2.0299999713897705,0,0.00999989453703165
angle,1780569778791061593,2.0299999713897705,0,0.009999946691095829
angle,1780569778801061465,2.0299999713897705,0,0.009999945759773254
angle,1780569778811061675,2.0299999713897705,0,0.010000004433095455
angle,1780569778821062052,2.0299999713897705,0,0.009999938309192657
angle,1780569778831062469,2.0299999713897705,0,0.00999996904283762
angle,1780569778841062773,2.0299999713897705,0,0.009999974630773067
angle,1780569778851063010,2.0299999713897705,0,0.009999997913837433
angle,1780569778861063102,2.0299999713897705,0,0.009999951347708702
angle,1780569778871063765,2.0299999713897705,0,0.00999999325722456
angle,1780569778881064036,2.0299999713897705,0,0.009999973699450493
angle,1780569778891063961,2.0299999713897705,0,0.009999997913837433
angle,1780569778901064150,2.0299999713897705,0,0.009999965317547321
angle,1780569778911065209,2.0299999713897705,0,0.009999941103160381
angle,1780569778921064585,2.0299999713897705,0,0.009999941103160381
angle,1780569778931064881,2.0299999713897705,0,0.009999947622418404
angle,1780569778941065133,2.0299999713897705,0,0.009999998845160007
angle,1780569778951065370,2.0299999713897705,0,0.00999997928738594
angle,1780569778961065426,2.0299999713897705,0,0.009999977424740791
angle,1780569778971066433,2.0299999713897705,0,0.009999958798289299
angle,1780569778981066311,2.0299999713897705,0,0.00999996718019247
angle,1780569778991066195,2.0299999713897705,0,0.009999969974160194
angle,1780569779001066578,2.0299999713897705,0,0.009999983943998814
angle,1780569779011066872,2.0299999713897705,0,0.009999947622418404
angle,1780569779021067028,2.0299999713897705,0,0.009999978356063366
angle,1780569779031067274,2.0299999713897705,0,0.009999965317547321
angle,1780569779041067725,2.0299999713897705,0,0.009999982081353664
angle,1780569779051067778,2.0299999713897705,0,0.009999952279031277
angle,1780569779061068387,2.0299999713897705,0,0.009999954141676426
angle,1780569779071068203,2.0299999713897705,0,0.009999988600611687
angle,1780569779081068576,2.0299999713897705,0,0.009999998845160007
angle,1780569779091068740,2.0299999713897705,0,0.00999994482845068
angle,1780569779101069138,2.0299999713897705,0,0.009999972768127918
angle,1780569779111069162,2.0299999713897705,0,0.009999940171837807
angle,1780569779121069585,2.0299999713897705,0,0.009999961592257023
angle,1780569779131069576,2.0299999713897705,0,0.009999996051192284
angle,1780569779141069802,2.0299999713897705,0,0.009999966248869896
angle,1780569779151070073,2.0299999713897705,0,0.009999996051192284
angle,1780569779161070182,2.0299999713897705,0,0.009999937377870083
angle,1780569779171070531,2.0299999713897705,0,0.009999955072999
angle,1780569779181070829,2.0299999713897705,0,0.010000008158385754
angle,1780569779191071202,2.0299999713897705,0,0.009999996982514858
angle,1780569779201071404,2.0299999713897705,0,0.009999945759773254
angle,1780569779211071751,2.0299999713897705,0,0.010000010021030903
angle,1780569779221071948,2.0299999713897705,0,0.010000002570450306
angle,1780569779231072573,2.0299999713897705,0,0.009999977424740791
angle,1780569779241072921,2.0299999713897705,0,0.009999955072999
angle,1780569779251072556,2.0299999713897705,0,0.009999931789934635
angle,1780569779261073223,2.0299999713897705,0,0.009999946691095829
angle,1780569779271073100,2.0299999713897705,0,0.009999978356063366
angle,1780569779281073716,2.0299999713897705,0,0.010000002570450306
angle,1780569779291073551,2.0299999713897705,0,0.00999994296580553
angle,1780569779301073795,2.0299999713897705,0,0.00999998115003109
angle,1780569779311073946,2.0299999713897705,0,0.009999953210353851
angle,1780569779321074241,2.0299999713897705,0,0.00999996718019247
angle,1780569779331074395,2.0299999713897705,0,0.009999934583902359
angle,1780569779341076825,2.0299999713897705,0,0.00999995693564415
angle,1780569779352932189,2.0299999713897705,0,0.011856835335493088
angle,1780569779362934636,2.0299999713897705,0,0.00999993272125721
angle,1780569779372933948,2.0299999713897705,0,0.009999898262321949
angle,1780569779382933276,2.0299999713897705,0,0.009999936446547508
angle,1780569779394703384,2.0299999713897705,0,0.011769358068704605
angle,1780569779404703648,2.0299999713897705,0,0.009999941103160381
angle,1780569779414703775,2.0299999713897705,0,0.010000001639127731
angle,1780569779424703827,2.0299999713897705,0,0.00999998115003109
angle,1780569779434704190,2.0299999713897705,0,0.009999984875321388
angle,1780569779444704863,2.0299999713897705,0,0.009999963454902172
angle,1780569779454704812,2.0299999713897705,0,0.009999996982514858
angle,1780569779464705051,2.0299999713897705,0,0.010000016540288925
angle,1780569779474705314,2.0299999713897705,0,0.009999996051192284
angle,1780569779484705942,2.0299999713897705,0,0.009999970905482769
angle,1780569779494705598,2.0299999713897705,0,0.009999880567193031
angle,1780569779504706135,2.0299999713897705,0,0.010000004433095455
angle,1780569779514706270,2.0299999713897705,0,0.009999988600611687
angle,1780569779524707667,2.0299999713897705,0,0.009999938309192657
angle,1780569779534707263,2.0299999713897705,0,0.009999912232160568
angle,1780569779544707046,2.0299999713897705,0,0.00999994482845068
angle,1780569779554707016,2.0299999713897705,0,0.009999939240515232
angle,1780569779564707284,2.0299999713897705,0,0.009999963454902172
angle,1780569779574707767,2.0299999713897705,0,0.009999963454902172
angle,1780569779584708148,2.0299999713897705,0,0.009999965317547321
angle,1780569779594708055,2.0299999713897705,0,0.010000009089708328
angle,1780569779604708363,2.0299999713897705,0,0.010000010021030903
angle,1780569779614708542,2.0299999713897705,0,0.009999997913837433
angle,1780569779624708797,2.0299999713897705,0,0.009999982081353664
angle,1780569779634709035,2.0299999713897705,0,0.010000004433095455
angle,1780569779644709511,2.0299999713897705,0,0.009999959729611874
angle,1780569779654709649,2.0299999713897705,0,0.009999983012676239
angle,1780569779664709973,2.0299999713897705,0,0.009999972768127918
angle,1780569779674710403,2.0299999713897705,0,0.00999994296580553
angle,1780569779684710384,2.0299999713897705,0,0.009999974630773067
angle,1780569779694710429,2.0299999713897705,0,0.00999994296580553
angle,1780569779704710706,2.0299999713897705,0,0.009999938309192657
angle,1780569779714711265,2.0299999713897705,0,0.010000010021030903
angle,1780569779724711484,2.0299999713897705,0,0.009999968111515045
angle,1780569779734711711,2.0299999713897705,0,0.009999959729611874
angle,1780569779744711905,2.0299999713897705,0,0.009999985806643963
angle,1780569779754712923,2.0299999713897705,0,0.009999964386224747
angle,1780569779764712204,2.0299999713897705,0,0.009999874979257584
angle,1780569779774712573,2.0299999713897705,0,0.009999957866966724
angle,1780569779784712943,2.0299999713897705,0,0.00999994296580553
angle,1780569779794712918,2.0299999713897705,0,0.009999992325901985
angle,1780569779804713366,2.0299999713897705,0,0.009999937377870083
angle,1780569779814713781,2.0299999713897705,0,0.009999965317547321
angle,1780569779824714071,2.0299999713897705,0,0.00999992061406374
angle,1780569779834714156,2.0299999713897705,0,0.00999994482845068
angle,1780569779844714672,2.0299999713897705,0,0.009999946691095829
angle,1780569779854714949,2.0299999713897705,0,0.010000006295740604
angle,1780569779864714872,2.0299999713897705,0,0.009999982081353664
angle,1780569779874715185,2.0299999713897705,0,0.010000006295740604
angle,1780569779884715617,2.0299999713897705,0,0.010000007227063179
angle,1780569779894715849,2.0299999713897705,0,0.010000007227063179
angle,1780569779904716263,2.0299999713897705,0,0.009999992325901985
angle,1780569779914717032,2.0299999713897705,0,0.009999964386224747
angle,1780569779924716721,2.0299999713897705,0,0.00999998115003109
angle,1780569779934716919,2.0299999713897705,0,0.00999995693564415
angle,1780569779944717814,2.0299999713897705,0,0.009999958798289299
angle,1780569779954717541,2.0299999713897705,0,0.009999948553740978
angle,1780569779964717598,2.0299999713897705,0,0.009999950416386127
angle,1780569779974719716,2.0299999713897705,0,0.009999951347708702
angle,1780569779984718481,2.0299999713897705,0,0.009999901056289673
angle,1780569779994718271,2.0299999713897705,0,0.009999916888773441
angle,1780569780004721205,2.0299999713897705,0,0.00999999139457941
angle,1780569780014719058,2.0299999713897705,0,0.009999851696193218
angle,1780569780024719093,2.0299999713897705,0,0.00999996718019247
angle,1780569780034719330,2.0299999713897705,0,0.009999983012676239
angle,1780569780044719960,2.0299999713897705,0,0.009999964386224747
angle,1780569780054719717,2.0299999713897705,0,0.00999995693564415
angle,1780569780064720014,2.0299999713897705,0,0.00999994482845068
angle,1780569780074720086,2.0299999713897705,0,0.00999996718019247
angle,1780569780084723417,2.0299999713897705,0,0.010000032372772694
angle,1780569780094721703,2.0299999713897705,0,0.009999838657677174
angle,1780569780104721072,2.0299999713897705,0,0.009999915026128292
angle,1780569780114721119,2.0299999713897705,0,0.009999992325901985
angle,1780569780124721846,2.0299999713897705,0,0.009999960660934448
angle,1780569780134721642,2.0299999713897705,0,0.00999999139457941
angle,1780569780144721860,2.0299999713897705,0,0.009999940171837807
angle,1780569780154722094,2.0299999713897705,0,0.009999937377870083
angle,1780569780164722514,2.0299999713897705,0,0.00999998115003109
angle,1780569780174722551,2.0299999713897705,0,0.009999957866966724
angle,1780569780184723177,2.0299999713897705,0,0.009999982081353664
angle,1780569780194722945,2.0299999713897705,0,0.009999886155128479
angle,1780569780204723186,2.0299999713897705,0,0.009999994188547134
angle,1780569780214723802,2.0299999713897705,0,0.009999931789934635
angle,1780569780224723884,2.0299999713897705,0,0.009999951347708702
angle,1780569780234723961,2.0299999713897705,0,0.00999999139457941
angle,1780569780244724033,2.0299999713897705,0,0.009999960660934448
angle,1780569780254724666,2.0299999713897705,0,0.009999998845160007
angle,1780569780264724615,2.0299999713897705,0,0.009999948553740978
angle,1780569780274724951,2.0299999713897705,0,0.009999990463256836
angle,1780569780284725467,2.0299999713897705,0,0.009999977424740791
angle,1780569780294725268,2.0299999713897705,0,0.009999987669289112
angle,1780569780304725943,2.0299999713897705,0,0.009999974630773067
angle,1780569780314725934,2.0299999713897705,0,0.009999943897128105
angle,1780569780324726025,2.0299999713897705,0,0.009999919682741165
angle,1780569780334726287,2.0299999713897705,0,0.010000002570450306
angle,1780569780344727140,2.0299999713897705,0,0.010000010952353477
angle,1780569780354726781,2.0299999713897705,0,0.009999973699450493
angle,1780569780364727360,2.0299999713897705,0,0.009999969974160194
angle,1780569780374727354,2.0299999713897705,0,0.009999903850257397
angle,1780569780384727834,2.0299999713897705,0,0.009999973699450493
angle,1780569780394727710,2.0299999713897705,0,0.009999983943998814
angle,1780569780404727931,2.0299999713897705,0,0.009999934583902359
angle,1780569780414728098,2.0299999713897705,0,0.009999946691095829
angle,1780569780424728471,2.0299999713897705,0,0.009999977424740791
angle,1780569780434728877,2.0299999713897705,0,0.00999995693564415
angle,1780569780444728999,2.0299999713897705,0,0.009999955072999
angle,1780569780454729093,2.0299999713897705,0,0.00999995693564415
angle,1780569780464729472,2.0299999713897705,0,0.00999994296580553
angle,1780569780474729785,2.0299999713897705,0,0.009999997913837433
angle,1780569780484730297,2.0299999713897705,0,0.009999953210353851
angle,1780569780494729987,2.0299999713897705,0,0.009999929927289486
angle,1780569780504730482,2.0299999713897705,0,0.009999945759773254
angle,1780569780514730619,2.0299999713897705,0,0.00999997928738594
angle,1780569780524731418,2.0299999713897705,0,0.009999939240515232
angle,1780569780534732453,2.0299999713897705,0,0.00999992061406374
angle,1780569780544731153,2.0299999713897705,0,0.00999988242983818
angle,1780569780554731557,2.0299999713897705,0,0.009999977424740791
angle,1780569780564731674,2.0299999713897705,0,0.010000008158385754
angle,1780569780574732017,2.0299999713897705,0,0.009999953210353851
angle,1780569780584732440,2.0299999713897705,0,0.009999945759773254
angle,1780569780594732567,2.0299999713897705,0,0.00999995693564415
angle,1780569780604732560,2.0299999713897705,0,0.009999983012676239
angle,1780569780614733331,2.0299999713897705,0,0.009999947622418404
angle,1780569780624733140,2.0299999713897705,0,0.009999983012676239
angle,1780569780634733374,2.0299999713897705,0,0.009999984875321388
angle,1780569780644733477,2.0299999713897705,0,0.010000007227063179
angle,1780569780654734344,2.0299999713897705,0,0.010000009089708328
angle,1780569780664734586,2.0299999713897705,0,0.010000004433095455
angle,1780569780674734894,2.0299999713897705,0,0.009999971836805344
angle,1780569780684735028,2.0299999713897705,0,0.009999934583902359
angle,1780569780694735305,2.0299999713897705,0,0.010000002570450306
angle,1780569780704735523,2.0299999713897705,0,0.009999940171837807
angle,1780569780714735580,2.0299999713897705,0,0.009999961592257023
angle,1780569780724735894,2.0299999713897705,0,0.009999952279031277
angle,1780569780734735871,2.0299999713897705,0,0.009999939240515232
angle,1780569780744736345,2.0299999713897705,0,0.009999943897128105
angle,1780569780754736351,2.0299999713897705,0,0.009999959729611874
angle,1780569780764736464,2.0299999713897705,0,0.009999970905482769
angle,1780569780774736847,2.0299999713897705,0,0.010000009089708328
angle,1780569780784737282,2.0299999713897705,0,0.00999996718019247
angle,1780569780794737715,2.0299999713897705,0,0.009999999776482582
angle,1780569780804737671,2.0299999713897705,0,0.009999988600611687
angle,1780569780814737755,2.0299999713897705,0,0.009999957866966724
angle,1780569780824737921,2.0299999713897705,0,0.00999994482845068
angle,1780569780834738450,2.0299999713897705,0,0.009999940171837807
angle,1780569780844738548,2.0299999713897705,0,0.009999951347708702
angle,1780569780854738652,2.0299999713897705,0,0.009999946691095829
angle,1780569780864738854,2.0299999713897705,0,0.009999947622418404
angle,1780569780874739207,2.0299999713897705,0,0.009999973699450493
angle,1780569780884739986,2.0299999713897705,0,0.009999943897128105
angle,1780569780894740971,2.0299999713897705,0,0.009999983943998814
angle,1780569780904741979,2.0299999713897705,0,0.00999987032264471
angle,1780569780914741897,2.0299999713897705,0,0.00999993085861206
angle,1780569780924740359,2.0299999713897705,0,0.009999912232160568
angle,1780569780934740798,2.0299999713897705,0,0.00999996718019247
angle,1780569780944741075,2.0299999713897705,0,0.010000001639127731
angle,1780569780954741213,2.0299999713897705,0,0.00999999139457941
angle,1780569780964741362,2.0299999713897705,0,0.010000008158385754
angle,1780569780974741830,2.0299999713897705,0,0.009999977424740791
angle,1780569780984742069,2.0299999713897705,0,0.009999986737966537
angle,1780569780994742067,2.0299999713897705,0,0.009999952279031277
angle,1780569781004742307,2.0299999713897705,0,0.009999963454902172
angle,1780569781014742689,2.0299999713897705,0,0.010000002570450306
angle,1780569781024742846,2.0299999713897705,0,0.009999937377870083
angle,1780569781034743323,2.0299999713897705,0,0.009999951347708702
angle,1780569781044744077,2.0299999713897705,0,0.009999983943998814
angle,1780569781054743517,2.0299999713897705,0,0.009999900124967098
angle,1780569781064743663,2.0299999713897705,0,0.009999937377870083
angle,1780569781074744280,2.0299999713897705,0,0.009999952279031277
angle,1780569781084744671,2.0299999713897705,0,0.010000000707805157
angle,1780569781094745403,2.0299999713897705,0,0.009999977424740791
angle,1780569781104745156,2.0299999713897705,0,0.010000004433095455
angle,1780569781114745099,2.0299999713897705,0,0.00999996718019247
angle,1780569781124745559,2.0299999713897705,0,0.009999955072999
angle,1780569781134745724,2.0299999713897705,0,0.009999946691095829
angle,1780569781144745918,2.0299999713897705,0,0.009999965317547321
angle,1780569781154747989,2.0299999713897705,0,0.00999994296580553
angle,1780569781164747585,2.0299999713897705,0,0.009999915957450867
angle,1780569781174747200,2.0299999713897705,0,0.009999889880418777
angle,1780569781184746776,2.0299999713897705,0,0.009999903850257397
angle,1780569781194747418,2.0299999713897705,0,0.010000001639127731
angle,1780569781204747754,2.0299999713897705,0,0.009999984875321388
angle,1780569781214747715,2.0299999713897705,0,0.00999996904283762
angle,1780569781224747791,2.0299999713897705,0,0.009999978356063366
angle,1780569781234748057,2.0299999713897705,0,0.009999937377870083
angle,1780569781244748326,2.0299999713897705,0,0.009999980218708515
angle,1780569781254748635,2.0299999713897705,0,0.009999969974160194
angle,1780569781264748836,2.0299999713897705,0,0.00999995693564415
angle,1780569781274749146,2.0299999713897705,0,0.009999969974160194
angle,1780569781284749531,2.0299999713897705,0,0.009999943897128105
angle,1780569781294749570,2.0299999713897705,0,0.009999928995966911
angle,1780569781304749931,2.0299999713897705,0,0.009999995119869709
angle,1780569781314750469,2.0299999713897705,0,0.009999986737966537
angle,1780569781324750318,2.0299999713897705,0,0.009999982081353664
angle,1780569781334750566,2.0299999713897705,0,0.00999996904283762
angle,1780569781344750825,2.0299999713897705,0,0.009999970905482769
angle,1780569781354751829,2.0299999713897705,0,0.009999951347708702
angle,1780569781364751623,2.0299999713897705,0,0.010000010021030903
angle,1780569781374751616,2.0299999713897705,0,0.009999913163483143
angle,1780569781384751726,2.0299999713897705,0,0.009999984875321388
angle,1780569781394752210,2.0299999713897705,0,0.009999961592257023
angle,1780569781404752388,2.0299999713897705,0,0.00999997928738594
angle,1780569781414752508,2.0299999713897705,0,0.009999947622418404
angle,1780569781424752793,2.0299999713897705,0,0.010000006295740604
angle,1780569781434753044,2.0299999713897705,0,0.009999977424740791
angle,1780569781444753619,2.0299999713897705,0,0.009999996982514858
angle,1780569781454753560,2.0299999713897705,0,0.009999971836805344
angle,1780569781464754053,2.0299999713897705,0,0.009999960660934448
angle,1780569781474753919,2.0299999713897705,0,0.009999943897128105
angle,1780569781484754336,2.0299999713897705,0,0.009999953210353851
angle,1780569781494754749,2.0299999713897705,0,0.009999988600611687
angle,1780569781504754693,2.0299999713897705,0,0.009999911300837994
angle,1780569781514754703,2.0299999713897705,0,0.009999953210353851
angle,1780569781524755067,2.0299999713897705,0,0.009999951347708702
angle,1780569781534757197,2.0299999713897705,0,0.009999996051192284
angle,1780569781544755599,2.0299999713897705,0,0.009999901056289673
angle,1780569781554755670,2.0299999713897705,0,0.00999997928738594
angle,1780569781564755986,2.0299999713897705,0,0.009999973699450493
angle,1780569781574756217,2.0299999713897705,0,0.00999994482845068
angle,1780569781584756387,2.0299999713897705,0,0.009999953210353851
angle,1780569781594756893,2.0299999713897705,0,0.00999996718019247
angle,1780569781604757308,2.0299999713897705,0,0.009999983943998814
angle,1780569781614757220,2.0299999713897705,0,0.009999954141676426
angle,1780569781624757273,2.0299999713897705,0,0.009999999776482582
angle,1780569781634757552,2.0299999713897705,0,0.009999997913837433
angle,1780569781644758055,2.0299999713897705,0,0.009999948553740978
angle,1780569781654758276,2.0299999713897705,0,0.009999921545386314
angle,1780569781664758507,2.0299999713897705,0,0.009999958798289299
angle,1780569781674758892,2.0299999713897705,0,0.009999934583902359
angle,1780569781684758994,2.0299999713897705,0,0.009999956004321575
angle,1780569781694759853,2.0299999713897705,0,0.009999957866966724
angle,1780569781704759435,2.0299999713897705,0,0.009999937377870083
angle,1780569781714759518,2.0299999713897705,0,0.009999956004321575
angle,1780569781724759890,2.0299999713897705,0,0.009999943897128105
angle,1780569781734760315,2.0299999713897705,0,0.00999998115003109
angle,1780569781744760106,2.0299999713897705,0,0.009999943897128105
angle,1780569781754760356,2.0299999713897705,0,0.009999954141676426
angle,1780569781764760495,2.0299999713897705,0,0.009999945759773254
angle,1780569781774760859,2.0299999713897705,0,0.009999992325901985
angle,1780569781784760986,2.0299999713897705,0,0.009999953210353851
angle,1780569781794761530,2.0299999713897705,0,0.009999996982514858
angle,1780569781804761470,2.0299999713897705,0,0.009999994188547134
angle,1780569781814761699,2.0299999713897705,0,0.009999985806643963
angle,1780569781824762143,2.0299999713897705,0,0.009999992325901985
angle,1780569781834762227,2.0299999713897705,0,0.010000023990869522
angle,1780569781844762678,2.0299999713897705,0,0.009999980218708515
angle,1780569781854762906,2.0299999713897705,0,0.01000000536441803
angle,1780569781864763495,2.0299999713897705,0,0.009999986737966537
angle,1780569781874763414,2.0299999713897705,0,0.010000007227063179
angle,1780569781884765548,2.0299999713897705,0,0.009999992325901985
angle,1780569781894763897,2.0299999713897705,0,0.009999913163483143
angle,1780569781904763843,2.0299999713897705,0,0.009999958798289299
angle,1780569781914765481,2.0299999713897705,0,0.009999953210353851
angle,1780569781924764489,2.0299999713897705,0,0.009999919682741165
angle,1780569781934764503,2.0299999713897705,0,0.009999941103160381
angle,1780569781944764927,2.0299999713897705,0,0.00999996718019247
angle,1780569781954765254,2.0299999713897705,0,0.009999945759773254
angle,1780569781964765255,2.0299999713897705,0,0.009999940171837807
angle,1780569781974767014,2.0299999713897705,0,0.010000009089708328
angle,1780569781984766030,2.0299999713897705,0,0.009999889880418777
angle,1780569781994766354,2.0299999713897705,0,0.009999983012676239
angle,1780569782004766162,2.0299999713897705,0,0.00999987032264471
angle,1780569782014766200,2.0299999713897705,0,0.00999995693564415
angle,1780569782024766669,2.0299999713897705,0,0.009999934583902359
angle,1780569782034767016,2.0299999713897705,0,0.00999996718019247
angle,1780569782044767197,2.0299999713897705,0,0.009999942034482956
angle,1780569782054767477,2.0299999713897705,0,0.009999975562095642
angle,1780569782064767833,2.0299999713897705,0,0.009999973699450493
angle,1780569782074768406,2.0299999713897705,0,0.010000000707805157
angle,1780569782084768381,2.0299999713897705,0,0.009999933652579784
angle,1780569782094768876,2.0299999713897705,0,0.00999991875141859
angle,1780569782104768491,2.0299999713897705,0,0.009999951347708702
angle,1780569782114769131,2.0299999713897705,0,0.009999999776482582
angle,1780569782124769297,2.0299999713897705,0,0.009999956004321575
angle,1780569782134769729,2.0299999713897705,0,0.009999943897128105
angle,1780569782144769632,2.0299999713897705,0,0.009999969974160194
angle,1780569782154770197,2.0299999713897705,0,0.009999980218708515
angle,1780569782164770857,2.0299999713897705,0,0.00999996904283762
angle,1780569782174770529,2.0299999713897705,0,0.009999950416386127
angle,1780569782184770768,2.0299999713897705,0,0.009999999776482582
angle,1780569782194772183,2.0299999713897705,0,0.009999988600611687
angle,1780569782204771566,2.0299999713897705,0,0.009999983012676239
angle,1780569782214771741,2.0299999713897705,0,0.009999938309192657
angle,1780569782224772139,2.0299999713897705,0,0.009999954141676426
angle,1780569782234772449,2.0299999713897705,0,0.00999999139457941
angle,1780569782244772355,2.0299999713897705,0,0.009999942034482956
angle,1780569782254772995,2.0299999713897705,0,0.009999950416386127
angle,1780569782264773067,2.0299999713897705,0,0.009999965317547321
angle,1780569782274773473,2.0299999713897705,0,0.009999980218708515
angle,1780569782284773529,2.0299999713897705,0,0.009999941103160381
angle,1780569782294773966,2.0299999713897705,0,0.009999972768127918
angle,1780569782304773911,2.0299999713897705,0,0.009999998845160007
angle,1780569782314774451,2.0299999713897705,0,0.010000001639127731
angle,1780569782324774403,2.0299999713897705,0,0.009999995119869709
angle,1780569782334774517,2.0299999713897705,0,0.009999977424740791
angle,1780569782344775554,2.0299999713897705,0,0.00999996718019247
angle,1780569782354775441,2.0299999713897705,0,0.009999952279031277
angle,1780569782364776018,2.0299999713897705,0,0.009999925270676613
angle,1780569782374775582,2.0299999713897705,0,0.009999974630773067
angle,1780569782384776706,2.0299999713897705,0,0.009999968111515045
angle,1780569782394776290,2.0299999713897705,0,0.009999966248869896
angle,1780569782404776453,2.0299999713897705,0,0.009999995119869709
angle,1780569782414776420,2.0299999713897705,0,0.009999984875321388
angle,1780569782424776827,2.0299999713897705,0,0.009999970905482769
angle,1780569782434777078,2.0299999713897705,0,0.00999994296580553
angle,1780569782444777401,2.0299999713897705,0,0.010000009089708328
angle,1780569782454777590,2.0299999713897705,0,0.009999983012676239
angle,1780569782464777789,2.0299999713897705,0,0.009999973699450493
angle,1780569782474778400,2.0299999713897705,0,0.009999956004321575
angle,1780569782484778374,2.0299999713897705,0,0.009999938309192657
angle,1780569782494778668,2.0299999713897705,0,0.009999960660934448
angle,1780569782504778593,2.0299999713897705,0,0.009999934583902359
angle,1780569782514778774,2.0299999713897705,0,0.009999936446547508
angle,1780569782524778973,2.0299999713897705,0,0.009999940171837807
angle,1780569782534780929,2.0299999713897705,0,0.010000000707805157
angle,1780569782544779684,2.0299999713897705,0,0.009999931789934635
angle,1780569782554779894,2.0299999713897705,0,0.010000006295740604
angle,1780569782564780593,2.0299999713897705,0,0.009999940171837807
angle,1780569782574780321,2.0299999713897705,0,0.00999996904283762
angle,1780569782584780498,2.0299999713897705,0,0.010000004433095455
angle,1780569782594781271,2.0299999713897705,0,0.009999996982514858
angle,1780569782604781326,2.0299999713897705,0,0.009999988600611687
angle,1780569782614781435,2.0299999713897705,0,0.009999946691095829
angle,1780569782624781612,2.0299999713897705,0,0.009999938309192657
angle,1780569782634781899,2.0299999713897705,0,0.00999998115003109
angle,1780569782644781938,2.0299999713897705,0,0.009999958798289299
angle,1780569782654782339,2.0299999713897705,0,0.009999955072999
angle,1780569782664782595,2.0299999713897705,0,0.009999986737966537
angle,1780569782674782751,2.0299999713897705,0,0.009999998845160007
angle,1780569782684782896,2.0299999713897705,0,0.009999971836805344
angle,1780569782694783976,2.0299999713897705,0,0.009999973699450493
angle,1780569782704783970,2.0299999713897705,0,0.009999898262321949
angle,1780569782714784103,2.0299999713897705,0,0.009999977424740791
angle,1780569782724784660,2.0299999713897705,0,0.009999957866966724
angle,1780569782734784312,2.0299999713897705,0,0.009999939240515232
angle,1780569782744785005,2.0299999713897705,0,0.009999951347708702
angle,1780569782754784989,2.0299999713897705,0,0.009999996982514858
angle,1780569782764785117,2.0299999713897705,0,0.00999997928738594
angle,1780569782774785298,2.0299999713897705,0,0.009999970905482769
angle,1780569782784785974,2.0299999713897705,0,0.00999996718019247
angle,1780569782794786368,2.0299999713897705,0,0.010000007227063179
angle,1780569782804786408,2.0299999713897705,0,0.009999963454902172
angle,1780569782814786644,2.0299999713897705,0,0.009999996051192284
angle,1780569782824786797,2.0299999713897705,0,0.00999994482845068
angle,1780569782834787376,2.0299999713897705,0,0.009999997913837433
angle,1780569782844787347,2.0299999713897705,0,0.009999985806643963
angle,1780569782854787506,2.0299999713897705,0,0.009999973699450493
angle,1780569782864790290,2.0299999713897705,0,0.009999971836805344
angle,1780569782874789671,2.0299999713897705,0,0.009999899193644524
angle,1780569782884790875,2.0299999713897705,0,0.009999875910580158
angle,1780569782894788913,2.0299999713897705,0,0.009999836795032024
angle,1780569782904788903,2.0299999713897705,0,0.009999916888773441
angle,1780569782914790172,2.0299999713897705,0,0.009999974630773067
angle,1780569782924789371,2.0299999713897705,0,0.009999929927289486
angle,1780569782934789664,2.0299999713897705,0,0.00999995693564415
angle,1780569782944789724,2.0299999713897705,0,0.009999928995966911
angle,1780569782954789964,2.0299999713897705,0,0.010000001639127731
angle,1780569782964790261,2.0299999713897705,0,0.009999974630773067
angle,1780569782974790860,2.0299999713897705,0,0.01000002771615982
angle,1780569782984790824,2.0299999713897705,0,0.009999929927289486
angle,1780569782994791396,2.0299999713897705,0,0.009999969974160194
angle,1780569783004791592,2.0299999713897705,0,0.009999933652579784
angle,1780569783014791726,2.0299999713897705,0,0.009999980218708515
angle,1780569783024791881,2.0299999713897705,0,0.010000010952353477
angle,1780569783034792164,2.0299999713897705,0,0.009999951347708702
angle,1780569783044792375,2.0299999713897705,0,0.009999966248869896
angle,1780569783054792539,2.0299999713897705,0,0.009999990463256836
angle,1780569783064793395,2.0299999713897705,0,0.009999938309192657
angle,1780569783074793123,2.0299999713897705,0,0.009999890811741352
angle,1780569783084793530,2.0299999713897705,0,0.009999938309192657
angle,1780569783094794169,2.0299999713897705,0,0.010000020265579224
angle,1780569783104793876,2.0299999713897705,0,0.010000000707805157
angle,1780569783114794046,2.0299999713897705,0,0.009999959729611874
angle,1780569783124794236,2.0299999713897705,0,0.009999994188547134
angle,1780569783134794575,2.0299999713897705,0,0.009999992325901985
angle,1780569783144794728,2.0299999713897705,0,0.009999988600611687
angle,1780569783154795270,2.0299999713897705,0,0.009999942034482956
angle,1780569783164795230,2.0299999713897705,0,0.009999956004321575
angle,1780569783174795485,2.0299999713897705,0,0.00999996904283762
angle,1780569783184796176,2.0299999713897705,0,0.009999982081353664
angle,1780569783194796280,2.0299999713897705,0,0.010000021196901798
angle,1780569783204796587,2.0299999713897705,0,0.009999941103160381
angle,1780569783214796720,2.0299999713897705,0,0.009999994188547134
angle,1780569783224797302,2.0299999713897705,0,0.009999971836805344
angle,1780569783234797352,2.0299999713897705,0,0.009999945759773254
angle,1780569783244797416,2.0299999713897705,0,0.009999978356063366
angle,1780569783254797577,2.0299999713897705,0,0.009999970905482769
angle,1780569783264797854,2.0299999713897705,0,0.009999948553740978
angle,1780569783274798760,2.0299999713897705,0,0.009999994188547134
angle,1780569783284798590,2.0299999713897705,0,0.009999916888773441
angle,1780569783294798651,2.0299999713897705,0,0.009999959729611874
angle,1780569783304798795,2.0299999713897705,0,0.009999992325901985
angle,1780569783314798980,2.0299999713897705,0,0.00999994296580553
angle,1780569783324799202,2.0299999713897705,0,0.009999946691095829
angle,1780569783334799739,2.0299999713897705,0,0.009999996051192284
angle,1780569783344800030,2.0299999713897705,0,0.009999987669289112
angle,1780569783354799903,2.0299999713897705,0,0.009999971836805344
angle,1780569783364800237,2.0299999713897705,0,0.009999950416386127
angle,1780569783374800556,2.0299999713897705,0,0.009999984875321388
angle,1780569783384800905,2.0299999713897705,0,0.009999934583902359
angle,1780569783394801004,2.0299999713897705,0,0.009999956004321575
angle,1780569783404801009,2.0299999713897705,0,0.00999994296580553
angle,1780569783414801282,2.0299999713897705,0,0.009999941103160381
angle,1780569783424801853,2.0299999713897705,0,0.009999963454902172
angle,1780569783434801782,2.0299999713897705,0,0.009999910369515419
angle,1780569783444801959,2.0299999713897705,0,0.009999948553740978
angle,1780569783454802288,2.0299999713897705,0,0.009999950416386127
angle,1780569783464803282,2.0299999713897705,0,0.009999953210353851
angle,1780569783474802520,2.0299999713897705,0,0.00999996904283762
angle,1780569783484802700,2.0299999713897705,0,0.009999988600611687
angle,1780569783494804587,2.0299999713897705,0,0.009999964386224747
angle,1780569783504803339,2.0299999713897705,0,0.009999959729611874
angle,1780569783514803349,2.0299999713897705,0,0.009999936446547508
angle,1780569783524803523,2.0299999713897705,0,0.00999996904283762
angle,1780569783534805104,2.0299999713897705,0,0.010000046342611313
angle,1780569783544804202,2.0299999713897705,0,0.009999892674386501
angle,1780569783554804367,2.0299999713897705,0,0.00999996904283762
angle,1780569783564804626,2.0299999713897705,0,0.00999999325722456
angle,1780569783574804805,2.0299999713897705,0,0.009999983012676239
angle,1780569783584805226,2.0299999713897705,0,0.009999948553740978
angle,1780569783594805857,2.0299999713897705,0,0.009999941103160381
angle,1780569783604805986,2.0299999713897705,0,0.009999994188547134
angle,1780569783614805931,2.0299999713897705,0,0.009999875910580158
angle,1780569783624806013,2.0299999713897705,0,0.009999948553740978
angle,1780569783634806682,2.0299999713897705,0,0.009999972768127918
angle,1780569783644806767,2.0299999713897705,0,0.009999938309192657
angle,1780569783654807106,2.0299999713897705,0,0.009999953210353851
angle,1780569783664807365,2.0299999713897705,0,0.009999988600611687
angle,1780569783674807459,2.0299999713897705,0,0.009999947622418404
angle,1780569783684807983,2.0299999713897705,0,0.009999948553740978
angle,1780569783694808066,2.0299999713897705,0,0.009999974630773067
angle,1780569783704808416,2.0299999713897705,0,0.00999994296580553
angle,1780569783714808353,2.0299999713897705,0,0.009999925270676613
angle,1780569783724808806,2.0299999713897705,0,0.009999998845160007
angle,1780569783734809011,2.0299999713897705,0,0.009999960660934448
angle,1780569783744808833,2.0299999713897705,0,0.009999943897128105
angle,1780569783754809284,2.0299999713897705,0,0.009999970905482769
angle,1780569783764809470,2.0299999713897705,0,0.00999994482845068
angle,1780569783774809997,2.0299999713897705,0,0.009999950416386127
angle,1780569783784809898,2.0299999713897705,0,0.009999958798289299
angle,1780569783794810131,2.0299999713897705,0,0.009999987669289112
angle,1780569783804810956,2.0299999713897705,0,0.00999999325722456
angle,1780569783814810873,2.0299999713897705,0,0.009999986737966537
angle,1780569783824811184,2.0299999713897705,0,0.009999952279031277
angle,1780569783834811461,2.0299999713897705,0,0.009999965317547321
angle,1780569783844811708,2.0299999713897705,0,0.009999957866966724
angle,1780569783854811932,2.0299999713897705,0,0.009999964386224747
angle,1780569783864812377,2.0299999713897705,0,0.009999974630773067
angle,1780569783874812400,2.0299999713897705,0,0.010000006295740604
angle,1780569783884812605,2.0299999713897705,0,0.009999941103160381
angle,1780569783894812956,2.0299999713897705,0,0.010000000707805157
angle,1780569783904813441,2.0299999713897705,0,0.009999965317547321
angle,1780569783914815038,2.0299999713897705,0,0.009999953210353851
angle,1780569783924813728,2.0299999713897705,0,0.009999955072999
angle,1780569783934815813,2.0299999713897705,0,0.010000016540288925
angle,1780569783944814259,2.0299999713897705,0,0.009999837726354599
angle,1780569783954814399,2.0299999713897705,0,0.009999969974160194
angle,1780569783964815009,2.0299999713897705,0,0.00999998115003109
angle,1780569783974816951,2.0299999713897705,0,0.009999943897128105
angle,1780569783984815434,2.0299999713897705,0,0.009999879635870457
angle,1780569783994815612,2.0299999713897705,0,0.009999985806643963
angle,1780569784004815900,2.0299999713897705,0,0.009999937377870083
angle,1780569784014816131,2.0299999713897705,0,0.009999968111515045
angle,1780569784024816467,2.0299999713897705,0,0.009999939240515232
angle,1780569784034816308,2.0299999713897705,0,0.009999982081353664
angle,1780569784044816684,2.0299999713897705,0,0.010000008158385754
angle,1780569784054816863,2.0299999713897705,0,0.009999977424740791
angle,1780569784064817231,2.0299999713897705,0,0.009999938309192657
angle,1780569784074817335,2.0299999713897705,0,0.009999952279031277
angle,1780569784084817536,2.0299999713897705,0,0.00999996904283762
angle,1780569784094817857,2.0299999713897705,0,0.01000000536441803
angle,1780569784104818180,2.0299999713897705,0,0.009999951347708702
angle,1780569784114818062,2.0299999713897705,0,0.009999980218708515
angle,1780569784124818491,2.0299999713897705,0,0.009999996051192284
angle,1780569784134818670,2.0299999713897705,0,0.010000008158385754
angle,1780569784144819008,2.0299999713897705,0,0.009999995119869709
angle,1780569784154819574,2.0299999713897705,0,0.009999972768127918
angle,1780569784164819567,2.0299999713897705,0,0.009999974630773067
angle,1780569784174819554,2.0299999713897705,0,0.009999940171837807
angle,1780569784184820029,2.0299999713897705,0,0.00999996718019247
angle,1780569784194820086,2.0299999713897705,0,0.009999977424740791
angle,1780569784204821010,2.0299999713897705,0,0.00999994296580553
angle,1780569784214820676,2.0299999713897705,0,0.009999947622418404
angle,1780569784224820929,2.0299999713897705,0,0.009999950416386127
angle,1780569784234821092,2.0299999713897705,0,0.009999963454902172
angle,1780569784244821215,2.0299999713897705,0,0.009999953210353851
angle,1780569784254821368,2.0299999713897705,0,0.009999950416386127
angle,1780569784264821698,2.0299999713897705,0,0.009999971836805344
angle,1780569784274821908,2.0299999713897705,0,0.009999958798289299
angle,1780569784284822345,2.0299999713897705,0,0.010000024922192097
angle,1780569784294822516,2.0299999713897705,0,0.009999698959290981
angle,1780569784304822929,2.0299999713897705,0,0.009999961592257023
angle,1780569784314822725,2.0299999713897705,0,0.010000002570450306
angle,1780569784324822940,2.0299999713897705,0,0.00999999139457941
angle,1780569784334823177,2.0299999713897705,0,0.009999964386224747
angle,1780569784344823427,2.0299999713897705,0,0.009999965317547321
angle,1780569784354823745,2.0299999713897705,0,0.009999983943998814
angle,1780569784364826029,2.0299999713897705,0,0.009999996051192284
angle,1780569784374824401,2.0299999713897705,0,0.009999838657677174
angle,1780569784384824803,2.0299999713897705,0,0.009999936446547508
angle,1780569784394825089,2.0299999713897705,0,0.009999975562095642
angle,1780569784404825677,2.0299999713897705,0,0.010000000707805157
angle,1780569784414825602,2.0299999713897705,0,0.009999950416386127
angle,1780569784424825829,2.0299999713897705,0,0.010000009089708328
angle,1780569784434826686,2.0299999713897705,0,0.010000009089708328
angle,1780569784444826447,2.0299999713897705,0,0.009999984875321388
angle,1780569784454826547,2.0299999713897705,0,0.009999966248869896
angle,1780569784464826776,2.0299999713897705,0,0.009999941103160381
angle,1780569784474827119,2.0299999713897705,0,0.009999992325901985
angle,1780569784484828150,2.0299999713897705,0,0.009999968111515045
angle,1780569784494827830,2.0299999713897705,0,0.009999945759773254
angle,1780569784504828235,2.0299999713897705,0,0.009999996051192284
angle,1780569784514829786,2.0299999713897705,0,0.009999917820096016
angle,1780569784524828527,2.0299999713897705,0,0.00999993085861206
angle,1780569784534831086,2.0299999713897705,0,0.01000002957880497
angle,1780569784544830085,2.0299999713897705,0,0.009999856352806091
angle,1780569784554829490,2.0299999713897705,0,0.009999954141676426
angle,1780569784564830959,2.0299999713897705,0,0.009999907575547695
angle,1780569784574829670,2.0299999713897705,0,0.00999994482845068
angle,1780569784584830435,2.0299999713897705,0,0.009999936446547508
angle,1780569784594830522,2.0299999713897705,0,0.00999986007809639
angle,1780569784604830664,2.0299999713897705,0,0.010000002570450306
angle,1780569784614831205,2.0299999713897705,0,0.009999955072999
angle,1780569784624830983,2.0299999713897705,0,0.009999940171837807
angle,1780569784634831108,2.0299999713897705,0,0.009999990463256836
angle,1780569784644831413,2.0299999713897705,0,0.009999965317547321
angle,1780569784654831840,2.0299999713897705,0,0.010000023990869522
angle,1780569784664832118,2.0299999713897705,0,0.009999985806643963
angle,1780569784674832361,2.0299999713897705,0,0.009999963454902172
angle,1780569784684834232,2.0299999713897705,0,0.009999970905482769
angle,1780569784694832910,2.0299999713897705,0,0.009999892674386501
angle,1780569784704833075,2.0299999713897705,0,0.009999982081353664
angle,1780569784714833343,2.0299999713897705,0,0.009999951347708702
angle,1780569784724833604,2.0299999713897705,0,0.009999963454902172
angle,1780569784734834014,2.0299999713897705,0,0.009999948553740978
angle,1780569784744833875,2.0299999713897705,0,0.009999972768127918
angle,1780569784754834373,2.0299999713897705,0,0.009999974630773067
angle,1780569784764835168,2.0299999713897705,0,0.009999938309192657
angle,1780569784774834675,2.0299999713897705,0,0.009999957866966724
angle,1780569784784834835,2.0299999713897705,0,0.009999955072999
angle,1780569784794835088,2.0299999713897705,0,0.009999996051192284
angle,1780569784804835575,2.0299999713897705,0,0.009999938309192657
angle,1780569784814835543,2.0299999713897705,0,0.009999959729611874
angle,1780569784824836120,2.0299999713897705,0,0.010000010021030903
angle,1780569784834835919,2.0299999713897705,0,0.009999933652579784
angle,1780569784844836583,2.0299999713897705,0,0.009999983012676239
angle,1780569784854836462,2.0299999713897705,0,0.009999998845160007
angle,1780569784864837006,2.0299999713897705,0,0.009999985806643963
angle,1780569784874837026,2.0299999713897705,0,0.009999938309192657
angle,1780569784884837149,2.0299999713897705,0,0.009999994188547134
angle,1780569784894837511,2.0299999713897705,0,0.009999987669289112
angle,1780569784904837778,2.0299999713897705,0,0.009999973699450493
angle,1780569784914839031,2.0299999713897705,0,0.009999985806643963
angle,1780569784924838168,2.0299999713897705,0,0.009999941103160381
angle,1780569784934838510,2.0299999713897705,0,0.009999983012676239
angle,1780569784944839023,2.0299999713897705,0,0.009999940171837807
angle,1780569784954839301,2.0299999713897705,0,0.009999990463256836
angle,1780569784964839464,2.0299999713897705,0,0.009999954141676426
angle,1780569784974839880,2.0299999713897705,0,0.009999961592257023
angle,1780569784984839668,2.0299999713897705,0,0.009999965317547321
angle,1780569784994840042,2.0299999713897705,0,0.00999993272125721
angle,1780569785004840581,2.0299999713897705,0,0.009999983012676239
angle,1780569785014840832,2.0299999713897705,0,0.01000000536441803
angle,1780569785024841321,2.0299999713897705,0,0.00999996718019247
angle,1780569785034845577,2.0299999713897705,0,0.009999905712902546
angle,1780569785044844019,2.0299999713897705,0,0.00999998115003109
angle,1780569785054844221,2.0299999713897705,0,0.010000000707805157
angle,1780569785064844736,2.0299999713897705,0,0.00999993272125721
angle,1780569785074844801,2.0299999713897705,0,0.009999974630773067
angle,1780569785084845110,2.0299999713897705,0,0.009999954141676426
angle,1780569785094845207,2.0299999713897705,0,0.009999994188547134
angle,1780569785104845757,2.0299999713897705,0,0.009999948553740978
angle,1780569785114845954,2.0299999713897705,0,0.009999947622418404
angle,1780569785124845998,2.0299999713897705,0,0.009999951347708702
angle,1780569785134846399,2.0299999713897705,0,0.00999999139457941
angle,1780569785144846479,2.0299999713897705,0,0.009999998845160007
angle,1780569785154847091,2.0299999713897705,0,0.009999990463256836
angle,1780569785164846980,2.0299999713897705,0,0.010000008158385754
angle,1780569785174847271,2.0299999713897705,0,0.009999945759773254
angle,1780569785184847508,2.0299999713897705,0,0.009999996051192284
angle,1780569785194847912,2.0299999713897705,0,0.00999999325722456
angle,1780569785204848250,2.0299999713897705,0,0.009999982081353664
angle,1780569785214848429,2.0299999713897705,0,0.009999980218708515
angle,1780569785224848526,2.0299999713897705,0,0.009999947622418404
angle,1780569785234848947,2.0299999713897705,0,0.009999956004321575
angle,1780569785244848733,2.0299999713897705,0,0.009999996051192284
angle,1780569785256666724,2.0299999713897705,0,0.011817216873168945
angle,1780569785266667032,2.0299999713897705,0,0.009999910369515419
angle,1780569785276667391,2.0299999713897705,0,0.01000000536441803
angle,1780569785286668184,2.0299999713897705,0,0.009999945759773254
angle,1780569785296667857,2.0299999713897705,0,0.009999954141676426
angle,1780569785306668169,2.0299999713897705,0,0.009999947622418404
angle,1780569785316668326,2.0299999713897705,0,0.009999957866966724
angle,1780569785326668502,2.0299999713897705,0,0.009999957866966724
angle,1780569785336668517,2.0299999713897705,0,0.009999968111515045
angle,1780569785346668923,2.0299999713897705,0,0.009999974630773067
angle,1780569785356669141,2.0299999713897705,0,0.009999999776482582
angle,1780569785366669921,2.0299999713897705,0,0.010000001639127731
angle,1780569785376669889,2.0299999713897705,0,0.009999965317547321
angle,1780569785386669916,2.0299999713897705,0,0.00999994482845068
angle,1780569785396670222,2.0299999713897705,0,0.009999963454902172
angle,1780569785406670493,2.0299999713897705,0,0.009999997913837433
angle,1780569785416671395,2.0299999713897705,0,0.010000000707805157
angle,1780569785426670969,2.0299999713897705,0,0.009999985806643963
angle,1780569785436671264,2.0299999713897705,0,0.009999939240515232
angle,1780569785446671441,2.0299999713897705,0,0.009999927133321762
angle,1780569785456672031,2.0299999713897705,0,0.009999957866966724
angle,1780569785466671885,2.0299999713897705,0,0.009999975562095642
angle,1780569785476672196,2.0299999713897705,0,0.009999965317547321
angle,1780569785486672417,2.0299999713897705,0,0.00999999325722456
angle,1780569785496675172,2.0299999713897705,0,0.010000013746321201
angle,1780569785506673255,2.0299999713897705,0,0.009999883361160755
angle,1780569785516673269,2.0299999713897705,0,0.009999950416386127
angle,1780569785526673682,2.0299999713897705,0,0.009999961592257023
angle,1780569785536676256,2.0299999713897705,0,0.009999961592257023
angle,1780569785546675212,2.0299999713897705,0,0.00999990664422512
angle,1780569785556674174,2.0299999713897705,0,0.00999994296580553
angle,1780569785566674416,2.0299999713897705,0,0.009999948553740978
angle,1780569785576674689,2.0299999713897705,0,0.009999968111515045
angle,1780569785586675128,2.0299999713897705,0,0.009999969974160194
angle,1780569785596675575,2.0299999713897705,0,0.010000000707805157
angle,1780569785606675679,2.0299999713897705,0,0.009999988600611687
angle,1780569785616676718,2.0299999713897705,0,0.010000002570450306
angle,1780569785626676456,2.0299999713897705,0,0.009999946691095829
angle,1780569785636676342,2.0299999713897705,0,0.009999946691095829
angle,1780569785646676659,2.0299999713897705,0,0.009999958798289299
angle,1780569785656677218,2.0299999713897705,0,0.009999983012676239
angle,1780569785666677292,2.0299999713897705,0,0.009999992325901985
angle,1780569785676677477,2.0299999713897705,0,0.00999994482845068
angle,1780569785686677540,2.0299999713897705,0,0.009999938309192657
angle,1780569785696678317,2.0299999713897705,0,0.009999973699450493
angle,1780569785706678547,2.0299999713897705,0,0.009999968111515045
angle,1780569785716678960,2.0299999713897705,0,0.009999998845160007
angle,1780569785726681462,2.0299999713897705,0,0.009999902918934822
angle,1780569785736680680,2.0299999713897705,0,0.009999880567193031
angle,1780569785746680319,2.0299999713897705,0,0.009999899193644524
angle,1780569785756679602,2.0299999713897705,0,0.009999943897128105
angle,1780569785766680070,2.0299999713897705,0,0.009999970905482769
angle,1780569785776680163,2.0299999713897705,0,0.009999983943998814
angle,1780569785786680388,2.0299999713897705,0,0.009999982081353664
angle,1780569785796683545,2.0299999713897705,0,0.010000024922192097
angle,1780569785806682842,2.0299999713897705,0,0.009999831207096577
angle,1780569785816683924,2.0299999713897705,0,0.009999956004321575
angle,1780569785826683267,2.0299999713897705,0,0.009999839588999748
angle,1780569785836682845,2.0299999713897705,0,0.009999950416386127
angle,1780569785846682865,2.0299999713897705,0,0.009999948553740978
angle,1780569785856682932,2.0299999713897705,0,0.009999996051192284
angle,1780569785866683347,2.0299999713897705,0,0.009999942034482956
angle,1780569785876683760,2.0299999713897705,0,0.009999990463256836
angle,1780569785886683747,2.0299999713897705,0,0.009999996982514858
angle,1780569785896684041,2.0299999713897705,0,0.009999951347708702
angle,1780569785906684332,2.0299999713897705,0,0.009999996051192284
angle,1780569785916685759,2.0299999713897705,0,0.009999965317547321
angle,1780569785926684697,2.0299999713897705,0,0.009999911300837994
angle,1780569785936684829,2.0299999713897705,0,0.00999996718019247
angle,1780569785946685125,2.0299999713897705,0,0.00999994482845068
angle,1780569785956685427,2.0299999713897705,0,0.010000000707805157
angle,1780569785966685591,2.0299999713897705,0,0.009999969974160194
angle,1780569785976687959,2.0299999713897705,0,0.010000007227063179
angle,1780569785986685959,2.0299999713897705,0,0.009999907575547695
angle,1780569785996686268,2.0299999713897705,0,0.009999946691095829
angle,1780569786006686672,2.0299999713897705,0,0.00999994482845068
angle,1780569786016687135,2.0299999713897705,0,0.010000004433095455
angle,1780569786026687170,2.0299999713897705,0,0.009999933652579784
angle,1780569786036687293,2.0299999713897705,0,0.009999948553740978
angle,1780569786046687411,2.0299999713897705,0,0.00999999325722456
angle,1780569786056688457,2.0299999713897705,0,0.009999977424740791
angle,1780569786066688041,2.0299999713897705,0,0.009999892674386501
angle,1780569786076688403,2.0299999713897705,0,0.009999934583902359
angle,1780569786086688357,2.0299999713897705,0,0.009999973699450493
angle,1780569786096688817,2.0299999713897705,0,0.009999996982514858
angle,1780569786106688907,2.0299999713897705,0,0.009999994188547134
angle,1780569786116689160,2.0299999713897705,0,0.009999990463256836
angle,1780569786126689408,2.0299999713897705,0,0.009999951347708702
angle,1780569786136689800,2.0299999713897705,0,0.009999984875321388
angle,1780569786146689854,2.0299999713897705,0,0.009999928995966911
angle,1780569786156690051,2.0299999713897705,0,0.009999975562095642
angle,1780569786166690910,2.0299999713897705,0,0.009999939240515232
angle,1780569786176690405,2.0299999713897705,0,0.009999983012676239
angle,1780569786186690491,2.0299999713897705,0,0.009999946691095829
angle,1780569786196690912,2.0299999713897705,0,0.00999996718019247
angle,1780569786206691364,2.0299999713897705,0,0.009999939240515232
angle,1780569786216691774,2.0299999713897705,0,0.009999961592257023
angle,1780569786226693429,2.0299999713897705,0,0.00999999325722456
angle,1780569786236694570,2.0299999713897705,0,0.009999923408031464
angle,1780569786246693252,2.0299999713897705,0,0.009999887086451054
angle,1780569786256693679,2.0299999713897705,0,0.009999551810324192
angle,1780569786266692720,2.0299999713897705,0,0.009999937377870083
angle,1780569786276693183,2.0299999713897705,0,0.009999925270676613
angle,1780569786288397668,2.0299999713897705,0,0.01170441322028637
angle,1780569786298398310,2.0299999713897705,0,0.009999966248869896
angle,1780569786308398500,2.0299999713897705,0,0.009999988600611687
angle,1780569786318398968,2.0299999713897705,0,0.009999937377870083
angle,1780569786328399065,2.0299999713897705,0,0.009999915957450867
angle,1780569786338399426,2.0299999713897705,0,0.009999950416386127
angle,1780569786348399392,2.0299999713897705,0,0.009999950416386127
angle,1780569786358399454,2.0299999713897705,0,0.009999961592257023
angle,1780569786368399801,2.0299999713897705,0,0.009999982081353664
angle,1780569786378400199,2.0299999713897705,0,0.009999956004321575
angle,1780569786388400308,2.0299999713897705,0,0.009999952279031277
angle,1780569786398400415,2.0299999713897705,0,0.009999950416386127
angle,1780569786408400686,2.0299999713897705,0,0.009999984875321388
angle,1780569786418401314,2.0299999713897705,0,0.010000007227063179
angle,1780569786428401134,2.0299999713897705,0,0.00999989453703165
angle,1780569786438401316,2.0299999713897705,0,0.009999933652579784
angle,1780569786448401657,2.0299999713897705,0,0.009999998845160007
angle,1780569786458401853,2.0299999713897705,0,0.009999970905482769
angle,1780569786468402513,2.0299999713897705,0,0.009999957866966724
angle,1780569786478402365,2.0299999713897705,0,0.009999972768127918
angle,1780569786488402525,2.0299999713897705,0,0.009999938309192657
angle,1780569786498402818,2.0299999713897705,0,0.009999957866966724
angle,1780569786508403224,2.0299999713897705,0,0.009999957866966724
angle,1780569786518403628,2.0299999713897705,0,0.00999995693564415
angle,1780569786528403500,2.0299999713897705,0,0.009999964386224747
angle,1780569786538405872,2.0299999713897705,0,0.010000013746321201
angle,1780569786548404149,2.0299999713897705,0,0.00999989453703165
angle,1780569786558404204,2.0299999713897705,0,0.009999996982514858
angle,1780569786568404720,2.0299999713897705,0,0.009999952279031277
angle,1780569786578404712,2.0299999713897705,0,0.009999984875321388
angle,1780569786588405272,2.0299999713897705,0,0.009999969974160194
angle,1780569786598405328,2.0299999713897705,0,0.00999996904283762
angle,1780569786608405353,2.0299999713897705,0,0.009999970905482769
angle,1780569786618405924,2.0299999713897705,0,0.01000000536441803
angle,1780569786628405849,2.0299999713897705,0,0.00999994482845068
angle,1780569786638406176,2.0299999713897705,0,0.009999999776482582
angle,1780569786648406323,2.0299999713897705,0,0.009999945759773254
angle,1780569786658406618,2.0299999713897705,0,0.009999983012676239
angle,1780569786668406839,2.0299999713897705,0,0.009999990463256836
angle,1780569786678410311,2.0299999713897705,0,0.00999996718019247
angle,1780569786688410442,2.0299999713897705,0,0.010000000707805157
angle,1780569786698410346,2.0299999713897705,0,0.009999973699450493
angle,1780569786708410687,2.0299999713897705,0,0.010000002570450306
angle,1780569786718411229,2.0299999713897705,0,0.009999954141676426
angle,1780569786728411365,2.0299999713897705,0,0.009999868459999561
angle,1780569786738411740,2.0299999713897705,0,0.009999937377870083
angle,1780569786748411515,2.0299999713897705,0,0.009999956004321575
angle,1780569786758411951,2.0299999713897705,0,0.00999996904283762
angle,1780569786768412099,2.0299999713897705,0,0.009999975562095642
angle,1780569786778412372,2.0299999713897705,0,0.009999965317547321
angle,1780569786788412726,2.0299999713897705,0,0.010000004433095455
angle,1780569786798412747,2.0299999713897705,0,0.00999996718019247
angle,1780569786808413130,2.0299999713897705,0,0.009999945759773254
angle,1780569786818414321,2.0299999713897705,0,0.010000888258218765
angle,1780569786828414658,2.0299999713897705,0,0.009999972768127918
angle,1780569786838414716,2.0299999713897705,0,0.009999965317547321
angle,1780569786848415133,2.0299999713897705,0,0.009999977424740791
angle,1780569786858415262,2.0299999713897705,0,0.009999970905482769
angle,1780569786868415456,2.0299999713897705,0,0.009999972768127918
angle,1780569786878415965,2.0299999713897705,0,0.009999983012676239
angle,1780569786888416233,2.0299999713897705,0,0.009999984875321388
angle,1780569786898416184,2.0299999713897705,0,0.009999931789934635
angle,1780569786908416382,2.0299999713897705,0,0.009999969974160194
angle,1780569786918418728,2.0299999713897705,0,0.010000121779739857
angle,1780569786928417201,2.0299999713897705,0,0.009999863803386688
angle,1780569786938417162,2.0299999713897705,0,0.00999999139457941
angle,1780569786948417516,2.0299999713897705,0,0.009999947622418404
angle,1780569786958417735,2.0299999713897705,0,0.009999952279031277
angle,1780569786968418159,2.0299999713897705,0,0.009999954141676426
angle,1780569786978418453,2.0299999713897705,0,0.010000004433095455
angle,1780569786988418601,2.0299999713897705,0,0.009999988600611687
angle,1780569786998418742,2.0299999713897705,0,0.009999980218708515
angle,1780569787008419398,2.0299999713897705,0,0.009999978356063366
angle,1780569787018419482,2.0299999713897705,0,0.009999817237257957
angle,1780569787028419607,2.0299999713897705,0,0.00999999139457941
angle,1780569787038419680,2.0299999713897705,0,0.009999997913837433
angle,1780569787048419968,2.0299999713897705,0,0.009999960660934448
angle,1780569787058420459,2.0299999713897705,0,0.009999999776482582
angle,1780569787068420463,2.0299999713897705,0,0.009999936446547508
angle,1780569787078420784,2.0299999713897705,0,0.01000000536441803
angle,1780569787088420959,2.0299999713897705,0,0.00999998115003109
angle,1780569787098421781,2.0299999713897705,0,0.010000007227063179
angle,1780569787108421749,2.0299999713897705,0,0.009999983012676239
angle,1780569787118422132,2.0299999713897705,0,0.009999950416386127
angle,1780569787128422323,2.0299999713897705,0,0.009999917820096016
angle,1780569787138422500,2.0299999713897705,0,0.009999970905482769
angle,1780569787148423038,2.0299999713897705,0,0.009999952279031277
angle,1780569787158422935,2.0299999713897705,0,0.009999942034482956
angle,1780569787168424020,2.0299999713897705,0,0.009999977424740791
angle,1780569787178423505,2.0299999713897705,0,0.009999983943998814
angle,1780569787188424073,2.0299999713897705,0,0.009999972768127918
angle,1780569787198424212,2.0299999713897705,0,0.009999973699450493
angle,1780569787208424521,2.0299999713897705,0,0.010000004433095455
angle,1780569787218424914,2.0299999713897705,0,0.01000000536441803
angle,1780569787232126398,2.0299999713897705,0,0.013700961135327816
angle,1780569787242127149,2.0299999713897705,0,0.009999996051192284
angle,1780569787252127458,2.0299999713897705,0,0.009999941103160381
angle,1780569787262127264,2.0299999713897705,0,0.00999996904283762
angle,1780569787272128658,2.0299999713897705,0,0.009999938309192657
angle,1780569787282127833,2.0299999713897705,0,0.009999959729611874
angle,1780569787292127993,2.0299999713897705,0,0.009999964386224747
angle,1780569787302128114,2.0299999713897705,0,0.009999983012676239
angle,1780569787312129077,2.0299999713897705,0,0.009999986737966537
angle,1780569787322129023,2.0299999713897705,0,0.009999960660934448
angle,1780569787332128897,2.0299999713897705,0,0.00999998115003109
angle,1780569787342129510,2.0299999713897705,0,0.010000011883676052
angle,1780569787352129402,2.0299999713897705,0,0.010000000707805157
angle,1780569787362130838,2.0299999713897705,0,0.00999996904283762
angle,1780569787372129894,2.0299999713897705,0,0.009999977424740791
angle,1780569787382130245,2.0299999713897705,0,0.010000010021030903
angle,1780569787392130547,2.0299999713897705,0,0.009999977424740791
angle,1780569787402131043,2.0299999713897705,0,0.009999943897128105
angle,1780569787412130836,2.0299999713897705,0,0.009999980218708515
angle,1780569787422131420,2.0299999713897705,0,0.009999970905482769
angle,1780569787432131581,2.0299999713897705,0,0.009999943897128105
angle,1780569787442131531,2.0299999713897705,0,0.009999969974160194
angle,1780569787452131688,2.0299999713897705,0,0.009999954141676426
angle,1780569787462132578,2.0299999713897705,0,0.009999957866966724
angle,1780569787472132211,2.0299999713897705,0,0.010000001639127731
angle,1780569787482132477,2.0299999713897705,0,0.009999992325901985
angle,1780569787492133184,2.0299999713897705,0,0.009999942034482956
angle,1780569787502133084,2.0299999713897705,0,0.010000008158385754
angle,1780569787512133281,2.0299999713897705,0,0.009999923408031464
angle,1780569787522133999,2.0299999713897705,0,0.009999972768127918
angle,1780569787532133858,2.0299999713897705,0,0.009999988600611687
angle,1780569787542135889,2.0299999713897705,0,0.009999937377870083
angle,1780569787552134496,2.0299999713897705,0,0.009999848902225494
angle,1780569787562134730,2.0299999713897705,0,0.009999994188547134
angle,1780569787572135058,2.0299999713897705,0,0.009999986737966537
angle,1780569787582135225,2.0299999713897705,0,0.00999996718019247
angle,1780569787592135724,2.0299999713897705,0,0.009999945759773254
angle,1780569787602135679,2.0299999713897705,0,0.00999999325722456
angle,1780569787612136242,2.0299999713897705,0,0.009999987669289112
angle,1780569787622136374,2.0299999713897705,0,0.009999986737966537
angle,1780569787632136529,2.0299999713897705,0,0.01000000536441803
angle,1780569787642136803,2.0299999713897705,0,0.009999938309192657
angle,1780569787652137185,2.0299999713897705,0,0.009999950416386127
angle,1780569787662137433,2.0299999713897705,0,0.009999940171837807
angle,1780569787672137457,2.0299999713897705,0,0.009999933652579784
angle,1780569787682137938,2.0299999713897705,0,0.010000010952353477
angle,1780569787692138237,2.0299999713897705,0,0.009999996051192284
angle,1780569787702138855,2.0299999713897705,0,0.010000000707805157
angle,1780569787712138670,2.0299999713897705,0,0.009999978356063366
angle,1780569787722138994,2.0299999713897705,0,0.009999984875321388
angle,1780569787732139353,2.0299999713897705,0,0.00999996718019247
angle,1780569787742139706,2.0299999713897705,0,0.00999994296580553
angle,1780569787752139426,2.0299999713897705,0,0.009999954141676426
angle,1780569787762139912,2.0299999713897705,0,0.009999966248869896
angle,1780569787772139801,2.0299999713897705,0,0.009999999776482582
angle,1780569787782140311,2.0299999713897705,0,0.009999995119869709
angle,1780569787792140462,2.0299999713897705,0,0.009999960660934448
angle,1780569787802140653,2.0299999713897705,0,0.009999971836805344
angle,1780569787812140887,2.0299999713897705,0,0.00999996718019247
angle,1780569787822141292,2.0299999713897705,0,0.009999960660934448
angle,1780569787832141979,2.0299999713897705,0,0.00999997928738594
angle,1780569787842141575,2.0299999713897705,0,0.009999958798289299
angle,1780569787852142011,2.0299999713897705,0,0.009999955072999
angle,1780569787862142250,2.0299999713897705,0,0.010000000707805157
angle,1780569787872142571,2.0299999713897705,0,0.009999961592257023
angle,1780569787882142615,2.0299999713897705,0,0.00999996904283762
angle,1780569787892145469,2.0299999713897705,0,0.009999948553740978
angle,1780569787902145038,2.0299999713897705,0,0.009999950416386127
angle,1780569787912145377,2.0299999713897705,0,0.009999876841902733
angle,1780569787922144043,2.0299999713897705,0,0.009999883361160755
angle,1780569787932144068,2.0299999713897705,0,0.009999972768127918
angle,1780569787942144235,2.0299999713897705,0,0.010000000707805157
angle,1780569787952144282,2.0299999713897705,0,0.00999994296580553
angle,1780569787962144518,2.0299999713897705,0,0.009999983012676239
angle,1780569787972146708,2.0299999713897705,0,0.009999953210353851
angle,1780569787982145218,2.0299999713897705,0,0.009999848902225494
angle,1780569787992145288,2.0299999713897705,0,0.00999997928738594
angle,1780569788002145875,2.0299999713897705,0,0.009999946691095829
angle,1780569788012147412,2.0299999713897705,0,0.009999994188547134
angle,1780569788022146021,2.0299999713897705,0,0.009999883361160755
angle,1780569788032146485,2.0299999713897705,0,0.00999993272125721
angle,1780569788042146802,2.0299999713897705,0,0.009999925270676613
angle,1780569788052147026,2.0299999713897705,0,0.009999965317547321
angle,1780569788062146922,2.0299999713897705,0,0.009999966248869896
angle,1780569788072146969,2.0299999713897705,0,0.00999994296580553
angle,1780569788082147517,2.0299999713897705,0,0.009999982081353664
angle,1780569788092147773,2.0299999713897705,0,0.009999948553740978
angle,1780569788102147747,2.0299999713897705,0,0.009999969974160194
angle,1780569788112148101,2.0299999713897705,0,0.009999999776482582
angle,1780569788122148380,2.0299999713897705,0,0.00999996718019247
angle,1780569788132149962,2.0299999713897705,0,0.009999951347708702
angle,1780569788142148663,2.0299999713897705,0,0.009999952279031277
angle,1780569788152148795,2.0299999713897705,0,0.009999977424740791
angle,1780569788162149159,2.0299999713897705,0,0.010000000707805157
angle,1780569788172149447,2.0299999713897705,0,0.009999936446547508
angle,1780569788182149911,2.0299999713897705,0,0.009999994188547134
angle,1780569788192149813,2.0299999713897705,0,0.009999997913837433
angle,1780569788202150016,2.0299999713897705,0,0.009999960660934448
angle,1780569788212150496,2.0299999713897705,0,0.00999999139457941
angle,1780569788222151070,2.0299999713897705,0,0.010000001639127731
angle,1780569788232151124,2.0299999713897705,0,0.009999901987612247
angle,1780569788242151264,2.0299999713897705,0,0.009999984875321388
angle,1780569788252151403,2.0299999713897705,0,0.009999941103160381
angle,1780569788262151906,2.0299999713897705,0,0.010000001639127731
angle,1780569788272152282,2.0299999713897705,0,0.010000002570450306
angle,1780569788282152186,2.0299999713897705,0,0.00999998115003109
angle,1780569788292152404,2.0299999713897705,0,0.010000008158385754
angle,1780569788302152794,2.0299999713897705,0,0.009999994188547134
angle,1780569788312153230,2.0299999713897705,0,0.009999968111515045
angle,1780569788322153275,2.0299999713897705,0,0.009999939240515232
angle,1780569788332154052,2.0299999713897705,0,0.010000008158385754
angle,1780569788342153926,2.0299999713897705,0,0.009999956004321575
angle,1780569788352154160,2.0299999713897705,0,0.009999998845160007
angle,1780569788362154917,2.0299999713897705,0,0.009999988600611687
angle,1780569788372154654,2.0299999713897705,0,0.009999971836805344
angle,1780569788382154904,2.0299999713897705,0,0.009999947622418404
angle,1780569788394069705,2.0299999713897705,0,0.011914254166185856
angle,1780569788404070741,2.0299999713897705,0,0.009999942034482956
angle,1780569788414071576,2.0299999713897705,0,0.009999978356063366
angle,1780569788424070478,2.0299999713897705,0,0.009999915026128292
angle,1780569788434071336,2.0299999713897705,0,0.009999971836805344
angle,1780569788444070996,2.0299999713897705,0,0.009999984875321388
angle,1780569788454071251,2.0299999713897705,0,0.009999978356063366
angle,1780569788464071583,2.0299999713897705,0,0.009999992325901985
angle,1780569788474072035,2.0299999713897705,0,0.009999961592257023
angle,1780569788484072039,2.0299999713897705,0,0.009999999776482582
angle,1780569788494072334,2.0299999713897705,0,0.009999953210353851
angle,1780569788504072464,2.0299999713897705,0,0.009999961592257023
angle,1780569788514073064,2.0299999713897705,0,0.009999980218708515
angle,1780569788524073966,2.0299999713897705,0,0.009999879635870457
angle,1780569788534074132,2.0299999713897705,0,0.00999989453703165
angle,1780569788544074827,2.0299999713897705,0,0.009999950416386127
angle,1780569788554074111,2.0299999713897705,0,0.00999994482845068
angle,1780569788564074097,2.0299999713897705,0,0.009999984875321388
angle,1780569788574074506,2.0299999713897705,0,0.009999941103160381
angle,1780569788584074398,2.0299999713897705,0,0.009999948553740978
angle,1780569788594075045,2.0299999713897705,0,0.009999999776482582
angle,1780569788604074928,2.0299999713897705,0,0.010000001639127731
angle,1780569788614075361,2.0299999713897705,0,0.00999993272125721
angle,1780569788624075492,2.0299999713897705,0,0.009999960660934448
angle,1780569788634076034,2.0299999713897705,0,0.009999945759773254
angle,1780569788644076171,2.0299999713897705,0,0.009999973699450493
angle,1780569788654076282,2.0299999713897705,0,0.009999956004321575
angle,1780569788664076643,2.0299999713897705,0,0.00999998115003109
angle,1780569788674077927,2.0299999713897705,0,0.009999985806643963
angle,1780569788684077150,2.0299999713897705,0,0.009999983943998814
angle,1780569788694077257,2.0299999713897705,0,0.00999995693564415
angle,1780569788704077667,2.0299999713897705,0,0.009999984875321388
angle,1780569788714077556,2.0299999713897705,0,0.009999984875321388
angle,1780569788724078121,2.0299999713897705,0,0.009999960660934448
angle,1780569788734078361,2.0299999713897705,0,0.009999941103160381
angle,1780569788744078472,2.0299999713897705,0,0.009999948553740978
angle,1780569788754078545,2.0299999713897705,0,0.009999973699450493
angle,1780569788764078928,2.0299999713897705,0,0.009999942034482956
angle,1780569788774079115,2.0299999713897705,0,0.009999988600611687
angle,1780569788784079379,2.0299999713897705,0,0.009999983943998814
angle,1780569788794080033,2.0299999713897705,0,0.00999999325722456
angle,1780569788804079929,2.0299999713897705,0,0.00999995693564415
angle,1780569788814080097,2.0299999713897705,0,0.00999996718019247
angle,1780569788824080261,2.0299999713897705,0,0.009999969974160194
angle,1780569788834081097,2.0299999713897705,0,0.009999994188547134
angle,1780569788844081328,2.0299999713897705,0,0.00999995693564415
angle,1780569788854081397,2.0299999713897705,0,0.009999947622418404
angle,1780569788864081641,2.0299999713897705,0,0.009999995119869709
angle,1780569788874081878,2.0299999713897705,0,0.009999971836805344
angle,1780569788884082404,2.0299999713897705,0,0.009999970905482769
angle,1780569788894082377,2.0299999713897705,0,0.009999941103160381
angle,1780569788904082615,2.0299999713897705,0,0.009999937377870083
angle,1780569788914083818,2.0299999713897705,0,0.009999966248869896
angle,1780569788924083291,2.0299999713897705,0,0.009999947622418404
angle,1780569788934083552,2.0299999713897705,0,0.01000000536441803
angle,1780569788944083693,2.0299999713897705,0,0.009999957866966724
angle,1780569788954083612,2.0299999713897705,0,0.010000002570450306
angle,1780569788964084050,2.0299999713897705,0,0.009999942034482956
angle,1780569788974084224,2.0299999713897705,0,0.009999988600611687
angle,1780569788984084695,2.0299999713897705,0,0.009999972768127918
angle,1780569788994084475,2.0299999713897705,0,0.009999968111515045
angle,1780569789004084591,2.0299999713897705,0,0.009999980218708515
angle,1780569789014085261,2.0299999713897705,0,0.009999937377870083
angle,1780569789024085082,2.0299999713897705,0,0.009999878704547882
angle,1780569789034085403,2.0299999713897705,0,0.009999933652579784
angle,1780569789044085582,2.0299999713897705,0,0.009999947622418404
angle,1780569789054085747,2.0299999713897705,0,0.009999963454902172
angle,1780569789064085956,2.0299999713897705,0,0.009999958798289299
angle,1780569789074086514,2.0299999713897705,0,0.009999956004321575
angle,1780569789084086329,2.0299999713897705,0,0.009999951347708702
angle,1780569789094086753,2.0299999713897705,0,0.009999940171837807
angle,1780569789104086883,2.0299999713897705,0,0.010000009089708328
angle,1780569789114087220,2.0299999713897705,0,0.009999965317547321
angle,1780569789124087529,2.0299999713897705,0,0.009999969974160194
angle,1780569789134088096,2.0299999713897705,0,0.009999990463256836
angle,1780569789144088123,2.0299999713897705,0,0.009999965317547321
angle,1780569789154088265,2.0299999713897705,0,0.009999968111515045
angle,1780569789164088736,2.0299999713897705,0,0.009999951347708702
angle,1780569789174088847,2.0299999713897705,0,0.010000009089708328
angle,1780569789184088961,2.0299999713897705,0,0.009999959729611874
angle,1780569789194089066,2.0299999713897705,0,0.010000021196901798
angle,1780569789204089429,2.0299999713897705,0,0.009999974630773067
angle,1780569789214089860,2.0299999713897705,0,0.00999999139457941
angle,1780569789224090131,2.0299999713897705,0,0.009999977424740791
angle,1780569789234091999,2.0299999713897705,0,0.009999942034482956
angle,1780569789244090932,2.0299999713897705,0,0.009999864734709263
angle,1780569789254090822,2.0299999713897705,0,0.009999990463256836
angle,1780569789264091263,2.0299999713897705,0,0.009999996051192284
angle,1780569789274091395,2.0299999713897705,0,0.00999995693564415
angle,1780569789284091778,2.0299999713897705,0,0.00999994482845068
angle,1780569789294092118,2.0299999713897705,0,0.01000000536441803
angle,1780569789304092309,2.0299999713897705,0,0.010000002570450306
angle,1780569789314092852,2.0299999713897705,0,0.009999973699450493
angle,1780569789324092671,2.0299999713897705,0,0.00999999325722456
angle,1780569789334093341,2.0299999713897705,0,0.009999948553740978
angle,1780569789344093303,2.0299999713897705,0,0.009999913163483143
angle,1780569789354093824,2.0299999713897705,0,0.009999966248869896
angle,1780569789364096383,2.0299999713897705,0,0.009999988600611687
angle,1780569789374096419,2.0299999713897705,0,0.009999877773225307
angle,1780569789384096414,2.0299999713897705,0,0.009999875910580158
angle,1780569789394095000,2.0299999713897705,0,0.00999994482845068
angle,1780569789404095114,2.0299999713897705,0,0.009999938309192657
angle,1780569789414095569,2.0299999713897705,0,0.009999982081353664
angle,1780569789424095581,2.0299999713897705,0,0.009999945759773254
angle,1780569789434096255,2.0299999713897705,0,0.009999956004321575
angle,1780569789444095890,2.0299999713897705,0,0.009999957866966724
angle,1780569789454096556,2.0299999713897705,0,0.009999986737966537
angle,1780569789464096464,2.0299999713897705,0,0.009999959729611874
angle,1780569789474096686,2.0299999713897705,0,0.010000002570450306
angle,1780569789484096862,2.0299999713897705,0,0.00999996904283762
angle,1780569789494097215,2.0299999713897705,0,0.010000000707805157
angle,1780569789504097415,2.0299999713897705,0,0.009999943897128105
angle,1780569789514097871,2.0299999713897705,0,0.00999997928738594
angle,1780569789524097809,2.0299999713897705,0,0.009999977424740791
angle,1780569789534098229,2.0299999713897705,0,0.009999959729611874
angle,1780569789544100400,2.0299999713897705,0,0.009999968111515045
angle,1780569789554098758,2.0299999713897705,0,0.00999989453703165
angle,1780569789564099064,2.0299999713897705,0,0.009999938309192657
angle,1780569789574098875,2.0299999713897705,0,0.009999945759773254
angle,1780569789584099267,2.0299999713897705,0,0.010000008158385754
angle,1780569789594099397,2.0299999713897705,0,0.00999995693564415
angle,1780569789604099628,2.0299999713897705,0,0.009999943897128105
angle,1780569789614099765,2.0299999713897705,0,0.009999947622418404
angle,1780569789624099747,2.0299999713897705,0,0.009999973699450493
angle,1780569789634100786,2.0299999713897705,0,0.009999946691095829
angle,1780569789644100474,2.0299999713897705,0,0.009999986737966537
angle,1780569789654100591,2.0299999713897705,0,0.009999938309192657
angle,1780569789664101011,2.0299999713897705,0,0.009999996051192284
angle,1780569789674101142,2.0299999713897705,0,0.010000002570450306
angle,1780569789684101380,2.0299999713897705,0,0.009999984875321388
angle,1780569789694101962,2.0299999713897705,0,0.009999985806643963
angle,1780569789704101750,2.0299999713897705,0,0.009999971836805344
angle,1780569789714102141,2.0299999713897705,0,0.009999942034482956
angle,1780569789724102663,2.0299999713897705,0,0.009999951347708702
angle,1780569789734103271,2.0299999713897705,0,0.010000001639127731
angle,1780569789744103065,2.0299999713897705,0,0.009999934583902359
angle,1780569789754103815,2.0299999713897705,0,0.00999994296580553
angle,1780569789764103415,2.0299999713897705,0,0.009999942034482956
angle,1780569789774103803,2.0299999713897705,0,0.009999972768127918
angle,1780569789784104398,2.0299999713897705,0,0.009999992325901985
angle,1780569789794104196,2.0299999713897705,0,0.00999999325722456
angle,1780569789804104630,2.0299999713897705,0,0.00999996718019247
angle,1780569789814104977,2.0299999713897705,0,0.00999996904283762
angle,1780569789824105382,2.0299999713897705,0,0.009999987669289112
angle,1780569789834105505,2.0299999713897705,0,0.009999999776482582
angle,1780569789844105930,2.0299999713897705,0,0.009999985806643963
angle,1780569789854105777,2.0299999713897705,0,0.009999953210353851
angle,1780569789864105974,2.0299999713897705,0,0.009999997913837433
angle,1780569789874106433,2.0299999713897705,0,0.009999974630773067
angle,1780569789884106728,2.0299999713897705,0,0.009999977424740791
angle,1780569789894107661,2.0299999713897705,0,0.010000004433095455
angle,1780569789904107082,2.0299999713897705,0,0.009999886155128479
angle,1780569789914108545,2.0299999713897705,0,0.009999957866966724
angle,1780569789924107557,2.0299999713897705,0,0.009999838657677174
angle,1780569789934108303,2.0299999713897705,0,0.00999994296580553
angle,1780569789944108023,2.0299999713897705,0,0.009999936446547508
angle,1780569789954108305,2.0299999713897705,0,0.009999982081353664
angle,1780569789964108708,2.0299999713897705,0,0.010000001639127731
angle,1780569789974110558,2.0299999713897705,0,0.009999954141676426
angle,1780569789984109626,2.0299999713897705,0,0.009999955072999
angle,1780569789994109345,2.0299999713897705,0,0.009999971836805344
angle,1780569790004111165,2.0299999713897705,0,0.009999940171837807
angle,1780569790014109880,2.0299999713897705,0,0.009999889880418777
angle,1780569790024110163,2.0299999713897705,0,0.009999945759773254
angle,1780569790034110376,2.0299999713897705,0,0.009999990463256836
angle,1780569790044111194,2.0299999713897705,0,0.009999953210353851
angle,1780569790054110518,2.0299999713897705,0,0.009999946691095829
angle,1780569790064111103,2.0299999713897705,0,0.009999973699450493
angle,1780569790074111592,2.0299999713897705,0,0.010000013746321201
angle,1780569790084114249,2.0299999713897705,0,0.009999931789934635
angle,1780569790094113168,2.0299999713897705,0,0.00999991875141859
angle,1780569790104112657,2.0299999713897705,0,0.009999952279031277
angle,1780569790114112352,2.0299999713897705,0,0.00999997928738594
angle,1780569790124112439,2.0299999713897705,0,0.009999956004321575
angle,1780569790134113113,2.0299999713897705,0,0.010000045411288738
angle,1780569790144113147,2.0299999713897705,0,0.00999992061406374
angle,1780569790154113257,2.0299999713897705,0,0.009999938309192657
angle,1780569790164113403,2.0299999713897705,0,0.010000001639127731
angle,1780569790174113819,2.0299999713897705,0,0.009999946691095829
angle,1780569790184113972,2.0299999713897705,0,0.009999952279031277
angle,1780569790194114471,2.0299999713897705,0,0.010000008158385754
angle,1780569790204114674,2.0299999713897705,0,0.01000000536441803
angle,1780569790214114999,2.0299999713897705,0,0.009999971836805344
angle,1780569790224117217,2.0299999713897705,0,0.009999959729611874
angle,1780569790234117103,2.0299999713897705,0,0.009999925270676613
angle,1780569790244115926,2.0299999713897705,0,0.009999913163483143
angle,1780569790254116318,2.0299999713897705,0,0.009999942034482956
angle,1780569790264116345,2.0299999713897705,0,0.009999996051192284
angle,1780569790274116846,2.0299999713897705,0,0.009999980218708515
angle,1780569790284117091,2.0299999713897705,0,0.009999990463256836
angle,1780569790294117396,2.0299999713897705,0,0.009999945759773254
angle,1780569790304117299,2.0299999713897705,0,0.009999958798289299
angle,1780569790314117435,2.0299999713897705,0,0.009999986737966537
angle,1780569790324117984,2.0299999713897705,0,0.009999995119869709
angle,1780569790334117986,2.0299999713897705,0,0.010000001639127731
angle,1780569790344118922,2.0299999713897705,0,0.009999973699450493
angle,1780569790354118594,2.0299999713897705,0,0.00999997928738594
angle,1780569790364118724,2.0299999713897705,0,0.009999959729611874
angle,1780569790374118907,2.0299999713897705,0,0.009999988600611687
angle,1780569790384119615,2.0299999713897705,0,0.009999961592257023
angle,1780569790394119420,2.0299999713897705,0,0.009999994188547134
angle,1780569790404119664,2.0299999713897705,0,0.009999941103160381
angle,1780569790414119674,2.0299999713897705,0,0.010000002570450306
angle,1780569790424120397,2.0299999713897705,0,0.009999941103160381
angle,1780569790434120414,2.0299999713897705,0,0.009999936446547508
angle,1780569790444120821,2.0299999713897705,0,0.009999936446547508
angle,1780569790454120855,2.0299999713897705,0,0.009999951347708702
angle,1780569790464121272,2.0299999713897705,0,0.009999975562095642
angle,1780569790474121358,2.0299999713897705,0,0.009999938309192657
angle,1780569790484121301,2.0299999713897705,0,0.00999995693564415
angle,1780569790494121747,2.0299999713897705,0,0.010000004433095455
angle,1780569790504121941,2.0299999713897705,0,0.009999953210353851
angle,1780569790514121983,2.0299999713897705,0,0.009999972768127918
angle,1780569790525893438,2.0299999713897705,0,0.011770511977374554
angle,1780569790535894358,2.0299999713897705,0,0.01000002957880497
angle,1780569790545895661,2.0299999713897705,0,0.009999950416386127
angle,1780569790555894265,2.0299999713897705,0,0.00999984610825777
angle,1780569790565894877,2.0299999713897705,0,0.009999956004321575
angle,1780569790575895151,2.0299999713897705,0,0.009999942034482956
angle,1780569790585895290,2.0299999713897705,0,0.010000036098062992
angle,1780569790595895570,2.0299999713897705,0,0.009999960660934448
angle,1780569790605895693,2.0299999713897705,0,0.00999995693564415
angle,1780569790615896300,2.0299999713897705,0,0.009999998845160007
angle,1780569790625896150,2.0299999713897705,0,0.009999947622418404
angle,1780569790635896468,2.0299999713897705,0,0.009999950416386127
angle,1780569790645897034,2.0299999713897705,0,0.009999990463256836
angle,1780569790655897335,2.0299999713897705,0,0.009999940171837807
angle,1780569790665897270,2.0299999713897705,0,0.009999953210353851
angle,1780569790675897686,2.0299999713897705,0,0.010000004433095455
angle,1780569790685898302,2.0299999713897705,0,0.009999969974160194
angle,1780569790695901255,2.0299999713897705,0,0.009999984875321388
angle,1780569790705900834,2.0299999713897705,0,0.00999978557229042
angle,1780569790716431772,2.0299999713897705,0,0.010529953986406326
angle,1780569790726432257,2.0299999713897705,0,0.009999959729611874
angle,1780569790736826745,2.0299999713897705,0,0.010395078919827938
angle,1780569790746827098,2.0299999713897705,0,0.009999934583902359
angle,1780569790756827906,2.0299999713897705,0,0.009999968111515045
angle,1780569790766826400,2.0299999713897705,0,0.009999901987612247
angle,1780569790776827018,2.0299999713897705,0,0.009999995119869709
angle,1780569790786827018,2.0299999713897705,0,0.009999985806643963
angle,1780569790796827059,2.0299999713897705,0,0.009999947622418404
angle,1780569790806827453,2.0299999713897705,0,0.009999970905482769
angle,1780569790816827719,2.0299999713897705,0,0.00999995693564415
angle,1780569790826827999,2.0299999713897705,0,0.009999995119869709
angle,1780569790836828547,2.0299999713897705,0,0.009999987669289112
angle,1780569790846828660,2.0299999713897705,0,0.009999980218708515
angle,1780569790856828717,2.0299999713897705,0,0.009999948553740978
angle,1780569790866829471,2.0299999713897705,0,0.009999934583902359
angle,1780569790876829360,2.0299999713897705,0,0.010000002570450306
angle,1780569790886829641,2.0299999713897705,0,0.010000009089708328
angle,1780569790896829821,2.0299999713897705,0,0.009999977424740791
angle,1780569790906830216,2.0299999713897705,0,0.00999995693564415
angle,1780569790916831639,2.0299999713897705,0,0.009999955072999
angle,1780569790926830660,2.0299999713897705,0,0.009999892674386501
angle,1780569790936830882,2.0299999713897705,0,0.009999999776482582
angle,1780569790946831297,2.0299999713897705,0,0.009999954141676426
angle,1780569790956831617,2.0299999713897705,0,0.009999885223805904
angle,1780569790966831409,2.0299999713897705,0,0.009999891743063927
angle,1780569790976831672,2.0299999713897705,0,0.009999996051192284
angle,1780569790986832155,2.0299999713897705,0,0.00999999139457941
angle,1780569790996832312,2.0299999713897705,0,0.010000000707805157
angle,1780569791006832668,2.0299999713897705,0,0.009999983012676239
angle,1780569791016832685,2.0299999713897705,0,0.009999956004321575
angle,1780569791026832879,2.0299999713897705,0,0.009999987669289112
angle,1780569791036833134,2.0299999713897705,0,0.009999986737966537
angle,1780569791046833923,2.0299999713897705,0,0.00999996718019247
angle,1780569791056833663,2.0299999713897705,0,0.00999994296580553
angle,1780569791066833882,2.0299999713897705,0,0.010000004433095455
angle,1780569791076834334,2.0299999713897705,0,0.01000000536441803
angle,1780569791086834525,2.0299999713897705,0,0.009999968111515045
angle,1780569791096835051,2.0299999713897705,0,0.009999940171837807
angle,1780569791106835304,2.0299999713897705,0,0.00999994296580553
angle,1780569791116835271,2.0299999713897705,0,0.010000010021030903
angle,1780569791126835308,2.0299999713897705,0,0.009999929927289486
angle,1780569791136835450,2.0299999713897705,0,0.009999957866966724
angle,1780569791146836201,2.0299999713897705,0,0.009999961592257023
angle,1780569791156836216,2.0299999713897705,0,0.009999986737966537
angle,1780569791166836160,2.0299999713897705,0,0.009999950416386127
angle,1780569791176836774,2.0299999713897705,0,0.009999961592257023
angle,1780569791186836710,2.0299999713897705,0,0.009999939240515232
angle,1780569791196836871,2.0299999713897705,0,0.009999959729611874
angle,1780569791206837138,2.0299999713897705,0,0.009999978356063366
angle,1780569791216837533,2.0299999713897705,0,0.009999959729611874
angle,1780569791228462243,2.0299999713897705,0,0.011624186299741268
angle,1780569791238463311,2.0299999713897705,0,0.009999975562095642
angle,1780569791248463538,2.0299999713897705,0,0.009999947622418404
angle,1780569791258463159,2.0299999713897705,0,0.00999998115003109
angle,1780569791268463546,2.0299999713897705,0,0.009999988600611687
angle,1780569791278463826,2.0299999713897705,0,0.009999941103160381
angle,1780569791288464079,2.0299999713897705,0,0.009999996982514858
angle,1780569791298464589,2.0299999713897705,0,0.009999996051192284
angle,1780569791308464780,2.0299999713897705,0,0.00999995693564415
angle,1780569791318464360,2.0299999713897705,0,0.009999974630773067
angle,1780569791328464662,2.0299999713897705,0,0.009999953210353851
angle,1780569791338464795,2.0299999713897705,0,0.00999994482845068
angle,1780569791348465652,2.0299999713897705,0,0.009999966248869896
angle,1780569791358465375,2.0299999713897705,0,0.009999999776482582
angle,1780569791368465866,2.0299999713897705,0,0.009999988600611687
angle,1780569791378466149,2.0299999713897705,0,0.009999971836805344
angle,1780569791388466282,2.0299999713897705,0,0.010000002570450306
angle,1780569791398466257,2.0299999713897705,0,0.009999947622418404
angle,1780569791408466561,2.0299999713897705,0,0.009999961592257023
angle,1780569791418466780,2.0299999713897705,0,0.009999966248869896
angle,1780569791428466965,2.0299999713897705,0,0.009999955072999
angle,1780569791438467256,2.0299999713897705,0,0.009999988600611687
angle,1780569791448467619,2.0299999713897705,0,0.009999942034482956
angle,1780569791458467528,2.0299999713897705,0,0.009999947622418404
angle,1780569791468468248,2.0299999713897705,0,0.009999936446547508
angle,1780569791478468313,2.0299999713897705,0,0.009999959729611874
angle,1780569791488468336,2.0299999713897705,0,0.009999987669289112
angle,1780569791498468594,2.0299999713897705,0,0.009999946691095829
angle,1780569791508468946,2.0299999713897705,0,0.009999975562095642
angle,1780569791518468947,2.0299999713897705,0,0.009999992325901985
angle,1780569791528469225,2.0299999713897705,0,0.009999990463256836
angle,1780569791538469602,2.0299999713897705,0,0.010000000707805157
angle,1780569791548471751,2.0299999713897705,0,0.009999938309192657
angle,1780569791558470144,2.0299999713897705,0,0.009999929927289486
angle,1780569791568470605,2.0299999713897705,0,0.009999948553740978
angle,1780569791578470448,2.0299999713897705,0,0.009999956004321575
angle,1780569791588470816,2.0299999713897705,0,0.009999972768127918
angle,1780569791598471337,2.0299999713897705,0,0.010000006295740604
angle,1780569791608471521,2.0299999713897705,0,0.009999985806643963
angle,1780569791618471658,2.0299999713897705,0,0.009999946691095829
angle,1780569791628471983,2.0299999713897705,0,0.009999968111515045
angle,1780569791638472210,2.0299999713897705,0,0.01000000536441803
angle,1780569791648472951,2.0299999713897705,0,0.009999992325901985
angle,1780569791658472939,2.0299999713897705,0,0.009999903850257397
angle,1780569791668472876,2.0299999713897705,0,0.009999975562095642
angle,1780569791678472976,2.0299999713897705,0,0.009999994188547134
angle,1780569791688473580,2.0299999713897705,0,0.009999983012676239
angle,1780569791698473533,2.0299999713897705,0,0.00999996718019247
angle,1780569791708473860,2.0299999713897705,0,0.009999954141676426
angle,1780569791718474060,2.0299999713897705,0,0.009999986737966537
angle,1780569791728474420,2.0299999713897705,0,0.009999953210353851
angle,1780569791738474646,2.0299999713897705,0,0.009999975562095642
angle,1780569791748475402,2.0299999713897705,0,0.009999982081353664
angle,1780569791758475019,2.0299999713897705,0,0.009999994188547134
angle,1780569791768475279,2.0299999713897705,0,0.009999939240515232
angle,1780569791778475272,2.0299999713897705,0,0.009999950416386127
angle,1780569791788475752,2.0299999713897705,0,0.009999987669289112
angle,1780569791798475801,2.0299999713897705,0,0.009999933652579784
angle,1780569791808475994,2.0299999713897705,0,0.009999988600611687
angle,1780569791818476428,2.0299999713897705,0,0.009999956004321575
angle,1780569791828476648,2.0299999713897705,0,0.009999965317547321
angle,1780569791838476621,2.0299999713897705,0,0.009999956004321575
angle,1780569791848477260,2.0299999713897705,0,0.009999956004321575
angle,1780569791858477058,2.0299999713897705,0,0.00999999325722456
angle,1780569791868477938,2.0299999713897705,0,0.00999994482845068
angle,1780569791878478480,2.0299999713897705,0,0.009999960660934448
angle,1780569791888477870,2.0299999713897705,0,0.009999876841902733
angle,1780569791898477812,2.0299999713897705,0,0.009999992325901985
angle,1780569791908478310,2.0299999713897705,0,0.009999988600611687
angle,1780569791918479812,2.0299999713897705,0,0.00999997928738594
angle,1780569791928478984,2.0299999713897705,0,0.009999929927289486
angle,1780569791938479346,2.0299999713897705,0,0.009999941103160381
angle,1780569791948479506,2.0299999713897705,0,0.00999999325722456
angle,1780569791958479511,2.0299999713897705,0,0.009999960660934448
angle,1780569791968479948,2.0299999713897705,0,0.009999983943998814
angle,1780569791978481891,2.0299999713897705,0,0.010000004433095455
angle,1780569791988480529,2.0299999713897705,0,0.009999921545386314
angle,1780569791998480799,2.0299999713897705,0,0.009999957866966724
angle,1780569792008480961,2.0299999713897705,0,0.009999980218708515
angle,1780569792018480894,2.0299999713897705,0,0.009999937377870083
angle,1780569792028481169,2.0299999713897705,0,0.009999983012676239
angle,1780569792038481742,2.0299999713897705,0,0.009999950416386127
angle,1780569792048482567,2.0299999713897705,0,0.010000054724514484
angle,1780569792058482172,2.0299999713897705,0,0.009999863803386688
angle,1780569792068482320,2.0299999713897705,0,0.010000001639127731
angle,1780569792078482604,2.0299999713897705,0,0.009999988600611687
angle,1780569792088482744,2.0299999713897705,0,0.009999937377870083
angle,1780569792098483095,2.0299999713897705,0,0.009999937377870083
angle,1780569792108483128,2.0299999713897705,0,0.009999957866966724
angle,1780569792118483773,2.0299999713897705,0,0.009999999776482582
angle,1780569792128484025,2.0299999713897705,0,0.009999954141676426
angle,1780569792138483995,2.0299999713897705,0,0.009999986737966537
angle,1780569792148484363,2.0299999713897705,0,0.009999963454902172
angle,1780569792158484351,2.0299999713897705,0,0.009999874979257584
angle,1780569792168484522,2.0299999713897705,0,0.009999963454902172
angle,1780569792178484834,2.0299999713897705,0,0.009999953210353851
angle,1780569792188485037,2.0299999713897705,0,0.009999994188547134
angle,1780569792198485253,2.0299999713897705,0,0.009999996982514858
angle,1780569792208485515,2.0299999713897705,0,0.00999994296580553
angle,1780569792218486428,2.0299999713897705,0,0.010000014677643776
angle,1780569792228485981,2.0299999713897705,0,0.009999945759773254
angle,1780569792238486272,2.0299999713897705,0,0.009999945759773254
angle,1780569792248486775,2.0299999713897705,0,0.009999946691095829
angle,1780569792258486757,2.0299999713897705,0,0.009999997913837433
angle,1780569792268487101,2.0299999713897705,0,0.009999983943998814
angle,1780569792278487360,2.0299999713897705,0,0.009999978356063366
angle,1780569792288487826,2.0299999713897705,0,0.009999978356063366
angle,1780569792298487888,2.0299999713897705,0,0.009999955072999
angle,1780569792308488590,2.0299999713897705,0,0.009999970905482769
angle,1780569792318488119,2.0299999713897705,0,0.010000009089708328
angle,1780569792328488617,2.0299999713897705,0,0.009999982081353664
angle,1780569792338488662,2.0299999713897705,0,0.009999956004321575
angle,1780569792348489944,2.0299999713897705,0,0.00999995693564415
angle,1780569792358489637,2.0299999713897705,0,0.009999939240515232
angle,1780569792368490242,2.0299999713897705,0,0.009999969974160194
angle,1780569792378489863,2.0299999713897705,0,0.009999977424740791
angle,1780569792388490173,2.0299999713897705,0,0.009999954141676426
angle,1780569792398490631,2.0299999713897705,0,0.009999960660934448
angle,1780569792408490676,2.0299999713897705,0,0.009999988600611687
angle,1780569792418491131,2.0299999713897705,0,0.00999993085861206
angle,1780569792428491081,2.0299999713897705,0,0.01000000536441803
angle,1780569792438491362,2.0299999713897705,0,0.009999980218708515
angle,1780569792448492967,2.0299999713897705,0,0.0100000761449337
angle,1780569792458492214,2.0299999713897705,0,0.009999630972743034
angle,1780569792468492549,2.0299999713897705,0,0.009999950416386127
angle,1780569792478492578,2.0299999713897705,0,0.009999952279031277
angle,1780569792488492669,2.0299999713897705,0,0.009999992325901985
angle,1780569792498492885,2.0299999713897705,0,0.009999968111515045
angle,1780569792508493478,2.0299999713897705,0,0.009999985806643963
angle,1780569792518493382,2.0299999713897705,0,0.009999945759773254
angle,1780569792528493561,2.0299999713897705,0,0.010000008158385754
angle,1780569792538493905,2.0299999713897705,0,0.009999996051192284
angle,1780569792548496605,2.0299999713897705,0,0.010000091977417469
angle,1780569792558494876,2.0299999713897705,0,0.009999834932386875
angle,1780569792568494921,2.0299999713897705,0,0.009999952279031277
angle,1780569792578495074,2.0299999713897705,0,0.009999973699450493
angle,1780569792588495493,2.0299999713897705,0,0.009999943897128105
angle,1780569792598495846,2.0299999713897705,0,0.009999988600611687
angle,1780569792608495895,2.0299999713897705,0,0.009999945759773254
angle,1780569792618496098,2.0299999713897705,0,0.010000004433095455
angle,1780569792628496862,2.0299999713897705,0,0.009999954141676426
angle,1780569792638496646,2.0299999713897705,0,0.009999951347708702
angle,1780569792648496904,2.0299999713897705,0,0.00999999325722456
angle,1780569792658497266,2.0299999713897705,0,0.009999960660934448
angle,1780569792668497489,2.0299999713897705,0,0.009999937377870083
angle,1780569792678497781,2.0299999713897705,0,0.009999941103160381
angle,1780569792688498152,2.0299999713897705,0,0.009999952279031277
angle,1780569792698498323,2.0299999713897705,0,0.00999997928738594
angle,1780569792708498562,2.0299999713897705,0,0.010000009089708328
angle,1780569792718499126,2.0299999713897705,0,0.009999940171837807
angle,1780569792728499908,2.0299999713897705,0,0.00999995693564415
angle,1780569792738499235,2.0299999713897705,0,0.009999913163483143
angle,1780569792748499591,2.0299999713897705,0,0.009999947622418404
angle,1780569792758500172,2.0299999713897705,0,0.009999996051192284
angle,1780569792768500072,2.0299999713897705,0,0.009999958798289299
angle,1780569792778500342,2.0299999713897705,0,0.009999980218708515
angle,1780569792788500608,2.0299999713897705,0,0.00999996718019247
angle,1780569792798500928,2.0299999713897705,0,0.009999953210353851
angle,1780569792808501327,2.0299999713897705,0,0.009999999776482582
angle,1780569792818501444,2.0299999713897705,0,0.009999988600611687
angle,1780569792828501799,2.0299999713897705,0,0.009999988600611687
angle,1780569792838502016,2.0299999713897705,0,0.009999940171837807
angle,1780569792848502863,2.0299999713897705,0,0.009999998845160007
angle,1780569792858502683,2.0299999713897705,0,0.00999999325722456
angle,1780569792868502920,2.0299999713897705,0,0.009999953210353851
angle,1780569792878502990,2.0299999713897705,0,0.009999961592257023
angle,1780569792888503525,2.0299999713897705,0,0.009999948553740978
angle,1780569792898503593,2.0299999713897705,0,0.009999941103160381
angle,1780569792908505658,2.0299999713897705,0,0.009999943897128105
angle,1780569792918506151,2.0299999713897705,0,0.009999834932386875
angle,1780569792928506750,2.0299999713897705,0,0.009999899193644524
angle,1780569792938504556,2.0299999713897705,0,0.00999993085861206
angle,1780569792948505040,2.0299999713897705,0,0.010000050067901611
angle,1780569792958505313,2.0299999713897705,0,0.009999999776482582
angle,1780569792968505705,2.0299999713897705,0,0.009999974630773067
angle,1780569792978505746,2.0299999713897705,0,0.009999961592257023
angle,1780569792988506289,2.0299999713897705,0,0.010000004433095455
angle,1780569792998506158,2.0299999713897705,0,0.00999997928738594
angle,1780569793008506710,2.0299999713897705,0,0.009999994188547134
angle,1780569793018507106,2.0299999713897705,0,0.010000001639127731
angle,1780569793028506930,2.0299999713897705,0,0.009999943897128105
angle,1780569793038507109,2.0299999713897705,0,0.009999958798289299
angle,1780569793048507315,2.0299999713897705,0,0.00999995693564415
angle,1780569793058508606,2.0299999713897705,0,0.009999969974160194
angle,1780569793068508085,2.0299999713897705,0,0.009999988600611687
angle,1780569793078508381,2.0299999713897705,0,0.009999966248869896
angle,1780569793088508555,2.0299999713897705,0,0.009999934583902359
angle,1780569793098508933,2.0299999713897705,0,0.009999966248869896
angle,1780569793108509314,2.0299999713897705,0,0.009999957866966724
angle,1780569793118509254,2.0299999713897705,0,0.009999959729611874
angle,1780569793128509297,2.0299999713897705,0,0.00999997928738594
angle,1780569793138509719,2.0299999713897705,0,0.009999956004321575
angle,1780569793148510191,2.0299999713897705,0,0.009999972768127918
angle,1780569793158510218,2.0299999713897705,0,0.009999983012676239
angle,1780569793168510321,2.0299999713897705,0,0.009999929927289486
angle,1780569793178510589,2.0299999713897705,0,0.009999997913837433
angle,1780569793188510778,2.0299999713897705,0,0.00999993272125721
angle,1780569793198511396,2.0299999713897705,0,0.009999992325901985
angle,1780569793208511455,2.0299999713897705,0,0.009999984875321388
angle,1780569793218512114,2.0299999713897705,0,0.009999988600611687
angle,1780569793228511929,2.0299999713897705,0,0.009999953210353851
angle,1780569793238512445,2.0299999713897705,0,0.009999980218708515
angle,1780569793248512484,2.0299999713897705,0,0.00999994482845068
angle,1780569793258512833,2.0299999713897705,0,0.009999961592257023
angle,1780569793268512785,2.0299999713897705,0,0.009999984875321388
angle,1780569793278512879,2.0299999713897705,0,0.009999951347708702
angle,1780569793288513439,2.0299999713897705,0,0.009999986737966537
angle,1780569793298513425,2.0299999713897705,0,0.009999987669289112
angle,1780569793308513537,2.0299999713897705,0,0.009999948553740978
angle,1780569793318513764,2.0299999713897705,0,0.009999954141676426
angle,1780569793328514488,2.0299999713897705,0,0.00999996904283762
angle,1780569793338514281,2.0299999713897705,0,0.009999980218708515
angle,1780569793348514710,2.0299999713897705,0,0.009999971836805344
angle,1780569793358515142,2.0299999713897705,0,0.009999977424740791
angle,1780569793368515348,2.0299999713897705,0,0.00999994482845068
angle,1780569793378515484,2.0299999713897705,0,0.009999975562095642
angle,1780569793388515792,2.0299999713897705,0,0.009999941103160381
angle,1780569793398515803,2.0299999713897705,0,0.009999968111515045
angle,1780569793408516079,2.0299999713897705,0,0.009999988600611687
angle,1780569793418516571,2.0299999713897705,0,0.009999964386224747
angle,1780569793428516616,2.0299999713897705,0,0.009999956004321575
angle,1780569793438516804,2.0299999713897705,0,0.009999937377870083
angle,1780569793448517084,2.0299999713897705,0,0.009999959729611874
angle,1780569793458517863,2.0299999713897705,0,0.009999947622418404
angle,1780569793468517693,2.0299999713897705,0,0.009999958798289299
angle,1780569793478518019,2.0299999713897705,0,0.00999999325722456
angle,1780569793488518346,2.0299999713897705,0,0.009999945759773254
angle,1780569793498520017,2.0299999713897705,0,0.00999999139457941
angle,1780569793508519206,2.0299999713897705,0,0.009999925270676613
angle,1780569793518519289,2.0299999713897705,0,0.009999990463256836
angle,1780569793528519377,2.0299999713897705,0,0.009999978356063366
angle,1780569793538519991,2.0299999713897705,0,0.009999956004321575
angle,1780569793548519896,2.0299999713897705,0,0.009999919682741165
angle,1780569793558521690,2.0299999713897705,0,0.00999994296580553
angle,1780569793568520537,2.0299999713897705,0,0.009999945759773254
angle,1780569793578520543,2.0299999713897705,0,0.009999953210353851
angle,1780569793588521428,2.0299999713897705,0,0.009999934583902359
angle,1780569793598521315,2.0299999713897705,0,0.009999978356063366
angle,1780569793608521241,2.0299999713897705,0,0.009999986737966537
angle,1780569793618521609,2.0299999713897705,0,0.009999969974160194
angle,1780569793628521610,2.0299999713897705,0,0.009999996982514858
angle,1780569793638522177,2.0299999713897705,0,0.009999970905482769
angle,1780569793648522215,2.0299999713897705,0,0.009999961592257023
angle,1780569793658522536,2.0299999713897705,0,0.00999994482845068
angle,1780569793668524170,2.0299999713897705,0,0.010000021196901798
angle,1780569793678523457,2.0299999713897705,0,0.009999892674386501
angle,1780569793688523046,2.0299999713897705,0,0.009999948553740978
angle,1780569793698523576,2.0299999713897705,0,0.009999996051192284
angle,1780569793708524960,2.0299999713897705,0,0.009999940171837807
angle,1780569793718524104,2.0299999713897705,0,0.009999941103160381
angle,1780569793728524405,2.0299999713897705,0,0.00999993272125721
angle,1780569793738524627,2.0299999713897705,0,0.009999983012676239
angle,1780569793748525130,2.0299999713897705,0,0.009999996051192284
angle,1780569793758525474,2.0299999713897705,0,0.009999936446547508
angle,1780569793768525427,2.0299999713897705,0,0.009999940171837807
angle,1780569793778525379,2.0299999713897705,0,0.00999998115003109
angle,1780569793788526054,2.0299999713897705,0,0.009999983012676239
angle,1780569793798526226,2.0299999713897705,0,0.009999980218708515
angle,1780569793808526543,2.0299999713897705,0,0.00999995693564415
angle,1780569793818526862,2.0299999713897705,0,0.010000010021030903
angle,1780569793828526977,2.0299999713897705,0,0.009999938309192657
angle,1780569793838527534,2.0299999713897705,0,0.009999963454902172
angle,1780569793848527635,2.0299999713897705,0,0.009999952279031277
angle,1780569793858527954,2.0299999713897705,0,0.009999960660934448
angle,1780569793868528107,2.0299999713897705,0,0.009999897330999374
angle,1780569793878528312,2.0299999713897705,0,0.009999961592257023
angle,1780569793888528439,2.0299999713897705,0,0.010000009089708328
angle,1780569793898528419,2.0299999713897705,0,0.00999994296580553
angle,1780569793908528640,2.0299999713897705,0,0.009999977424740791
angle,1780569793918530334,2.0299999713897705,0,0.00999996718019247
angle,1780569793928529272,2.0299999713897705,0,0.009999886155128479
angle,1780569793938530587,2.0299999713897705,0,0.009999947622418404
angle,1780569793948529516,2.0299999713897705,0,0.009999876841902733
angle,1780569793958530016,2.0299999713897705,0,0.00999999139457941
angle,1780569793968530854,2.0299999713897705,0,0.00999992061406374
angle,1780569793978531916,2.0299999713897705,0,0.009999914094805717
angle,1780569793988530815,2.0299999713897705,0,0.009999936446547508
angle,1780569793998531119,2.0299999713897705,0,0.009999999776482582
angle,1780569794008531318,2.0299999713897705,0,0.009999954141676426
angle,1780569794018531336,2.0299999713897705,0,0.009999983943998814
angle,1780569794028532062,2.0299999713897705,0,0.009999946691095829
angle,1780569794038531782,2.0299999713897705,0,0.010000007227063179
angle,1780569794048532133,2.0299999713897705,0,0.009999998845160007
angle,1780569794058532557,2.0299999713897705,0,0.009999975562095642
angle,1780569794068533102,2.0299999713897705,0,0.010000007227063179
angle,1780569794078532875,2.0299999713897705,0,0.009999947622418404
angle,1780569794088533312,2.0299999713897705,0,0.009999960660934448
angle,1780569794098533549,2.0299999713897705,0,0.009999958798289299
angle,1780569794108533649,2.0299999713897705,0,0.010000002570450306
angle,1780569794118533764,2.0299999713897705,0,0.009999957866966724
angle,1780569794128534236,2.0299999713897705,0,0.009999972768127918
angle,1780569794138534349,2.0299999713897705,0,0.009999969974160194
angle,1780569794148534593,2.0299999713897705,0,0.010000007227063179
angle,1780569794158535242,2.0299999713897705,0,0.009999966248869896
angle,1780569794168535214,2.0299999713897705,0,0.009999957866966724
angle,1780569794178535462,2.0299999713897705,0,0.00999994296580553
angle,1780569794188535622,2.0299999713897705,0,0.00999996904283762
angle,1780569794198535805,2.0299999713897705,0,0.009999950416386127
angle,1780569794208536024,2.0299999713897705,0,0.009999997913837433
angle,1780569794218536656,2.0299999713897705,0,0.010000009089708328
angle,1780569794228536572,2.0299999713897705,0,0.009999966248869896
angle,1780569794238536940,2.0299999713897705,0,0.010000023059546947
angle,1780569794248537502,2.0299999713897705,0,0.00999996718019247
angle,1780569794258537658,2.0299999713897705,0,0.009999951347708702
angle,1780569794268537813,2.0299999713897705,0,0.009999959729611874
angle,1780569794278538071,2.0299999713897705,0,0.009999978356063366
angle,1780569794288538499,2.0299999713897705,0,0.009999954141676426
angle,1780569794298538326,2.0299999713897705,0,0.009999916888773441
angle,1780569794308538671,2.0299999713897705,0,0.00999996904283762
angle,1780569794318538785,2.0299999713897705,0,0.009999973699450493
angle,1780569794328539143,2.0299999713897705,0,0.009999973699450493
angle,1780569794338539745,2.0299999713897705,0,0.009999940171837807
angle,1780569794348539821,2.0299999713897705,0,0.009999972768127918
angle,1780569794358540040,2.0299999713897705,0,0.010000001639127731
angle,1780569794368540342,2.0299999713897705,0,0.00999999139457941
angle,1780569794378540625,2.0299999713897705,0,0.009999996051192284
angle,1780569794388542617,2.0299999713897705,0,0.009999955072999
angle,1780569794398541328,2.0299999713897705,0,0.00999993272125721
angle,1780569794408541337,2.0299999713897705,0,0.00999996904283762
angle,1780569794418541801,2.0299999713897705,0,0.00999995693564415
angle,1780569794428541662,2.0299999713897705,0,0.010000007227063179
angle,1780569794438541902,2.0299999713897705,0,0.009999983943998814
angle,1780569794448542135,2.0299999713897705,0,0.009999996982514858
angle,1780569794458543070,2.0299999713897705,0,0.01000000536441803
angle,1780569794468542777,2.0299999713897705,0,0.009999955072999
angle,1780569794478543058,2.0299999713897705,0,0.009999958798289299
angle,1780569794488543226,2.0299999713897705,0,0.009999940171837807
angle,1780569794498543245,2.0299999713897705,0,0.009999955072999
angle,1780569794508543548,2.0299999713897705,0,0.009999960660934448
angle,1780569794518543789,2.0299999713897705,0,0.010000010021030903
angle,1780569794528544169,2.0299999713897705,0,0.00999996718019247
angle,1780569794538544650,2.0299999713897705,0,0.009999997913837433
angle,1780569794548544498,2.0299999713897705,0,0.009999966248869896
angle,1780569794558546109,2.0299999713897705,0,0.009999950416386127
angle,1780569794568545141,2.0299999713897705,0,0.009999961592257023
angle,1780569794578545188,2.0299999713897705,0,0.009999974630773067
angle,1780569794588545392,2.0299999713897705,0,0.00999996904283762
angle,1780569794598546002,2.0299999713897705,0,0.009999992325901985
angle,1780569794608545860,2.0299999713897705,0,0.009999969974160194
angle,1780569794618546051,2.0299999713897705,0,0.009999956004321575
angle,1780569794628546343,2.0299999713897705,0,0.00999999139457941
angle,1780569794638546494,2.0299999713897705,0,0.009999939240515232
angle,1780569794648546788,2.0299999713897705,0,0.010000021196901798
angle,1780569794658546937,2.0299999713897705,0,0.009999939240515232
angle,1780569794668547382,2.0299999713897705,0,0.009999982081353664
angle,1780569794678547629,2.0299999713897705,0,0.009999941103160381
angle,1780569794688547790,2.0299999713897705,0,0.00999995693564415
angle,1780569794698547893,2.0299999713897705,0,0.009999970905482769
angle,1780569794708548077,2.0299999713897705,0,0.009999939240515232
angle,1780569794718548486,2.0299999713897705,0,0.00999997928738594
angle,1780569794728548627,2.0299999713897705,0,0.009999983943998814
angle,1780569794738549495,2.0299999713897705,0,0.010000007227063179
angle,1780569794748549011,2.0299999713897705,0,0.009999950416386127
angle,1780569794758549823,2.0299999713897705,0,0.009999969974160194
angle,1780569794768550085,2.0299999713897705,0,0.009999971836805344
angle,1780569794778549881,2.0299999713897705,0,0.009999948553740978
angle,1780569794788550433,2.0299999713897705,0,0.009999964386224747
angle,1780569794798550102,2.0299999713897705,0,0.009999973699450493
angle,1780569794808550507,2.0299999713897705,0,0.009999950416386127
angle,1780569794818550681,2.0299999713897705,0,0.009999999776482582
angle,1780569794828550974,2.0299999713897705,0,0.009999964386224747
angle,1780569794838551248,2.0299999713897705,0,0.010000004433095455
angle,1780569794848553295,2.0299999713897705,0,0.009999997913837433
angle,1780569794858551785,2.0299999713897705,0,0.009999911300837994
angle,1780569794868552176,2.0299999713897705,0,0.009999936446547508
angle,1780569794878552647,2.0299999713897705,0,0.010000002570450306
angle,1780569794888552610,2.0299999713897705,0,0.009999957866966724
angle,1780569794898552800,2.0299999713897705,0,0.009999992325901985
angle,1780569794908553051,2.0299999713897705,0,0.009999940171837807
angle,1780569794918554471,2.0299999713897705,0,0.009999971836805344
angle,1780569794928553734,2.0299999713897705,0,0.009999948553740978
angle,1780569794938553611,2.0299999713897705,0,0.009999959729611874
angle,1780569794948553838,2.0299999713897705,0,0.009999939240515232
angle,1780569794958554173,2.0299999713897705,0,0.009999999776482582
angle,1780569794968555048,2.0299999713897705,0,0.009999988600611687
angle,1780569794978554852,2.0299999713897705,0,0.009999990463256836
angle,1780569794988555063,2.0299999713897705,0,0.00999995693564415
angle,1780569794998555216,2.0299999713897705,0,0.010000001639127731
angle,1780569795008555917,2.0299999713897705,0,0.009999995119869709
angle,1780569795018555561,2.0299999713897705,0,0.009999980218708515
angle,1780569795028555744,2.0299999713897705,0,0.009999966248869896
angle,1780569795038556088,2.0299999713897705,0,0.009999974630773067
angle,1780569795048556268,2.0299999713897705,0,0.009999960660934448
angle,1780569795058556493,2.0299999713897705,0,0.00999999325722456
angle,1780569795068557180,2.0299999713897705,0,0.00999999325722456
angle,1780569795078557136,2.0299999713897705,0,0.009999975562095642
angle,1780569795088557301,2.0299999713897705,0,0.009999973699450493
angle,1780569795098557900,2.0299999713897705,0,0.00999994296580553
angle,1780569795108557767,2.0299999713897705,0,0.009999992325901985
angle,1780569795118557965,2.0299999713897705,0,0.01000000536441803
angle,1780569795128558419,2.0299999713897705,0,0.009999964386224747
angle,1780569795138558576,2.0299999713897705,0,0.009999968111515045
angle,1780569795148559150,2.0299999713897705,0,0.009999996982514858
angle,1780569795158559217,2.0299999713897705,0,0.009999965317547321
angle,1780569795168559775,2.0299999713897705,0,0.009999972768127918
angle,1780569795178559899,2.0299999713897705,0,0.009999900124967098
angle,1780569795188560439,2.0299999713897705,0,0.009999968111515045
angle,1780569795198560383,2.0299999713897705,0,0.009999988600611687
angle,1780569795208560407,2.0299999713897705,0,0.009999938309192657
angle,1780569795218560823,2.0299999713897705,0,0.009999948553740978
angle,1780569795228561142,2.0299999713897705,0,0.009999992325901985
angle,1780569795238561451,2.0299999713897705,0,0.009999980218708515
angle,1780569795248561482,2.0299999713897705,0,0.009999997913837433
angle,1780569795258561966,2.0299999713897705,0,0.009999940171837807
angle,1780569795268562186,2.0299999713897705,0,0.009999950416386127
angle,1780569795278562739,2.0299999713897705,0,0.010000007227063179
angle,1780569795288562642,2.0299999713897705,0,0.009999971836805344
angle,1780569795298562532,2.0299999713897705,0,0.009999943897128105
angle,1780569795308562847,2.0299999713897705,0,0.009999941103160381
angle,1780569795318563316,2.0299999713897705,0,0.009999934583902359
angle,1780569795328563787,2.0299999713897705,0,0.00999996718019247
angle,1780569795338563908,2.0299999713897705,0,0.009999936446547508
angle,1780569795348564240,2.0299999713897705,0,0.009999955072999
angle,1780569795358564466,2.0299999713897705,0,0.00999999139457941
angle,1780569795368565225,2.0299999713897705,0,0.009999963454902172
angle,1780569795378565083,2.0299999713897705,0,0.009999941103160381
angle,1780569795388565018,2.0299999713897705,0,0.00999994482845068
angle,1780569795398565205,2.0299999713897705,0,0.009999965317547321
angle,1780569795408565866,2.0299999713897705,0,0.009999992325901985
angle,1780569795418566161,2.0299999713897705,0,0.009999937377870083
angle,1780569795428566285,2.0299999713897705,0,0.009999980218708515
angle,1780569795438566427,2.0299999713897705,0,0.009999990463256836
angle,1780569795448567808,2.0299999713897705,0,0.009999959729611874
angle,1780569795458567360,2.0299999713897705,0,0.009999912232160568
angle,1780569795468567315,2.0299999713897705,0,0.009999937377870083
angle,1780569795478568688,2.0299999713897705,0,0.010000009089708328
angle,1780569795488567839,2.0299999713897705,0,0.009999950416386127
angle,1780569795498569854,2.0299999713897705,0,0.009999909438192844
angle,1780569795508568119,2.0299999713897705,0,0.009999950416386127
angle,1780569795518568404,2.0299999713897705,0,0.009999984875321388
angle,1780569795528568638,2.0299999713897705,0,0.009999994188547134
angle,1780569795538568761,2.0299999713897705,0,0.010000002570450306
angle,1780569795548569133,2.0299999713897705,0,0.009999988600611687
angle,1780569795558570773,2.0299999713897705,0,0.009999929927289486
angle,1780569795568569784,2.0299999713897705,0,0.009999890811741352
angle,1780569795578569703,2.0299999713897705,0,0.009999998845160007
angle,1780569795588569887,2.0299999713897705,0,0.009999937377870083
angle,1780569795598570122,2.0299999713897705,0,0.009999943897128105
angle,1780569795608570546,2.0299999713897705,0,0.009999977424740791
angle,1780569795618570811,2.0299999713897705,0,0.00999998115003109
angle,1780569795628571164,2.0299999713897705,0,0.009999964386224747
angle,1780569795638571365,2.0299999713897705,0,0.009999939240515232
angle,1780569795648571448,2.0299999713897705,0,0.009999995119869709
angle,1780569795658571836,2.0299999713897705,0,0.009999948553740978
angle,1780569795668572392,2.0299999713897705,0,0.009999975562095642
angle,1780569795678572375,2.0299999713897705,0,0.009999983012676239
angle,1780569795688572394,2.0299999713897705,0,0.009999965317547321
angle,1780569795698572714,2.0299999713897705,0,0.010000004433095455
angle,1780569795708573348,2.0299999713897705,0,0.009999984875321388
angle,1780569795718573433,2.0299999713897705,0,0.010000010021030903
angle,1780569795728573452,2.0299999713897705,0,0.009999939240515232
angle,1780569795738573970,2.0299999713897705,0,0.009999938309192657
angle,1780569795748574343,2.0299999713897705,0,0.009999938309192657
angle,1780569795758574146,2.0299999713897705,0,0.009999975562095642
angle,1780569795768574741,2.0299999713897705,0,0.009999959729611874
angle,1780569795778577090,2.0299999713897705,0,0.00999995693564415
angle,1780569795788575969,2.0299999713897705,0,0.009999885223805904
angle,1780569795798576087,2.0299999713897705,0,0.009999933652579784
angle,1780569795808575325,2.0299999713897705,0,0.009999901987612247
angle,1780569795818575822,2.0299999713897705,0,0.009999998845160007
angle,1780569795828575929,2.0299999713897705,0,0.009999987669289112
angle,1780569795838576164,2.0299999713897705,0,0.009999937377870083
angle,1780569795848576479,2.0299999713897705,0,0.009999995119869709
angle,1780569795858576567,2.0299999713897705,0,0.009999969974160194
angle,1780569795868576929,2.0299999713897705,0,0.009999966248869896
angle,1780569795878577388,2.0299999713897705,0,0.010000000707805157
angle,1780569795888577735,2.0299999713897705,0,0.010000000707805157
angle,1780569795898577592,2.0299999713897705,0,0.009999954141676426
angle,1780569795908577722,2.0299999713897705,0,0.00999994482845068
angle,1780569795918579384,2.0299999713897705,0,0.009999971836805344
angle,1780569795928578052,2.0299999713897705,0,0.00999988429248333
angle,1780569795938578384,2.0299999713897705,0,0.009999956004321575
angle,1780569795948578990,2.0299999713897705,0,0.00999998115003109
angle,1780569795958578903,2.0299999713897705,0,0.009999988600611687
angle,1780569795968580033,2.0299999713897705,0,0.009999987669289112
angle,1780569795978581206,2.0299999713897705,0,0.009999956004321575
angle,1780569795988579951,2.0299999713897705,0,0.009999925270676613
angle,1780569795998579799,2.0299999713897705,0,0.009999959729611874
angle,1780569796008580357,2.0299999713897705,0,0.009999994188547134
angle,1780569796018580631,2.0299999713897705,0,0.009999955072999
angle,1780569796028580633,2.0299999713897705,0,0.00999996718019247
angle,1780569796038581167,2.0299999713897705,0,0.010000000707805157
angle,1780569796048581103,2.0299999713897705,0,0.009999943897128105
angle,1780569796058581937,2.0299999713897705,0,0.009999994188547134
angle,1780569796068581790,2.0299999713897705,0,0.00999996904283762
angle,1780569796078581930,2.0299999713897705,0,0.009999956004321575
angle,1780569796088582070,2.0299999713897705,0,0.00999997928738594
angle,1780569796098582312,2.0299999713897705,0,0.009999968111515045
angle,1780569796108582434,2.0299999713897705,0,0.009999972768127918
angle,1780569796118582665,2.0299999713897705,0,0.009999987669289112
angle,1780569796128583260,2.0299999713897705,0,0.00999994296580553
angle,1780569796138583105,2.0299999713897705,0,0.00999994296580553
angle,1780569796148583339,2.0299999713897705,0,0.009999939240515232
angle,1780569796158583750,2.0299999713897705,0,0.009999992325901985
angle,1780569796168584308,2.0299999713897705,0,0.009999959729611874
angle,1780569796178584568,2.0299999713897705,0,0.009999911300837994
angle,1780569796188584305,2.0299999713897705,0,0.009999987669289112
angle,1780569796198584609,2.0299999713897705,0,0.009999964386224747
angle,1780569796208585131,2.0299999713897705,0,0.009999975562095642
angle,1780569796218590976,2.0299999713897705,0,0.009999963454902172
angle,1780569796228587961,2.0299999713897705,0,0.009999887086451054
angle,1780569796238586938,2.0299999713897705,0,0.00999984797090292
angle,1780569796248586079,2.0299999713897705,0,0.009999928064644337
angle,1780569796258587866,2.0299999713897705,0,0.009999966248869896
angle,1780569796268586558,2.0299999713897705,0,0.009999893605709076
angle,1780569796278587074,2.0299999713897705,0,0.009999996982514858
angle,1780569796288587179,2.0299999713897705,0,0.009999970905482769
angle,1780569796298587106,2.0299999713897705,0,0.009999978356063366
angle,1780569796308587375,2.0299999713897705,0,0.00999997928738594
angle,1780569796318588072,2.0299999713897705,0,0.009999978356063366
angle,1780569796328587842,2.0299999713897705,0,0.009999892674386501
angle,1780569796338588508,2.0299999713897705,0,0.009999988600611687
angle,1780569796348588574,2.0299999713897705,0,0.009999996051192284
angle,1780569796358588681,2.0299999713897705,0,0.010000010021030903
angle,1780569796368589113,2.0299999713897705,0,0.009999959729611874
angle,1780569796378590279,2.0299999713897705,0,0.009999938309192657
angle,1780569796388589380,2.0299999713897705,0,0.00999987032264471
angle,1780569796398589549,2.0299999713897705,0,0.009999953210353851
angle,1780569796408590314,2.0299999713897705,0,0.00999996718019247
angle,1780569796418590041,2.0299999713897705,0,0.009999887086451054
angle,1780569796428590318,2.0299999713897705,0,0.009999978356063366
angle,1780569796438590545,2.0299999713897705,0,0.009999972768127918
angle,1780569796448590721,2.0299999713897705,0,0.00999999139457941
angle,1780569796458590869,2.0299999713897705,0,0.009999963454902172
angle,1780569796468591336,2.0299999713897705,0,0.010000000707805157
angle,1780569796478591770,2.0299999713897705,0,0.009999963454902172
angle,1780569796488591783,2.0299999713897705,0,0.009999975562095642
angle,1780569796498592044,2.0299999713897705,0,0.009999999776482582
angle,1780569796508592251,2.0299999713897705,0,0.009999964386224747
angle,1780569796518592821,2.0299999713897705,0,0.009999996051192284
angle,1780569796528592764,2.0299999713897705,0,0.009999968111515045
angle,1780569796538593096,2.0299999713897705,0,0.009999960660934448
angle,1780569796548593416,2.0299999713897705,0,0.009999945759773254
angle,1780569796558594949,2.0299999713897705,0,0.009999959729611874
angle,1780569796568593786,2.0299999713897705,0,0.009999943897128105
angle,1780569796578594322,2.0299999713897705,0,0.010000009089708328
angle,1780569796588594123,2.0299999713897705,0,0.00999986007809639
angle,1780569796598594412,2.0299999713897705,0,0.009999936446547508
angle,1780569796608594579,2.0299999713897705,0,0.009999953210353851
angle,1780569796618594914,2.0299999713897705,0,0.009999975562095642
angle,1780569796628595088,2.0299999713897705,0,0.009999995119869709
angle,1780569796638595238,2.0299999713897705,0,0.009999974630773067
angle,1780569796648595887,2.0299999713897705,0,0.009999956004321575
angle,1780569796658595855,2.0299999713897705,0,0.009999959729611874
angle,1780569796668596157,2.0299999713897705,0,0.009999942034482956
angle,1780569796678596424,2.0299999713897705,0,0.009999942034482956
angle,1780569796688596513,2.0299999713897705,0,0.009999940171837807
angle,1780569796698596554,2.0299999713897705,0,0.00999994482845068
angle,1780569796708596834,2.0299999713897705,0,0.00999997928738594
angle,1780569796718597086,2.0299999713897705,0,0.009999969974160194
angle,1780569796728597329,2.0299999713897705,0,0.009999950416386127
angle,1780569796738597985,2.0299999713897705,0,0.009999939240515232
angle,1780569796748597911,2.0299999713897705,0,0.00999996904283762
angle,1780569796758597933,2.0299999713897705,0,0.009999959729611874
angle,1780569796768598121,2.0299999713897705,0,0.009999974630773067
angle,1780569796778598838,2.0299999713897705,0,0.009999947622418404
angle,1780569796788598920,2.0299999713897705,0,0.009999947622418404
angle,1780569796798598966,2.0299999713897705,0,0.009999960660934448
angle,1780569796808599020,2.0299999713897705,0,0.009999970905482769
angle,1780569796818599326,2.0299999713897705,0,0.009999975562095642
angle,1780569796828599564,2.0299999713897705,0,0.009999961592257023
angle,1780569796838600003,2.0299999713897705,0,0.009999945759773254
angle,1780569796848600118,2.0299999713897705,0,0.009999955072999
angle,1780569796858600251,2.0299999713897705,0,0.009999938309192657
angle,1780569796868600846,2.0299999713897705,0,0.009999941103160381
angle,1780569796878601145,2.0299999713897705,0,0.00999996718019247
angle,1780569796888600992,2.0299999713897705,0,0.009999875910580158
angle,1780569796898601229,2.0299999713897705,0,0.010000008158385754
angle,1780569796908601633,2.0299999713897705,0,0.009999983943998814
angle,1780569796918601905,2.0299999713897705,0,0.009999999776482582
angle,1780569796928602045,2.0299999713897705,0,0.009999971836805344
angle,1780569796938602508,2.0299999713897705,0,0.009999965317547321
angle,1780569796948602343,2.0299999713897705,0,0.009999939240515232
angle,1780569796958602647,2.0299999713897705,0,0.010000008158385754
angle,1780569796968603221,2.0299999713897705,0,0.009999948553740978
angle,1780569796978607640,2.0299999713897705,0,0.009999903850257397
angle,1780569796988603776,2.0299999713897705,0,0.009998617693781853
angle,1780569796998603734,2.0299999713897705,0,0.009999995119869709
angle,1780569797008604114,2.0299999713897705,0,0.009999998845160007
angle,1780569797018604388,2.0299999713897705,0,0.009999939240515232
angle,1780569797028604752,2.0299999713897705,0,0.009999936446547508
angle,1780569797038604827,2.0299999713897705,0,0.00999995693564415
angle,1780569797048604892,2.0299999713897705,0,0.009999957866966724
angle,1780569797058605228,2.0299999713897705,0,0.009999994188547134
angle,1780569797068606235,2.0299999713897705,0,0.009999988600611687
angle,1780569797078605966,2.0299999713897705,0,0.00999995693564415
angle,1780569797088606275,2.0299999713897705,0,0.009999972768127918
angle,1780569797098606524,2.0299999713897705,0,0.009999990463256836
angle,1780569797108606852,2.0299999713897705,0,0.009999955072999
angle,1780569797118607301,2.0299999713897705,0,0.01000000536441803
angle,1780569797128607189,2.0299999713897705,0,0.009999933652579784
angle,1780569797138607396,2.0299999713897705,0,0.009999970905482769
angle,1780569797148607509,2.0299999713897705,0,0.009999966248869896
angle,1780569797158607842,2.0299999713897705,0,0.009999956004321575
angle,1780569797168608106,2.0299999713897705,0,0.009999952279031277
angle,1780569797178608720,2.0299999713897705,0,0.009999998845160007
angle,1780569797188608785,2.0299999713897705,0,0.009999950416386127
angle,1780569797198608890,2.0299999713897705,0,0.009999953210353851
angle,1780569797208609424,2.0299999713897705,0,0.009999997913837433
angle,1780569797218609497,2.0299999713897705,0,0.009999938309192657
angle,1780569797228609472,2.0299999713897705,0,0.009999964386224747
angle,1780569797238609913,2.0299999713897705,0,0.009999995119869709
angle,1780569797248610234,2.0299999713897705,0,0.00999999325722456
angle,1780569797258610513,2.0299999713897705,0,0.010000002570450306
angle,1780569797268610687,2.0299999713897705,0,0.009999959729611874
angle,1780569797278611288,2.0299999713897705,0,0.00999997928738594
angle,1780569797288611616,2.0299999713897705,0,0.009999941103160381
angle,1780569797298611927,2.0299999713897705,0,0.009999940171837807
angle,1780569797308611630,2.0299999713897705,0,0.009999995119869709
angle,1780569797318611975,2.0299999713897705,0,0.010000002570450306
angle,1780569797328612231,2.0299999713897705,0,0.00999993272125721
angle,1780569797338612586,2.0299999713897705,0,0.009999946691095829
angle,1780569797348614025,2.0299999713897705,0,0.009999953210353851
angle,1780569797358613126,2.0299999713897705,0,0.009999984875321388
angle,1780569797368614102,2.0299999713897705,0,0.009999984875321388
angle,1780569797378613701,2.0299999713897705,0,0.009999928995966911
angle,1780569797388614376,2.0299999713897705,0,0.010000007227063179
angle,1780569797398614198,2.0299999713897705,0,0.00999999325722456
angle,1780569797408614539,2.0299999713897705,0,0.009999964386224747
angle,1780569797418614743,2.0299999713897705,0,0.010000004433095455
angle,1780569797428615415,2.0299999713897705,0,0.009999984875321388
angle,1780569797438615246,2.0299999713897705,0,0.009999939240515232
angle,1780569797448615510,2.0299999713897705,0,0.009999990463256836
angle,1780569797458615818,2.0299999713897705,0,0.009999998845160007
angle,1780569797468616042,2.0299999713897705,0,0.009999942034482956
angle,1780569797478616476,2.0299999713897705,0,0.00999996718019247
angle,1780569797488616707,2.0299999713897705,0,0.00999999139457941
angle,1780569797498616699,2.0299999713897705,0,0.009999951347708702
angle,1780569797508617019,2.0299999713897705,0,0.009999982081353664
angle,1780569797518617381,2.0299999713897705,0,0.009999998845160007
angle,1780569797528617271,2.0299999713897705,0,0.009999946691095829
angle,1780569797538617424,2.0299999713897705,0,0.00999994482845068
angle,1780569797548617620,2.0299999713897705,0,0.009999937377870083
angle,1780569797558619327,2.0299999713897705,0,0.009999974630773067
angle,1780569797568618477,2.0299999713897705,0,0.009999927133321762
angle,1780569797580771565,2.0299999713897705,0,0.012152577750384808
angle,1780569797590772255,2.0299999713897705,0,0.009999927133321762
angle,1780569797600772296,2.0299999713897705,0,0.009999988600611687
angle,1780569797610772746,2.0299999713897705,0,0.009999939240515232
angle,1780569797620772993,2.0299999713897705,0,0.009999998845160007
angle,1780569797630773238,2.0299999713897705,0,0.009999972768127918
angle,1780569797640773449,2.0299999713897705,0,0.009999970905482769
angle,1780569797650773586,2.0299999713897705,0,0.009999950416386127
angle,1780569797660774232,2.0299999713897705,0,0.010000010952353477
angle,1780569797670774114,2.0299999713897705,0,0.009999964386224747
angle,1780569797680774439,2.0299999713897705,0,0.010000004433095455
angle,1780569797690774917,2.0299999713897705,0,0.010000002570450306
angle,1780569797700774939,2.0299999713897705,0,0.009999957866966724
angle,1780569797710775125,2.0299999713897705,0,0.009999938309192657
angle,1780569797720775586,2.0299999713897705,0,0.009999983943998814
angle,1780569797730775762,2.0299999713897705,0,0.009999964386224747
angle,1780569797740776086,2.0299999713897705,0,0.00999998115003109
angle,1780569797750776700,2.0299999713897705,0,0.009999937377870083
angle,1780569797760776553,2.0299999713897705,0,0.009999992325901985
angle,1780569797770776932,2.0299999713897705,0,0.009999956004321575
angle,1780569797780777050,2.0299999713897705,0,0.009999939240515232
angle,1780569797790777645,2.0299999713897705,0,0.009999943897128105
angle,1780569797800777576,2.0299999713897705,0,0.009999934583902359
angle,1780569797810777884,2.0299999713897705,0,0.009999977424740791
angle,1780569797820777983,2.0299999713897705,0,0.009999970905482769
angle,1780569797830778386,2.0299999713897705,0,0.009999953210353851
angle,1780569797840778919,2.0299999713897705,0,0.009999965317547321
angle,1780569797850778672,2.0299999713897705,0,0.009999950416386127
angle,1780569797860778962,2.0299999713897705,0,0.009999996051192284
angle,1780569797870779148,2.0299999713897705,0,0.00999996904283762
angle,1780569797880779910,2.0299999713897705,0,0.009999977424740791
angle,1780569797890780312,2.0299999713897705,0,0.009999892674386501
angle,1780569797900780324,2.0299999713897705,0,0.009999945759773254
angle,1780569797910780572,2.0299999713897705,0,0.009999986737966537
angle,1780569797920782018,2.0299999713897705,0,0.009999982081353664
angle,1780569797930783316,2.0299999713897705,0,0.00999991875141859
angle,1780569797940783296,2.0299999713897705,0,0.009999919682741165
angle,1780569797950783478,2.0299999713897705,0,0.009999879635870457
angle,1780569797960781949,2.0299999713897705,0,0.009999910369515419
angle,1780569797970783349,2.0299999713897705,0,0.009999951347708702
angle,1780569797980782336,2.0299999713897705,0,0.009999859146773815
angle,1780569797990782854,2.0299999713897705,0,0.009999982081353664
angle,1780569798000782737,2.0299999713897705,0,0.009999950416386127
angle,1780569798010783758,2.0299999713897705,0,0.009999958798289299
angle,1780569798020783264,2.0299999713897705,0,0.009999982081353664
angle,1780569798030783704,2.0299999713897705,0,0.010000001639127731
angle,1780569798040783964,2.0299999713897705,0,0.009999994188547134
angle,1780569798050784379,2.0299999713897705,0,0.009999985806643963
angle,1780569798060784629,2.0299999713897705,0,0.009999997913837433
angle,1780569798070784868,2.0299999713897705,0,0.009999960660934448
angle,1780569798080785634,2.0299999713897705,0,0.009999983012676239
angle,1780569798090785519,2.0299999713897705,0,0.009999947622418404
angle,1780569798100785494,2.0299999713897705,0,0.00999996718019247
angle,1780569798110785716,2.0299999713897705,0,0.009999963454902172
angle,1780569798120786373,2.0299999713897705,0,0.009999977424740791
angle,1780569798130786472,2.0299999713897705,0,0.009999987669289112
angle,1780569798140786670,2.0299999713897705,0,0.009999955072999
angle,1780569798150786788,2.0299999713897705,0,0.009999941103160381
angle,1780569798160787124,2.0299999713897705,0,0.009999953210353851
angle,1780569798170787543,2.0299999713897705,0,0.009999961592257023
angle,1780569798180787707,2.0299999713897705,0,0.009999994188547134
angle,1780569798190788038,2.0299999713897705,0,0.009999999776482582
angle,1780569798200788045,2.0299999713897705,0,0.009999983943998814
angle,1780569798210788573,2.0299999713897705,0,0.010000009089708328
angle,1780569798220789048,2.0299999713897705,0,0.009999978356063366
angle,1780569798230789301,2.0299999713897705,0,0.009999986737966537
angle,1780569798240789375,2.0299999713897705,0,0.009999946691095829
angle,1780569798250789529,2.0299999713897705,0,0.009999956004321575
angle,1780569798260790259,2.0299999713897705,0,0.009999945759773254
angle,1780569798270790216,2.0299999713897705,0,0.009999982081353664
angle,1780569798280790794,2.0299999713897705,0,0.009999972768127918
angle,1780569798290790967,2.0299999713897705,0,0.009999995119869709
angle,1780569798300791003,2.0299999713897705,0,0.009999984875321388
angle,1780569798310791354,2.0299999713897705,0,0.009999980218708515
angle,1780569798320791585,2.0299999713897705,0,0.009999951347708702
angle,1780569798330791681,2.0299999713897705,0,0.009999946691095829
angle,1780569798340791777,2.0299999713897705,0,0.009999946691095829
angle,1780569798350791990,2.0299999713897705,0,0.009999985806643963
angle,1780569798360792232,2.0299999713897705,0,0.009999940171837807
angle,1780569798370793065,2.0299999713897705,0,0.009999956004321575
angle,1780569798382551690,2.0299999713897705,0,0.01175803691148758
angle,1780569798392551856,2.0299999713897705,0,0.009999878704547882
angle,1780569798402552078,2.0299999713897705,0,0.009999928995966911
angle,1780569798412553495,2.0299999713897705,0,0.009999966248869896
angle,1780569798422552446,2.0299999713897705,0,0.009999936446547508
angle,1780569798432553046,2.0299999713897705,0,0.00999993272125721
angle,1780569798442553318,2.0299999713897705,0,0.009999983943998814
angle,1780569798452553267,2.0299999713897705,0,0.009999942034482956
angle,1780569798462553526,2.0299999713897705,0,0.009999954141676426
angle,1780569798472553832,2.0299999713897705,0,0.00999993272125721
angle,1780569798482556178,2.0299999713897705,0,0.009999972768127918
angle,1780569798492554460,2.0299999713897705,0,0.009999919682741165
angle,1780569798502554554,2.0299999713897705,0,0.00999993272125721
angle,1780569798512554780,2.0299999713897705,0,0.009999961592257023
angle,1780569798522555002,2.0299999713897705,0,0.009999936446547508
angle,1780569798532555274,2.0299999713897705,0,0.009999953210353851
angle,1780569798542555326,2.0299999713897705,0,0.009999964386224747
angle,1780569798552555607,2.0299999713897705,0,0.009999945759773254
angle,1780569798562557334,2.0299999713897705,0,0.010000001639127731
angle,1780569798572556116,2.0299999713897705,0,0.009999928064644337
angle,1780569798582556538,2.0299999713897705,0,0.009999934583902359
angle,1780569798592558395,2.0299999713897705,0,0.009999994188547134
angle,1780569798602556750,2.0299999713897705,0,0.009999856352806091
angle,1780569798612557291,2.0299999713897705,0,0.010000006295740604
angle,1780569798622557329,2.0299999713897705,0,0.00999994296580553
angle,1780569798632557911,2.0299999713897705,0,0.009999947622418404
angle,1780569798642557687,2.0299999713897705,0,0.009999948553740978
angle,1780569798652557986,2.0299999713897705,0,0.009999995119869709
angle,1780569798662558272,2.0299999713897705,0,0.00999996718019247
angle,1780569798672559781,2.0299999713897705,0,0.00999998115003109
angle,1780569798682559235,2.0299999713897705,0,0.009999938309192657
angle,1780569798692559417,2.0299999713897705,0,0.009999998845160007
angle,1780569798702559535,2.0299999713897705,0,0.009999941103160381
angle,1780569798712559570,2.0299999713897705,0,0.009999955072999
angle,1780569798722560098,2.0299999713897705,0,0.009999987669289112
angle,1780569798732560033,2.0299999713897705,0,0.009999983012676239
angle,1780569798742560343,2.0299999713897705,0,0.009999940171837807
angle,1780569798752560380,2.0299999713897705,0,0.010000000707805157
angle,1780569798762560985,2.0299999713897705,0,0.009999948553740978
angle,1780569798772561306,2.0299999713897705,0,0.010000009089708328
angle,1780569798782561439,2.0299999713897705,0,0.009999953210353851
angle,1780569798792561712,2.0299999713897705,0,0.009999997913837433
angle,1780569798802561881,2.0299999713897705,0,0.009999982081353664
angle,1780569798812562381,2.0299999713897705,0,0.009999978356063366
angle,1780569798822562380,2.0299999713897705,0,0.009999986737966537
angle,1780569798832562820,2.0299999713897705,0,0.009999983012676239
angle,1780569798842562916,2.0299999713897705,0,0.009999961592257023
angle,1780569798852563509,2.0299999713897705,0,0.00999994482845068
angle,1780569798862563655,2.0299999713897705,0,0.009999980218708515
angle,1780569798872564119,2.0299999713897705,0,0.009999966248869896
angle,1780569798882564180,2.0299999713897705,0,0.01000000536441803
angle,1780569798892564625,2.0299999713897705,0,0.009999987669289112
angle,1780569798902564918,2.0299999713897705,0,0.009999940171837807
angle,1780569798912564816,2.0299999713897705,0,0.010000001639127731
angle,1780569798922566029,2.0299999713897705,0,0.009999983012676239
angle,1780569798932565628,2.0299999713897705,0,0.009999874979257584
angle,1780569798942565845,2.0299999713897705,0,0.009999943897128105
angle,1780569798952566168,2.0299999713897705,0,0.009999980218708515
angle,1780569798962566324,2.0299999713897705,0,0.009999936446547508
angle,1780569798972566477,2.0299999713897705,0,0.009999938309192657
angle,1780569798982566732,2.0299999713897705,0,0.009999973699450493
angle,1780569798992567732,2.0299999713897705,0,0.009999990463256836
angle,1780569799002567212,2.0299999713897705,0,0.009999948553740978
angle,1780569799012567523,2.0299999713897705,0,0.009999987669289112
angle,1780569799022567354,2.0299999713897705,0,0.009999945759773254
angle,1780569799032568046,2.0299999713897705,0,0.009999937377870083
angle,1780569799042567892,2.0299999713897705,0,0.009999965317547321
angle,1780569799052568073,2.0299999713897705,0,0.009999975562095642
angle,1780569799062568408,2.0299999713897705,0,0.009999978356063366
angle,1780569799072568873,2.0299999713897705,0,0.009999938309192657
angle,1780569799082568991,2.0299999713897705,0,0.009999995119869709
angle,1780569799092569700,2.0299999713897705,0,0.009999957866966724
angle,1780569799102569448,2.0299999713897705,0,0.009999954141676426
angle,1780569799112569726,2.0299999713897705,0,0.009999960660934448
angle,1780569799122570282,2.0299999713897705,0,0.009999964386224747
angle,1780569799132570002,2.0299999713897705,0,0.009999997913837433
angle,1780569799142570424,2.0299999713897705,0,0.010000006295740604
angle,1780569799152570815,2.0299999713897705,0,0.010000000707805157
angle,1780569799162571309,2.0299999713897705,0,0.010000008158385754
angle,1780569799172571215,2.0299999713897705,0,0.00999997928738594
angle,1780569799182571653,2.0299999713897705,0,0.009999945759773254
angle,1780569799192571803,2.0299999713897705,0,0.009999985806643963
angle,1780569799202571904,2.0299999713897705,0,0.009999977424740791
angle,1780569799212572411,2.0299999713897705,0,0.009999934583902359
angle,1780569799222572714,2.0299999713897705,0,0.01000000536441803
angle,1780569799232573023,2.0299999713897705,0,0.009999988600611687
angle,1780569799247733650,2.0299999713897705,0,0.015160324051976204
angle,1780569799257733934,2.0299999713897705,0,0.00999999139457941
angle,1780569799267734298,2.0299999713897705,0,0.010000002570450306
angle,1780569799277734664,2.0299999713897705,0,0.010000001639127731
angle,1780569799287735204,2.0299999713897705,0,0.009999969974160194
angle,1780569799297735463,2.0299999713897705,0,0.00999998115003109
angle,1780569799307735105,2.0299999713897705,0,0.00999994482845068
angle,1780569799317735378,2.0299999713897705,0,0.009999958798289299
angle,1780569799327735703,2.0299999713897705,0,0.009999963454902172
angle,1780569799337736244,2.0299999713897705,0,0.009999951347708702
angle,1780569799347736207,2.0299999713897705,0,0.009999940171837807
angle,1780569799357736344,2.0299999713897705,0,0.009999947622418404
angle,1780569799367736577,2.0299999713897705,0,0.010000004433095455
angle,1780569799377736924,2.0299999713897705,0,0.009999974630773067
angle,1780569799387739377,2.0299999713897705,0,0.00999994296580553
angle,1780569799397739680,2.0299999713897705,0,0.009999916888773441
angle,1780569799407738948,2.0299999713897705,0,0.009999919682741165
angle,1780569799417737973,2.0299999713897705,0,0.009999887086451054
angle,1780569799427738544,2.0299999713897705,0,0.009999966248869896
angle,1780569799437738275,2.0299999713897705,0,0.010000008158385754
angle,1780569799447738699,2.0299999713897705,0,0.009999983943998814
angle,1780569799457738890,2.0299999713897705,0,0.009999947622418404
angle,1780569799467739166,2.0299999713897705,0,0.009999997913837433
angle,1780569799477739361,2.0299999713897705,0,0.00999997928738594
angle,1780569799487739916,2.0299999713897705,0,0.009999959729611874
angle,1780569799497740065,2.0299999713897705,0,0.010000000707805157
angle,1780569799507740010,2.0299999713897705,0,0.009999996051192284
angle,1780569799517740721,2.0299999713897705,0,0.009999947622418404
angle,1780569799527740473,2.0299999713897705,0,0.009999953210353851
angle,1780569799537740870,2.0299999713897705,0,0.009999958798289299
angle,1780569799547741197,2.0299999713897705,0,0.009999966248869896
angle,1780569799557741728,2.0299999713897705,0,0.009999955072999
angle,1780569799567743398,2.0299999713897705,0,0.009999878704547882
angle,1780569799577741609,2.0299999713897705,0,0.009999928064644337
angle,1780569799587741995,2.0299999713897705,0,0.009999946691095829
angle,1780569799597742169,2.0299999713897705,0,0.009999964386224747
angle,1780569799607742111,2.0299999713897705,0,0.009999939240515232
angle,1780569799617742307,2.0299999713897705,0,0.009999963454902172
angle,1780569799627742710,2.0299999713897705,0,0.009999943897128105
angle,1780569799637743321,2.0299999713897705,0,0.009999992325901985
angle,1780569799647743080,2.0299999713897705,0,0.009999982081353664
angle,1780569799657743369,2.0299999713897705,0,0.009999969974160194
angle,1780569799667743599,2.0299999713897705,0,0.009999970905482769
angle,1780569799677745021,2.0299999713897705,0,0.01000000536441803
angle,1780569799687744338,2.0299999713897705,0,0.009999985806643963
angle,1780569799697744387,2.0299999713897705,0,0.00999998115003109
angle,1780569799707744583,2.0299999713897705,0,0.00999995693564415
angle,1780569799717744965,2.0299999713897705,0,0.009999986737966537
angle,1780569799727745476,2.0299999713897705,0,0.009999988600611687
angle,1780569799737745451,2.0299999713897705,0,0.00999999139457941
angle,1780569799747745560,2.0299999713897705,0,0.00999999325722456
angle,1780569799757746693,2.0299999713897705,0,0.00999995693564415
angle,1780569799767746710,2.0299999713897705,0,0.009999921545386314
angle,1780569799777746269,2.0299999713897705,0,0.009999963454902172
angle,1780569799787746935,2.0299999713897705,0,0.009999945759773254
angle,1780569799797747273,2.0299999713897705,0,0.009999960660934448
angle,1780569799807747174,2.0299999713897705,0,0.009999961592257023
angle,1780569799817747219,2.0299999713897705,0,0.010000006295740604
angle,1780569799827747768,2.0299999713897705,0,0.009999987669289112
angle,1780569799837747572,2.0299999713897705,0,0.00999996904283762
angle,1780569799847748182,2.0299999713897705,0,0.009999937377870083
angle,1780569799857748313,2.0299999713897705,0,0.00999994296580553
angle,1780569799867748429,2.0299999713897705,0,0.00999994296580553
angle,1780569799877748790,2.0299999713897705,0,0.009999983012676239
angle,1780569799887749232,2.0299999713897705,0,0.00999996904283762
angle,1780569799897749587,2.0299999713897705,0,0.00999995693564415
angle,1780569799907749398,2.0299999713897705,0,0.009999887086451054
angle,1780569799917749903,2.0299999713897705,0,0.009999939240515232
angle,1780569799927750935,2.0299999713897705,0,0.010000004433095455
angle,1780569799937750292,2.0299999713897705,0,0.00999994296580553
angle,1780569799947750458,2.0299999713897705,0,0.00999996718019247
angle,1780569799957750921,2.0299999713897705,0,0.009999992325901985
angle,1780569799967751238,2.0299999713897705,0,0.010000001639127731
angle,1780569799977752881,2.0299999713897705,0,0.010000008158385754
angle,1780569799987752433,2.0299999713897705,0,0.009999888017773628
angle,1780569799997752161,2.0299999713897705,0,0.009999965317547321
angle,1780569800007753485,2.0299999713897705,0,0.010000002570450306
angle,1780569800017752269,2.0299999713897705,0,0.009999917820096016
angle,1780569800027752785,2.0299999713897705,0,0.010000008158385754
angle,1780569800037752731,2.0299999713897705,0,0.00999997928738594
angle,1780569800047753212,2.0299999713897705,0,0.009999985806643963
angle,1780569800057753376,2.0299999713897705,0,0.00999996718019247
angle,1780569800067753575,2.0299999713897705,0,0.009999934583902359
angle,1780569800077754684,2.0299999713897705,0,0.010000010021030903
angle,1780569800087756056,2.0299999713897705,0,0.009999965317547321
angle,1780569800097754756,2.0299999713897705,0,0.009999892674386501
angle,1780569800107754900,2.0299999713897705,0,0.009999983012676239
angle,1780569800117755338,2.0299999713897705,0,0.009999977424740791
angle,1780569800127755214,2.0299999713897705,0,0.009999952279031277
angle,1780569800137755251,2.0299999713897705,0,0.009999946691095829
angle,1780569800147755610,2.0299999713897705,0,0.009999975562095642
angle,1780569800157756230,2.0299999713897705,0,0.009999992325901985
angle,1780569800167756416,2.0299999713897705,0,0.009999940171837807
angle,1780569800177756620,2.0299999713897705,0,0.009999988600611687
angle,1780569800187757114,2.0299999713897705,0,0.009999964386224747
angle,1780569800197757130,2.0299999713897705,0,0.009999971836805344
angle,1780569800207757785,2.0299999713897705,0,0.009999973699450493
angle,1780569800217757637,2.0299999713897705,0,0.009999988600611687
angle,1780569800227758044,2.0299999713897705,0,0.009999994188547134
angle,1780569800237758479,2.0299999713897705,0,0.009999945759773254
angle,1780569800247758590,2.0299999713897705,0,0.009999977424740791
angle,1780569800257758889,2.0299999713897705,0,0.009999952279031277
angle,1780569800267759109,2.0299999713897705,0,0.009999971836805344
angle,1780569800277759332,2.0299999713897705,0,0.009999990463256836
angle,1780569800287759639,2.0299999713897705,0,0.009999968111515045
angle,1780569800297760144,2.0299999713897705,0,0.009999929927289486
angle,1780569800307760226,2.0299999713897705,0,0.009999955072999
angle,1780569800317760166,2.0299999713897705,0,0.009999901056289673
angle,1780569800327760598,2.0299999713897705,0,0.009999987669289112
angle,1780569800337760969,2.0299999713897705,0,0.009999983012676239
angle,1780569800347762495,2.0299999713897705,0,0.009999945759773254
angle,1780569800357761947,2.0299999713897705,0,0.009999940171837807
angle,1780569800367761720,2.0299999713897705,0,0.009999955072999
angle,1780569800377761706,2.0299999713897705,0,0.009999939240515232
angle,1780569800387762186,2.0299999713897705,0,0.009999988600611687
angle,1780569800397762765,2.0299999713897705,0,0.009999975562095642
angle,1780569800407762836,2.0299999713897705,0,0.009999959729611874
angle,1780569800417763002,2.0299999713897705,0,0.00999988429248333
angle,1780569800427763086,2.0299999713897705,0,0.009999984875321388
angle,1780569800437763242,2.0299999713897705,0,0.009999994188547134
angle,1780569800447764856,2.0299999713897705,0,0.00999998115003109
angle,1780569800457763773,2.0299999713897705,0,0.009999926201999187
angle,1780569800467763964,2.0299999713897705,0,0.009999983012676239
angle,1780569800477764330,2.0299999713897705,0,0.00999998115003109
angle,1780569800487764954,2.0299999713897705,0,0.009999951347708702
angle,1780569800497764737,2.0299999713897705,0,0.009999966248869896
angle,1780569800507765210,2.0299999713897705,0,0.009999983943998814
angle,1780569800517765113,2.0299999713897705,0,0.009999864734709263
angle,1780569800527765555,2.0299999713897705,0,0.00999995693564415
angle,1780569800537765825,2.0299999713897705,0,0.010000011883676052
angle,1780569800547766286,2.0299999713897705,0,0.009999975562095642
angle,1780569800557766317,2.0299999713897705,0,0.009999958798289299
angle,1780569800567768079,2.0299999713897705,0,0.009999948553740978
angle,1780569800577767081,2.0299999713897705,0,0.009999866597354412
angle,1780569800587766888,2.0299999713897705,0,0.009999954141676426
angle,1780569800597767295,2.0299999713897705,0,0.009999947622418404
angle,1780569800607767741,2.0299999713897705,0,0.009999997913837433
angle,1780569800617768006,2.0299999713897705,0,0.009999891743063927
angle,1780569800627768140,2.0299999713897705,0,0.009999996051192284
angle,1780569800637768555,2.0299999713897705,0,0.009999983943998814
angle,1780569800647769041,2.0299999713897705,0,0.010000001639127731
angle,1780569800657769025,2.0299999713897705,0,0.009999963454902172
angle,1780569800667769124,2.0299999713897705,0,0.009999994188547134
angle,1780569800677769435,2.0299999713897705,0,0.00999995693564415
angle,1780569800687770069,2.0299999713897705,0,0.009999980218708515
angle,1780569800697770445,2.0299999713897705,0,0.009999974630773067
angle,1780569800707770553,2.0299999713897705,0,0.009999902918934822
angle,1780569800717770439,2.0299999713897705,0,0.009999915026128292
angle,1780569800727770658,2.0299999713897705,0,0.009999973699450493
angle,1780569800737770901,2.0299999713897705,0,0.009999973699450493
angle,1780569800747770966,2.0299999713897705,0,0.009999938309192657
angle,1780569800757773534,2.0299999713897705,0,0.009999959729611874
angle,1780569800767773110,2.0299999713897705,0,0.009999901056289673
angle,1780569800777771709,2.0299999713897705,0,0.009999926201999187
angle,1780569800787772415,2.0299999713897705,0,0.009999968111515045
angle,1780569800797772262,2.0299999713897705,0,0.009999984875321388
angle,1780569800807772617,2.0299999713897705,0,0.009999964386224747
angle,1780569800817773202,2.0299999713897705,0,0.009999901056289673
angle,1780569800827772943,2.0299999713897705,0,0.010000008158385754
angle,1780569800837773252,2.0299999713897705,0,0.009999982081353664
angle,1780569800847773528,2.0299999713897705,0,0.009999973699450493
angle,1780569800857774032,2.0299999713897705,0,0.009999982081353664
angle,1780569800867773953,2.0299999713897705,0,0.009999987669289112
angle,1780569800877774184,2.0299999713897705,0,0.009999984875321388
angle,1780569800887774560,2.0299999713897705,0,0.009999953210353851
angle,1780569800897774693,2.0299999713897705,0,0.009999977424740791
angle,1780569800907775016,2.0299999713897705,0,0.009999898262321949
angle,1780569800917775123,2.0299999713897705,0,0.00999996904283762
angle,1780569800927776578,2.0299999713897705,0,0.009999995119869709
angle,1780569800937775678,2.0299999713897705,0,0.00999992061406374
angle,1780569800947776060,2.0299999713897705,0,0.00999996904283762
angle,1780569800957775907,2.0299999713897705,0,0.009999954141676426
angle,1780569800967776257,2.0299999713897705,0,0.009999983943998814
angle,1780569800977776490,2.0299999713897705,0,0.009999960660934448
angle,1780569800987776979,2.0299999713897705,0,0.009999971836805344
angle,1780569800997777357,2.0299999713897705,0,0.009999921545386314
angle,1780569801007777537,2.0299999713897705,0,0.009999971836805344
angle,1780569801017777606,2.0299999713897705,0,0.009999975562095642
angle,1780569801027777532,2.0299999713897705,0,0.009999963454902172
angle,1780569801037777806,2.0299999713897705,0,0.009999965317547321
angle,1780569801047778132,2.0299999713897705,0,0.009999982081353664
angle,1780569801057778519,2.0299999713897705,0,0.009999938309192657
angle,1780569801067778512,2.0299999713897705,0,0.009999946691095829
angle,1780569801077778819,2.0299999713897705,0,0.00999996904283762
angle,1780569801087779054,2.0299999713897705,0,0.009999982081353664
angle,1780569801097780080,2.0299999713897705,0,0.009999957866966724
angle,1780569801107779997,2.0299999713897705,0,0.009999890811741352
angle,1780569801117779742,2.0299999713897705,0,0.009999968111515045
angle,1780569801127780000,2.0299999713897705,0,0.009999983943998814
angle,1780569801137780230,2.0299999713897705,0,0.009999954141676426
angle,1780569801147780337,2.0299999713897705,0,0.009999953210353851
angle,1780569801157780590,2.0299999713897705,0,0.009999997913837433
angle,1780569801169967336,2.0299999713897705,0,0.012185672298073769
angle,1780569801179967681,2.0299999713897705,0,0.00999988429248333
angle,1780569801189967541,2.0299999713897705,0,0.00999997928738594
angle,1780569801199968025,2.0299999713897705,0,0.009999954141676426
angle,1780569801209968403,2.0299999713897705,0,0.009999974630773067
angle,1780569801219968552,2.0299999713897705,0,0.00999997928738594
angle,1780569801229968509,2.0299999713897705,0,0.009999937377870083
angle,1780569801239968953,2.0299999713897705,0,0.00999999325722456
angle,1780569801249971548,2.0299999713897705,0,0.010000004433095455
angle,1780569801259970940,2.0299999713897705,0,0.009999878704547882
angle,1780569801269971026,2.0299999713897705,0,0.009999851696193218
angle,1780569801279970271,2.0299999713897705,0,0.009999900124967098
angle,1780569801289970004,2.0299999713897705,0,0.009999980218708515
angle,1780569801299970470,2.0299999713897705,0,0.010000002570450306
angle,1780569801309971402,2.0299999713897705,0,0.009999938309192657
angle,1780569801319970844,2.0299999713897705,0,0.009999888949096203
angle,1780569801329970836,2.0299999713897705,0,0.009999994188547134
angle,1780569801339971803,2.0299999713897705,0,0.009999992325901985
angle,1780569801349971569,2.0299999713897705,0,0.010000008158385754
angle,1780569801359971965,2.0299999713897705,0,0.009999957866966724
angle,1780569801369972423,2.0299999713897705,0,0.009999983943998814
angle,1780569801379972364,2.0299999713897705,0,0.009999964386224747
angle,1780569801389972658,2.0299999713897705,0,0.009999937377870083
angle,1780569801399972993,2.0299999713897705,0,0.00999999325722456
angle,1780569801409973720,2.0299999713897705,0,0.009999986737966537
angle,1780569801419973407,2.0299999713897705,0,0.009999950416386127
angle,1780569801429973567,2.0299999713897705,0,0.009999946691095829
angle,1780569801439973887,2.0299999713897705,0,0.009999934583902359
angle,1780569801449974373,2.0299999713897705,0,0.009999987669289112
angle,1780569801459974549,2.0299999713897705,0,0.009999970905482769
angle,1780569801469974805,2.0299999713897705,0,0.009999964386224747
angle,1780569801479975114,2.0299999713897705,0,0.009999983012676239
angle,1780569801489975175,2.0299999713897705,0,0.009999957866966724
angle,1780569801499975897,2.0299999713897705,0,0.009999997913837433
angle,1780569801509975968,2.0299999713897705,0,0.010000000707805157
angle,1780569801519975950,2.0299999713897705,0,0.009999961592257023
angle,1780569801529976182,2.0299999713897705,0,0.009999972768127918
angle,1780569801539976565,2.0299999713897705,0,0.009999973699450493
angle,1780569801549976908,2.0299999713897705,0,0.009999983012676239
angle,1780569801559977008,2.0299999713897705,0,0.009999953210353851
angle,1780569801569978977,2.0299999713897705,0,0.009999988600611687
angle,1780569801579977575,2.0299999713897705,0,0.009999909438192844
angle,1780569801589977846,2.0299999713897705,0,0.009999997913837433
angle,1780569801599978236,2.0299999713897705,0,0.009999937377870083
angle,1780569801609978899,2.0299999713897705,0,0.009999937377870083
angle,1780569801619978753,2.0299999713897705,0,0.009999966248869896
angle,1780569801629978716,2.0299999713897705,0,0.010000006295740604
angle,1780569801639979036,2.0299999713897705,0,0.009999951347708702
angle,1780569801649979230,2.0299999713897705,0,0.009999936446547508
angle,1780569801659979922,2.0299999713897705,0,0.009999973699450493
angle,1780569801669979816,2.0299999713897705,0,0.009999984875321388
angle,1780569801679979986,2.0299999713897705,0,0.009999941103160381
angle,1780569801689980379,2.0299999713897705,0,0.009999986737966537
angle,1780569801699981088,2.0299999713897705,0,0.009999974630773067
angle,1780569801709980831,2.0299999713897705,0,0.009999924339354038
angle,1780569801719980971,2.0299999713897705,0,0.009999952279031277
angle,1780569801729981428,2.0299999713897705,0,0.009999959729611874
angle,1780569801739982014,2.0299999713897705,0,0.009999953210353851
angle,1780569801749981776,2.0299999713897705,0,0.00999999139457941
angle,1780569801759982052,2.0299999713897705,0,0.00999998115003109
angle,1780569801769982339,2.0299999713897705,0,0.009999994188547134
angle,1780569801779982405,2.0299999713897705,0,0.009999951347708702
angle,1780569801789982636,2.0299999713897705,0,0.00999997928738594
angle,1780569801799983163,2.0299999713897705,0,0.009999958798289299
angle,1780569801809983008,2.0299999713897705,0,0.009999925270676613
angle,1780569801819983190,2.0299999713897705,0,0.009999999776482582
angle,1780569801829983532,2.0299999713897705,0,0.009999985806643963
angle,1780569801839984128,2.0299999713897705,0,0.009999986737966537
angle,1780569801849984145,2.0299999713897705,0,0.009999889880418777
angle,1780569801859984227,2.0299999713897705,0,0.009999945759773254
angle,1780569801869984972,2.0299999713897705,0,0.009999995119869709
angle,1780569801879985905,2.0299999713897705,0,0.009999984875321388
angle,1780569801889985701,2.0299999713897705,0,0.0099998963996768
angle,1780569801899985432,2.0299999713897705,0,0.010000008158385754
angle,1780569801909985887,2.0299999713897705,0,0.009999963454902172
angle,1780569801919985820,2.0299999713897705,0,0.009999938309192657
angle,1780569801929986678,2.0299999713897705,0,0.00999996718019247
angle,1780569801939986071,2.0299999713897705,0,0.009999931789934635
angle,1780569801949986691,2.0299999713897705,0,0.00999998115003109
angle,1780569801959987073,2.0299999713897705,0,0.009999994188547134
angle,1780569801969989854,2.0299999713897705,0,0.009999988600611687
angle,1780569801979987671,2.0299999713897705,0,0.009999874979257584
angle,1780569801989988407,2.0299999713897705,0,0.009999953210353851
angle,1780569801999988448,2.0299999713897705,0,0.00999999325722456
angle,1780569802009988902,2.0299999713897705,0,0.009999996051192284
angle,1780569802019989343,2.0299999713897705,0,0.009999889880418777
angle,1780569802029988721,2.0299999713897705,0,0.010000004433095455
angle,1780569802039989074,2.0299999713897705,0,0.00999995693564415
angle,1780569802049989255,2.0299999713897705,0,0.010000006295740604
angle,1780569802059989642,2.0299999713897705,0,0.009999934583902359
angle,1780569802069991052,2.0299999713897705,0,0.009999999776482582
angle,1780569802079990323,2.0299999713897705,0,0.009999893605709076
angle,1780569802089990568,2.0299999713897705,0,0.009999954141676426
angle,1780569802099991353,2.0299999713897705,0,0.009999947622418404
angle,1780569802109990844,2.0299999713897705,0,0.00999994482845068
angle,1780569802119991212,2.0299999713897705,0,0.009999950416386127
angle,1780569802129991409,2.0299999713897705,0,0.009999986737966537
angle,1780569802139991582,2.0299999713897705,0,0.009999960660934448
angle,1780569802149992331,2.0299999713897705,0,0.009999985806643963
angle,1780569802159992099,2.0299999713897705,0,0.010000001639127731
angle,1780569802169992367,2.0299999713897705,0,0.009999938309192657
angle,1780569802179992510,2.0299999713897705,0,0.009999977424740791
angle,1780569802189993198,2.0299999713897705,0,0.009999983012676239
angle,1780569802199993131,2.0299999713897705,0,0.009999998845160007
angle,1780569802209993352,2.0299999713897705,0,0.009999940171837807
angle,1780569802219993787,2.0299999713897705,0,0.009999954141676426
angle,1780569802229993752,2.0299999713897705,0,0.00999996904283762
angle,1780569802239994012,2.0299999713897705,0,0.00999994482845068
angle,1780569802249994196,2.0299999713897705,0,0.009999957866966724
angle,1780569802259994567,2.0299999713897705,0,0.009999982081353664
angle,1780569802269994595,2.0299999713897705,0,0.009999996982514858
angle,1780569802279995357,2.0299999713897705,0,0.009999995119869709
angle,1780569802289995359,2.0299999713897705,0,0.009999861940741539
angle,1780569802299995747,2.0299999713897705,0,0.010000036098062992
angle,1780569802309995886,2.0299999713897705,0,0.00999988242983818
angle,1780569802319996086,2.0299999713897705,0,0.009999943897128105
angle,1780569802329996641,2.0299999713897705,0,0.009999975562095642
angle,1780569802339996601,2.0299999713897705,0,0.00999998115003109
angle,1780569802349997071,2.0299999713897705,0,0.009999970905482769
angle,1780569802359996927,2.0299999713897705,0,0.009999970905482769
angle,1780569802369997978,2.0299999713897705,0,0.009999945759773254
angle,1780569802379997568,2.0299999713897705,0,0.009999916888773441
angle,1780569802389997942,2.0299999713897705,0,0.009999946691095829
angle,1780569802399997935,2.0299999713897705,0,0.009999940171837807
angle,1780569802409998079,2.0299999713897705,0,0.009999956004321575
angle,1780569802419998553,2.0299999713897705,0,0.009999974630773067
angle,1780569802429998673,2.0299999713897705,0,0.00999998115003109
angle,1780569802439998722,2.0299999713897705,0,0.009999941103160381
angle,1780569802449999046,2.0299999713897705,0,0.009999994188547134
angle,1780569802459999714,2.0299999713897705,0,0.010000006295740604
angle,1780569802469999606,2.0299999713897705,0,0.009999965317547321
angle,1780569802479999887,2.0299999713897705,0,0.009999972768127918
angle,1780569802490000002,2.0299999713897705,0,0.009999978356063366
angle,1780569802500000625,2.0299999713897705,0,0.010000010952353477
angle,1780569802511577146,2.0299999713897705,0,0.011575882323086262
angle,1780569802521577238,2.0299999713897705,0,0.00999972689896822
angle,1780569802531577374,2.0299999713897705,0,0.009999943897128105
angle,1780569802541577788,2.0299999713897705,0,0.009999996982514858
angle,1780569802551578038,2.0299999713897705,0,0.009999984875321388
angle,1780569802561578423,2.0299999713897705,0,0.009999990463256836
angle,1780569802571580182,2.0299999713897705,0,0.009999959729611874
angle,1780569802581578786,2.0299999713897705,0,0.010000004433095455
angle,1780569802591579200,2.0299999713897705,0,0.009999953210353851
angle,1780569802601579797,2.0299999713897705,0,0.00999999325722456
angle,1780569802611579512,2.0299999713897705,0,0.009999995119869709
angle,1780569802621580282,2.0299999713897705,0,0.009999988600611687
angle,1780569802631579987,2.0299999713897705,0,0.009999903850257397
angle,1780569802641580179,2.0299999713897705,0,0.00999994296580553
angle,1780569802651580389,2.0299999713897705,0,0.009999983943998814
angle,1780569802661580722,2.0299999713897705,0,0.00999999139457941
angle,1780569802671581054,2.0299999713897705,0,0.010000000707805157
angle,1780569802681581154,2.0299999713897705,0,0.00999999139457941
angle,1780569802691581933,2.0299999713897705,0,0.010000004433095455
angle,1780569802701581762,2.0299999713897705,0,0.00999999325722456
angle,1780569802711582413,2.0299999713897705,0,0.009999951347708702
angle,1780569802721582579,2.0299999713897705,0,0.00999994296580553
angle,1780569802731582516,2.0299999713897705,0,0.009999998845160007
angle,1780569802741582778,2.0299999713897705,0,0.009999977424740791
angle,1780569802751582892,2.0299999713897705,0,0.00999997928738594
angle,1780569802761583510,2.0299999713897705,0,0.009999968111515045
angle,1780569802771583464,2.0299999713897705,0,0.009999945759773254
angle,1780569802781584164,2.0299999713897705,0,0.009999937377870083
angle,1780569802791583853,2.0299999713897705,0,0.009999934583902359
angle,1780569802801584502,2.0299999713897705,0,0.010000004433095455
angle,1780569802811584691,2.0299999713897705,0,0.009999969974160194
angle,1780569802821585148,2.0299999713897705,0,0.010000002570450306
angle,1780569802831585095,2.0299999713897705,0,0.009999996051192284
angle,1780569802841585358,2.0299999713897705,0,0.009999974630773067
angle,1780569802851585812,2.0299999713897705,0,0.009999942034482956
angle,1780569802861585675,2.0299999713897705,0,0.009999968111515045
angle,1780569802871586048,2.0299999713897705,0,0.009999975562095642
angle,1780569802881586228,2.0299999713897705,0,0.009999990463256836
angle,1780569802891586805,2.0299999713897705,0,0.010000010021030903
angle,1780569802901587860,2.0299999713897705,0,0.009999996982514858
angle,1780569802911587256,2.0299999713897705,0,0.009999938309192657
angle,1780569802921587949,2.0299999713897705,0,0.009999994188547134
angle,1780569802931587866,2.0299999713897705,0,0.00999993085861206
angle,1780569802941588036,2.0299999713897705,0,0.009999995119869709
angle,1780569802951588503,2.0299999713897705,0,0.00999995693564415
angle,1780569802961591021,2.0299999713897705,0,0.009999936446547508
angle,1780569802971590578,2.0299999713897705,0,0.009999890811741352
angle,1780569802981590018,2.0299999713897705,0,0.009999927133321762
angle,1780569802991589414,2.0299999713897705,0,0.009999899193644524
angle,1780569803001589546,2.0299999713897705,0,0.009999965317547321
angle,1780569803011590002,2.0299999713897705,0,0.010000009089708328
angle,1780569803021590121,2.0299999713897705,0,0.00999999139457941
angle,1780569803031591161,2.0299999713897705,0,0.010000006295740604
angle,1780569803041590368,2.0299999713897705,0,0.009999948553740978
angle,1780569803051590587,2.0299999713897705,0,0.009999972768127918
angle,1780569803061590869,2.0299999713897705,0,0.009999943897128105
angle,1780569803071591369,2.0299999713897705,0,0.009999987669289112
angle,1780569803081591434,2.0299999713897705,0,0.009999974630773067
angle,1780569803091591257,2.0299999713897705,0,0.009999951347708702
angle,1780569803101591783,2.0299999713897705,0,0.009999958798289299
angle,1780569803111592058,2.0299999713897705,0,0.009999958798289299
angle,1780569803121592467,2.0299999713897705,0,0.00999997928738594
angle,1780569803131592276,2.0299999713897705,0,0.009999951347708702
angle,1780569803141592619,2.0299999713897705,0,0.009999964386224747
angle,1780569803151593043,2.0299999713897705,0,0.010000002570450306
angle,1780569803161593487,2.0299999713897705,0,0.009999934583902359
angle,1780569803171593292,2.0299999713897705,0,0.009999961592257023
angle,1780569803181593484,2.0299999713897705,0,0.009999933652579784
angle,1780569803191593969,2.0299999713897705,0,0.009999999776482582
angle,1780569803201594134,2.0299999713897705,0,0.009999939240515232
angle,1780569803211594309,2.0299999713897705,0,0.00999997928738594
angle,1780569803221595711,2.0299999713897705,0,0.010000037029385567
angle,1780569803231595020,2.0299999713897705,0,0.009999917820096016
angle,1780569803241594959,2.0299999713897705,0,0.009999961592257023
angle,1780569803251595545,2.0299999713897705,0,0.009999968111515045
angle,1780569803261595469,2.0299999713897705,0,0.009999956004321575
angle,1780569803271595626,2.0299999713897705,0,0.009999987669289112
angle,1780569803281596156,2.0299999713897705,0,0.009999963454902172
angle,1780569803291596629,2.0299999713897705,0,0.009999947622418404
angle,1780569803301596422,2.0299999713897705,0,0.009999958798289299
angle,1780569803311596889,2.0299999713897705,0,0.009999968111515045
angle,1780569803321597152,2.0299999713897705,0,0.009999915957450867
angle,1780569803331597071,2.0299999713897705,0,0.009999940171837807
angle,1780569803341597238,2.0299999713897705,0,0.00999995693564415
angle,1780569803351597512,2.0299999713897705,0,0.009999994188547134
angle,1780569803361597769,2.0299999713897705,0,0.009999965317547321
angle,1780569803371598117,2.0299999713897705,0,0.009999939240515232
angle,1780569803381598558,2.0299999713897705,0,0.009999997913837433
angle,1780569803391598599,2.0299999713897705,0,0.009999992325901985
angle,1780569803401598692,2.0299999713897705,0,0.009999952279031277
angle,1780569803411599273,2.0299999713897705,0,0.009999978356063366
angle,1780569803421599201,2.0299999713897705,0,0.009999983012676239
angle,1780569803431599437,2.0299999713897705,0,0.009999972768127918
angle,1780569803441599628,2.0299999713897705,0,0.009999940171837807
angle,1780569803451599828,2.0299999713897705,0,0.009999948553740978
angle,1780569803461600041,2.0299999713897705,0,0.009999982081353664
angle,1780569803471600589,2.0299999713897705,0,0.010000001639127731
angle,1780569803481600514,2.0299999713897705,0,0.010000006295740604
angle,1780569803491602757,2.0299999713897705,0,0.009999946691095829
angle,1780569803501601050,2.0299999713897705,0,0.0099997129291296
angle,1780569803511601563,2.0299999713897705,0,0.009999999776482582
angle,1780569803521601583,2.0299999713897705,0,0.009999901056289673
angle,1780569803533300411,2.0299999713897705,0,0.01169818639755249
angle,1780569803543300666,2.0299999713897705,0,0.00999992061406374
angle,1780569803553300954,2.0299999713897705,0,0.009999996051192284
angle,1780569803563301179,2.0299999713897705,0,0.010000004433095455
angle,1780569803573303269,2.0299999713897705,0,0.009999951347708702
angle,1780569803583301653,2.0299999713897705,0,0.009999983943998814
angle,1780569803593302350,2.0299999713897705,0,0.009999986737966537
angle,1780569803603302359,2.0299999713897705,0,0.009999878704547882
angle,1780569803613302411,2.0299999713897705,0,0.009999980218708515
angle,1780569803623302870,2.0299999713897705,0,0.00999999139457941
angle,1780569803633303168,2.0299999713897705,0,0.009999931789934635
angle,1780569803643303062,2.0299999713897705,0,0.009999939240515232
angle,1780569803653303144,2.0299999713897705,0,0.009999951347708702
angle,1780569803663303493,2.0299999713897705,0,0.009999996982514858
angle,1780569803673305724,2.0299999713897705,0,0.009999992325901985
angle,1780569803683303992,2.0299999713897705,0,0.009999836795032024
angle,1780569803693304199,2.0299999713897705,0,0.00999996718019247
angle,1780569803703304560,2.0299999713897705,0,0.010000001639127731
angle,1780569803713304771,2.0299999713897705,0,0.009999951347708702
angle,1780569803723305144,2.0299999713897705,0,0.009999938309192657
angle,1780569803733305110,2.0299999713897705,0,0.009999909438192844
angle,1780569803743305502,2.0299999713897705,0,0.009999973699450493
angle,1780569803753305464,2.0299999713897705,0,0.010000001639127731
angle,1780569803763305832,2.0299999713897705,0,0.01000000536441803
angle,1780569803773306055,2.0299999713897705,0,0.009999957866966724
angle,1780569803783306338,2.0299999713897705,0,0.009999978356063366
angle,1780569803793306626,2.0299999713897705,0,0.010000006295740604
angle,1780569803803306928,2.0299999713897705,0,0.009999963454902172
angle,1780569803813307530,2.0299999713897705,0,0.009999974630773067
angle,1780569803823307641,2.0299999713897705,0,0.009999983943998814
angle,1780569803833307664,2.0299999713897705,0,0.009999926201999187
angle,1780569803843308051,2.0299999713897705,0,0.009999998845160007
angle,1780569803853308323,2.0299999713897705,0,0.010000000707805157
angle,1780569803863308430,2.0299999713897705,0,0.009999990463256836
angle,1780569803873308814,2.0299999713897705,0,0.009999966248869896
angle,1780569803883309177,2.0299999713897705,0,0.009999988600611687
angle,1780569803893309336,2.0299999713897705,0,0.009999974630773067
angle,1780569803903309766,2.0299999713897705,0,0.009999942034482956
angle,1780569803913309907,2.0299999713897705,0,0.009999964386224747
angle,1780569803923310798,2.0299999713897705,0,0.009999875910580158
angle,1780569803933310530,2.0299999713897705,0,0.009999996051192284
angle,1780569803943310297,2.0299999713897705,0,0.009999961592257023
angle,1780569803953310615,2.0299999713897705,0,0.009999980218708515
angle,1780569803963310792,2.0299999713897705,0,0.009999996051192284
angle,1780569803973313224,2.0299999713897705,0,0.010000000707805157
angle,1780569803983311496,2.0299999713897705,0,0.009999874047935009
angle,1780569803993312362,2.0299999713897705,0,0.009999952279031277
angle,1780569804003311951,2.0299999713897705,0,0.009999901056289673
angle,1780569804013312639,2.0299999713897705,0,0.009999984875321388
angle,1780569804023312356,2.0299999713897705,0,0.009999927133321762
angle,1780569804033313409,2.0299999713897705,0,0.009999983012676239
angle,1780569804043312689,2.0299999713897705,0,0.009999905712902546
angle,1780569804053312862,2.0299999713897705,0,0.00999994482845068
angle,1780569804063313153,2.0299999713897705,0,0.009999943897128105
angle,1780569804073313490,2.0299999713897705,0,0.009999960660934448
angle,1780569804083313931,2.0299999713897705,0,0.00999997928738594
angle,1780569804093314392,2.0299999713897705,0,0.009999973699450493
angle,1780569804103314171,2.0299999713897705,0,0.00999994482845068
angle,1780569804113314473,2.0299999713897705,0,0.010000000707805157
angle,1780569804123314763,2.0299999713897705,0,0.009999968111515045
angle,1780569804133315149,2.0299999713897705,0,0.010000004433095455
angle,1780569804143315154,2.0299999713897705,0,0.009999996051192284
angle,1780569804153315306,2.0299999713897705,0,0.00999996718019247
angle,1780569804163315435,2.0299999713897705,0,0.009999947622418404
angle,1780569804173315622,2.0299999713897705,0,0.00999994482845068
angle,1780569804183315869,2.0299999713897705,0,0.009999938309192657
angle,1780569804193316385,2.0299999713897705,0,0.009999955072999
angle,1780569804203316559,2.0299999713897705,0,0.009999977424740791
angle,1780569804213316859,2.0299999713897705,0,0.009999992325901985
angle,1780569804223317296,2.0299999713897705,0,0.009999971836805344
angle,1780569804233317408,2.0299999713897705,0,0.009999983012676239
angle,1780569804243317400,2.0299999713897705,0,0.00999993272125721
angle,1780569804253317648,2.0299999713897705,0,0.009999996051192284
angle,1780569804263317954,2.0299999713897705,0,0.010000009089708328
angle,1780569804273318359,2.0299999713897705,0,0.010000009089708328
angle,1780569804283318693,2.0299999713897705,0,0.009999924339354038
angle,1780569804293318662,2.0299999713897705,0,0.009999996051192284
angle,1780569804303318939,2.0299999713897705,0,0.010000009089708328
angle,1780569804313319608,2.0299999713897705,0,0.009999946691095829
angle,1780569804323319315,2.0299999713897705,0,0.009999928064644337
angle,1780569804333319889,2.0299999713897705,0,0.009999942034482956
angle,1780569804343320115,2.0299999713897705,0,0.009999973699450493
angle,1780569804353320170,2.0299999713897705,0,0.00999995693564415
angle,1780569804363320426,2.0299999713897705,0,0.009999946691095829
angle,1780569804373320639,2.0299999713897705,0,0.009999975562095642
angle,1780569804383321139,2.0299999713897705,0,0.009999983943998814
angle,1780569804393321068,2.0299999713897705,0,0.00999989453703165
angle,1780569804403322864,2.0299999713897705,0,0.009999970905482769
angle,1780569804413323117,2.0299999713897705,0,0.009999907575547695
angle,1780569804423322100,2.0299999713897705,0,0.009999919682741165
angle,1780569804433322143,2.0299999713897705,0,0.009999968111515045
angle,1780569804443322559,2.0299999713897705,0,0.009999997913837433
angle,1780569804453322488,2.0299999713897705,0,0.00999996904283762
angle,1780569804463322689,2.0299999713897705,0,0.009999937377870083
angle,1780569804473322942,2.0299999713897705,0,0.009999972768127918
angle,1780569804483323317,2.0299999713897705,0,0.009999969974160194
angle,1780569804493323505,2.0299999713897705,0,0.00999999139457941
angle,1780569804503323814,2.0299999713897705,0,0.009999956004321575
angle,1780569804513323951,2.0299999713897705,0,0.00999997928738594
angle,1780569804523324079,2.0299999713897705,0,0.009999968111515045
angle,1780569804533325452,2.0299999713897705,0,0.00999997928738594
angle,1780569804543324514,2.0299999713897705,0,0.009999889880418777
angle,1780569804553324679,2.0299999713897705,0,0.009999943897128105
angle,1780569804563324922,2.0299999713897705,0,0.00999994296580553
angle,1780569804573326639,2.0299999713897705,0,0.009999940171837807
angle,1780569804583325444,2.0299999713897705,0,0.009999897330999374
angle,1780569804593325947,2.0299999713897705,0,0.009999965317547321
angle,1780569804603325856,2.0299999713897705,0,0.009999957866966724
angle,1780569804613326155,2.0299999713897705,0,0.010000000707805157
angle,1780569804623326189,2.0299999713897705,0,0.009999954141676426
angle,1780569804633326886,2.0299999713897705,0,0.009999986737966537
angle,1780569804643326878,2.0299999713897705,0,0.009999978356063366
angle,1780569804653327017,2.0299999713897705,0,0.010000009089708328
angle,1780569804663327353,2.0299999713897705,0,0.010000006295740604
angle,1780569804673327679,2.0299999713897705,0,0.00999999325722456
angle,1780569804683327744,2.0299999713897705,0,0.009999940171837807
angle,1780569804693328049,2.0299999713897705,0,0.009999990463256836
angle,1780569804703328488,2.0299999713897705,0,0.00999996718019247
angle,1780569804713328534,2.0299999713897705,0,0.00999999139457941
angle,1780569804723329110,2.0299999713897705,0,0.009999985806643963
angle,1780569804733329134,2.0299999713897705,0,0.009999998845160007
angle,1780569804743329287,2.0299999713897705,0,0.009999968111515045
angle,1780569804753329937,2.0299999713897705,0,0.009999970905482769
angle,1780569804763330041,2.0299999713897705,0,0.009999934583902359
angle,1780569804773329812,2.0299999713897705,0,0.010000004433095455
angle,1780569804783329904,2.0299999713897705,0,0.009999972768127918
angle,1780569804793331610,2.0299999713897705,0,0.009999952279031277
angle,1780569804803330526,2.0299999713897705,0,0.00999991875141859
angle,1780569804813330665,2.0299999713897705,0,0.010000006295740604
angle,1780569804823331239,2.0299999713897705,0,0.009999959729611874
angle,1780569804833331416,2.0299999713897705,0,0.009999956004321575
angle,1780569804843331799,2.0299999713897705,0,0.00999994482845068
angle,1780569804853331960,2.0299999713897705,0,0.010000004433095455
angle,1780569804863333828,2.0299999713897705,0,0.009999945759773254
angle,1780569804873332413,2.0299999713897705,0,0.009999905712902546
angle,1780569804883332430,2.0299999713897705,0,0.00999994296580553
angle,1780569804893332681,2.0299999713897705,0,0.009999970905482769
angle,1780569804903332911,2.0299999713897705,0,0.00999999139457941
angle,1780569804913333194,2.0299999713897705,0,0.009999977424740791
angle,1780569804923335010,2.0299999713897705,0,0.009999939240515232
angle,1780569804933334063,2.0299999713897705,0,0.009999925270676613
angle,1780569804943333883,2.0299999713897705,0,0.00999994296580553
angle,1780569804953333984,2.0299999713897705,0,0.009999975562095642
angle,1780569804963334505,2.0299999713897705,0,0.009999972768127918
angle,1780569804973335231,2.0299999713897705,0,0.00999999139457941
angle,1780569804983335122,2.0299999713897705,0,0.009999892674386501
angle,1780569804993335328,2.0299999713897705,0,0.009999983943998814
angle,1780569805003335443,2.0299999713897705,0,0.009999856352806091
angle,1780569805013335461,2.0299999713897705,0,0.009999975562095642
angle,1780569805023336074,2.0299999713897705,0,0.009999992325901985
angle,1780569805033336535,2.0299999713897705,0,0.009999971836805344
angle,1780569805043336237,2.0299999713897705,0,0.009999950416386127
angle,1780569805053336479,2.0299999713897705,0,0.009999934583902359
angle,1780569805063336661,2.0299999713897705,0,0.009999955072999
angle,1780569805073337330,2.0299999713897705,0,0.009999985806643963
angle,1780569805083337367,2.0299999713897705,0,0.009999997913837433
angle,1780569805093337504,2.0299999713897705,0,0.010000002570450306
angle,1780569805103337993,2.0299999713897705,0,0.009999985806643963
angle,1780569805113338016,2.0299999713897705,0,0.010000002570450306
angle,1780569805123338424,2.0299999713897705,0,0.010000008158385754
angle,1780569805133338689,2.0299999713897705,0,0.009999990463256836
angle,1780569805143338727,2.0299999713897705,0,0.00999994296580553
angle,1780569805153339070,2.0299999713897705,0,0.009999959729611874
angle,1780569805163339772,2.0299999713897705,0,0.009999982081353664
angle,1780569805173339614,2.0299999713897705,0,0.009999988600611687
angle,1780569805183339877,2.0299999713897705,0,0.009999973699450493
angle,1780569805193340128,2.0299999713897705,0,0.009999980218708515
angle,1780569805203340287,2.0299999713897705,0,0.009999961592257023
angle,1780569805213340473,2.0299999713897705,0,0.009999946691095829
angle,1780569805223340966,2.0299999713897705,0,0.009999940171837807
angle,1780569805233341263,2.0299999713897705,0,0.009999940171837807
angle,1780569805243341378,2.0299999713897705,0,0.009999916888773441
angle,1780569805253341759,2.0299999713897705,0,0.009999956004321575
angle,1780569805263341611,2.0299999713897705,0,0.009999961592257023
angle,1780569805273342079,2.0299999713897705,0,0.009999954141676426
angle,1780569805283342342,2.0299999713897705,0,0.009999980218708515
angle,1780569805293342594,2.0299999713897705,0,0.009999974630773067
angle,1780569805303342928,2.0299999713897705,0,0.009999986737966537
angle,1780569805313343123,2.0299999713897705,0,0.009999986737966537
angle,1780569805323343746,2.0299999713897705,0,0.009999996051192284
angle,1780569805333343533,2.0299999713897705,0,0.009999977424740791
angle,1780569805343344311,2.0299999713897705,0,0.009999966248869896
angle,1780569805353344193,2.0299999713897705,0,0.009999984875321388
angle,1780569805363344693,2.0299999713897705,0,0.010000011883676052
angle,1780569805373344797,2.0299999713897705,0,0.009999902918934822
angle,1780569805383344925,2.0299999713897705,0,0.00999997928738594
angle,1780569805393345235,2.0299999713897705,0,0.00999999325722456
angle,1780569805403345346,2.0299999713897705,0,0.00999999325722456
angle,1780569805413345653,2.0299999713897705,0,0.009999968111515045
angle,1780569805423346072,2.0299999713897705,0,0.009999947622418404
angle,1780569805433346685,2.0299999713897705,0,0.009999877773225307
angle,1780569805443346517,2.0299999713897705,0,0.00999993085861206
angle,1780569805453346537,2.0299999713897705,0,0.009999941103160381
angle,1780569805463346813,2.0299999713897705,0,0.00999994482845068
angle,1780569805473347250,2.0299999713897705,0,0.00999999139457941
angle,1780569805483347417,2.0299999713897705,0,0.009999986737966537
angle,1780569805493350641,2.0299999713897705,0,0.00999996904283762
angle,1780569805503348136,2.0299999713897705,0,0.009999892674386501
angle,1780569805513348394,2.0299999713897705,0,0.00999995693564415
angle,1780569805523348351,2.0299999713897705,0,0.009999966248869896
angle,1780569805533348570,2.0299999713897705,0,0.009999948553740978
angle,1780569805543348766,2.0299999713897705,0,0.009999985806643963
angle,1780569805553349073,2.0299999713897705,0,0.009999983943998814
angle,1780569805563349304,2.0299999713897705,0,0.00999999325722456
angle,1780569805573351464,2.0299999713897705,0,0.009999953210353851
angle,1780569805583350444,2.0299999713897705,0,0.009999891743063927
angle,1780569805593350016,2.0299999713897705,0,0.009999978356063366
angle,1780569805603350298,2.0299999713897705,0,0.010000000707805157
angle,1780569805613350514,2.0299999713897705,0,0.010000000707805157
angle,1780569805623351535,2.0299999713897705,0,0.009999948553740978
angle,1780569805633351010,2.0299999713897705,0,0.009999945759773254
angle,1780569805643351319,2.0299999713897705,0,0.009999980218708515
angle,1780569805653351344,2.0299999713897705,0,0.009999938309192657
angle,1780569805663351930,2.0299999713897705,0,0.009999996982514858
angle,1780569805673352089,2.0299999713897705,0,0.00999999325722456
angle,1780569805683352333,2.0299999713897705,0,0.010000006295740604
angle,1780569805693352472,2.0299999713897705,0,0.009999942034482956
angle,1780569805703352589,2.0299999713897705,0,0.009999957866966724
angle,1780569805713352779,2.0299999713897705,0,0.009999974630773067
angle,1780569805723354628,2.0299999713897705,0,0.009999990463256836
angle,1780569805733353229,2.0299999713897705,0,0.009999886155128479
angle,1780569805743353843,2.0299999713897705,0,0.009999977424740791
angle,1780569805753353828,2.0299999713897705,0,0.009999945759773254
angle,1780569805763354575,2.0299999713897705,0,0.009999938309192657
angle,1780569805773354302,2.0299999713897705,0,0.009999980218708515
angle,1780569805783354536,2.0299999713897705,0,0.009999921545386314
angle,1780569805793354713,2.0299999713897705,0,0.009999996051192284
angle,1780569805803355508,2.0299999713897705,0,0.00999994482845068
angle,1780569805813355338,2.0299999713897705,0,0.010000008158385754
angle,1780569805823355706,2.0299999713897705,0,0.009999998845160007
angle,1780569805833355739,2.0299999713897705,0,0.00999996718019247
angle,1780569805843356008,2.0299999713897705,0,0.009999996051192284
angle,1780569805853356827,2.0299999713897705,0,0.00999994296580553
angle,1780569805863356393,2.0299999713897705,0,0.009999978356063366
angle,1780569805873356776,2.0299999713897705,0,0.010000002570450306
angle,1780569805883357265,2.0299999713897705,0,0.009999943897128105
angle,1780569805893357515,2.0299999713897705,0,0.00999989453703165
angle,1780569805903357556,2.0299999713897705,0,0.009999988600611687
angle,1780569805913357526,2.0299999713897705,0,0.009999945759773254
angle,1780569805923359026,2.0299999713897705,0,0.009999960660934448
angle,1780569805933358276,2.0299999713897705,0,0.009999871253967285
angle,1780569805943358797,2.0299999713897705,0,0.009999983012676239
angle,1780569805953358651,2.0299999713897705,0,0.009999898262321949
angle,1780569805963358738,2.0299999713897705,0,0.009999980218708515
angle,1780569805973361199,2.0299999713897705,0,0.00999994296580553
angle,1780569805983359300,2.0299999713897705,0,0.009999923408031464
angle,1780569805993359734,2.0299999713897705,0,0.009999960660934448
angle,1780569806003359764,2.0299999713897705,0,0.009999891743063927
angle,1780569806013360116,2.0299999713897705,0,0.009999943897128105
angle,1780569806023360272,2.0299999713897705,0,0.009999876841902733
angle,1780569806033360999,2.0299999713897705,0,0.00999999139457941
angle,1780569806043360791,2.0299999713897705,0,0.009999984875321388
angle,1780569806053361028,2.0299999713897705,0,0.009999948553740978
angle,1780569806063361136,2.0299999713897705,0,0.009999996982514858
angle,1780569806073361333,2.0299999713897705,0,0.009999943897128105
angle,1780569806083361619,2.0299999713897705,0,0.00999999139457941
angle,1780569806093362163,2.0299999713897705,0,0.009999968111515045
angle,1780569806103362119,2.0299999713897705,0,0.00999995693564415
angle,1780569806113362197,2.0299999713897705,0,0.009999995119869709
angle,1780569806123362753,2.0299999713897705,0,0.009999963454902172
angle,1780569806133362960,2.0299999713897705,0,0.009999928995966911
angle,1780569806143363584,2.0299999713897705,0,0.00999998115003109
angle,1780569806153365402,2.0299999713897705,0,0.009999917820096016
angle,1780569806163365720,2.0299999713897705,0,0.009999960660934448
angle,1780569806173365035,2.0299999713897705,0,0.009999866597354412
angle,1780569806183364200,2.0299999713897705,0,0.00999993272125721
angle,1780569806193364601,2.0299999713897705,0,0.00999999325722456
angle,1780569806203365129,2.0299999713897705,0,0.010000008158385754
angle,1780569806213367643,2.0299999713897705,0,0.009999940171837807
angle,1780569806223367254,2.0299999713897705,0,0.009999946691095829
angle,1780569806233367495,2.0299999713897705,0,0.009999937377870083
angle,1780569806243366167,2.0299999713897705,0,0.00999987218528986
angle,1780569806253367373,2.0299999713897705,0,0.00999996718019247
angle,1780569806263366553,2.0299999713897705,0,0.009999864734709263
angle,1780569806273367169,2.0299999713897705,0,0.009999999776482582
angle,1780569806283367195,2.0299999713897705,0,0.010000002570450306
angle,1780569806293367313,2.0299999713897705,0,0.009999947622418404
angle,1780569806303386849,2.0299999713897705,0,0.00999997928738594
angle,1780569806313367864,2.0299999713897705,0,0.00999988429248333
angle,1780569806323368324,2.0299999713897705,0,0.009999999776482582
angle,1780569806333368324,2.0299999713897705,0,0.009999941103160381
angle,1780569806343368874,2.0299999713897705,0,0.009999974630773067
angle,1780569806353368712,2.0299999713897705,0,0.009999973699450493
angle,1780569806363369437,2.0299999713897705,0,0.009999972768127918
angle,1780569806373369657,2.0299999713897705,0,0.01000000536441803
angle,1780569806383369616,2.0299999713897705,0,0.009999943897128105
angle,1780569806393370170,2.0299999713897705,0,0.009999938309192657
angle,1780569806403370325,2.0299999713897705,0,0.009999953210353851
angle,1780569806413370223,2.0299999713897705,0,0.009999985806643963
angle,1780569806423370804,2.0299999713897705,0,0.009999987669289112
angle,1780569806433370929,2.0299999713897705,0,0.009999971836805344
angle,1780569806443371782,2.0299999713897705,0,0.009999947622418404
angle,1780569806453371603,2.0299999713897705,0,0.009999968111515045
angle,1780569806463371452,2.0299999713897705,0,0.009999951347708702
angle,1780569806473371740,2.0299999713897705,0,0.009999958798289299
angle,1780569806483372015,2.0299999713897705,0,0.009999950416386127
angle,1780569806493372419,2.0299999713897705,0,0.009999951347708702
angle,1780569806503372534,2.0299999713897705,0,0.009999970905482769
angle,1780569806513372644,2.0299999713897705,0,0.00999996718019247
angle,1780569806523372931,2.0299999713897705,0,0.009999996051192284
angle,1780569806533373202,2.0299999713897705,0,0.009999936446547508
angle,1780569806543374237,2.0299999713897705,0,0.01000002771615982
angle,1780569806553373659,2.0299999713897705,0,0.009999916888773441
angle,1780569806563373991,2.0299999713897705,0,0.00999994482845068
angle,1780569806573374158,2.0299999713897705,0,0.009999939240515232
angle,1780569806583376641,2.0299999713897705,0,0.009999990463256836
angle,1780569806593374609,2.0299999713897705,0,0.009999921545386314
angle,1780569806603374757,2.0299999713897705,0,0.009999959729611874
angle,1780569806613375356,2.0299999713897705,0,0.009999969974160194
angle,1780569806623375220,2.0299999713897705,0,0.009999999776482582
angle,1780569806633375561,2.0299999713897705,0,0.009999975562095642
angle,1780569806643376252,2.0299999713897705,0,0.009999941103160381
angle,1780569806653376106,2.0299999713897705,0,0.009999939240515232
angle,1780569806663376193,2.0299999713897705,0,0.010000014677643776
angle,1780569806673376392,2.0299999713897705,0,0.009999998845160007
angle,1780569806683376715,2.0299999713897705,0,0.010000002570450306
angle,1780569806693377117,2.0299999713897705,0,0.009999983943998814
angle,1780569806703377267,2.0299999713897705,0,0.009999994188547134
angle,1780569806713377398,2.0299999713897705,0,0.009999952279031277
angle,1780569806723377548,2.0299999713897705,0,0.009999961592257023
angle,1780569806733378167,2.0299999713897705,0,0.010000007227063179
angle,1780569806743378520,2.0299999713897705,0,0.009999984875321388
angle,1780569806753378409,2.0299999713897705,0,0.009999961592257023
angle,1780569806763378548,2.0299999713897705,0,0.009999937377870083
angle,1780569806773379110,2.0299999713897705,0,0.009999994188547134
angle,1780569806783379068,2.0299999713897705,0,0.009999951347708702
angle,1780569806793379279,2.0299999713897705,0,0.009999985806643963
angle,1780569806803379443,2.0299999713897705,0,0.009999948553740978
angle,1780569806813380002,2.0299999713897705,0,0.009999956004321575
angle,1780569806823380134,2.0299999713897705,0,0.00999999139457941
angle,1780569806833380810,2.0299999713897705,0,0.009999986737966537
angle,1780569806843380657,2.0299999713897705,0,0.009999987669289112
angle,1780569806853381127,2.0299999713897705,0,0.009999996982514858
angle,1780569806863381071,2.0299999713897705,0,0.01000000536441803
angle,1780569806873381417,2.0299999713897705,0,0.01000001560896635
angle,1780569806883382170,2.0299999713897705,0,0.009999980218708515
angle,1780569806893381840,2.0299999713897705,0,0.009999946691095829
angle,1780569806903382116,2.0299999713897705,0,0.009999954141676426
angle,1780569806913382261,2.0299999713897705,0,0.009999999776482582
angle,1780569806923383268,2.0299999713897705,0,0.010000008158385754
angle,1780569806933383270,2.0299999713897705,0,0.009999934583902359
angle,1780569806943383084,2.0299999713897705,0,0.009999960660934448
angle,1780569806953383257,2.0299999713897705,0,0.009999952279031277
angle,1780569806963383446,2.0299999713897705,0,0.009999998845160007
angle,1780569806973388950,2.0299999713897705,0,0.009999954141676426
angle,1780569806983383996,2.0299999713897705,0,0.01000000536441803
angle,1780569806993384012,2.0299999713897705,0,0.009999970905482769
angle,1780569807003384765,2.0299999713897705,0,0.009999959729611874
angle,1780569807013385135,2.0299999713897705,0,0.009999995119869709
angle,1780569807023384773,2.0299999713897705,0,0.00999994482845068
angle,1780569807033385069,2.0299999713897705,0,0.009999999776482582
angle,1780569807043385232,2.0299999713897705,0,0.009999943897128105
angle,1780569807053385932,2.0299999713897705,0,0.01000000536441803
angle,1780569807063385900,2.0299999713897705,0,0.009999999776482582
angle,1780569807073386156,2.0299999713897705,0,0.009999956004321575
angle,1780569807083386381,2.0299999713897705,0,0.009999958798289299
angle,1780569807093387119,2.0299999713897705,0,0.010000010021030903
angle,1780569807103387215,2.0299999713897705,0,0.009999947622418404
angle,1780569807113387213,2.0299999713897705,0,0.009999961592257023
angle,1780569807123387469,2.0299999713897705,0,0.00999999325722456
angle,1780569807133387874,2.0299999713897705,0,0.009999961592257023
angle,1780569807143388052,2.0299999713897705,0,0.009999986737966537
angle,1780569807153388667,2.0299999713897705,0,0.00999995693564415
angle,1780569807163388645,2.0299999713897705,0,0.009999990463256836
angle,1780569807173388865,2.0299999713897705,0,0.009999936446547508
angle,1780569807183389009,2.0299999713897705,0,0.009999985806643963
angle,1780569807193389530,2.0299999713897705,0,0.009999955072999
angle,1780569807203389361,2.0299999713897705,0,0.009999952279031277
angle,1780569807213389592,2.0299999713897705,0,0.009999947622418404
angle,1780569807223390032,2.0299999713897705,0,0.010000006295740604
angle,1780569807233390765,2.0299999713897705,0,0.009999960660934448
angle,1780569807243390614,2.0299999713897705,0,0.00999996904283762
angle,1780569807253391082,2.0299999713897705,0,0.009999947622418404
angle,1780569807263391117,2.0299999713897705,0,0.009999931789934635
angle,1780569807273391889,2.0299999713897705,0,0.010000016540288925
angle,1780569807283392171,2.0299999713897705,0,0.009999891743063927
angle,1780569807293392078,2.0299999713897705,0,0.010000007227063179
angle,1780569807303392142,2.0299999713897705,0,0.009999987669289112
angle,1780569807313392377,2.0299999713897705,0,0.009999936446547508
angle,1780569807323392866,2.0299999713897705,0,0.00999997928738594
angle,1780569807333393466,2.0299999713897705,0,0.010000006295740604
angle,1780569807343393443,2.0299999713897705,0,0.00999997928738594
angle,1780569807353393853,2.0299999713897705,0,0.009999937377870083
angle,1780569807363394013,2.0299999713897705,0,0.009999915026128292
angle,1780569807373394420,2.0299999713897705,0,0.009999943897128105
angle,1780569807383394536,2.0299999713897705,0,0.00999997928738594
angle,1780569807393394535,2.0299999713897705,0,0.009999883361160755
angle,1780569807403394839,2.0299999713897705,0,0.009999996051192284
angle,1780569807413395430,2.0299999713897705,0,0.009999984875321388
angle,1780569807423395521,2.0299999713897705,0,0.00999993272125721
angle,1780569807433395748,2.0299999713897705,0,0.009999945759773254
angle,1780569807443395830,2.0299999713897705,0,0.009999984875321388
angle,1780569807453396243,2.0299999713897705,0,0.00999995693564415
angle,1780569807463396715,2.0299999713897705,0,0.00999994482845068
angle,1780569807473396579,2.0299999713897705,0,0.009999953210353851
angle,1780569807483396752,2.0299999713897705,0,0.009999969974160194
angle,1780569807493396910,2.0299999713897705,0,0.009999951347708702
angle,1780569807503397430,2.0299999713897705,0,0.00999993272125721
angle,1780569807513397303,2.0299999713897705,0,0.009999977424740791
angle,1780569807523397558,2.0299999713897705,0,0.009999995119869709
angle,1780569807533398051,2.0299999713897705,0,0.00999994482845068
angle,1780569807543398185,2.0299999713897705,0,0.009999900124967098
angle,1780569807553398320,2.0299999713897705,0,0.009999973699450493
angle,1780569807563398584,2.0299999713897705,0,0.01000000536441803
angle,1780569807573398738,2.0299999713897705,0,0.009999997913837433
angle,1780569807583400464,2.0299999713897705,0,0.009999957866966724
angle,1780569807593399489,2.0299999713897705,0,0.00999993085861206
angle,1780569807603399480,2.0299999713897705,0,0.009999965317547321
angle,1780569807613399708,2.0299999713897705,0,0.009999957866966724
angle,1780569807623399929,2.0299999713897705,0,0.009999964386224747
angle,1780569807633400605,2.0299999713897705,0,0.009999963454902172
angle,1780569807643400358,2.0299999713897705,0,0.009999915026128292
angle,1780569807653400811,2.0299999713897705,0,0.009999936446547508
angle,1780569807663400751,2.0299999713897705,0,0.01000000536441803
angle,1780569807673401146,2.0299999713897705,0,0.009999954141676426
angle,1780569807683401916,2.0299999713897705,0,0.010000004433095455
angle,1780569807693401700,2.0299999713897705,0,0.009999969974160194
angle,1780569807703401842,2.0299999713897705,0,0.009999943897128105
angle,1780569807713402155,2.0299999713897705,0,0.009999988600611687
angle,1780569807723402521,2.0299999713897705,0,0.009999941103160381
angle,1780569807733402968,2.0299999713897705,0,0.00999997928738594
angle,1780569807743403116,2.0299999713897705,0,0.00999991875141859
angle,1780569807753403419,2.0299999713897705,0,0.009999996051192284
angle,1780569807763403636,2.0299999713897705,0,0.009999960660934448
angle,1780569807773404109,2.0299999713897705,0,0.010000000707805157
angle,1780569807783403923,2.0299999713897705,0,0.00999996718019247
angle,1780569807793404289,2.0299999713897705,0,0.009999994188547134
angle,1780569807803404482,2.0299999713897705,0,0.009999948553740978
angle,1780569807813404855,2.0299999713897705,0,0.009999997913837433
angle,1780569807823405266,2.0299999713897705,0,0.009999998845160007
angle,1780569807833405517,2.0299999713897705,0,0.009999966248869896
angle,1780569807843405673,2.0299999713897705,0,0.010000008158385754
angle,1780569807853406160,2.0299999713897705,0,0.009999978356063366
angle,1780569807863406382,2.0299999713897705,0,0.009999996982514858
angle,1780569807873406514,2.0299999713897705,0,0.01000000536441803
angle,1780569807883406848,2.0299999713897705,0,0.009999929927289486
angle,1780569807893406885,2.0299999713897705,0,0.009999928064644337
angle,1780569807903412435,2.0299999713897705,0,0.009999956004321575
angle,1780569807913410981,2.0299999713897705,0,0.009999996051192284
angle,1780569807923411594,2.0299999713897705,0,0.009999943897128105
angle,1780569807933411621,2.0299999713897705,0,0.009999992325901985
angle,1780569807943411281,2.0299999713897705,0,0.009999982081353664
angle,1780569807953411479,2.0299999713897705,0,0.009999968111515045
angle,1780569807963411387,2.0299999713897705,0,0.00999994482845068
angle,1780569807973415224,2.0299999713897705,0,0.010001315735280514
angle,1780569807983419695,2.0299999713897705,0,0.010003200732171535
angle,1780569807993419658,2.0299999713897705,0,0.009999965317547321
angle,1780569808003419560,2.0299999713897705,0,0.009999825619161129
angle,1780569808013419725,2.0299999713897705,0,0.009999934583902359
angle,1780569808023418940,2.0299999713897705,0,0.009999924339354038
angle,1780569808033418726,2.0299999713897705,0,0.009999868459999561
angle,1780569808043418747,2.0299999713897705,0,0.00999992061406374
angle,1780569808053418979,2.0299999713897705,0,0.009999972768127918
angle,1780569808063419190,2.0299999713897705,0,0.00999988242983818
angle,1780569808073419589,2.0299999713897705,0,0.009999972768127918
angle,1780569808083419520,2.0299999713897705,0,0.009999990463256836
angle,1780569808093419821,2.0299999713897705,0,0.00999999139457941
angle,1780569808103420068,2.0299999713897705,0,0.010000006295740604
angle,1780569808113420465,2.0299999713897705,0,0.009999931789934635
angle,1780569808123420747,2.0299999713897705,0,0.010000007227063179
angle,1780569808133421148,2.0299999713897705,0,0.010000105015933514
angle,1780569808143421257,2.0299999713897705,0,0.009999879635870457
angle,1780569808153421709,2.0299999713897705,0,0.009999956004321575
angle,1780569808163421839,2.0299999713897705,0,0.009999978356063366
angle,1780569808173421897,2.0299999713897705,0,0.00999996718019247
angle,1780569808183422178,2.0299999713897705,0,0.009999986737966537
angle,1780569808193422360,2.0299999713897705,0,0.009999978356063366
angle,1780569808203422475,2.0299999713897705,0,0.009999980218708515
angle,1780569808213422741,2.0299999713897705,0,0.009999941103160381
angle,1780569808223423146,2.0299999713897705,0,0.009999937377870083
angle,1780569808233423255,2.0299999713897705,0,0.009999947622418404
angle,1780569808243423482,2.0299999713897705,0,0.009999960660934448
angle,1780569808253424107,2.0299999713897705,0,0.009999934583902359
angle,1780569808263423830,2.0299999713897705,0,0.009999948553740978
angle,1780569808273424005,2.0299999713897705,0,0.009999997913837433
angle,1780569808283424507,2.0299999713897705,0,0.010000004433095455
angle,1780569808293424853,2.0299999713897705,0,0.009999959729611874
angle,1780569808303430541,2.0299999713897705,0,0.010005827993154526
angle,1780569808313431985,2.0299999713897705,0,0.009999961592257023
angle,1780569808323430935,2.0299999713897705,0,0.009999960660934448
angle,1780569808333431193,2.0299999713897705,0,0.010000009089708328
angle,1780569808343431571,2.0299999713897705,0,0.009999996982514858
angle,1780569808353431882,2.0299999713897705,0,0.009999941103160381
angle,1780569808363432362,2.0299999713897705,0,0.009999919682741165
angle,1780569808373432219,2.0299999713897705,0,0.009999955072999
angle,1780569808383432363,2.0299999713897705,0,0.009999947622418404
angle,1780569808393432697,2.0299999713897705,0,0.00999994482845068
angle,1780569808403432981,2.0299999713897705,0,0.009999948553740978
angle,1780569808415704321,2.0299999713897705,0,0.01227108296006918
angle,1780569808425705274,2.0299999713897705,0,0.009999946691095829
angle,1780569808435705484,2.0299999713897705,0,0.009999987669289112
angle,1780569808445705363,2.0299999713897705,0,0.009999915957450867
angle,1780569808455705551,2.0299999713897705,0,0.009999948553740978
angle,1780569808465705591,2.0299999713897705,0,0.00999997928738594
angle,1780569808475706137,2.0299999713897705,0,0.009999969974160194
angle,1780569808485706284,2.0299999713897705,0,0.009999953210353851
angle,1780569808497514161,2.0299999713897705,0,0.011807101778686047
angle,1780569808507514491,2.0299999713897705,0,0.009999939240515232
angle,1780569808517514994,2.0299999713897705,0,0.009999982081353664
angle,1780569808527515318,2.0299999713897705,0,0.009999986737966537
angle,1780569808537515609,2.0299999713897705,0,0.009999997913837433
angle,1780569808547515382,2.0299999713897705,0,0.009999936446547508
angle,1780569808557516620,2.0299999713897705,0,0.010000002570450306
angle,1780569808567515999,2.0299999713897705,0,0.009999928995966911
angle,1780569808577516314,2.0299999713897705,0,0.010000010021030903
angle,1780569808587518026,2.0299999713897705,0,0.009999963454902172
angle,1780569808597517038,2.0299999713897705,0,0.009999963454902172
angle,1780569808607516809,2.0299999713897705,0,0.009999985806643963
angle,1780569808617517565,2.0299999713897705,0,0.009999992325901985
angle,1780569808627517449,2.0299999713897705,0,0.009999999776482582
angle,1780569808637517937,2.0299999713897705,0,0.009999947622418404
angle,1780569808647517910,2.0299999713897705,0,0.009999940171837807
angle,1780569808657518064,2.0299999713897705,0,0.009999971836805344
angle,1780569808667518229,2.0299999713897705,0,0.009999972768127918
angle,1780569808677519706,2.0299999713897705,0,0.009999984875321388
angle,1780569808687518800,2.0299999713897705,0,0.009999953210353851
angle,1780569808697518852,2.0299999713897705,0,0.009999933652579784
angle,1780569808707519581,2.0299999713897705,0,0.009999957866966724
angle,1780569808717519441,2.0299999713897705,0,0.009999992325901985
angle,1780569808727519605,2.0299999713897705,0,0.009999983012676239
angle,1780569808737520000,2.0299999713897705,0,0.009999970905482769
angle,1780569808747520006,2.0299999713897705,0,0.009999974630773067
angle,1780569808757520389,2.0299999713897705,0,0.00999998115003109
angle,1780569808767520446,2.0299999713897705,0,0.009999997913837433
angle,1780569808777520669,2.0299999713897705,0,0.009999939240515232
angle,1780569808787520880,2.0299999713897705,0,0.00999999139457941
angle,1780569808797521633,2.0299999713897705,0,0.009999964386224747
angle,1780569808807521299,2.0299999713897705,0,0.009999996051192284
angle,1780569808817521633,2.0299999713897705,0,0.009999936446547508
angle,1780569808827521824,2.0299999713897705,0,0.009999969974160194
angle,1780569808837522437,2.0299999713897705,0,0.009999970905482769
angle,1780569808847522435,2.0299999713897705,0,0.009999965317547321
angle,1780569808857522698,2.0299999713897705,0,0.009999947622418404
angle,1780569808867522897,2.0299999713897705,0,0.009999907575547695
angle,1780569808877523061,2.0299999713897705,0,0.009999980218708515
angle,1780569808887523312,2.0299999713897705,0,0.009999947622418404
angle,1780569808897523857,2.0299999713897705,0,0.01000005193054676
angle,1780569808907523727,2.0299999713897705,0,0.009999952279031277
angle,1780569808917523985,2.0299999713897705,0,0.009999942034482956
angle,1780569808927525503,2.0299999713897705,0,0.010000006295740604
angle,1780569808937524538,2.0299999713897705,0,0.009999898262321949
angle,1780569808947524729,2.0299999713897705,0,0.009999933652579784
angle,1780569808957525240,2.0299999713897705,0,0.009999986737966537
angle,1780569808967525156,2.0299999713897705,0,0.010000002570450306
angle,1780569808977525743,2.0299999713897705,0,0.009999964386224747
angle,1780569808987525716,2.0299999713897705,0,0.009999907575547695
angle,1780569808997526229,2.0299999713897705,0,0.00999993272125721
angle,1780569809007527239,2.0299999713897705,0,0.009999952279031277
angle,1780569809017526647,2.0299999713897705,0,0.009999901987612247
angle,1780569809027526584,2.0299999713897705,0,0.009999983943998814
angle,1780569809037526857,2.0299999713897705,0,0.010000013746321201
angle,1780569809047527077,2.0299999713897705,0,0.009999964386224747
angle,1780569809057527525,2.0299999713897705,0,0.009999942034482956
angle,1780569809067527730,2.0299999713897705,0,0.009999956004321575
angle,1780569809077527828,2.0299999713897705,0,0.009999952279031277
angle,1780569809087527739,2.0299999713897705,0,0.009999948553740978
angle,1780569809097528103,2.0299999713897705,0,0.009999959729611874
angle,1780569809107529050,2.0299999713897705,0,0.009999952279031277
angle,1780569809117528833,2.0299999713897705,0,0.00999997928738594
angle,1780569809127528705,2.0299999713897705,0,0.009999868459999561
angle,1780569809137529072,2.0299999713897705,0,0.00999997928738594
angle,1780569809147529700,2.0299999713897705,0,0.009999948553740978
angle,1780569809157529205,2.0299999713897705,0,0.009999948553740978
angle,1780569809167529709,2.0299999713897705,0,0.010000004433095455
angle,1780569809177529671,2.0299999713897705,0,0.009999939240515232
angle,1780569809187530193,2.0299999713897705,0,0.009999994188547134
angle,1780569809197530527,2.0299999713897705,0,0.009999986737966537
angle,1780569809207530705,2.0299999713897705,0,0.009999959729611874
angle,1780569809217531189,2.0299999713897705,0,0.010000007227063179
angle,1780569809227531083,2.0299999713897705,0,0.009999879635870457
angle,1780569809237532623,2.0299999713897705,0,0.009999942034482956
angle,1780569809247531876,2.0299999713897705,0,0.009999864734709263
angle,1780569809257533147,2.0299999713897705,0,0.010000033304095268
angle,1780569809268423702,2.0299999713897705,0,0.010890413075685501
angle,1780569809278424466,2.0299999713897705,0,0.009999843314290047
angle,1780569809288424218,2.0299999713897705,0,0.009999890811741352
angle,1780569809298423124,2.0299999713897705,0,0.009999889880418777
angle,1780569809308423457,2.0299999713897705,0,0.00999994482845068
angle,1780569809318423751,2.0299999713897705,0,0.010000024922192097
angle,1780569809328424048,2.0299999713897705,0,0.009999937377870083
angle,1780569809338424171,2.0299999713897705,0,0.009999978356063366
angle,1780569809348424666,2.0299999713897705,0,0.009999965317547321
angle,1780569809358424633,2.0299999713897705,0,0.009999953210353851
angle,1780569809368424946,2.0299999713897705,0,0.009999947622418404
angle,1780569809378425139,2.0299999713897705,0,0.00999997928738594
angle,1780569809388425391,2.0299999713897705,0,0.009999954141676426
angle,1780569809398425559,2.0299999713897705,0,0.01000001560896635
angle,1780569809408428161,2.0299999713897705,0,0.009999983943998814
angle,1780569809418427939,2.0299999713897705,0,0.009999855421483517
angle,1780569809428426489,2.0299999713897705,0,0.00999987218528986
angle,1780569809438426906,2.0299999713897705,0,0.009999983012676239
angle,1780569809448427238,2.0299999713897705,0,0.009999987669289112
angle,1780569809458427288,2.0299999713897705,0,0.00999999139457941
angle,1780569809468427538,2.0299999713897705,0,0.009999985806643963
angle,1780569809478427883,2.0299999713897705,0,0.009999995119869709
angle,1780569809488428399,2.0299999713897705,0,0.009999978356063366
angle,1780569809498428308,2.0299999713897705,0,0.009999990463256836
angle,1780569809508428789,2.0299999713897705,0,0.009999946691095829
angle,1780569809518428570,2.0299999713897705,0,0.009999952279031277
angle,1780569809528429372,2.0299999713897705,0,0.00999996718019247
angle,1780569809538430119,2.0299999713897705,0,0.009999969974160194
angle,1780569809548429690,2.0299999713897705,0,0.009999915026128292
angle,1780569809558429834,2.0299999713897705,0,0.009999956004321575
angle,1780569809568430264,2.0299999713897705,0,0.010000002570450306
angle,1780569809578430763,2.0299999713897705,0,0.00999998115003109
angle,1780569809588432152,2.0299999713897705,0,0.009999969974160194
angle,1780569809598431066,2.0299999713897705,0,0.009999931789934635
angle,1780569809608431063,2.0299999713897705,0,0.009999961592257023
angle,1780569809618431322,2.0299999713897705,0,0.009999996982514858
angle,1780569809628431595,2.0299999713897705,0,0.01000000536441803
angle,1780569809638431870,2.0299999713897705,0,0.009999978356063366
angle,1780569809648432185,2.0299999713897705,0,0.009999948553740978
angle,1780569809658432254,2.0299999713897705,0,0.009999959729611874
angle,1780569809668432505,2.0299999713897705,0,0.00999996904283762
angle,1780569809678433158,2.0299999713897705,0,0.010000002570450306
angle,1780569809688433095,2.0299999713897705,0,0.009999974630773067
angle,1780569809698433418,2.0299999713897705,0,0.009999999776482582
angle,1780569809708433475,2.0299999713897705,0,0.009999952279031277
angle,1780569809718433854,2.0299999713897705,0,0.009999969974160194
angle,1780569809728433799,2.0299999713897705,0,0.009999978356063366
angle,1780569809738434899,2.0299999713897705,0,0.009999971836805344
angle,1780569809748434787,2.0299999713897705,0,0.009999955072999
angle,1780569809758435522,2.0299999713897705,0,0.009999956004321575
angle,1780569809768434826,2.0299999713897705,0,0.009999924339354038
angle,1780569809778435038,2.0299999713897705,0,0.009999961592257023
angle,1780569809788435250,2.0299999713897705,0,0.009999997913837433
angle,1780569809798435696,2.0299999713897705,0,0.009999955072999
angle,1780569809808435925,2.0299999713897705,0,0.009999904781579971
angle,1780569809818436125,2.0299999713897705,0,0.009999965317547321
angle,1780569809828436423,2.0299999713897705,0,0.009999985806643963
angle,1780569809838436655,2.0299999713897705,0,0.009999940171837807
angle,1780569809848437490,2.0299999713897705,0,0.009999937377870083
angle,1780569809858437213,2.0299999713897705,0,0.010000004433095455
angle,1780569809868437536,2.0299999713897705,0,0.00999999325722456
angle,1780569809878437580,2.0299999713897705,0,0.009999994188547134
angle,1780569809888438197,2.0299999713897705,0,0.01000000536441803
angle,1780569809898438308,2.0299999713897705,0,0.009999957866966724
angle,1780569809908438631,2.0299999713897705,0,0.009999952279031277
angle,1780569809918438842,2.0299999713897705,0,0.009999995119869709
angle,1780569809928440528,2.0299999713897705,0,0.009999938309192657
angle,1780569809938439867,2.0299999713897705,0,0.009999942034482956
angle,1780569809948439753,2.0299999713897705,0,0.009999960660934448
angle,1780569809958439646,2.0299999713897705,0,0.009999988600611687
angle,1780569809968440222,2.0299999713897705,0,0.00999993272125721
angle,1780569809978440972,2.0299999713897705,0,0.009999897330999374
angle,1780569809988440285,2.0299999713897705,0,0.009999901987612247
angle,1780569809998441042,2.0299999713897705,0,0.009999996051192284
angle,1780569810008443145,2.0299999713897705,0,0.009999999776482582
angle,1780569810018441357,2.0299999713897705,0,0.009999904781579971
angle,1780569810028441529,2.0299999713897705,0,0.00999997928738594
angle,1780569810038448242,2.0299999713897705,0,0.009999955072999
angle,1780569810048442906,2.0299999713897705,0,0.009999940171837807
angle,1780569810058442744,2.0299999713897705,0,0.009999977424740791
angle,1780569810068443108,2.0299999713897705,0,0.009999972768127918
angle,1780569810078443126,2.0299999713897705,0,0.009999903850257397
angle,1780569810088445249,2.0299999713897705,0,0.010000204667448997
angle,1780569810098443904,2.0299999713897705,0,0.009999875910580158
angle,1780569810108444304,2.0299999713897705,0,0.009999969974160194
angle,1780569810118444434,2.0299999713897705,0,0.009999984875321388
angle,1780569810128444678,2.0299999713897705,0,0.010000006295740604
angle,1780569810138444992,2.0299999713897705,0,0.009999969974160194
angle,1780569810148445396,2.0299999713897705,0,0.009999982081353664
angle,1780569810158445732,2.0299999713897705,0,0.009999939240515232
angle,1780569810168445805,2.0299999713897705,0,0.009999990463256836
angle,1780569810178445941,2.0299999713897705,0,0.009999990463256836
angle,1780569810188445971,2.0299999713897705,0,0.00999994482845068
angle,1780569810198446575,2.0299999713897705,0,0.009999984875321388
angle,1780569810208446800,2.0299999713897705,0,0.009999983943998814
angle,1780569810218447223,2.0299999713897705,0,0.009999992325901985
angle,1780569810228447384,2.0299999713897705,0,0.009999953210353851
angle,1780569810238447539,2.0299999713897705,0,0.009999961592257023
angle,1780569810248448215,2.0299999713897705,0,0.009999948553740978
angle,1780569810258447976,2.0299999713897705,0,0.009999958798289299
angle,1780569810268448714,2.0299999713897705,0,0.010000006295740604
angle,1780569810278448431,2.0299999713897705,0,0.00999994482845068
angle,1780569810288449273,2.0299999713897705,0,0.009999985806643963
angle,1780569810298449119,2.0299999713897705,0,0.009999933652579784
angle,1780569810308449412,2.0299999713897705,0,0.009999942034482956
angle,1780569810318449511,2.0299999713897705,0,0.00999994482845068
angle,1780569810328449680,2.0299999713897705,0,0.009999959729611874
angle,1780569810338450230,2.0299999713897705,0,0.009999988600611687
angle,1780569810348450459,2.0299999713897705,0,0.009999968111515045
angle,1780569810358450499,2.0299999713897705,0,0.009999940171837807
angle,1780569810368450750,2.0299999713897705,0,0.009999947622418404
angle,1780569810378451126,2.0299999713897705,0,0.009999977424740791
angle,1780569810388451109,2.0299999713897705,0,0.009999982081353664
angle,1780569810398451360,2.0299999713897705,0,0.009999984875321388
angle,1780569810408451336,2.0299999713897705,0,0.009999942034482956
angle,1780569810418451850,2.0299999713897705,0,0.009999965317547321
angle,1780569810428452008,2.0299999713897705,0,0.009999960660934448
angle,1780569810438452014,2.0299999713897705,0,0.009999933652579784
angle,1780569810448452417,2.0299999713897705,0,0.009999983943998814
angle,1780569810458452445,2.0299999713897705,0,0.009999986737966537
angle,1780569810468453182,2.0299999713897705,0,0.009999939240515232
angle,1780569810478453051,2.0299999713897705,0,0.009999954141676426
angle,1780569810488453354,2.0299999713897705,0,0.009999977424740791
angle,1780569810498453348,2.0299999713897705,0,0.010000007227063179
angle,1780569810508453825,2.0299999713897705,0,0.009999956004321575
angle,1780569810518454167,2.0299999713897705,0,0.009999996051192284
angle,1780569810528454432,2.0299999713897705,0,0.009999973699450493
angle,1780569810538454592,2.0299999713897705,0,0.009999945759773254
angle,1780569810548454910,2.0299999713897705,0,0.00999994482845068
angle,1780569810558455763,2.0299999713897705,0,0.009999971836805344
angle,1780569810568455676,2.0299999713897705,0,0.009999971836805344
angle,1780569810578455627,2.0299999713897705,0,0.009999905712902546
angle,1780569810590005650,2.0299999713897705,0,0.01154952310025692
angle,1780569810600015976,2.0299999713897705,0,0.010009493678808212
angle,1780569810610016536,2.0299999713897705,0,0.009999926201999187
angle,1780569810620016187,2.0299999713897705,0,0.009999994188547134
angle,1780569810630016421,2.0299999713897705,0,0.009999953210353851
angle,1780569810640017067,2.0299999713897705,0,0.010000006295740604
angle,1780569810650017161,2.0299999713897705,0,0.009999953210353851
angle,1780569810660017443,2.0299999713897705,0,0.009999999776482582
angle,1780569810670018014,2.0299999713897705,0,0.010000008158385754
angle,1780569810680017618,2.0299999713897705,0,0.00999994296580553
angle,1780569810690017993,2.0299999713897705,0,0.009999947622418404
angle,1780569810701862800,2.0299999713897705,0,0.011844035238027573
angle,1780569810711863410,2.0299999713897705,0,0.009999921545386314
angle,1780569810721863376,2.0299999713897705,0,0.009999947622418404
angle,1780569810731863911,2.0299999713897705,0,0.010000007227063179
angle,1780569810741863987,2.0299999713897705,0,0.01000000536441803
angle,1780569810751864237,2.0299999713897705,0,0.009999959729611874
angle,1780569810761864145,2.0299999713897705,0,0.00999994482845068
angle,1780569810771864718,2.0299999713897705,0,0.009999986737966537
angle,1780569810781864576,2.0299999713897705,0,0.009999946691095829
angle,1780569810791864728,2.0299999713897705,0,0.009999977424740791
angle,1780569810801864987,2.0299999713897705,0,0.009999975562095642
angle,1780569810811865221,2.0299999713897705,0,0.009999938309192657
angle,1780569810821867599,2.0299999713897705,0,0.009999996051192284
angle,1780569810831867692,2.0299999713897705,0,0.009999879635870457
angle,1780569810841866016,2.0299999713897705,0,0.009999936446547508
angle,1780569810851866454,2.0299999713897705,0,0.010000006295740604
angle,1780569810861866458,2.0299999713897705,0,0.009999987669289112
angle,1780569810871867145,2.0299999713897705,0,0.009999978356063366
angle,1780569810881867443,2.0299999713897705,0,0.009999925270676613
angle,1780569810891867371,2.0299999713897705,0,0.009999963454902172
angle,1780569810901867510,2.0299999713897705,0,0.009999978356063366
angle,1780569810911867691,2.0299999713897705,0,0.009999997913837433
angle,1780569810921868051,2.0299999713897705,0,0.010000001639127731
angle,1780569810931869776,2.0299999713897705,0,0.009999963454902172
angle,1780569810941868481,2.0299999713897705,0,0.009999910369515419
angle,1780569810951869048,2.0299999713897705,0,0.009999995119869709
angle,1780569810961869001,2.0299999713897705,0,0.00999996904283762
angle,1780569810971869645,2.0299999713897705,0,0.009999988600611687
angle,1780569810981869376,2.0299999713897705,0,0.010000000707805157
angle,1780569810991869552,2.0299999713897705,0,0.009999941103160381
angle,1780569811001870038,2.0299999713897705,0,0.009999990463256836
angle,1780569811011870182,2.0299999713897705,0,0.009999948553740978
angle,1780569811021870316,2.0299999713897705,0,0.009999994188547134
angle,1780569811031870707,2.0299999713897705,0,0.009999972768127918
angle,1780569811041870852,2.0299999713897705,0,0.009999977424740791
angle,1780569811051871255,2.0299999713897705,0,0.00999994296580553
angle,1780569811061873248,2.0299999713897705,0,0.009999941103160381
angle,1780569811071873605,2.0299999713897705,0,0.009999916888773441
angle,1780569811081873397,2.0299999713897705,0,0.009999891743063927
angle,1780569811091872358,2.0299999713897705,0,0.009999940171837807
angle,1780569811101872650,2.0299999713897705,0,0.009999995119869709
angle,1780569811111872808,2.0299999713897705,0,0.009999966248869896
angle,1780569811121873172,2.0299999713897705,0,0.009999947622418404
angle,1780569811131873136,2.0299999713897705,0,0.009999958798289299
angle,1780569811141873392,2.0299999713897705,0,0.009999934583902359
angle,1780569811151873746,2.0299999713897705,0,0.00999996718019247
angle,1780569811161874005,2.0299999713897705,0,0.00999999139457941
angle,1780569811171874414,2.0299999713897705,0,0.00999997928738594
angle,1780569811181874300,2.0299999713897705,0,0.009999928995966911
angle,1780569811191874782,2.0299999713897705,0,0.009999959729611874
angle,1780569811201875048,2.0299999713897705,0,0.009999934583902359
angle,1780569811211875161,2.0299999713897705,0,0.009999994188547134
angle,1780569811221875734,2.0299999713897705,0,0.009999969974160194
angle,1780569811231875951,2.0299999713897705,0,0.009999929927289486
angle,1780569811241875799,2.0299999713897705,0,0.009999909438192844
angle,1780569811251876678,2.0299999713897705,0,0.009999937377870083
angle,1780569811261876336,2.0299999713897705,0,0.009999943897128105
angle,1780569811271876888,2.0299999713897705,0,0.01000000536441803
angle,1780569811281876935,2.0299999713897705,0,0.00999999139457941
angle,1780569811291877239,2.0299999713897705,0,0.009999984875321388
angle,1780569811301877787,2.0299999713897705,0,0.009999975562095642
angle,1780569811311877749,2.0299999713897705,0,0.00999995693564415
angle,1780569811321878089,2.0299999713897705,0,0.009999996051192284
angle,1780569811331878377,2.0299999713897705,0,0.009999957866966724
angle,1780569811341879133,2.0299999713897705,0,0.009999984875321388
angle,1780569811351878809,2.0299999713897705,0,0.009999937377870083
angle,1780569811361879173,2.0299999713897705,0,0.00999996718019247
angle,1780569811371879560,2.0299999713897705,0,0.009999984875321388
angle,1780569811381879656,2.0299999713897705,0,0.009999904781579971
angle,1780569811391880090,2.0299999713897705,0,0.009999937377870083
angle,1780569811401880185,2.0299999713897705,0,0.009999937377870083
angle,1780569811411880330,2.0299999713897705,0,0.009999940171837807
angle,1780569811421880564,2.0299999713897705,0,0.009999958798289299
angle,1780569811431880753,2.0299999713897705,0,0.009999992325901985
angle,1780569811441881510,2.0299999713897705,0,0.009999945759773254
angle,1780569811451881429,2.0299999713897705,0,0.009999984875321388
angle,1780569811461881514,2.0299999713897705,0,0.00999999325722456
angle,1780569811471881837,2.0299999713897705,0,0.009999951347708702
angle,1780569811481881756,2.0299999713897705,0,0.009999953210353851
angle,1780569811491882150,2.0299999713897705,0,0.00999999139457941
angle,1780569811501882335,2.0299999713897705,0,0.009999972768127918
angle,1780569811511882442,2.0299999713897705,0,0.009999934583902359
angle,1780569811521882577,2.0299999713897705,0,0.00999999139457941
angle,1780569811531882782,2.0299999713897705,0,0.009999940171837807
angle,1780569811541883055,2.0299999713897705,0,0.009999990463256836
angle,1780569811551883552,2.0299999713897705,0,0.009999963454902172
angle,1780569811561884187,2.0299999713897705,0,0.009999980218708515
angle,1780569811571884282,2.0299999713897705,0,0.00999996904283762
angle,1780569811581884134,2.0299999713897705,0,0.009999928995966911
angle,1780569811591885605,2.0299999713897705,0,0.00999997928738594
angle,1780569811601884966,2.0299999713897705,0,0.00999994296580553
angle,1780569811611884824,2.0299999713897705,0,0.009999951347708702
angle,1780569811621884901,2.0299999713897705,0,0.009999948553740978
angle,1780569811631885594,2.0299999713897705,0,0.009999957866966724
angle,1780569811641885357,2.0299999713897705,0,0.009999975562095642
angle,1780569811651885631,2.0299999713897705,0,0.009999937377870083
angle,1780569811661885910,2.0299999713897705,0,0.009999961592257023
angle,1780569811671886520,2.0299999713897705,0,0.010000000707805157
angle,1780569811681886435,2.0299999713897705,0,0.009999985806643963
angle,1780569811691886778,2.0299999713897705,0,0.009999968111515045
angle,1780569811701887147,2.0299999713897705,0,0.009999983943998814
angle,1780569811711887256,2.0299999713897705,0,0.009999984875321388
angle,1780569811721887842,2.0299999713897705,0,0.009999977424740791
angle,1780569811731887855,2.0299999713897705,0,0.00999998115003109
angle,1780569811741888823,2.0299999713897705,0,0.009999954141676426
angle,1780569811751888407,2.0299999713897705,0,0.009999978356063366
angle,1780569811761888949,2.0299999713897705,0,0.009999942034482956
angle,1780569811771889242,2.0299999713897705,0,0.009999954141676426
angle,1780569811781889243,2.0299999713897705,0,0.009999955072999
angle,1780569811791889197,2.0299999713897705,0,0.009999877773225307
angle,1780569811801889996,2.0299999713897705,0,0.009999969974160194
angle,1780569811811889782,2.0299999713897705,0,0.009999937377870083
angle,1780569811821890026,2.0299999713897705,0,0.009999980218708515
angle,1780569811831890152,2.0299999713897705,0,0.009999995119869709
angle,1780569811841890458,2.0299999713897705,0,0.009999971836805344
angle,1780569811851890852,2.0299999713897705,0,0.009999947622418404
angle,1780569811861890981,2.0299999713897705,0,0.009999971836805344
angle,1780569811871891510,2.0299999713897705,0,0.009999946691095829
angle,1780569811881892886,2.0299999713897705,0,0.009999978356063366
angle,1780569811891892072,2.0299999713897705,0,0.00999992061406374
angle,1780569811901891884,2.0299999713897705,0,0.009999959729611874
angle,1780569811911892055,2.0299999713897705,0,0.009999986737966537
angle,1780569811921892213,2.0299999713897705,0,0.009999939240515232
angle,1780569811931894164,2.0299999713897705,0,0.009999992325901985
angle,1780569811941893022,2.0299999713897705,0,0.00999990664422512
angle,1780569811951893382,2.0299999713897705,0,0.009999952279031277
angle,1780569811961893820,2.0299999713897705,0,0.009999986737966537
angle,1780569811971895441,2.0299999713897705,0,0.009999990463256836
angle,1780569811981894166,2.0299999713897705,0,0.009999905712902546
angle,1780569811991894390,2.0299999713897705,0,0.009999953210353851
angle,1780569812001894678,2.0299999713897705,0,0.009999996982514858
angle,1780569812011894915,2.0299999713897705,0,0.009999969974160194
angle,1780569812021895915,2.0299999713897705,0,0.009999865666031837
angle,1780569812031895253,2.0299999713897705,0,0.00999995693564415
angle,1780569812041895492,2.0299999713897705,0,0.009999996051192284
angle,1780569812051895712,2.0299999713897705,0,0.010000000707805157
angle,1780569812061896133,2.0299999713897705,0,0.009999987669289112
angle,1780569812071896167,2.0299999713897705,0,0.009999960660934448
angle,1780569812081896490,2.0299999713897705,0,0.009999955072999
angle,1780569812091896743,2.0299999713897705,0,0.009999983943998814
angle,1780569812101896903,2.0299999713897705,0,0.00999997928738594
angle,1780569812111897586,2.0299999713897705,0,0.00999999325722456
angle,1780569812121897548,2.0299999713897705,0,0.009999951347708702
angle,1780569812131897387,2.0299999713897705,0,0.009999960660934448
angle,1780569812141897689,2.0299999713897705,0,0.009999948553740978
angle,1780569812151898199,2.0299999713897705,0,0.010000006295740604
angle,1780569812161898206,2.0299999713897705,0,0.009999965317547321
angle,1780569812171898382,2.0299999713897705,0,0.00999994482845068
angle,1780569812181898894,2.0299999713897705,0,0.009999970905482769
angle,1780569812191898944,2.0299999713897705,0,0.009999939240515232
angle,1780569812201899343,2.0299999713897705,0,0.010000001639127731
angle,1780569812211899433,2.0299999713897705,0,0.00999999139457941
angle,1780569812221899832,2.0299999713897705,0,0.009999950416386127
angle,1780569812231900133,2.0299999713897705,0,0.010000031441450119
angle,1780569812241900358,2.0299999713897705,0,0.009999933652579784
angle,1780569812251900636,2.0299999713897705,0,0.009999996982514858
angle,1780569812261901112,2.0299999713897705,0,0.009999987669289112
angle,1780569812271901180,2.0299999713897705,0,0.009999959729611874
angle,1780569812281901661,2.0299999713897705,0,0.009999970905482769
angle,1780569812291901777,2.0299999713897705,0,0.009999994188547134
angle,1780569812301901712,2.0299999713897705,0,0.010000007227063179
angle,1780569812311902143,2.0299999713897705,0,0.009999938309192657
angle,1780569812321902361,2.0299999713897705,0,0.009999977424740791
angle,1780569812331902933,2.0299999713897705,0,0.009999964386224747
angle,1780569812341903659,2.0299999713897705,0,0.009999994188547134
angle,1780569812351903232,2.0299999713897705,0,0.009999957866966724
angle,1780569812361903675,2.0299999713897705,0,0.009999942034482956
angle,1780569812371903929,2.0299999713897705,0,0.010000023990869522
angle,1780569812381905404,2.0299999713897705,0,0.009999928064644337
angle,1780569812391904359,2.0299999713897705,0,0.009999998845160007
angle,1780569812401904620,2.0299999713897705,0,0.010000001639127731
angle,1780569812411904789,2.0299999713897705,0,0.00999994296580553
angle,1780569812421905262,2.0299999713897705,0,0.009999999776482582
angle,1780569812431905316,2.0299999713897705,0,0.009999999776482582
angle,1780569812441905535,2.0299999713897705,0,0.009999946691095829
angle,1780569812451905854,2.0299999713897705,0,0.009999940171837807
angle,1780569812461906067,2.0299999713897705,0,0.009999997913837433
angle,1780569812471906599,2.0299999713897705,0,0.009999921545386314
angle,1780569812481906553,2.0299999713897705,0,0.009999987669289112
angle,1780569812491906675,2.0299999713897705,0,0.009999971836805344
angle,1780569812501906973,2.0299999713897705,0,0.009999983943998814
angle,1780569812511907334,2.0299999713897705,0,0.009999980218708515
angle,1780569812521907863,2.0299999713897705,0,0.009999996982514858
angle,1780569812531907901,2.0299999713897705,0,0.00999998115003109
angle,1780569812541908138,2.0299999713897705,0,0.010000000707805157
angle,1780569812551908499,2.0299999713897705,0,0.009999946691095829
angle,1780569812561909230,2.0299999713897705,0,0.009999971836805344
angle,1780569812571908982,2.0299999713897705,0,0.009999983943998814
angle,1780569812581909203,2.0299999713897705,0,0.009999978356063366
angle,1780569812591911995,2.0299999713897705,0,0.010000037960708141
angle,1780569812601909970,2.0299999713897705,0,0.009999950416386127
angle,1780569812611909964,2.0299999713897705,0,0.009999982081353664
angle,1780569812621910493,2.0299999713897705,0,0.009999958798289299
angle,1780569812631910437,2.0299999713897705,0,0.00999996718019247
angle,1780569812641910640,2.0299999713897705,0,0.009999938309192657
angle,1780569812651910812,2.0299999713897705,0,0.009999969974160194
angle,1780569812661911218,2.0299999713897705,0,0.009999954141676426
angle,1780569812671911306,2.0299999713897705,0,0.009999995119869709
angle,1780569812681911685,2.0299999713897705,0,0.00999994482845068
angle,1780569812691911732,2.0299999713897705,0,0.009999997913837433
angle,1780569812701911863,2.0299999713897705,0,0.009999941103160381
angle,1780569812711912743,2.0299999713897705,0,0.009999986737966537
angle,1780569812721912371,2.0299999713897705,0,0.009999953210353851
angle,1780569812731912554,2.0299999713897705,0,0.009999946691095829
angle,1780569812741913012,2.0299999713897705,0,0.009999947622418404
angle,1780569812751913586,2.0299999713897705,0,0.009999994188547134
angle,1780569812761913433,2.0299999713897705,0,0.010000000707805157
angle,1780569812771913674,2.0299999713897705,0,0.009999891743063927
angle,1780569812781913942,2.0299999713897705,0,0.009999940171837807
angle,1780569812791913926,2.0299999713897705,0,0.009999880567193031
angle,1780569812801914222,2.0299999713897705,0,0.009999971836805344
angle,1780569812811914371,2.0299999713897705,0,0.009999951347708702
angle,1780569812821914646,2.0299999713897705,0,0.009999945759773254
angle,1780569812831914848,2.0299999713897705,0,0.009999977424740791
angle,1780569812841915282,2.0299999713897705,0,0.009999996051192284
angle,1780569812851915299,2.0299999713897705,0,0.009999986737966537
angle,1780569812861915913,2.0299999713897705,0,0.009999985806643963
angle,1780569812871915663,2.0299999713897705,0,0.009999864734709263
angle,1780569812881916367,2.0299999713897705,0,0.009999970905482769
angle,1780569812891916202,2.0299999713897705,0,0.009999960660934448
angle,1780569812901916248,2.0299999713897705,0,0.009999958798289299
angle,1780569812911916788,2.0299999713897705,0,0.009999946691095829
angle,1780569812921917081,2.0299999713897705,0,0.009999985806643963
angle,1780569812931918208,2.0299999713897705,0,0.009999942034482956
angle,1780569812941917179,2.0299999713897705,0,0.009999974630773067
angle,1780569812951917495,2.0299999713897705,0,0.009999968111515045
angle,1780569812961917704,2.0299999713897705,0,0.009999955072999
angle,1780569812971918139,2.0299999713897705,0,0.009999940171837807
angle,1780569812981918097,2.0299999713897705,0,0.009999998845160007
angle,1780569812991918213,2.0299999713897705,0,0.009999903850257397
angle,1780569813001918761,2.0299999713897705,0,0.010000009089708328
angle,1780569813011920817,2.0299999713897705,0,0.009999937377870083
angle,1780569813021921264,2.0299999713897705,0,0.009999919682741165
angle,1780569813031919971,2.0299999713897705,0,0.009999871253967285
angle,1780569813041919542,2.0299999713897705,0,0.009999937377870083
angle,1780569813051919855,2.0299999713897705,0,0.009999934583902359
angle,1780569813061920149,2.0299999713897705,0,0.009999946691095829
angle,1780569813071920080,2.0299999713897705,0,0.009999970905482769
angle,1780569813081920486,2.0299999713897705,0,0.009999960660934448
angle,1780569813091920862,2.0299999713897705,0,0.009999958798289299
angle,1780569813101920747,2.0299999713897705,0,0.009999955072999
angle,1780569813111921535,2.0299999713897705,0,0.009999958798289299
angle,1780569813121921467,2.0299999713897705,0,0.009999966248869896
angle,1780569813131921669,2.0299999713897705,0,0.00999995693564415
angle,1780569813141921720,2.0299999713897705,0,0.009999969974160194
angle,1780569813151921988,2.0299999713897705,0,0.009999958798289299
angle,1780569813161922333,2.0299999713897705,0,0.009999940171837807
angle,1780569813171922407,2.0299999713897705,0,0.009999972768127918
angle,1780569813181923046,2.0299999713897705,0,0.010000004433095455
angle,1780569813191922824,2.0299999713897705,0,0.009999977424740791
angle,1780569813201923026,2.0299999713897705,0,0.00999996718019247
angle,1780569813211923402,2.0299999713897705,0,0.009999942034482956
angle,1780569813221924267,2.0299999713897705,0,0.009999957866966724
angle,1780569813231924267,2.0299999713897705,0,0.010000050999224186
angle,1780569813241924108,2.0299999713897705,0,0.009999926201999187
angle,1780569813251924281,2.0299999713897705,0,0.009999937377870083
angle,1780569813261925078,2.0299999713897705,0,0.009999954141676426
angle,1780569813271924866,2.0299999713897705,0,0.009999885223805904
angle,1780569813281925366,2.0299999713897705,0,0.00999997928738594
angle,1780569813291925441,2.0299999713897705,0,0.009999859146773815
angle,1780569813301925626,2.0299999713897705,0,0.010000007227063179
angle,1780569813311926062,2.0299999713897705,0,0.009999942034482956
angle,1780569813321926096,2.0299999713897705,0,0.009999996982514858
angle,1780569813331926180,2.0299999713897705,0,0.009999995119869709
angle,1780569813341926759,2.0299999713897705,0,0.009999977424740791
angle,1780569813351927038,2.0299999713897705,0,0.009999933652579784
angle,1780569813361927899,2.0299999713897705,0,0.009999973699450493
angle,1780569813371927480,2.0299999713897705,0,0.009999992325901985
angle,1780569813381927648,2.0299999713897705,0,0.009999970905482769
angle,1780569813391927870,2.0299999713897705,0,0.009999938309192657
angle,1780569813401928309,2.0299999713897705,0,0.00999995693564415
angle,1780569813411928036,2.0299999713897705,0,0.009999943897128105
angle,1780569813421928571,2.0299999713897705,0,0.009999990463256836
angle,1780569813431928777,2.0299999713897705,0,0.009999963454902172
angle,1780569813441929217,2.0299999713897705,0,0.00999996904283762
angle,1780569813451929487,2.0299999713897705,0,0.009999990463256836
angle,1780569813461929920,2.0299999713897705,0,0.009999996051192284
angle,1780569813471929912,2.0299999713897705,0,0.010000007227063179
angle,1780569813481930188,2.0299999713897705,0,0.009999999776482582
angle,1780569813491932399,2.0299999713897705,0,0.009999983943998814
angle,1780569813501930870,2.0299999713897705,0,0.009999897330999374
angle,1780569813511931200,2.0299999713897705,0,0.010000000707805157
angle,1780569813521931433,2.0299999713897705,0,0.009999992325901985
angle,1780569813531931528,2.0299999713897705,0,0.009999926201999187
angle,1780569813541931699,2.0299999713897705,0,0.00999994482845068
angle,1780569813551932164,2.0299999713897705,0,0.010000000707805157
angle,1780569813561932583,2.0299999713897705,0,0.01000000536441803
angle,1780569813571932936,2.0299999713897705,0,0.009999990463256836
angle,1780569813581933003,2.0299999713897705,0,0.009999983943998814
angle,1780569813591935286,2.0299999713897705,0,0.010000026784837246
angle,1780569813601933857,2.0299999713897705,0,0.009999947622418404
angle,1780569813611933831,2.0299999713897705,0,0.009999912232160568
angle,1780569813621934140,2.0299999713897705,0,0.009999963454902172
angle,1780569813631934142,2.0299999713897705,0,0.009999992325901985
angle,1780569813641934938,2.0299999713897705,0,0.00999997928738594
angle,1780569813651934833,2.0299999713897705,0,0.009999950416386127
angle,1780569813661935395,2.0299999713897705,0,0.009999970905482769
angle,1780569813672242889,2.0299999713897705,0,0.010306796990334988
angle,1780569813682243222,2.0299999713897705,0,0.009999919682741165
angle,1780569813692243706,2.0299999713897705,0,0.009999905712902546
angle,1780569813702244125,2.0299999713897705,0,0.00999999139457941
angle,1780569813712243896,2.0299999713897705,0,0.009999947622418404
angle,1780569813722243948,2.0299999713897705,0,0.010000004433095455
angle,1780569813732244230,2.0299999713897705,0,0.010000000707805157
angle,1780569813742244689,2.0299999713897705,0,0.009999978356063366
angle,1780569813752244683,2.0299999713897705,0,0.009999971836805344
angle,1780569813762245033,2.0299999713897705,0,0.00999999325722456
angle,1780569813772245248,2.0299999713897705,0,0.009999955072999
angle,1780569813782245477,2.0299999713897705,0,0.009999977424740791
angle,1780569813792246260,2.0299999713897705,0,0.010000000707805157
angle,1780569813802245806,2.0299999713897705,0,0.00999994296580553
angle,1780569813812246437,2.0299999713897705,0,0.009999992325901985
angle,1780569813822246501,2.0299999713897705,0,0.009999934583902359
angle,1780569813832246982,2.0299999713897705,0,0.009999939240515232
angle,1780569813842247593,2.0299999713897705,0,0.00999996904283762
angle,1780569813852247701,2.0299999713897705,0,0.009999994188547134
angle,1780569813862247837,2.0299999713897705,0,0.01000000536441803
angle,1780569813872248311,2.0299999713897705,0,0.009999974630773067
angle,1780569813882248248,2.0299999713897705,0,0.009999959729611874
angle,1780569813892249048,2.0299999713897705,0,0.009999936446547508
angle,1780569813902249164,2.0299999713897705,0,0.009999917820096016
angle,1780569813912248941,2.0299999713897705,0,0.009999974630773067
angle,1780569813922249109,2.0299999713897705,0,0.009999951347708702
angle,1780569813932251168,2.0299999713897705,0,0.009999958798289299
angle,1780569813942249657,2.0299999713897705,0,0.010000000707805157
angle,1780569813952249815,2.0299999713897705,0,0.009999974630773067
angle,1780569813962250270,2.0299999713897705,0,0.010000007227063179
angle,1780569813972252464,2.0299999713897705,0,0.010000028647482395
angle,1780569813982250885,2.0299999713897705,0,0.00999990664422512
angle,1780569813992251376,2.0299999713897705,0,0.009999987669289112
angle,1780569814002251954,2.0299999713897705,0,0.009999905712902546
angle,1780569814012252300,2.0299999713897705,0,0.009999900124967098
angle,1780569814022252314,2.0299999713897705,0,0.009999912232160568
angle,1780569814032252314,2.0299999713897705,0,0.00999994296580553
angle,1780569814042252696,2.0299999713897705,0,0.009999964386224747
angle,1780569814052252650,2.0299999713897705,0,0.009999998845160007
angle,1780569814062253085,2.0299999713897705,0,0.009999947622418404
angle,1780569814072253617,2.0299999713897705,0,0.009999968111515045
angle,1780569814082253598,2.0299999713897705,0,0.009999939240515232
angle,1780569814092253835,2.0299999713897705,0,0.009999939240515232
angle,1780569814102253913,2.0299999713897705,0,0.00999999139457941
angle,1780569814112254248,2.0299999713897705,0,0.009999951347708702
angle,1780569814122254803,2.0299999713897705,0,0.009999937377870083
angle,1780569814132254775,2.0299999713897705,0,0.009999980218708515
angle,1780569814142255053,2.0299999713897705,0,0.010000002570450306
angle,1780569814152255185,2.0299999713897705,0,0.009999952279031277
angle,1780569814162255996,2.0299999713897705,0,0.009999997913837433
angle,1780569814172255883,2.0299999713897705,0,0.00999996904283762
angle,1780569814182256037,2.0299999713897705,0,0.009999990463256836
angle,1780569814192256548,2.0299999713897705,0,0.010000004433095455
angle,1780569814202256785,2.0299999713897705,0,0.009999904781579971
angle,1780569814212256918,2.0299999713897705,0,0.009999943897128105
angle,1780569814222257307,2.0299999713897705,0,0.009999943897128105
angle,1780569814232257429,2.0299999713897705,0,0.009999983012676239
angle,1780569814242257424,2.0299999713897705,0,0.009999969974160194
angle,1780569814252258211,2.0299999713897705,0,0.009999965317547321
angle,1780569814262258190,2.0299999713897705,0,0.009999980218708515
angle,1780569814272258385,2.0299999713897705,0,0.009999996051192284
angle,1780569814282259108,2.0299999713897705,0,0.009999926201999187
angle,1780569814292259100,2.0299999713897705,0,0.009999933652579784
angle,1780569814302258805,2.0299999713897705,0,0.009999941103160381
angle,1780569814312259162,2.0299999713897705,0,0.009999992325901985
angle,1780569814322259506,2.0299999713897705,0,0.009999983012676239
angle,1780569814332259729,2.0299999713897705,0,0.009999942034482956
angle,1780569814342260066,2.0299999713897705,0,0.009999996982514858
angle,1780569814352260336,2.0299999713897705,0,0.009999973699450493
angle,1780569814362260887,2.0299999713897705,0,0.010000026784837246
angle,1780569814372260941,2.0299999713897705,0,0.009999953210353851
angle,1780569814382261505,2.0299999713897705,0,0.010000004433095455
angle,1780569814392262400,2.0299999713897705,0,0.009999995119869709
angle,1780569814402261711,2.0299999713897705,0,0.00999995693564415
angle,1780569814412261951,2.0299999713897705,0,0.009999978356063366
angle,1780569814422264209,2.0299999713897705,0,0.009999996982514858
angle,1780569814432263928,2.0299999713897705,0,0.009999836795032024
angle,1780569814442262828,2.0299999713897705,0,0.00999993272125721
angle,1780569814452263460,2.0299999713897705,0,0.009999990463256836
angle,1780569814462263226,2.0299999713897705,0,0.010000001639127731
angle,1780569814472263473,2.0299999713897705,0,0.009999946691095829
angle,1780569814482263755,2.0299999713897705,0,0.009999971836805344
angle,1780569814492264118,2.0299999713897705,0,0.009999948553740978
angle,1780569814502264135,2.0299999713897705,0,0.009999897330999374
angle,1780569814512264375,2.0299999713897705,0,0.009999945759773254
angle,1780569814522264484,2.0299999713897705,0,0.009999987669289112
angle,1780569814532264906,2.0299999713897705,0,0.010000001639127731
angle,1780569814542265845,2.0299999713897705,0,0.00999996904283762
angle,1780569814552265884,2.0299999713897705,0,0.009999915026128292
angle,1780569814562267234,2.0299999713897705,0,0.009999994188547134
angle,1780569814572266072,2.0299999713897705,0,0.00999988429248333
angle,1780569814582266577,2.0299999713897705,0,0.009999980218708515
angle,1780569814592266591,2.0299999713897705,0,0.009999956004321575
angle,1780569814602268065,2.0299999713897705,0,0.010000007227063179
angle,1780569814612267121,2.0299999713897705,0,0.009999888017773628
angle,1780569814622267544,2.0299999713897705,0,0.00999998115003109
angle,1780569814632267435,2.0299999713897705,0,0.009999998845160007
angle,1780569814642267622,2.0299999713897705,0,0.00999995693564415
angle,1780569814652267769,2.0299999713897705,0,0.010000000707805157
angle,1780569814662268427,2.0299999713897705,0,0.00999996904283762
angle,1780569814672268468,2.0299999713897705,0,0.010000002570450306
angle,1780569814682268683,2.0299999713897705,0,0.009999971836805344
angle,1780569814692268632,2.0299999713897705,0,0.009999892674386501
angle,1780569814702268869,2.0299999713897705,0,0.00999998115003109
angle,1780569814712268918,2.0299999713897705,0,0.009999954141676426
angle,1780569814722269208,2.0299999713897705,0,0.009999958798289299
angle,1780569814732269475,2.0299999713897705,0,0.009999980218708515
angle,1780569814742270309,2.0299999713897705,0,0.009999995119869709
angle,1780569814752270662,2.0299999713897705,0,0.009999917820096016
angle,1780569814762270769,2.0299999713897705,0,0.009999997913837433
angle,1780569814772270596,2.0299999713897705,0,0.009999973699450493
angle,1780569814782270634,2.0299999713897705,0,0.010000008158385754
angle,1780569814792271068,2.0299999713897705,0,0.009999998845160007
angle,1780569814802271346,2.0299999713897705,0,0.010000001639127731
angle,1780569814812271736,2.0299999713897705,0,0.009999974630773067
angle,1780569814822272061,2.0299999713897705,0,0.010000002570450306
angle,1780569814832272215,2.0299999713897705,0,0.009999963454902172
angle,1780569814842272754,2.0299999713897705,0,0.009999964386224747
angle,1780569814852272736,2.0299999713897705,0,0.009999982081353664
angle,1780569814862272973,2.0299999713897705,0,0.00999994482845068
angle,1780569814872273312,2.0299999713897705,0,0.009999942034482956
angle,1780569814882273589,2.0299999713897705,0,0.009999988600611687
angle,1780569814892274308,2.0299999713897705,0,0.009999951347708702
angle,1780569814902274064,2.0299999713897705,0,0.00999997928738594
angle,1780569814912274380,2.0299999713897705,0,0.010000009089708328
angle,1780569814922274572,2.0299999713897705,0,0.009999937377870083
angle,1780569814932276087,2.0299999713897705,0,0.009999971836805344
angle,1780569814942275225,2.0299999713897705,0,0.009999945759773254
angle,1780569814952275240,2.0299999713897705,0,0.009999874047935009
angle,1780569814962275406,2.0299999713897705,0,0.010000002570450306
angle,1780569814972276191,2.0299999713897705,0,0.00999998115003109
angle,1780569814982276197,2.0299999713897705,0,0.009999925270676613
angle,1780569814992276474,2.0299999713897705,0,0.009999954141676426
angle,1780569815002276740,2.0299999713897705,0,0.009999963454902172
angle,1780569815012276760,2.0299999713897705,0,0.009999973699450493
angle,1780569815022277353,2.0299999713897705,0,0.009999982081353664
angle,1780569815032277444,2.0299999713897705,0,0.010000010021030903
angle,1780569815042277484,2.0299999713897705,0,0.009999897330999374
angle,1780569815052277769,2.0299999713897705,0,0.00999995693564415
angle,1780569815062278438,2.0299999713897705,0,0.009999968111515045
angle,1780569815072278639,2.0299999713897705,0,0.009999951347708702
angle,1780569815082278430,2.0299999713897705,0,0.009999880567193031
angle,1780569815092278847,2.0299999713897705,0,0.010000050067901611
angle,1780569815102279099,2.0299999713897705,0,0.009999837726354599
angle,1780569815112279126,2.0299999713897705,0,0.009999937377870083
angle,1780569815122279177,2.0299999713897705,0,0.009999955072999
angle,1780569815132279759,2.0299999713897705,0,0.010000043548643589
angle,1780569815142279882,2.0299999713897705,0,0.009999912232160568
angle,1780569815152280061,2.0299999713897705,0,0.009999939240515232
angle,1780569815162280655,2.0299999713897705,0,0.00999998115003109
angle,1780569815172280705,2.0299999713897705,0,0.009999902918934822
angle,1780569815182280828,2.0299999713897705,0,0.009999961592257023
angle,1780569815192280966,2.0299999713897705,0,0.010000007227063179
angle,1780569815202283616,2.0299999713897705,0,0.009999958798289299
angle,1780569815212282829,2.0299999713897705,0,0.009999912232160568
angle,1780569815222281554,2.0299999713897705,0,0.009999924339354038
angle,1780569815232282025,2.0299999713897705,0,0.009999975562095642
angle,1780569815242282578,2.0299999713897705,0,0.009999900124967098
angle,1780569815252282392,2.0299999713897705,0,0.009999929927289486
angle,1780569815262282695,2.0299999713897705,0,0.00999996718019247
angle,1780569815272282737,2.0299999713897705,0,0.00999994482845068
angle,1780569815282283380,2.0299999713897705,0,0.009999893605709076
angle,1780569815292283278,2.0299999713897705,0,0.00999988429248333
angle,1780569815302283369,2.0299999713897705,0,0.009999931789934635
angle,1780569815312283472,2.0299999713897705,0,0.009999963454902172
angle,1780569815322283650,2.0299999713897705,0,0.00999997928738594
angle,1780569815332283886,2.0299999713897705,0,0.00999999325722456
angle,1780569815342284211,2.0299999713897705,0,0.009999946691095829
angle,1780569815352284202,2.0299999713897705,0,0.009999973699450493
angle,1780569815362284507,2.0299999713897705,0,0.009999948553740978
angle,1780569815372285193,2.0299999713897705,0,0.009999952279031277
angle,1780569815382284747,2.0299999713897705,0,0.009999959729611874
angle,1780569815392284972,2.0299999713897705,0,0.010000002570450306
angle,1780569815402285313,2.0299999713897705,0,0.009999974630773067
angle,1780569815412285812,2.0299999713897705,0,0.009999955072999
angle,1780569815422286263,2.0299999713897705,0,0.010000001639127731
angle,1780569815432286072,2.0299999713897705,0,0.009999865666031837
angle,1780569815442286141,2.0299999713897705,0,0.009999973699450493
angle,1780569815452291923,2.0299999713897705,0,0.010000023990869522
angle,1780569815462287085,2.0299999713897705,0,0.009999898262321949
angle,1780569815472286755,2.0299999713897705,0,0.009999970905482769
angle,1780569815482287140,2.0299999713897705,0,0.009999951347708702
angle,1780569815492289477,2.0299999713897705,0,0.010000050999224186
angle,1780569815502288748,2.0299999713897705,0,0.0099998963996768
angle,1780569815512287937,2.0299999713897705,0,0.009999936446547508
angle,1780569815524628908,2.0299999713897705,0,0.012340566143393517
angle,1780569815534630331,2.0299999713897705,0,0.009999946691095829
angle,1780569815544629756,2.0299999713897705,0,0.009999971836805344
angle,1780569815554629971,2.0299999713897705,0,0.009999948553740978
angle,1780569815564630438,2.0299999713897705,0,0.009999990463256836
angle,1780569815574630755,2.0299999713897705,0,0.009999909438192844
angle,1780569815584630495,2.0299999713897705,0,0.009999982081353664
angle,1780569815594630757,2.0299999713897705,0,0.009999937377870083
angle,1780569815604630995,2.0299999713897705,0,0.009999966248869896
angle,1780569815614631420,2.0299999713897705,0,0.009999952279031277
angle,1780569815624631235,2.0299999713897705,0,0.009999971836805344
angle,1780569815634631803,2.0299999713897705,0,0.00999999325722456
angle,1780569815644631755,2.0299999713897705,0,0.009999971836805344
angle,1780569815654632300,2.0299999713897705,0,0.009999969974160194
angle,1780569815664632252,2.0299999713897705,0,0.009999947622418404
angle,1780569815674632697,2.0299999713897705,0,0.010000033304095268
angle,1780569815686341509,2.0299999713897705,0,0.011708494275808334
angle,1780569815696341938,2.0299999713897705,0,0.009999940171837807
angle,1780569815706342148,2.0299999713897705,0,0.010000001639127731
angle,1780569815716342535,2.0299999713897705,0,0.010000006295740604
angle,1780569815726342601,2.0299999713897705,0,0.009999910369515419
angle,1780569815736343713,2.0299999713897705,0,0.009999969974160194
angle,1780569815746343318,2.0299999713897705,0,0.009999937377870083
angle,1780569815756343724,2.0299999713897705,0,0.009999980218708515
angle,1780569815766343793,2.0299999713897705,0,0.009999948553740978
angle,1780569815778030118,2.0299999713897705,0,0.011685731820762157
angle,1780569815788031058,2.0299999713897705,0,0.009999901987612247
angle,1780569815798030957,2.0299999713897705,0,0.009999925270676613
angle,1780569815808030916,2.0299999713897705,0,0.009999900124967098
angle,1780569815818031114,2.0299999713897705,0,0.009999939240515232
angle,1780569815828031799,2.0299999713897705,0,0.010000001639127731
angle,1780569815838031488,2.0299999713897705,0,0.009999939240515232
angle,1780569815850134769,2.0299999713897705,0,0.012100623920559883
angle,1780569815860137275,2.0299999713897705,0,0.009999973699450493
angle,1780569815870137946,2.0299999713897705,0,0.009999774396419525
angle,1780569815880136365,2.0299999713897705,0,0.009999850764870644
angle,1780569815890136558,2.0299999713897705,0,0.009999983012676239
angle,1780569815900136996,2.0299999713897705,0,0.009999912232160568
angle,1780569815910136946,2.0299999713897705,0,0.009999845176935196
angle,1780569815920137085,2.0299999713897705,0,0.009999885223805904
angle,1780569815930138397,2.0299999713897705,0,0.009999958798289299
angle,1780569815940137378,2.0299999713897705,0,0.009999931789934635
angle,1780569815950137424,2.0299999713897705,0,0.009999940171837807
angle,1780569815960139753,2.0299999713897705,0,0.009999968111515045
angle,1780569815970140172,2.0299999713897705,0,0.009999852627515793
angle,1780569815980140382,2.0299999713897705,0,0.00999988242983818
angle,1780569815990138420,2.0299999713897705,0,0.009999901056289673
angle,1780569816000139329,2.0299999713897705,0,0.009999977424740791
angle,1780569816010139069,2.0299999713897705,0,0.010000000707805157
angle,1780569816021945973,2.0299999713897705,0,0.01180639024823904
angle,1780569816031946358,2.0299999713897705,0,0.009999890811741352
angle,1780569816041946309,2.0299999713897705,0,0.00999995693564415
angle,1780569816051946505,2.0299999713897705,0,0.009999974630773067
angle,1780569816061947325,2.0299999713897705,0,0.009999994188547134
angle,1780569816071947443,2.0299999713897705,0,0.009999975562095642
angle,1780569816081947532,2.0299999713897705,0,0.009999978356063366
angle,1780569816091947788,2.0299999713897705,0,0.010000001639127731
angle,1780569816101953328,2.0299999713897705,0,0.01000001560896635
angle,1780569816111949652,2.0299999713897705,0,0.00999996718019247
angle,1780569816121949771,2.0299999713897705,0,0.009999936446547508
angle,1780569816131949817,2.0299999713897705,0,0.009999982081353664
angle,1780569816141950051,2.0299999713897705,0,0.009999961592257023
angle,1780569816151951419,2.0299999713897705,0,0.009999973699450493
angle,1780569816161950781,2.0299999713897705,0,0.009999959729611874
angle,1780569816171951271,2.0299999713897705,0,0.00999995693564415
angle,1780569816181951363,2.0299999713897705,0,0.00999995693564415
angle,1780569816191951399,2.0299999713897705,0,0.009999997913837433
angle,1780569816201951832,2.0299999713897705,0,0.00999999325722456
angle,1780569816211952225,2.0299999713897705,0,0.00999996904283762
angle,1780569816221952979,2.0299999713897705,0,0.009999998845160007
angle,1780569816231952924,2.0299999713897705,0,0.009999951347708702
angle,1780569816241952924,2.0299999713897705,0,0.009999912232160568
angle,1780569816251955691,2.0299999713897705,0,0.010000043548643589
angle,1780569816261955403,2.0299999713897705,0,0.009999928064644337
angle,1780569816271955285,2.0299999713897705,0,0.009999909438192844
angle,1780569816281954753,2.0299999713897705,0,0.009999947622418404
angle,1780569816291954382,2.0299999713897705,0,0.009999926201999187
angle,1780569816301954675,2.0299999713897705,0,0.010000001639127731
angle,1780569816311954772,2.0299999713897705,0,0.009999969974160194
angle,1780569816321955415,2.0299999713897705,0,0.009999973699450493
angle,1780569816331955540,2.0299999713897705,0,0.009999943897128105
angle,1780569816341955321,2.0299999713897705,0,0.009999943897128105
angle,1780569816351955480,2.0299999713897705,0,0.009999972768127918
angle,1780569816361955826,2.0299999713897705,0,0.009999952279031277
angle,1780569816371955906,2.0299999713897705,0,0.00999996718019247
angle,1780569816381956001,2.0299999713897705,0,0.009999961592257023
angle,1780569816391956299,2.0299999713897705,0,0.00999999139457941
angle,1780569816401956610,2.0299999713897705,0,0.009999945759773254
angle,1780569816411956586,2.0299999713897705,0,0.009999939240515232
angle,1780569816421957184,2.0299999713897705,0,0.009999982081353664
angle,1780569816431957135,2.0299999713897705,0,0.009999974630773067
angle,1780569816441957281,2.0299999713897705,0,0.00999999139457941
angle,1780569816451957304,2.0299999713897705,0,0.009999939240515232
angle,1780569816461958017,2.0299999713897705,0,0.009999941103160381
angle,1780569816471957813,2.0299999713897705,0,0.009999926201999187
angle,1780569816481958143,2.0299999713897705,0,0.009999985806643963
angle,1780569816491958077,2.0299999713897705,0,0.009999968111515045
angle,1780569816501958243,2.0299999713897705,0,0.00999994482845068
angle,1780569816511958615,2.0299999713897705,0,0.010000000707805157
angle,1780569816521958897,2.0299999713897705,0,0.009999973699450493
angle,1780569816531958971,2.0299999713897705,0,0.009999980218708515
angle,1780569816541959286,2.0299999713897705,0,0.009999980218708515
angle,1780569816551959797,2.0299999713897705,0,0.009999986737966537
angle,1780569816561959684,2.0299999713897705,0,0.009999945759773254
angle,1780569816571959904,2.0299999713897705,0,0.009999938309192657
angle,1780569816581960361,2.0299999713897705,0,0.009999984875321388
angle,1780569816591960727,2.0299999713897705,0,0.00999996718019247
angle,1780569816601962762,2.0299999713897705,0,0.009999983943998814
angle,1780569816611961349,2.0299999713897705,0,0.009999943897128105
angle,1780569816621961399,2.0299999713897705,0,0.009999940171837807
angle,1780569816631961719,2.0299999713897705,0,0.00999996904283762
angle,1780569816641961785,2.0299999713897705,0,0.010000002570450306
angle,1780569816651961926,2.0299999713897705,0,0.009999987669289112
angle,1780569816661962199,2.0299999713897705,0,0.009999988600611687
angle,1780569816671962501,2.0299999713897705,0,0.009999943897128105
angle,1780569816681963673,2.0299999713897705,0,0.009999940171837807
angle,1780569816691963074,2.0299999713897705,0,0.009999997913837433
angle,1780569816701963140,2.0299999713897705,0,0.010000000707805157
angle,1780569816711963697,2.0299999713897705,0,0.009999955072999
angle,1780569816721963555,2.0299999713897705,0,0.009999999776482582
angle,1780569816731963959,2.0299999713897705,0,0.00999996904283762
angle,1780569816741964475,2.0299999713897705,0,0.010000006295740604
angle,1780569816753640951,2.0299999713897705,0,0.011675752699375153
angle,1780569816763641089,2.0299999713897705,0,0.009999898262321949
angle,1780569816773641712,2.0299999713897705,0,0.009999943897128105
angle,1780569816783641652,2.0299999713897705,0,0.00999999139457941
angle,1780569816793641809,2.0299999713897705,0,0.009999964386224747
angle,1780569816803642159,2.0299999713897705,0,0.009999995119869709
angle,1780569816813642584,2.0299999713897705,0,0.009999947622418404
angle,1780569816823642581,2.0299999713897705,0,0.009999965317547321
angle,1780569816833642810,2.0299999713897705,0,0.00999999139457941
angle,1780569816843642949,2.0299999713897705,0,0.009999951347708702
angle,1780569816853643486,2.0299999713897705,0,0.009999985806643963
angle,1780569816863643438,2.0299999713897705,0,0.009999955072999
angle,1780569816873643681,2.0299999713897705,0,0.009999958798289299
angle,1780569816883644018,2.0299999713897705,0,0.009999936446547508
angle,1780569816893644058,2.0299999713897705,0,0.009999983943998814
angle,1780569816903644694,2.0299999713897705,0,0.009999940171837807
angle,1780569816913644486,2.0299999713897705,0,0.009999984875321388
angle,1780569816923644768,2.0299999713897705,0,0.009999950416386127
angle,1780569816933647024,2.0299999713897705,0,0.009999943897128105
angle,1780569816943645571,2.0299999713897705,0,0.009999904781579971
angle,1780569816953645674,2.0299999713897705,0,0.009999947622418404
angle,1780569816963645895,2.0299999713897705,0,0.009999942034482956
angle,1780569816973646112,2.0299999713897705,0,0.009999965317547321
angle,1780569816983646489,2.0299999713897705,0,0.009999952279031277
angle,1780569816993646728,2.0299999713897705,0,0.009999901987612247
angle,1780569817003646987,2.0299999713897705,0,0.009999972768127918
angle,1780569817013647260,2.0299999713897705,0,0.010000009089708328
angle,1780569817023647282,2.0299999713897705,0,0.010000008158385754
angle,1780569817033647853,2.0299999713897705,0,0.009999960660934448
angle,1780569817043648033,2.0299999713897705,0,0.01000000536441803
angle,1780569817053648191,2.0299999713897705,0,0.00999999139457941
angle,1780569817063648509,2.0299999713897705,0,0.009999982081353664
angle,1780569817073648883,2.0299999713897705,0,0.009999941103160381
angle,1780569817083649183,2.0299999713897705,0,0.009999973699450493
angle,1780569817093649279,2.0299999713897705,0,0.009999987669289112
angle,1780569817103649412,2.0299999713897705,0,0.009999971836805344
angle,1780569817113649635,2.0299999713897705,0,0.00999999139457941
angle,1780569817123650191,2.0299999713897705,0,0.009999996982514858
angle,1780569817133650422,2.0299999713897705,0,0.009999996982514858
angle,1780569817143650749,2.0299999713897705,0,0.00999994296580553
angle,1780569817153650752,2.0299999713897705,0,0.009999940171837807
angle,1780569817163651087,2.0299999713897705,0,0.009999961592257023
angle,1780569817173651638,2.0299999713897705,0,0.009999950416386127
angle,1780569817183651813,2.0299999713897705,0,0.01000000536441803
angle,1780569817193651827,2.0299999713897705,0,0.009999988600611687
angle,1780569817203652310,2.0299999713897705,0,0.009999995119869709
angle,1780569817213652932,2.0299999713897705,0,0.009999965317547321
angle,1780569817223652914,2.0299999713897705,0,0.010000009089708328
angle,1780569817233653364,2.0299999713897705,0,0.01000003982335329
angle,1780569817243653246,2.0299999713897705,0,0.00999990664422512
angle,1780569817253653425,2.0299999713897705,0,0.009999954141676426
angle,1780569817263654309,2.0299999713897705,0,0.009999975562095642
angle,1780569817273654530,2.0299999713897705,0,0.009999941103160381
angle,1780569817283654592,2.0299999713897705,0,0.009999931789934635
angle,1780569817293654573,2.0299999713897705,0,0.00999996718019247
angle,1780569817303654956,2.0299999713897705,0,0.009999985806643963
angle,1780569817313655241,2.0299999713897705,0,0.009999956004321575
angle,1780569817323655530,2.0299999713897705,0,0.00999999325722456
angle,1780569817333655637,2.0299999713897705,0,0.009999938309192657
angle,1780569817343656205,2.0299999713897705,0,0.009999996051192284
angle,1780569817353656413,2.0299999713897705,0,0.00999994296580553
angle,1780569817363656361,2.0299999713897705,0,0.009999966248869896
angle,1780569817373656521,2.0299999713897705,0,0.009999947622418404
angle,1780569817383657545,2.0299999713897705,0,0.009999950416386127
angle,1780569817393657191,2.0299999713897705,0,0.009999945759773254
angle,1780569817403657586,2.0299999713897705,0,0.009999941103160381
angle,1780569817413657950,2.0299999713897705,0,0.009999986737966537
angle,1780569817423658196,2.0299999713897705,0,0.00999996718019247
angle,1780569817433658469,2.0299999713897705,0,0.009999943897128105
angle,1780569817443658871,2.0299999713897705,0,0.009999951347708702
angle,1780569817453658705,2.0299999713897705,0,0.009999995119869709
angle,1780569817463658828,2.0299999713897705,0,0.00999995693564415
angle,1780569817473659297,2.0299999713897705,0,0.00999996718019247
angle,1780569817483659519,2.0299999713897705,0,0.009999937377870083
angle,1780569817493659632,2.0299999713897705,0,0.009999966248869896
angle,1780569817503659808,2.0299999713897705,0,0.00999999325722456
angle,1780569817513660183,2.0299999713897705,0,0.009999959729611874
angle,1780569817523660392,2.0299999713897705,0,0.010000004433095455
angle,1780569817533660827,2.0299999713897705,0,0.009999960660934448
angle,1780569817543660780,2.0299999713897705,0,0.009999957866966724
angle,1780569817553660965,2.0299999713897705,0,0.009999958798289299
angle,1780569817563661754,2.0299999713897705,0,0.00999998115003109
angle,1780569817573661878,2.0299999713897705,0,0.00999997928738594
angle,1780569817583661685,2.0299999713897705,0,0.009999974630773067
angle,1780569817593662033,2.0299999713897705,0,0.009999969974160194
angle,1780569817603663816,2.0299999713897705,0,0.009999965317547321
angle,1780569817613662781,2.0299999713897705,0,0.00999995693564415
angle,1780569817623662915,2.0299999713897705,0,0.00999995693564415
angle,1780569817633663095,2.0299999713897705,0,0.009999941103160381
angle,1780569817643663161,2.0299999713897705,0,0.009999950416386127
angle,1780569817653663487,2.0299999713897705,0,0.009999970905482769
angle,1780569817663664199,2.0299999713897705,0,0.009999984875321388
angle,1780569817673664059,2.0299999713897705,0,0.009999985806643963
angle,1780569817683664369,2.0299999713897705,0,0.009999983012676239
angle,1780569817693664437,2.0299999713897705,0,0.009999958798289299
angle,1780569817703664772,2.0299999713897705,0,0.009999985806643963
angle,1780569817713665229,2.0299999713897705,0,0.009999983943998814
angle,1780569817723665138,2.0299999713897705,0,0.009999958798289299
angle,1780569817733665325,2.0299999713897705,0,0.009999996982514858
angle,1780569817743665695,2.0299999713897705,0,0.009999977424740791
angle,1780569817753666077,2.0299999713897705,0,0.009999983012676239
angle,1780569817763666055,2.0299999713897705,0,0.009999996051192284
angle,1780569817773666160,2.0299999713897705,0,0.00999994296580553
angle,1780569817783666626,2.0299999713897705,0,0.009999936446547508
angle,1780569817793666944,2.0299999713897705,0,0.009999958798289299
angle,1780569817803666802,2.0299999713897705,0,0.009999943897128105
angle,1780569817813667252,2.0299999713897705,0,0.009999983943998814
angle,1780569817823667437,2.0299999713897705,0,0.009999977424740791
angle,1780569817833667674,2.0299999713897705,0,0.009999987669289112
angle,1780569817843667727,2.0299999713897705,0,0.009999975562095642
angle,1780569817853668189,2.0299999713897705,0,0.00999996718019247
angle,1780569817863668294,2.0299999713897705,0,0.00999995693564415
angle,1780569817873668650,2.0299999713897705,0,0.009999992325901985
angle,1780569817883669154,2.0299999713897705,0,0.009999942034482956
angle,1780569817893670063,2.0299999713897705,0,0.009999925270676613
angle,1780569817903669297,2.0299999713897705,0,0.009999853558838367
angle,1780569817913669709,2.0299999713897705,0,0.009999964386224747
angle,1780569817923669868,2.0299999713897705,0,0.009999999776482582
angle,1780569817933670987,2.0299999713897705,0,0.009999966248869896
angle,1780569817943670334,2.0299999713897705,0,0.009999880567193031
angle,1780569817953670412,2.0299999713897705,0,0.010000004433095455
angle,1780569817963670722,2.0299999713897705,0,0.009999950416386127
angle,1780569817973672990,2.0299999713897705,0,0.009999992325901985
angle,1780569817983671164,2.0299999713897705,0,0.009999869391322136
angle,1780569817993671786,2.0299999713897705,0,0.010000006295740604
angle,1780569818003671966,2.0299999713897705,0,0.009999996051192284
angle,1780569818013673322,2.0299999713897705,0,0.010000000707805157
angle,1780569818023672924,2.0299999713897705,0,0.009999943897128105
angle,1780569818033674354,2.0299999713897705,0,0.009999887086451054
angle,1780569818043674696,2.0299999713897705,0,0.00999992061406374
angle,1780569818053675136,2.0299999713897705,0,0.009999865666031837
angle,1780569818063673436,2.0299999713897705,0,0.009999889880418777
angle,1780569818073673441,2.0299999713897705,0,0.009999965317547321
angle,1780569818083673649,2.0299999713897705,0,0.009999965317547321
angle,1780569818093674433,2.0299999713897705,0,0.009999950416386127
angle,1780569818103674509,2.0299999713897705,0,0.009999998845160007
angle,1780569818113674517,2.0299999713897705,0,0.009999986737966537
angle,1780569818123674789,2.0299999713897705,0,0.010000007227063179
angle,1780569818133674880,2.0299999713897705,0,0.009999957866966724
angle,1780569818143675137,2.0299999713897705,0,0.009999965317547321
angle,1780569818153675634,2.0299999713897705,0,0.009999995119869709
angle,1780569818163675917,2.0299999713897705,0,0.009999953210353851
angle,1780569818173676123,2.0299999713897705,0,0.009999992325901985
angle,1780569818183676473,2.0299999713897705,0,0.009999995119869709
angle,1780569818193677711,2.0299999713897705,0,0.009999964386224747
angle,1780569818203676913,2.0299999713897705,0,0.009999939240515232
angle,1780569818213677418,2.0299999713897705,0,0.009999966248869896
angle,1780569818223677508,2.0299999713897705,0,0.009999934583902359
angle,1780569818233677699,2.0299999713897705,0,0.009999946691095829
angle,1780569818243677950,2.0299999713897705,0,0.01000000536441803
angle,1780569818253678304,2.0299999713897705,0,0.009999998845160007
angle,1780569818263678496,2.0299999713897705,0,0.009999983012676239
angle,1780569818273678808,2.0299999713897705,0,0.009999940171837807
angle,1780569818283679214,2.0299999713897705,0,0.009999983943998814
angle,1780569818293679873,2.0299999713897705,0,0.00999993272125721
angle,1780569818303679646,2.0299999713897705,0,0.009999983943998814
angle,1780569818313679999,2.0299999713897705,0,0.010000007227063179
angle,1780569818323680132,2.0299999713897705,0,0.009999997913837433
angle,1780569818333680543,2.0299999713897705,0,0.009999996982514858
angle,1780569818343680622,2.0299999713897705,0,0.00999993272125721
angle,1780569818353680713,2.0299999713897705,0,0.009999941103160381
angle,1780569818363681114,2.0299999713897705,0,0.010000002570450306
angle,1780569818373681194,2.0299999713897705,0,0.009999996051192284
angle,1780569818383681804,2.0299999713897705,0,0.00999994482845068
angle,1780569818393681716,2.0299999713897705,0,0.009999963454902172
angle,1780569818403681910,2.0299999713897705,0,0.009999954141676426
angle,1780569818413683614,2.0299999713897705,0,0.01000000536441803
angle,1780569818423682624,2.0299999713897705,0,0.009999889880418777
angle,1780569818433682873,2.0299999713897705,0,0.010000000707805157
angle,1780569818443682692,2.0299999713897705,0,0.009999987669289112
angle,1780569818453683038,2.0299999713897705,0,0.009999959729611874
angle,1780569818463683514,2.0299999713897705,0,0.00999998115003109
angle,1780569818473683921,2.0299999713897705,0,0.009999980218708515
angle,1780569818483683927,2.0299999713897705,0,0.009999957866966724
angle,1780569818493684347,2.0299999713897705,0,0.010000007227063179
angle,1780569818503684494,2.0299999713897705,0,0.010000007227063179
angle,1780569818513685034,2.0299999713897705,0,0.00999999139457941
angle,1780569818523684798,2.0299999713897705,0,0.009999957866966724
angle,1780569818533685263,2.0299999713897705,0,0.009999978356063366
angle,1780569818543685380,2.0299999713897705,0,0.009999968111515045
angle,1780569818553685617,2.0299999713897705,0,0.009999941103160381
angle,1780569818563685681,2.0299999713897705,0,0.009999943897128105
angle,1780569818573686015,2.0299999713897705,0,0.009999978356063366
angle,1780569818583686211,2.0299999713897705,0,0.01000000536441803
angle,1780569818593687410,2.0299999713897705,0,0.009999996051192284
angle,1780569818603688751,2.0299999713897705,0,0.009999985806643963
angle,1780569818613686954,2.0299999713897705,0,0.009999926201999187
angle,1780569818623687140,2.0299999713897705,0,0.010000002570450306
angle,1780569818633687384,2.0299999713897705,0,0.009999937377870083
angle,1780569818643687645,2.0299999713897705,0,0.009999980218708515
angle,1780569818653687847,2.0299999713897705,0,0.00999994482845068
angle,1780569818663688277,2.0299999713897705,0,0.009999955072999
angle,1780569818673689908,2.0299999713897705,0,0.009999975562095642
angle,1780569818683688625,2.0299999713897705,0,0.00999990664422512
angle,1780569818693688904,2.0299999713897705,0,0.009999956004321575
angle,1780569818703689079,2.0299999713897705,0,0.009999934583902359
angle,1780569818713689676,2.0299999713897705,0,0.009999994188547134
angle,1780569818723689785,2.0299999713897705,0,0.010000002570450306
angle,1780569818733689819,2.0299999713897705,0,0.009999950416386127
angle,1780569818743690842,2.0299999713897705,0,0.00999997928738594
angle,1780569818753690479,2.0299999713897705,0,0.009999961592257023
angle,1780569818763690583,2.0299999713897705,0,0.009999992325901985
angle,1780569818773690783,2.0299999713897705,0,0.009999983012676239
angle,1780569818783690976,2.0299999713897705,0,0.009999942034482956
angle,1780569818793691418,2.0299999713897705,0,0.009999975562095642
angle,1780569818803691744,2.0299999713897705,0,0.009999941103160381
angle,1780569818813691718,2.0299999713897705,0,0.010000007227063179
angle,1780569818823692030,2.0299999713897705,0,0.00999994482845068
angle,1780569818833692118,2.0299999713897705,0,0.00999992061406374
angle,1780569818843692485,2.0299999713897705,0,0.009999951347708702
angle,1780569818853692832,2.0299999713897705,0,0.01000000536441803
angle,1780569818863692870,2.0299999713897705,0,0.009999890811741352
angle,1780569818873693110,2.0299999713897705,0,0.010000001639127731
angle,1780569818883693520,2.0299999713897705,0,0.009999996051192284
angle,1780569818893694059,2.0299999713897705,0,0.009999940171837807
angle,1780569818903693829,2.0299999713897705,0,0.009999921545386314
angle,1780569818913694066,2.0299999713897705,0,0.009999975562095642
angle,1780569818923694351,2.0299999713897705,0,0.009999937377870083
angle,1780569818933695816,2.0299999713897705,0,0.009999983012676239
angle,1780569818943694649,2.0299999713897705,0,0.009999689646065235
angle,1780569818953694881,2.0299999713897705,0,0.009999997913837433
angle,1780569818963695111,2.0299999713897705,0,0.009999933652579784
angle,1780569818973695399,2.0299999713897705,0,0.009999971836805344
angle,1780569818983695425,2.0299999713897705,0,0.009999963454902172
angle,1780569818993695813,2.0299999713897705,0,0.00999999325722456
angle,1780569819003696268,2.0299999713897705,0,0.009999955072999
angle,1780569819013696415,2.0299999713897705,0,0.010000022128224373
angle,1780569819023697180,2.0299999713897705,0,0.010000001639127731
angle,1780569819033696717,2.0299999713897705,0,0.009999999776482582
angle,1780569819043696838,2.0299999713897705,0,0.00999999325722456
angle,1780569819053697215,2.0299999713897705,0,0.009999985806643963
angle,1780569819063698273,2.0299999713897705,0,0.009999954141676426
angle,1780569819073697618,2.0299999713897705,0,0.009999999776482582
angle,1780569819083698096,2.0299999713897705,0,0.009999960660934448
angle,1780569819093698429,2.0299999713897705,0,0.009999970905482769
angle,1780569819103698526,2.0299999713897705,0,0.009999964386224747
angle,1780569819113699056,2.0299999713897705,0,0.009999947622418404
angle,1780569819123699124,2.0299999713897705,0,0.009999953210353851
angle,1780569819133702813,2.0299999713897705,0,0.01000000536441803
angle,1780569819143700400,2.0299999713897705,0,0.009999971836805344
angle,1780569819153700668,2.0299999713897705,0,0.009999938309192657
angle,1780569819163700917,2.0299999713897705,0,0.009999947622418404
angle,1780569819173701140,2.0299999713897705,0,0.009999947622418404
angle,1780569819183702634,2.0299999713897705,0,0.009999985806643963
angle,1780569819193701691,2.0299999713897705,0,0.009999972768127918
angle,1780569819205447535,2.0299999713897705,0,0.011745373718440533
angle,1780569819215448320,2.0299999713897705,0,0.009999952279031277
angle,1780569819225448317,2.0299999713897705,0,0.009999940171837807
angle,1780569819235449888,2.0299999713897705,0,0.009999960660934448
angle,1780569819245448705,2.0299999713897705,0,0.009999912232160568
angle,1780569819255449085,2.0299999713897705,0,0.00999999139457941
angle,1780569819265449073,2.0299999713897705,0,0.00999998115003109
angle,1780569819275449540,2.0299999713897705,0,0.00999995693564415
angle,1780569819285449893,2.0299999713897705,0,0.009999983012676239
angle,1780569819295449855,2.0299999713897705,0,0.009999938309192657
angle,1780569819305450374,2.0299999713897705,0,0.009999968111515045
angle,1780569819315450287,2.0299999713897705,0,0.009999968111515045
angle,1780569819325450659,2.0299999713897705,0,0.010000001639127731
angle,1780569819335450765,2.0299999713897705,0,0.009999963454902172
angle,1780569819345451159,2.0299999713897705,0,0.009999999776482582
angle,1780569819355451522,2.0299999713897705,0,0.009999984875321388
angle,1780569819365451934,2.0299999713897705,0,0.009999943897128105
angle,1780569819375451830,2.0299999713897705,0,0.009999913163483143
angle,1780569819385452258,2.0299999713897705,0,0.01000000536441803
angle,1780569819395452919,2.0299999713897705,0,0.00999999325722456
angle,1780569819405452975,2.0299999713897705,0,0.00999994296580553
angle,1780569819415452944,2.0299999713897705,0,0.00999999325722456
angle,1780569819425455344,2.0299999713897705,0,0.00999998115003109
angle,1780569819435455544,2.0299999713897705,0,0.00999990664422512
angle,1780569819445456034,2.0299999713897705,0,0.009999910369515419
angle,1780569819455453855,2.0299999713897705,0,0.009999968111515045
angle,1780569819465454304,2.0299999713897705,0,0.009999952279031277
angle,1780569819475454472,2.0299999713897705,0,0.009999887086451054
angle,1780569819485454567,2.0299999713897705,0,0.00999999139457941
angle,1780569819495455018,2.0299999713897705,0,0.010000006295740604
angle,1780569819505455442,2.0299999713897705,0,0.009999985806643963
angle,1780569819515455410,2.0299999713897705,0,0.009999980218708515
angle,1780569819525455805,2.0299999713897705,0,0.009999994188547134
angle,1780569819535455880,2.0299999713897705,0,0.009999996051192284
angle,1780569819545458087,2.0299999713897705,0,0.009999978356063366
angle,1780569819555456464,2.0299999713897705,0,0.00999993085861206
angle,1780569819565456720,2.0299999713897705,0,0.009999983943998814
angle,1780569819575456990,2.0299999713897705,0,0.009999946691095829
angle,1780569819585457332,2.0299999713897705,0,0.009999977424740791
angle,1780569819595457454,2.0299999713897705,0,0.009999959729611874
angle,1780569819605459165,2.0299999713897705,0,0.00999995693564415
angle,1780569819615457877,2.0299999713897705,0,0.009999933652579784
angle,1780569819625458158,2.0299999713897705,0,0.009999968111515045
angle,1780569819635458323,2.0299999713897705,0,0.009999970905482769
angle,1780569819645458351,2.0299999713897705,0,0.009999983943998814
angle,1780569819655458547,2.0299999713897705,0,0.009999948553740978
angle,1780569819665458745,2.0299999713897705,0,0.009999931789934635
angle,1780569819675459319,2.0299999713897705,0,0.009999966248869896
angle,1780569819685459282,2.0299999713897705,0,0.009999990463256836
angle,1780569819695459554,2.0299999713897705,0,0.009999955072999
angle,1780569819705459719,2.0299999713897705,0,0.009999960660934448
angle,1780569819715460029,2.0299999713897705,0,0.009999998845160007
angle,1780569819725460296,2.0299999713897705,0,0.009999997913837433
angle,1780569819735460643,2.0299999713897705,0,0.00999999139457941
angle,1780569819745460683,2.0299999713897705,0,0.009999921545386314
angle,1780569819755461934,2.0299999713897705,0,0.009999948553740978
angle,1780569819765461431,2.0299999713897705,0,0.009999843314290047
angle,1780569819775461298,2.0299999713897705,0,0.00999999325722456
angle,1780569819785461706,2.0299999713897705,0,0.009999954141676426
angle,1780569819795461679,2.0299999713897705,0,0.00999994482845068
angle,1780569819805462143,2.0299999713897705,0,0.009999971836805344
angle,1780569819815462459,2.0299999713897705,0,0.010000004433095455
angle,1780569819825462779,2.0299999713897705,0,0.010000006295740604
angle,1780569819835462848,2.0299999713897705,0,0.00999992061406374
angle,1780569819845463201,2.0299999713897705,0,0.009999958798289299
angle,1780569819855463787,2.0299999713897705,0,0.009999998845160007
angle,1780569819865463954,2.0299999713897705,0,0.009999978356063366
angle,1780569819875464176,2.0299999713897705,0,0.00999993085861206
angle,1780569819885464240,2.0299999713897705,0,0.009999915957450867
angle,1780569819895464421,2.0299999713897705,0,0.009999966248869896
angle,1780569819905465258,2.0299999713897705,0,0.009999939240515232
angle,1780569819915465063,2.0299999713897705,0,0.010000004433095455
angle,1780569819925465134,2.0299999713897705,0,0.009999966248869896
angle,1780569819935466315,2.0299999713897705,0,0.009999927133321762
angle,1780569819945466155,2.0299999713897705,0,0.00999985821545124
angle,1780569819955465674,2.0299999713897705,0,0.009999951347708702
angle,1780569819965466212,2.0299999713897705,0,0.009999971836805344
angle,1780569819975468010,2.0299999713897705,0,0.010000012814998627
angle,1780569819985466682,2.0299999713897705,0,0.009999929927289486
angle,1780569819995466957,2.0299999713897705,0,0.009999939240515232
angle,1780569820005470199,2.0299999713897705,0,0.010000002570450306
angle,1780569820015467710,2.0299999713897705,0,0.009999880567193031
angle,1780569820025468186,2.0299999713897705,0,0.009999956004321575
angle,1780569820035468025,2.0299999713897705,0,0.009999987669289112
angle,1780569820045468204,2.0299999713897705,0,0.009999974630773067
angle,1780569820055468562,2.0299999713897705,0,0.009999972768127918
angle,1780569820065468891,2.0299999713897705,0,0.009999998845160007
angle,1780569820075469104,2.0299999713897705,0,0.009999955072999
angle,1780569820085471142,2.0299999713897705,0,0.00999999325722456
angle,1780569820095470975,2.0299999713897705,0,0.009999863803386688
angle,1780569820105470140,2.0299999713897705,0,0.009999942034482956
angle,1780569820115469937,2.0299999713897705,0,0.00999993085861206
angle,1780569820125470651,2.0299999713897705,0,0.009999997913837433
angle,1780569820135470532,2.0299999713897705,0,0.009999953210353851
angle,1780569820145470770,2.0299999713897705,0,0.009999958798289299
angle,1780569820155471433,2.0299999713897705,0,0.009999943897128105
angle,1780569820165471173,2.0299999713897705,0,0.009999961592257023
angle,1780569820175471281,2.0299999713897705,0,0.009999978356063366
angle,1780569820185471646,2.0299999713897705,0,0.009999992325901985
angle,1780569820195471600,2.0299999713897705,0,0.009999938309192657
angle,1780569820205472059,2.0299999713897705,0,0.009999977424740791
angle,1780569820215472279,2.0299999713897705,0,0.009999919682741165
angle,1780569820225473028,2.0299999713897705,0,0.009999973699450493
angle,1780569820235472488,2.0299999713897705,0,0.009999945759773254
angle,1780569820245472698,2.0299999713897705,0,0.009999998845160007
angle,1780569820255473185,2.0299999713897705,0,0.00999999139457941
angle,1780569820265473267,2.0299999713897705,0,0.009999946691095829
angle,1780569820275473755,2.0299999713897705,0,0.009999969974160194
angle,1780569820285474000,2.0299999713897705,0,0.00999995693564415
angle,1780569820295473921,2.0299999713897705,0,0.009999952279031277
angle,1780569820305474240,2.0299999713897705,0,0.009999965317547321
angle,1780569820315474497,2.0299999713897705,0,0.009999994188547134
angle,1780569820325474652,2.0299999713897705,0,0.009999933652579784
angle,1780569820335475298,2.0299999713897705,0,0.009999975562095642
angle,1780569820345475201,2.0299999713897705,0,0.010000001639127731
angle,1780569820355475377,2.0299999713897705,0,0.009999980218708515
angle,1780569820365475561,2.0299999713897705,0,0.009999995119869709
angle,1780569820375476254,2.0299999713897705,0,0.009999966248869896
angle,1780569820385476042,2.0299999713897705,0,0.009999995119869709
angle,1780569820395476146,2.0299999713897705,0,0.00999999325722456
angle,1780569820405476312,2.0299999713897705,0,0.009999941103160381
angle,1780569820415476633,2.0299999713897705,0,0.009999971836805344
angle,1780569820425477175,2.0299999713897705,0,0.009999951347708702
angle,1780569820435477163,2.0299999713897705,0,0.009999912232160568
angle,1780569820445477427,2.0299999713897705,0,0.00999996904283762
angle,1780569820455477647,2.0299999713897705,0,0.009999961592257023
angle,1780569820465478194,2.0299999713897705,0,0.009999946691095829
angle,1780569820475477909,2.0299999713897705,0,0.009999960660934448
angle,1780569820485478239,2.0299999713897705,0,0.010000001639127731
angle,1780569820495478541,2.0299999713897705,0,0.009999952279031277
angle,1780569820505479286,2.0299999713897705,0,0.009999937377870083
angle,1780569820515479340,2.0299999713897705,0,0.009999955072999
angle,1780569820525479612,2.0299999713897705,0,0.009999941103160381
angle,1780569820535479767,2.0299999713897705,0,0.00999996904283762
angle,1780569820545479914,2.0299999713897705,0,0.009999959729611874
angle,1780569820555480555,2.0299999713897705,0,0.00999998115003109
angle,1780569820565480499,2.0299999713897705,0,0.009999985806643963
angle,1780569820575480777,2.0299999713897705,0,0.009999970905482769
angle,1780569820585480745,2.0299999713897705,0,0.009999946691095829
angle,1780569820595481519,2.0299999713897705,0,0.009999978356063366
angle,1780569820605484070,2.0299999713897705,0,0.009999986737966537
angle,1780569820615481870,2.0299999713897705,0,0.009999833069741726
angle,1780569820625482266,2.0299999713897705,0,0.009999963454902172
angle,1780569820635482530,2.0299999713897705,0,0.009999997913837433
angle,1780569820645482440,2.0299999713897705,0,0.00999988242983818
angle,1780569820655482670,2.0299999713897705,0,0.009999972768127918
angle,1780569820665483388,2.0299999713897705,0,0.009999933652579784
angle,1780569820675483165,2.0299999713897705,0,0.009999995119869709
angle,1780569820685483625,2.0299999713897705,0,0.010000002570450306
angle,1780569820695485843,2.0299999713897705,0,0.00999997928738594
angle,1780569820705486189,2.0299999713897705,0,0.009999850764870644
angle,1780569820715485225,2.0299999713897705,0,0.009999960660934448
angle,1780569820725484598,2.0299999713897705,0,0.009999912232160568
angle,1780569820735484939,2.0299999713897705,0,0.009999998845160007
angle,1780569820745484992,2.0299999713897705,0,0.009999954141676426
angle,1780569820755485148,2.0299999713897705,0,0.009999990463256836
angle,1780569820765485264,2.0299999713897705,0,0.009999973699450493
angle,1780569820775485501,2.0299999713897705,0,0.009999957866966724
angle,1780569820785486046,2.0299999713897705,0,0.009999968111515045
angle,1780569820795486439,2.0299999713897705,0,0.009999980218708515
angle,1780569820805486530,2.0299999713897705,0,0.009999950416386127
angle,1780569820815486877,2.0299999713897705,0,0.009999974630773067
angle,1780569820825486751,2.0299999713897705,0,0.009999955072999
angle,1780569820835487255,2.0299999713897705,0,0.009999958798289299
angle,1780569820845487261,2.0299999713897705,0,0.009999997913837433
angle,1780569820855487557,2.0299999713897705,0,0.009999996982514858
angle,1780569820865487867,2.0299999713897705,0,0.009999940171837807
angle,1780569820875488057,2.0299999713897705,0,0.009999996982514858
angle,1780569820885488419,2.0299999713897705,0,0.009999970905482769
angle,1780569820895488731,2.0299999713897705,0,0.009999999776482582
angle,1780569820905489011,2.0299999713897705,0,0.009999958798289299
angle,1780569820915488977,2.0299999713897705,0,0.009999972768127918
angle,1780569820925489272,2.0299999713897705,0,0.009999985806643963
angle,1780569820935490615,2.0299999713897705,0,0.009999957866966724
angle,1780569820945489737,2.0299999713897705,0,0.009999971836805344
angle,1780569820955490064,2.0299999713897705,0,0.009999990463256836
angle,1780569820965490169,2.0299999713897705,0,0.00999994296580553
angle,1780569820975490664,2.0299999713897705,0,0.00999994296580553
angle,1780569820985490730,2.0299999713897705,0,0.009999984875321388
angle,1780569820995491246,2.0299999713897705,0,0.010000007227063179
angle,1780569821005492197,2.0299999713897705,0,0.009999933652579784
angle,1780569821015491549,2.0299999713897705,0,0.009999926201999187
angle,1780569821025491826,2.0299999713897705,0,0.009999970905482769
angle,1780569821035492306,2.0299999713897705,0,0.009999983943998814
angle,1780569821045492639,2.0299999713897705,0,0.009999940171837807
angle,1780569821055492723,2.0299999713897705,0,0.009999975562095642
angle,1780569821065492712,2.0299999713897705,0,0.009999984875321388
angle,1780569821075493004,2.0299999713897705,0,0.009999954141676426
angle,1780569821085493673,2.0299999713897705,0,0.009999998845160007
angle,1780569821095494006,2.0299999713897705,0,0.009999970905482769
angle,1780569821105493948,2.0299999713897705,0,0.009999923408031464
angle,1780569821115493997,2.0299999713897705,0,0.00999994482845068
angle,1780569821125494534,2.0299999713897705,0,0.009999977424740791
angle,1780569821135496190,2.0299999713897705,0,0.009999978356063366
angle,1780569821145494932,2.0299999713897705,0,0.009999848902225494
angle,1780569821155495151,2.0299999713897705,0,0.010000006295740604
angle,1780569821165495878,2.0299999713897705,0,0.009999973699450493
angle,1780569821175496067,2.0299999713897705,0,0.009999973699450493
angle,1780569821185496081,2.0299999713897705,0,0.009999964386224747
angle,1780569821195496398,2.0299999713897705,0,0.00999996904283762
angle,1780569821205496570,2.0299999713897705,0,0.009999936446547508
angle,1780569821215497499,2.0299999713897705,0,0.009999956004321575
angle,1780569821225497262,2.0299999713897705,0,0.009999958798289299
angle,1780569821235498217,2.0299999713897705,0,0.009999996051192284
angle,1780569821245497581,2.0299999713897705,0,0.009999956004321575
angle,1780569821255498309,2.0299999713897705,0,0.009999945759773254
angle,1780569821265498255,2.0299999713897705,0,0.009999957866966724
angle,1780569821275498550,2.0299999713897705,0,0.00999999325722456
angle,1780569821285499108,2.0299999713897705,0,0.010000004433095455
angle,1780569821295499195,2.0299999713897705,0,0.009999980218708515
angle,1780569821305499586,2.0299999713897705,0,0.009999996051192284
angle,1780569821315499639,2.0299999713897705,0,0.009999994188547134
angle,1780569821325499836,2.0299999713897705,0,0.010000000707805157
angle,1780569821335500442,2.0299999713897705,0,0.009999978356063366
angle,1780569821345500440,2.0299999713897705,0,0.009999883361160755
angle,1780569821355500856,2.0299999713897705,0,0.009999980218708515
angle,1780569821365501068,2.0299999713897705,0,0.009999965317547321
angle,1780569821375501038,2.0299999713897705,0,0.009999941103160381
angle,1780569821385501537,2.0299999713897705,0,0.009999975562095642
angle,1780569821395501864,2.0299999713897705,0,0.009999970905482769
angle,1780569821405501827,2.0299999713897705,0,0.009999975562095642
angle,1780569821415502225,2.0299999713897705,0,0.009999947622418404
angle,1780569821425502371,2.0299999713897705,0,0.009999975562095642
angle,1780569821435503000,2.0299999713897705,0,0.009999945759773254
angle,1780569821445503288,2.0299999713897705,0,0.00999996718019247
angle,1780569821455503290,2.0299999713897705,0,0.009999934583902359
angle,1780569821465503463,2.0299999713897705,0,0.009999964386224747
angle,1780569821475503633,2.0299999713897705,0,0.009999948553740978
angle,1780569821485504172,2.0299999713897705,0,0.010000010021030903
angle,1780569821495504118,2.0299999713897705,0,0.00999994482845068
angle,1780569821505504571,2.0299999713897705,0,0.009999960660934448
angle,1780569821515504907,2.0299999713897705,0,0.009999983943998814
angle,1780569821525505314,2.0299999713897705,0,0.009999973699450493
angle,1780569821535505867,2.0299999713897705,0,0.009999999776482582
angle,1780569821545505837,2.0299999713897705,0,0.009999915957450867
angle,1780569821555506025,2.0299999713897705,0,0.009999975562095642
angle,1780569821565506324,2.0299999713897705,0,0.009999973699450493
angle,1780569821575506790,2.0299999713897705,0,0.009999955072999
angle,1780569821585506785,2.0299999713897705,0,0.010000006295740604
angle,1780569821595507192,2.0299999713897705,0,0.009999974630773067
angle,1780569821605507474,2.0299999713897705,0,0.009999903850257397
angle,1780569821615507620,2.0299999713897705,0,0.00999998115003109
angle,1780569821625507778,2.0299999713897705,0,0.009999985806643963
angle,1780569821635508203,2.0299999713897705,0,0.009999954141676426
angle,1780569821645508014,2.0299999713897705,0,0.009999942034482956
angle,1780569821655508174,2.0299999713897705,0,0.00999995693564415
angle,1780569821665508547,2.0299999713897705,0,0.009999988600611687
angle,1780569821675508645,2.0299999713897705,0,0.009999933652579784
angle,1780569821685509177,2.0299999713897705,0,0.009999959729611874
angle,1780569821695509054,2.0299999713897705,0,0.00999999325722456
angle,1780569821705509411,2.0299999713897705,0,0.009999974630773067
angle,1780569821715509956,2.0299999713897705,0,0.009999973699450493
angle,1780569821725510247,2.0299999713897705,0,0.009999898262321949
angle,1780569821735510496,2.0299999713897705,0,0.009999958798289299
angle,1780569821745510666,2.0299999713897705,0,0.009999943897128105
angle,1780569821755510800,2.0299999713897705,0,0.00999995693564415
angle,1780569821765511074,2.0299999713897705,0,0.009999985806643963
angle,1780569821775511632,2.0299999713897705,0,0.009999980218708515
angle,1780569821785511579,2.0299999713897705,0,0.009999997913837433
angle,1780569821795511962,2.0299999713897705,0,0.00999996904283762
angle,1780569821805512111,2.0299999713897705,0,0.009999938309192657
angle,1780569821815512857,2.0299999713897705,0,0.009999988600611687
angle,1780569821825512580,2.0299999713897705,0,0.01000000536441803
angle,1780569821835513136,2.0299999713897705,0,0.009999990463256836
angle,1780569821845513384,2.0299999713897705,0,0.010000000707805157
angle,1780569821855513493,2.0299999713897705,0,0.009999939240515232
angle,1780569821865514044,2.0299999713897705,0,0.009999997913837433
angle,1780569821875513982,2.0299999713897705,0,0.009999986737966537
angle,1780569821885514857,2.0299999713897705,0,0.009999947622418404
angle,1780569821895514433,2.0299999713897705,0,0.009999901056289673
angle,1780569821905514686,2.0299999713897705,0,0.009999961592257023
angle,1780569821915515194,2.0299999713897705,0,0.009999971836805344
angle,1780569821925517395,2.0299999713897705,0,0.00999999325722456
angle,1780569821935516490,2.0299999713897705,0,0.009999901056289673
angle,1780569821945515870,2.0299999713897705,0,0.009999929927289486
angle,1780569821955518160,2.0299999713897705,0,0.009999946691095829
angle,1780569821965517906,2.0299999713897705,0,0.009999901987612247
angle,1780569821975518094,2.0299999713897705,0,0.009999937377870083
angle,1780569821985517881,2.0299999713897705,0,0.009999874979257584
angle,1780569821995517194,2.0299999713897705,0,0.009999914094805717
angle,1780569822005517296,2.0299999713897705,0,0.009999961592257023
angle,1780569822015517469,2.0299999713897705,0,0.009999973699450493
angle,1780569822025517540,2.0299999713897705,0,0.009999980218708515
angle,1780569822035517704,2.0299999713897705,0,0.009999948553740978
angle,1780569822045518253,2.0299999713897705,0,0.009999953210353851
angle,1780569822055518669,2.0299999713897705,0,0.009999951347708702
angle,1780569822065520391,2.0299999713897705,0,0.009999940171837807
angle,1780569822075518937,2.0299999713897705,0,0.009999994188547134
angle,1780569822085519304,2.0299999713897705,0,0.009999986737966537
angle,1780569822095519584,2.0299999713897705,0,0.009999972768127918
angle,1780569822105519805,2.0299999713897705,0,0.00999993272125721
angle,1780569822115519909,2.0299999713897705,0,0.009999994188547134
angle,1780569822125520075,2.0299999713897705,0,0.009999963454902172
angle,1780569822135520432,2.0299999713897705,0,0.00999997928738594
angle,1780569822145520930,2.0299999713897705,0,0.009999948553740978
angle,1780569822155520796,2.0299999713897705,0,0.009999947622418404
angle,1780569822165521035,2.0299999713897705,0,0.009999943897128105
angle,1780569822175521411,2.0299999713897705,0,0.009999997913837433
angle,1780569822185521741,2.0299999713897705,0,0.009999948553740978
angle,1780569822195521765,2.0299999713897705,0,0.009999936446547508
angle,1780569822205521882,2.0299999713897705,0,0.009999997913837433
angle,1780569822215522232,2.0299999713897705,0,0.009999982081353664
angle,1780569822225522528,2.0299999713897705,0,0.009999974630773067
angle,1780569822235523153,2.0299999713897705,0,0.009999926201999187
angle,1780569822245522783,2.0299999713897705,0,0.009999899193644524
angle,1780569822255523090,2.0299999713897705,0,0.009999955072999
angle,1780569822265523335,2.0299999713897705,0,0.009999960660934448
angle,1780569822275523549,2.0299999713897705,0,0.010000002570450306
angle,1780569822285523897,2.0299999713897705,0,0.009999963454902172
angle,1780569822295523880,2.0299999713897705,0,0.009999983012676239
angle,1780569822305524505,2.0299999713897705,0,0.010000000707805157
angle,1780569822315524668,2.0299999713897705,0,0.010000018402934074
angle,1780569822325525161,2.0299999713897705,0,0.00999993272125721
angle,1780569822335525072,2.0299999713897705,0,0.00999994296580553
angle,1780569822345525266,2.0299999713897705,0,0.009999958798289299
angle,1780569822355525527,2.0299999713897705,0,0.009999983012676239
angle,1780569822365525763,2.0299999713897705,0,0.009999939240515232
angle,1780569822375525994,2.0299999713897705,0,0.00999995693564415
angle,1780569822385526881,2.0299999713897705,0,0.009999952279031277
angle,1780569822395526380,2.0299999713897705,0,0.009999945759773254
angle,1780569822405526702,2.0299999713897705,0,0.00999998115003109
angle,1780569822415527361,2.0299999713897705,0,0.00999999139457941
angle,1780569822425526983,2.0299999713897705,0,0.009999959729611874
angle,1780569822435527226,2.0299999713897705,0,0.009999952279031277
angle,1780569822445527406,2.0299999713897705,0,0.009999913163483143
angle,1780569822455527616,2.0299999713897705,0,0.009999961592257023
angle,1780569822465527857,2.0299999713897705,0,0.009999988600611687
angle,1780569822475527913,2.0299999713897705,0,0.009999982081353664
angle,1780569822485528318,2.0299999713897705,0,0.009999951347708702
angle,1780569822495528471,2.0299999713897705,0,0.010000006295740604
angle,1780569822505528902,2.0299999713897705,0,0.009999963454902172
angle,1780569822515529015,2.0299999713897705,0,0.009999971836805344
angle,1780569822525529441,2.0299999713897705,0,0.009999954141676426
angle,1780569822535529547,2.0299999713897705,0,0.00999999325722456
angle,1780569822545530224,2.0299999713897705,0,0.010000008158385754
angle,1780569822555530562,2.0299999713897705,0,0.00999995693564415
angle,1780569822565530415,2.0299999713897705,0,0.009999874047935009
angle,1780569822575530553,2.0299999713897705,0,0.009999957866966724
angle,1780569822585530852,2.0299999713897705,0,0.009999995119869709
angle,1780569822595532187,2.0299999713897705,0,0.009999978356063366
angle,1780569822605531267,2.0299999713897705,0,0.009999983012676239
angle,1780569822615533013,2.0299999713897705,0,0.009999977424740791
angle,1780569822625531766,2.0299999713897705,0,0.009999959729611874
angle,1780569822635532035,2.0299999713897705,0,0.010000000707805157
angle,1780569822645532391,2.0299999713897705,0,0.009999950416386127
angle,1780569822655532933,2.0299999713897705,0,0.009999992325901985
angle,1780569822665532656,2.0299999713897705,0,0.009999988600611687
angle,1780569822675532943,2.0299999713897705,0,0.009999997913837433
angle,1780569822685533275,2.0299999713897705,0,0.009999969974160194
angle,1780569822695533476,2.0299999713897705,0,0.009999975562095642
angle,1780569822705534075,2.0299999713897705,0,0.009999940171837807
angle,1780569822715534092,2.0299999713897705,0,0.009999942034482956
angle,1780569822725534205,2.0299999713897705,0,0.009999972768127918
angle,1780569822735534459,2.0299999713897705,0,0.009999940171837807
angle,1780569822745534982,2.0299999713897705,0,0.009999955072999
angle,1780569822755534978,2.0299999713897705,0,0.009999983943998814
angle,1780569822765534966,2.0299999713897705,0,0.009999970905482769
angle,1780569822775535354,2.0299999713897705,0,0.00999999325722456
angle,1780569822785535592,2.0299999713897705,0,0.010000000707805157
angle,1780569822795536316,2.0299999713897705,0,0.009999997913837433
angle,1780569822805536065,2.0299999713897705,0,0.009999978356063366
angle,1780569822815536597,2.0299999713897705,0,0.010000011883676052
angle,1780569822825536656,2.0299999713897705,0,0.009999946691095829
angle,1780569822835537481,2.0299999713897705,0,0.009999990463256836
angle,1780569822845537324,2.0299999713897705,0,0.009999980218708515
angle,1780569822855537528,2.0299999713897705,0,0.00999997928738594
angle,1780569822865537799,2.0299999713897705,0,0.009999940171837807
angle,1780569822875538098,2.0299999713897705,0,0.00999998115003109
angle,1780569822885538258,2.0299999713897705,0,0.009999964386224747
angle,1780569822895538534,2.0299999713897705,0,0.009999965317547321
angle,1780569822905538497,2.0299999713897705,0,0.009999926201999187
angle,1780569822915538994,2.0299999713897705,0,0.00999997928738594
angle,1780569822925539209,2.0299999713897705,0,0.009999939240515232
angle,1780569822935540839,2.0299999713897705,0,0.00999994482845068
angle,1780569822945539589,2.0299999713897705,0,0.00999993272125721
angle,1780569822955539801,2.0299999713897705,0,0.010000001639127731
angle,1780569822965540005,2.0299999713897705,0,0.009999958798289299
angle,1780569822975540420,2.0299999713897705,0,0.009999953210353851
angle,1780569822985540399,2.0299999713897705,0,0.00999995693564415
angle,1780569822995540651,2.0299999713897705,0,0.00999996718019247
angle,1780569823005541079,2.0299999713897705,0,0.009999945759773254
angle,1780569823015541442,2.0299999713897705,0,0.010000009089708328
angle,1780569823025541546,2.0299999713897705,0,0.009999960660934448
angle,1780569823035541617,2.0299999713897705,0,0.010000000707805157
angle,1780569823045541968,2.0299999713897705,0,0.00999997928738594
angle,1780569823055544904,2.0299999713897705,0,0.009999956004321575
angle,1780569823065543949,2.0299999713897705,0,0.009999885223805904
angle,1780569823075544718,2.0299999713897705,0,0.009999946691095829
angle,1780569823085542962,2.0299999713897705,0,0.009999913163483143
angle,1780569823095543304,2.0299999713897705,0,0.009999972768127918
angle,1780569823105543636,2.0299999713897705,0,0.009999951347708702
angle,1780569823115543569,2.0299999713897705,0,0.009999996051192284
angle,1780569823125543884,2.0299999713897705,0,0.009999965317547321
angle,1780569823135544004,2.0299999713897705,0,0.009999961592257023
angle,1780569823145544665,2.0299999713897705,0,0.009999975562095642
angle,1780569823155544985,2.0299999713897705,0,0.00999999139457941
angle,1780569823165544680,2.0299999713897705,0,0.009999996051192284
angle,1780569823175544887,2.0299999713897705,0,0.009999977424740791
angle,1780569823185545130,2.0299999713897705,0,0.009999946691095829
angle,1780569823195545873,2.0299999713897705,0,0.009999986737966537
angle,1780569823205545690,2.0299999713897705,0,0.00999994296580553
angle,1780569823215546171,2.0299999713897705,0,0.009999997913837433
angle,1780569823225546356,2.0299999713897705,0,0.009999963454902172
angle,1780569823235546538,2.0299999713897705,0,0.009999992325901985
angle,1780569823245546724,2.0299999713897705,0,0.009999943897128105
angle,1780569823255546736,2.0299999713897705,0,0.009999956004321575
angle,1780569823265547069,2.0299999713897705,0,0.00999996904283762
angle,1780569823275547523,2.0299999713897705,0,0.010000001639127731
angle,1780569823285548060,2.0299999713897705,0,0.00999999325722456
angle,1780569823295547957,2.0299999713897705,0,0.009999980218708515
angle,1780569823305547998,2.0299999713897705,0,0.00999999325722456
angle,1780569823315548337,2.0299999713897705,0,0.010000006295740604
angle,1780569823325548647,2.0299999713897705,0,0.009999951347708702
angle,1780569823335548710,2.0299999713897705,0,0.010000002570450306
angle,1780569823345549363,2.0299999713897705,0,0.009999933652579784
angle,1780569823355548999,2.0299999713897705,0,0.009999951347708702
angle,1780569823365549371,2.0299999713897705,0,0.009999988600611687
angle,1780569823375549901,2.0299999713897705,0,0.009999994188547134
angle,1780569823385549923,2.0299999713897705,0,0.009999977424740791
angle,1780569823395550148,2.0299999713897705,0,0.009999973699450493
angle,1780569823405550332,2.0299999713897705,0,0.009999984875321388
angle,1780569823415550789,2.0299999713897705,0,0.009999961592257023
angle,1780569823425550952,2.0299999713897705,0,0.009999988600611687
angle,1780569823435551132,2.0299999713897705,0,0.009999983943998814
angle,1780569823445551337,2.0299999713897705,0,0.009999933652579784
angle,1780569823455551422,2.0299999713897705,0,0.009999950416386127
angle,1780569823465552116,2.0299999713897705,0,0.010000000707805157
angle,1780569823475551891,2.0299999713897705,0,0.009999934583902359
angle,1780569823485552059,2.0299999713897705,0,0.009999996982514858
angle,1780569823495553905,2.0299999713897705,0,0.009999960660934448
angle,1780569823505552811,2.0299999713897705,0,0.009999952279031277
angle,1780569823515553024,2.0299999713897705,0,0.009999973699450493
angle,1780569823525553415,2.0299999713897705,0,0.009999934583902359
angle,1780569823535553629,2.0299999713897705,0,0.009999898262321949
angle,1780569823545553757,2.0299999713897705,0,0.009999938309192657
angle,1780569823555553923,2.0299999713897705,0,0.009999955072999
angle,1780569823565554842,2.0299999713897705,0,0.009999996982514858
angle,1780569823575554743,2.0299999713897705,0,0.009999980218708515
angle,1780569823585555053,2.0299999713897705,0,0.009999960660934448
angle,1780569823595555323,2.0299999713897705,0,0.009999954141676426
angle,1780569823605555294,2.0299999713897705,0,0.009999917820096016
angle,1780569823615556953,2.0299999713897705,0,0.009999975562095642
angle,1780569823625556086,2.0299999713897705,0,0.009999928064644337
angle,1780569823635556254,2.0299999713897705,0,0.00999999139457941
angle,1780569823645556720,2.0299999713897705,0,0.009999975562095642
angle,1780569823655556668,2.0299999713897705,0,0.010000004433095455
angle,1780569823665557167,2.0299999713897705,0,0.009999994188547134
angle,1780569823675559238,2.0299999713897705,0,0.009999943897128105
angle,1780569823685558105,2.0299999713897705,0,0.009999888949096203
angle,1780569823695557715,2.0299999713897705,0,0.009999965317547321
angle,1780569823705557739,2.0299999713897705,0,0.009999951347708702
angle,1780569823715558082,2.0299999713897705,0,0.00999995693564415
angle,1780569823725558340,2.0299999713897705,0,0.009999963454902172
angle,1780569823735559011,2.0299999713897705,0,0.010000008158385754
angle,1780569823745558886,2.0299999713897705,0,0.009999973699450493
angle,1780569823755559136,2.0299999713897705,0,0.00999994296580553
angle,1780569823765559026,2.0299999713897705,0,0.009999957866966724
angle,1780569823775559864,2.0299999713897705,0,0.009999939240515232
angle,1780569823785559710,2.0299999713897705,0,0.009999987669289112
angle,1780569823795560021,2.0299999713897705,0,0.009999968111515045
angle,1780569823805560298,2.0299999713897705,0,0.009999946691095829
angle,1780569823815560457,2.0299999713897705,0,0.009999987669289112
angle,1780569823825560776,2.0299999713897705,0,0.009999995119869709
angle,1780569823835560747,2.0299999713897705,0,0.009999983012676239
angle,1780569823845561005,2.0299999713897705,0,0.009999958798289299
angle,1780569823855561470,2.0299999713897705,0,0.009999934583902359
angle,1780569823865561607,2.0299999713897705,0,0.009999955072999
angle,1780569823875561735,2.0299999713897705,0,0.009999913163483143
angle,1780569823885561965,2.0299999713897705,0,0.009999972768127918
angle,1780569823895562219,2.0299999713897705,0,0.009999943897128105
angle,1780569823905562479,2.0299999713897705,0,0.00999992061406374
angle,1780569823915562649,2.0299999713897705,0,0.009999974630773067
angle,1780569823925562824,2.0299999713897705,0,0.009999947622418404
angle,1780569823935564281,2.0299999713897705,0,0.009999934583902359
angle,1780569823945563146,2.0299999713897705,0,0.009999899193644524
angle,1780569823955563661,2.0299999713897705,0,0.009999942034482956
angle,1780569823965563573,2.0299999713897705,0,0.009999951347708702
angle,1780569823975565897,2.0299999713897705,0,0.010000004433095455
angle,1780569823985564093,2.0299999713897705,0,0.00999989453703165
angle,1780569823995564365,2.0299999713897705,0,0.010000002570450306
angle,1780569824005564688,2.0299999713897705,0,0.009999959729611874
angle,1780569824015564778,2.0299999713897705,0,0.009999939240515232
angle,1780569824025565407,2.0299999713897705,0,0.009999963454902172
angle,1780569824035565275,2.0299999713897705,0,0.009999954141676426
angle,1780569824045565364,2.0299999713897705,0,0.009999974630773067
angle,1780569824055565925,2.0299999713897705,0,0.009999988600611687
angle,1780569824065565821,2.0299999713897705,0,0.009999945759773254
angle,1780569824075566296,2.0299999713897705,0,0.009999978356063366
angle,1780569824085566528,2.0299999713897705,0,0.009999983012676239
angle,1780569824095566722,2.0299999713897705,0,0.009999950416386127
angle,1780569824105567152,2.0299999713897705,0,0.010000008158385754
angle,1780569824115567586,2.0299999713897705,0,0.009999966248869896
angle,1780569824125567678,2.0299999713897705,0,0.009999983012676239
angle,1780569824135567724,2.0299999713897705,0,0.009999984875321388
angle,1780569824145567847,2.0299999713897705,0,0.009999972768127918
angle,1780569824155568414,2.0299999713897705,0,0.009999954141676426
angle,1780569824165568167,2.0299999713897705,0,0.009999902918934822
angle,1780569824175568512,2.0299999713897705,0,0.009999948553740978
angle,1780569824185568704,2.0299999713897705,0,0.009999954141676426
angle,1780569824195568936,2.0299999713897705,0,0.009999998845160007
angle,1780569824205569546,2.0299999713897705,0,0.009999998845160007
angle,1780569824215569422,2.0299999713897705,0,0.010000010021030903
angle,1780569824225569849,2.0299999713897705,0,0.010000009089708328
angle,1780569824235570074,2.0299999713897705,0,0.009999953210353851
angle,1780569824245570429,2.0299999713897705,0,0.009999958798289299
angle,1780569824255570934,2.0299999713897705,0,0.010000008158385754
angle,1780569824265570983,2.0299999713897705,0,0.0099998963996768
angle,1780569824275571230,2.0299999713897705,0,0.009999961592257023
angle,1780569824285571605,2.0299999713897705,0,0.009999937377870083
angle,1780569824295571774,2.0299999713897705,0,0.009999964386224747
angle,1780569824305571907,2.0299999713897705,0,0.009999983012676239
angle,1780569824315572354,2.0299999713897705,0,0.00999996718019247
angle,1780569824325572356,2.0299999713897705,0,0.009999988600611687
angle,1780569824335572820,2.0299999713897705,0,0.009999970905482769
angle,1780569824345572849,2.0299999713897705,0,0.010000006295740604
angle,1780569824355573086,2.0299999713897705,0,0.009999964386224747
angle,1780569824365573465,2.0299999713897705,0,0.00999999139457941
angle,1780569824375573673,2.0299999713897705,0,0.009999987669289112
angle,1780569824385573774,2.0299999713897705,0,0.01000000536441803
angle,1780569824395574022,2.0299999713897705,0,0.009999986737966537
angle,1780569824405574226,2.0299999713897705,0,0.010000006295740604
angle,1780569824415574367,2.0299999713897705,0,0.009999977424740791
angle,1780569824425574885,2.0299999713897705,0,0.00999999139457941
angle,1780569824435575161,2.0299999713897705,0,0.00999998115003109
angle,1780569824445577029,2.0299999713897705,0,0.009999940171837807
angle,1780569824455577427,2.0299999713897705,0,0.00999992061406374
angle,1780569824465575979,2.0299999713897705,0,0.009999874047935009
angle,1780569824475576085,2.0299999713897705,0,0.01000000536441803
angle,1780569824485576300,2.0299999713897705,0,0.00999994296580553
angle,1780569824495576510,2.0299999713897705,0,0.009999948553740978
angle,1780569824505576447,2.0299999713897705,0,0.01000000536441803
angle,1780569824515577164,2.0299999713897705,0,0.009999971836805344
angle,1780569824525577413,2.0299999713897705,0,0.009999968111515045
angle,1780569824535577441,2.0299999713897705,0,0.009999954141676426
angle,1780569824545577905,2.0299999713897705,0,0.01000000536441803
angle,1780569824555578253,2.0299999713897705,0,0.009999927133321762
angle,1780569824565578093,2.0299999713897705,0,0.010000004433095455
angle,1780569824575578438,2.0299999713897705,0,0.009999988600611687
angle,1780569824585578755,2.0299999713897705,0,0.010000006295740604
angle,1780569824595579049,2.0299999713897705,0,0.010000002570450306
angle,1780569824605579432,2.0299999713897705,0,0.009999973699450493
angle,1780569824615581464,2.0299999713897705,0,0.009999999776482582
angle,1780569824625579761,2.0299999713897705,0,0.009999945759773254
angle,1780569824635579944,2.0299999713897705,0,0.009999982081353664
angle,1780569824645580396,2.0299999713897705,0,0.010000001639127731
angle,1780569824655581051,2.0299999713897705,0,0.00999998115003109
angle,1780569824665580713,2.0299999713897705,0,0.01000000536441803
angle,1780569824675580971,2.0299999713897705,0,0.00999999139457941
angle,1780569824685581223,2.0299999713897705,0,0.009999970905482769
angle,1780569824695581646,2.0299999713897705,0,0.00999999325722456
angle,1780569824705581641,2.0299999713897705,0,0.009999954141676426
angle,1780569824715581960,2.0299999713897705,0,0.009999965317547321
angle,1780569824725582482,2.0299999713897705,0,0.010000063106417656
angle,1780569824735582749,2.0299999713897705,0,0.009999888017773628
angle,1780569824745583129,2.0299999713897705,0,0.009999953210353851
angle,1780569824755584120,2.0299999713897705,0,0.010000000707805157
angle,1780569824765583657,2.0299999713897705,0,0.009999889880418777
angle,1780569824775583457,2.0299999713897705,0,0.009999972768127918
angle,1780569824785584036,2.0299999713897705,0,0.009999934583902359
angle,1780569824795583959,2.0299999713897705,0,0.010000004433095455
angle,1780569824805584354,2.0299999713897705,0,0.009999994188547134
angle,1780569824815584479,2.0299999713897705,0,0.009999973699450493
angle,1780569824825584769,2.0299999713897705,0,0.009999946691095829
angle,1780569824835585189,2.0299999713897705,0,0.009999996982514858
angle,1780569824845585441,2.0299999713897705,0,0.009999998845160007
angle,1780569824855585748,2.0299999713897705,0,0.009999983943998814
angle,1780569824865585653,2.0299999713897705,0,0.009999928995966911
angle,1780569824875586408,2.0299999713897705,0,0.009999974630773067
angle,1780569824885586234,2.0299999713897705,0,0.009999937377870083
angle,1780569824895586311,2.0299999713897705,0,0.009999956004321575
angle,1780569824905586529,2.0299999713897705,0,0.009999980218708515
angle,1780569824915586999,2.0299999713897705,0,0.009999997913837433
angle,1780569824925587138,2.0299999713897705,0,0.009999943897128105
angle,1780569824935588805,2.0299999713897705,0,0.009999939240515232
angle,1780569824945587923,2.0299999713897705,0,0.00999988242983818
angle,1780569824955588193,2.0299999713897705,0,0.01000000536441803
angle,1780569824965588566,2.0299999713897705,0,0.009999939240515232
angle,1780569824975588479,2.0299999713897705,0,0.009999978356063366
angle,1780569824985588629,2.0299999713897705,0,0.009999978356063366
angle,1780569824995588769,2.0299999713897705,0,0.009999942034482956
angle,1780569825005589387,2.0299999713897705,0,0.009999937377870083
angle,1780569825015589740,2.0299999713897705,0,0.009999984875321388
angle,1780569825025589763,2.0299999713897705,0,0.00999994482845068
angle,1780569825035590248,2.0299999713897705,0,0.009999974630773067
angle,1780569825045590204,2.0299999713897705,0,0.00999997928738594
angle,1780569825055591340,2.0299999713897705,0,0.009999959729611874
angle,1780569825065590747,2.0299999713897705,0,0.00999984797090292
angle,1780569825075591157,2.0299999713897705,0,0.009999986737966537
angle,1780569825085591317,2.0299999713897705,0,0.009999980218708515
angle,1780569825095591720,2.0299999713897705,0,0.009999941103160381
angle,1780569825105591446,2.0299999713897705,0,0.009999937377870083
angle,1780569825115591849,2.0299999713897705,0,0.009999958798289299
angle,1780569825125592028,2.0299999713897705,0,0.010000007227063179
angle,1780569825135592577,2.0299999713897705,0,0.009999988600611687
angle,1780569825145592875,2.0299999713897705,0,0.009999939240515232
angle,1780569825155592880,2.0299999713897705,0,0.010000007227063179
angle,1780569825165592823,2.0299999713897705,0,0.00999998115003109
angle,1780569825175593118,2.0299999713897705,0,0.009999951347708702
angle,1780569825185593673,2.0299999713897705,0,0.009999961592257023
angle,1780569825195595856,2.0299999713897705,0,0.009999990463256836
angle,1780569825205595105,2.0299999713897705,0,0.009999913163483143
angle,1780569825215595673,2.0299999713897705,0,0.009999857284128666
angle,1780569825225596352,2.0299999713897705,0,0.009999899193644524
angle,1780569825235594991,2.0299999713897705,0,0.009999914094805717
angle,1780569825245595023,2.0299999713897705,0,0.009999945759773254
angle,1780569825255595135,2.0299999713897705,0,0.009999941103160381
angle,1780569825265595308,2.0299999713897705,0,0.009999992325901985
angle,1780569825275595672,2.0299999713897705,0,0.009999985806643963
angle,1780569825285596077,2.0299999713897705,0,0.00999996904283762
angle,1780569825295596215,2.0299999713897705,0,0.009999878704547882
angle,1780569825305596204,2.0299999713897705,0,0.009999955072999
angle,1780569825315596729,2.0299999713897705,0,0.009999982081353664
angle,1780569825325596842,2.0299999713897705,0,0.009999940171837807
angle,1780569825335599460,2.0299999713897705,0,0.009999957866966724
angle,1780569825345597853,2.0299999713897705,0,0.009999938309192657
angle,1780569825355597676,2.0299999713897705,0,0.009999950416386127
angle,1780569825365597874,2.0299999713897705,0,0.009999985806643963
angle,1780569825375597949,2.0299999713897705,0,0.00999996718019247
angle,1780569825385598448,2.0299999713897705,0,0.009999968111515045
angle,1780569825395598379,2.0299999713897705,0,0.00999997928738594
angle,1780569825405598811,2.0299999713897705,0,0.00999999325722456
angle,1780569825415598966,2.0299999713897705,0,0.010000002570450306
angle,1780569825425599386,2.0299999713897705,0,0.010000010952353477
angle,1780569825435599830,2.0299999713897705,0,0.009999968111515045
angle,1780569825445599737,2.0299999713897705,0,0.009999899193644524
angle,1780569825455601044,2.0299999713897705,0,0.009999945759773254
angle,1780569825465600044,2.0299999713897705,0,0.010000000707805157
angle,1780569825475601607,2.0299999713897705,0,0.009999933652579784
angle,1780569825485600718,2.0299999713897705,0,0.009999941103160381
angle,1780569825495604150,2.0299999713897705,0,0.009999982081353664
angle,1780569825505601266,2.0299999713897705,0,0.00999983586370945
angle,1780569825515601530,2.0299999713897705,0,0.010000000707805157
angle,1780569825525601723,2.0299999713897705,0,0.009999939240515232
angle,1780569825535602622,2.0299999713897705,0,0.009999998845160007
angle,1780569825545602410,2.0299999713897705,0,0.009999998845160007
angle,1780569825555602707,2.0299999713897705,0,0.009999966248869896
angle,1780569825565602992,2.0299999713897705,0,0.009999995119869709
angle,1780569825575603515,2.0299999713897705,0,0.009999912232160568
angle,1780569825585603226,2.0299999713897705,0,0.009999945759773254
angle,1780569825595603730,2.0299999713897705,0,0.009999982081353664
angle,1780569825605603755,2.0299999713897705,0,0.009999992325901985
angle,1780569825615605481,2.0299999713897705,0,0.009999934583902359
angle,1780569825625604300,2.0299999713897705,0,0.00999991875141859
angle,1780569825635604677,2.0299999713897705,0,0.00999994296580553
angle,1780569825645604703,2.0299999713897705,0,0.00999995693564415
angle,1780569825655604875,2.0299999713897705,0,0.010000004433095455
angle,1780569825665605795,2.0299999713897705,0,0.009999959729611874
angle,1780569825675605228,2.0299999713897705,0,0.009999990463256836
angle,1780569825685605614,2.0299999713897705,0,0.009999946691095829
angle,1780569825695605836,2.0299999713897705,0,0.010000006295740604
angle,1780569825705606021,2.0299999713897705,0,0.009999945759773254
angle,1780569825715606291,2.0299999713897705,0,0.009999956004321575
angle,1780569825725606464,2.0299999713897705,0,0.009999986737966537
angle,1780569825735608751,2.0299999713897705,0,0.010000000707805157
angle,1780569825745609171,2.0299999713897705,0,0.009999928995966911
angle,1780569825755607515,2.0299999713897705,0,0.009999914094805717
angle,1780569825765607636,2.0299999713897705,0,0.009999965317547321
angle,1780569825775607857,2.0299999713897705,0,0.009999988600611687
angle,1780569825785607927,2.0299999713897705,0,0.009999947622418404
angle,1780569825795608401,2.0299999713897705,0,0.009999956004321575
angle,1780569825805608386,2.0299999713897705,0,0.009999994188547134
angle,1780569825815608887,2.0299999713897705,0,0.009999971836805344
angle,1780569825825608817,2.0299999713897705,0,0.009999933652579784
angle,1780569825835609376,2.0299999713897705,0,0.009999968111515045
angle,1780569825845609760,2.0299999713897705,0,0.009999956004321575
angle,1780569825855609633,2.0299999713897705,0,0.009999973699450493
angle,1780569825865610151,2.0299999713897705,0,0.009999940171837807
angle,1780569825875610206,2.0299999713897705,0,0.009999887086451054
angle,1780569825885610362,2.0299999713897705,0,0.009999954141676426
angle,1780569825895610272,2.0299999713897705,0,0.009999975562095642
angle,1780569825905610673,2.0299999713897705,0,0.009999999776482582
angle,1780569825915613024,2.0299999713897705,0,0.009999937377870083
angle,1780569825925612773,2.0299999713897705,0,0.009999901987612247
angle,1780569825935613090,2.0299999713897705,0,0.009999869391322136
angle,1780569825945611968,2.0299999713897705,0,0.009999889880418777
angle,1780569825955612500,2.0299999713897705,0,0.009999983012676239
angle,1780569825965612408,2.0299999713897705,0,0.00999996718019247
angle,1780569825975614646,2.0299999713897705,0,0.009999977424740791
angle,1780569825985613102,2.0299999713897705,0,0.009999913163483143
angle,1780569825995613039,2.0299999713897705,0,0.010000022128224373
angle,1780569826005613211,2.0299999713897705,0,0.009999961592257023
angle,1780569826015614070,2.0299999713897705,0,0.009999986737966537
angle,1780569826025613780,2.0299999713897705,0,0.009999985806643963
angle,1780569826035614017,2.0299999713897705,0,0.009999969974160194
angle,1780569826045614155,2.0299999713897705,0,0.00999996904283762
angle,1780569826055615104,2.0299999713897705,0,0.00999998115003109
angle,1780569826065615401,2.0299999713897705,0,0.009999954141676426
angle,1780569826075614902,2.0299999713897705,0,0.009999969974160194
angle,1780569826085615605,2.0299999713897705,0,0.009999963454902172
angle,1780569826095616121,2.0299999713897705,0,0.009999978356063366
angle,1780569826105615980,2.0299999713897705,0,0.009999910369515419
angle,1780569826115615731,2.0299999713897705,0,0.009999984875321388
angle,1780569826125616042,2.0299999713897705,0,0.009999942034482956
angle,1780569826135616477,2.0299999713897705,0,0.009999986737966537
angle,1780569826145616563,2.0299999713897705,0,0.00999999325722456
angle,1780569826155616839,2.0299999713897705,0,0.010000001639127731
angle,1780569826165617323,2.0299999713897705,0,0.009999971836805344
angle,1780569826175617328,2.0299999713897705,0,0.00999996718019247
angle,1780569826185617467,2.0299999713897705,0,0.009999990463256836
angle,1780569826195618061,2.0299999713897705,0,0.009999947622418404
angle,1780569826205617973,2.0299999713897705,0,0.010000001639127731
angle,1780569826215618318,2.0299999713897705,0,0.009999972768127918
angle,1780569826225618612,2.0299999713897705,0,0.00999994296580553
angle,1780569826235618732,2.0299999713897705,0,0.009999995119869709
angle,1780569826245618844,2.0299999713897705,0,0.00999996904283762
angle,1780569826255620586,2.0299999713897705,0,0.009999987669289112
angle,1780569826265619620,2.0299999713897705,0,0.00999994482845068
angle,1780569826275619854,2.0299999713897705,0,0.009999994188547134
angle,1780569826285620527,2.0299999713897705,0,0.009999959729611874
angle,1780569826295620250,2.0299999713897705,0,0.009999994188547134
angle,1780569826305620550,2.0299999713897705,0,0.009999942034482956
angle,1780569826315621073,2.0299999713897705,0,0.010000011883676052
angle,1780569826325621081,2.0299999713897705,0,0.009999951347708702
angle,1780569826335621488,2.0299999713897705,0,0.009999951347708702
angle,1780569826345621680,2.0299999713897705,0,0.010000006295740604
angle,1780569826355621654,2.0299999713897705,0,0.00999999139457941
angle,1780569826365622073,2.0299999713897705,0,0.009999938309192657
angle,1780569826375623454,2.0299999713897705,0,0.009999988600611687
angle,1780569826385622500,2.0299999713897705,0,0.009999888017773628
angle,1780569826395622687,2.0299999713897705,0,0.00999999139457941
angle,1780569826405622861,2.0299999713897705,0,0.009999983012676239
angle,1780569826415623304,2.0299999713897705,0,0.009999950416386127
angle,1780569826425623656,2.0299999713897705,0,0.009999973699450493
angle,1780569826435623797,2.0299999713897705,0,0.00999999139457941
angle,1780569826445624164,2.0299999713897705,0,0.009999994188547134
angle,1780569826455624289,2.0299999713897705,0,0.010000008158385754
angle,1780569826465625295,2.0299999713897705,0,0.010000009089708328
angle,1780569826475624863,2.0299999713897705,0,0.009999943897128105
angle,1780569826485625128,2.0299999713897705,0,0.009999996051192284
angle,1780569826495625392,2.0299999713897705,0,0.010000007227063179
angle,1780569826505625854,2.0299999713897705,0,0.00999994482845068
angle,1780569826515625930,2.0299999713897705,0,0.009999996051192284
angle,1780569826525626085,2.0299999713897705,0,0.009999947622418404
angle,1780569826535626548,2.0299999713897705,0,0.009999971836805344
angle,1780569826545626602,2.0299999713897705,0,0.009999988600611687
angle,1780569826555627417,2.0299999713897705,0,0.009999945759773254
angle,1780569826565627322,2.0299999713897705,0,0.009999973699450493
angle,1780569826575627490,2.0299999713897705,0,0.009999999776482582
angle,1780569826585627465,2.0299999713897705,0,0.009999971836805344
angle,1780569826595628467,2.0299999713897705,0,0.009999963454902172
angle,1780569826605628229,2.0299999713897705,0,0.009999957866966724
angle,1780569826615630437,2.0299999713897705,0,0.010000004433095455
angle,1780569826625628931,2.0299999713897705,0,0.009999897330999374
angle,1780569826635628857,2.0299999713897705,0,0.009999982081353664
angle,1780569826645629584,2.0299999713897705,0,0.009999977424740791
angle,1780569826655629547,2.0299999713897705,0,0.00999993272125721
angle,1780569826665629761,2.0299999713897705,0,0.009999994188547134
angle,1780569826675629900,2.0299999713897705,0,0.009999956004321575
angle,1780569826685630345,2.0299999713897705,0,0.009999974630773067
angle,1780569826695630753,2.0299999713897705,0,0.00999993272125721
angle,1780569826705630997,2.0299999713897705,0,0.009999971836805344
angle,1780569826715631155,2.0299999713897705,0,0.009999951347708702
angle,1780569826725631473,2.0299999713897705,0,0.009999977424740791
angle,1780569826735631942,2.0299999713897705,0,0.009999980218708515
angle,1780569826745631950,2.0299999713897705,0,0.010000008158385754
angle,1780569826755632075,2.0299999713897705,0,0.009999969974160194
angle,1780569826765632390,2.0299999713897705,0,0.009999995119869709
angle,1780569826775632711,2.0299999713897705,0,0.00999999139457941
angle,1780569826785633063,2.0299999713897705,0,0.00999994482845068
angle,1780569826795633324,2.0299999713897705,0,0.009999990463256836
angle,1780569826805633607,2.0299999713897705,0,0.009999934583902359
angle,1780569826815633838,2.0299999713897705,0,0.010000000707805157
angle,1780569826825634386,2.0299999713897705,0,0.009999996051192284
angle,1780569826835634234,2.0299999713897705,0,0.009999984875321388
angle,1780569826845634660,2.0299999713897705,0,0.009999950416386127
angle,1780569826855634949,2.0299999713897705,0,0.010000000707805157
angle,1780569826865635325,2.0299999713897705,0,0.009999940171837807
angle,1780569826875635460,2.0299999713897705,0,0.010000006295740604
angle,1780569826885636331,2.0299999713897705,0,0.00999996718019247
angle,1780569826897592849,2.0299999713897705,0,0.011956686154007912
angle,1780569826907593678,2.0299999713897705,0,0.009999948553740978
angle,1780569826917594574,2.0299999713897705,0,0.009999996051192284
angle,1780569826927593840,2.0299999713897705,0,0.009999997913837433
angle,1780569826937595323,2.0299999713897705,0,0.009999957866966724
angle,1780569826947594432,2.0299999713897705,0,0.009999965317547321
angle,1780569826957594883,2.0299999713897705,0,0.009999950416386127
angle,1780569826967594919,2.0299999713897705,0,0.009999990463256836
angle,1780569826977594935,2.0299999713897705,0,0.009999933652579784
angle,1780569826987595159,2.0299999713897705,0,0.009999951347708702
angle,1780569826997595512,2.0299999713897705,0,0.009999968111515045
angle,1780569827007595739,2.0299999713897705,0,0.009999957866966724
angle,1780569827017595923,2.0299999713897705,0,0.009999954141676426
angle,1780569827027596188,2.0299999713897705,0,0.00999999139457941
angle,1780569827037596578,2.0299999713897705,0,0.009999955072999
angle,1780569827047596883,2.0299999713897705,0,0.009999945759773254
angle,1780569827057596916,2.0299999713897705,0,0.009999985806643963
angle,1780569827067596972,2.0299999713897705,0,0.009999942034482956
angle,1780569827077597557,2.0299999713897705,0,0.009999968111515045
angle,1780569827087597747,2.0299999713897705,0,0.009999954141676426
angle,1780569827097598068,2.0299999713897705,0,0.009999943897128105
angle,1780569827107598085,2.0299999713897705,0,0.009999938309192657
angle,1780569827117598469,2.0299999713897705,0,0.009999941103160381
angle,1780569827127598534,2.0299999713897705,0,0.009999950416386127
angle,1780569827137598826,2.0299999713897705,0,0.009999955072999
angle,1780569827147599209,2.0299999713897705,0,0.009999974630773067
angle,1780569827157599159,2.0299999713897705,0,0.009999988600611687
angle,1780569827167599483,2.0299999713897705,0,0.009999995119869709
angle,1780569827177599653,2.0299999713897705,0,0.009999966248869896
angle,1780569827187600021,2.0299999713897705,0,0.009999952279031277
angle,1780569827197600183,2.0299999713897705,0,0.009999974630773067
angle,1780569827207600746,2.0299999713897705,0,0.009999987669289112
angle,1780569827217600720,2.0299999713897705,0,0.009999987669289112
angle,1780569827227601006,2.0299999713897705,0,0.009999999776482582
angle,1780569827237601237,2.0299999713897705,0,0.00999998115003109
angle,1780569827247601600,2.0299999713897705,0,0.009999966248869896
angle,1780569827257601649,2.0299999713897705,0,0.00999992061406374
angle,1780569827267601768,2.0299999713897705,0,0.00999999325722456
angle,1780569827277602517,2.0299999713897705,0,0.00999999139457941
angle,1780569827287602461,2.0299999713897705,0,0.009999955072999
angle,1780569827297602899,2.0299999713897705,0,0.009999943897128105
angle,1780569827307602819,2.0299999713897705,0,0.009999983943998814
angle,1780569827317602969,2.0299999713897705,0,0.009999978356063366
angle,1780569827327603408,2.0299999713897705,0,0.009999973699450493
angle,1780569827337603562,2.0299999713897705,0,0.009999995119869709
angle,1780569827347604774,2.0299999713897705,0,0.009999946691095829
angle,1780569827357604037,2.0299999713897705,0,0.009999983943998814
angle,1780569827367604370,2.0299999713897705,0,0.010000010952353477
angle,1780569827377604798,2.0299999713897705,0,0.009999951347708702
angle,1780569827387606262,2.0299999713897705,0,0.010000050999224186
angle,1780569827397605056,2.0299999713897705,0,0.00999994482845068
angle,1780569827407605472,2.0299999713897705,0,0.009999951347708702
angle,1780569827417605607,2.0299999713897705,0,0.009999997913837433
angle,1780569827427605915,2.0299999713897705,0,0.009999948553740978
angle,1780569827437606195,2.0299999713897705,0,0.009999947622418404
angle,1780569827447606427,2.0299999713897705,0,0.009999916888773441
angle,1780569827457606431,2.0299999713897705,0,0.009999948553740978
angle,1780569827467606528,2.0299999713897705,0,0.009999955072999
angle,1780569827477607300,2.0299999713897705,0,0.010000000707805157
angle,1780569827487607114,2.0299999713897705,0,0.009999941103160381
angle,1780569827497607360,2.0299999713897705,0,0.009999959729611874
angle,1780569827507607573,2.0299999713897705,0,0.009999954141676426
angle,1780569827517607733,2.0299999713897705,0,0.009999964386224747
angle,1780569827527607875,2.0299999713897705,0,0.009999950416386127
angle,1780569827537608205,2.0299999713897705,0,0.009999980218708515
angle,1780569827547608556,2.0299999713897705,0,0.009999983943998814
angle,1780569827557608671,2.0299999713897705,0,0.009999970905482769
angle,1780569827567609277,2.0299999713897705,0,0.009999955072999
angle,1780569827577609254,2.0299999713897705,0,0.009999892674386501
angle,1780569827587609423,2.0299999713897705,0,0.009999921545386314
angle,1780569827597609685,2.0299999713897705,0,0.009999994188547134
angle,1780569827607610478,2.0299999713897705,0,0.009999984875321388
angle,1780569827617612035,2.0299999713897705,0,0.009999899193644524
angle,1780569827627610372,2.0299999713897705,0,0.009999901987612247
angle,1780569827637610608,2.0299999713897705,0,0.00999999325722456
angle,1780569827647611078,2.0299999713897705,0,0.009999978356063366
angle,1780569827657611086,2.0299999713897705,0,0.009999953210353851
angle,1780569827667611569,2.0299999713897705,0,0.009999985806643963
angle,1780569827677612034,2.0299999713897705,0,0.009999992325901985
angle,1780569827687611787,2.0299999713897705,0,0.00999999139457941
angle,1780569827697612414,2.0299999713897705,0,0.009999972768127918
angle,1780569827707612422,2.0299999713897705,0,0.009999955072999
angle,1780569827717612763,2.0299999713897705,0,0.009999950416386127
angle,1780569827727612994,2.0299999713897705,0,0.009999961592257023
angle,1780569827737613018,2.0299999713897705,0,0.009999960660934448
angle,1780569827747613722,2.0299999713897705,0,0.010000043548643589
angle,1780569827757613845,2.0299999713897705,0,0.009999913163483143
angle,1780569827767613989,2.0299999713897705,0,0.009999988600611687
angle,1780569827777614535,2.0299999713897705,0,0.00999998115003109
angle,1780569827787614541,2.0299999713897705,0,0.009999942034482956
angle,1780569827797614710,2.0299999713897705,0,0.009999963454902172
angle,1780569827807615256,2.0299999713897705,0,0.009999987669289112
angle,1780569827817615178,2.0299999713897705,0,0.009999985806643963
angle,1780569827827615495,2.0299999713897705,0,0.009999965317547321
angle,1780569827837615641,2.0299999713897705,0,0.009999941103160381
angle,1780569827847616354,2.0299999713897705,0,0.009999999776482582
angle,1780569827857616516,2.0299999713897705,0,0.009999888017773628
angle,1780569827867616699,2.0299999713897705,0,0.009999974630773067
angle,1780569827877617088,2.0299999713897705,0,0.009999996982514858
angle,1780569827887617174,2.0299999713897705,0,0.009999975562095642
angle,1780569827897617768,2.0299999713897705,0,0.009999996051192284
angle,1780569827907617776,2.0299999713897705,0,0.009999978356063366
angle,1780569827917617830,2.0299999713897705,0,0.00999995693564415
angle,1780569827927618067,2.0299999713897705,0,0.009999973699450493
angle,1780569827937619391,2.0299999713897705,0,0.009999947622418404
angle,1780569827947618642,2.0299999713897705,0,0.009999977424740791
angle,1780569827957618713,2.0299999713897705,0,0.009999971836805344
angle,1780569827967618942,2.0299999713897705,0,0.009999942034482956
angle,1780569827977620867,2.0299999713897705,0,0.009999953210353851
angle,1780569827987619289,2.0299999713897705,0,0.009999859146773815
angle,1780569827997619632,2.0299999713897705,0,0.009999978356063366
angle,1780569828007620139,2.0299999713897705,0,0.009999998845160007
angle,1780569828017621382,2.0299999713897705,0,0.009999898262321949
angle,1780569828027620340,2.0299999713897705,0,0.009999934583902359
angle,1780569828037620608,2.0299999713897705,0,0.009999996982514858
angle,1780569828047620933,2.0299999713897705,0,0.009999983943998814
angle,1780569828057621446,2.0299999713897705,0,0.009999988600611687
angle,1780569828067621346,2.0299999713897705,0,0.00999994296580553
angle,1780569828077623392,2.0299999713897705,0,0.010000000707805157
angle,1780569828087624301,2.0299999713897705,0,0.009999912232160568
angle,1780569828097624136,2.0299999713897705,0,0.009999822825193405
angle,1780569828107622360,2.0299999713897705,0,0.009999879635870457
angle,1780569828117622728,2.0299999713897705,0,0.009999965317547321
angle,1780569828127623006,2.0299999713897705,0,0.009999963454902172
angle,1780569828137623139,2.0299999713897705,0,0.009999953210353851
angle,1780569828147623495,2.0299999713897705,0,0.009999996982514858
angle,1780569828157623592,2.0299999713897705,0,0.009999940171837807
angle,1780569828167624209,2.0299999713897705,0,0.00999996718019247
angle,1780569828177624303,2.0299999713897705,0,0.010000004433095455
angle,1780569828187624452,2.0299999713897705,0,0.009999986737966537
angle,1780569828197624606,2.0299999713897705,0,0.00999995693564415
angle,1780569828207625030,2.0299999713897705,0,0.009999982081353664
angle,1780569828217626086,2.0299999713897705,0,0.009999983943998814
angle,1780569828227625615,2.0299999713897705,0,0.009999940171837807
angle,1780569828237625972,2.0299999713897705,0,0.010000004433095455
angle,1780569828247626194,2.0299999713897705,0,0.009999946691095829
angle,1780569828257627179,2.0299999713897705,0,0.00999999139457941
angle,1780569828267626560,2.0299999713897705,0,0.009999900124967098
angle,1780569828277627515,2.0299999713897705,0,0.00999995693564415
angle,1780569828287627251,2.0299999713897705,0,0.009999915026128292
angle,1780569828297627317,2.0299999713897705,0,0.009999955072999
angle,1780569828307627486,2.0299999713897705,0,0.009999984875321388
angle,1780569828317627490,2.0299999713897705,0,0.009999947622418404
angle,1780569828327627914,2.0299999713897705,0,0.009999952279031277
angle,1780569828337628229,2.0299999713897705,0,0.010000002570450306
angle,1780569828347628924,2.0299999713897705,0,0.00999998115003109
angle,1780569828357628604,2.0299999713897705,0,0.010000004433095455
angle,1780569828367629002,2.0299999713897705,0,0.009999971836805344
angle,1780569828377629280,2.0299999713897705,0,0.009999983943998814
angle,1780569828387629711,2.0299999713897705,0,0.009999968111515045
angle,1780569828397629751,2.0299999713897705,0,0.009999954141676426
angle,1780569828407631079,2.0299999713897705,0,0.009999955072999
angle,1780569828417630853,2.0299999713897705,0,0.009999933652579784
angle,1780569828427630650,2.0299999713897705,0,0.00999995693564415
angle,1780569828437631322,2.0299999713897705,0,0.010000002570450306
angle,1780569828447631118,2.0299999713897705,0,0.009999947622418404
angle,1780569828457631312,2.0299999713897705,0,0.009999975562095642
angle,1780569828467632132,2.0299999713897705,0,0.00999997928738594
angle,1780569828477631992,2.0299999713897705,0,0.009999937377870083
angle,1780569828487632118,2.0299999713897705,0,0.009999919682741165
angle,1780569828497632885,2.0299999713897705,0,0.009999996051192284
angle,1780569828507632690,2.0299999713897705,0,0.010000000707805157
angle,1780569828517633037,2.0299999713897705,0,0.009999986737966537
angle,1780569828527633164,2.0299999713897705,0,0.009999971836805344
angle,1780569828537633201,2.0299999713897705,0,0.01000000536441803
angle,1780569828547633789,2.0299999713897705,0,0.009999988600611687
angle,1780569828557633868,2.0299999713897705,0,0.009999936446547508
angle,1780569828567634065,2.0299999713897705,0,0.00999994296580553
angle,1780569828577634456,2.0299999713897705,0,0.009999983943998814
angle,1780569828587634754,2.0299999713897705,0,0.009999936446547508
angle,1780569828597634916,2.0299999713897705,0,0.00999996718019247
angle,1780569828607634903,2.0299999713897705,0,0.010000002570450306
angle,1780569828617637042,2.0299999713897705,0,0.010000012814998627
angle,1780569828627635453,2.0299999713897705,0,0.009999948553740978
angle,1780569828637635848,2.0299999713897705,0,0.009999984875321388
angle,1780569828647636045,2.0299999713897705,0,0.009999984875321388
angle,1780569828657636540,2.0299999713897705,0,0.009999994188547134
angle,1780569828667636474,2.0299999713897705,0,0.009999952279031277
angle,1780569828677638824,2.0299999713897705,0,0.009999983943998814
angle,1780569828687637044,2.0299999713897705,0,0.009999890811741352
angle,1780569828697637083,2.0299999713897705,0,0.009999942034482956
angle,1780569828707637425,2.0299999713897705,0,0.010000000707805157
angle,1780569828717637792,2.0299999713897705,0,0.010000007227063179
angle,1780569828727638392,2.0299999713897705,0,0.009999957866966724
angle,1780569828737638240,2.0299999713897705,0,0.009999945759773254
angle,1780569828747638696,2.0299999713897705,0,0.009999997913837433
angle,1780569828757638875,2.0299999713897705,0,0.009999953210353851
angle,1780569828767638926,2.0299999713897705,0,0.009999947622418404
angle,1780569828777639027,2.0299999713897705,0,0.009999963454902172
angle,1780569828787640432,2.0299999713897705,0,0.009999951347708702
angle,1780569828797639429,2.0299999713897705,0,0.009999998845160007
angle,1780569828807639520,2.0299999713897705,0,0.009999948553740978
angle,1780569828817640328,2.0299999713897705,0,0.00999999139457941
angle,1780569828827640229,2.0299999713897705,0,0.009999960660934448
angle,1780569828837640367,2.0299999713897705,0,0.00999994482845068
angle,1780569828847640557,2.0299999713897705,0,0.009999950416386127
angle,1780569828857641384,2.0299999713897705,0,0.009999997913837433
angle,1780569828867641475,2.0299999713897705,0,0.009999943897128105
angle,1780569828877641792,2.0299999713897705,0,0.009999969974160194
angle,1780569828887642020,2.0299999713897705,0,0.009999912232160568
angle,1780569828897642025,2.0299999713897705,0,0.009999938309192657
angle,1780569828907642669,2.0299999713897705,0,0.009999955072999
angle,1780569828917642546,2.0299999713897705,0,0.009999998845160007
angle,1780569828927642913,2.0299999713897705,0,0.009999952279031277
angle,1780569828937643992,2.0299999713897705,0,0.00999997928738594
angle,1780569828947643634,2.0299999713897705,0,0.009999948553740978
angle,1780569828957643856,2.0299999713897705,0,0.009999985806643963
angle,1780569828967644043,2.0299999713897705,0,0.009999996982514858
angle,1780569828977644566,2.0299999713897705,0,0.009999971836805344
angle,1780569828987644711,2.0299999713897705,0,0.009999939240515232
angle,1780569828997645101,2.0299999713897705,0,0.009999961592257023
angle,1780569829007645191,2.0299999713897705,0,0.009999964386224747
angle,1780569829017645434,2.0299999713897705,0,0.009999940171837807
angle,1780569829027645386,2.0299999713897705,0,0.009999998845160007
angle,1780569829037645853,2.0299999713897705,0,0.00999994482845068
angle,1780569829047646166,2.0299999713897705,0,0.009999959729611874
angle,1780569829057646485,2.0299999713897705,0,0.009999990463256836
angle,1780569829067646551,2.0299999713897705,0,0.009999978356063366
angle,1780569829077646685,2.0299999713897705,0,0.009999933652579784
angle,1780569829087647469,2.0299999713897705,0,0.009999933652579784
angle,1780569829097647234,2.0299999713897705,0,0.00999989453703165
angle,1780569829107647485,2.0299999713897705,0,0.009999965317547321
angle,1780569829117647794,2.0299999713897705,0,0.00999995693564415
angle,1780569829127648003,2.0299999713897705,0,0.009999996982514858
angle,1780569829137647856,2.0299999713897705,0,0.009999955072999
angle,1780569829147648362,2.0299999713897705,0,0.010000001639127731
angle,1780569829157648659,2.0299999713897705,0,0.010000021196901798
angle,1780569829167649291,2.0299999713897705,0,0.009999995119869709
angle,1780569829177649654,2.0299999713897705,0,0.009999955072999
angle,1780569829187649647,2.0299999713897705,0,0.009999958798289299
angle,1780569829197649588,2.0299999713897705,0,0.009999995119869709
angle,1780569829207649928,2.0299999713897705,0,0.009999968111515045
angle,1780569829217650536,2.0299999713897705,0,0.009999963454902172
angle,1780569829227650244,2.0299999713897705,0,0.009999985806643963
angle,1780569829237652138,2.0299999713897705,0,0.00999998115003109
angle,1780569829247650699,2.0299999713897705,0,0.009999905712902546
angle,1780569829257651081,2.0299999713897705,0,0.009999983012676239
angle,1780569829267651161,2.0299999713897705,0,0.009999952279031277
angle,1780569829277651235,2.0299999713897705,0,0.00999995693564415
angle,1780569829287651945,2.0299999713897705,0,0.009999970905482769
angle,1780569829297651895,2.0299999713897705,0,0.009999997913837433
angle,1780569829307651996,2.0299999713897705,0,0.009999980218708515
angle,1780569829317652200,2.0299999713897705,0,0.009999965317547321
angle,1780569829327652627,2.0299999713897705,0,0.009999958798289299
angle,1780569829337652696,2.0299999713897705,0,0.009999947622418404
angle,1780569829347652983,2.0299999713897705,0,0.00999996904283762
angle,1780569829357653580,2.0299999713897705,0,0.009999985806643963
angle,1780569829367653479,2.0299999713897705,0,0.009999933652579784
angle,1780569829377653561,2.0299999713897705,0,0.009999971836805344
angle,1780569829387653904,2.0299999713897705,0,0.009999986737966537
angle,1780569829397653861,2.0299999713897705,0,0.009999958798289299
angle,1780569829407654081,2.0299999713897705,0,0.009999955072999
angle,1780569829417654410,2.0299999713897705,0,0.009999965317547321
angle,1780569829427654535,2.0299999713897705,0,0.009999987669289112
angle,1780569829437654857,2.0299999713897705,0,0.010000007227063179
angle,1780569829447657402,2.0299999713897705,0,0.009999957866966724
angle,1780569829457657926,2.0299999713897705,0,0.009999919682741165
angle,1780569829467658045,2.0299999713897705,0,0.009999913163483143
angle,1780569829477656043,2.0299999713897705,0,0.009999900124967098
angle,1780569829487656398,2.0299999713897705,0,0.009999938309192657
angle,1780569829497656248,2.0299999713897705,0,0.00999995693564415
angle,1780569829507656623,2.0299999713897705,0,0.00999996718019247
angle,1780569829517656783,2.0299999713897705,0,0.009999992325901985
angle,1780569829527657103,2.0299999713897705,0,0.010000002570450306
angle,1780569829537657474,2.0299999713897705,0,0.00999994482845068
angle,1780569829547657418,2.0299999713897705,0,0.00999994296580553
angle,1780569829557659098,2.0299999713897705,0,0.01000005379319191
angle,1780569829567658325,2.0299999713897705,0,0.009999950416386127
angle,1780569829577658521,2.0299999713897705,0,0.009999958798289299
angle,1780569829587658808,2.0299999713897705,0,0.010000001639127731
angle,1780569829597659049,2.0299999713897705,0,0.009999956004321575
angle,1780569829607659309,2.0299999713897705,0,0.009999970905482769
angle,1780569829617659504,2.0299999713897705,0,0.009999971836805344
angle,1780569829627661321,2.0299999713897705,0,0.009999940171837807
angle,1780569829637660232,2.0299999713897705,0,0.009999937377870083
angle,1780569829647660102,2.0299999713897705,0,0.010000010021030903
angle,1780569829657660719,2.0299999713897705,0,0.009999943897128105
angle,1780569829667660419,2.0299999713897705,0,0.009999995119869709
angle,1780569829677660838,2.0299999713897705,0,0.009999956004321575
angle,1780569829687661183,2.0299999713897705,0,0.009999974630773067
angle,1780569829697661447,2.0299999713897705,0,0.009999978356063366
angle,1780569829707661595,2.0299999713897705,0,0.009999974630773067
angle,1780569829717662070,2.0299999713897705,0,0.009999960660934448
angle,1780569829727662450,2.0299999713897705,0,0.009999988600611687
angle,1780569829737662421,2.0299999713897705,0,0.009999959729611874
angle,1780569829747663029,2.0299999713897705,0,0.009999964386224747
angle,1780569829757664088,2.0299999713897705,0,0.009999986737966537
angle,1780569829767663310,2.0299999713897705,0,0.009999887086451054
angle,1780569829777663432,2.0299999713897705,0,0.00999996718019247
angle,1780569829787663946,2.0299999713897705,0,0.010000006295740604
angle,1780569829797663981,2.0299999713897705,0,0.009999928064644337
angle,1780569829807664348,2.0299999713897705,0,0.009999960660934448
angle,1780569829817664454,2.0299999713897705,0,0.009999974630773067
angle,1780569829827664867,2.0299999713897705,0,0.009999965317547321
angle,1780569829837665176,2.0299999713897705,0,0.009999999776482582
angle,1780569829847665149,2.0299999713897705,0,0.009999952279031277
angle,1780569829857665565,2.0299999713897705,0,0.009999963454902172
angle,1780569829867665800,2.0299999713897705,0,0.009999983943998814
angle,1780569829877666122,2.0299999713897705,0,0.00999997928738594
angle,1780569829887666568,2.0299999713897705,0,0.009999994188547134
angle,1780569829897666755,2.0299999713897705,0,0.009999951347708702
angle,1780569829907666763,2.0299999713897705,0,0.009999934583902359
angle,1780569829917666930,2.0299999713897705,0,0.00999996904283762
angle,1780569829927667584,2.0299999713897705,0,0.00999996718019247
angle,1780569829937668680,2.0299999713897705,0,0.009999953210353851
angle,1780569829947667862,2.0299999713897705,0,0.009999948553740978
angle,1780569829957667991,2.0299999713897705,0,0.009999943897128105
angle,1780569829967668534,2.0299999713897705,0,0.009999974630773067
angle,1780569829977670407,2.0299999713897705,0,0.009999999776482582
angle,1780569829987669102,2.0299999713897705,0,0.009999947622418404
angle,1780569829997669397,2.0299999713897705,0,0.010000000707805157
angle,1780569830007671414,2.0299999713897705,0,0.009999945759773254
angle,1780569830017670252,2.0299999713897705,0,0.009999941103160381
angle,1780569830027670373,2.0299999713897705,0,0.009999937377870083
angle,1780569830037670553,2.0299999713897705,0,0.009999969974160194
angle,1780569830047670696,2.0299999713897705,0,0.010000011883676052
angle,1780569830057671113,2.0299999713897705,0,0.009999942034482956
angle,1780569830067672631,2.0299999713897705,0,0.010000023990869522
angle,1780569830077671922,2.0299999713897705,0,0.009999929927289486
angle,1780569830087674043,2.0299999713897705,0,0.009999966248869896
angle,1780569830097674581,2.0299999713897705,0,0.009999883361160755
angle,1780569830107674462,2.0299999713897705,0,0.009999875910580158
angle,1780569830117672750,2.0299999713897705,0,0.009999915026128292
angle,1780569830127673218,2.0299999713897705,0,0.009999951347708702
angle,1780569830137673252,2.0299999713897705,0,0.009999960660934448
angle,1780569830147673411,2.0299999713897705,0,0.009999997913837433
angle,1780569830157673862,2.0299999713897705,0,0.009999997913837433
angle,1780569830167673850,2.0299999713897705,0,0.009999937377870083
angle,1780569830177674215,2.0299999713897705,0,0.009999956004321575
angle,1780569830187674723,2.0299999713897705,0,0.009999978356063366
angle,1780569830197675061,2.0299999713897705,0,0.009999992325901985
angle,1780569830207674947,2.0299999713897705,0,0.009999927133321762
angle,1780569830217675369,2.0299999713897705,0,0.009999975562095642
angle,1780569830227675558,2.0299999713897705,0,0.009999992325901985
angle,1780569830237675881,2.0299999713897705,0,0.00999998115003109
angle,1780569830247676029,2.0299999713897705,0,0.009999939240515232
angle,1780569830257676382,2.0299999713897705,0,0.009999978356063366
angle,1780569830267676506,2.0299999713897705,0,0.009999974630773067
angle,1780569830277677022,2.0299999713897705,0,0.009999970905482769
angle,1780569830287677038,2.0299999713897705,0,0.009999950416386127
angle,1780569830297677371,2.0299999713897705,0,0.009999960660934448
angle,1780569830307677230,2.0299999713897705,0,0.009999878704547882
angle,1780569830317677750,2.0299999713897705,0,0.009999992325901985
angle,1780569830327678061,2.0299999713897705,0,0.009999984875321388
angle,1780569830337678013,2.0299999713897705,0,0.009999983012676239
angle,1780569830347680010,2.0299999713897705,0,0.009999966248869896
angle,1780569830357678821,2.0299999713897705,0,0.009999998845160007
angle,1780569830367679031,2.0299999713897705,0,0.009999892674386501
angle,1780569830377679081,2.0299999713897705,0,0.009999961592257023
angle,1780569830387679461,2.0299999713897705,0,0.009999972768127918
angle,1780569830397679843,2.0299999713897705,0,0.00999999139457941
angle,1780569830407680229,2.0299999713897705,0,0.009999996982514858
angle,1780569830417680651,2.0299999713897705,0,0.009999959729611874
angle,1780569830427680304,2.0299999713897705,0,0.009999970905482769
angle,1780569830437680672,2.0299999713897705,0,0.009999987669289112
angle,1780569830447680671,2.0299999713897705,0,0.009999966248869896
angle,1780569830457681217,2.0299999713897705,0,0.00999999325722456
angle,1780569830467681599,2.0299999713897705,0,0.009999953210353851
angle,1780569830477681751,2.0299999713897705,0,0.009999982081353664
angle,1780569830487681905,2.0299999713897705,0,0.009999948553740978
angle,1780569830497682536,2.0299999713897705,0,0.009999974630773067
angle,1780569830507682727,2.0299999713897705,0,0.009999999776482582
angle,1780569830517682939,2.0299999713897705,0,0.009999974630773067
angle,1780569830527683054,2.0299999713897705,0,0.009999975562095642
angle,1780569830537683275,2.0299999713897705,0,0.009999995119869709
angle,1780569830547683529,2.0299999713897705,0,0.00999998115003109
angle,1780569830557683931,2.0299999713897705,0,0.009999983012676239
angle,1780569830569869501,2.0299999713897705,0,0.012185017578303814
angle,1780569830579870125,2.0299999713897705,0,0.009999946691095829
angle,1780569830589870083,2.0299999713897705,0,0.009999971836805344
angle,1780569830599870438,2.0299999713897705,0,0.009999983943998814
angle,1780569830609870705,2.0299999713897705,0,0.009999966248869896
angle,1780569830619871258,2.0299999713897705,0,0.010000018402934074
angle,1780569830629871488,2.0299999713897705,0,0.00999998115003109
angle,1780569830639871303,2.0299999713897705,0,0.00999999139457941
angle,1780569830649871637,2.0299999713897705,0,0.009999966248869896
angle,1780569830659871676,2.0299999713897705,0,0.009999998845160007
angle,1780569830669872283,2.0299999713897705,0,0.009999948553740978
angle,1780569830679872295,2.0299999713897705,0,0.009999950416386127
angle,1780569830689872475,2.0299999713897705,0,0.009999936446547508
angle,1780569830699872935,2.0299999713897705,0,0.009999986737966537
angle,1780569830709872839,2.0299999713897705,0,0.009999977424740791
angle,1780569830719873805,2.0299999713897705,0,0.00999994296580553
angle,1780569830729873579,2.0299999713897705,0,0.009999994188547134
angle,1780569830739873539,2.0299999713897705,0,0.00999996904283762
angle,1780569830749874036,2.0299999713897705,0,0.009999996982514858
angle,1780569830759874075,2.0299999713897705,0,0.009999957866966724
angle,1780569830769874539,2.0299999713897705,0,0.009999999776482582
angle,1780569830779874558,2.0299999713897705,0,0.009999959729611874
angle,1780569830789874622,2.0299999713897705,0,0.009999939240515232
angle,1780569830799874922,2.0299999713897705,0,0.009999996051192284
angle,1780569830809875048,2.0299999713897705,0,0.010000002570450306
angle,1780569830819875802,2.0299999713897705,0,0.009999975562095642
angle,1780569830829875571,2.0299999713897705,0,0.00999995693564415
angle,1780569830839875889,2.0299999713897705,0,0.009999945759773254
angle,1780569830849876159,2.0299999713897705,0,0.009999961592257023
angle,1780569830859876533,2.0299999713897705,0,0.009999957866966724
angle,1780569830869876918,2.0299999713897705,0,0.009999963454902172
angle,1780569830879877105,2.0299999713897705,0,0.009999988600611687
angle,1780569830889877360,2.0299999713897705,0,0.009999942034482956
angle,1780569830899877652,2.0299999713897705,0,0.009999966248869896
angle,1780569830909878099,2.0299999713897705,0,0.00999999139457941
angle,1780569830919877978,2.0299999713897705,0,0.00999997928738594
angle,1780569830929878229,2.0299999713897705,0,0.009999994188547134
angle,1780569830939879412,2.0299999713897705,0,0.00999996718019247
angle,1780569830949881103,2.0299999713897705,0,0.010000019334256649
angle,1780569830959880840,2.0299999713897705,0,0.009999934583902359
angle,1780569830969880954,2.0299999713897705,0,0.00999984797090292
angle,1780569830979879853,2.0299999713897705,0,0.009999943897128105
angle,1780569830989880212,2.0299999713897705,0,0.009999937377870083
angle,1780569830999880373,2.0299999713897705,0,0.009999951347708702
angle,1780569831009882128,2.0299999713897705,0,0.009999990463256836
angle,1780569831019882280,2.0299999713897705,0,0.009999903850257397
angle,1780569831029882330,2.0299999713897705,0,0.009999892674386501
angle,1780569831039881298,2.0299999713897705,0,0.009999919682741165
angle,1780569831049881312,2.0299999713897705,0,0.009999927133321762
angle,1780569831059881470,2.0299999713897705,0,0.009999983012676239
angle,1780569831069881908,2.0299999713897705,0,0.009999945759773254
angle,1780569831079882150,2.0299999713897705,0,0.009999986737966537
angle,1780569831089882338,2.0299999713897705,0,0.009999974630773067
angle,1780569831099882685,2.0299999713897705,0,0.009999965317547321
angle,1780569831109882741,2.0299999713897705,0,0.009999972768127918
angle,1780569831119883028,2.0299999713897705,0,0.01000000536441803
angle,1780569831129883708,2.0299999713897705,0,0.009999934583902359
angle,1780569831139883390,2.0299999713897705,0,0.009999986737966537
angle,1780569831149883647,2.0299999713897705,0,0.009999963454902172
angle,1780569831159883792,2.0299999713897705,0,0.009999939240515232
angle,1780569831169884273,2.0299999713897705,0,0.009999969974160194
angle,1780569831179884802,2.0299999713897705,0,0.009999985806643963
angle,1780569831189884544,2.0299999713897705,0,0.009999986737966537
angle,1780569831199884980,2.0299999713897705,0,0.009999992325901985
angle,1780569831209885009,2.0299999713897705,0,0.009999970905482769
angle,1780569831219885758,2.0299999713897705,0,0.00999994296580553
angle,1780569831229885506,2.0299999713897705,0,0.009999966248869896
angle,1780569831239885782,2.0299999713897705,0,0.009999941103160381
angle,1780569831249886022,2.0299999713897705,0,0.009999999776482582
angle,1780569831259886380,2.0299999713897705,0,0.010000000707805157
angle,1780569831269886621,2.0299999713897705,0,0.00999994296580553
angle,1780569831279887024,2.0299999713897705,0,0.009999929927289486
angle,1780569831289887009,2.0299999713897705,0,0.00999996718019247
angle,1780569831299887260,2.0299999713897705,0,0.00999996904283762
angle,1780569831309888595,2.0299999713897705,0,0.009999978356063366
angle,1780569831319887664,2.0299999713897705,0,0.009999945759773254
angle,1780569831329888058,2.0299999713897705,0,0.009999974630773067
angle,1780569831339889098,2.0299999713897705,0,0.009999977424740791
angle,1780569831349888539,2.0299999713897705,0,0.009999986737966537
angle,1780569831359889090,2.0299999713897705,0,0.009999977424740791
angle,1780569831369889239,2.0299999713897705,0,0.009999997913837433
angle,1780569831379889198,2.0299999713897705,0,0.009999980218708515
angle,1780569831389889608,2.0299999713897705,0,0.009999941103160381
angle,1780569831399889856,2.0299999713897705,0,0.009999877773225307
angle,1780569831409890061,2.0299999713897705,0,0.010000000707805157
angle,1780569831419890219,2.0299999713897705,0,0.009999947622418404
angle,1780569831429890334,2.0299999713897705,0,0.009999950416386127
angle,1780569831439890660,2.0299999713897705,0,0.009999978356063366
angle,1780569831449891291,2.0299999713897705,0,0.00999998115003109
angle,1780569831459891067,2.0299999713897705,0,0.009999952279031277
angle,1780569831469891528,2.0299999713897705,0,0.00999993272125721
angle,1780569831479891340,2.0299999713897705,0,0.009999978356063366
angle,1780569831489891954,2.0299999713897705,0,0.009999965317547321
angle,1780569831499892489,2.0299999713897705,0,0.00999996904283762
angle,1780569831509892565,2.0299999713897705,0,0.009999909438192844
angle,1780569831519892715,2.0299999713897705,0,0.009999954141676426
angle,1780569831529893112,2.0299999713897705,0,0.009999970905482769
angle,1780569831539893669,2.0299999713897705,0,0.010000008158385754
angle,1780569831549893476,2.0299999713897705,0,0.009999984875321388
angle,1780569831559894561,2.0299999713897705,0,0.009999966248869896
angle,1780569831569893973,2.0299999713897705,0,0.009999965317547321
angle,1780569831579894191,2.0299999713897705,0,0.010000006295740604
angle,1780569831589894560,2.0299999713897705,0,0.009999945759773254
angle,1780569831599894980,2.0299999713897705,0,0.009999985806643963
angle,1780569831609895385,2.0299999713897705,0,0.009999968111515045
angle,1780569831619895232,2.0299999713897705,0,0.009999974630773067
angle,1780569831629897084,2.0299999713897705,0,0.009999983943998814
angle,1780569831639895617,2.0299999713897705,0,0.009999874047935009
angle,1780569831649895860,2.0299999713897705,0,0.009999941103160381
angle,1780569831659896113,2.0299999713897705,0,0.009999951347708702
angle,1780569831669896442,2.0299999713897705,0,0.009999987669289112
angle,1780569831679896753,2.0299999713897705,0,0.010000004433095455
angle,1780569831689896702,2.0299999713897705,0,0.00999996718019247
angle,1780569831699896914,2.0299999713897705,0,0.00999999325722456
angle,1780569831709897370,2.0299999713897705,0,0.010000004433095455
angle,1780569831719897280,2.0299999713897705,0,0.009999951347708702
angle,1780569831729897793,2.0299999713897705,0,0.010000007227063179
angle,1780569831739897924,2.0299999713897705,0,0.009999992325901985
angle,1780569831749898239,2.0299999713897705,0,0.009999974630773067
angle,1780569831759898678,2.0299999713897705,0,0.010000001639127731
angle,1780569831769899120,2.0299999713897705,0,0.009999955072999
angle,1780569831779898953,2.0299999713897705,0,0.009999933652579784
angle,1780569831789898949,2.0299999713897705,0,0.009999954141676426
angle,1780569831799899386,2.0299999713897705,0,0.009999987669289112
angle,1780569831809899741,2.0299999713897705,0,0.009999958798289299
angle,1780569831819899980,2.0299999713897705,0,0.009999994188547134
angle,1780569831829900270,2.0299999713897705,0,0.009999934583902359
angle,1780569831839900367,2.0299999713897705,0,0.009999952279031277
angle,1780569831849900772,2.0299999713897705,0,0.009999985806643963
angle,1780569831859901382,2.0299999713897705,0,0.009999997913837433
angle,1780569831869901371,2.0299999713897705,0,0.00999999325722456
angle,1780569831879902851,2.0299999713897705,0,0.009999934583902359
angle,1780569831889901720,2.0299999713897705,0,0.009999909438192844
angle,1780569831899902161,2.0299999713897705,0,0.009999983012676239
angle,1780569831909902391,2.0299999713897705,0,0.009999950416386127
angle,1780569831919902488,2.0299999713897705,0,0.009999953210353851
angle,1780569831929902908,2.0299999713897705,0,0.009999983943998814
angle,1780569831939904507,2.0299999713897705,0,0.009999988600611687
angle,1780569831949903608,2.0299999713897705,0,0.009999905712902546
angle,1780569831959903669,2.0299999713897705,0,0.009999955072999
angle,1780569831969905589,2.0299999713897705,0,0.010000020265579224
angle,1780569831979905294,2.0299999713897705,0,0.009999897330999374
angle,1780569831989904752,2.0299999713897705,0,0.009999887086451054
angle,1780569831999904747,2.0299999713897705,0,0.009999940171837807
angle,1780569832009905599,2.0299999713897705,0,0.009999985806643963
angle,1780569832019905484,2.0299999713897705,0,0.010000009089708328
angle,1780569832029905394,2.0299999713897705,0,0.009999999776482582
angle,1780569832039905751,2.0299999713897705,0,0.00999995693564415
angle,1780569832049906122,2.0299999713897705,0,0.009999985806643963
angle,1780569832059906159,2.0299999713897705,0,0.009999938309192657
angle,1780569832069907276,2.0299999713897705,0,0.00999997928738594
angle,1780569832079906474,2.0299999713897705,0,0.009999972768127918
angle,1780569832089907142,2.0299999713897705,0,0.009999986737966537
angle,1780569832099907553,2.0299999713897705,0,0.009999965317547321
angle,1780569832109907880,2.0299999713897705,0,0.009999936446547508
angle,1780569832119907808,2.0299999713897705,0,0.009999874979257584
angle,1780569832129907782,2.0299999713897705,0,0.009999946691095829
angle,1780569832139908035,2.0299999713897705,0,0.009999951347708702
angle,1780569832149908392,2.0299999713897705,0,0.009999984875321388
angle,1780569832159908833,2.0299999713897705,0,0.009999959729611874
angle,1780569832169909096,2.0299999713897705,0,0.009999992325901985
angle,1780569832179909519,2.0299999713897705,0,0.009999985806643963
angle,1780569832189909704,2.0299999713897705,0,0.00999994482845068
angle,1780569832199909963,2.0299999713897705,0,0.009999978356063366
angle,1780569832209910676,2.0299999713897705,0,0.009999983012676239
angle,1780569832219910712,2.0299999713897705,0,0.009999969974160194
angle,1780569832229911102,2.0299999713897705,0,0.009999943897128105
angle,1780569832239910899,2.0299999713897705,0,0.009999975562095642
angle,1780569832249911802,2.0299999713897705,0,0.010000007227063179
angle,1780569832259911602,2.0299999713897705,0,0.009999996982514858
angle,1780569832269911926,2.0299999713897705,0,0.009999958798289299
angle,1780569832279912082,2.0299999713897705,0,0.009999955072999
angle,1780569832289912415,2.0299999713897705,0,0.009999957866966724
angle,1780569832299912601,2.0299999713897705,0,0.009999968111515045
angle,1780569832309912882,2.0299999713897705,0,0.010000007227063179
angle,1780569832319913426,2.0299999713897705,0,0.009999942034482956
angle,1780569832329913282,2.0299999713897705,0,0.009999978356063366
angle,1780569832339913364,2.0299999713897705,0,0.009999952279031277
angle,1780569832349913837,2.0299999713897705,0,0.009999986737966537
angle,1780569832359914249,2.0299999713897705,0,0.009999983012676239
angle,1780569832369914400,2.0299999713897705,0,0.009999950416386127
angle,1780569832379914626,2.0299999713897705,0,0.009999972768127918
angle,1780569832389915120,2.0299999713897705,0,0.009999941103160381
angle,1780569832399915155,2.0299999713897705,0,0.00999994296580553
angle,1780569832409915501,2.0299999713897705,0,0.009999941103160381
angle,1780569832419915590,2.0299999713897705,0,0.009999983012676239
angle,1780569832429916088,2.0299999713897705,0,0.009999965317547321
angle,1780569832439915810,2.0299999713897705,0,0.009999937377870083
angle,1780569832449916153,2.0299999713897705,0,0.009999937377870083
angle,1780569832459916534,2.0299999713897705,0,0.009999969974160194
angle,1780569832469917062,2.0299999713897705,0,0.009999939240515232
angle,1780569832479917302,2.0299999713897705,0,0.00999997928738594
angle,1780569832489917372,2.0299999713897705,0,0.009999954141676426
angle,1780569832499917619,2.0299999713897705,0,0.009999964386224747
angle,1780569832509917989,2.0299999713897705,0,0.009999970905482769
angle,1780569832519918404,2.0299999713897705,0,0.009999961592257023
angle,1780569832529918368,2.0299999713897705,0,0.009999978356063366
angle,1780569832539918635,2.0299999713897705,0,0.009999994188547134
angle,1780569832549918970,2.0299999713897705,0,0.010000002570450306
angle,1780569832559919247,2.0299999713897705,0,0.009999968111515045
angle,1780569832569919541,2.0299999713897705,0,0.009999942034482956
angle,1780569832579919865,2.0299999713897705,0,0.009999964386224747
angle,1780569832589920320,2.0299999713897705,0,0.009999984875321388
angle,1780569832599921027,2.0299999713897705,0,0.009999984875321388
angle,1780569832609920937,2.0299999713897705,0,0.010000011883676052
angle,1780569832619920727,2.0299999713897705,0,0.009999960660934448
angle,1780569832629922970,2.0299999713897705,0,0.009999956004321575
angle,1780569832639921175,2.0299999713897705,0,0.009999900124967098
angle,1780569832649921367,2.0299999713897705,0,0.009999984875321388
angle,1780569832659921733,2.0299999713897705,0,0.009999998845160007
angle,1780569832669922016,2.0299999713897705,0,0.009999959729611874
angle,1780569832679922359,2.0299999713897705,0,0.009999953210353851
angle,1780569832689922370,2.0299999713897705,0,0.009999887086451054
angle,1780569832699922567,2.0299999713897705,0,0.00999996718019247
angle,1780569832709922961,2.0299999713897705,0,0.009999943897128105
angle,1780569832719923243,2.0299999713897705,0,0.009999965317547321
angle,1780569832729923632,2.0299999713897705,0,0.009999992325901985
angle,1780569832739923898,2.0299999713897705,0,0.009999986737966537
angle,1780569832749924072,2.0299999713897705,0,0.009999977424740791
angle,1780569832759926065,2.0299999713897705,0,0.009999964386224747
angle,1780569832769924958,2.0299999713897705,0,0.010000009089708328
angle,1780569832779925296,2.0299999713897705,0,0.00999995693564415
angle,1780569832789925726,2.0299999713897705,0,0.009999936446547508
angle,1780569832799925633,2.0299999713897705,0,0.00999999139457941
angle,1780569832809926225,2.0299999713897705,0,0.010000009089708328
angle,1780569832819926237,2.0299999713897705,0,0.010000010952353477
angle,1780569832829926439,2.0299999713897705,0,0.009999970905482769
angle,1780569832839926714,2.0299999713897705,0,0.009999975562095642
angle,1780569832849926993,2.0299999713897705,0,0.00999994296580553
angle,1780569832859927162,2.0299999713897705,0,0.009999968111515045
angle,1780569832869927455,2.0299999713897705,0,0.009999948553740978
angle,1780569832879928043,2.0299999713897705,0,0.009999936446547508
angle,1780569832889927961,2.0299999713897705,0,0.009999959729611874
angle,1780569832899928695,2.0299999713897705,0,0.009999958798289299
angle,1780569832909928528,2.0299999713897705,0,0.009999974630773067
angle,1780569832919928714,2.0299999713897705,0,0.009999975562095642
angle,1780569832929928856,2.0299999713897705,0,0.009999969974160194
angle,1780569832939930390,2.0299999713897705,0,0.010000006295740604
angle,1780569832949929541,2.0299999713897705,0,0.009999917820096016
angle,1780569832959929614,2.0299999713897705,0,0.009999972768127918
angle,1780569832969930256,2.0299999713897705,0,0.00999999139457941
angle,1780569832979930423,2.0299999713897705,0,0.009999953210353851
angle,1780569832989930316,2.0299999713897705,0,0.009999939240515232
angle,1780569832999930501,2.0299999713897705,0,0.009999999776482582
angle,1780569833009931195,2.0299999713897705,0,0.009999950416386127
angle,1780569833019931364,2.0299999713897705,0,0.009999971836805344
angle,1780569833029931473,2.0299999713897705,0,0.009999987669289112
angle,1780569833039931617,2.0299999713897705,0,0.009999968111515045
angle,1780569833049931990,2.0299999713897705,0,0.009999971836805344
angle,1780569833059932535,2.0299999713897705,0,0.009999980218708515
angle,1780569833069932344,2.0299999713897705,0,0.009999939240515232
angle,1780569833079932774,2.0299999713897705,0,0.009999982081353664
angle,1780569833089932946,2.0299999713897705,0,0.009999982081353664
angle,1780569833099933339,2.0299999713897705,0,0.009999965317547321
angle,1780569833109936259,2.0299999713897705,0,0.010000001639127731
angle,1780569833119935901,2.0299999713897705,0,0.009999842382967472
angle,1780569833129935408,2.0299999713897705,0,0.009999910369515419
angle,1780569833139934573,2.0299999713897705,0,0.00999996904283762
angle,1780569833149935010,2.0299999713897705,0,0.009999954141676426
angle,1780569833159935071,2.0299999713897705,0,0.009999927133321762
angle,1780569833169935282,2.0299999713897705,0,0.009999940171837807
angle,1780569833179935595,2.0299999713897705,0,0.009999995119869709
angle,1780569833189936084,2.0299999713897705,0,0.010000000707805157
angle,1780569833199936383,2.0299999713897705,0,0.009999946691095829
angle,1780569833209936661,2.0299999713897705,0,0.009999990463256836
angle,1780569833219937001,2.0299999713897705,0,0.009999975562095642
angle,1780569833229936922,2.0299999713897705,0,0.009999971836805344
angle,1780569833239937248,2.0299999713897705,0,0.009999945759773254
angle,1780569833249937481,2.0299999713897705,0,0.009999978356063366
angle,1780569833259937827,2.0299999713897705,0,0.009999984875321388
angle,1780569833269938064,2.0299999713897705,0,0.009999975562095642
angle,1780569833279938959,2.0299999713897705,0,0.009999968111515045
angle,1780569833289938570,2.0299999713897705,0,0.010000010952353477
angle,1780569833299938895,2.0299999713897705,0,0.009999972768127918
angle,1780569833309939122,2.0299999713897705,0,0.009999933652579784
angle,1780569833319939589,2.0299999713897705,0,0.010000006295740604
angle,1780569833329939633,2.0299999713897705,0,0.009999950416386127
angle,1780569833339939641,2.0299999713897705,0,0.009999978356063366
angle,1780569833349940126,2.0299999713897705,0,0.009999964386224747
angle,1780569833359940446,2.0299999713897705,0,0.009999947622418404
angle,1780569833369940755,2.0299999713897705,0,0.009999983012676239
angle,1780569833379941007,2.0299999713897705,0,0.009999939240515232
angle,1780569833389941167,2.0299999713897705,0,0.009999961592257023
angle,1780569833399941402,2.0299999713897705,0,0.00999999325722456
angle,1780569833409941754,2.0299999713897705,0,0.009999955072999
angle,1780569833419941831,2.0299999713897705,0,0.009999968111515045
angle,1780569833429941988,2.0299999713897705,0,0.009999955072999
angle,1780569833439942195,2.0299999713897705,0,0.009999971836805344
angle,1780569833449942478,2.0299999713897705,0,0.009999947622418404
angle,1780569833459942528,2.0299999713897705,0,0.009999973699450493
angle,1780569833469942748,2.0299999713897705,0,0.009999939240515232
angle,1780569833479943254,2.0299999713897705,0,0.009999980218708515
angle,1780569833489943295,2.0299999713897705,0,0.009999963454902172
angle,1780569833499944938,2.0299999713897705,0,0.009999998845160007
angle,1780569833509943733,2.0299999713897705,0,0.009999893605709076
angle,1780569833519944214,2.0299999713897705,0,0.009999975562095642
angle,1780569833529944026,2.0299999713897705,0,0.009999942034482956
angle,1780569833539944088,2.0299999713897705,0,0.009999992325901985
angle,1780569833549944607,2.0299999713897705,0,0.009999984875321388
angle,1780569833559944797,2.0299999713897705,0,0.009999942034482956
angle,1780569833569944966,2.0299999713897705,0,0.00999999139457941
angle,1780569833579945433,2.0299999713897705,0,0.009999963454902172
angle,1780569833589945643,2.0299999713897705,0,0.009999933652579784
angle,1780569833599945926,2.0299999713897705,0,0.009999999776482582
angle,1780569833609946312,2.0299999713897705,0,0.009999948553740978
angle,1780569833619946345,2.0299999713897705,0,0.009999951347708702
angle,1780569833629948332,2.0299999713897705,0,0.009999984875321388
angle,1780569833639946777,2.0299999713897705,0,0.009999924339354038
angle,1780569833649947073,2.0299999713897705,0,0.009999969974160194
angle,1780569833659947214,2.0299999713897705,0,0.010000007227063179
angle,1780569833669947402,2.0299999713897705,0,0.009999975562095642
angle,1780569833679948790,2.0299999713897705,0,0.009999977424740791
angle,1780569833689947942,2.0299999713897705,0,0.009999926201999187
angle,1780569833699948132,2.0299999713897705,0,0.009999982081353664
angle,1780569833709948646,2.0299999713897705,0,0.009999942034482956
angle,1780569833719949379,2.0299999713897705,0,0.009999998845160007
angle,1780569833729948979,2.0299999713897705,0,0.009999985806643963
angle,1780569833739948970,2.0299999713897705,0,0.00999998115003109
angle,1780569833749949307,2.0299999713897705,0,0.009999969974160194
angle,1780569833759949585,2.0299999713897705,0,0.009999940171837807
angle,1780569833769949890,2.0299999713897705,0,0.010000009089708328
angle,1780569833779950295,2.0299999713897705,0,0.009999996051192284
angle,1780569833789950335,2.0299999713897705,0,0.0099998963996768
angle,1780569833799950680,2.0299999713897705,0,0.010000006295740604
angle,1780569833809950760,2.0299999713897705,0,0.009999933652579784
angle,1780569833819951540,2.0299999713897705,0,0.010000000707805157
angle,1780569833829951182,2.0299999713897705,0,0.009999940171837807
angle,1780569833839951549,2.0299999713897705,0,0.009999971836805344
angle,1780569833849951794,2.0299999713897705,0,0.009999965317547321
angle,1780569833859951657,2.0299999713897705,0,0.009999972768127918
angle,1780569833869952042,2.0299999713897705,0,0.009999964386224747
angle,1780569833879952516,2.0299999713897705,0,0.00999994482845068
angle,1780569833889952754,2.0299999713897705,0,0.009999983012676239
angle,1780569833899952714,2.0299999713897705,0,0.009999955072999
angle,1780569833909953318,2.0299999713897705,0,0.010000010021030903
angle,1780569833919953247,2.0299999713897705,0,0.010000002570450306
angle,1780569833929953846,2.0299999713897705,0,0.009999973699450493
angle,1780569833939956343,2.0299999713897705,0,0.009999996982514858
angle,1780569833949954538,2.0299999713897705,0,0.009999898262321949
angle,1780569833959954741,2.0299999713897705,0,0.009999893605709076
angle,1780569833969955308,2.0299999713897705,0,0.009999938309192657
angle,1780569833979955190,2.0299999713897705,0,0.009999891743063927
angle,1780569833989955442,2.0299999713897705,0,0.009999919682741165
angle,1780569833999955982,2.0299999713897705,0,0.009999960660934448
angle,1780569834009955895,2.0299999713897705,0,0.00999994296580553
angle,1780569834019956325,2.0299999713897705,0,0.009999948553740978
angle,1780569834029956154,2.0299999713897705,0,0.009999903850257397
angle,1780569834039956784,2.0299999713897705,0,0.009999988600611687
angle,1780569834049956530,2.0299999713897705,0,0.009999952279031277
angle,1780569834059956900,2.0299999713897705,0,0.009999964386224747
angle,1780569834069957054,2.0299999713897705,0,0.009999977424740791
angle,1780569834079957540,2.0299999713897705,0,0.00999999139457941
angle,1780569834089957628,2.0299999713897705,0,0.00999995693564415
angle,1780569834099958294,2.0299999713897705,0,0.009999984875321388
angle,1780569834109958068,2.0299999713897705,0,0.009999992325901985
angle,1780569834119958436,2.0299999713897705,0,0.009999945759773254
angle,1780569834129958545,2.0299999713897705,0,0.009999947622418404
angle,1780569834139958694,2.0299999713897705,0,0.009999943897128105
angle,1780569834149959027,2.0299999713897705,0,0.00999996718019247
angle,1780569834159959256,2.0299999713897705,0,0.009999964386224747
angle,1780569834169959718,2.0299999713897705,0,0.010000004433095455
angle,1780569834179959728,2.0299999713897705,0,0.00999997928738594
angle,1780569834189960399,2.0299999713897705,0,0.009999950416386127
angle,1780569834199960240,2.0299999713897705,0,0.00999997928738594
angle,1780569834209960356,2.0299999713897705,0,0.009999948553740978
angle,1780569834219961158,2.0299999713897705,0,0.009999996051192284
angle,1780569834229961039,2.0299999713897705,0,0.009999933652579784
angle,1780569834239961449,2.0299999713897705,0,0.009999994188547134
angle,1780569834249961735,2.0299999713897705,0,0.009999978356063366
angle,1780569834259962174,2.0299999713897705,0,0.009999941103160381
angle,1780569834269962416,2.0299999713897705,0,0.009999974630773067
angle,1780569834279962948,2.0299999713897705,0,0.00999996718019247
angle,1780569834289962962,2.0299999713897705,0,0.010000010021030903
angle,1780569834299962900,2.0299999713897705,0,0.009999990463256836
angle,1780569834309963134,2.0299999713897705,0,0.009999946691095829
angle,1780569834319963819,2.0299999713897705,0,0.009999988600611687
angle,1780569834329963862,2.0299999713897705,0,0.00999996904283762
angle,1780569834339963893,2.0299999713897705,0,0.009999988600611687
angle,1780569834349964496,2.0299999713897705,0,0.00999995693564415
angle,1780569834359964681,2.0299999713897705,0,0.009999955072999
angle,1780569834369964653,2.0299999713897705,0,0.009999988600611687
angle,1780569834379964824,2.0299999713897705,0,0.009999983012676239
angle,1780569834389965310,2.0299999713897705,0,0.00999995693564415
angle,1780569834399965282,2.0299999713897705,0,0.009999966248869896
angle,1780569834409965813,2.0299999713897705,0,0.009999968111515045
angle,1780569834419966191,2.0299999713897705,0,0.009999977424740791
angle,1780569834431748449,2.0299999713897705,0,0.011781759560108185
angle,1780569834441748882,2.0299999713897705,0,0.00999999139457941
angle,1780569834451749143,2.0299999713897705,0,0.009999973699450493
angle,1780569834461749449,2.0299999713897705,0,0.00999996718019247
angle,1780569834471751324,2.0299999713897705,0,0.009999980218708515
angle,1780569834481749884,2.0299999713897705,0,0.009999931789934635
angle,1780569834491750030,2.0299999713897705,0,0.009999986737966537
angle,1780569834501750237,2.0299999713897705,0,0.00999995693564415
angle,1780569834511750525,2.0299999713897705,0,0.009999980218708515
angle,1780569834521751212,2.0299999713897705,0,0.009999997913837433
angle,1780569834531750872,2.0299999713897705,0,0.009999983012676239
angle,1780569834541751161,2.0299999713897705,0,0.009999947622418404
angle,1780569834551751476,2.0299999713897705,0,0.00999996718019247
angle,1780569834561752022,2.0299999713897705,0,0.009999987669289112
angle,1780569834571752326,2.0299999713897705,0,0.009999874979257584
angle,1780569834581752343,2.0299999713897705,0,0.009999986737966537
angle,1780569834591752397,2.0299999713897705,0,0.009999915026128292
angle,1780569834601752653,2.0299999713897705,0,0.010000006295740604
angle,1780569834611753348,2.0299999713897705,0,0.009999972768127918
angle,1780569834621753244,2.0299999713897705,0,0.010000004433095455
angle,1780569834631754581,2.0299999713897705,0,0.00999999139457941
angle,1780569834641753646,2.0299999713897705,0,0.009999892674386501
angle,1780569834651753749,2.0299999713897705,0,0.009999958798289299
angle,1780569834661754335,2.0299999713897705,0,0.009999939240515232
angle,1780569834671754555,2.0299999713897705,0,0.009999980218708515
angle,1780569834681754670,2.0299999713897705,0,0.009999948553740978
angle,1780569834691755306,2.0299999713897705,0,0.009999969974160194
angle,1780569834701755269,2.0299999713897705,0,0.00999996718019247
angle,1780569834711755788,2.0299999713897705,0,0.009999942034482956
angle,1780569834721755857,2.0299999713897705,0,0.00999996718019247
angle,1780569834731755858,2.0299999713897705,0,0.009999937377870083
angle,1780569834741756035,2.0299999713897705,0,0.009999952279031277
angle,1780569834751756713,2.0299999713897705,0,0.010000002570450306
angle,1780569834761757124,2.0299999713897705,0,0.009999953210353851
angle,1780569834771756882,2.0299999713897705,0,0.009999928995966911
angle,1780569834781757023,2.0299999713897705,0,0.00999997928738594
angle,1780569834791757204,2.0299999713897705,0,0.009999938309192657
angle,1780569834801757313,2.0299999713897705,0,0.010000008158385754
angle,1780569834811757661,2.0299999713897705,0,0.009999985806643963
angle,1780569834821757895,2.0299999713897705,0,0.009999999776482582
angle,1780569834831758129,2.0299999713897705,0,0.009999990463256836
angle,1780569834841758863,2.0299999713897705,0,0.009999985806643963
angle,1780569834851758678,2.0299999713897705,0,0.009999956004321575
angle,1780569834861758701,2.0299999713897705,0,0.009999958798289299
angle,1780569834871759006,2.0299999713897705,0,0.009999973699450493
angle,1780569834881759047,2.0299999713897705,0,0.009999957866966724
angle,1780569834891759515,2.0299999713897705,0,0.010000009089708328
angle,1780569834901759833,2.0299999713897705,0,0.009999983943998814
angle,1780569834911760059,2.0299999713897705,0,0.009999983012676239
angle,1780569834921760526,2.0299999713897705,0,0.009999937377870083
angle,1780569834931760772,2.0299999713897705,0,0.009999891743063927
angle,1780569834941761880,2.0299999713897705,0,0.009999983943998814
angle,1780569834951760996,2.0299999713897705,0,0.009999942034482956
angle,1780569834961761302,2.0299999713897705,0,0.009999965317547321
angle,1780569834971761790,2.0299999713897705,0,0.010000006295740604
angle,1780569834981761839,2.0299999713897705,0,0.00999997928738594
angle,1780569834991762329,2.0299999713897705,0,0.009999968111515045
angle,1780569835001762258,2.0299999713897705,0,0.009999945759773254
angle,1780569835011762649,2.0299999713897705,0,0.00999996904283762
angle,1780569835021763242,2.0299999713897705,0,0.009999964386224747
angle,1780569835031762890,2.0299999713897705,0,0.010000006295740604
angle,1780569835041763249,2.0299999713897705,0,0.009999948553740978
angle,1780569835051763358,2.0299999713897705,0,0.009999980218708515
angle,1780569835061764164,2.0299999713897705,0,0.010000007227063179
angle,1780569835071764078,2.0299999713897705,0,0.010000000707805157
angle,1780569835081764591,2.0299999713897705,0,0.00999999139457941
angle,1780569835091764772,2.0299999713897705,0,0.009999990463256836
angle,1780569835101764782,2.0299999713897705,0,0.009999955072999
angle,1780569835111765773,2.0299999713897705,0,0.010000000707805157
angle,1780569835121765642,2.0299999713897705,0,0.00999999139457941
angle,1780569835131765552,2.0299999713897705,0,0.009999948553740978
angle,1780569835141765688,2.0299999713897705,0,0.009999995119869709
angle,1780569835151766071,2.0299999713897705,0,0.010000007227063179
angle,1780569835161766252,2.0299999713897705,0,0.009999936446547508
angle,1780569835171766785,2.0299999713897705,0,0.009999996982514858
angle,1780569835181767294,2.0299999713897705,0,0.009999934583902359
angle,1780569835191767348,2.0299999713897705,0,0.009999995119869709
angle,1780569835201767274,2.0299999713897705,0,0.010000004433095455
angle,1780569835211767473,2.0299999713897705,0,0.009999945759773254
angle,1780569835221768027,2.0299999713897705,0,0.009999969974160194
angle,1780569835231768355,2.0299999713897705,0,0.009999947622418404
angle,1780569835241768105,2.0299999713897705,0,0.00999996718019247
angle,1780569835251768406,2.0299999713897705,0,0.009999978356063366
angle,1780569835261768749,2.0299999713897705,0,0.009999995119869709
angle,1780569835271768887,2.0299999713897705,0,0.009999982081353664
angle,1780569835281769294,2.0299999713897705,0,0.009999940171837807
angle,1780569835291769463,2.0299999713897705,0,0.009999946691095829
angle,1780569835301769584,2.0299999713897705,0,0.009999936446547508
angle,1780569835311770162,2.0299999713897705,0,0.009999945759773254
angle,1780569835321770112,2.0299999713897705,0,0.009999998845160007
angle,1780569835331770505,2.0299999713897705,0,0.00999990664422512
angle,1780569835341770479,2.0299999713897705,0,0.009999973699450493
angle,1780569835351772013,2.0299999713897705,0,0.009999983012676239
angle,1780569835361771362,2.0299999713897705,0,0.009999915957450867
angle,1780569835371771369,2.0299999713897705,0,0.009999915957450867
angle,1780569835381771981,2.0299999713897705,0,0.009999997913837433
angle,1780569835391771824,2.0299999713897705,0,0.009999999776482582
angle,1780569835401771810,2.0299999713897705,0,0.009999952279031277
angle,1780569835411772171,2.0299999713897705,0,0.010000016540288925
angle,1780569835421772827,2.0299999713897705,0,0.009999954141676426
angle,1780569835431772829,2.0299999713897705,0,0.009999983943998814
angle,1780569835441772900,2.0299999713897705,0,0.009999938309192657
angle,1780569835451773140,2.0299999713897705,0,0.00999999325722456
angle,1780569835461773424,2.0299999713897705,0,0.009999988600611687
angle,1780569835471773660,2.0299999713897705,0,0.009999988600611687
angle,1780569835481773924,2.0299999713897705,0,0.009999997913837433
angle,1780569835491775864,2.0299999713897705,0,0.009999985806643963
angle,1780569835501775787,2.0299999713897705,0,0.009999950416386127
angle,1780569835511774802,2.0299999713897705,0,0.00999991875141859
angle,1780569835521774811,2.0299999713897705,0,0.009999955072999
angle,1780569835531775408,2.0299999713897705,0,0.009999959729611874
angle,1780569835541775388,2.0299999713897705,0,0.009999970905482769
angle,1780569835551775969,2.0299999713897705,0,0.009999957866966724
angle,1780569835561776290,2.0299999713897705,0,0.010000010021030903
angle,1780569835571776372,2.0299999713897705,0,0.009999901987612247
angle,1780569835581776401,2.0299999713897705,0,0.010000002570450306
angle,1780569835591780664,2.0299999713897705,0,0.009999982081353664
angle,1780569835601778050,2.0299999713897705,0,0.010000007227063179
angle,1780569835611778128,2.0299999713897705,0,0.010000007227063179
angle,1780569835621778220,2.0299999713897705,0,0.01000000536441803
angle,1780569835631779599,2.0299999713897705,0,0.009999945759773254
angle,1780569835641779144,2.0299999713897705,0,0.009999998845160007
angle,1780569835651778795,2.0299999713897705,0,0.009999938309192657
angle,1780569835661779254,2.0299999713897705,0,0.009999943897128105
angle,1780569835671779309,2.0299999713897705,0,0.009999996982514858
angle,1780569835681779792,2.0299999713897705,0,0.009999959729611874
angle,1780569835691780380,2.0299999713897705,0,0.009999953210353851
angle,1780569835701780378,2.0299999713897705,0,0.009999914094805717
angle,1780569835711780581,2.0299999713897705,0,0.009999954141676426
angle,1780569835721780859,2.0299999713897705,0,0.009999999776482582
angle,1780569835731782417,2.0299999713897705,0,0.009999970905482769
angle,1780569835741781264,2.0299999713897705,0,0.009999553672969341
angle,1780569835751781712,2.0299999713897705,0,0.009999953210353851
angle,1780569835761781642,2.0299999713897705,0,0.009999934583902359
angle,1780569835771781860,2.0299999713897705,0,0.009999946691095829
angle,1780569835781782125,2.0299999713897705,0,0.00999994482845068
angle,1780569835791782479,2.0299999713897705,0,0.00999994296580553
angle,1780569835801782456,2.0299999713897705,0,0.009999945759773254
angle,1780569835811783140,2.0299999713897705,0,0.009999970905482769
angle,1780569835821782994,2.0299999713897705,0,0.009999948553740978
angle,1780569835831783261,2.0299999713897705,0,0.00999996718019247
angle,1780569835841783494,2.0299999713897705,0,0.009999995119869709
angle,1780569835851783958,2.0299999713897705,0,0.009999956004321575
angle,1780569835861784045,2.0299999713897705,0,0.009999994188547134
angle,1780569835871784527,2.0299999713897705,0,0.009999983943998814
angle,1780569835881784414,2.0299999713897705,0,0.009999951347708702
angle,1780569835891784967,2.0299999713897705,0,0.009999951347708702
angle,1780569835901785355,2.0299999713897705,0,0.009999966248869896
angle,1780569835911785302,2.0299999713897705,0,0.009999996982514858
angle,1780569835921785482,2.0299999713897705,0,0.009999999776482582
angle,1780569835931785959,2.0299999713897705,0,0.010000011883676052
angle,1780569835941787182,2.0299999713897705,0,0.009999968111515045
angle,1780569835951786460,2.0299999713897705,0,0.009999965317547321
angle,1780569835961786618,2.0299999713897705,0,0.009999973699450493
angle,1780569835971789043,2.0299999713897705,0,0.010000022128224373
angle,1780569835981787368,2.0299999713897705,0,0.00999990664422512
angle,1780569835991787687,2.0299999713897705,0,0.00999999325722456
angle,1780569836001787867,2.0299999713897705,0,0.009999959729611874
angle,1780569836011788521,2.0299999713897705,0,0.009999965317547321
angle,1780569836021788429,2.0299999713897705,0,0.009999941103160381
angle,1780569836031788736,2.0299999713897705,0,0.009999994188547134
angle,1780569836041788801,2.0299999713897705,0,0.009999859146773815
angle,1780569836051789121,2.0299999713897705,0,0.010000014677643776
angle,1780569836061790019,2.0299999713897705,0,0.009999978356063366
angle,1780569836071789589,2.0299999713897705,0,0.009999975562095642
angle,1780569836081789835,2.0299999713897705,0,0.009999964386224747
angle,1780569836091790184,2.0299999713897705,0,0.010000004433095455
angle,1780569836101790247,2.0299999713897705,0,0.009999937377870083
angle,1780569836111790592,2.0299999713897705,0,0.009999969974160194
angle,1780569836121790595,2.0299999713897705,0,0.009999960660934448
angle,1780569836131791203,2.0299999713897705,0,0.009999974630773067
angle,1780569836141791264,2.0299999713897705,0,0.009999998845160007
angle,1780569836151791895,2.0299999713897705,0,0.009999951347708702
angle,1780569836163673245,2.0299999713897705,0,0.011881226673722267
angle,1780569836173673798,2.0299999713897705,0,0.009999941103160381
angle,1780569836183674084,2.0299999713897705,0,0.009999985806643963
angle,1780569836193674255,2.0299999713897705,0,0.009999978356063366
angle,1780569836203674441,2.0299999713897705,0,0.009999998845160007
angle,1780569836213674770,2.0299999713897705,0,0.009999950416386127
angle,1780569836223675229,2.0299999713897705,0,0.010000010021030903
angle,1780569836233675210,2.0299999713897705,0,0.009999946691095829
angle,1780569836243675296,2.0299999713897705,0,0.009999950416386127
angle,1780569836253676723,2.0299999713897705,0,0.009999994188547134
angle,1780569836263675893,2.0299999713897705,0,0.00999990664422512
angle,1780569836273677493,2.0299999713897705,0,0.009999950416386127
angle,1780569836283676816,2.0299999713897705,0,0.010000000707805157
angle,1780569836293676901,2.0299999713897705,0,0.009999987669289112
angle,1780569836303676820,2.0299999713897705,0,0.009999941103160381
angle,1780569836313677310,2.0299999713897705,0,0.009999986737966537
angle,1780569836323677103,2.0299999713897705,0,0.009999940171837807
angle,1780569836333677664,2.0299999713897705,0,0.009999988600611687
angle,1780569836343677788,2.0299999713897705,0,0.009999873116612434
angle,1780569836353678262,2.0299999713897705,0,0.009999996982514858
angle,1780569836363678541,2.0299999713897705,0,0.009999983943998814
angle,1780569836373678701,2.0299999713897705,0,0.009999973699450493
angle,1780569836383679044,2.0299999713897705,0,0.010000000707805157
angle,1780569836393679302,2.0299999713897705,0,0.01000000536441803
angle,1780569836403679914,2.0299999713897705,0,0.00999994296580553
angle,1780569836413679695,2.0299999713897705,0,0.009999958798289299
angle,1780569836423679844,2.0299999713897705,0,0.009999957866966724
angle,1780569836433680042,2.0299999713897705,0,0.009999956004321575
angle,1780569836443680506,2.0299999713897705,0,0.009999990463256836
angle,1780569836453680713,2.0299999713897705,0,0.009999988600611687
angle,1780569836463680681,2.0299999713897705,0,0.00999995693564415
angle,1780569836473681133,2.0299999713897705,0,0.010000010021030903
angle,1780569836483681274,2.0299999713897705,0,0.009999937377870083
angle,1780569836493681866,2.0299999713897705,0,0.009999994188547134
angle,1780569836503681889,2.0299999713897705,0,0.00999994482845068
angle,1780569836513682007,2.0299999713897705,0,0.009999951347708702
angle,1780569836523682180,2.0299999713897705,0,0.009999994188547134
angle,1780569836533683000,2.0299999713897705,0,0.009999941103160381
angle,1780569836543682642,2.0299999713897705,0,0.010000002570450306
angle,1780569836553682975,2.0299999713897705,0,0.009999939240515232
angle,1780569836563683147,2.0299999713897705,0,0.010000008158385754
angle,1780569836573683366,2.0299999713897705,0,0.009999942034482956
angle,1780569836583684043,2.0299999713897705,0,0.009999964386224747
angle,1780569836593683939,2.0299999713897705,0,0.009999952279031277
angle,1780569836603684130,2.0299999713897705,0,0.009999984875321388
angle,1780569836613684340,2.0299999713897705,0,0.009999954141676426
angle,1780569836623684680,2.0299999713897705,0,0.00999996718019247
angle,1780569836633686024,2.0299999713897705,0,0.009999978356063366
angle,1780569836643685093,2.0299999713897705,0,0.009999921545386314
angle,1780569836653685455,2.0299999713897705,0,0.009999985806643963
angle,1780569836663685625,2.0299999713897705,0,0.009999940171837807
angle,1780569836673685772,2.0299999713897705,0,0.009999934583902359
angle,1780569836683686387,2.0299999713897705,0,0.009999938309192657
angle,1780569836693686281,2.0299999713897705,0,0.00999996718019247
angle,1780569836703686570,2.0299999713897705,0,0.00999996904283762
angle,1780569836713686730,2.0299999713897705,0,0.009999985806643963
angle,1780569836723686927,2.0299999713897705,0,0.009999964386224747
angle,1780569836733687285,2.0299999713897705,0,0.009999996982514858
angle,1780569836743687502,2.0299999713897705,0,0.00999996904283762
angle,1780569836753687677,2.0299999713897705,0,0.00999993085861206
angle,1780569836763687856,2.0299999713897705,0,0.010000006295740604
angle,1780569836773688355,2.0299999713897705,0,0.00999999325722456
angle,1780569836783688280,2.0299999713897705,0,0.00999999325722456
angle,1780569836793688638,2.0299999713897705,0,0.010000007227063179
angle,1780569836803688978,2.0299999713897705,0,0.010000007227063179
angle,1780569836813689270,2.0299999713897705,0,0.009999945759773254
angle,1780569836823689499,2.0299999713897705,0,0.009999998845160007
angle,1780569836833689931,2.0299999713897705,0,0.009999966248869896
angle,1780569836843689956,2.0299999713897705,0,0.00999996904283762
angle,1780569836853692377,2.0299999713897705,0,0.01000000536441803
angle,1780569836863692727,2.0299999713897705,0,0.009999953210353851
angle,1780569836873692258,2.0299999713897705,0,0.009999890811741352
angle,1780569836883691485,2.0299999713897705,0,0.009999936446547508
angle,1780569836893691362,2.0299999713897705,0,0.009999973699450493
angle,1780569836903691670,2.0299999713897705,0,0.00999999139457941
angle,1780569836913691719,2.0299999713897705,0,0.009999945759773254
angle,1780569836923692459,2.0299999713897705,0,0.010000004433095455
angle,1780569836933693032,2.0299999713897705,0,0.009999971836805344
angle,1780569836943693700,2.0299999713897705,0,0.009999950416386127
angle,1780569836953692698,2.0299999713897705,0,0.009999972768127918
angle,1780569836963692911,2.0299999713897705,0,0.01000000536441803
angle,1780569836973693804,2.0299999713897705,0,0.010000008158385754
angle,1780569836983693544,2.0299999713897705,0,0.010000006295740604
angle,1780569836993693797,2.0299999713897705,0,0.009999977424740791
angle,1780569837003694128,2.0299999713897705,0,0.009999937377870083
angle,1780569837013694315,2.0299999713897705,0,0.010000000707805157
angle,1780569837023694730,2.0299999713897705,0,0.009999948553740978
angle,1780569837033694864,2.0299999713897705,0,0.009999941103160381
angle,1780569837043694904,2.0299999713897705,0,0.010000010021030903
angle,1780569837053695146,2.0299999713897705,0,0.009999997913837433
angle,1780569837063695275,2.0299999713897705,0,0.009999953210353851
angle,1780569837073696735,2.0299999713897705,0,0.00999999139457941
angle,1780569837083695977,2.0299999713897705,0,0.009999957866966724
angle,1780569837093696407,2.0299999713897705,0,0.009999947622418404
angle,1780569837103696425,2.0299999713897705,0,0.00999988242983818
angle,1780569837113696730,2.0299999713897705,0,0.009999968111515045
angle,1780569837123696974,2.0299999713897705,0,0.009999987669289112
angle,1780569837133697531,2.0299999713897705,0,0.009999998845160007
angle,1780569837143697617,2.0299999713897705,0,0.009999960660934448
angle,1780569837153697720,2.0299999713897705,0,0.009999933652579784
angle,1780569837163698402,2.0299999713897705,0,0.00999998115003109
angle,1780569837173698323,2.0299999713897705,0,0.009999973699450493
angle,1780569837183698393,2.0299999713897705,0,0.009999953210353851
angle,1780569837193698836,2.0299999713897705,0,0.009999986737966537
angle,1780569837203699154,2.0299999713897705,0,0.00999998115003109
angle,1780569837213699377,2.0299999713897705,0,0.00999997928738594
angle,1780569837223699535,2.0299999713897705,0,0.009999971836805344
angle,1780569837233699812,2.0299999713897705,0,0.009999985806643963
angle,1780569837243699924,2.0299999713897705,0,0.009999961592257023
angle,1780569837253700392,2.0299999713897705,0,0.009999985806643963
angle,1780569837263700303,2.0299999713897705,0,0.009999959729611874
angle,1780569837273700921,2.0299999713897705,0,0.009999974630773067
angle,1780569837283700929,2.0299999713897705,0,0.009999978356063366
angle,1780569837293701353,2.0299999713897705,0,0.009999988600611687
angle,1780569837303701767,2.0299999713897705,0,0.009999985806643963
angle,1780569837313701858,2.0299999713897705,0,0.00999994296580553
angle,1780569837323702043,2.0299999713897705,0,0.009999954141676426
angle,1780569837333702304,2.0299999713897705,0,0.009999985806643963
angle,1780569837343703414,2.0299999713897705,0,0.009999983012676239
angle,1780569837353703244,2.0299999713897705,0,0.010000004433095455
angle,1780569837363703172,2.0299999713897705,0,0.009999966248869896
angle,1780569837373703377,2.0299999713897705,0,0.010000007227063179
angle,1780569837383703735,2.0299999713897705,0,0.009999948553740978
angle,1780569837393704699,2.0299999713897705,0,0.009999891743063927
angle,1780569837403704403,2.0299999713897705,0,0.009999877773225307
angle,1780569837413704353,2.0299999713897705,0,0.009999936446547508
angle,1780569837423704546,2.0299999713897705,0,0.009999980218708515
angle,1780569837433704886,2.0299999713897705,0,0.009999968111515045
angle,1780569837443705765,2.0299999713897705,0,0.010000000707805157
angle,1780569837453707126,2.0299999713897705,0,0.00999999325722456
angle,1780569837463707284,2.0299999713897705,0,0.009999924339354038
angle,1780569837473705943,2.0299999713897705,0,0.00999988242983818
angle,1780569837483705968,2.0299999713897705,0,0.009999950416386127
angle,1780569837493706530,2.0299999713897705,0,0.009999996982514858
angle,1780569837503706587,2.0299999713897705,0,0.009999983012676239
angle,1780569837513706773,2.0299999713897705,0,0.009999990463256836
angle,1780569837523706963,2.0299999713897705,0,0.009999996982514858
angle,1780569837533707184,2.0299999713897705,0,0.00999995693564415
angle,1780569837543708080,2.0299999713897705,0,0.010000002570450306
angle,1780569837553707808,2.0299999713897705,0,0.009999951347708702
angle,1780569837563707767,2.0299999713897705,0,0.009999946691095829
angle,1780569837573708136,2.0299999713897705,0,0.009999970905482769
angle,1780569837583708370,2.0299999713897705,0,0.009999986737966537
angle,1780569837593708672,2.0299999713897705,0,0.00999997928738594
angle,1780569837603709105,2.0299999713897705,0,0.009999996982514858
angle,1780569837613708992,2.0299999713897705,0,0.009999877773225307
angle,1780569837623709409,2.0299999713897705,0,0.009999966248869896
angle,1780569837633709600,2.0299999713897705,0,0.009999958798289299
angle,1780569837643711350,2.0299999713897705,0,0.009999980218708515
angle,1780569837653710113,2.0299999713897705,0,0.009999937377870083
angle,1780569837663710462,2.0299999713897705,0,0.009999953210353851
angle,1780569837673710889,2.0299999713897705,0,0.009999946691095829
angle,1780569837683710925,2.0299999713897705,0,0.010000002570450306
angle,1780569837693711188,2.0299999713897705,0,0.009999961592257023
angle,1780569837703711515,2.0299999713897705,0,0.009999946691095829
angle,1780569837713711676,2.0299999713897705,0,0.01000000536441803
angle,1780569837723711911,2.0299999713897705,0,0.009999988600611687
angle,1780569837733712179,2.0299999713897705,0,0.009999946691095829
angle,1780569837743712850,2.0299999713897705,0,0.00999994296580553
angle,1780569837753712778,2.0299999713897705,0,0.009999983943998814
angle,1780569837763713042,2.0299999713897705,0,0.009999985806643963
angle,1780569837773713168,2.0299999713897705,0,0.009999977424740791
angle,1780569837783713447,2.0299999713897705,0,0.010000008158385754
angle,1780569837793713744,2.0299999713897705,0,0.009999941103160381
angle,1780569837803714469,2.0299999713897705,0,0.009999936446547508
angle,1780569837813714401,2.0299999713897705,0,0.009999942034482956
angle,1780569837823714495,2.0299999713897705,0,0.009999959729611874
angle,1780569837833714688,2.0299999713897705,0,0.00999994296580553
angle,1780569837843715307,2.0299999713897705,0,0.00999999325722456
angle,1780569837853715719,2.0299999713897705,0,0.009999957866966724
angle,1780569837863715374,2.0299999713897705,0,0.009999999776482582
angle,1780569837873715916,2.0299999713897705,0,0.009999978356063366
angle,1780569837883716109,2.0299999713897705,0,0.009999998845160007
angle,1780569837893716470,2.0299999713897705,0,0.009999961592257023
angle,1780569837903717023,2.0299999713897705,0,0.009999970905482769
angle,1780569837913717052,2.0299999713897705,0,0.010000001639127731
angle,1780569837923717102,2.0299999713897705,0,0.009999964386224747
angle,1780569837935162328,2.0299999713897705,0,0.011444104835391045
angle,1780569837945163392,2.0299999713897705,0,0.00999987218528986
angle,1780569837955162557,2.0299999713897705,0,0.009999923408031464
angle,1780569837965162942,2.0299999713897705,0,0.009999990463256836
angle,1780569837975165004,2.0299999713897705,0,0.010000036098062992
angle,1780569837985163292,2.0299999713897705,0,0.009999845176935196
angle,1780569837995163658,2.0299999713897705,0,0.00999995693564415
angle,1780569838005163963,2.0299999713897705,0,0.009999971836805344
angle,1780569838015165390,2.0299999713897705,0,0.009999999776482582
angle,1780569838025164598,2.0299999713897705,0,0.009999877773225307
angle,1780569838035164535,2.0299999713897705,0,0.009999995119869709
angle,1780569838045165008,2.0299999713897705,0,0.009999987669289112
angle,1780569838055165016,2.0299999713897705,0,0.009999972768127918
angle,1780569838065165304,2.0299999713897705,0,0.009999966248869896
angle,1780569838075165443,2.0299999713897705,0,0.010000001639127731
angle,1780569838085165988,2.0299999713897705,0,0.009999994188547134
angle,1780569838095166266,2.0299999713897705,0,0.009999948553740978
angle,1780569838105166313,2.0299999713897705,0,0.009999957866966724
angle,1780569838115166538,2.0299999713897705,0,0.01000000536441803
angle,1780569838125166702,2.0299999713897705,0,0.009999960660934448
angle,1780569838135168940,2.0299999713897705,0,0.009999977424740791
angle,1780569838145169273,2.0299999713897705,0,0.009999927133321762
angle,1780569838155169347,2.0299999713897705,0,0.009999859146773815
angle,1780569838165167792,2.0299999713897705,0,0.009999888949096203
angle,1780569838175168057,2.0299999713897705,0,0.009999919682741165
angle,1780569838185168132,2.0299999713897705,0,0.009999964386224747
angle,1780569838195168595,2.0299999713897705,0,0.009999977424740791
angle,1780569838205168963,2.0299999713897705,0,0.009999902918934822
angle,1780569838215169048,2.0299999713897705,0,0.009999998845160007
angle,1780569838225169091,2.0299999713897705,0,0.009999995119869709
angle,1780569838235169243,2.0299999713897705,0,0.009999997913837433
angle,1780569838245169851,2.0299999713897705,0,0.009999996982514858
angle,1780569838255170023,2.0299999713897705,0,0.009999986737966537
angle,1780569838265170072,2.0299999713897705,0,0.009999971836805344
angle,1780569838275170465,2.0299999713897705,0,0.009999970905482769
angle,1780569838285170815,2.0299999713897705,0,0.009999929927289486
angle,1780569838295171158,2.0299999713897705,0,0.009999862872064114
angle,1780569838305171164,2.0299999713897705,0,0.009999996982514858
angle,1780569838315171227,2.0299999713897705,0,0.009999938309192657
angle,1780569838325171606,2.0299999713897705,0,0.009999996051192284
angle,1780569838335172025,2.0299999713897705,0,0.00999996718019247
angle,1780569838345172979,2.0299999713897705,0,0.009999984875321388
angle,1780569838355172381,2.0299999713897705,0,0.009999865666031837
angle,1780569838365172912,2.0299999713897705,0,0.01000000536441803
angle,1780569838375173366,2.0299999713897705,0,0.010000011883676052
angle,1780569838385174005,2.0299999713897705,0,0.009999927133321762
angle,1780569838395173620,2.0299999713897705,0,0.009999940171837807
angle,1780569838405174101,2.0299999713897705,0,0.010000012814998627
angle,1780569838415174048,2.0299999713897705,0,0.009999941103160381
angle,1780569838425174583,2.0299999713897705,0,0.009999999776482582
angle,1780569838435174483,2.0299999713897705,0,0.009999975562095642
angle,1780569838445174939,2.0299999713897705,0,0.009999963454902172
angle,1780569838455174920,2.0299999713897705,0,0.009999984875321388
angle,1780569838465175056,2.0299999713897705,0,0.009999972768127918
angle,1780569838475175502,2.0299999713897705,0,0.009999978356063366
angle,1780569838485175657,2.0299999713897705,0,0.009999943897128105
angle,1780569838495175887,2.0299999713897705,0,0.00999998115003109
angle,1780569838505176068,2.0299999713897705,0,0.009999929927289486
angle,1780569838515177044,2.0299999713897705,0,0.00999993272125721
angle,1780569838525176391,2.0299999713897705,0,0.009999909438192844
angle,1780569838535176870,2.0299999713897705,0,0.009999965317547321
angle,1780569838545177284,2.0299999713897705,0,0.00999999325722456
angle,1780569838555177995,2.0299999713897705,0,0.009999931789934635
angle,1780569838565177696,2.0299999713897705,0,0.009999994188547134
angle,1780569838575177712,2.0299999713897705,0,0.009999973699450493
angle,1780569838585177898,2.0299999713897705,0,0.009999941103160381
angle,1780569838595178242,2.0299999713897705,0,0.009999954141676426
angle,1780569838605178506,2.0299999713897705,0,0.009999990463256836
angle,1780569838615178748,2.0299999713897705,0,0.00999994296580553
angle,1780569838625178695,2.0299999713897705,0,0.009999965317547321
angle,1780569838635178808,2.0299999713897705,0,0.009999928064644337
angle,1780569838645181181,2.0299999713897705,0,0.009999956004321575
angle,1780569838655179681,2.0299999713897705,0,0.009999994188547134
angle,1780569838665179453,2.0299999713897705,0,0.009999942034482956
angle,1780569838675180068,2.0299999713897705,0,0.010000007227063179
angle,1780569838685181834,2.0299999713897705,0,0.009999972768127918
angle,1780569838695180362,2.0299999713897705,0,0.00999989453703165
angle,1780569838705180565,2.0299999713897705,0,0.009999938309192657
angle,1780569838715180893,2.0299999713897705,0,0.009999948553740978
angle,1780569838725180947,2.0299999713897705,0,0.009999945759773254
angle,1780569838735181170,2.0299999713897705,0,0.009999982081353664
angle,1780569838745181353,2.0299999713897705,0,0.009999955072999
angle,1780569838755181994,2.0299999713897705,0,0.009999992325901985
angle,1780569838765182056,2.0299999713897705,0,0.009999917820096016
angle,1780569838775182370,2.0299999713897705,0,0.009999982081353664
angle,1780569838785182341,2.0299999713897705,0,0.00999999325722456
angle,1780569838795182601,2.0299999713897705,0,0.00999997928738594
angle,1780569838805182824,2.0299999713897705,0,0.009999959729611874
angle,1780569838815182976,2.0299999713897705,0,0.009999943897128105
angle,1780569838825183125,2.0299999713897705,0,0.009999950416386127
angle,1780569838835183435,2.0299999713897705,0,0.009999966248869896
angle,1780569838845183553,2.0299999713897705,0,0.009999943897128105
angle,1780569838855183909,2.0299999713897705,0,0.009999964386224747
angle,1780569838865184009,2.0299999713897705,0,0.009999898262321949
angle,1780569838875184264,2.0299999713897705,0,0.00999997928738594
angle,1780569838885184638,2.0299999713897705,0,0.009999983943998814
angle,1780569838895185025,2.0299999713897705,0,0.00999997928738594
angle,1780569838905185218,2.0299999713897705,0,0.009999938309192657
angle,1780569838915185353,2.0299999713897705,0,0.009999970905482769
angle,1780569838925185546,2.0299999713897705,0,0.00999994296580553
angle,1780569838935185815,2.0299999713897705,0,0.009999985806643963
angle,1780569838945187315,2.0299999713897705,0,0.009999994188547134
angle,1780569838955186452,2.0299999713897705,0,0.009999928064644337
angle,1780569838965186785,2.0299999713897705,0,0.009999984875321388
angle,1780569838975186705,2.0299999713897705,0,0.009999953210353851
angle,1780569838985186929,2.0299999713897705,0,0.009999995119869709
angle,1780569838995187441,2.0299999713897705,0,0.009999998845160007
angle,1780569839005187608,2.0299999713897705,0,0.009999985806643963
angle,1780569839015187864,2.0299999713897705,0,0.009999971836805344
angle,1780569839025188715,2.0299999713897705,0,0.009999996982514858
angle,1780569839035188047,2.0299999713897705,0,0.009999961592257023
angle,1780569839045188444,2.0299999713897705,0,0.00999994296580553
angle,1780569839055189038,2.0299999713897705,0,0.009999995119869709
angle,1780569839065189099,2.0299999713897705,0,0.010000006295740604
angle,1780569839075189090,2.0299999713897705,0,0.009999966248869896
angle,1780569839085189508,2.0299999713897705,0,0.009999948553740978
angle,1780569839095189852,2.0299999713897705,0,0.009999988600611687
angle,1780569839105189827,2.0299999713897705,0,0.009999956004321575
angle,1780569839115190434,2.0299999713897705,0,0.009999998845160007
angle,1780569839125190308,2.0299999713897705,0,0.009999996051192284
angle,1780569839135190446,2.0299999713897705,0,0.00999995693564415
angle,1780569839145190707,2.0299999713897705,0,0.009999983943998814
angle,1780569839155191429,2.0299999713897705,0,0.009999939240515232
angle,1780569839165191564,2.0299999713897705,0,0.009999952279031277
angle,1780569839175191474,2.0299999713897705,0,0.009999947622418404
angle,1780569839185191656,2.0299999713897705,0,0.009999995119869709
angle,1780569839195191961,2.0299999713897705,0,0.009999940171837807
angle,1780569839205192687,2.0299999713897705,0,0.010000001639127731
angle,1780569839215192633,2.0299999713897705,0,0.009999965317547321
angle,1780569839225192836,2.0299999713897705,0,0.009999995119869709
angle,1780569839235194792,2.0299999713897705,0,0.010000036098062992
angle,1780569839245193566,2.0299999713897705,0,0.009999948553740978
angle,1780569839255193559,2.0299999713897705,0,0.009999937377870083
angle,1780569839265193714,2.0299999713897705,0,0.009999937377870083
angle,1780569839275193770,2.0299999713897705,0,0.009999937377870083
angle,1780569839285194543,2.0299999713897705,0,0.00999999139457941
angle,1780569839295194208,2.0299999713897705,0,0.009999947622418404
angle,1780569839305194437,2.0299999713897705,0,0.01000000536441803
angle,1780569839315194907,2.0299999713897705,0,0.010000008158385754
angle,1780569839325195090,2.0299999713897705,0,0.009999928064644337
angle,1780569839335195474,2.0299999713897705,0,0.009999957866966724
angle,1780569839345196074,2.0299999713897705,0,0.009999994188547134
angle,1780569839355196181,2.0299999713897705,0,0.009999999776482582
angle,1780569839365196445,2.0299999713897705,0,0.009999942034482956
angle,1780569839375196837,2.0299999713897705,0,0.00999995693564415
angle,1780569839385196911,2.0299999713897705,0,0.009999937377870083
angle,1780569839395196884,2.0299999713897705,0,0.009999934583902359
angle,1780569839405197280,2.0299999713897705,0,0.009999982081353664
angle,1780569839415197730,2.0299999713897705,0,0.010000007227063179
angle,1780569839425197926,2.0299999713897705,0,0.009999871253967285
angle,1780569839435198215,2.0299999713897705,0,0.010000004433095455
angle,1780569839445198424,2.0299999713897705,0,0.009999971836805344
angle,1780569839455198717,2.0299999713897705,0,0.00999996904283762
angle,1780569839465200725,2.0299999713897705,0,0.00999999139457941
angle,1780569839475201599,2.0299999713897705,0,0.009999861940741539
angle,1780569839485201633,2.0299999713897705,0,0.009999803267419338
angle,1780569839495199978,2.0299999713897705,0,0.009999907575547695
angle,1780569839505200134,2.0299999713897705,0,0.00999996718019247
angle,1780569839515200757,2.0299999713897705,0,0.009999986737966537
angle,1780569839525200464,2.0299999713897705,0,0.009999948553740978
angle,1780569839535200769,2.0299999713897705,0,0.009999942034482956
angle,1780569839545201339,2.0299999713897705,0,0.00999994482845068
angle,1780569839555201753,2.0299999713897705,0,0.009999899193644524
angle,1780569839565201735,2.0299999713897705,0,0.009999946691095829
angle,1780569839575201756,2.0299999713897705,0,0.009999956004321575
angle,1780569839585202095,2.0299999713897705,0,0.009999936446547508
angle,1780569839595202388,2.0299999713897705,0,0.009999994188547134
angle,1780569839605202845,2.0299999713897705,0,0.009999964386224747
angle,1780569839615202877,2.0299999713897705,0,0.009999996982514858
angle,1780569839625202931,2.0299999713897705,0,0.009999959729611874
angle,1780569839635203204,2.0299999713897705,0,0.009999977424740791
angle,1780569839645205689,2.0299999713897705,0,0.009999937377870083
angle,1780569839655203939,2.0299999713897705,0,0.009999931789934635
angle,1780569839665203886,2.0299999713897705,0,0.009999937377870083
angle,1780569839675204067,2.0299999713897705,0,0.009999980218708515
angle,1780569839685204346,2.0299999713897705,0,0.009999994188547134
angle,1780569839695205042,2.0299999713897705,0,0.009999970905482769
angle,1780569839705204959,2.0299999713897705,0,0.009999975562095642
angle,1780569839715205308,2.0299999713897705,0,0.00999999139457941
angle,1780569839725205463,2.0299999713897705,0,0.009999936446547508
angle,1780569839735205875,2.0299999713897705,0,0.009999999776482582
angle,1780569839745206179,2.0299999713897705,0,0.009999996051192284
angle,1780569839755207652,2.0299999713897705,0,0.009999948553740978
angle,1780569839765206510,2.0299999713897705,0,0.009999893605709076
angle,1780569839775206784,2.0299999713897705,0,0.00999998115003109
angle,1780569839785207092,2.0299999713897705,0,0.009999990463256836
angle,1780569839795207453,2.0299999713897705,0,0.010000010021030903
angle,1780569839805208072,2.0299999713897705,0,0.009999996051192284
angle,1780569839815207985,2.0299999713897705,0,0.009999940171837807
angle,1780569839825208236,2.0299999713897705,0,0.00999993272125721
angle,1780569839835208444,2.0299999713897705,0,0.009999966248869896
angle,1780569839845209182,2.0299999713897705,0,0.009999952279031277
angle,1780569839855209061,2.0299999713897705,0,0.009999947622418404
angle,1780569839865209051,2.0299999713897705,0,0.009999956004321575
angle,1780569839875209150,2.0299999713897705,0,0.009999995119869709
angle,1780569839885209595,2.0299999713897705,0,0.009999986737966537
angle,1780569839895209688,2.0299999713897705,0,0.010000006295740604
angle,1780569839905209959,2.0299999713897705,0,0.009999956004321575
angle,1780569839915210278,2.0299999713897705,0,0.009999992325901985
angle,1780569839925210481,2.0299999713897705,0,0.009999998845160007
angle,1780569839935211028,2.0299999713897705,0,0.009999987669289112
angle,1780569839945212172,2.0299999713897705,0,0.009999972768127918
angle,1780569839955211909,2.0299999713897705,0,0.009999965317547321
angle,1780569839965211543,2.0299999713897705,0,0.009999996051192284
angle,1780569839975213693,2.0299999713897705,0,0.009999985806643963
angle,1780569839985211963,2.0299999713897705,0,0.009999893605709076
angle,1780569839995212254,2.0299999713897705,0,0.009999971836805344
angle,1780569840005214854,2.0299999713897705,0,0.010000043548643589
angle,1780569840015213325,2.0299999713897705,0,0.009999926201999187
angle,1780569840025213312,2.0299999713897705,0,0.009999902918934822
angle,1780569840035213459,2.0299999713897705,0,0.009999985806643963
angle,1780569840045213602,2.0299999713897705,0,0.009999983012676239
angle,1780569840055214204,2.0299999713897705,0,0.009999954141676426
angle,1780569840065214185,2.0299999713897705,0,0.009999987669289112
angle,1780569840075214341,2.0299999713897705,0,0.009999933652579784
angle,1780569840085214978,2.0299999713897705,0,0.01000000536441803
angle,1780569840095216591,2.0299999713897705,0,0.009999958798289299
angle,1780569840105215160,2.0299999713897705,0,0.009999899193644524
angle,1780569840115215578,2.0299999713897705,0,0.009999964386224747
angle,1780569840125215515,2.0299999713897705,0,0.00999999139457941
angle,1780569840135215727,2.0299999713897705,0,0.009999960660934448
angle,1780569840145216083,2.0299999713897705,0,0.009999965317547321
angle,1780569840155221741,2.0299999713897705,0,0.01000321563333273
angle,1780569840166422881,2.0299999713897705,0,0.011201633140444756
angle,1780569840176423995,2.0299999713897705,0,0.009999961592257023
angle,1780569840186423622,2.0299999713897705,0,0.00999988429248333
angle,1780569840196422676,2.0299999713897705,0,0.009999863803386688
angle,1780569840206423188,2.0299999713897705,0,0.009999956004321575
angle,1780569840216424375,2.0299999713897705,0,0.010000014677643776
angle,1780569840226423748,2.0299999713897705,0,0.009999924339354038
angle,1780569840236424044,2.0299999713897705,0,0.009999980218708515
angle,1780569840246424399,2.0299999713897705,0,0.010000004433095455
angle,1780569840256425036,2.0299999713897705,0,0.009999985806643963
angle,1780569840266424959,2.0299999713897705,0,0.009999907575547695
angle,1780569840276424973,2.0299999713897705,0,0.009999995119869709
angle,1780569840286425212,2.0299999713897705,0,0.009999961592257023
angle,1780569840296425654,2.0299999713897705,0,0.009999987669289112
angle,1780569840306425820,2.0299999713897705,0,0.009999992325901985
angle,1780569840316426120,2.0299999713897705,0,0.009999964386224747
angle,1780569840326426200,2.0299999713897705,0,0.009999972768127918
angle,1780569840336426546,2.0299999713897705,0,0.009999940171837807
angle,1780569840346427351,2.0299999713897705,0,0.009999941103160381
angle,1780569840356427296,2.0299999713897705,0,0.009999947622418404
angle,1780569840366427297,2.0299999713897705,0,0.009999974630773067
angle,1780569840376427676,2.0299999713897705,0,0.009999963454902172
angle,1780569840386428056,2.0299999713897705,0,0.009999983943998814
angle,1780569840396428187,2.0299999713897705,0,0.009999985806643963
angle,1780569840406428414,2.0299999713897705,0,0.009999963454902172
angle,1780569840416428779,2.0299999713897705,0,0.00999997928738594
angle,1780569840426429297,2.0299999713897705,0,0.010000000707805157
angle,1780569840436429674,2.0299999713897705,0,0.009999968111515045
angle,1780569840446429501,2.0299999713897705,0,0.009999956004321575
angle,1780569840456429594,2.0299999713897705,0,0.009999955072999
angle,1780569840466429938,2.0299999713897705,0,0.009999945759773254
angle,1780569840476430021,2.0299999713897705,0,0.010000000707805157
angle,1780569840486430283,2.0299999713897705,0,0.00999999139457941
angle,1780569840496430418,2.0299999713897705,0,0.009999948553740978
angle,1780569840506430668,2.0299999713897705,0,0.00999996904283762
angle,1780569840516430914,2.0299999713897705,0,0.009999972768127918
angle,1780569840526431077,2.0299999713897705,0,0.009999934583902359
angle,1780569840536431522,2.0299999713897705,0,0.00999993272125721
angle,1780569840546431618,2.0299999713897705,0,0.00999997928738594
angle,1780569840556432012,2.0299999713897705,0,0.009999968111515045
angle,1780569840566432641,2.0299999713897705,0,0.009999983012676239
angle,1780569840576432410,2.0299999713897705,0,0.009999990463256836
angle,1780569840586433137,2.0299999713897705,0,0.009999939240515232
angle,1780569840596433013,2.0299999713897705,0,0.00999991875141859
angle,1780569840606432714,2.0299999713897705,0,0.009999953210353851
angle,1780569840616433250,2.0299999713897705,0,0.009999997913837433
angle,1780569840626434032,2.0299999713897705,0,0.00999996904283762
angle,1780569840636433763,2.0299999713897705,0,0.00999999325722456
angle,1780569840646436270,2.0299999713897705,0,0.010000008158385754
angle,1780569840656434164,2.0299999713897705,0,0.009999938309192657
angle,1780569840666434548,2.0299999713897705,0,0.009999948553740978
angle,1780569840676434519,2.0299999713897705,0,0.009999958798289299
angle,1780569840686435668,2.0299999713897705,0,0.009999950416386127
angle,1780569840696435155,2.0299999713897705,0,0.00999996718019247
angle,1780569840706435297,2.0299999713897705,0,0.009999946691095829
angle,1780569840716435501,2.0299999713897705,0,0.00999999325722456
angle,1780569840726436149,2.0299999713897705,0,0.010000002570450306
angle,1780569840736436015,2.0299999713897705,0,0.009999943897128105
angle,1780569840746436267,2.0299999713897705,0,0.00999997928738594
angle,1780569840756436708,2.0299999713897705,0,0.009999969974160194
angle,1780569840766436751,2.0299999713897705,0,0.009999939240515232
angle,1780569840776436845,2.0299999713897705,0,0.009999978356063366
angle,1780569840786437262,2.0299999713897705,0,0.009999983012676239
angle,1780569840796437509,2.0299999713897705,0,0.009999978356063366
angle,1780569840806437649,2.0299999713897705,0,0.010000004433095455
angle,1780569840816438404,2.0299999713897705,0,0.009999980218708515
angle,1780569840826438224,2.0299999713897705,0,0.00999995693564415
angle,1780569840836438490,2.0299999713897705,0,0.009999958798289299
angle,1780569840846438701,2.0299999713897705,0,0.009999998845160007
angle,1780569840856439079,2.0299999713897705,0,0.009999977424740791
angle,1780569840866440351,2.0299999713897705,0,0.010000004433095455
angle,1780569840876439623,2.0299999713897705,0,0.009999997913837433
angle,1780569840886439816,2.0299999713897705,0,0.009999959729611874
angle,1780569840896440109,2.0299999713897705,0,0.010000008158385754
angle,1780569840906440632,2.0299999713897705,0,0.009999983943998814
angle,1780569840916440401,2.0299999713897705,0,0.009999994188547134
angle,1780569840926440716,2.0299999713897705,0,0.009999961592257023
angle,1780569840936440914,2.0299999713897705,0,0.00999994482845068
angle,1780569840946442062,2.0299999713897705,0,0.009999984875321388
angle,1780569840956441490,2.0299999713897705,0,0.009999953210353851
angle,1780569840966441905,2.0299999713897705,0,0.009999955072999
angle,1780569840976442162,2.0299999713897705,0,0.009999983943998814
angle,1780569840986442371,2.0299999713897705,0,0.009999936446547508
angle,1780569840996442531,2.0299999713897705,0,0.009999995119869709
angle,1780569841006442807,2.0299999713897705,0,0.009999955072999
angle,1780569841016442996,2.0299999713897705,0,0.009999965317547321
angle,1780569841026443919,2.0299999713897705,0,0.009999984875321388
angle,1780569841036443384,2.0299999713897705,0,0.009999943897128105
angle,1780569841046443552,2.0299999713897705,0,0.009999943897128105
angle,1780569841056443801,2.0299999713897705,0,0.009999954141676426
angle,1780569841066444365,2.0299999713897705,0,0.009999941103160381
angle,1780569841076444509,2.0299999713897705,0,0.009999992325901985
angle,1780569841086444496,2.0299999713897705,0,0.009999983943998814
angle,1780569841096445072,2.0299999713897705,0,0.00999999139457941
angle,1780569841106444853,2.0299999713897705,0,0.009999956004321575
angle,1780569841116445131,2.0299999713897705,0,0.010000007227063179
angle,1780569841126445489,2.0299999713897705,0,0.009999958798289299
angle,1780569841136445540,2.0299999713897705,0,0.00999998115003109
angle,1780569841146445952,2.0299999713897705,0,0.00999999139457941
angle,1780569841156446516,2.0299999713897705,0,0.009999938309192657
angle,1780569841166446614,2.0299999713897705,0,0.009999963454902172
angle,1780569841176446600,2.0299999713897705,0,0.009999898262321949
angle,1780569841186446714,2.0299999713897705,0,0.010000004433095455
angle,1780569841196447016,2.0299999713897705,0,0.009999986737966537
angle,1780569841206447503,2.0299999713897705,0,0.009999940171837807
angle,1780569841216447777,2.0299999713897705,0,0.010000008158385754
angle,1780569841226447986,2.0299999713897705,0,0.009999899193644524
angle,1780569841236448130,2.0299999713897705,0,0.009999986737966537
angle,1780569841246448623,2.0299999713897705,0,0.009999975562095642
angle,1780569841256448558,2.0299999713897705,0,0.010000009089708328
angle,1780569841266449125,2.0299999713897705,0,0.009999946691095829
angle,1780569841276449160,2.0299999713897705,0,0.009999901056289673
angle,1780569841286449404,2.0299999713897705,0,0.009999992325901985
angle,1780569841296449676,2.0299999713897705,0,0.009999999776482582
angle,1780569841306449910,2.0299999713897705,0,0.009999983943998814
angle,1780569841316452453,2.0299999713897705,0,0.010000105947256088
angle,1780569841332062662,2.0299999713897705,0,0.015611734241247177
angle,1780569841342063523,2.0299999713897705,0,0.009999963454902172
angle,1780569841352063291,2.0299999713897705,0,0.009999978356063366
angle,1780569841362063888,2.0299999713897705,0,0.01000000536441803
angle,1780569841372063913,2.0299999713897705,0,0.009999940171837807
angle,1780569841382064054,2.0299999713897705,0,0.009999980218708515
angle,1780569841392064707,2.0299999713897705,0,0.009999966248869896
angle,1780569841402064605,2.0299999713897705,0,0.010000024922192097
angle,1780569841412064696,2.0299999713897705,0,0.009999951347708702
angle,1780569841422067156,2.0299999713897705,0,0.00999994296580553
angle,1780569841432065261,2.0299999713897705,0,0.009999978356063366
angle,1780569841442065343,2.0299999713897705,0,0.009999950416386127
angle,1780569841452065470,2.0299999713897705,0,0.009999953210353851
angle,1780569841462065788,2.0299999713897705,0,0.009999965317547321
angle,1780569841472068846,2.0299999713897705,0,0.010000023059546947
angle,1780569841482067015,2.0299999713897705,0,0.00999994296580553
angle,1780569841492066985,2.0299999713897705,0,0.009999959729611874
angle,1780569841502067300,2.0299999713897705,0,0.009999956004321575
angle,1780569841512067345,2.0299999713897705,0,0.009999995119869709
angle,1780569841522067727,2.0299999713897705,0,0.009999982081353664
angle,1780569841532067978,2.0299999713897705,0,0.00999999139457941
angle,1780569841542068313,2.0299999713897705,0,0.00999998115003109
angle,1780569841552068425,2.0299999713897705,0,0.01000000536441803
angle,1780569841562068631,2.0299999713897705,0,0.009999992325901985
angle,1780569841572069297,2.0299999713897705,0,0.009999992325901985
angle,1780569841582069040,2.0299999713897705,0,0.009999940171837807
angle,1780569841592069552,2.0299999713897705,0,0.009999961592257023
angle,1780569841602069723,2.0299999713897705,0,0.00999999325722456
angle,1780569841612070036,2.0299999713897705,0,0.009999990463256836
angle,1780569841622071128,2.0299999713897705,0,0.00999999139457941
angle,1780569841632070560,2.0299999713897705,0,0.009999892674386501
angle,1780569841642070607,2.0299999713897705,0,0.009999970905482769
angle,1780569841652072601,2.0299999713897705,0,0.010000001639127731
angle,1780569841662071088,2.0299999713897705,0,0.009999915957450867
angle,1780569841672071894,2.0299999713897705,0,0.009999963454902172
angle,1780569841682071653,2.0299999713897705,0,0.009999945759773254
angle,1780569841692072162,2.0299999713897705,0,0.010000006295740604
angle,1780569841702072934,2.0299999713897705,0,0.009999941103160381
angle,1780569841712072834,2.0299999713897705,0,0.009999960660934448
angle,1780569841722072603,2.0299999713897705,0,0.00999994296580553
angle,1780569841732072887,2.0299999713897705,0,0.009999941103160381
angle,1780569841742072865,2.0299999713897705,0,0.009999954141676426
angle,1780569841752073599,2.0299999713897705,0,0.009999972768127918
angle,1780569841762073675,2.0299999713897705,0,0.009999968111515045
angle,1780569841772073852,2.0299999713897705,0,0.00999995693564415
angle,1780569841782073771,2.0299999713897705,0,0.009999942034482956
angle,1780569841792073979,2.0299999713897705,0,0.00999994296580553
angle,1780569841802074273,2.0299999713897705,0,0.009999996982514858
angle,1780569841812074555,2.0299999713897705,0,0.009999965317547321
angle,1780569841822075069,2.0299999713897705,0,0.009999994188547134
angle,1780569841832075428,2.0299999713897705,0,0.009999950416386127
angle,1780569841842075462,2.0299999713897705,0,0.009999914094805717
angle,1780569841852075780,2.0299999713897705,0,0.009999984875321388
angle,1780569841862075764,2.0299999713897705,0,0.009999960660934448
angle,1780569841872076320,2.0299999713897705,0,0.009999997913837433
angle,1780569841882078178,2.0299999713897705,0,0.009999998845160007
angle,1780569841892076743,2.0299999713897705,0,0.009999921545386314
angle,1780569841902079347,2.0299999713897705,0,0.009999975562095642
angle,1780569841912079214,2.0299999713897705,0,0.009999978356063366
angle,1780569841922078329,2.0299999713897705,0,0.009999901056289673
angle,1780569841932077889,2.0299999713897705,0,0.009999913163483143
angle,1780569841942077768,2.0299999713897705,0,0.009999919682741165
angle,1780569841952078960,2.0299999713897705,0,0.010000010952353477
angle,1780569841962078667,2.0299999713897705,0,0.009999948553740978
angle,1780569841972080212,2.0299999713897705,0,0.010000010021030903
angle,1780569841982078805,2.0299999713897705,0,0.00999987218528986
angle,1780569841992078855,2.0299999713897705,0,0.009999987669289112
angle,1780569842002079223,2.0299999713897705,0,0.009999980218708515
angle,1780569842012079670,2.0299999713897705,0,0.009999955072999
angle,1780569842022080495,2.0299999713897705,0,0.009999880567193031
angle,1780569842032080041,2.0299999713897705,0,0.009999915957450867
angle,1780569842042080168,2.0299999713897705,0,0.009999941103160381
angle,1780569842052080478,2.0299999713897705,0,0.009999980218708515
angle,1780569842062080709,2.0299999713897705,0,0.009999947622418404
angle,1780569842072080886,2.0299999713897705,0,0.009999998845160007
angle,1780569842082081063,2.0299999713897705,0,0.010000008158385754
angle,1780569842092081462,2.0299999713897705,0,0.00999998115003109
angle,1780569842102081871,2.0299999713897705,0,0.009999942034482956
angle,1780569842112082238,2.0299999713897705,0,0.00999999325722456
angle,1780569842122082791,2.0299999713897705,0,0.009999951347708702
angle,1780569842132082470,2.0299999713897705,0,0.009999996982514858
angle,1780569842142082808,2.0299999713897705,0,0.009999978356063366
angle,1780569842152083018,2.0299999713897705,0,0.00999999325722456
angle,1780569842162083131,2.0299999713897705,0,0.00999994296580553
angle,1780569842172083497,2.0299999713897705,0,0.009999941103160381
angle,1780569842182083493,2.0299999713897705,0,0.00999994296580553
angle,1780569842192083588,2.0299999713897705,0,0.00999996904283762
angle,1780569842202084431,2.0299999713897705,0,0.00999995693564415
angle,1780569842212084357,2.0299999713897705,0,0.009999958798289299
angle,1780569842222084541,2.0299999713897705,0,0.009999933652579784
angle,1780569842232084964,2.0299999713897705,0,0.009999955072999
angle,1780569842242085357,2.0299999713897705,0,0.009999954141676426
angle,1780569842252085481,2.0299999713897705,0,0.009999947622418404
angle,1780569842262085867,2.0299999713897705,0,0.009999969974160194
angle,1780569842272086248,2.0299999713897705,0,0.009999980218708515
angle,1780569842282086422,2.0299999713897705,0,0.009999965317547321
angle,1780569842292086922,2.0299999713897705,0,0.009999997913837433
angle,1780569842302086845,2.0299999713897705,0,0.00999998115003109
angle,1780569842312086955,2.0299999713897705,0,0.009999973699450493
angle,1780569842322087224,2.0299999713897705,0,0.009999995119869709
angle,1780569842332087744,2.0299999713897705,0,0.009999969974160194
angle,1780569842342088917,2.0299999713897705,0,0.009999953210353851
angle,1780569842352088208,2.0299999713897705,0,0.009999966248869896
angle,1780569842362088492,2.0299999713897705,0,0.009999952279031277
angle,1780569842372088536,2.0299999713897705,0,0.01000000536441803
angle,1780569842382089088,2.0299999713897705,0,0.009999965317547321
angle,1780569842392089171,2.0299999713897705,0,0.009999954141676426
angle,1780569842402090028,2.0299999713897705,0,0.009999977424740791
angle,1780569842412089385,2.0299999713897705,0,0.009999933652579784
angle,1780569842422090067,2.0299999713897705,0,0.009999957866966724
angle,1780569842432090316,2.0299999713897705,0,0.00999996904283762
angle,1780569842442090637,2.0299999713897705,0,0.009999921545386314
angle,1780569842452090687,2.0299999713897705,0,0.009999947622418404
angle,1780569842462091116,2.0299999713897705,0,0.009999969974160194
angle,1780569842472091845,2.0299999713897705,0,0.009999960660934448
angle,1780569842482091491,2.0299999713897705,0,0.009999937377870083
angle,1780569842492091510,2.0299999713897705,0,0.009999969974160194
angle,1780569842502091844,2.0299999713897705,0,0.009999983943998814
angle,1780569842512092484,2.0299999713897705,0,0.009999994188547134
angle,1780569842522092570,2.0299999713897705,0,0.010000007227063179
angle,1780569842532093142,2.0299999713897705,0,0.009999957866966724
angle,1780569842542093163,2.0299999713897705,0,0.009999900124967098
angle,1780569842552093284,2.0299999713897705,0,0.009999958798289299
angle,1780569842562093977,2.0299999713897705,0,0.010000009089708328
angle,1780569842572094009,2.0299999713897705,0,0.009999954141676426
angle,1780569842582094026,2.0299999713897705,0,0.009999985806643963
angle,1780569842592094432,2.0299999713897705,0,0.009999972768127918
angle,1780569842602094784,2.0299999713897705,0,0.009999975562095642
angle,1780569842612095140,2.0299999713897705,0,0.009999992325901985
angle,1780569842622095573,2.0299999713897705,0,0.009999938309192657
angle,1780569842632095799,2.0299999713897705,0,0.00999988429248333
angle,1780569842642095739,2.0299999713897705,0,0.009999928064644337
angle,1780569842652097987,2.0299999713897705,0,0.009999936446547508
angle,1780569842662096296,2.0299999713897705,0,0.009999876841902733
angle,1780569842672096785,2.0299999713897705,0,0.009999987669289112
angle,1780569842682096626,2.0299999713897705,0,0.009999971836805344
angle,1780569842692096676,2.0299999713897705,0,0.009999975562095642
angle,1780569842702096870,2.0299999713897705,0,0.009999940171837807
angle,1780569842712097252,2.0299999713897705,0,0.009999972768127918
angle,1780569842722097603,2.0299999713897705,0,0.009999975562095642
angle,1780569842732098057,2.0299999713897705,0,0.009999950416386127
angle,1780569842742098053,2.0299999713897705,0,0.009999974630773067
angle,1780569842752098382,2.0299999713897705,0,0.009999998845160007
angle,1780569842762099032,2.0299999713897705,0,0.009999964386224747
angle,1780569842772099007,2.0299999713897705,0,0.009999975562095642
angle,1780569842782098936,2.0299999713897705,0,0.009999938309192657
angle,1780569842792099166,2.0299999713897705,0,0.009999972768127918
angle,1780569842802099895,2.0299999713897705,0,0.009999988600611687
angle,1780569842812099956,2.0299999713897705,0,0.00999994296580553
angle,1780569842822100118,2.0299999713897705,0,0.009999958798289299
angle,1780569842832100477,2.0299999713897705,0,0.009999975562095642
angle,1780569842842100848,2.0299999713897705,0,0.009999997913837433
angle,1780569842852101491,2.0299999713897705,0,0.009999963454902172
angle,1780569842862101238,2.0299999713897705,0,0.010000007227063179
angle,1780569842872101646,2.0299999713897705,0,0.009999960660934448
angle,1780569842882101661,2.0299999713897705,0,0.009999965317547321
angle,1780569842892102149,2.0299999713897705,0,0.009999963454902172
angle,1780569842902102504,2.0299999713897705,0,0.009999975562095642
angle,1780569842912102536,2.0299999713897705,0,0.009999973699450493
angle,1780569842922102981,2.0299999713897705,0,0.009999942034482956
angle,1780569842932103179,2.0299999713897705,0,0.009999995119869709
angle,1780569842942103538,2.0299999713897705,0,0.00999994296580553
angle,1780569842952104630,2.0299999713897705,0,0.009999955072999
angle,1780569842962103898,2.0299999713897705,0,0.009999888017773628
angle,1780569842972104068,2.0299999713897705,0,0.009999978356063366
angle,1780569842982104546,2.0299999713897705,0,0.009999970905482769
angle,1780569842992104661,2.0299999713897705,0,0.009999960660934448
angle,1780569843002104872,2.0299999713897705,0,0.009999961592257023
angle,1780569843012105121,2.0299999713897705,0,0.009999933652579784
angle,1780569843022105250,2.0299999713897705,0,0.009999953210353851
angle,1780569843032105723,2.0299999713897705,0,0.009999996051192284
angle,1780569843042105790,2.0299999713897705,0,0.009999985806643963
angle,1780569843052105882,2.0299999713897705,0,0.009999997913837433
angle,1780569843062106189,2.0299999713897705,0,0.009999957866966724
angle,1780569843072106746,2.0299999713897705,0,0.00999997928738594
angle,1780569843082106762,2.0299999713897705,0,0.009999969974160194
angle,1780569843092107182,2.0299999713897705,0,0.010000037029385567
angle,1780569843102107096,2.0299999713897705,0,0.009999886155128479
angle,1780569843112107225,2.0299999713897705,0,0.009999965317547321
angle,1780569843122108129,2.0299999713897705,0,0.009999951347708702
angle,1780569843132107838,2.0299999713897705,0,0.009999970905482769
angle,1780569843142108015,2.0299999713897705,0,0.009999948553740978
angle,1780569843152110600,2.0299999713897705,0,0.009999999776482582
angle,1780569843162110736,2.0299999713897705,0,0.009999925270676613
angle,1780569843172111088,2.0299999713897705,0,0.009999861940741539
angle,1780569843182109242,2.0299999713897705,0,0.00999993272125721
angle,1780569843192109376,2.0299999713897705,0,0.00999996718019247
angle,1780569843202109629,2.0299999713897705,0,0.009999984875321388
angle,1780569843212109951,2.0299999713897705,0,0.009999971836805344
angle,1780569843222110220,2.0299999713897705,0,0.010000006295740604
angle,1780569843232110563,2.0299999713897705,0,0.009999984875321388
angle,1780569843242111071,2.0299999713897705,0,0.009999980218708515
angle,1780569843252111132,2.0299999713897705,0,0.009999953210353851
angle,1780569843262111217,2.0299999713897705,0,0.009999980218708515
angle,1780569843272111532,2.0299999713897705,0,0.009999987669289112
angle,1780569843282111953,2.0299999713897705,0,0.009999968111515045
angle,1780569843292112102,2.0299999713897705,0,0.009999943897128105
angle,1780569843302112401,2.0299999713897705,0,0.009999955072999
angle,1780569843312112852,2.0299999713897705,0,0.009999995119869709
angle,1780569843322112819,2.0299999713897705,0,0.009999936446547508
angle,1780569843332113246,2.0299999713897705,0,0.009999980218708515
angle,1780569843342113459,2.0299999713897705,0,0.009999977424740791
angle,1780569843352113427,2.0299999713897705,0,0.009999971836805344
angle,1780569843362113677,2.0299999713897705,0,0.00999995693564415
angle,1780569843372114357,2.0299999713897705,0,0.009999942034482956
angle,1780569843382114602,2.0299999713897705,0,0.009999960660934448
angle,1780569843392114577,2.0299999713897705,0,0.009999978356063366
angle,1780569843402114898,2.0299999713897705,0,0.009999994188547134
angle,1780569843412115068,2.0299999713897705,0,0.009999938309192657
angle,1780569843422115667,2.0299999713897705,0,0.009999995119869709
angle,1780569843432115533,2.0299999713897705,0,0.009999996051192284
angle,1780569843442116055,2.0299999713897705,0,0.009999970905482769
angle,1780569843452116130,2.0299999713897705,0,0.010000010021030903
angle,1780569843462116672,2.0299999713897705,0,0.010000001639127731
angle,1780569843472116696,2.0299999713897705,0,0.010000002570450306
angle,1780569843482117042,2.0299999713897705,0,0.009999966248869896
angle,1780569843492118504,2.0299999713897705,0,0.009999960660934448
angle,1780569843502117501,2.0299999713897705,0,0.009999888017773628
angle,1780569843512117614,2.0299999713897705,0,0.009999938309192657
angle,1780569843522118113,2.0299999713897705,0,0.009999997913837433
angle,1780569843532118229,2.0299999713897705,0,0.009999988600611687
angle,1780569843542118844,2.0299999713897705,0,0.009999990463256836
angle,1780569843552118744,2.0299999713897705,0,0.009999940171837807
angle,1780569843562118934,2.0299999713897705,0,0.009999953210353851
angle,1780569843572119161,2.0299999713897705,0,0.00999994482845068
angle,1780569843582119447,2.0299999713897705,0,0.009999937377870083
angle,1780569843592119518,2.0299999713897705,0,0.009999942034482956
angle,1780569843602119744,2.0299999713897705,0,0.009999985806643963
angle,1780569843612119996,2.0299999713897705,0,0.009999978356063366
angle,1780569843622120408,2.0299999713897705,0,0.009999996982514858
angle,1780569843632121658,2.0299999713897705,0,0.009999995119869709
angle,1780569843642121298,2.0299999713897705,0,0.009999995119869709
angle,1780569843652122487,2.0299999713897705,0,0.009999923408031464
angle,1780569843662121274,2.0299999713897705,0,0.009999957866966724
angle,1780569843672121598,2.0299999713897705,0,0.009999982081353664
angle,1780569843682123113,2.0299999713897705,0,0.009999942034482956
angle,1780569843692121988,2.0299999713897705,0,0.009999891743063927
angle,1780569843702122167,2.0299999713897705,0,0.009999969974160194
angle,1780569843712122839,2.0299999713897705,0,0.009999990463256836
angle,1780569843722122661,2.0299999713897705,0,0.009999986737966537
angle,1780569843732122924,2.0299999713897705,0,0.00999999139457941
angle,1780569843742123291,2.0299999713897705,0,0.009999943897128105
angle,1780569843752123606,2.0299999713897705,0,0.009999961592257023
angle,1780569843762123508,2.0299999713897705,0,0.009999997913837433
angle,1780569843772123925,2.0299999713897705,0,0.009999972768127918
angle,1780569843782124358,2.0299999713897705,0,0.009999996982514858
angle,1780569843792124439,2.0299999713897705,0,0.009999936446547508
angle,1780569843802124521,2.0299999713897705,0,0.009999974630773067
angle,1780569843812124709,2.0299999713897705,0,0.009999952279031277
angle,1780569843822124995,2.0299999713897705,0,0.009999996982514858
angle,1780569843832125458,2.0299999713897705,0,0.009999996051192284
angle,1780569843842126328,2.0299999713897705,0,0.009999943897128105
angle,1780569843852125936,2.0299999713897705,0,0.009999912232160568
angle,1780569843862126415,2.0299999713897705,0,0.01000000536441803
angle,1780569843872126236,2.0299999713897705,0,0.009999933652579784
angle,1780569843882126609,2.0299999713897705,0,0.009999936446547508
angle,1780569843892127007,2.0299999713897705,0,0.009999891743063927
angle,1780569843902126935,2.0299999713897705,0,0.009999968111515045
angle,1780569843912127127,2.0299999713897705,0,0.00999994296580553
angle,1780569843922127325,2.0299999713897705,0,0.009999988600611687
angle,1780569843932127895,2.0299999713897705,0,0.009999980218708515
angle,1780569843942129128,2.0299999713897705,0,0.00999995693564415
angle,1780569843952129285,2.0299999713897705,0,0.009999943897128105
angle,1780569843962128661,2.0299999713897705,0,0.009999936446547508
angle,1780569843972129902,2.0299999713897705,0,0.009999992325901985
angle,1780569843982129282,2.0299999713897705,0,0.009999890811741352
angle,1780569843992129025,2.0299999713897705,0,0.009999971836805344
angle,1780569844002129177,2.0299999713897705,0,0.009999966248869896
angle,1780569844012129694,2.0299999713897705,0,0.009999999776482582
angle,1780569844022129978,2.0299999713897705,0,0.009999917820096016
angle,1780569844032130093,2.0299999713897705,0,0.009999996051192284
angle,1780569844042130678,2.0299999713897705,0,0.009999968111515045
angle,1780569844052130647,2.0299999713897705,0,0.009999916888773441
angle,1780569844062130687,2.0299999713897705,0,0.009999877773225307
angle,1780569844072130762,2.0299999713897705,0,0.009999947622418404
angle,1780569844082131209,2.0299999713897705,0,0.009999987669289112
angle,1780569844092131685,2.0299999713897705,0,0.009999968111515045
angle,1780569844102131563,2.0299999713897705,0,0.009999889880418777
angle,1780569844112131802,2.0299999713897705,0,0.009999953210353851
angle,1780569844122131857,2.0299999713897705,0,0.009999958798289299
angle,1780569844132132622,2.0299999713897705,0,0.009999996982514858
angle,1780569844142132858,2.0299999713897705,0,0.009999994188547134
angle,1780569844152133150,2.0299999713897705,0,0.009999970905482769
angle,1780569844162133360,2.0299999713897705,0,0.009999971836805344
angle,1780569844172133532,2.0299999713897705,0,0.009999959729611874
angle,1780569844182134184,2.0299999713897705,0,0.009999956004321575
angle,1780569844192134083,2.0299999713897705,0,0.009999959729611874
angle,1780569844202135007,2.0299999713897705,0,0.010000016540288925
angle,1780569844212134665,2.0299999713897705,0,0.00999989453703165
angle,1780569844222134734,2.0299999713897705,0,0.009999961592257023
angle,1780569844232135259,2.0299999713897705,0,0.009999983943998814
angle,1780569844242135406,2.0299999713897705,0,0.009999899193644524
angle,1780569844252135770,2.0299999713897705,0,0.009999960660934448
angle,1780569844262135474,2.0299999713897705,0,0.00999999139457941
angle,1780569844272135902,2.0299999713897705,0,0.00999994482845068
angle,1780569844282136373,2.0299999713897705,0,0.009999953210353851
angle,1780569844292136248,2.0299999713897705,0,0.009999954141676426
angle,1780569844302136487,2.0299999713897705,0,0.009999973699450493
angle,1780569844312136707,2.0299999713897705,0,0.010000001639127731
angle,1780569844322137240,2.0299999713897705,0,0.009999933652579784
angle,1780569844332137168,2.0299999713897705,0,0.009999982081353664
angle,1780569844342138128,2.0299999713897705,0,0.009999972768127918
angle,1780569844352137852,2.0299999713897705,0,0.01000000536441803
angle,1780569844362138020,2.0299999713897705,0,0.009999994188547134
angle,1780569844372138231,2.0299999713897705,0,0.009999995119869709
angle,1780569844382138789,2.0299999713897705,0,0.009999983012676239
angle,1780569844392138784,2.0299999713897705,0,0.009999968111515045
angle,1780569844402139028,2.0299999713897705,0,0.009999988600611687
angle,1780569844412139254,2.0299999713897705,0,0.009999964386224747
angle,1780569844422139471,2.0299999713897705,0,0.009999952279031277
angle,1780569844432140099,2.0299999713897705,0,0.009999960660934448
angle,1780569844442140062,2.0299999713897705,0,0.009999988600611687
angle,1780569844452140273,2.0299999713897705,0,0.009999999776482582
angle,1780569844462140465,2.0299999713897705,0,0.009999964386224747
angle,1780569844472141043,2.0299999713897705,0,0.009999945759773254
angle,1780569844482142447,2.0299999713897705,0,0.009999961592257023
angle,1780569844492143129,2.0299999713897705,0,0.009999958798289299
angle,1780569844502141574,2.0299999713897705,0,0.009999901987612247
angle,1780569844512141968,2.0299999713897705,0,0.00999998115003109
angle,1780569844522142009,2.0299999713897705,0,0.009999965317547321
angle,1780569844532142435,2.0299999713897705,0,0.009999971836805344
angle,1780569844542142993,2.0299999713897705,0,0.009999990463256836
angle,1780569844552143036,2.0299999713897705,0,0.009999887086451054
angle,1780569844562144977,2.0299999713897705,0,0.009999992325901985
angle,1780569844572143386,2.0299999713897705,0,0.009999904781579971
angle,1780569844582143840,2.0299999713897705,0,0.009999983012676239
angle,1780569844592143864,2.0299999713897705,0,0.009999915957450867
angle,1780569844602144158,2.0299999713897705,0,0.00999996904283762
angle,1780569844612144347,2.0299999713897705,0,0.010000008158385754
angle,1780569844622144760,2.0299999713897705,0,0.009999995119869709
angle,1780569844632144838,2.0299999713897705,0,0.00999994482845068
angle,1780569844642145324,2.0299999713897705,0,0.009999988600611687
angle,1780569844652147488,2.0299999713897705,0,0.009999940171837807
angle,1780569844662145648,2.0299999713897705,0,0.009999898262321949
angle,1780569844672145654,2.0299999713897705,0,0.009999983012676239
angle,1780569844682145880,2.0299999713897705,0,0.009999984875321388
angle,1780569844692146173,2.0299999713897705,0,0.009999990463256836
angle,1780569844702146547,2.0299999713897705,0,0.00999998115003109
angle,1780569844712147135,2.0299999713897705,0,0.010000007227063179
angle,1780569844722147007,2.0299999713897705,0,0.009999934583902359
angle,1780569844732147316,2.0299999713897705,0,0.009999963454902172
angle,1780569844742147736,2.0299999713897705,0,0.010000002570450306
angle,1780569844752148330,2.0299999713897705,0,0.009999995119869709
angle,1780569844762148490,2.0299999713897705,0,0.00999991875141859
angle,1780569844772148197,2.0299999713897705,0,0.00999994296580553
angle,1780569844782148629,2.0299999713897705,0,0.009999997913837433
angle,1780569844792148674,2.0299999713897705,0,0.009999940171837807
angle,1780569844802148732,2.0299999713897705,0,0.009999996051192284
angle,1780569844812148927,2.0299999713897705,0,0.009999945759773254
angle,1780569844822149166,2.0299999713897705,0,0.009999952279031277
angle,1780569844832149558,2.0299999713897705,0,0.00999994296580553
angle,1780569844842150516,2.0299999713897705,0,0.00999999139457941
angle,1780569844852150172,2.0299999713897705,0,0.010000006295740604
angle,1780569844862150208,2.0299999713897705,0,0.00999999325722456
angle,1780569844872150770,2.0299999713897705,0,0.009999963454902172
angle,1780569844882150611,2.0299999713897705,0,0.009999938309192657
angle,1780569844892151012,2.0299999713897705,0,0.010000001639127731
angle,1780569844902150988,2.0299999713897705,0,0.009999940171837807
angle,1780569844912151317,2.0299999713897705,0,0.00999998115003109
angle,1780569844922151508,2.0299999713897705,0,0.009999998845160007
angle,1780569844932152196,2.0299999713897705,0,0.009999978356063366
angle,1780569844942151988,2.0299999713897705,0,0.009999987669289112
angle,1780569844952153331,2.0299999713897705,0,0.010000010952353477
angle,1780569844962152924,2.0299999713897705,0,0.009999941103160381
angle,1780569844972153279,2.0299999713897705,0,0.009999983012676239
angle,1780569844982153150,2.0299999713897705,0,0.00999994482845068
angle,1780569844992153333,2.0299999713897705,0,0.00999994296580553
angle,1780569845002153841,2.0299999713897705,0,0.01000000536441803
angle,1780569845012153870,2.0299999713897705,0,0.009999984875321388
angle,1780569845022154097,2.0299999713897705,0,0.009999982081353664
angle,1780569845032154304,2.0299999713897705,0,0.009999966248869896
angle,1780569845042154861,2.0299999713897705,0,0.009999987669289112
angle,1780569845052155231,2.0299999713897705,0,0.009999971836805344
angle,1780569845062155266,2.0299999713897705,0,0.01000000536441803
angle,1780569845072155558,2.0299999713897705,0,0.009999933652579784
angle,1780569845082155992,2.0299999713897705,0,0.009999985806643963
angle,1780569845092156492,2.0299999713897705,0,0.009999934583902359
angle,1780569845102156251,2.0299999713897705,0,0.009999961592257023
angle,1780569845112156496,2.0299999713897705,0,0.009999988600611687
angle,1780569845122156625,2.0299999713897705,0,0.009999938309192657
angle,1780569845132157191,2.0299999713897705,0,0.00999999139457941
angle,1780569845142156861,2.0299999713897705,0,0.00999993272125721
angle,1780569845152157337,2.0299999713897705,0,0.009999978356063366
angle,1780569845162157413,2.0299999713897705,0,0.009999942034482956
angle,1780569845172157887,2.0299999713897705,0,0.009999957866966724
angle,1780569845182157908,2.0299999713897705,0,0.009999983012676239
angle,1780569845192158292,2.0299999713897705,0,0.009999940171837807
angle,1780569845202158086,2.0299999713897705,0,0.009999958798289299
angle,1780569845212158290,2.0299999713897705,0,0.009999951347708702
angle,1780569845222159328,2.0299999713897705,0,0.009999977424740791
angle,1780569845232159117,2.0299999713897705,0,0.009999943897128105
angle,1780569845242159090,2.0299999713897705,0,0.009999921545386314
angle,1780569845252159578,2.0299999713897705,0,0.009999978356063366
angle,1780569845262159823,2.0299999713897705,0,0.009999901987612247
angle,1780569845272159926,2.0299999713897705,0,0.010000002570450306
angle,1780569845282160588,2.0299999713897705,0,0.009999986737966537
angle,1780569845292160599,2.0299999713897705,0,0.009999866597354412
angle,1780569845302160694,2.0299999713897705,0,0.009999996982514858
angle,1780569845312161218,2.0299999713897705,0,0.009999953210353851
angle,1780569845322161199,2.0299999713897705,0,0.009999953210353851
angle,1780569845332161388,2.0299999713897705,0,0.010000001639127731
angle,1780569845342161787,2.0299999713897705,0,0.010000001639127731
angle,1780569845352162367,2.0299999713897705,0,0.00999995693564415
angle,1780569845362162455,2.0299999713897705,0,0.009999948553740978
angle,1780569845372162448,2.0299999713897705,0,0.00999996904283762
angle,1780569845382162773,2.0299999713897705,0,0.009999950416386127
angle,1780569845392163058,2.0299999713897705,0,0.009999953210353851
angle,1780569845402163357,2.0299999713897705,0,0.009999946691095829
angle,1780569845412163393,2.0299999713897705,0,0.009999965317547321
angle,1780569845422163689,2.0299999713897705,0,0.009999958798289299
angle,1780569845432163845,2.0299999713897705,0,0.00999994482845068
angle,1780569845442164359,2.0299999713897705,0,0.009999953210353851
angle,1780569845452164272,2.0299999713897705,0,0.009999996982514858
angle,1780569845462164528,2.0299999713897705,0,0.009999933652579784
angle,1780569845472164728,2.0299999713897705,0,0.00999994482845068
angle,1780569845482164989,2.0299999713897705,0,0.00999996718019247
angle,1780569845492168295,2.0299999713897705,0,0.009999966248869896
angle,1780569845502166897,2.0299999713897705,0,0.009999847039580345
angle,1780569845512166012,2.0299999713897705,0,0.009999940171837807
angle,1780569845522166166,2.0299999713897705,0,0.009999940171837807
angle,1780569845532166157,2.0299999713897705,0,0.009999951347708702
angle,1780569845542166335,2.0299999713897705,0,0.009999996982514858
angle,1780569845552166782,2.0299999713897705,0,0.009999998845160007
angle,1780569845562167154,2.0299999713897705,0,0.009999971836805344
angle,1780569845572167126,2.0299999713897705,0,0.009999945759773254
angle,1780569845582167550,2.0299999713897705,0,0.00999997928738594
angle,1780569845592168085,2.0299999713897705,0,0.00999996718019247
angle,1780569845602167862,2.0299999713897705,0,0.009999938309192657
angle,1780569845612168488,2.0299999713897705,0,0.009999968111515045
angle,1780569845622168396,2.0299999713897705,0,0.009999995119869709
angle,1780569845632168491,2.0299999713897705,0,0.009999953210353851
angle,1780569845642168894,2.0299999713897705,0,0.00999996718019247
angle,1780569845652171451,2.0299999713897705,0,0.010000011883676052
angle,1780569845662169834,2.0299999713897705,0,0.009999925270676613
angle,1780569845672170124,2.0299999713897705,0,0.009999988600611687
angle,1780569845682172135,2.0299999713897705,0,0.009999995119869709
angle,1780569845692170584,2.0299999713897705,0,0.009999916888773441
angle,1780569845702170823,2.0299999713897705,0,0.009999983943998814
angle,1780569845712170893,2.0299999713897705,0,0.009999947622418404
angle,1780569845722171315,2.0299999713897705,0,0.009999954141676426
angle,1780569845732171783,2.0299999713897705,0,0.00999999139457941
angle,1780569845742172022,2.0299999713897705,0,0.009999951347708702
angle,1780569845752172524,2.0299999713897705,0,0.009999990463256836
angle,1780569845762172589,2.0299999713897705,0,0.009999994188547134
angle,1780569845772172810,2.0299999713897705,0,0.009999915957450867
angle,1780569845782173006,2.0299999713897705,0,0.009999937377870083
angle,1780569845792173459,2.0299999713897705,0,0.009999995119869709
angle,1780569845802173350,2.0299999713897705,0,0.009999958798289299
angle,1780569845812173580,2.0299999713897705,0,0.009999945759773254
angle,1780569845822173703,2.0299999713897705,0,0.009999964386224747
angle,1780569845832173821,2.0299999713897705,0,0.009999973699450493
angle,1780569845842174573,2.0299999713897705,0,0.009999966248869896
angle,1780569845852174816,2.0299999713897705,0,0.009999990463256836
angle,1780569845862174793,2.0299999713897705,0,0.009999929927289486
angle,1780569845872175022,2.0299999713897705,0,0.010000002570450306
angle,1780569845882175611,2.0299999713897705,0,0.009999953210353851
angle,1780569845892175713,2.0299999713897705,0,0.009999987669289112
angle,1780569845902175670,2.0299999713897705,0,0.009999938309192657
angle,1780569845912175975,2.0299999713897705,0,0.00999994482845068
angle,1780569845922176101,2.0299999713897705,0,0.009999946691095829
angle,1780569845932176827,2.0299999713897705,0,0.009999955072999
angle,1780569845942176417,2.0299999713897705,0,0.009999953210353851
angle,1780569845952177961,2.0299999713897705,0,0.009999982081353664
angle,1780569845962177207,2.0299999713897705,0,0.009999893605709076
angle,1780569845972179361,2.0299999713897705,0,0.010000001639127731
angle,1780569845982178005,2.0299999713897705,0,0.009999873116612434
angle,1780569845992178411,2.0299999713897705,0,0.009999947622418404
angle,1780569846002177993,2.0299999713897705,0,0.009999937377870083
angle,1780569846012179162,2.0299999713897705,0,0.009999948553740978
angle,1780569846022178928,2.0299999713897705,0,0.010000037029385567
angle,1780569846032179110,2.0299999713897705,0,0.009999912232160568
angle,1780569846042179256,2.0299999713897705,0,0.010000000707805157
angle,1780569846052179771,2.0299999713897705,0,0.009999969974160194
angle,1780569846062180061,2.0299999713897705,0,0.009999984875321388
angle,1780569846072180062,2.0299999713897705,0,0.009999980218708515
angle,1780569846082180675,2.0299999713897705,0,0.00999999325722456
angle,1780569846092182622,2.0299999713897705,0,0.010000050999224186
angle,1780569846102180978,2.0299999713897705,0,0.00999984797090292
angle,1780569846112181292,2.0299999713897705,0,0.00999996718019247
angle,1780569846122181354,2.0299999713897705,0,0.009999977424740791
angle,1780569846132181545,2.0299999713897705,0,0.009999954141676426
angle,1780569846142181861,2.0299999713897705,0,0.009999983943998814
angle,1780569846152182551,2.0299999713897705,0,0.009999945759773254
angle,1780569846162182444,2.0299999713897705,0,0.010000009089708328
angle,1780569846172182679,2.0299999713897705,0,0.009999940171837807
angle,1780569846182183073,2.0299999713897705,0,0.009999969974160194
angle,1780569846192183363,2.0299999713897705,0,0.009999951347708702
angle,1780569846202183893,2.0299999713897705,0,0.009999969974160194
angle,1780569846212183661,2.0299999713897705,0,0.009999950416386127
angle,1780569846222183889,2.0299999713897705,0,0.009999946691095829
angle,1780569846232184025,2.0299999713897705,0,0.010000000707805157
angle,1780569846242184545,2.0299999713897705,0,0.009999994188547134
angle,1780569846252186945,2.0299999713897705,0,0.00999994482845068
angle,1780569846262185729,2.0299999713897705,0,0.00999986007809639
angle,1780569846272185558,2.0299999713897705,0,0.009999963454902172
angle,1780569846282185957,2.0299999713897705,0,0.009999977424740791
angle,1780569846292186309,2.0299999713897705,0,0.009999970905482769
angle,1780569846302186477,2.0299999713897705,0,0.009999968111515045
angle,1780569846312186679,2.0299999713897705,0,0.009999953210353851
angle,1780569846322187085,2.0299999713897705,0,0.009999972768127918
angle,1780569846332187296,2.0299999713897705,0,0.009999997913837433
angle,1780569846342187868,2.0299999713897705,0,0.009999948553740978
angle,1780569846352187704,2.0299999713897705,0,0.009999986737966537
angle,1780569846362187856,2.0299999713897705,0,0.009999963454902172
angle,1780569846372188100,2.0299999713897705,0,0.009999974630773067
angle,1780569846382188363,2.0299999713897705,0,0.009999940171837807
angle,1780569846392188432,2.0299999713897705,0,0.009999985806643963
angle,1780569846402188908,2.0299999713897705,0,0.00999994296580553
angle,1780569846412189153,2.0299999713897705,0,0.01000000536441803
angle,1780569846422189023,2.0299999713897705,0,0.009999939240515232
angle,1780569846432189822,2.0299999713897705,0,0.009999940171837807
angle,1780569846442189651,2.0299999713897705,0,0.010000001639127731
angle,1780569846452190101,2.0299999713897705,0,0.009999964386224747
angle,1780569846462190063,2.0299999713897705,0,0.00999995693564415
angle,1780569846472190659,2.0299999713897705,0,0.00999995693564415
angle,1780569846482190624,2.0299999713897705,0,0.009999996051192284
angle,1780569846492190859,2.0299999713897705,0,0.009999971836805344
angle,1780569846502191292,2.0299999713897705,0,0.009999953210353851
angle,1780569846512191172,2.0299999713897705,0,0.009999973699450493
angle,1780569846522191482,2.0299999713897705,0,0.00999996904283762
angle,1780569846532191879,2.0299999713897705,0,0.010000004433095455
angle,1780569846542192014,2.0299999713897705,0,0.009999995119869709
angle,1780569846552192507,2.0299999713897705,0,0.009999984875321388
angle,1780569846562192853,2.0299999713897705,0,0.009999927133321762
angle,1780569846572192662,2.0299999713897705,0,0.009999940171837807
angle,1780569846582193061,2.0299999713897705,0,0.009999971836805344
angle,1780569846592193089,2.0299999713897705,0,0.009999953210353851
angle,1780569846602193772,2.0299999713897705,0,0.009999956004321575
angle,1780569846612193897,2.0299999713897705,0,0.009999958798289299
angle,1780569846622194017,2.0299999713897705,0,0.009999945759773254
angle,1780569846632194194,2.0299999713897705,0,0.009999952279031277
angle,1780569846642194317,2.0299999713897705,0,0.009999965317547321
angle,1780569846652195195,2.0299999713897705,0,0.009999941103160381
angle,1780569846662194825,2.0299999713897705,0,0.00999991875141859
angle,1780569846672195163,2.0299999713897705,0,0.009999995119869709
angle,1780569846682195380,2.0299999713897705,0,0.009999972768127918
angle,1780569846692195566,2.0299999713897705,0,0.009999986737966537
angle,1780569846702195919,2.0299999713897705,0,0.009999956004321575
angle,1780569846712196114,2.0299999713897705,0,0.010000001639127731
angle,1780569846722196662,2.0299999713897705,0,0.009999992325901985
angle,1780569846732196673,2.0299999713897705,0,0.009999960660934448
angle,1780569846742196919,2.0299999713897705,0,0.00999996718019247
angle,1780569846752197285,2.0299999713897705,0,0.009999964386224747
angle,1780569846762197589,2.0299999713897705,0,0.009999955072999
angle,1780569846772197722,2.0299999713897705,0,0.00999994296580553
angle,1780569846782197855,2.0299999713897705,0,0.00999996718019247
angle,1780569846792198091,2.0299999713897705,0,0.009999954141676426
angle,1780569846802198421,2.0299999713897705,0,0.00999997928738594
angle,1780569846812199042,2.0299999713897705,0,0.009999958798289299
angle,1780569846822198693,2.0299999713897705,0,0.009999939240515232
angle,1780569846832199053,2.0299999713897705,0,0.009999997913837433
angle,1780569846842199233,2.0299999713897705,0,0.009999953210353851
angle,1780569846852199867,2.0299999713897705,0,0.009999996051192284
angle,1780569846862199996,2.0299999713897705,0,0.009999971836805344
angle,1780569846872202901,2.0299999713897705,0,0.009999948553740978
angle,1780569846882202783,2.0299999713897705,0,0.009999874047935009
angle,1780569846892201838,2.0299999713897705,0,0.009999924339354038
angle,1780569846902201168,2.0299999713897705,0,0.009999888017773628
angle,1780569846912201830,2.0299999713897705,0,0.00999996904283762
angle,1780569846922201647,2.0299999713897705,0,0.00999996718019247
angle,1780569846932201796,2.0299999713897705,0,0.009999986737966537
angle,1780569846942202079,2.0299999713897705,0,0.009999955072999
angle,1780569846952203723,2.0299999713897705,0,0.010000000707805157
angle,1780569846962202696,2.0299999713897705,0,0.009999978356063366
angle,1780569846972202700,2.0299999713897705,0,0.009999952279031277
angle,1780569846982203052,2.0299999713897705,0,0.00999998115003109
angle,1780569846992203502,2.0299999713897705,0,0.009999990463256836
angle,1780569847002203618,2.0299999713897705,0,0.009999973699450493
angle,1780569847012203779,2.0299999713897705,0,0.009999960660934448
angle,1780569847022203757,2.0299999713897705,0,0.009999995119869709
angle,1780569847032204611,2.0299999713897705,0,0.009999994188547134
angle,1780569847042204605,2.0299999713897705,0,0.00999998115003109
angle,1780569847052204780,2.0299999713897705,0,0.009999996051192284
angle,1780569847062205172,2.0299999713897705,0,0.010000009089708328
angle,1780569847072205407,2.0299999713897705,0,0.009999961592257023
angle,1780569847082205927,2.0299999713897705,0,0.009999985806643963
angle,1780569847092205887,2.0299999713897705,0,0.009999995119869709
angle,1780569847102206341,2.0299999713897705,0,0.009999966248869896
angle,1780569847112206295,2.0299999713897705,0,0.009999966248869896
angle,1780569847122206308,2.0299999713897705,0,0.009999939240515232
angle,1780569847132206571,2.0299999713897705,0,0.009999975562095642
angle,1780569847142206821,2.0299999713897705,0,0.00999998115003109
angle,1780569847152207286,2.0299999713897705,0,0.009999999776482582
angle,1780569847162207407,2.0299999713897705,0,0.009999996051192284
angle,1780569847172207787,2.0299999713897705,0,0.009999972768127918
angle,1780569847182207663,2.0299999713897705,0,0.009999996982514858
angle,1780569847192207915,2.0299999713897705,0,0.009999963454902172
angle,1780569847202208482,2.0299999713897705,0,0.009999992325901985
angle,1780569847212209044,2.0299999713897705,0,0.010000023990869522
angle,1780569847222208691,2.0299999713897705,0,0.009999942034482956
angle,1780569847232209131,2.0299999713897705,0,0.009999954141676426
angle,1780569847242209350,2.0299999713897705,0,0.009999928995966911
angle,1780569847252209320,2.0299999713897705,0,0.009999992325901985
angle,1780569847262209739,2.0299999713897705,0,0.009999997913837433
angle,1780569847272210035,2.0299999713897705,0,0.009999998845160007
angle,1780569847282210263,2.0299999713897705,0,0.009999936446547508
angle,1780569847292210240,2.0299999713897705,0,0.009999966248869896
angle,1780569847302210994,2.0299999713897705,0,0.009999936446547508
angle,1780569847312210934,2.0299999713897705,0,0.009999963454902172
angle,1780569847322211066,2.0299999713897705,0,0.009999958798289299
angle,1780569847332211209,2.0299999713897705,0,0.009999964386224747
angle,1780569847342212013,2.0299999713897705,0,0.009999983943998814
angle,1780569847352211810,2.0299999713897705,0,0.009999952279031277
angle,1780569847362212528,2.0299999713897705,0,0.009999966248869896
angle,1780569847372212588,2.0299999713897705,0,0.009999928064644337
angle,1780569847382212658,2.0299999713897705,0,0.010000002570450306
angle,1780569847392213131,2.0299999713897705,0,0.009999964386224747
angle,1780569847402214072,2.0299999713897705,0,0.009999943897128105
angle,1780569847412213240,2.0299999713897705,0,0.009999985806643963
angle,1780569847422213493,2.0299999713897705,0,0.009999956004321575
angle,1780569847432214200,2.0299999713897705,0,0.009999956004321575
angle,1780569847442214088,2.0299999713897705,0,0.009999943897128105
angle,1780569847452214269,2.0299999713897705,0,0.009999933652579784
angle,1780569847462214543,2.0299999713897705,0,0.009999996051192284
angle,1780569847472214986,2.0299999713897705,0,0.009999956004321575
angle,1780569847482214993,2.0299999713897705,0,0.009999975562095642
angle,1780569847492215196,2.0299999713897705,0,0.009999965317547321
angle,1780569847502215780,2.0299999713897705,0,0.009999940171837807
angle,1780569847512215523,2.0299999713897705,0,0.009999955072999
angle,1780569847522215876,2.0299999713897705,0,0.009999970905482769
angle,1780569847532216214,2.0299999713897705,0,0.010000008158385754
angle,1780569847542216400,2.0299999713897705,0,0.009999994188547134
angle,1780569847552220514,2.0299999713897705,0,0.009999975562095642
angle,1780569847562217251,2.0299999713897705,0,0.009999992325901985
angle,1780569847572217085,2.0299999713897705,0,0.009999974630773067
angle,1780569847582217606,2.0299999713897705,0,0.009999994188547134
angle,1780569847592217668,2.0299999713897705,0,0.009999941103160381
angle,1780569847602217937,2.0299999713897705,0,0.009999987669289112
angle,1780569847612218080,2.0299999713897705,0,0.009999933652579784
angle,1780569847622218467,2.0299999713897705,0,0.009999964386224747
angle,1780569847632218532,2.0299999713897705,0,0.009999966248869896
angle,1780569847642218697,2.0299999713897705,0,0.00999995693564415
angle,1780569847652219319,2.0299999713897705,0,0.009999954141676426
angle,1780569847662220742,2.0299999713897705,0,0.009999972768127918
angle,1780569847672219417,2.0299999713897705,0,0.009999907575547695
angle,1780569847682219689,2.0299999713897705,0,0.009999955072999
angle,1780569847692219984,2.0299999713897705,0,0.010000007227063179
angle,1780569847702220653,2.0299999713897705,0,0.009999978356063366
angle,1780569847712220802,2.0299999713897705,0,0.009999983012676239
angle,1780569847722220878,2.0299999713897705,0,0.009999983012676239
angle,1780569847732221136,2.0299999713897705,0,0.009999971836805344
angle,1780569847742221623,2.0299999713897705,0,0.00999994482845068
angle,1780569847752221583,2.0299999713897705,0,0.00999999325722456
angle,1780569847762221745,2.0299999713897705,0,0.009999975562095642
angle,1780569847772221957,2.0299999713897705,0,0.009999933652579784
angle,1780569847782222522,2.0299999713897705,0,0.00999995693564415
angle,1780569847792222459,2.0299999713897705,0,0.00999999139457941
angle,1780569847802222801,2.0299999713897705,0,0.010000006295740604
angle,1780569847812222928,2.0299999713897705,0,0.009999960660934448
angle,1780569847822223170,2.0299999713897705,0,0.009999996982514858
angle,1780569847832223367,2.0299999713897705,0,0.009999963454902172
angle,1780569847842223749,2.0299999713897705,0,0.009999970905482769
angle,1780569847852223885,2.0299999713897705,0,0.009999992325901985
angle,1780569847862224360,2.0299999713897705,0,0.00999999325722456
angle,1780569847872224607,2.0299999713897705,0,0.009999951347708702
angle,1780569847882224496,2.0299999713897705,0,0.009999953210353851
angle,1780569847892224776,2.0299999713897705,0,0.009999953210353851
angle,1780569847902224829,2.0299999713897705,0,0.009999943897128105
angle,1780569847912225114,2.0299999713897705,0,0.009999954141676426
angle,1780569847922225316,2.0299999713897705,0,0.009999961592257023
angle,1780569847932225482,2.0299999713897705,0,0.00999999325722456
angle,1780569847942225876,2.0299999713897705,0,0.009999939240515232
angle,1780569847952227081,2.0299999713897705,0,0.009999999776482582
angle,1780569847962226326,2.0299999713897705,0,0.00999988242983818
angle,1780569847972228808,2.0299999713897705,0,0.009999983943998814
angle,1780569847982226672,2.0299999713897705,0,0.009999900124967098
angle,1780569847992227052,2.0299999713897705,0,0.009999953210353851
angle,1780569848002227647,2.0299999713897705,0,0.010000023059546947
angle,1780569848012229211,2.0299999713897705,0,0.009999907575547695
angle,1780569848022228001,2.0299999713897705,0,0.009999907575547695
angle,1780569848032228147,2.0299999713897705,0,0.009999960660934448
angle,1780569848042228265,2.0299999713897705,0,0.009999940171837807
angle,1780569848052228613,2.0299999713897705,0,0.009999963454902172
angle,1780569848062228878,2.0299999713897705,0,0.009999994188547134
angle,1780569848072228995,2.0299999713897705,0,0.009999990463256836
angle,1780569848082229301,2.0299999713897705,0,0.009999997913837433
angle,1780569848092229842,2.0299999713897705,0,0.009999890811741352
angle,1780569848102229669,2.0299999713897705,0,0.01000000536441803
angle,1780569848112231867,2.0299999713897705,0,0.009999977424740791
angle,1780569848122232005,2.0299999713897705,0,0.009999953210353851
angle,1780569848132231772,2.0299999713897705,0,0.009999877773225307
angle,1780569848142230692,2.0299999713897705,0,0.009999888017773628
angle,1780569848152230980,2.0299999713897705,0,0.009999940171837807
angle,1780569848162231254,2.0299999713897705,0,0.009999961592257023
angle,1780569848172231260,2.0299999713897705,0,0.009999995119869709
angle,1780569848182234407,2.0299999713897705,0,0.009999950416386127
angle,1780569848192233855,2.0299999713897705,0,0.009999923408031464
angle,1780569848202234273,2.0299999713897705,0,0.009999953210353851
angle,1780569848212233180,2.0299999713897705,0,0.009999905712902546
angle,1780569848222233149,2.0299999713897705,0,0.00999995693564415
angle,1780569848232233372,2.0299999713897705,0,0.00999997928738594
angle,1780569848242233646,2.0299999713897705,0,0.009999912232160568
angle,1780569848252233491,2.0299999713897705,0,0.009999928064644337
angle,1780569848262233897,2.0299999713897705,0,0.009999968111515045
angle,1780569848272233897,2.0299999713897705,0,0.009999885223805904
angle,1780569848282234307,2.0299999713897705,0,0.009999973699450493
angle,1780569848292234475,2.0299999713897705,0,0.009999987669289112
angle,1780569848302234725,2.0299999713897705,0,0.00999997928738594
angle,1780569848312235033,2.0299999713897705,0,0.00999999139457941
angle,1780569848322235065,2.0299999713897705,0,0.009999977424740791
angle,1780569848332235823,2.0299999713897705,0,0.00999995693564415
angle,1780569848342235739,2.0299999713897705,0,0.009999937377870083
angle,1780569848352235946,2.0299999713897705,0,0.009999983012676239
angle,1780569848362236331,2.0299999713897705,0,0.009999982081353664
angle,1780569848372236562,2.0299999713897705,0,0.009999956004321575
angle,1780569848382236649,2.0299999713897705,0,0.009999972768127918
angle,1780569848392237062,2.0299999713897705,0,0.009999946691095829
angle,1780569848402237030,2.0299999713897705,0,0.009999996051192284
angle,1780569848412238693,2.0299999713897705,0,0.009999974630773067
angle,1780569848422237489,2.0299999713897705,0,0.0099998963996768
angle,1780569848432238003,2.0299999713897705,0,0.009999980218708515
angle,1780569848442238094,2.0299999713897705,0,0.009999963454902172
angle,1780569848452238409,2.0299999713897705,0,0.009999980218708515
angle,1780569848462238904,2.0299999713897705,0,0.009999996051192284
angle,1780569848472238770,2.0299999713897705,0,0.009999953210353851
angle,1780569848482239003,2.0299999713897705,0,0.010000000707805157
angle,1780569848492239461,2.0299999713897705,0,0.01000000536441803
angle,1780569848502239530,2.0299999713897705,0,0.009999980218708515
angle,1780569848512239928,2.0299999713897705,0,0.009999938309192657
angle,1780569848522240009,2.0299999713897705,0,0.009999965317547321
angle,1780569848532240430,2.0299999713897705,0,0.00999996904283762
angle,1780569848542240442,2.0299999713897705,0,0.009999940171837807
angle,1780569848552240914,2.0299999713897705,0,0.009999960660934448
angle,1780569848562240974,2.0299999713897705,0,0.01000000536441803
angle,1780569848572241056,2.0299999713897705,0,0.009999971836805344
angle,1780569848582241322,2.0299999713897705,0,0.009999969974160194
angle,1780569848592241810,2.0299999713897705,0,0.009999947622418404
angle,1780569848602241791,2.0299999713897705,0,0.009999980218708515
angle,1780569848612242227,2.0299999713897705,0,0.009999970905482769
angle,1780569848622242390,2.0299999713897705,0,0.009999984875321388
angle,1780569848632242695,2.0299999713897705,0,0.009999999776482582
angle,1780569848642243174,2.0299999713897705,0,0.00999994482845068
angle,1780569848652243046,2.0299999713897705,0,0.009999946691095829
angle,1780569848662244882,2.0299999713897705,0,0.009999990463256836
angle,1780569848672243466,2.0299999713897705,0,0.009999893605709076
angle,1780569848682245140,2.0299999713897705,0,0.010000037960708141
angle,1780569848692244298,2.0299999713897705,0,0.009999878704547882
angle,1780569848702244552,2.0299999713897705,0,0.010000004433095455
angle,1780569848712244682,2.0299999713897705,0,0.009999971836805344
angle,1780569848722244946,2.0299999713897705,0,0.009999958798289299
angle,1780569848732245106,2.0299999713897705,0,0.009999978356063366
angle,1780569848742245580,2.0299999713897705,0,0.00999998115003109
angle,1780569848752245814,2.0299999713897705,0,0.0099998963996768
angle,1780569848762246137,2.0299999713897705,0,0.009999959729611874
angle,1780569848772246632,2.0299999713897705,0,0.009999952279031277
angle,1780569848782246456,2.0299999713897705,0,0.00999999325722456
angle,1780569848792246811,2.0299999713897705,0,0.009999950416386127
angle,1780569848802247719,2.0299999713897705,0,0.010000002570450306
angle,1780569848812247549,2.0299999713897705,0,0.009999921545386314
angle,1780569848822247292,2.0299999713897705,0,0.009999855421483517
angle,1780569848832247604,2.0299999713897705,0,0.009999966248869896
angle,1780569848842247737,2.0299999713897705,0,0.009999957866966724
angle,1780569848852248154,2.0299999713897705,0,0.009999992325901985
angle,1780569848862248277,2.0299999713897705,0,0.009999946691095829
angle,1780569848872248522,2.0299999713897705,0,0.009999947622418404
angle,1780569848882248724,2.0299999713897705,0,0.009999933652579784
angle,1780569848892249046,2.0299999713897705,0,0.009999952279031277
angle,1780569848902249449,2.0299999713897705,0,0.009999996982514858
angle,1780569848912249688,2.0299999713897705,0,0.01000000536441803
angle,1780569848922249611,2.0299999713897705,0,0.009999985806643963
angle,1780569848932249805,2.0299999713897705,0,0.009999990463256836
angle,1780569848942250265,2.0299999713897705,0,0.01000000536441803
angle,1780569848952252278,2.0299999713897705,0,0.010000002570450306
angle,1780569848962250938,2.0299999713897705,0,0.009999899193644524
angle,1780569848972251122,2.0299999713897705,0,0.009999982081353664
angle,1780569848982251510,2.0299999713897705,0,0.009999980218708515
angle,1780569848992251430,2.0299999713897705,0,0.009999992325901985
angle,1780569849002251812,2.0299999713897705,0,0.010000011883676052
angle,1780569849012252215,2.0299999713897705,0,0.009999974630773067
angle,1780569849022252550,2.0299999713897705,0,0.010000002570450306
angle,1780569849032253339,2.0299999713897705,0,0.009999965317547321
angle,1780569849042253012,2.0299999713897705,0,0.00999994296580553
angle,1780569849052253475,2.0299999713897705,0,0.009999954141676426
angle,1780569849062253442,2.0299999713897705,0,0.009999899193644524
angle,1780569849072254157,2.0299999713897705,0,0.009999983012676239
angle,1780569849082254014,2.0299999713897705,0,0.010000006295740604
angle,1780569849092254263,2.0299999713897705,0,0.009999997913837433
angle,1780569849102254498,2.0299999713897705,0,0.009999996982514858
angle,1780569849112255053,2.0299999713897705,0,0.010000000707805157
angle,1780569849122255172,2.0299999713897705,0,0.009999983943998814
angle,1780569849132255195,2.0299999713897705,0,0.009999974630773067
angle,1780569849142255618,2.0299999713897705,0,0.009999961592257023
angle,1780569849152255757,2.0299999713897705,0,0.009999942034482956
angle,1780569849162255959,2.0299999713897705,0,0.009999940171837807
angle,1780569849172256365,2.0299999713897705,0,0.00999993272125721
angle,1780569849182256497,2.0299999713897705,0,0.009999963454902172
angle,1780569849192256591,2.0299999713897705,0,0.009999950416386127
angle,1780569849202257402,2.0299999713897705,0,0.00999996904283762
angle,1780569849212258106,2.0299999713897705,0,0.010000000707805157
angle,1780569849222258748,2.0299999713897705,0,0.009999909438192844
angle,1780569849232259179,2.0299999713897705,0,0.009999917820096016
angle,1780569849242260277,2.0299999713897705,0,0.00999989453703165
angle,1780569849252258538,2.0299999713897705,0,0.009999560192227364
angle,1780569849262258863,2.0299999713897705,0,0.010000000707805157
angle,1780569849272259312,2.0299999713897705,0,0.009999961592257023
angle,1780569849282259372,2.0299999713897705,0,0.009999905712902546
angle,1780569849292259822,2.0299999713897705,0,0.009999940171837807
angle,1780569849302259691,2.0299999713897705,0,0.009999934583902359
angle,1780569849312260141,2.0299999713897705,0,0.009999948553740978
angle,1780569849322260040,2.0299999713897705,0,0.009999951347708702
angle,1780569849332260939,2.0299999713897705,0,0.009999969974160194
angle,1780569849342261158,2.0299999713897705,0,0.009999995119869709
angle,1780569849352261197,2.0299999713897705,0,0.010000000707805157
angle,1780569849362261759,2.0299999713897705,0,0.010000001639127731
angle,1780569849372261931,2.0299999713897705,0,0.009999901056289673
angle,1780569849382262426,2.0299999713897705,0,0.009999948553740978
angle,1780569849392262181,2.0299999713897705,0,0.009999983943998814
angle,1780569849402262434,2.0299999713897705,0,0.009999961592257023
angle,1780569849412262679,2.0299999713897705,0,0.009999968111515045
angle,1780569849422263265,2.0299999713897705,0,0.009999956004321575
angle,1780569849432263189,2.0299999713897705,0,0.010000004433095455
angle,1780569849442263675,2.0299999713897705,0,0.009999995119869709
angle,1780569849452263786,2.0299999713897705,0,0.009999938309192657
angle,1780569849462264162,2.0299999713897705,0,0.010000010021030903
angle,1780569849472264689,2.0299999713897705,0,0.009999936446547508
angle,1780569849482266894,2.0299999713897705,0,0.009999945759773254
angle,1780569849492266950,2.0299999713897705,0,0.009999863803386688
angle,1780569849502267043,2.0299999713897705,0,0.009999928064644337
angle,1780569849512265671,2.0299999713897705,0,0.009999900124967098
angle,1780569849522265887,2.0299999713897705,0,0.00999994482845068
angle,1780569849532266114,2.0299999713897705,0,0.010000002570450306
angle,1780569849542266051,2.0299999713897705,0,0.009999984875321388
angle,1780569849552266359,2.0299999713897705,0,0.00999996718019247
angle,1780569849562267109,2.0299999713897705,0,0.009999984875321388
angle,1780569849572267537,2.0299999713897705,0,0.00999988242983818
angle,1780569849582267011,2.0299999713897705,0,0.009999946691095829
angle,1780569849592267361,2.0299999713897705,0,0.009999957866966724
angle,1780569849602267581,2.0299999713897705,0,0.009999973699450493
angle,1780569849612268262,2.0299999713897705,0,0.009999973699450493
angle,1780569849622269168,2.0299999713897705,0,0.009999971836805344
angle,1780569849632268448,2.0299999713897705,0,0.009999964386224747
angle,1780569849642268735,2.0299999713897705,0,0.009999985806643963
angle,1780569849652268976,2.0299999713897705,0,0.00999995693564415
angle,1780569849662270317,2.0299999713897705,0,0.009999933652579784
angle,1780569849672269471,2.0299999713897705,0,0.009999876841902733
angle,1780569849682269777,2.0299999713897705,0,0.009999905712902546
angle,1780569849692269835,2.0299999713897705,0,0.009999952279031277
angle,1780569849702270059,2.0299999713897705,0,0.009999972768127918
angle,1780569849712270483,2.0299999713897705,0,0.009999996051192284
angle,1780569849722271269,2.0299999713897705,0,0.009999959729611874
angle,1780569849732270840,2.0299999713897705,0,0.009999973699450493
angle,1780569849742271131,2.0299999713897705,0,0.00999996904283762
angle,1780569849752271516,2.0299999713897705,0,0.009999941103160381
angle,1780569849762272323,2.0299999713897705,0,0.009999980218708515
angle,1780569849772271774,2.0299999713897705,0,0.009999907575547695
angle,1780569849782272111,2.0299999713897705,0,0.009999901987612247
angle,1780569849792272010,2.0299999713897705,0,0.009999975562095642
angle,1780569849802272523,2.0299999713897705,0,0.009999978356063366
angle,1780569849812272712,2.0299999713897705,0,0.009999995119869709
angle,1780569849822272981,2.0299999713897705,0,0.009999936446547508
angle,1780569849832272899,2.0299999713897705,0,0.00999994482845068
angle,1780569849842273704,2.0299999713897705,0,0.010000007227063179
angle,1780569849852273991,2.0299999713897705,0,0.009999959729611874
angle,1780569849862273531,2.0299999713897705,0,0.009999995119869709
angle,1780569849872274196,2.0299999713897705,0,0.009999951347708702
angle,1780569849882274024,2.0299999713897705,0,0.009999938309192657
angle,1780569849892274597,2.0299999713897705,0,0.009999996982514858
angle,1780569849902274920,2.0299999713897705,0,0.009999972768127918
angle,1780569849912274982,2.0299999713897705,0,0.009999936446547508
angle,1780569849922275551,2.0299999713897705,0,0.009999978356063366
angle,1780569849932275385,2.0299999713897705,0,0.009999947622418404
angle,1780569849942276103,2.0299999713897705,0,0.010000008158385754
angle,1780569849952276938,2.0299999713897705,0,0.010000001639127731
angle,1780569849962276348,2.0299999713897705,0,0.009999924339354038
angle,1780569849972278877,2.0299999713897705,0,0.00999995693564415
angle,1780569849982277040,2.0299999713897705,0,0.009999912232160568
angle,1780569849992277117,2.0299999713897705,0,0.009999997913837433
angle,1780569850002278840,2.0299999713897705,0,0.009999999776482582
angle,1780569850012277988,2.0299999713897705,0,0.009999868459999561
angle,1780569850022278233,2.0299999713897705,0,0.009999931789934635
angle,1780569850032278674,2.0299999713897705,0,0.009999968111515045
angle,1780569850042278673,2.0299999713897705,0,0.010000004433095455
angle,1780569850052278775,2.0299999713897705,0,0.009999990463256836
angle,1780569850062279106,2.0299999713897705,0,0.009999951347708702
angle,1780569850072279471,2.0299999713897705,0,0.009999972768127918
angle,1780569850082279605,2.0299999713897705,0,0.00999988242983818
angle,1780569850092281841,2.0299999713897705,0,0.009999937377870083
angle,1780569850102281135,2.0299999713897705,0,0.009999855421483517
angle,1780569850112280181,2.0299999713897705,0,0.009999942034482956
angle,1780569850122280624,2.0299999713897705,0,0.009999951347708702
angle,1780569850132280743,2.0299999713897705,0,0.009999959729611874
angle,1780569850142280905,2.0299999713897705,0,0.00999994296580553
angle,1780569850152281108,2.0299999713897705,0,0.009999958798289299
angle,1780569850162281616,2.0299999713897705,0,0.009999955072999
angle,1780569850172282029,2.0299999713897705,0,0.009999936446547508
angle,1780569850182281914,2.0299999713897705,0,0.009999899193644524
angle,1780569850192282087,2.0299999713897705,0,0.009999970905482769
angle,1780569850202282240,2.0299999713897705,0,0.009999966248869896
angle,1780569850212282392,2.0299999713897705,0,0.00999997928738594
angle,1780569850222284534,2.0299999713897705,0,0.009999970905482769
angle,1780569850232284206,2.0299999713897705,0,0.009999912232160568
angle,1780569850242282921,2.0299999713897705,0,0.009999880567193031
angle,1780569850252283282,2.0299999713897705,0,0.009999984875321388
angle,1780569850262283669,2.0299999713897705,0,0.009999953210353851
angle,1780569850272283969,2.0299999713897705,0,0.009999996982514858
angle,1780569850282284114,2.0299999713897705,0,0.009999950416386127
angle,1780569850292284455,2.0299999713897705,0,0.009999956004321575
angle,1780569850302284727,2.0299999713897705,0,0.009999946691095829
angle,1780569850312284828,2.0299999713897705,0,0.00999994482845068
angle,1780569850322285219,2.0299999713897705,0,0.010000008158385754
angle,1780569850332285392,2.0299999713897705,0,0.009999916888773441
angle,1780569850342285566,2.0299999713897705,0,0.009999950416386127
angle,1780569850352285829,2.0299999713897705,0,0.009999942034482956
angle,1780569850362286470,2.0299999713897705,0,0.009999937377870083
angle,1780569850372286655,2.0299999713897705,0,0.009999948553740978
angle,1780569850382286633,2.0299999713897705,0,0.00999997928738594
angle,1780569850392287421,2.0299999713897705,0,0.009999975562095642
angle,1780569850402287427,2.0299999713897705,0,0.009999938309192657
angle,1780569850412287717,2.0299999713897705,0,0.009999974630773067
angle,1780569850422288532,2.0299999713897705,0,0.010000043548643589
angle,1780569850432288179,2.0299999713897705,0,0.009999865666031837
angle,1780569850442288723,2.0299999713897705,0,0.009999938309192657
angle,1780569850452288775,2.0299999713897705,0,0.009999999776482582
angle,1780569850462289024,2.0299999713897705,0,0.009999934583902359
angle,1780569850472288996,2.0299999713897705,0,0.010000009089708328
angle,1780569850482289675,2.0299999713897705,0,0.009999992325901985
angle,1780569850492289555,2.0299999713897705,0,0.010000000707805157
angle,1780569850502289888,2.0299999713897705,0,0.009999955072999
angle,1780569850512290205,2.0299999713897705,0,0.009999982081353664
angle,1780569850522290597,2.0299999713897705,0,0.00999996718019247
angle,1780569850532290799,2.0299999713897705,0,0.009999968111515045
angle,1780569850542290819,2.0299999713897705,0,0.00999999325722456
angle,1780569850552291189,2.0299999713897705,0,0.009999938309192657
angle,1780569850562291270,2.0299999713897705,0,0.009999984875321388
angle,1780569850572291816,2.0299999713897705,0,0.009999953210353851
angle,1780569850582291730,2.0299999713897705,0,0.009999938309192657
angle,1780569850592291908,2.0299999713897705,0,0.01000000536441803
angle,1780569850602292382,2.0299999713897705,0,0.010000009089708328
angle,1780569850612292500,2.0299999713897705,0,0.009999996982514858
angle,1780569850622293288,2.0299999713897705,0,0.009999994188547134
angle,1780569850632292886,2.0299999713897705,0,0.009999942034482956
angle,1780569850642293149,2.0299999713897705,0,0.009999970905482769
angle,1780569850652293681,2.0299999713897705,0,0.010000006295740604
angle,1780569850662295122,2.0299999713897705,0,0.010000050999224186
angle,1780569850672293904,2.0299999713897705,0,0.009999848902225494
angle,1780569850682294524,2.0299999713897705,0,0.00999999325722456
angle,1780569850692294588,2.0299999713897705,0,0.00999992061406374
angle,1780569850702294712,2.0299999713897705,0,0.009999975562095642
angle,1780569850712294948,2.0299999713897705,0,0.009999913163483143
angle,1780569850722295075,2.0299999713897705,0,0.00999998115003109
angle,1780569850732295396,2.0299999713897705,0,0.009999947622418404
angle,1780569850742295645,2.0299999713897705,0,0.009999980218708515
angle,1780569850752295999,2.0299999713897705,0,0.009999972768127918
angle,1780569850762296149,2.0299999713897705,0,0.009999999776482582
angle,1780569850772296402,2.0299999713897705,0,0.009999965317547321
angle,1780569850782296821,2.0299999713897705,0,0.009999973699450493
angle,1780569850792296979,2.0299999713897705,0,0.009999948553740978
angle,1780569850802297270,2.0299999713897705,0,0.009999992325901985
angle,1780569850812297313,2.0299999713897705,0,0.009999986737966537
angle,1780569850822297910,2.0299999713897705,0,0.009999969974160194
angle,1780569850832298229,2.0299999713897705,0,0.009999986737966537
angle,1780569850842298377,2.0299999713897705,0,0.009999943897128105
angle,1780569850852298626,2.0299999713897705,0,0.009999943897128105
angle,1780569850862298758,2.0299999713897705,0,0.009999934583902359
angle,1780569850872299521,2.0299999713897705,0,0.00999998115003109
angle,1780569850882299471,2.0299999713897705,0,0.009999980218708515
angle,1780569850892299533,2.0299999713897705,0,0.009999934583902359
angle,1780569850902299744,2.0299999713897705,0,0.009999983012676239
angle,1780569850912300225,2.0299999713897705,0,0.010000006295740604
angle,1780569850922300717,2.0299999713897705,0,0.009999987669289112
angle,1780569850932300682,2.0299999713897705,0,0.010000022128224373
angle,1780569850942301127,2.0299999713897705,0,0.009999937377870083
angle,1780569850952301866,2.0299999713897705,0,0.009999954141676426
angle,1780569850962301784,2.0299999713897705,0,0.00999990664422512
angle,1780569850972301669,2.0299999713897705,0,0.009999937377870083
angle,1780569850982302302,2.0299999713897705,0,0.009999980218708515
angle,1780569850992302268,2.0299999713897705,0,0.009999996982514858
angle,1780569851002304648,2.0299999713897705,0,0.009999921545386314
angle,1780569851012304654,2.0299999713897705,0,0.010000299662351608
angle,1780569851022304921,2.0299999713897705,0,0.009999865666031837
angle,1780569851032303579,2.0299999713897705,0,0.009999911300837994
angle,1780569851042303533,2.0299999713897705,0,0.009999975562095642
angle,1780569851052303989,2.0299999713897705,0,0.009999999776482582
angle,1780569851062304069,2.0299999713897705,0,0.009999970905482769
angle,1780569851072304161,2.0299999713897705,0,0.009999972768127918
angle,1780569851082304778,2.0299999713897705,0,0.009999984875321388
angle,1780569851092305249,2.0299999713897705,0,0.009999941103160381
angle,1780569851102305048,2.0299999713897705,0,0.009999954141676426
angle,1780569851112305374,2.0299999713897705,0,0.010000007227063179
angle,1780569851122305675,2.0299999713897705,0,0.00999999139457941
angle,1780569851132305867,2.0299999713897705,0,0.009999999776482582
angle,1780569851142306050,2.0299999713897705,0,0.009999970905482769
angle,1780569851152306297,2.0299999713897705,0,0.00999998115003109
angle,1780569851162306571,2.0299999713897705,0,0.009999965317547321
angle,1780569851172306908,2.0299999713897705,0,0.009999978356063366
angle,1780569851182307076,2.0299999713897705,0,0.009999952279031277
angle,1780569851192307609,2.0299999713897705,0,0.009999954141676426
angle,1780569851202307686,2.0299999713897705,0,0.009999965317547321
angle,1780569851212307861,2.0299999713897705,0,0.009999995119869709
angle,1780569851222308094,2.0299999713897705,0,0.009999958798289299
angle,1780569851232308821,2.0299999713897705,0,0.009999986737966537
angle,1780569851242310713,2.0299999713897705,0,0.00999993085861206
angle,1780569851252311158,2.0299999713897705,0,0.009999910369515419
angle,1780569851262310943,2.0299999713897705,0,0.009999902918934822
angle,1780569851272309547,2.0299999713897705,0,0.009999928995966911
angle,1780569851282309874,2.0299999713897705,0,0.00999995693564415
angle,1780569851292309899,2.0299999713897705,0,0.009999953210353851
angle,1780569851302310102,2.0299999713897705,0,0.009999933652579784
angle,1780569851312310451,2.0299999713897705,0,0.009999997913837433
angle,1780569851322311164,2.0299999713897705,0,0.009999958798289299
angle,1780569851332311151,2.0299999713897705,0,0.009999891743063927
angle,1780569851342311235,2.0299999713897705,0,0.009999978356063366
angle,1780569851352311822,2.0299999713897705,0,0.009999996982514858
angle,1780569851362311598,2.0299999713897705,0,0.009999938309192657
angle,1780569851372312335,2.0299999713897705,0,0.009999968111515045
angle,1780569851382312213,2.0299999713897705,0,0.009999988600611687
angle,1780569851392312611,2.0299999713897705,0,0.009999984875321388
angle,1780569851402312206,2.0299999713897705,0,0.009999934583902359
angle,1780569851412312758,2.0299999713897705,0,0.009999959729611874
angle,1780569851422312730,2.0299999713897705,0,0.009999960660934448
angle,1780569851432313018,2.0299999713897705,0,0.009999983943998814
angle,1780569851442313459,2.0299999713897705,0,0.009999972768127918
angle,1780569851452313589,2.0299999713897705,0,0.009999952279031277
angle,1780569851462313774,2.0299999713897705,0,0.00999997928738594
angle,1780569851472314113,2.0299999713897705,0,0.009999974630773067
angle,1780569851482314658,2.0299999713897705,0,0.009999940171837807
angle,1780569851492314671,2.0299999713897705,0,0.010000009089708328
angle,1780569851502314679,2.0299999713897705,0,0.009999959729611874
angle,1780569851512314904,2.0299999713897705,0,0.009999973699450493
angle,1780569851522315136,2.0299999713897705,0,0.00999994296580553
angle,1780569851532315484,2.0299999713897705,0,0.009999968111515045
angle,1780569851542315506,2.0299999713897705,0,0.009999982081353664
angle,1780569851552315799,2.0299999713897705,0,0.009999973699450493
angle,1780569851562316157,2.0299999713897705,0,0.009999992325901985
angle,1780569851572317673,2.0299999713897705,0,0.009999952279031277
angle,1780569851582317717,2.0299999713897705,0,0.009999940171837807
angle,1780569851592317167,2.0299999713897705,0,0.009999931789934635
angle,1780569851602317040,2.0299999713897705,0,0.009999901056289673
angle,1780569851612317258,2.0299999713897705,0,0.009999964386224747
angle,1780569851622317496,2.0299999713897705,0,0.00999995693564415
angle,1780569851632318021,2.0299999713897705,0,0.009999955072999
angle,1780569851642317951,2.0299999713897705,0,0.009999975562095642
angle,1780569851652318076,2.0299999713897705,0,0.010000004433095455
angle,1780569851662320347,2.0299999713897705,0,0.009999953210353851
angle,1780569851672318631,2.0299999713897705,0,0.00999987218528986
angle,1780569851682318968,2.0299999713897705,0,0.009999960660934448
angle,1780569851692319055,2.0299999713897705,0,0.009999942034482956
angle,1780569851702319289,2.0299999713897705,0,0.009999958798289299
angle,1780569851712319494,2.0299999713897705,0,0.010000004433095455
angle,1780569851722319865,2.0299999713897705,0,0.009999997913837433
angle,1780569851732320354,2.0299999713897705,0,0.00999997928738594
angle,1780569851742320195,2.0299999713897705,0,0.009999992325901985
angle,1780569851752320833,2.0299999713897705,0,0.009999970905482769
angle,1780569851762321065,2.0299999713897705,0,0.009999966248869896
angle,1780569851772320998,2.0299999713897705,0,0.009999975562095642
angle,1780569851782321280,2.0299999713897705,0,0.00999996904283762
angle,1780569851792321634,2.0299999713897705,0,0.009999945759773254
angle,1780569851802321834,2.0299999713897705,0,0.009999940171837807
angle,1780569851812322086,2.0299999713897705,0,0.009999987669289112
angle,1780569851822322312,2.0299999713897705,0,0.010000004433095455
angle,1780569851832322742,2.0299999713897705,0,0.009999985806643963
angle,1780569851842323267,2.0299999713897705,0,0.010000007227063179
angle,1780569851852323213,2.0299999713897705,0,0.009999955072999
angle,1780569851862323385,2.0299999713897705,0,0.009999984875321388
angle,1780569851872323823,2.0299999713897705,0,0.009999990463256836
angle,1780569851882325029,2.0299999713897705,0,0.009999983943998814
angle,1780569851892324396,2.0299999713897705,0,0.009999923408031464
angle,1780569851902324323,2.0299999713897705,0,0.009999980218708515
angle,1780569851912324569,2.0299999713897705,0,0.010000007227063179
angle,1780569851922325334,2.0299999713897705,0,0.009999970905482769
angle,1780569851932325190,2.0299999713897705,0,0.009999941103160381
angle,1780569851942325259,2.0299999713897705,0,0.00999996904283762
angle,1780569851952325512,2.0299999713897705,0,0.00999994482845068
angle,1780569851962326038,2.0299999713897705,0,0.009999940171837807
angle,1780569851972328204,2.0299999713897705,0,0.010000043548643589
angle,1780569851982326153,2.0299999713897705,0,0.009999892674386501
angle,1780569851992326485,2.0299999713897705,0,0.009999987669289112
angle,1780569852002327025,2.0299999713897705,0,0.009999973699450493
angle,1780569852012327066,2.0299999713897705,0,0.010000006295740604
angle,1780569852022327554,2.0299999713897705,0,0.009999911300837994
angle,1780569852032328572,2.0299999713897705,0,0.00999999325722456
angle,1780569852042328161,2.0299999713897705,0,0.00999990664422512
angle,1780569852052328130,2.0299999713897705,0,0.009999988600611687
angle,1780569852062328217,2.0299999713897705,0,0.009999972768127918
angle,1780569852072328389,2.0299999713897705,0,0.009999937377870083
angle,1780569852082328644,2.0299999713897705,0,0.009999960660934448
angle,1780569852092328867,2.0299999713897705,0,0.010000011883676052
angle,1780569852102329183,2.0299999713897705,0,0.009999958798289299
angle,1780569852112329439,2.0299999713897705,0,0.010000007227063179
angle,1780569852122329603,2.0299999713897705,0,0.009999940171837807
angle,1780569852132330127,2.0299999713897705,0,0.009999953210353851
angle,1780569852142330243,2.0299999713897705,0,0.009999956004321575
angle,1780569852152330336,2.0299999713897705,0,0.009999952279031277
angle,1780569852162330656,2.0299999713897705,0,0.009999957866966724
angle,1780569852172330749,2.0299999713897705,0,0.009999970905482769
angle,1780569852182330969,2.0299999713897705,0,0.00999996718019247
angle,1780569852192331210,2.0299999713897705,0,0.009999945759773254
angle,1780569852202331391,2.0299999713897705,0,0.00999996904283762
angle,1780569852212331713,2.0299999713897705,0,0.009999947622418404
angle,1780569852222332366,2.0299999713897705,0,0.009999983012676239
angle,1780569852232332321,2.0299999713897705,0,0.009999888949096203
angle,1780569852242332262,2.0299999713897705,0,0.009999916888773441
angle,1780569852252332392,2.0299999713897705,0,0.009999950416386127
angle,1780569852262333057,2.0299999713897705,0,0.00999996718019247
angle,1780569852272332952,2.0299999713897705,0,0.009999996051192284
angle,1780569852282333309,2.0299999713897705,0,0.009999986737966537
angle,1780569852292333400,2.0299999713897705,0,0.00999994482845068
angle,1780569852302333445,2.0299999713897705,0,0.009999933652579784
angle,1780569852312333753,2.0299999713897705,0,0.009999950416386127
angle,1780569852322334152,2.0299999713897705,0,0.00999998115003109
angle,1780569852332335058,2.0299999713897705,0,0.00999995693564415
angle,1780569852342334863,2.0299999713897705,0,0.009999915957450867
angle,1780569852352335093,2.0299999713897705,0,0.009999941103160381
angle,1780569852362334999,2.0299999713897705,0,0.009999952279031277
angle,1780569852372335256,2.0299999713897705,0,0.009999959729611874
angle,1780569852382335208,2.0299999713897705,0,0.00999998115003109
angle,1780569852392336076,2.0299999713897705,0,0.00999994482845068
angle,1780569852402336195,2.0299999713897705,0,0.00999995693564415
angle,1780569852412336618,2.0299999713897705,0,0.009999951347708702
angle,1780569852422336666,2.0299999713897705,0,0.009999975562095642
angle,1780569852432336678,2.0299999713897705,0,0.009999952279031277
angle,1780569852442337274,2.0299999713897705,0,0.009999971836805344
angle,1780569852452337205,2.0299999713897705,0,0.009999987669289112
angle,1780569852462337318,2.0299999713897705,0,0.009999996982514858
angle,1780569852472337806,2.0299999713897705,0,0.009999963454902172
angle,1780569852482337936,2.0299999713897705,0,0.009999938309192657
angle,1780569852492338578,2.0299999713897705,0,0.009999958798289299
angle,1780569852502338635,2.0299999713897705,0,0.009999939240515232
angle,1780569852512338561,2.0299999713897705,0,0.009999996982514858
angle,1780569852522338762,2.0299999713897705,0,0.009999933652579784
angle,1780569852532339851,2.0299999713897705,0,0.009999945759773254
angle,1780569852542339390,2.0299999713897705,0,0.009999942034482956
angle,1780569852552339596,2.0299999713897705,0,0.009999978356063366
angle,1780569852562339745,2.0299999713897705,0,0.009999985806643963
angle,1780569852572340412,2.0299999713897705,0,0.009999986737966537
angle,1780569852582340672,2.0299999713897705,0,0.010000000707805157
angle,1780569852592341542,2.0299999713897705,0,0.009999973699450493
angle,1780569852602341225,2.0299999713897705,0,0.009999859146773815
angle,1780569852612341500,2.0299999713897705,0,0.009999951347708702
angle,1780569852622341863,2.0299999713897705,0,0.00999996904283762
angle,1780569852632341879,2.0299999713897705,0,0.00999993272125721
angle,1780569852642341978,2.0299999713897705,0,0.009999946691095829
angle,1780569852652342296,2.0299999713897705,0,0.009999997913837433
angle,1780569852662342991,2.0299999713897705,0,0.009999937377870083
angle,1780569852672344027,2.0299999713897705,0,0.009999945759773254
angle,1780569852682343355,2.0299999713897705,0,0.00999990664422512
angle,1780569852692343574,2.0299999713897705,0,0.009999938309192657
angle,1780569852702343994,2.0299999713897705,0,0.009999994188547134
angle,1780569852712344003,2.0299999713897705,0,0.00999994482845068
angle,1780569852722344358,2.0299999713897705,0,0.009999984875321388
angle,1780569852732344519,2.0299999713897705,0,0.009999994188547134
angle,1780569852742344888,2.0299999713897705,0,0.00999999139457941
angle,1780569852752345100,2.0299999713897705,0,0.009999966248869896
angle,1780569852762345315,2.0299999713897705,0,0.009999939240515232
angle,1780569852772345455,2.0299999713897705,0,0.009999948553740978
angle,1780569852782345532,2.0299999713897705,0,0.00999994482845068
angle,1780569852792346137,2.0299999713897705,0,0.010000006295740604
angle,1780569852802346277,2.0299999713897705,0,0.00999999325722456
angle,1780569852812346407,2.0299999713897705,0,0.009999972768127918
angle,1780569852822346441,2.0299999713897705,0,0.00999994296580553
angle,1780569852832346762,2.0299999713897705,0,0.009999974630773067
angle,1780569852842346937,2.0299999713897705,0,0.009999965317547321
angle,1780569852852347457,2.0299999713897705,0,0.009999975562095642
angle,1780569852862347437,2.0299999713897705,0,0.00999998115003109
angle,1780569852872347810,2.0299999713897705,0,0.009999977424740791
angle,1780569852882348309,2.0299999713897705,0,0.009999969974160194
angle,1780569852892348226,2.0299999713897705,0,0.009999950416386127
angle,1780569852902348244,2.0299999713897705,0,0.009999946691095829
angle,1780569852912348530,2.0299999713897705,0,0.009999954141676426
angle,1780569852922349050,2.0299999713897705,0,0.009999939240515232
angle,1780569852932349038,2.0299999713897705,0,0.010000000707805157
angle,1780569852942349302,2.0299999713897705,0,0.009999986737966537
angle,1780569852952349579,2.0299999713897705,0,0.009999963454902172
angle,1780569852962349778,2.0299999713897705,0,0.00999993272125721
angle,1780569852972349940,2.0299999713897705,0,0.009999984875321388
angle,1780569852982350196,2.0299999713897705,0,0.00999994296580553
angle,1780569852992350770,2.0299999713897705,0,0.009999988600611687
angle,1780569853002350905,2.0299999713897705,0,0.00999993272125721
angle,1780569853012351017,2.0299999713897705,0,0.009999939240515232
angle,1780569853022351078,2.0299999713897705,0,0.00999994482845068
angle,1780569853032351849,2.0299999713897705,0,0.009999995119869709
angle,1780569853042352096,2.0299999713897705,0,0.009999971836805344
angle,1780569853052351748,2.0299999713897705,0,0.009999971836805344
angle,1780569853062352146,2.0299999713897705,0,0.009999999776482582
angle,1780569853072352333,2.0299999713897705,0,0.009999965317547321
angle,1780569853082352570,2.0299999713897705,0,0.009999983012676239
angle,1780569853092353019,2.0299999713897705,0,0.009999970905482769
angle,1780569853102353210,2.0299999713897705,0,0.009999987669289112
angle,1780569853112353269,2.0299999713897705,0,0.009999938309192657
angle,1780569853122353645,2.0299999713897705,0,0.009999999776482582
angle,1780569853132353792,2.0299999713897705,0,0.00999994482845068
angle,1780569853142354514,2.0299999713897705,0,0.009999943897128105
angle,1780569853154193998,2.0299999713897705,0,0.011839551851153374
angle,1780569853164194261,2.0299999713897705,0,0.00999993085861206
angle,1780569853174195127,2.0299999713897705,0,0.009999998845160007
angle,1780569853184194985,2.0299999713897705,0,0.009999957866966724
angle,1780569853194195239,2.0299999713897705,0,0.009999983012676239
angle,1780569853204197781,2.0299999713897705,0,0.009999984875321388
angle,1780569853214197942,2.0299999713897705,0,0.009999839588999748
angle,1780569853224197397,2.0299999713897705,0,0.009999928064644337
angle,1780569853234196121,2.0299999713897705,0,0.009999876841902733
angle,1780569853244196255,2.0299999713897705,0,0.00999998115003109
angle,1780569853254196751,2.0299999713897705,0,0.009999994188547134
angle,1780569853264196760,2.0299999713897705,0,0.009999984875321388
angle,1780569853274197347,2.0299999713897705,0,0.009999995119869709
angle,1780569853284197462,2.0299999713897705,0,0.009999973699450493
angle,1780569853294197767,2.0299999713897705,0,0.009999966248869896
angle,1780569853304197718,2.0299999713897705,0,0.009999961592257023
angle,1780569853314197935,2.0299999713897705,0,0.009999988600611687
angle,1780569853324198137,2.0299999713897705,0,0.009999990463256836
angle,1780569853334198720,2.0299999713897705,0,0.009999992325901985
angle,1780569853344199636,2.0299999713897705,0,0.009999937377870083
angle,1780569853354198913,2.0299999713897705,0,0.00999994482845068
angle,1780569853364199567,2.0299999713897705,0,0.009999971836805344
angle,1780569853374199332,2.0299999713897705,0,0.009999928995966911
angle,1780569853384199842,2.0299999713897705,0,0.00999997928738594
angle,1780569853394200112,2.0299999713897705,0,0.009999952279031277
angle,1780569853404200027,2.0299999713897705,0,0.009999957866966724
angle,1780569853414200382,2.0299999713897705,0,0.00999996718019247
angle,1780569853426017487,2.0299999713897705,0,0.011816085316240788
angle,1780569853436017698,2.0299999713897705,0,0.009999937377870083
angle,1780569853446018079,2.0299999713897705,0,0.010000002570450306
angle,1780569853456018167,2.0299999713897705,0,0.009999960660934448
angle,1780569853466018468,2.0299999713897705,0,0.009999933652579784
angle,1780569853476018801,2.0299999713897705,0,0.009999980218708515
angle,1780569853486019342,2.0299999713897705,0,0.009999988600611687
angle,1780569853496020839,2.0299999713897705,0,0.009999960660934448
angle,1780569853506019403,2.0299999713897705,0,0.009999921545386314
angle,1780569853516019760,2.0299999713897705,0,0.009999919682741165
angle,1780569853526020911,2.0299999713897705,0,0.010000001639127731
angle,1780569853536019913,2.0299999713897705,0,0.009999941103160381
angle,1780569853546020436,2.0299999713897705,0,0.009999997913837433
angle,1780569853556020626,2.0299999713897705,0,0.009999968111515045
angle,1780569853566020917,2.0299999713897705,0,0.009999936446547508
angle,1780569853576020971,2.0299999713897705,0,0.009999963454902172
angle,1780569853586021281,2.0299999713897705,0,0.009999996051192284
angle,1780569853596022245,2.0299999713897705,0,0.009999988600611687
angle,1780569853606021797,2.0299999713897705,0,0.009999987669289112
angle,1780569853616021946,2.0299999713897705,0,0.009999960660934448
angle,1780569853626022156,2.0299999713897705,0,0.010000007227063179
angle,1780569853636022438,2.0299999713897705,0,0.00999999325722456
angle,1780569853646022965,2.0299999713897705,0,0.010000002570450306
angle,1780569853656022924,2.0299999713897705,0,0.00999993085861206
angle,1780569853666025191,2.0299999713897705,0,0.009999977424740791
angle,1780569853676023429,2.0299999713897705,0,0.009999891743063927
angle,1780569853686025030,2.0299999713897705,0,0.009999998845160007
angle,1780569853696024020,2.0299999713897705,0,0.009999980218708515
angle,1780569853706024334,2.0299999713897705,0,0.010000000707805157
angle,1780569853716024596,2.0299999713897705,0,0.009999969974160194
angle,1780569853726024803,2.0299999713897705,0,0.009999963454902172
angle,1780569853736025003,2.0299999713897705,0,0.010000000707805157
angle,1780569853746025281,2.0299999713897705,0,0.00999994296580553
angle,1780569853756025459,2.0299999713897705,0,0.009999996051192284
angle,1780569853766026082,2.0299999713897705,0,0.009999953210353851
angle,1780569853776025658,2.0299999713897705,0,0.009999950416386127
angle,1780569853786026149,2.0299999713897705,0,0.010000000707805157
angle,1780569853796027147,2.0299999713897705,0,0.01000000536441803
angle,1780569853806026619,2.0299999713897705,0,0.00999996718019247
angle,1780569853816027015,2.0299999713897705,0,0.009999974630773067
angle,1780569853826027125,2.0299999713897705,0,0.010000000707805157
angle,1780569853836027459,2.0299999713897705,0,0.009999964386224747
angle,1780569853846027737,2.0299999713897705,0,0.009999963454902172
angle,1780569853856028199,2.0299999713897705,0,0.009999958798289299
angle,1780569853866028228,2.0299999713897705,0,0.009999940171837807
angle,1780569853876028202,2.0299999713897705,0,0.009999942034482956
angle,1780569853886028559,2.0299999713897705,0,0.009999921545386314
angle,1780569853896028973,2.0299999713897705,0,0.009999985806643963
angle,1780569853906028843,2.0299999713897705,0,0.009999945759773254
angle,1780569853916028933,2.0299999713897705,0,0.009999953210353851
angle,1780569853926029233,2.0299999713897705,0,0.009999960660934448
angle,1780569853936030905,2.0299999713897705,0,0.009999942034482956
angle,1780569853946029830,2.0299999713897705,0,0.009999910369515419
angle,1780569853956030585,2.0299999713897705,0,0.009999960660934448
angle,1780569853966030555,2.0299999713897705,0,0.009999937377870083
angle,1780569853976032004,2.0299999713897705,0,0.009999972768127918
angle,1780569853986030622,2.0299999713897705,0,0.009999609552323818
angle,1780569853996031000,2.0299999713897705,0,0.009999952279031277
angle,1780569854006031367,2.0299999713897705,0,0.010000000707805157
angle,1780569854016031248,2.0299999713897705,0,0.009999958798289299
angle,1780569854026031535,2.0299999713897705,0,0.009999938309192657
angle,1780569854036032119,2.0299999713897705,0,0.00999996904283762
angle,1780569854046032801,2.0299999713897705,0,0.009999901987612247
angle,1780569854056032376,2.0299999713897705,0,0.009999936446547508
angle,1780569854066032411,2.0299999713897705,0,0.009999995119869709
angle,1780569854076032528,2.0299999713897705,0,0.009999987669289112
angle,1780569854086032912,2.0299999713897705,0,0.009999994188547134
angle,1780569854096033261,2.0299999713897705,0,0.00999999139457941
angle,1780569854106033368,2.0299999713897705,0,0.009999936446547508
angle,1780569854116033510,2.0299999713897705,0,0.00999999325722456
angle,1780569854126033796,2.0299999713897705,0,0.00999996718019247
angle,1780569854136034410,2.0299999713897705,0,0.009999990463256836
angle,1780569854146034387,2.0299999713897705,0,0.009999948553740978
angle,1780569854156034443,2.0299999713897705,0,0.00999999325722456
angle,1780569854166034832,2.0299999713897705,0,0.009999997913837433
angle,1780569854176035140,2.0299999713897705,0,0.009999951347708702
angle,1780569854186035597,2.0299999713897705,0,0.010000009089708328
angle,1780569854196035915,2.0299999713897705,0,0.010000001639127731
angle,1780569854206035967,2.0299999713897705,0,0.009999984875321388
angle,1780569854216036367,2.0299999713897705,0,0.009999937377870083
angle,1780569854226036661,2.0299999713897705,0,0.00999988429248333
angle,1780569854236036573,2.0299999713897705,0,0.009999980218708515
angle,1780569854246036967,2.0299999713897705,0,0.00999997928738594
angle,1780569854256037600,2.0299999713897705,0,0.009999955072999
angle,1780569854266037439,2.0299999713897705,0,0.009999954141676426
angle,1780569854276037420,2.0299999713897705,0,0.009999972768127918
angle,1780569854286037674,2.0299999713897705,0,0.009999943897128105
angle,1780569854296038335,2.0299999713897705,0,0.00999998115003109
angle,1780569854306038173,2.0299999713897705,0,0.009999970905482769
angle,1780569854316038302,2.0299999713897705,0,0.009999960660934448
angle,1780569854326038562,2.0299999713897705,0,0.010000023059546947
angle,1780569854336039152,2.0299999713897705,0,0.009999957866966724
angle,1780569854346039432,2.0299999713897705,0,0.010000006295740604
angle,1780569854356039337,2.0299999713897705,0,0.00999991875141859
angle,1780569854366039512,2.0299999713897705,0,0.00999994296580553
angle,1780569854376039768,2.0299999713897705,0,0.009999984875321388
angle,1780569854386040607,2.0299999713897705,0,0.009999965317547321
angle,1780569854396040661,2.0299999713897705,0,0.009999982081353664
angle,1780569854406040479,2.0299999713897705,0,0.010000000707805157
angle,1780569854416040558,2.0299999713897705,0,0.009999958798289299
angle,1780569854426041244,2.0299999713897705,0,0.009999992325901985
angle,1780569854436041045,2.0299999713897705,0,0.009999963454902172
angle,1780569854446041607,2.0299999713897705,0,0.009999963454902172
angle,1780569854456041568,2.0299999713897705,0,0.009999937377870083
angle,1780569854466041940,2.0299999713897705,0,0.009999946691095829
angle,1780569854480061113,2.0299999713897705,0,0.014018230140209198
angle,1780569854490061526,2.0299999713897705,0,0.00999999139457941
angle,1780569854500061616,2.0299999713897705,0,0.00999993272125721
angle,1780569854510063890,2.0299999713897705,0,0.009999965317547321
angle,1780569854520062060,2.0299999713897705,0,0.009999946691095829
angle,1780569854530062284,2.0299999713897705,0,0.009999978356063366
angle,1780569854540062374,2.0299999713897705,0,0.009999904781579971
angle,1780569854550063829,2.0299999713897705,0,0.009999978356063366
angle,1780569854560062678,2.0299999713897705,0,0.009999903850257397
angle,1780569854570063279,2.0299999713897705,0,0.010000007227063179
angle,1780569854580063393,2.0299999713897705,0,0.009999986737966537
angle,1780569854590063630,2.0299999713897705,0,0.010000007227063179
angle,1780569854600064466,2.0299999713897705,0,0.009999973699450493
angle,1780569854610064427,2.0299999713897705,0,0.009999916888773441
angle,1780569854620064297,2.0299999713897705,0,0.009999988600611687
angle,1780569854630064657,2.0299999713897705,0,0.00999995693564415
angle,1780569854640064751,2.0299999713897705,0,0.009999978356063366
angle,1780569854650065435,2.0299999713897705,0,0.009999950416386127
angle,1780569854660065308,2.0299999713897705,0,0.009999958798289299
angle,1780569854670067505,2.0299999713897705,0,0.009999933652579784
angle,1780569854680065691,2.0299999713897705,0,0.009999578818678856
angle,1780569854690065856,2.0299999713897705,0,0.010000004433095455
angle,1780569854700066351,2.0299999713897705,0,0.010000004433095455
angle,1780569854710066942,2.0299999713897705,0,0.009999984875321388
angle,1780569854720066657,2.0299999713897705,0,0.009999940171837807
angle,1780569854730066866,2.0299999713897705,0,0.00999997928738594
angle,1780569854740067281,2.0299999713897705,0,0.009999940171837807
angle,1780569854750067468,2.0299999713897705,0,0.00999993272125721
angle,1780569854760068315,2.0299999713897705,0,0.00999994296580553
angle,1780569854770067864,2.0299999713897705,0,0.009999766945838928
angle,1780569854780067806,2.0299999713897705,0,0.009999992325901985
angle,1780569854790068389,2.0299999713897705,0,0.009999968111515045
angle,1780569854800068613,2.0299999713897705,0,0.009999992325901985
angle,1780569854810068667,2.0299999713897705,0,0.010000016540288925
angle,1780569854820068766,2.0299999713897705,0,0.009999948553740978
angle,1780569854830069093,2.0299999713897705,0,0.009999973699450493
angle,1780569854840069346,2.0299999713897705,0,0.009999972768127918
angle,1780569854850070171,2.0299999713897705,0,0.00999999139457941
angle,1780569854860069661,2.0299999713897705,0,0.009999879635870457
angle,1780569854870070359,2.0299999713897705,0,0.010000001639127731
angle,1780569854880070399,2.0299999713897705,0,0.009999959729611874
angle,1780569854890070341,2.0299999713897705,0,0.009999936446547508
angle,1780569854900070619,2.0299999713897705,0,0.00999998115003109
angle,1780569854910071082,2.0299999713897705,0,0.009999983012676239
angle,1780569854920071378,2.0299999713897705,0,0.009999997913837433
angle,1780569854930071515,2.0299999713897705,0,0.009999970905482769
angle,1780569854940072468,2.0299999713897705,0,0.009999978356063366
angle,1780569854950072267,2.0299999713897705,0,0.009999910369515419
angle,1780569854960073682,2.0299999713897705,0,0.009999955072999
angle,1780569854970072591,2.0299999713897705,0,0.009999865666031837
angle,1780569854980072610,2.0299999713897705,0,0.00999997928738594
angle,1780569854990072994,2.0299999713897705,0,0.00999999325722456
angle,1780569855000073395,2.0299999713897705,0,0.009999971836805344
angle,1780569855010074832,2.0299999713897705,0,0.009999952279031277
angle,1780569855020073748,2.0299999713897705,0,0.009999937377870083
angle,1780569855030074110,2.0299999713897705,0,0.009999940171837807
angle,1780569855040074301,2.0299999713897705,0,0.009999974630773067
angle,1780569855050074291,2.0299999713897705,0,0.00999995693564415
angle,1780569855060074481,2.0299999713897705,0,0.009999987669289112
angle,1780569855070074709,2.0299999713897705,0,0.009999950416386127
angle,1780569855080075084,2.0299999713897705,0,0.009999959729611874
angle,1780569855090075458,2.0299999713897705,0,0.009999969974160194
angle,1780569855100075727,2.0299999713897705,0,0.009999996051192284
angle,1780569855110075890,2.0299999713897705,0,0.009999961592257023
angle,1780569855120076353,2.0299999713897705,0,0.00999997928738594
angle,1780569855130076252,2.0299999713897705,0,0.009999978356063366
angle,1780569855140076336,2.0299999713897705,0,0.009999999776482582
angle,1780569855150077570,2.0299999713897705,0,0.010000006295740604
angle,1780569855160077046,2.0299999713897705,0,0.009999995119869709
angle,1780569855170077624,2.0299999713897705,0,0.010000004433095455
angle,1780569855180077898,2.0299999713897705,0,0.009999939240515232
angle,1780569855190077890,2.0299999713897705,0,0.009999963454902172
angle,1780569855200078372,2.0299999713897705,0,0.010000006295740604
angle,1780569855210078246,2.0299999713897705,0,0.009999948553740978
angle,1780569855220078531,2.0299999713897705,0,0.009999946691095829
angle,1780569855230078627,2.0299999713897705,0,0.009999987669289112
angle,1780569855240079107,2.0299999713897705,0,0.009999943897128105
angle,1780569855250079076,2.0299999713897705,0,0.009999987669289112
angle,1780569855260079375,2.0299999713897705,0,0.009999965317547321
angle,1780569855270079598,2.0299999713897705,0,0.009999940171837807
angle,1780569855280080033,2.0299999713897705,0,0.009999936446547508
angle,1780569855290080500,2.0299999713897705,0,0.00999994482845068
angle,1780569855300080848,2.0299999713897705,0,0.009999984875321388
angle,1780569855310080771,2.0299999713897705,0,0.009999874979257584
angle,1780569855320080936,2.0299999713897705,0,0.009999959729611874
angle,1780569855330081116,2.0299999713897705,0,0.009999941103160381
angle,1780569855340081292,2.0299999713897705,0,0.010000006295740604
angle,1780569855350081977,2.0299999713897705,0,0.009999947622418404
angle,1780569855360082027,2.0299999713897705,0,0.00999999325722456
angle,1780569855370082290,2.0299999713897705,0,0.00999994296580553
angle,1780569855380082559,2.0299999713897705,0,0.009999974630773067
angle,1780569855390083613,2.0299999713897705,0,0.009999999776482582
angle,1780569855400083383,2.0299999713897705,0,0.00999999139457941
angle,1780569855410083401,2.0299999713897705,0,0.009999985806643963
angle,1780569855420083718,2.0299999713897705,0,0.009999937377870083
angle,1780569855430084274,2.0299999713897705,0,0.009999973699450493
angle,1780569855440084638,2.0299999713897705,0,0.009999971836805344
angle,1780569855450085242,2.0299999713897705,0,0.009999915026128292
angle,1780569855460084699,2.0299999713897705,0,0.009999938309192657
angle,1780569855470085085,2.0299999713897705,0,0.009999950416386127
angle,1780569855480086527,2.0299999713897705,0,0.009999939240515232
angle,1780569855490087450,2.0299999713897705,0,0.010000004433095455
angle,1780569855500087811,2.0299999713897705,0,0.009999941103160381
angle,1780569855510085965,2.0299999713897705,0,0.009999913163483143
angle,1780569855520086500,2.0299999713897705,0,0.009999955072999
angle,1780569855530086530,2.0299999713897705,0,0.009999951347708702
angle,1780569855540086536,2.0299999713897705,0,0.009999948553740978
angle,1780569855550086825,2.0299999713897705,0,0.009999941103160381
angle,1780569855560087232,2.0299999713897705,0,0.009999966248869896
angle,1780569855570087335,2.0299999713897705,0,0.009999874979257584
angle,1780569855580087373,2.0299999713897705,0,0.00999999139457941
angle,1780569855590087784,2.0299999713897705,0,0.009999960660934448
angle,1780569855600088106,2.0299999713897705,0,0.009999914094805717
angle,1780569855610088627,2.0299999713897705,0,0.009999919682741165
angle,1780569855620088209,2.0299999713897705,0,0.00999999325722456
angle,1780569855630088499,2.0299999713897705,0,0.009999970905482769
angle,1780569855640089027,2.0299999713897705,0,0.010000008158385754
angle,1780569855650089179,2.0299999713897705,0,0.009999939240515232
angle,1780569855660089591,2.0299999713897705,0,0.009999971836805344
angle,1780569855670091003,2.0299999713897705,0,0.009999951347708702
angle,1780569855680089657,2.0299999713897705,0,0.00999991875141859
angle,1780569855690089923,2.0299999713897705,0,0.010000001639127731
angle,1780569855700090146,2.0299999713897705,0,0.009999946691095829
angle,1780569855710090453,2.0299999713897705,0,0.009999995119869709
angle,1780569855720090803,2.0299999713897705,0,0.00999996718019247
angle,1780569855730090739,2.0299999713897705,0,0.009999879635870457
angle,1780569855740090839,2.0299999713897705,0,0.009999961592257023
angle,1780569855750091564,2.0299999713897705,0,0.009999941103160381
angle,1780569855760091657,2.0299999713897705,0,0.00999996904283762
angle,1780569855770091991,2.0299999713897705,0,0.009999964386224747
angle,1780569855780091935,2.0299999713897705,0,0.009999968111515045
angle,1780569855790092561,2.0299999713897705,0,0.009999966248869896
angle,1780569855800092816,2.0299999713897705,0,0.009999921545386314
angle,1780569855810093134,2.0299999713897705,0,0.009999936446547508
angle,1780569855820095259,2.0299999713897705,0,0.009999946691095829
angle,1780569855830095310,2.0299999713897705,0,0.009999948553740978
angle,1780569855840095944,2.0299999713897705,0,0.009999909438192844
angle,1780569855850094883,2.0299999713897705,0,0.009999946691095829
angle,1780569855860097095,2.0299999713897705,0,0.010000010021030903
angle,1780569855870095828,2.0299999713897705,0,0.009999857284128666
angle,1780569855880094838,2.0299999713897705,0,0.00999994482845068
angle,1780569855890095157,2.0299999713897705,0,0.009999948553740978
angle,1780569855900095397,2.0299999713897705,0,0.00999994482845068
angle,1780569855910095436,2.0299999713897705,0,0.009999987669289112
angle,1780569855920095680,2.0299999713897705,0,0.009999965317547321
angle,1780569855930095638,2.0299999713897705,0,0.009999940171837807
angle,1780569855940095969,2.0299999713897705,0,0.009999958798289299
angle,1780569855950096656,2.0299999713897705,0,0.009999985806643963
angle,1780569855960098135,2.0299999713897705,0,0.009999915026128292
angle,1780569855970097217,2.0299999713897705,0,0.009999901987612247
angle,1780569855980097228,2.0299999713897705,0,0.009999983012676239
angle,1780569855990097335,2.0299999713897705,0,0.010000010021030903
angle,1780569856000097610,2.0299999713897705,0,0.009999970905482769
angle,1780569856010098145,2.0299999713897705,0,0.009999951347708702
angle,1780569856020098037,2.0299999713897705,0,0.009999938309192657
angle,1780569856030098263,2.0299999713897705,0,0.00999994482845068
angle,1780569856040098573,2.0299999713897705,0,0.00999996718019247
angle,1780569856050098661,2.0299999713897705,0,0.009999940171837807
angle,1780569856060099824,2.0299999713897705,0,0.009999953210353851
angle,1780569856070099033,2.0299999713897705,0,0.009999980218708515
angle,1780569856080099313,2.0299999713897705,0,0.009999984875321388
angle,1780569856090099452,2.0299999713897705,0,0.009999959729611874
angle,1780569856100100009,2.0299999713897705,0,0.009999994188547134
angle,1780569856110100152,2.0299999713897705,0,0.00999994482845068
angle,1780569856120100480,2.0299999713897705,0,0.009999996982514858
angle,1780569856130100311,2.0299999713897705,0,0.009999958798289299
angle,1780569856140100489,2.0299999713897705,0,0.009999987669289112
angle,1780569856150100820,2.0299999713897705,0,0.009999972768127918
angle,1780569856160101557,2.0299999713897705,0,0.009999971836805344
angle,1780569856170101379,2.0299999713897705,0,0.00999999325722456
angle,1780569856180101850,2.0299999713897705,0,0.009999933652579784
angle,1780569856190101920,2.0299999713897705,0,0.010000004433095455
angle,1780569856200102223,2.0299999713897705,0,0.009999977424740791
angle,1780569856210102786,2.0299999713897705,0,0.009999960660934448
angle,1780569856220102823,2.0299999713897705,0,0.009999952279031277
angle,1780569856230102774,2.0299999713897705,0,0.009999943897128105
angle,1780569856240103161,2.0299999713897705,0,0.009999946691095829
angle,1780569856250103822,2.0299999713897705,0,0.009999986737966537
angle,1780569856260105586,2.0299999713897705,0,0.00999997928738594
angle,1780569856270104095,2.0299999713897705,0,0.009999837726354599
angle,1780569856280104440,2.0299999713897705,0,0.010000006295740604
angle,1780569856290104797,2.0299999713897705,0,0.009999942034482956
angle,1780569856300104817,2.0299999713897705,0,0.009999959729611874
angle,1780569856310105553,2.0299999713897705,0,0.01000005193054676
angle,1780569856320105602,2.0299999713897705,0,0.009999904781579971
angle,1780569856330105721,2.0299999713897705,0,0.009999936446547508
angle,1780569856340106369,2.0299999713897705,0,0.009999999776482582
angle,1780569856350106201,2.0299999713897705,0,0.009999983943998814
angle,1780569856360106789,2.0299999713897705,0,0.00999996904283762
angle,1780569856370106828,2.0299999713897705,0,0.009999902918934822
angle,1780569856380107980,2.0299999713897705,0,0.009999951347708702
angle,1780569856390107123,2.0299999713897705,0,0.009999914094805717
angle,1780569856400107173,2.0299999713897705,0,0.009999953210353851
angle,1780569856410108131,2.0299999713897705,0,0.009999988600611687
angle,1780569856420107674,2.0299999713897705,0,0.009999996982514858
angle,1780569856430108026,2.0299999713897705,0,0.010000001639127731
angle,1780569856440108306,2.0299999713897705,0,0.009999971836805344
angle,1780569856450108494,2.0299999713897705,0,0.009999956004321575
angle,1780569856460108709,2.0299999713897705,0,0.009999960660934448
angle,1780569856470108921,2.0299999713897705,0,0.009999960660934448
angle,1780569856480109176,2.0299999713897705,0,0.009999999776482582
angle,1780569856490109387,2.0299999713897705,0,0.010000007227063179
angle,1780569856500110184,2.0299999713897705,0,0.00999996718019247
angle,1780569856510109916,2.0299999713897705,0,0.009999956004321575
angle,1780569856520110097,2.0299999713897705,0,0.00999996904283762
angle,1780569856530110256,2.0299999713897705,0,0.009999969974160194
angle,1780569856540110683,2.0299999713897705,0,0.009999968111515045
angle,1780569856550110794,2.0299999713897705,0,0.009999948553740978
angle,1780569856560111126,2.0299999713897705,0,0.009999968111515045
angle,1780569856570111573,2.0299999713897705,0,0.00999999139457941
angle,1780569856580111624,2.0299999713897705,0,0.009999995119869709
angle,1780569856590112272,2.0299999713897705,0,0.009999973699450493
angle,1780569856600112404,2.0299999713897705,0,0.009999995119869709
angle,1780569856610112465,2.0299999713897705,0,0.009999974630773067
angle,1780569856620112696,2.0299999713897705,0,0.009999984875321388
angle,1780569856630113022,2.0299999713897705,0,0.010000000707805157
angle,1780569856640113370,2.0299999713897705,0,0.009999950416386127
angle,1780569856650113564,2.0299999713897705,0,0.010000018402934074
angle,1780569856660113870,2.0299999713897705,0,0.00999996904283762
angle,1780569856670115658,2.0299999713897705,0,0.00999999139457941
angle,1780569856680114427,2.0299999713897705,0,0.009999902918934822
angle,1780569856690115033,2.0299999713897705,0,0.009999970905482769
angle,1780569856700114759,2.0299999713897705,0,0.010000006295740604
angle,1780569856710115239,2.0299999713897705,0,0.009999957866966724
angle,1780569856720115303,2.0299999713897705,0,0.009999968111515045
angle,1780569856730115750,2.0299999713897705,0,0.009999965317547321
angle,1780569856740115943,2.0299999713897705,0,0.009999983943998814
angle,1780569856750116349,2.0299999713897705,0,0.009999990463256836
angle,1780569856760116593,2.0299999713897705,0,0.01000000536441803
angle,1780569856770116801,2.0299999713897705,0,0.00999995693564415
angle,1780569856780117291,2.0299999713897705,0,0.009999958798289299
angle,1780569856790117213,2.0299999713897705,0,0.009999998845160007
angle,1780569856800117321,2.0299999713897705,0,0.009999948553740978
angle,1780569856810117835,2.0299999713897705,0,0.009999984875321388
angle,1780569856820120353,2.0299999713897705,0,0.010000016540288925
angle,1780569856830120300,2.0299999713897705,0,0.009999950416386127
angle,1780569856840119167,2.0299999713897705,0,0.009999909438192844
angle,1780569856850118805,2.0299999713897705,0,0.00999996718019247
angle,1780569856860119023,2.0299999713897705,0,0.009999969974160194
angle,1780569856870119437,2.0299999713897705,0,0.010000004433095455
angle,1780569856880119542,2.0299999713897705,0,0.009999994188547134
angle,1780569856890119796,2.0299999713897705,0,0.009999972768127918
angle,1780569856900119858,2.0299999713897705,0,0.009999939240515232
angle,1780569856910120246,2.0299999713897705,0,0.00999994482845068
angle,1780569856920120770,2.0299999713897705,0,0.009999940171837807
angle,1780569856930120492,2.0299999713897705,0,0.009999959729611874
angle,1780569856940120848,2.0299999713897705,0,0.00999999139457941
angle,1780569856950121091,2.0299999713897705,0,0.009999954141676426
angle,1780569856960122442,2.0299999713897705,0,0.009999980218708515
angle,1780569856970121992,2.0299999713897705,0,0.009999972768127918
angle,1780569856980121821,2.0299999713897705,0,0.009999929927289486
angle,1780569856990121761,2.0299999713897705,0,0.009999946691095829
angle,1780569857000122107,2.0299999713897705,0,0.009999975562095642
angle,1780569857010122703,2.0299999713897705,0,0.009999956004321575
angle,1780569857020122478,2.0299999713897705,0,0.009999964386224747
angle,1780569857030122741,2.0299999713897705,0,0.009999952279031277
angle,1780569857040123301,2.0299999713897705,0,0.009999956004321575
angle,1780569857050123315,2.0299999713897705,0,0.009999952279031277
angle,1780569857060123409,2.0299999713897705,0,0.009999936446547508
angle,1780569857070123748,2.0299999713897705,0,0.009999903850257397
angle,1780569857080123706,2.0299999713897705,0,0.009999968111515045
angle,1780569857090124066,2.0299999713897705,0,0.010000008158385754
angle,1780569857100124479,2.0299999713897705,0,0.009999972768127918
angle,1780569857110124488,2.0299999713897705,0,0.009999904781579971
angle,1780569857120124825,2.0299999713897705,0,0.009999982081353664
angle,1780569857130124979,2.0299999713897705,0,0.009999950416386127
angle,1780569857140125671,2.0299999713897705,0,0.009999954141676426
angle,1780569857150125449,2.0299999713897705,0,0.00999994296580553
angle,1780569857160125650,2.0299999713897705,0,0.01000000536441803
angle,1780569857170126090,2.0299999713897705,0,0.009999982081353664
angle,1780569857180126092,2.0299999713897705,0,0.00999996718019247
angle,1780569857190126360,2.0299999713897705,0,0.009999961592257023
angle,1780569857200126589,2.0299999713897705,0,0.009999948553740978
angle,1780569857210126782,2.0299999713897705,0,0.009999917820096016
angle,1780569857220127216,2.0299999713897705,0,0.009999968111515045
angle,1780569857230127493,2.0299999713897705,0,0.009999971836805344
angle,1780569857240127608,2.0299999713897705,0,0.010000009089708328
angle,1780569857250128162,2.0299999713897705,0,0.009999940171837807
angle,1780569857260128009,2.0299999713897705,0,0.010000009089708328
angle,1780569857270128721,2.0299999713897705,0,0.009999945759773254
angle,1780569857280128731,2.0299999713897705,0,0.009999952279031277
angle,1780569857290128792,2.0299999713897705,0,0.009999968111515045
angle,1780569857300129140,2.0299999713897705,0,0.00999998115003109
angle,1780569857310129318,2.0299999713897705,0,0.00999999139457941
angle,1780569857320130059,2.0299999713897705,0,0.009999936446547508
angle,1780569857330129706,2.0299999713897705,0,0.009999957866966724
angle,1780569857340130127,2.0299999713897705,0,0.00999999139457941
angle,1780569857350130789,2.0299999713897705,0,0.009999999776482582
angle,1780569857360130488,2.0299999713897705,0,0.009999987669289112
angle,1780569857370131026,2.0299999713897705,0,0.00999994296580553
angle,1780569857380130958,2.0299999713897705,0,0.009999999776482582
angle,1780569857390131583,2.0299999713897705,0,0.009999980218708515
angle,1780569857400131426,2.0299999713897705,0,0.010000002570450306
angle,1780569857410132098,2.0299999713897705,0,0.009999953210353851
angle,1780569857420131933,2.0299999713897705,0,0.009999914094805717
angle,1780569857430132304,2.0299999713897705,0,0.00999995693564415
angle,1780569857440132754,2.0299999713897705,0,0.00999991875141859
angle,1780569857450132556,2.0299999713897705,0,0.009999942034482956
angle,1780569857460132900,2.0299999713897705,0,0.009999977424740791
angle,1780569857470132992,2.0299999713897705,0,0.009999941103160381
angle,1780569857480133440,2.0299999713897705,0,0.009999950416386127
angle,1780569857490133421,2.0299999713897705,0,0.009999958798289299
angle,1780569857500133563,2.0299999713897705,0,0.009999940171837807
angle,1780569857510133794,2.0299999713897705,0,0.00999997928738594
angle,1780569857520134229,2.0299999713897705,0,0.009999982081353664
angle,1780569857530134400,2.0299999713897705,0,0.009999998845160007
angle,1780569857540134592,2.0299999713897705,0,0.009999975562095642
angle,1780569857550135024,2.0299999713897705,0,0.009999996982514858
angle,1780569857560135220,2.0299999713897705,0,0.009999998845160007
angle,1780569857570135962,2.0299999713897705,0,0.009999960660934448
angle,1780569857580135659,2.0299999713897705,0,0.009999972768127918
angle,1780569857590135903,2.0299999713897705,0,0.009999941103160381
angle,1780569857600136359,2.0299999713897705,0,0.009999965317547321
angle,1780569857610136636,2.0299999713897705,0,0.009999916888773441
angle,1780569857620136818,2.0299999713897705,0,0.009999938309192657
angle,1780569857630137499,2.0299999713897705,0,0.009999907575547695
angle,1780569857640137061,2.0299999713897705,0,0.009999974630773067
angle,1780569857650137592,2.0299999713897705,0,0.010000052861869335
angle,1780569857660137901,2.0299999713897705,0,0.009999964386224747
angle,1780569857670138321,2.0299999713897705,0,0.009999983012676239
angle,1780569857680139529,2.0299999713897705,0,0.009999942034482956
angle,1780569857690138499,2.0299999713897705,0,0.00999992061406374
angle,1780569857700138535,2.0299999713897705,0,0.00999994482845068
angle,1780569857710138713,2.0299999713897705,0,0.009999956004321575
angle,1780569857720139228,2.0299999713897705,0,0.009999984875321388
angle,1780569857730139392,2.0299999713897705,0,0.009999951347708702
angle,1780569857740139597,2.0299999713897705,0,0.010000004433095455
angle,1780569857750139797,2.0299999713897705,0,0.009999978356063366
angle,1780569857760140311,2.0299999713897705,0,0.00999997928738594
angle,1780569857770140468,2.0299999713897705,0,0.009999983012676239
angle,1780569857780140675,2.0299999713897705,0,0.009999954141676426
angle,1780569857790140798,2.0299999713897705,0,0.009999939240515232
angle,1780569857800141305,2.0299999713897705,0,0.009999965317547321
angle,1780569857810141771,2.0299999713897705,0,0.010000009089708328
angle,1780569857820142073,2.0299999713897705,0,0.009999950416386127
angle,1780569857830141989,2.0299999713897705,0,0.00999995693564415
angle,1780569857840142169,2.0299999713897705,0,0.009999945759773254
angle,1780569857850142670,2.0299999713897705,0,0.009999957866966724
angle,1780569857860142665,2.0299999713897705,0,0.00999999325722456
angle,1780569857870143074,2.0299999713897705,0,0.009999934583902359
angle,1780569857880149804,2.0299999713897705,0,0.009999963454902172
angle,1780569857890144081,2.0299999713897705,0,0.009999996982514858
angle,1780569857900144237,2.0299999713897705,0,0.01000000536441803
angle,1780569857910144445,2.0299999713897705,0,0.009999936446547508
angle,1780569857920144945,2.0299999713897705,0,0.009999985806643963
angle,1780569857930145862,2.0299999713897705,0,0.00999998115003109
angle,1780569857940145884,2.0299999713897705,0,0.009999983012676239
angle,1780569857950146243,2.0299999713897705,0,0.009999999776482582
angle,1780569857960147410,2.0299999713897705,0,0.009999985806643963
angle,1780569857970147675,2.0299999713897705,0,0.009999971836805344
angle,1780569857980147339,2.0299999713897705,0,0.009999945759773254
angle,1780569857990147110,2.0299999713897705,0,0.009999939240515232
angle,1780569858000147329,2.0299999713897705,0,0.00999994296580553
angle,1780569858010149140,2.0299999713897705,0,0.010000018402934074
angle,1780569858020148307,2.0299999713897705,0,0.009999980218708515
angle,1780569858030148123,2.0299999713897705,0,0.010000009089708328
angle,1780569858040148733,2.0299999713897705,0,0.010000006295740604
angle,1780569858050149020,2.0299999713897705,0,0.009999937377870083
angle,1780569858060148860,2.0299999713897705,0,0.00999999325722456
angle,1780569858070149128,2.0299999713897705,0,0.009999969974160194
angle,1780569858080149447,2.0299999713897705,0,0.009999971836805344
angle,1780569858090149801,2.0299999713897705,0,0.010000025853514671
angle,1780569858100150175,2.0299999713897705,0,0.009999946691095829
angle,1780569858110150175,2.0299999713897705,0,0.009999947622418404
angle,1780569858120150658,2.0299999713897705,0,0.009999939240515232
angle,1780569858130150523,2.0299999713897705,0,0.00999999139457941
angle,1780569858140150960,2.0299999713897705,0,0.010000001639127731
angle,1780569858150150870,2.0299999713897705,0,0.009999937377870083
angle,1780569858160151184,2.0299999713897705,0,0.009999997913837433
angle,1780569858170151627,2.0299999713897705,0,0.009999992325901985
angle,1780569858180151798,2.0299999713897705,0,0.009999943897128105
angle,1780569858190152180,2.0299999713897705,0,0.010000010021030903
angle,1780569858200152129,2.0299999713897705,0,0.009999992325901985
angle,1780569858210152325,2.0299999713897705,0,0.009999985806643963
angle,1780569858220153004,2.0299999713897705,0,0.009999992325901985
angle,1780569858230155340,2.0299999713897705,0,0.010000033304095268
angle,1780569858240155610,2.0299999713897705,0,0.009999901056289673
angle,1780569858250154221,2.0299999713897705,0,0.009999869391322136
angle,1780569858260153675,2.0299999713897705,0,0.009999940171837807
angle,1780569858270153991,2.0299999713897705,0,0.009999934583902359
angle,1780569858280154569,2.0299999713897705,0,0.009999957866966724
angle,1780569858290154950,2.0299999713897705,0,0.009999983012676239
angle,1780569858300154697,2.0299999713897705,0,0.009999983012676239
angle,1780569858310154915,2.0299999713897705,0,0.009999986737966537
angle,1780569858320155352,2.0299999713897705,0,0.009999966248869896
angle,1780569858330155382,2.0299999713897705,0,0.009999877773225307
angle,1780569858340155865,2.0299999713897705,0,0.009999996982514858
angle,1780569858350155832,2.0299999713897705,0,0.009999983012676239
angle,1780569858360156113,2.0299999713897705,0,0.009999999776482582
angle,1780569858370156411,2.0299999713897705,0,0.009999947622418404
angle,1780569858380156794,2.0299999713897705,0,0.009999999776482582
angle,1780569858390157090,2.0299999713897705,0,0.009999986737966537
angle,1780569858400157096,2.0299999713897705,0,0.00999994296580553
angle,1780569858410159009,2.0299999713897705,0,0.009999945759773254
angle,1780569858420157411,2.0299999713897705,0,0.009999864734709263
angle,1780569858430157780,2.0299999713897705,0,0.009999986737966537
angle,1780569858440158041,2.0299999713897705,0,0.009999975562095642
angle,1780569858450158513,2.0299999713897705,0,0.009999987669289112
angle,1780569858460158365,2.0299999713897705,0,0.009999963454902172
angle,1780569858470158548,2.0299999713897705,0,0.009999957866966724
angle,1780569858480159617,2.0299999713897705,0,0.009999951347708702
angle,1780569858490159007,2.0299999713897705,0,0.009999970905482769
angle,1780569858500159245,2.0299999713897705,0,0.009999973699450493
angle,1780569858510159467,2.0299999713897705,0,0.010000001639127731
angle,1780569858520159893,2.0299999713897705,0,0.009999954141676426
angle,1780569858530160010,2.0299999713897705,0,0.00999999139457941
angle,1780569858540160439,2.0299999713897705,0,0.009999955072999
angle,1780569858550160556,2.0299999713897705,0,0.009999973699450493
angle,1780569858560160610,2.0299999713897705,0,0.009999996051192284
angle,1780569858570160970,2.0299999713897705,0,0.009999934583902359
angle,1780569858580161319,2.0299999713897705,0,0.009999970905482769
angle,1780569858590161254,2.0299999713897705,0,0.00999994296580553
angle,1780569858600161611,2.0299999713897705,0,0.009999943897128105
angle,1780569858610161798,2.0299999713897705,0,0.00999996718019247
angle,1780569858620161905,2.0299999713897705,0,0.009999973699450493
angle,1780569858630163127,2.0299999713897705,0,0.00999994482845068
angle,1780569858640162340,2.0299999713897705,0,0.00999996718019247
angle,1780569858650162568,2.0299999713897705,0,0.009999956004321575
angle,1780569858660162677,2.0299999713897705,0,0.009999982081353664
angle,1780569858670163394,2.0299999713897705,0,0.009999974630773067
angle,1780569858680165409,2.0299999713897705,0,0.009999939240515232
angle,1780569858690164601,2.0299999713897705,0,0.009999953210353851
angle,1780569858700163519,2.0299999713897705,0,0.009999888949096203
angle,1780569858710163941,2.0299999713897705,0,0.009999999776482582
angle,1780569858720164619,2.0299999713897705,0,0.009999938309192657
angle,1780569858730164400,2.0299999713897705,0,0.009999909438192844
angle,1780569858740164361,2.0299999713897705,0,0.009999988600611687
angle,1780569858750164681,2.0299999713897705,0,0.009999938309192657
angle,1780569858760164979,2.0299999713897705,0,0.009999936446547508
angle,1780569858770167565,2.0299999713897705,0,0.010000059381127357
angle,1780569858780167389,2.0299999713897705,0,0.009999864734709263
angle,1780569858790168111,2.0299999713897705,0,0.010000007227063179
angle,1780569858800167818,2.0299999713897705,0,0.009999588131904602
angle,1780569858810168932,2.0299999713897705,0,0.009999986737966537
